ID,flagged_month,date,close_change,Open,High,Low,Close,Volume,OpenInterest
ZM,1972-12,1972-11-30,-0.00170394036209,46.98,47.91,46.64,46.87,4193,20002
ZM,1972-12,1972-12-01,0.0294431406017,47.59,48.72,47.59,48.25,4849,19526
ZM,1972-12,1972-12-04,0.04,48.72,50.18,48.44,50.18,5995,19311
ZM,1972-12,1972-12-05,0.0292945396572,51.37,51.71,50.33,51.65,6742,19554
ZM,1972-12,1972-12-06,0.0178121974831,52.78,53.52,52.4,52.57,5937,19101
ZM,1972-12,1972-12-07,0.0317671675861,52.88,54.48,52.31,54.24,6125,19413
ZM,1972-12,1972-12-08,0.0361356932153,56.2,56.2,55.8,56.2,3478,19430
ZM,1972-12,1972-12-11,0.0336298932384,57.41,58.09,57.41,58.09,5599,20062
ZM,1972-12,1972-12-12,0.0325357204338,59.98,59.98,59.98,59.98,4317,20488
ZM,1972-12,1972-12-13,-0.0255085028343,61.87,61.87,58.09,58.45,6221,20978
ZM,1972-12,1972-12-14,0.0323353293413,58.54,60.34,58.54,60.34,5026,20651
ZM,1972-12,1972-12-15,0.0311567782565,61.19,62.22,61.19,62.22,4268,20141
ZM,1972-12,1972-12-18,0,61.56,63.55,60.81,62.22,4356,20326
ZM,1972-12,1972-12-19,-0.0273224043716,61.85,62.7,60.37,60.52,5385,20206
ZM,1972-12,1972-12-20,0.0234633179114,60.41,62.32,58.64,61.94,6900,21335
ZM,1972-12,1972-12-21,0.0314820794317,63.89,63.89,63.09,63.89,3936,21777
ZM,1972-12,1972-12-22,-0.0322429175145,61.83,63.68,61.83,61.83,3084,21799
ZM,1972-12,1972-12-26,-0.0338023613133,61.8,61.91,59.74,59.74,2113,21449
ZM,1972-12,1972-12-27,0.0154000669568,59.31,61.58,59.27,60.66,4301,21127
ZM,1972-12,1972-12-29,0.0352786020442,62.01,62.8,62.01,62.8,2592,21374
ZM,1972-12,1973-01-02,0.0156050955414,63.68,64.88,62.95,63.78,3803,20941
ZM,1972-12,1973-01-03,-0.0032925682032,63.78,64.09,62.89,63.57,3706,20170
ZM,1972-12,1973-01-04,-0.0224948875256,63.89,64.72,62.14,62.14,3253,20166
ZS,1973-02,1973-01-31,-0.00480848947107,837.91,847.34,831.92,840.28,18411,68780
ZS,1973-02,1973-02-01,0.0163159899081,835.34,856.76,832.77,853.99,20518,68357
ZS,1973-02,1973-02-02,0.0200587828897,855.05,871.12,855.05,871.12,15246,68128
ZS,1973-02,1973-02-05,0.0196758196345,882.47,888.26,882.47,888.26,11281,68157
ZS,1973-02,1973-02-06,0.0192848940625,905.39,905.39,905.39,905.39,4056,57608
ZS,1973-02,1973-02-07,0.0189310683794,921.88,922.53,894.46,922.53,24909,67897
ZS,1973-02,1973-02-08,0.0185685018373,930.44,939.66,915.02,939.66,22363,68109
ZS,1973-02,1973-02-09,0.00888619287828,937.3,954.43,924.24,948.01,19871,67149
ZS,1973-02,1973-02-12,0.0180694296474,945.87,965.14,939.87,965.14,14937,67073
ZS,1973-02,1973-02-13,0.017759081584,982.28,982.28,982.28,982.28,1851,66815
ZS,1973-02,1973-02-14,0.0174390194242,999.41,999.41,999.41,999.41,3372,66719
ZS,1973-02,1973-02-15,0.01715011857,1016.55,1016.55,1016.55,1016.55,3317,66537
ZS,1973-02,1973-02-16,0.0168511140623,1033.68,1033.68,1033.68,1033.68,3245,66610
ZS,1973-02,1973-02-20,0.008706756443,1059.39,1059.39,1035.4,1042.68,19558,65946
ZS,1973-02,1973-02-21,0.0246480224038,1034.97,1068.38,1034.97,1068.38,20292,64895
ZS,1973-02,1973-02-22,0.025636945656,1095.77,1095.77,1084.36,1095.77,12617,66217
ZS,1973-02,1973-02-23,0.0249869954461,1123.15,1123.15,1123.15,1123.15,8895,65560
ZS,1973-02,1973-02-26,0.0243778658238,1150.53,1150.53,1135.47,1150.53,16489,64402
ZS,1973-02,1973-02-27,-0.023198004398,1159.2,1159.2,1123.15,1123.84,20876,62972
ZS,1973-02,1973-02-28,-0.0103573462415,1109.91,1133.65,1101.7,1112.2,20171,61215
ZS,1973-02,1973-03-01,0.024617874483,1117.22,1139.58,1109,1139.58,12839,60704
ZS,1973-02,1973-03-02,0.0120131978448,1166.96,1166.96,1131.82,1153.27,13170,60360
ZS,1973-02,1973-03-05,0.0019769871756,1139.12,1163.77,1131.82,1155.55,14569,61027
ZM,1973-04,1973-03-30,0.0115261769199,73.36,74.1,71.4,72.84,2866,24099
ZM,1973-04,1973-04-02,0.0299286106535,74.67,75.02,73.4,75.02,2419,24402
ZM,1973-04,1973-04-03,0.029058917622,77.2,77.2,77.2,77.2,2102,24371
ZM,1973-04,1973-04-04,0.0283678756477,79.39,79.39,79.39,79.39,2039,24740
ZM,1973-04,1973-04-05,0.0274593777554,81.57,81.57,81.57,81.57,2056,25209
ZM,1973-04,1973-04-06,-0.0192472722815,83.75,83.75,79.69,80,5854,25672
ZM,1973-04,1973-04-09,0.02725,79.91,82.18,79.91,82.18,2390,25397
ZM,1973-04,1973-04-10,0.0122900949136,83.49,84.36,82.18,83.19,3073,25544
ZM,1973-04,1973-04-11,0.0262050727251,82.53,85.37,82.31,85.37,3379,25602
ZM,1973-04,1973-04-12,0.0255359025419,87.55,87.55,87.55,87.55,2337,26218
ZM,1973-04,1973-04-13,0.0204454597373,89.74,89.74,87.77,89.34,3922,25999
ZM,1973-04,1973-04-16,0.0245130960376,91.53,91.53,91.48,91.53,3842,25801
ZM,1973-04,1973-04-17,-0.013438216978,93.01,93.01,90.17,90.3,3243,26031
ZM,1973-04,1973-04-18,-0.0159468438538,88.64,88.86,88.12,88.86,2895,26405
ZM,1973-04,1973-04-19,0.0246455097907,89.52,91.05,89.52,91.05,2911,26536
ZM,1973-04,1973-04-23,0.00878638110928,92.07,92.29,90.73,91.85,1894,26487
ZM,1973-04,1973-04-24,-0.00337506804573,91.4,92.07,90.73,91.54,2198,26743
ZM,1973-04,1973-04-25,0.0243609351103,93.77,93.77,93.77,93.77,316,26712
ZM,1973-04,1973-04-26,0.0236749493441,95.99,95.99,95.99,95.99,469,26745
ZM,1973-04,1973-04-27,0.0232315866236,98.22,98.22,98.22,98.22,2039,26956
ZM,1973-04,1973-04-30,0.0227041335777,100.45,100.45,100.45,100.45,2702,27097
ZM,1973-04,1973-05-01,0.022200099552,102.68,102.68,102.68,102.68,2018,27509
ZM,1973-04,1973-05-02,0.0217179587067,104.91,104.91,104.91,104.91,3174,27371
ZM,1973-04,1973-05-03,0.0212563149366,107.14,107.14,107.14,107.14,2313,27385
ZS,1973-04,1973-03-30,-0.00184711565786,996.73,1004.03,967.52,983.5,10936,58950
ZS,1973-04,1973-04-02,0.0278393492628,991.25,1010.88,991.25,1010.88,9209,61203
ZS,1973-04,1973-04-03,0.0270853118075,1038.26,1038.26,1038.26,1038.26,7542,61649
ZS,1973-04,1973-04-04,0.0263710438618,1065.64,1065.64,1060.62,1065.64,11698,61851
ZS,1973-04,1973-04-05,0.0257028640066,1093.03,1093.03,1093.03,1093.03,10645,61719
ZS,1973-04,1973-04-06,-0.00709953066247,1120.41,1120.41,1066.1,1085.27,21173,61437
ZS,1973-04,1973-04-09,0.0252287449206,1093.48,1112.65,1077.05,1112.65,13657,61655
ZS,1973-04,1973-04-10,0.00204916191075,1140.03,1140.03,1109,1114.93,12708,61754
ZS,1973-04,1973-04-11,0.0104490864897,1098.96,1129.99,1093.48,1126.58,12197,61341
ZS,1973-04,1973-04-12,0.0249072413854,1150.07,1154.64,1139.12,1154.64,13333,61785
ZS,1973-04,1973-04-13,0.00157624887411,1150.07,1175.63,1137.3,1156.46,17211,60435
ZS,1973-04,1973-04-16,0.0175708628055,1166.5,1177,1148.25,1176.78,15010,59804
ZS,1973-04,1973-04-17,-0.00795390812216,1190.24,1190.24,1163.77,1167.42,15151,60203
ZS,1973-04,1973-04-18,-0.00840314539754,1157.38,1159.2,1140.03,1157.61,17015,60292
ZS,1973-04,1973-04-19,0.01793350092,1162.85,1182.93,1162.85,1178.37,13351,60808
ZS,1973-04,1973-04-23,0.0101920449434,1177.41,1191.83,1173.56,1190.38,9976,60822
ZS,1973-04,1973-04-24,-0.00161293032477,1187.98,1193.75,1177.41,1188.46,11098,60584
ZS,1973-04,1973-04-25,0.0242666980799,1217.3,1217.3,1217.3,1217.3,3217,61306
ZS,1973-04,1973-04-26,0.0236835619814,1246.13,1246.13,1246.13,1246.13,5586,62053
ZS,1973-04,1973-04-27,0.0231436527489,1272.56,1274.97,1264.87,1274.97,14593,63023
ZS,1973-04,1973-04-30,0.0226122967599,1303.32,1303.8,1303.32,1303.8,11447,62374
ZS,1973-04,1973-05-01,0.0221122871606,1332.63,1332.63,1332.63,1332.63,10511,62523
ZS,1973-04,1973-05-02,0.0216414158469,1361.47,1361.47,1336,1361.47,14171,61759
ZS,1973-04,1973-05-03,0.0211756410351,1361.47,1390.3,1361.47,1390.3,14604,61200
ZC,1973-05,1973-04-30,0.0272902680944,6529.19,6670.69,6519.09,6665.84,16973,88166
ZC,1973-05,1973-05-01,0.0265037864695,6852.62,6989.27,6791.98,6842.51,25083,88065
ZC,1973-05,1973-05-02,-0.0147708954755,6771.76,6822.3,6690.91,6741.44,19633,89143
ZC,1973-05,1973-05-03,0.0269868158732,6690.91,6973.91,6690.91,6923.37,22979,89590
ZC,1973-05,1973-05-04,0.00291909864705,6872.83,6973.91,6852.62,6943.58,16224,91444
ZC,1973-05,1973-05-07,0.0298693181327,7034.55,7186.15,7034.55,7150.98,23226,93166
ZC,1973-05,1973-05-08,0.031095038722,7196.26,7469.15,7155.83,7373.34,32859,93900
ZC,1973-05,1973-05-09,0,7479.26,7570.22,7267.01,7373.34,29463,93222
ZC,1973-05,1973-05-10,-0.0418358572913,7317.55,7368.08,7054.76,7064.87,26780,92294
ZC,1973-05,1973-05-11,0.00217413766991,7024.44,7095.19,6913.26,7080.23,22196,92905
ZC,1973-05,1973-05-14,0.0220981521787,6994.12,7236.69,6953.69,7236.69,18164,93345
ZC,1973-05,1973-05-15,0.0251399465778,7357.98,7479.26,7317.55,7418.62,28199,91327
ZC,1973-05,1973-05-16,-0.0313360166716,7357.98,7398.4,7115.4,7186.15,25475,89637
ZC,1973-05,1973-05-17,-0.00421922726356,7095.19,7165.94,7004.23,7155.83,21210,88830
ZC,1973-05,1973-05-18,0.0268368588969,7115.4,7378.19,7115.4,7347.87,19109,88085
ZC,1973-05,1973-05-21,0.0419808733687,7479.26,7661.19,7428.73,7656.34,31183,87468
ZC,1973-05,1973-05-22,0.00327310438147,7580.33,7873.44,7509.58,7681.4,33088,86660
ZC,1973-05,1973-05-23,0.00789569609707,7721.83,7984.62,7519.69,7742.05,41489,86392
ZC,1973-05,1973-05-24,0.0267874787685,7762.26,7949.44,7721.83,7949.44,24732,87968
ZC,1973-05,1973-05-25,0.0406858847919,8206.97,8272.87,8136.22,8272.87,22059,87620
ZC,1973-05,1973-05-29,0.0390952595653,8596.3,8596.3,8596.3,8596.3,18908,85687
ZC,1973-05,1973-05-30,-0.0105824598955,8919.73,8919.73,8469.76,8505.33,30804,82806
ZC,1973-05,1973-05-31,0.0380267432304,8368.69,8828.76,8257.51,8828.76,29510,82934
ZC,1973-05,1973-06-01,0.0223009799791,8934.68,9136.83,8853.83,9025.65,21211,83037
ZC,1973-05,1973-06-04,0.0447923418258,9298.54,9429.93,9197.47,9429.93,20734,81399
ZC,1973-05,1973-06-05,0.0375135340347,9834.22,9834.22,9541.11,9783.68,23348,79892
ZM,1973-05,1973-04-30,0.0227041335777,100.45,100.45,100.45,100.45,2702,27097
ZM,1973-05,1973-05-01,0.022200099552,102.68,102.68,102.68,102.68,2018,27509
ZM,1973-05,1973-05-02,0.0217179587067,104.91,104.91,104.91,104.91,3174,27371
ZM,1973-05,1973-05-03,0.0212563149366,107.14,107.14,107.14,107.14,2313,27385
ZM,1973-05,1973-05-04,0.0208138883704,109.37,109.37,109.37,109.37,2996,27373
ZM,1973-05,1973-05-07,0.0407790070403,111.47,113.83,109.68,113.83,3842,27273
ZM,1973-05,1973-05-08,0.0391812351753,118.29,118.29,116.37,118.29,3343,27430
ZM,1973-05,1973-05-09,0.0377039479246,122.75,122.75,122.75,122.75,3039,28143
ZM,1973-05,1973-05-10,0.03633401222,127.21,127.21,127.21,127.21,4023,28135
ZM,1973-05,1973-05-11,-0.033723763855,129.3,130.19,122.75,122.92,3257,28482
ZM,1973-05,1973-05-14,0.0308330621542,118.47,127.07,118.47,126.71,3053,28526
ZM,1973-05,1973-05-15,0.0257280404072,129.97,131.17,128.85,129.97,3730,28741
ZM,1973-05,1973-05-16,-0.0223128414249,128.85,131.08,125.51,127.07,3296,27803
ZM,1973-05,1973-05-17,-0.0350987644605,122.61,124.17,122.61,122.61,4151,28595
ZM,1973-05,1973-05-18,0.0363754995514,121.28,127.07,118.6,127.07,3584,28408
ZM,1973-05,1973-05-21,0.0350987644605,131.53,131.53,131.53,131.53,1511,28225
ZM,1973-05,1973-05-22,0.0339086140044,135.99,135.99,134.43,135.99,4076,27542
ZM,1973-05,1973-05-23,0.0327965291566,140.45,140.45,139.33,140.45,4968,27481
ZM,1973-05,1973-05-24,0.0317550729797,144.91,144.91,144.91,144.91,2694,27707
ZM,1973-05,1973-05-25,0.0307087157546,149.36,149.36,149.36,149.36,533,27527
ZM,1973-05,1973-05-29,0.0447911087306,156.05,156.05,156.05,156.05,3793,28382
ZM,1973-05,1973-05-30,0.0414610701698,162.74,162.74,161.4,162.52,4641,28149
ZM,1973-05,1973-05-31,0.0411641644105,156.5,169.21,155.83,169.21,4724,27946
ZM,1973-05,1973-06-01,0.0408368299746,176.12,178.12,171.66,176.12,3062,27277
ZM,1973-05,1973-06-04,0.086077674313,179.24,191.72,179.24,191.28,2769,26985
ZM,1973-05,1973-06-05,-0.0186637390213,195.73,201.08,187.26,187.71,2900,26522
ZS,1973-05,1973-04-30,0.0226122967599,1303.32,1303.8,1303.32,1303.8,11447,62374
ZS,1973-05,1973-05-01,0.0221122871606,1332.63,1332.63,1332.63,1332.63,10511,62523
ZS,1973-05,1973-05-02,0.0216414158469,1361.47,1361.47,1336,1361.47,14171,61759
ZS,1973-05,1973-05-03,0.0211756410351,1361.47,1390.3,1361.47,1390.3,14604,61200
ZS,1973-05,1973-05-04,0.0031144357333,1372.52,1399.43,1372.52,1394.63,11583,60977
ZS,1973-05,1973-05-07,0.0275700364971,1393.67,1433.08,1391.75,1433.08,12821,60073
ZS,1973-05,1973-05-08,0.0268233455215,1451.34,1471.52,1439.8,1471.52,14298,59344
ZS,1973-05,1973-05-09,0.026129444384,1509.97,1509.97,1509.97,1509.97,10782,59341
ZS,1973-05,1973-05-10,0.0254574594197,1548.41,1548.41,1548.41,1548.41,16560,60997
ZS,1973-05,1973-05-11,-0.0105527605737,1586.86,1586.86,1509.97,1532.07,17710,60202
ZS,1973-05,1973-05-14,0.0250967645081,1493.63,1570.52,1493.63,1570.52,15247,59852
ZS,1973-05,1973-05-15,0.0244823370603,1608.97,1608.97,1587.82,1608.97,15028,58335
ZS,1973-05,1973-05-16,0.00119331000578,1595.51,1645.49,1580.13,1610.89,18817,58190
ZS,1973-05,1973-05-17,-0.0238687930275,1572.44,1593.59,1572.44,1572.44,15013,58333
ZS,1973-05,1973-05-18,0.0244524433365,1547.45,1610.89,1547.45,1610.89,14348,58067
ZS,1973-05,1973-05-21,0.0238625852789,1649.33,1649.33,1649.33,1649.33,2357,57671
ZS,1973-05,1973-05-22,0.0233124965895,1687.78,1687.78,1687.78,1687.78,8175,58600
ZS,1973-05,1973-05-23,0.0227814051594,1726.23,1726.23,1726.23,1726.23,8819,59163
ZS,1973-05,1973-05-24,0.0222681797906,1764.67,1764.67,1764.67,1764.67,5983,59897
ZS,1973-05,1973-05-25,0.0217887763718,1803.12,1803.12,1803.12,1803.12,686,59873
ZS,1973-05,1973-05-29,0.0426427525622,1880.01,1880.01,1880.01,1880.01,5721,61257
ZS,1973-05,1973-05-30,0.0408987186238,1956.9,1956.9,1956.9,1956.9,18909,59244
ZS,1973-05,1973-05-31,0.0392917369309,1903.08,2033.79,1880.01,2033.79,16127,58235
ZS,1973-05,1973-06-01,0.0704202498783,2114.53,2181.81,2076.08,2177.01,15217,56613
ZS,1973-05,1973-06-04,0.0693152534899,2239.48,2329.83,2210.65,2327.91,11307,56538
ZS,1973-05,1973-06-05,-0.0256023643526,2422.1,2479.77,2258.7,2268.31,15813,56026
ZC,1973-07,1973-06-29,0.00503085607255,8466.23,8768.6,8423.04,8628.21,20406,83039
ZC,1973-07,1973-07-02,0.0500625274536,8747,9060.16,8725.4,9060.16,18276,84555
ZC,1973-07,1973-07-03,0.0226463991806,9114.16,9308.54,8930.58,9265.34,21281,83111
ZC,1973-07,1973-07-05,-0.0466199837243,9373.33,9416.52,8833.39,8833.39,24537,82149
ZC,1973-07,1973-07-06,-0.0158919735232,8747,8811.79,8466.23,8693.01,24244,81149
ZC,1973-07,1973-07-09,0.0111790967686,8725.4,8854.99,8649.81,8790.19,16002,80823
ZC,1973-07,1973-07-10,-0.0221121500218,8595.82,8693.01,8487.83,8595.82,18530,78909
ZC,1973-07,1973-07-11,0.0502511685912,8682.21,9027.77,8682.21,9027.77,19346,78521
ZC,1973-07,1973-07-12,0.0263154688256,9200.55,9459.72,9157.35,9265.34,29691,77433
ZC,1973-07,1973-07-13,0.0372959869794,9416.52,9697.29,9416.52,9610.9,21855,77274
ZC,1973-07,1973-07-16,0.0393261817312,9891.67,10021.25,9718.89,9988.86,22594,77119
ZC,1973-07,1973-07-17,-0.0324331305074,9934.86,10021.25,9610.9,9664.89,27829,76098
ZC,1973-07,1973-07-18,0.0139898126104,9502.91,9826.88,9416.52,9800.1,25495,77673
ZC,1973-07,1973-07-19,0.0440760808563,10232.05,10232.05,10232.05,10232.05,4337,77616
ZC,1973-07,1973-07-20,0.0422153918325,10664,10664,10539.59,10664,25838,77199
ZC,1973-07,1973-07-23,0.0405054388597,11095.95,11095.95,11095.95,11095.95,21693,78154
ZC,1973-07,1973-07-24,0.0189582685574,11446.69,11527.9,10971.55,11306.31,24210,78016
ZC,1973-07,1973-07-25,0.0382043301484,11738.26,11738.26,11738.26,11738.26,13621,77667
ZC,1973-07,1973-07-26,0.0229991497888,12170.21,12170.21,11662.67,12008.23,23752,78009
ZC,1973-07,1973-07-27,-0.0359711631106,11662.67,11878.64,11576.28,11576.28,22389,78642
ZC,1973-07,1973-07-30,0.0373133683705,11144.33,12008.23,11144.33,12008.23,21912,78039
ZC,1973-07,1973-07-31,0.0359711631106,12267.4,12440.18,12116.21,12440.18,19451,79754
ZC,1973-07,1973-08-01,-0.0347221663995,12785.74,12785.74,12008.23,12008.23,29592,79405
ZC,1973-07,1973-08-02,-0.0242808473855,11662.67,12105.42,11619.47,11716.66,24252,80127
ZC,1973-07,1973-08-03,0.0368663083165,11921.84,12148.61,11921.84,12148.61,18798,80653
ZL,1973-07,1973-06-29,-0.039950062422,30.28,30.88,30.28,30.76,7817,39579
ZL,1973-07,1973-07-02,0.0325097529259,30.88,31.85,30.85,31.76,5822,38584
ZL,1973-07,1973-07-03,0.0273929471033,32.28,33.16,32.28,32.63,7576,36820
ZL,1973-07,1973-07-05,-0.0536316273368,33.07,33.16,30.88,30.88,7498,35708
ZL,1973-07,1973-07-06,-0.0113341968912,30.79,31.06,30.27,30.53,5635,35173
ZL,1973-07,1973-07-09,-0.0288241074353,30.62,30.62,29.48,29.65,4128,34782
ZL,1973-07,1973-07-10,0.0165261382799,29.65,30.44,29.48,30.14,4332,34244
ZL,1973-07,1973-07-11,0.0328467153285,30.35,31.32,30.18,31.13,5680,33900
ZL,1973-07,1973-07-12,0.0157404433023,31.41,32.11,31.41,31.62,6098,33273
ZL,1973-07,1973-07-13,0.0154965211891,31.76,32.37,31.76,32.11,4175,33267
ZL,1973-07,1973-07-16,0.0551230146372,32.46,33.88,32.46,33.88,5852,32603
ZL,1973-07,1973-07-17,0.0150531286895,34.65,34.83,33.86,34.39,5965,31767
ZL,1973-07,1973-07-18,0.0439081128235,34.48,36.14,34.21,35.9,5971,31608
ZL,1973-07,1973-07-19,0.0487465181058,37.65,37.65,37.2,37.65,3037,31968
ZL,1973-07,1973-07-20,0.0252324037185,39.41,39.41,37.2,38.6,6748,31551
ZL,1973-07,1973-07-23,0.0453367875648,39.48,40.35,38.25,40.35,5647,31099
ZL,1973-07,1973-07-24,0.00793060718711,40.79,42.02,39.92,40.67,5876,30741
ZL,1973-07,1973-07-25,0.0432751413819,40.71,42.43,40.18,42.43,5727,30141
ZL,1973-07,1973-07-26,-0.0261607353288,43.43,43.86,40.71,41.32,9492,30625
ZL,1973-07,1973-07-27,0.0275895450145,40.79,42.99,40.18,42.46,6389,30611
ZL,1973-07,1973-07-30,0.0310880829016,41.41,43.86,41.41,43.78,5087,30875
ZL,1973-07,1973-07-31,0.0399725902238,44.57,45.53,44.21,45.53,6585,31897
ZL,1973-07,1973-08-01,0.00658906215682,46.67,46.93,44.74,45.83,7276,30851
ZL,1973-07,1973-08-02,0.0133100589134,45.79,47.2,44.74,46.44,5688,31776
ZL,1973-07,1973-08-03,0.0193798449612,47.11,48.08,47.02,47.34,5322,32547
ZW,1973-07,1973-06-29,0.034749077059,25452.81,26538.01,25452.81,26439.36,4397,21991
ZW,1973-07,1973-07-02,0.0373133086429,26784.65,27425.9,26661.33,27425.9,4451,21978
ZW,1973-07,1973-07-03,0.0112590653361,27919.17,28017.83,27277.92,27734.69,5772,21815
ZW,1973-07,1973-07-05,-0.0213425857653,27943.84,28264.46,26981.96,27142.76,7754,21522
ZW,1973-07,1973-07-06,-0.0208991274285,27031.28,27302.58,26266.71,26575.5,6149,21530
ZW,1973-07,1973-07-09,-0.0301804293428,26538.01,26636.67,25748.78,25773.44,5733,22249
ZW,1973-07,1973-07-10,-0.0119425268804,25230.84,25650.12,25156.85,25465.64,6325,22214
ZW,1973-07,1973-07-11,0.0387400434468,25551.47,26452.18,25551.47,26452.18,6082,21551
ZW,1973-07,1973-07-12,0.0209600872215,27129.94,27438.73,26735.32,27006.62,6350,21454
ZW,1973-07,1973-07-13,0.0210044796424,27376.57,27820.52,27129.94,27573.88,6965,21556
ZW,1973-07,1973-07-16,0.0371376824734,27919.17,28634.42,27771.19,28597.91,8935,21815
ZW,1973-07,1973-07-17,-0.0344969265237,28511.1,28535.76,27611.37,27611.37,7937,21341
ZW,1973-07,1973-07-18,0.0200801336551,27327.25,28313.79,27228.59,28165.81,7508,20924
ZW,1973-07,1973-07-19,0.0350261540499,29152.35,29152.35,29152.35,29152.35,402,20832
ZW,1973-07,1973-07-20,0.0304568928405,30138.89,30138.89,29398.99,30040.24,8245,20544
ZW,1973-07,1973-07-23,0.0328406164531,30237.55,31026.78,29990.91,31026.78,3936,20316
ZW,1973-07,1973-07-24,0.0317967252805,31668.04,32013.33,31273.42,32013.33,6886,19520
ZW,1973-07,1973-07-25,0.0308165379859,32999.87,32999.87,32654.58,32999.87,2422,19413
ZW,1973-07,1973-07-26,0.0284007179422,33986.41,33986.41,33690.45,33937.09,3459,19401
ZW,1973-07,1973-07-27,0,33690.45,34331.7,32950.54,33937.09,7254,18755
ZW,1973-07,1973-07-30,0.029069669792,33937.09,34923.63,33937.09,34923.63,2677,18547
ZW,1973-07,1973-07-31,0.0282484953597,35910.17,35910.17,35910.17,35910.17,713,18561
ZW,1973-07,1973-08-01,0.0274727187312,36896.72,36896.72,36896.72,36896.72,3624,17907
ZW,1973-07,1973-08-02,0.0267378780553,37587.3,37883.26,36502.1,37883.26,8491,18498
ZW,1973-07,1973-08-03,0.0260415814267,38869.8,38869.8,38869.8,38869.8,1889,18669
CT,1973-08,1973-07-31,0.00685038144169,129.38,131.63,127.75,129.34,1749,17555
CT,1973-08,1973-08-01,0.0074222978197,129.96,131.63,128.89,130.3,1148,17630
CT,1973-08,1973-08-02,-0.0132770529547,130.81,131.94,127.85,128.57,1315,17698
CT,1973-08,1973-08-03,0.0213891265459,127.24,131.32,127.24,131.32,1224,17826
CT,1973-08,1973-08-06,0.0311452939385,135.41,135.41,135.41,135.41,221,17710
CT,1973-08,1973-08-07,0.030204563917,139.5,139.5,139.5,139.5,528,17928
CT,1973-08,1973-08-08,0,143.08,143.59,139.5,139.5,1896,17823
CT,1973-08,1973-08-09,0.0154121863799,137.56,141.65,137.56,141.65,1421,17833
CT,1973-08,1973-08-10,0.028803388634,144.71,145.73,144.71,145.73,855,18065
CT,1973-08,1973-08-13,0.0280656007685,149.82,149.82,149.82,149.82,723,17288
CT,1973-08,1973-08-14,0.00066746762782,147.47,149.92,145.84,149.92,1698,18111
CT,1973-08,1973-08-15,0.00887139807898,150.13,151.66,148.9,151.25,1961,18283
CT,1973-08,1973-08-16,0.00515702479339,149.82,153.5,149.82,152.03,1620,18377
CT,1973-08,1973-08-17,0.0217720186805,151.25,155.34,151.25,155.34,1378,18360
CT,1973-08,1973-08-20,0.0263293420883,159.43,159.43,159.43,159.43,487,18447
CT,1973-08,1973-08-21,0.0159944803362,163.52,163.52,159.63,161.98,1495,18544
CT,1973-08,1973-08-22,0.0221014940116,165.56,165.56,163.62,165.56,1362,18633
CT,1973-08,1973-08-23,0.024704034791,169.65,169.65,169.65,169.65,571,18563
CT,1973-08,1973-08-24,0.0241084585912,173.74,173.74,173.74,173.74,393,18619
CT,1973-08,1973-08-27,0,177.82,177.82,173.74,173.74,1539,18507
CT,1973-08,1973-08-28,-0.0214113042477,170.88,173.12,169.65,170.02,1730,18847
CT,1973-08,1973-08-29,0.0170568168451,170.47,172.92,168.83,172.92,2185,19093
CT,1973-08,1973-08-30,0.0236525560953,177.01,177.01,174.96,177.01,1445,19149
CT,1973-08,1973-08-31,0.0231060392068,181.1,181.1,180.18,181.1,1657,19025
CT,1973-08,1973-09-04,0.0225289895086,185.18,185.18,185.18,185.18,1023,19266
CT,1973-08,1973-09-05,0.00696619505346,189.27,189.27,185.18,186.47,1801,19491
CT,1973-08,1973-09-06,-0.00252051268301,188.45,190.09,186,186,1702,19217
ZW,1973-08,1973-07-31,0.0282484953597,35910.17,35910.17,35910.17,35910.17,713,18561
ZW,1973-08,1973-08-01,0.0274727187312,36896.72,36896.72,36896.72,36896.72,3624,17907
ZW,1973-08,1973-08-02,0.0267378780553,37587.3,37883.26,36502.1,37883.26,8491,18498
ZW,1973-08,1973-08-03,0.0260415814267,38869.8,38869.8,38869.8,38869.8,1889,18669
ZW,1973-08,1973-08-06,0.0253808869611,39856.35,39856.35,39856.35,39856.35,459,18720
ZW,1973-08,1973-08-07,0.0247523920279,40842.89,40842.89,40842.89,40842.89,242,18760
ZW,1973-08,1973-08-08,0.024154510124,41829.43,41829.43,41829.43,41829.43,170,18790
ZW,1973-08,1973-08-09,0.0235848301065,42815.97,42815.97,42815.97,42815.97,990,18973
ZW,1973-08,1973-08-10,0.0460830386419,44789.06,44789.06,44789.06,44789.06,96,18955
ZW,1973-08,1973-08-13,0.0440529450719,46762.15,46762.15,46762.15,46762.15,47,18964
ZW,1973-08,1973-08-14,0.0421939538708,48735.23,48735.23,48735.23,48735.23,2611,18892
ZW,1973-08,1973-08-15,-0.0111334244242,50708.32,50708.32,47058.11,48192.64,10229,18250
ZW,1973-08,1973-08-16,-0.0409417288615,46367.53,48044.65,46219.55,46219.55,5630,18287
ZW,1973-08,1973-08-17,0.0426895112566,48192.64,48192.64,46367.53,48192.64,5276,17751
ZW,1973-08,1973-08-20,0.0409415213609,50165.72,50165.72,50165.72,50165.72,1311,18122
ZW,1973-08,1973-08-21,0.0393314398757,50511.01,52138.81,48833.89,52138.81,9334,17608
ZW,1973-08,1973-08-22,-0.0400400392721,51669.09,53756.73,50051.17,50051.17,6847,16985
ZW,1973-08,1973-08-23,0.0156411928033,48537.63,51773.47,47963.53,50834.03,8237,17136
ZW,1973-08,1973-08-24,0.0410677650385,52086.62,52921.67,50103.36,52921.67,4984,16651
ZW,1973-08,1973-08-27,-0.0197238673685,53861.11,54383.02,50938.41,51877.85,5240,17017
ZW,1973-08,1973-08-28,-0.0331991399027,49894.59,51251.56,49790.21,50155.55,4262,17493
ZW,1973-08,1973-08-29,0.0353797336486,50520.89,52243.19,49372.68,51930.04,6198,17798
ZW,1973-08,1973-08-30,-0.0316581693371,51355.94,52608.53,50207.74,50286.03,5768,17553
ZW,1973-08,1973-08-31,0.0326931754207,50729.65,52086.62,49790.21,51930.04,5795,18079
ZW,1973-08,1973-09-04,-0.0402010088958,51460.32,51669.09,49842.4,49842.4,6917,18473
ZW,1973-08,1973-09-05,-0.0418848209557,47754.76,48850.77,47754.76,47754.76,6880,18730
ZW,1973-08,1973-09-06,0.0371585994778,46449.99,49790.21,46136.84,49529.26,7704,18747
ZL,1974-01,1973-12-31,-0.00728787090057,77.58,78.87,75.54,76.28,2735,26566
ZL,1974-01,1974-01-02,0.0267435762978,75.54,78.5,74.43,78.32,6494,26913
ZL,1974-01,1974-01-03,0.00804392236977,79.43,80.72,77.76,78.95,6468,26173
ZL,1974-01,1974-01-04,0.044585180494,79.61,82.65,79.24,82.47,6381,25511
ZL,1974-01,1974-01-07,0.044864799321,83.69,86.17,83.24,86.17,7857,26693
ZL,1974-01,1974-01-08,-0.0128815132877,87.02,87.02,84.06,85.06,8667,26379
ZL,1974-01,1974-01-09,-0.0436162708676,84.43,86.28,81.35,81.35,9234,24591
ZL,1974-01,1974-01-10,0.0446220036878,82.76,85.06,81.1,84.98,7749,27015
ZL,1974-01,1974-01-11,0.00353024240998,85.72,86.09,83.69,85.28,6787,27358
ZL,1974-01,1974-01-14,0.0260318949343,86.09,88.13,84.98,87.5,5294,27376
ZL,1974-01,1974-01-15,-0.0161142857143,87.39,87.39,85.91,86.09,5841,27744
ZL,1974-01,1974-01-16,-0.00859565570914,84.8,86.65,83.32,85.35,7463,28012
ZL,1974-01,1974-01-17,0.0434680726421,86.09,89.06,86.09,89.06,6059,27808
ZL,1974-01,1974-01-18,0.019874242084,89.8,92.02,88.87,90.83,6812,27452
ZL,1974-01,1974-01-21,0.040845535616,91.65,94.54,91.65,94.54,4780,28859
ZL,1974-01,1974-01-22,0.0391368732812,97.57,98.24,96.39,98.24,9045,28899
ZL,1974-01,1974-01-23,0.0203583061889,98.5,101.94,96.46,100.24,9902,28226
ZL,1974-01,1974-01-24,-0.000698324022346,99.98,101.09,98.13,100.17,7112,28649
ZL,1974-01,1974-01-25,0.0369372067485,103.87,103.87,103.87,103.87,1950,28893
ZL,1974-01,1974-01-28,0.0320593049004,107.57,107.57,105.35,107.2,8120,29704
ZL,1974-01,1974-01-29,-0.0345149253731,104.61,105.53,103.5,103.5,7529,28667
ZL,1974-01,1974-01-30,-0.0107246376812,102.76,104.79,100.35,102.39,8384,28233
ZL,1974-01,1974-01-31,0.0295927336654,103.13,105.53,102.39,105.42,5908,28618
ZL,1974-01,1974-02-01,0.035192563081,105.91,109.13,105.53,109.13,6703,28813
ZL,1974-01,1974-02-04,0.0162191881243,108.13,111.46,107.39,110.9,6868,29247
ZL,1974-01,1974-02-05,-0.0100090171326,109.98,111.83,107.2,109.79,8572,29650
ZI,1974-02,1974-01-31,0.0252538592475,6797.6,6986.9,6775.2,6986.9,7330,64016
ZI,1974-02,1974-02-01,0.0246318109605,7021.3,7159,7021.3,7159,4835,64238
ZI,1974-02,1974-02-04,0.024039670345,7331.1,7331.1,7331.1,7331.1,1430,64579
ZI,1974-02,1974-02-05,0.0352061764265,7589.2,7589.2,7589.2,7589.2,2274,65151
ZI,1974-02,1974-02-06,0.0340220313076,7632.2,7847.4,7399.9,7847.4,6472,64376
ZI,1974-02,1974-02-07,0.0230139918954,7950.6,8105.5,7833.6,8028,6342,65092
ZI,1974-02,1974-02-08,0.0321624314898,8286.2,8286.2,8200.1,8286.2,2668,65237
ZI,1974-02,1974-02-11,0.0311481740726,8544.3,8544.3,8544.3,8544.3,3620,64633
ZI,1974-02,1974-02-13,0.0302189763936,8802.5,8802.5,8802.5,8802.5,3817,63243
ZI,1974-02,1974-02-14,0.0293212155638,9060.6,9060.6,8862.7,9060.6,5992,63880
ZI,1974-02,1974-02-15,0.0284859722314,9318.7,9318.7,9318.7,9318.7,4101,64130
ZI,1974-02,1974-02-19,0.00831661068604,9232.7,9576.9,9060.6,9396.2,5060,63382
ZI,1974-02,1974-02-20,0.0274685511164,9465,9654.3,9439.2,9654.3,4602,62675
ZI,1974-02,1974-02-21,0.0267342013403,9912.4,9912.4,9912.4,9912.4,2311,61835
ZI,1974-02,1974-02-22,0.0222246882692,10132.7,10132.7,10078.2,10132.7,2814,61731
ZI,1974-02,1974-02-25,0.0252449988651,10388.5,10388.5,10342.5,10388.5,4061,59943
ZI,1974-02,1974-02-26,0.0246233816239,10644.3,10644.3,10644.3,10644.3,3544,59385
ZI,1974-02,1974-02-27,-0.026276974531,10985.4,10985.4,10316.9,10364.6,6142,57687
ZI,1974-02,1974-02-28,-0.034222256527,10023.6,10023.6,10009.9,10009.9,4066,57014
ZI,1974-02,1974-03-01,-0.0327076194567,9950.3,10009.9,9682.5,9682.5,4477,56490
ZI,1974-02,1974-03-04,-0.0352181771237,9711.5,9720,9341.5,9341.5,4053,55756
ZI,1974-02,1974-03-05,-0.0365144784028,9000.4,9000.4,9000.4,9000.4,3741,55332
ZP,1974-02,1974-01-31,0.0266249021143,626.7,657.2,623.3,655.5,1163,7291
ZP,1974-02,1974-02-01,0.00762776506484,655.5,670.7,650,660.5,1139,7364
ZP,1974-02,1974-02-04,0.0513247539743,674.1,694.4,674.1,694.4,929,7480
ZP,1974-02,1974-02-05,0.048819124424,721.5,728.3,711.4,728.3,590,7504
ZP,1974-02,1974-02-06,-0.0465467527118,728.3,728.3,694.4,694.4,1672,7646
ZP,1974-02,1974-02-07,0.0195852534562,711.4,728.3,694.4,708,1940,7642
ZP,1974-02,1974-02-08,0.0477401129944,741.8,741.8,728.6,741.8,1354,7909
ZP,1974-02,1974-02-11,0.0456996495012,775.7,775.7,775.7,775.7,325,7931
ZP,1974-02,1974-02-12,0.0437024622921,809.6,809.6,809.6,809.6,1135,8170
ZP,1974-02,1974-02-13,-0.0208745059289,826.5,826.5,792.7,792.7,1152,8184
ZP,1974-02,1974-02-14,-0.0107228459695,802.8,802.8,768.9,784.2,1568,8260
ZP,1974-02,1974-02-15,0.0432287681714,818.1,818.1,806.2,818.1,846,8356
ZP,1974-02,1974-02-19,-0.0166238846107,796,818.1,784.2,804.5,1400,8375
ZP,1974-02,1974-02-20,0.0252330640149,792.7,824.8,791,824.8,1052,8525
ZP,1974-02,1974-02-21,0.0411008729389,858.7,858.7,858.7,858.7,543,8631
ZP,1974-02,1974-02-22,0.0394782811226,892.6,892.6,887.5,892.6,777,8896
ZP,1974-02,1974-02-25,0.0379789379341,926.5,926.5,926.5,926.5,424,9037
ZP,1974-02,1974-02-26,0.0364813815434,960.3,960.3,960.3,960.3,238,9201
ZP,1974-02,1974-02-27,0,994.2,994.2,960.3,960.3,1629,9271
ZP,1974-02,1974-02-28,-0.0351973341664,926.5,926.5,926.5,926.5,468,9210
ZP,1974-02,1974-03-01,-0.0365893146249,892.6,892.6,892.6,892.6,627,9124
ZP,1974-02,1974-03-04,-0.0379789379341,858.7,858.7,858.7,858.7,313,9087
ZP,1974-02,1974-03-05,-0.0394782811226,824.8,824.8,824.8,824.8,109,9085
ZZ,1974-06,1974-05-31,-0.0214755184185,39.085,39.22,38.344,38.411,3713,10585
ZZ,1974-06,1974-06-03,0.0219468381453,37.872,39.49,37.805,39.254,5384,10965
ZZ,1974-06,1974-06-04,-0.0111580985377,39.422,39.692,38.748,38.816,4121,10943
ZZ,1974-06,1974-06-05,-0.0364540395713,38.614,38.748,37.131,37.401,4502,10793
ZZ,1974-06,1974-06-06,-0.0234485708938,37.401,37.468,36.322,36.524,4470,10580
ZZ,1974-06,1974-06-07,-0.055333479356,35.918,36.289,34.503,34.503,4208,10406
ZZ,1974-06,1974-06-10,-0.00292728168565,34.638,35.581,33.425,34.402,4133,10390
ZZ,1974-06,1974-06-11,-0.0587756525783,33.02,33.088,32.38,32.38,2823,9690
ZZ,1974-06,1974-06-12,0.0228844966028,33.357,34.098,32.616,33.121,4053,10003
ZZ,1974-06,1974-06-13,0.0376498294134,33.694,35.143,33.492,34.368,3421,10100
ZZ,1974-06,1974-06-14,0.053916433892,34.233,36.255,33.627,36.221,4610,10650
ZZ,1974-06,1974-06-17,0.0558239695204,38.243,38.243,38.243,38.243,637,10612
ZZ,1974-06,1974-06-18,0.0211541981539,39.894,40.265,38.546,39.052,5670,10450
ZZ,1974-06,1974-06-19,-0.0422769640479,38.546,38.95,37.03,37.401,4296,10143
ZZ,1974-06,1974-06-20,0.0486350632336,38.277,39.422,38.074,39.22,4478,10167
ZZ,1974-06,1974-06-21,0.0506884242733,40.029,41.242,39.961,41.208,4020,10307
ZZ,1974-06,1974-06-24,0.0490681421083,43.23,43.23,43.23,43.23,298,10126
ZZ,1974-06,1974-06-25,0.0467499421698,45.251,45.251,44.678,45.251,3054,10118
ZZ,1974-06,1974-06-26,0.0446840953791,46.161,47.273,45.891,47.273,2295,9926
ZZ,1974-06,1974-06-27,0.0453535844986,49.417,49.417,49.417,49.417,570,9862
ZZ,1974-06,1974-06-28,0.0216929396766,51.561,51.561,50.024,50.489,7479,9219
ZZ,1974-06,1974-07-01,0.0424646952802,52.633,52.633,52.633,52.633,1612,9129
ZZ,1974-06,1974-07-02,-0.0407349001577,50.489,52.025,50.489,50.489,3763,8742
ZZ,1974-06,1974-07-03,0.0205193210402,51.025,52.454,50.739,51.525,4532,8698
ZC,1974-07,1974-06-28,0.00521280070328,13024.59,13252.29,12865.2,13172.59,22696,71376
ZC,1974-07,1974-07-01,0.0345725479955,13206.75,13628,13206.75,13628,14982,71145
ZC,1974-07,1974-07-02,-0.0125315526856,13525.53,13753.24,13388.91,13457.22,25329,70513
ZC,1974-07,1974-07-03,0.0160746424596,13616.61,13707.7,13457.22,13673.54,20117,70664
ZC,1974-07,1974-07-05,0,13525.53,13684.93,13434.45,13673.54,12544,70248
ZC,1974-07,1974-07-08,0.0333059324798,14128.95,14128.95,14049.25,14128.95,13728,70452
ZC,1974-07,1974-07-09,-0.0153104087706,13980.94,14208.64,13844.32,13912.63,22216,69884
ZC,1974-07,1974-07-10,-0.0253683164147,13753.24,13844.32,13502.76,13559.69,20417,68791
ZC,1974-07,1974-07-11,0.0142739251414,13639.38,13776.01,13479.99,13753.24,15662,68383
ZC,1974-07,1974-07-12,0.0289735364176,14208.64,14208.64,14026.48,14151.72,16265,68328
ZC,1974-07,1974-07-15,0.0321798339707,14117.56,14607.12,14117.56,14607.12,22565,68990
ZC,1974-07,1974-07-16,-0.00857390094694,14618.51,14868.98,14390.8,14481.88,32943,67904
ZC,1974-07,1974-07-17,-0.0117919772847,14436.34,14572.97,14231.41,14311.11,22651,67472
ZC,1974-07,1974-07-18,0.031821431042,14436.34,14766.51,14436.34,14766.51,12889,67289
ZC,1974-07,1974-07-19,0.0246727222614,15221.92,15221.92,14800.67,15130.84,28590,69619
ZC,1974-07,1974-07-22,-0.0142966286075,14675.43,15073.91,14675.43,14914.52,25372,69543
ZC,1974-07,1974-07-23,0.0175573870296,14937.29,15347.15,14823.44,15176.38,26892,69697
ZC,1974-07,1974-07-24,0.0300071558567,15392.69,15631.78,15392.69,15631.78,19353,71174
ZC,1974-07,1974-07-25,0.029133598349,16087.19,16087.19,16087.19,16087.19,9116,71564
ZC,1974-07,1974-07-26,0.0283082377967,16542.59,16542.59,16542.59,16542.59,22397,74930
ZC,1974-07,1974-07-29,0.0275295464616,16998,16998,16998,16998,4593,75097
ZC,1974-07,1974-07-30,-0.0100470643605,17453.4,17453.4,16542.59,16827.22,33891,75728
ZC,1974-07,1974-07-31,0.0270638881526,17214.32,17282.63,17032.15,17282.63,19199,77215
ZC,1974-07,1974-08-01,-0.0263507348129,17305.4,17305.4,16827.22,16827.22,21248,75564
ZC,1974-07,1974-08-02,-0.0270632938774,16371.82,16371.82,16371.82,16371.82,3490,75627
ZC,1974-07,1974-08-05,-0.0278166996705,16030.26,16713.37,15916.41,15916.41,29955,75530
ZL,1974-07,1974-06-28,-0.0121880441091,135.68,137.36,133.53,136.16,6695,34102
ZL,1974-07,1974-07-01,0.0351792009401,138.31,140.95,138.31,140.95,6319,33699
ZL,1974-07,1974-07-02,0.0312167435261,142.62,145.73,141.66,145.35,8234,33932
ZL,1974-07,1974-07-03,0.0256621947024,147.41,149.56,144.54,149.08,6546,33280
ZL,1974-07,1974-07-05,-0.0160316608532,144.3,147.41,144.3,146.69,4863,32820
ZL,1974-07,1974-07-08,0.0326538959711,151.48,151.48,150.04,151.48,2901,32324
ZL,1974-07,1974-07-09,0.00567731713758,150.76,154.35,149.56,152.34,6607,31397
ZL,1974-07,1974-07-10,-0.0213995011159,149.32,151,147.89,149.08,6681,32664
ZL,1974-07,1974-07-11,-0.0070431982828,147.41,149.8,146.21,148.03,6780,32257
ZL,1974-07,1974-07-12,0.0323583057488,152.82,152.82,152.82,152.82,1050,32170
ZL,1974-07,1974-07-15,0.0312786284518,157.6,157.6,156.98,157.6,3509,32223
ZL,1974-07,1974-07-16,0.0243020304569,158.89,162.39,156.02,161.43,8076,32997
ZL,1974-07,1974-07-17,0.0198847797807,160.33,166.07,158.89,164.64,7816,32294
ZL,1974-07,1974-07-18,0.0290330417881,164.88,169.42,164.88,169.42,2668,32269
ZL,1974-07,1974-07-19,0.028272931177,174.21,174.21,173.01,174.21,7031,31976
ZL,1974-07,1974-07-22,0.02743814936,169.9,178.99,169.9,178.99,7217,31452
ZL,1974-07,1974-07-23,0.0267612715794,178.52,183.78,177.08,183.78,5072,29521
ZL,1974-07,1974-07-24,0.0260637719012,188.57,188.57,188.57,188.57,968,31039
ZL,1974-07,1974-07-25,0.0253486768839,193.35,193.35,193.35,193.35,466,31043
ZL,1974-07,1974-07-26,0.0371347297647,200.53,200.53,200.53,200.53,493,31201
ZL,1974-07,1974-07-29,0.0358051164414,207.71,207.71,207.71,207.71,2130,31742
ZL,1974-07,1974-07-30,-0.00991767367965,214.89,214.89,200.53,205.65,10801,31914
ZL,1974-07,1974-07-31,0.0232920009725,209.39,210.44,206.99,210.44,6148,31905
ZL,1974-07,1974-08-01,-0.0124976240259,209.86,209.86,205.8,207.81,7531,31175
ZL,1974-07,1974-08-02,-0.0230499013522,203.02,203.02,203.02,203.02,2561,30962
ZL,1974-07,1974-08-05,-0.00802876563885,201.01,207.81,198.23,201.39,7733,30845
ZM,1974-07,1974-06-28,-0.0145580589255,57.7,57.7,55.98,56.86,2626,23032
ZM,1974-07,1974-07-01,0.066830812522,59.68,61.8,58.94,60.66,3759,23185
ZM,1974-07,1974-07-02,-0.0202769535114,59.18,61.4,58.69,59.43,3659,23274
ZM,1974-07,1974-07-03,0.0430758875989,60.91,62.14,60.17,61.99,3778,22970
ZM,1974-07,1974-07-05,-0.0214550733989,59.18,61.16,58.2,60.66,2980,22954
ZM,1974-07,1974-07-08,0.0812726673261,63.62,65.59,63.62,65.59,3087,22896
ZM,1974-07,1974-07-09,-0.0239365756975,64.11,65.59,63.37,64.02,3665,22657
ZM,1974-07,1974-07-10,-0.027803811309,62.14,63.37,62.14,62.24,3046,22542
ZM,1974-07,1974-07-11,0.0102827763496,62.14,63.87,61.16,62.88,3651,22511
ZM,1974-07,1974-07-12,0.078403307888,67.81,67.81,66.83,67.81,3266,22671
ZM,1974-07,1974-07-15,0.0436513788527,69.29,72.01,69.05,70.77,4912,22631
ZM,1974-07,1974-07-16,-0.0292496820687,70.03,70.92,67.07,68.7,4701,22249
ZM,1974-07,1974-07-17,-0.00436681222707,67.57,70.28,67.07,68.4,4143,22429
ZM,1974-07,1974-07-18,0.0722222222222,71.02,73.34,70.53,73.34,2182,22504
ZM,1974-07,1974-07-19,0.0672211617126,78.27,78.27,76.2,78.27,6954,23013
ZM,1974-07,1974-07-22,-0.0157148332695,74.47,78.42,73.98,77.04,5488,23321
ZM,1974-07,1974-07-23,0.00506230529595,76.69,78.42,74.96,77.43,4943,23513
ZM,1974-07,1974-07-24,0.063670411985,81.38,82.36,81.38,82.36,1964,23489
ZM,1974-07,1974-07-25,0.0598591549296,87.29,87.29,87.29,87.29,359,23406
ZM,1974-07,1974-07-26,0.0565929659755,92.23,92.23,92.23,92.23,467,23423
ZM,1974-07,1974-07-29,0.0801257725252,99.62,99.62,99.62,99.62,3551,23915
ZM,1974-07,1974-07-30,-0.0741818911865,106.53,106.53,92.23,92.23,7207,24080
ZM,1974-07,1974-07-31,0.0801257725252,96.17,99.62,93.21,99.62,5010,24202
ZM,1974-07,1974-08-01,-0.0494880546075,99.13,99.13,94.69,94.69,3732,23937
ZM,1974-07,1974-08-02,-0.0520646319569,89.76,89.76,89.76,89.76,1146,23960
ZM,1974-07,1974-08-05,-0.0549242424242,84.83,94.69,84.83,84.83,4446,23845
ZS,1974-07,1974-06-28,-0.00954391485126,1237.17,1242.58,1219.87,1233.93,12288,46278
ZS,1974-07,1974-07-01,0.0350506106505,1254.47,1277.18,1254.47,1277.18,10993,44812
ZS,1974-07,1974-07-02,0.0177813620633,1280.43,1312.87,1276.1,1299.89,45040,44294
ZS,1974-07,1974-07-03,0.0332797390548,1338.83,1343.15,1321.52,1343.15,13139,44300
ZS,1974-07,1974-07-05,-0.00563600491382,1308.55,1338.83,1308.55,1335.58,8420,44426
ZS,1974-07,1974-07-08,0.0323904221387,1375.59,1378.84,1375.59,1378.84,3623,44490
ZS,1974-07,1974-07-09,0.00470685503757,1373.43,1399.39,1369.11,1385.33,16045,43769
ZS,1974-07,1974-07-10,-0.0308374177994,1353.97,1362.62,1342.07,1342.61,11296,42998
ZS,1974-07,1974-07-11,0.0012066050454,1343.15,1353.97,1324.77,1344.23,12519,43033
ZS,1974-07,1974-07-12,0.0321819926649,1387.49,1387.49,1387.49,1387.49,1188,43208
ZS,1974-07,1974-07-15,0.031178603089,1430.75,1430.75,1430.75,1430.75,1804,43366
ZS,1974-07,1974-07-16,0.0302358902673,1474.01,1474.01,1455.62,1474.01,14591,44562
ZS,1974-07,1974-07-17,0.00733373586339,1457.78,1516.18,1457.78,1484.82,18227,43370
ZS,1974-07,1974-07-18,0.0437022669414,1509.69,1549.71,1509.69,1549.71,10226,44501
ZS,1974-07,1974-07-19,0.0418658974905,1614.59,1614.59,1598.37,1614.59,16301,44962
ZS,1974-07,1974-07-22,0.00803919261237,1574.58,1628.65,1571.34,1627.57,15859,44523
ZS,1974-07,1974-07-23,0.018604422544,1624.33,1669.75,1607.02,1657.85,16452,43778
ZS,1974-07,1974-07-24,0.0260940374582,1701.11,1701.11,1701.11,1701.11,1813,44021
ZS,1974-07,1974-07-25,0.0254304542328,1744.37,1744.37,1744.37,1744.37,936,43819
ZS,1974-07,1974-07-26,0.0247940517207,1787.62,1787.62,1787.62,1787.62,1632,44315
ZS,1974-07,1974-07-29,0.0362996610018,1852.51,1852.51,1852.51,1852.51,892,44387
ZS,1974-07,1974-07-30,0.00992167383712,1917.4,1917.4,1787.62,1870.89,17441,44102
ZS,1974-07,1974-07-31,0.034684027388,1892.52,1935.78,1892.52,1935.78,10097,45406
ZS,1974-07,1974-08-01,-0.0223475808201,1944.43,1944.43,1892.52,1892.52,14856,44518
ZS,1974-07,1974-08-02,-0.0228531270475,1849.27,1849.27,1849.27,1849.27,2164,44338
ZS,1974-07,1974-08-05,-0.0233930145409,1810.33,1892.52,1806.01,1806.01,12802,44982
ZL,1974-09,1974-08-30,-0.00481575672312,184.29,185.87,180.85,183.92,4275,28386
ZL,1974-09,1974-09-03,-0.0287081339713,184.81,186.93,178.64,178.64,5855,28488
ZL,1974-09,1974-09-04,-0.0147783251232,176.37,176.63,173.36,176,4374,28159
ZL,1974-09,1974-09-05,0.0119886363636,175.57,178.48,170.72,178.11,6004,28074
ZL,1974-09,1974-09-06,0.016899668744,178.21,183.39,176.63,181.12,6553,28428
ZL,1974-09,1974-09-09,0.0291519434629,177.69,186.4,177.42,186.4,6018,28502
ZL,1974-09,1974-09-10,0.0232296137339,187.45,191.68,186.4,190.73,5423,27939
ZL,1974-09,1974-09-11,0.0229643999371,190.62,195.38,189.3,195.11,5879,27666
ZL,1974-09,1974-09-12,0.0270616575265,200.39,200.39,200.39,200.39,1852,27173
ZL,1974-09,1974-09-13,0.0263486201906,199.34,205.67,199.34,205.67,6199,26474
ZL,1974-09,1974-09-16,0.00335488889969,205.94,210.69,200.39,206.36,9171,26827
ZL,1974-09,1974-09-17,-0.0233087807715,205.94,210.16,201.08,201.55,6327,26401
ZL,1974-09,1974-09-18,-0.0023319275614,201.18,203.82,199.6,201.08,6637,26514
ZL,1974-09,1974-09-19,0.0176049333599,200.66,204.88,199.6,204.62,5395,26465
ZL,1974-09,1974-09-20,0.0258039292347,205.14,209.9,203.3,209.9,5349,26789
ZL,1974-09,1974-09-23,0.0256788947118,215.29,215.29,215.29,215.29,546,26753
ZL,1974-09,1974-09-24,0.025082446932,220.69,220.69,220.69,220.69,2979,26947
ZL,1974-09,1974-09-25,0.0367030676515,228.79,228.79,225.39,228.79,6624,26633
ZL,1974-09,1974-09-26,0.0354036452642,228.09,236.89,226.47,236.89,5457,26240
ZL,1974-09,1974-09-27,0.0341930853983,244.99,244.99,244.02,244.99,4586,26942
ZL,1974-09,1974-09-30,0.0220417159884,250.39,250.39,250.39,250.39,3653,26366
ZL,1974-09,1974-10-01,-0.0114621190942,255.78,255.78,245.63,247.52,8505,26345
ZL,1974-09,1974-10-02,0.0218164188752,249.68,252.92,249.68,252.92,8186,27127
ZL,1974-09,1974-10-03,0.0213506247035,255.62,258.32,255.62,258.32,3386,26625
KC,1975-07,1975-06-30,-0.00270586270252,299.89,300.43,298.27,298.54,104,2880
KC,1975-07,1975-07-01,-0.0148388825618,296.65,297.19,293.41,294.11,176,2864
KC,1975-07,1975-07-02,-0.0152663969263,295.03,296.11,289.08,289.62,300,2779
KC,1975-07,1975-07-03,-0.0102548166563,289.08,289.35,284.49,286.65,431,2702
KC,1975-07,1975-07-07,0.0203732775161,289.62,293.14,289.62,292.49,237,2703
KC,1975-07,1975-07-08,0.015145816951,295.57,297.19,295.03,296.92,367,2768
KC,1975-07,1975-07-09,-0.0103731644888,294.49,294.54,291.79,293.84,232,2799
KC,1975-07,1975-07-10,-0.00605771848625,291.79,293.41,291.79,292.06,230,2745
KC,1975-07,1975-07-11,0.0123947134151,295.84,298.27,295.03,295.68,233,2750
KC,1975-07,1975-07-14,-0.00128517316017,297.73,298.54,293.41,295.3,184,2726
KC,1975-07,1975-07-15,-0.00311547578733,297.73,298.54,293.41,294.38,169,2697
KC,1975-07,1975-07-16,0.009545485427,295.84,299.08,295.84,297.19,183,2733
KC,1975-07,1975-07-17,0.0363740368115,308,308,308,308,183,2760
KC,1975-07,1975-07-18,0.0350649350649,318.8,318.8,318.8,318.8,28,2755
KC,1975-07,1975-07-21,0.0339084065245,329.61,329.61,329.61,329.61,211,2760
KC,1975-07,1975-07-22,0.06556233124,351.22,351.22,351.22,351.22,93,2778
KC,1975-07,1975-07-23,0.0615568589488,372.84,372.84,372.84,372.84,21,2744
KC,1975-07,1975-07-24,0.0579605192576,394.45,394.45,394.45,394.45,39,2724
KC,1975-07,1975-07-25,0.0548104956268,416.07,416.07,416.07,416.07,263,2714
KC,1975-07,1975-07-28,0.0519383757541,437.68,437.68,432.55,437.68,1203,2697
KC,1975-07,1975-07-29,0.0151937488576,448.49,453.89,443.08,444.33,307,2650
KC,1975-07,1975-07-30,0.0148313190647,439.84,454.43,434.92,450.92,562,2597
KC,1975-07,1975-07-31,0.00718531003282,453.89,455.78,448.49,454.16,382,2544
KC,1975-07,1975-08-01,0.0101065703717,456.59,460.37,453.89,458.75,407,2479
KC,1975-07,1975-08-04,0.0353351498638,472.26,479.56,471.18,474.96,325,2414
KC,1975-07,1975-08-05,-0.0284445005895,459.29,467.94,459.29,461.45,306,2393
CT,1976-06,1976-05-28,0.00683540877098,148.42,149.08,147.43,148.77,4638,25059
CT,1976-06,1976-06-01,0.00396585333064,149.73,151.6,148.64,149.36,5862,25318
CT,1976-06,1976-06-02,0.0120514193894,151.27,152.14,150.17,151.16,6189,25596
CT,1976-06,1976-06-03,0.0057554908706,151.27,152.34,150.61,152.03,4875,24810
CT,1976-06,1976-06-04,0.0288758797606,153.68,156.42,153.46,156.42,5722,25645
CT,1976-06,1976-06-07,0.0280015343306,158.72,160.8,158.39,160.8,5207,26095
CT,1976-06,1976-06-08,0.00547263681592,160.15,163.87,159.16,161.68,7304,26510
CT,1976-06,1976-06-09,0.0271523998021,165.52,166.07,164.86,166.07,4666,26992
CT,1976-06,1976-06-10,0.0263744204251,170.45,170.45,170.45,170.45,2704,27427
CT,1976-06,1976-06-11,0.0221179231446,174.83,174.83,166.07,174.22,5971,27846
CT,1976-06,1976-06-14,-0.0175066008495,175.93,176.04,171,171.17,5202,28531
CT,1976-06,1976-06-15,0.00333002278437,172.35,174.27,171.74,171.74,4962,28888
CT,1976-06,1976-06-16,0.0263188540818,171.78,176.26,171.78,176.26,3287,29192
CT,1976-06,1976-06-17,-0.0209349824123,178.67,180.71,172.01,172.57,8313,29880
CT,1976-06,1976-06-18,-0.0117633424118,171.9,172.57,169.41,170.54,4192,29838
CT,1976-06,1976-06-21,0.0265040459716,169.64,175.06,169.64,175.06,3354,29966
CT,1976-06,1976-06-22,0.00839712098709,178.42,178.42,175.51,176.53,5314,30021
CT,1976-06,1976-06-23,0.0108763382994,176.19,180.14,174.61,178.45,6436,30760
CT,1976-06,1976-06-24,0.0252731857663,182.96,182.96,182.96,182.96,1133,30567
CT,1976-06,1976-06-25,0.0247048535199,187.48,187.48,187.48,187.48,1117,30642
CT,1976-06,1976-06-28,0.0193087262641,192,192,185.22,191.1,5648,31563
CT,1976-06,1976-06-29,0.0101517530089,192.56,193.24,188.84,193.04,4720,31819
CT,1976-06,1976-06-30,0.0105159552424,194.26,195.84,192.34,195.07,4616,32043
CT,1976-06,1976-07-01,0.0231711693238,194.82,199.59,194.37,199.59,1765,32217
CT,1976-06,1976-07-02,0.0226464251716,204.11,204.11,204.11,204.11,2064,32670
CT,1976-06,1976-07-06,0.0220959286659,208.62,208.62,204.42,208.62,4858,33850
JO,1977-01,1976-12-30,0.00230547550432,52.05,52.68,52.05,52.17,417,5201
JO,1977-01,1977-01-03,-0.0216599578302,51.67,51.67,50.66,51.04,548,5093
JO,1977-01,1977-01-04,-0.0260579937304,50.72,50.85,48.64,49.71,1050,4926
JO,1977-01,1977-01-05,-0.011265338966,50.03,50.22,48.89,49.15,321,4883
JO,1977-01,1977-01-06,-0.00528992878942,49.27,49.27,48.89,48.89,371,4902
JO,1977-01,1977-01-07,0,49.34,49.59,48.83,48.89,454,5000
JO,1977-01,1977-01-10,0.0220904070362,49.65,50.6,49.65,49.97,525,5042
JO,1977-01,1977-01-11,-0.0468280968581,48.64,48.64,47.26,47.63,773,5003
JO,1977-01,1977-01-12,0.00545874448877,47.7,48.26,47.38,47.89,539,4973
JO,1977-01,1977-01-13,0.0131551472124,47.89,48.52,47.89,48.52,236,5008
JO,1977-01,1977-01-14,0.0232893652102,48.89,49.78,48.89,49.65,500,5083
JO,1977-01,1977-01-17,0.0761329305136,53.43,53.43,51.67,53.43,1556,5538
JO,1977-01,1977-01-18,0.0707467714767,57.21,57.21,57.21,57.21,194,5541
JO,1977-01,1977-01-19,0.0660723649712,60.99,60.99,60.99,60.99,134,5426
JO,1977-01,1977-01-20,0.0619773733399,64.77,64.77,64.77,64.77,58,5469
JO,1977-01,1977-01-21,0.0583603520148,68.55,68.55,68.55,68.55,1028,5435
JO,1977-01,1977-01-24,0.0551422319475,72.33,72.33,72.33,72.33,129,5441
JO,1977-01,1977-01-25,0.0522604728328,76.11,76.11,76.11,76.11,153,5438
JO,1977-01,1977-01-26,0.0496649586125,79.89,79.89,79.89,79.89,443,5586
JO,1977-01,1977-01-27,0.0474402303167,83.68,83.68,83.68,83.68,467,5800
JO,1977-01,1977-01-28,0.04517208413,87.46,87.46,87.46,87.46,1543,5885
JO,1977-01,1977-01-31,0.0179510633432,86.7,89.47,83.68,89.03,1730,5677
JO,1977-01,1977-02-01,0.012018420757,88.59,91.49,88.34,90.1,2139,5826
JO,1977-01,1977-02-02,-0.0160932297447,90.8,90.98,88.21,88.65,1609,6190
JO,1977-01,1977-02-03,-0.00496333897349,88.34,88.65,86.45,88.21,1629,6692
ZP,1978-10,1978-09-29,0,672.3,677,670.6,676.7,765,8466
ZP,1978-10,1978-10-02,0.0109354219004,672.7,688.5,672.5,684.1,1091,8505
ZP,1978-10,1978-10-03,0.0154948107002,687.6,695.9,687.6,694.7,1421,8423
ZP,1978-10,1978-10-04,0.012235497337,704.1,706.2,696.6,703.2,1725,8415
ZP,1978-10,1978-10-05,-0.00341296928328,705.3,706.5,697,700.8,1335,8287
ZP,1978-10,1978-10-06,-0.000285388127854,701.3,701.7,696.1,700.6,902,8126
ZP,1978-10,1978-10-09,0.0191264630317,702.9,715.9,699.4,714,1685,8355
ZP,1978-10,1978-10-10,0.0330532212885,731.2,737.6,727.7,737.6,1653,8327
ZP,1978-10,1978-10-11,0.0319956616052,759.5,761.2,758.4,761.2,966,8242
ZP,1978-10,1978-10-12,0.0055176037835,764.3,779.6,728.9,765.4,2734,8077
ZP,1978-10,1978-10-13,-0.00574862816828,773.7,778.2,751.3,761,2675,8243
ZP,1978-10,1978-10-16,0.0272010512484,759.5,784.5,757.2,781.7,1754,7842
ZP,1978-10,1978-10-17,0.0208519892542,792.6,804.4,789,798,2418,7896
ZP,1978-10,1978-10-18,0.0189223057644,806.7,816.9,804.4,813.1,1813,8094
ZP,1978-10,1978-10-19,-0.00639527733366,794.9,816.4,790.4,807.9,504,7968
ZP,1978-10,1978-10-20,0.00556999628667,818.5,824.4,811.4,812.4,1514,7950
ZP,1978-10,1978-10-23,0.00233874938454,811.9,820.9,804.4,814.3,1483,8042
ZP,1978-10,1978-10-24,-0.00638585287977,805.5,811.2,798.5,809.1,1551,8178
ZP,1978-10,1978-10-25,0.0291682115931,832.7,832.7,826.8,832.7,1378,8358
ZP,1978-10,1978-10-26,0.0283415395701,856.3,856.3,856.3,856.3,378,8359
ZP,1978-10,1978-10-27,0.0326988205068,879.8,888.1,849.2,884.3,3414,8703
ZP,1978-10,1978-10-30,0.0266877756418,907.9,907.9,907.9,907.9,338,8632
ZP,1978-10,1978-10-31,-0.0111245731909,905.8,919.9,884.3,897.8,4177,8373
ZP,1978-10,1978-11-01,-0.0262864780575,874.2,874.2,874.2,874.2,208,8378
ZP,1978-10,1978-11-02,-0.0269961107298,850.6,850.6,850.6,850.6,332,8415
ZP,1978-10,1978-11-03,-0.0416176816365,815.2,815.2,815.2,815.2,1045,8471
KC,1979-06,1979-05-31,0.0282433002629,1893.83,1912.13,1884.69,1900.79,1494,10278
KC,1979-06,1979-06-01,0.123022532736,2122.56,2134.76,2073.76,2134.63,1045,10299
KC,1979-06,1979-06-04,0.0498915502921,2281.14,2317.74,2238.44,2241.13,868,10151
KC,1979-06,1979-06-05,0.0156751281719,2232.35,2278.09,2214.05,2276.26,1166,10052
KC,1979-06,1979-06-06,5.27180550551e-05,2275.04,2293.34,2257.96,2276.38,1024,10126
KC,1979-06,1979-06-07,-0.0113601419798,2226.25,2255.52,2226.25,2250.52,2466,9696
KC,1979-06,1979-06-08,0.0128992410643,2258.08,2293.34,2258.08,2279.55,2730,9730
KC,1979-06,1979-06-11,-0.00677765348424,2269.73,2272.73,2254.88,2264.1,1540,9738
KC,1979-06,1979-06-12,0.000636014310322,2233.8,2269.73,2206.85,2265.54,2978,9509
KC,1979-06,1979-06-13,0.0211472761461,2287.7,2313.45,2287.7,2313.45,2167,9503
KC,1979-06,1979-06-14,0.0207093302211,2361.36,2361.36,2361.36,2361.36,1758,9451
KC,1979-06,1979-06-15,0.00517498390758,2433.23,2433.23,2365.55,2373.58,2489,9481
KC,1979-06,1979-06-18,-0.0161486025329,2341.6,2344.59,2317.64,2335.25,1484,9393
KC,1979-06,1979-06-19,0.0205160047104,2350.58,2383.16,2350.58,2383.16,1895,9301
KC,1979-06,1979-06-20,0.019096493731,2395.5,2431.07,2395.5,2428.67,1641,9427
KC,1979-06,1979-06-21,0.0187921784351,2476.58,2476.58,2464.97,2474.31,1515,9523
KC,1979-06,1979-06-22,-0.00600167319374,2470.36,2474.55,2456.58,2459.46,2236,9461
KC,1979-06,1979-06-25,0.0177721938962,2461.37,2507.37,2461.37,2503.17,1937,8522
KC,1979-06,1979-06-26,0.00603235097896,2509.28,2524.25,2485.33,2518.27,1885,8337
KC,1979-06,1979-06-27,0.0156456615057,2503.89,2560.19,2503.29,2557.67,1979,8604
KC,1979-06,1979-06-28,0.0187318926992,2599.11,2605.58,2584.14,2605.58,2203,8532
KC,1979-06,1979-06-29,0.0183414057523,2650.02,2653.49,2642.23,2653.37,1828,8761
KC,1979-06,1979-07-02,-0.0180562831418,2638.04,2641.03,2605.46,2605.46,1517,8554
KC,1979-06,1979-07-03,-0.00914617764234,2557.55,2587.14,2557.55,2581.63,2357,8467
KC,1979-06,1979-07-05,0.0160518742035,2587.14,2629.54,2587.14,2623.07,3482,8861
ZI,1979-09,1979-08-31,0.0116482954896,11137.9,11560.8,11137.9,11481.5,20213,157913
ZI,1979-09,1979-09-04,0.0368331663981,11887.5,11904.4,11788.1,11904.4,13454,156134
ZI,1979-09,1979-09-05,0.0355246799503,12327.3,12327.3,12211,12327.3,20560,156631
ZI,1979-09,1979-09-06,0.0343059712995,12750.2,12750.2,12105.3,12750.2,27138,158168
ZI,1979-09,1979-09-07,0.0107763015482,12369.6,12961.6,12337.8,12887.6,22393,157722
ZI,1979-09,1979-09-10,0.0328144883454,12951,13310.5,12834.7,13310.5,16660,158077
ZI,1979-09,1979-09-11,0.0238308102626,13268.2,13733.4,13225.9,13627.7,17764,159609
ZI,1979-09,1979-09-12,-0.0302618930561,13479.7,13691.1,13204.8,13215.3,19924,161811
ZI,1979-09,1979-09-13,0.0320007869666,13056.8,13638.2,13056.8,13638.2,20459,165257
ZI,1979-09,1979-09-14,0.0310084908566,14061.1,14061.1,14045.3,14061.1,9840,166650
ZI,1979-09,1979-09-17,0.0451173805748,14589.7,14695.5,14505.2,14695.5,18978,173389
ZI,1979-09,1979-09-18,0.0575482290497,15541.2,15541.2,15541.2,15541.2,10943,174673
ZI,1979-09,1979-09-19,0.0544230818727,15541.2,16387,15541.2,16387,14652,168596
ZI,1979-09,1979-09-20,0.0129065722829,17232.8,17232.8,16387,16598.5,12152,167904
ZI,1979-09,1979-09-21,0.025478205862,16175.6,17021.4,16175.6,17021.4,20093,172534
ZI,1979-09,1979-09-24,0.0173898739234,17444.3,17444.3,16598.5,17317.4,11415,172370
ZI,1979-09,1979-09-25,-0.0366279002622,16809.9,17317.4,16683.1,16683.1,13682,170310
ZI,1979-09,1979-09-26,0.0202780058862,16281.3,17074.2,16281.3,17021.4,11830,169855
ZI,1979-09,1979-09-27,0.0248451948723,17444.3,17444.3,17444.3,17444.3,2817,167957
ZI,1979-09,1979-09-28,0.0181778575237,17708.6,17867.1,17602.8,17761.4,6893,167572
ZI,1979-09,1979-10-01,0.0238100600178,18184.3,18184.3,18184.3,18184.3,1342,166921
ZI,1979-09,1979-10-02,0.00581270656555,18607.2,18607.2,17761.4,18290,14120,168583
ZI,1979-09,1979-10-03,0.000579551667578,18004.6,18501.5,17867.1,18300.6,10222,169951
ZP,1979-09,1979-08-31,-0.0175734710087,983.9,1012.1,983.9,989.5,2098,9849
ZP,1979-09,1979-09-04,0.00990399191511,1012.8,1012.8,998.1,999.3,1638,9676
ZP,1979-09,1979-09-05,0.0118082657861,1014.4,1016.7,988.8,1011.1,2738,9711
ZP,1979-09,1979-09-06,-0.0229453070913,1016.7,1021.4,987.9,987.9,3480,9616
ZP,1979-09,1979-09-07,-0.013665350744,964.6,992.3,964.6,974.4,2677,9602
ZP,1979-09,1979-09-10,0.0238095238095,970.2,997.6,967.9,997.6,2572,10019
ZP,1979-09,1979-09-11,-0.00791900561347,988.8,1012.1,988.8,989.7,2984,9975
ZP,1979-09,1979-09-12,-0.0216227139537,984.1,991.1,966.5,968.3,2645,10092
ZP,1979-09,1979-09-13,0.0240627904575,958.6,991.6,955.1,991.6,2743,9973
ZP,1979-09,1979-09-14,-0.0178499394917,1000.4,1014.9,968.3,973.9,3396,10310
ZP,1979-09,1979-09-17,0.0239244275593,986.5,997.2,986.5,997.2,1355,10131
ZP,1979-09,1979-09-18,0.0232651423987,1020.4,1020.4,1020.4,1020.4,316,10113
ZP,1979-09,1979-09-19,0.0342022736182,1023.7,1055.3,1012.1,1055.3,4761,9961
ZP,1979-09,1979-09-20,0.0441580593196,1077.2,1101.9,1077.2,1101.9,2624,10061
ZP,1979-09,1979-09-21,0.0421998366458,1077.2,1148.4,1077.2,1148.4,3729,9950
ZP,1979-09,1979-09-24,0.0406652734239,1190.2,1195.1,1178.5,1195.1,1620,10114
ZP,1979-09,1979-09-25,0.0347251276044,1190.2,1241.8,1190.2,1236.6,3865,9940
ZP,1979-09,1979-09-26,0.0366327025716,1220.5,1283.3,1220.5,1281.9,3349,9653
ZP,1979-09,1979-09-27,0.0181761447851,1305.2,1305.2,1305.2,1305.2,440,9199
ZP,1979-09,1979-09-28,0.0179282868526,1328.6,1328.6,1320.9,1328.6,1573,8563
ZP,1979-09,1979-10-01,0.0263435194942,1363.6,1363.6,1363.6,1363.6,632,8228
ZP,1979-09,1979-10-02,-0.0188471692578,1410.2,1410.2,1316.9,1337.9,3020,8431
ZP,1979-09,1979-10-03,-0.017415352418,1325.5,1329,1314.6,1314.6,1662,8492
ZI,1979-12,1979-11-30,0.0433140992139,19563.6,19563.6,19563.6,19563.6,6416,134207
ZI,1979-12,1979-12-03,0.0415158764236,20375.8,20386,20375.8,20375.8,4606,133423
ZI,1979-12,1979-12-04,0.0164410722524,20609.3,20913.9,20203.2,20710.8,11359,133298
ZI,1979-12,1979-12-05,-0.0111729146146,20304.7,20710.8,20223.5,20479.4,6672,131559
ZI,1979-12,1979-12-06,-0.0179497446214,20761.6,20802.2,20101.7,20111.8,4906,131446
ZI,1979-12,1979-12-07,-0.0222108413966,20254,20254,19665.1,19665.1,6337,132020
ZI,1979-12,1979-12-10,0.0222017686155,19949.4,20122,19705.8,20101.7,5161,131504
ZI,1979-12,1979-12-11,0.0252515956362,20609.3,20609.3,20609.3,20609.3,2553,130824
ZI,1979-12,1979-12-12,0.0221696030433,20913.9,21116.9,20812.4,21066.2,5498,130514
ZI,1979-12,1979-12-13,0.0361432057039,21675.3,21827.6,21624.5,21827.6,5880,130604
ZI,1979-12,1979-12-14,0.0409298319559,21726.1,22792.1,21370.7,22721,6170,130114
ZI,1979-12,1979-12-17,0.0344042955856,23147.4,23604.3,23015.4,23502.7,6230,129480
ZI,1979-12,1979-12-18,0.0431992919962,24365.7,24518,24162.6,24518,5949,129287
ZI,1979-12,1979-12-19,0.0144913940778,24822.5,25411.4,23655,24873.3,8076,128574
ZI,1979-12,1979-12-20,-0.00816136178151,24568.7,24771.8,24061.1,24670.3,4978,128394
ZI,1979-12,1979-12-21,0.0308630215279,24568.7,25431.7,24467.2,25431.7,6175,128436
ZI,1979-12,1979-12-26,0.0399186841619,25888.5,26446.9,25888.5,26446.9,4218,128961
ZI,1979-12,1979-12-27,0.038390132681,27462.2,27462.2,27462.2,27462.2,4953,132939
ZI,1979-12,1979-12-28,0.0369671767011,28477.4,28477.4,28477.4,28477.4,5674,127726
ZI,1979-12,1979-12-31,0.0356493219184,29492.6,29492.6,29492.6,29492.6,4651,127351
ZI,1979-12,1980-01-02,0.0344255847229,30507.9,30507.9,30507.9,30507.9,12240,123604
ZI,1979-12,1980-01-03,0.0332766267098,31523.1,31523.1,31523.1,31523.1,9992,121771
ZI,1979-12,1980-01-04,0.032204954462,32538.3,32538.3,32538.3,32538.3,6011,118826
SB,1980-01,1979-12-31,-0.0291294430717,210.44,210.44,203.56,204.31,4817,92007
SB,1980-01,1980-01-02,-0.0411139934413,208.57,209.32,194.16,195.91,19738,91147
SB,1980-01,1980-01-03,-0.0172528201725,192.28,198.17,189.65,192.53,19315,90649
SB,1980-01,1980-01-04,0.0279956370436,191.03,197.92,191.03,197.92,11153,90308
SB,1980-01,1980-01-07,-0.0265763945028,191.65,194.29,189.15,192.66,12209,90061
SB,1980-01,1980-01-08,0.00519049102045,192.91,195.91,192.28,193.66,8729,88939
SB,1980-01,1980-01-09,0.036197459465,197.92,201.68,197.92,200.67,9216,90431
SB,1980-01,1980-01-10,-0.0131060945831,197.92,199.8,193.66,198.04,15488,91294
SB,1980-01,1980-01-11,0.0550393859826,201.68,209.19,201.68,208.94,13001,92301
SB,1980-01,1980-01-14,0.0485785392936,213.95,219.21,211.95,219.09,13590,95145
SB,1980-01,1980-01-15,-0.00803322835364,219.84,222.34,215.46,217.33,21857,96374
SB,1980-01,1980-01-16,0.0259513182718,217.71,223.97,217.71,222.97,18801,99362
SB,1980-01,1980-01-17,0.0303628290801,222.34,230.61,222.34,229.74,18891,100056
SB,1980-01,1980-01-18,-0.00165404370158,236.12,238,228.98,229.36,19835,104556
SB,1980-01,1980-01-21,0.031130101151,234.37,236.75,232.87,236.5,15312,106772
SB,1980-01,1980-01-22,0.0434249471459,231.74,247.02,230.49,246.77,28167,102639
SB,1980-01,1980-01-23,0.0304737204685,249.9,256.54,249.78,254.29,12429,103142
SB,1980-01,1980-01-24,0.0162412993039,253.66,261.55,253.03,258.42,27133,103447
SB,1980-01,1980-01-25,-0.0436111756056,254.41,258.05,245.52,247.15,21897,105276
SB,1980-01,1980-01-28,-0.0821363544406,230.49,236.75,224.85,226.85,15844,102556
SB,1980-01,1980-01-29,0.117654837999,234.87,254.29,234.87,253.54,17211,103338
SB,1980-01,1980-01-30,0.0405064289658,266.19,272.45,261.18,263.81,14149,102983
SB,1980-01,1980-01-31,0.0451082218263,261.8,276.21,261.8,275.71,27761,103041
SB,1980-01,1980-02-01,0.0167930071452,272.45,284.98,271.2,280.34,27354,108075
SB,1980-01,1980-02-04,0.0353142612542,288.11,294.25,284.35,290.24,26650,110519
SB,1980-01,1980-02-05,-0.0673235942668,271.82,291.87,269.32,270.7,26083,109365
ZI,1980-03,1980-02-29,0.0282966915384,34709.3,36038.2,34709.3,36038.2,3012,63736
ZI,1980-03,1980-03-03,-0.00990615513538,35800.2,35949,35046.5,35681.2,2564,63349
ZI,1980-03,1980-03-04,0.0241808010941,35453.1,36672.9,35006.8,36544,3731,62830
ZI,1980-03,1980-03-05,-0.00135726795096,37287.7,37287.7,35701,36494.4,2577,62753
ZI,1980-03,1980-03-06,-0.0203812091718,35998.5,36097.7,35750.6,35750.6,1630,62511
ZI,1980-03,1980-03-07,-0.0277393945836,34758.9,34758.9,34758.9,34758.9,4086,62271
ZI,1980-03,1980-03-10,-0.0285308223218,33767.2,33767.2,33767.2,33767.2,3900,62464
ZI,1980-03,1980-03-11,-0.0293687365254,32775.5,32775.5,32775.5,32775.5,3436,62028
ZI,1980-03,1980-03-12,-0.0302573568672,31783.8,31783.8,31783.8,31783.8,1721,62105
ZI,1980-03,1980-03-13,-0.0312014296591,30792.1,30792.1,30792.1,30792.1,4830,62255
ZI,1980-03,1980-03-14,-0.0322063126581,29800.4,29800.4,29800.4,29800.4,6909,62233
ZI,1980-03,1980-03-17,-0.0332780768043,28808.7,28808.7,28808.7,28808.7,10560,61638
ZI,1980-03,1980-03-18,-0.0344201577996,27817.1,27817.1,27817.1,27817.1,7112,60244
ZI,1980-03,1980-03-19,-0.0356507328226,26825.4,26825.4,26825.4,26825.4,4722,58488
ZI,1980-03,1980-03-20,-0.0369686938499,25833.7,25833.7,25833.7,25833.7,3748,56624
ZI,1980-03,1980-03-21,-0.0383878422371,24842,24842,24842,24842,2641,55926
ZI,1980-03,1980-03-24,-0.0399202962724,23850.3,23949.4,23850.3,23850.3,4261,54884
ZI,1980-03,1980-03-25,-0.041580189767,22858.6,22858.6,22858.6,22858.6,6421,53237
ZI,1980-03,1980-03-26,-0.043384109263,21866.9,21866.9,21866.9,21866.9,4869,52130
ZI,1980-03,1980-03-27,-0.045351650211,20875.2,20875.2,20875.2,20875.2,6198,51469
ZI,1980-03,1980-03-28,-0.0475061316778,19883.5,19883.5,19883.5,19883.5,20832,46630
ZI,1980-03,1980-03-31,-0.0498755249327,18891.8,18891.8,18891.8,18891.8,3848,45812
ZI,1980-03,1980-04-01,-0.0524936745043,17900.1,17900.1,17900.1,17900.1,2556,45540
ZI,1980-03,1980-04-02,-0.0554019251289,16908.4,16908.4,16908.4,16908.4,2969,45203
ZI,1980-03,1980-04-03,-0.0586513212368,15916.7,15916.7,15916.7,15916.7,5526,43505
ZP,1980-03,1980-02-29,0.0337300631234,2063.4,2145.3,2051.8,2145.3,1898,8259
ZP,1980-03,1980-03-03,0.0434438073929,2145.1,2238.5,2133.4,2238.5,2474,8604
ZP,1980-03,1980-03-04,0.0416796962252,2238.3,2331.8,2238.3,2331.8,2295,8811
ZP,1980-03,1980-03-05,0.0400120078909,2425.1,2425.1,2425.1,2425.1,928,8769
ZP,1980-03,1980-03-06,-0.0384726403035,2413.2,2436.5,2331.8,2331.8,1891,8524
ZP,1980-03,1980-03-07,-0.0400120078909,2261.6,2261.6,2238.5,2238.5,1102,8270
ZP,1980-03,1980-03-10,-0.0416350234532,2145.3,2168.4,2145.3,2145.3,407,8108
ZP,1980-03,1980-03-11,-0.0434904209202,2052,2052,2052,2052,437,7974
ZP,1980-03,1980-03-12,-0.0454191033138,2110.1,2145.3,1958.8,1958.8,3187,7795
ZP,1980-03,1980-03-13,-0.0476312027772,1865.5,1865.5,1865.5,1865.5,473,7721
ZP,1980-03,1980-03-14,-0.0500134012329,1772.2,1772.2,1772.2,1772.2,273,7566
ZP,1980-03,1980-03-17,-0.0525900011285,1679,1679,1679,1679,373,7445
ZP,1980-03,1980-03-18,-0.055568790947,1585.7,1585.7,1585.7,1585.7,716,7555
ZP,1980-03,1980-03-19,0.0197389165668,1492.4,1662.4,1492.4,1617,2261,7459
ZP,1980-03,1980-03-20,-0.04329004329,1655.4,1674.1,1547,1547,1620,7316
ZP,1980-03,1980-03-21,0.0263736263736,1453.7,1604.1,1453.7,1587.8,1387,7347
ZP,1980-03,1980-03-24,-0.042070789772,1586.7,1620.1,1521,1521,1836,7093
ZP,1980-03,1980-03-25,-0.0586456278764,1482,1482,1431.8,1431.8,1109,6897
ZP,1980-03,1980-03-26,-0.0622293616427,1342.7,1353.8,1342.7,1342.7,2054,6614
ZP,1980-03,1980-03-27,-0.0664333060252,1253.5,1269.1,1253.5,1253.5,2292,6361
ZP,1980-03,1980-03-28,-0.0325488631831,1164.4,1270.2,1164.4,1212.7,2298,6473
ZP,1980-03,1980-03-31,0.073554877546,1192.2,1301.9,1183.3,1301.9,1535,6209
ZP,1980-03,1980-04-01,-0.0500038405407,1359.4,1370.5,1212.7,1236.8,1255,6068
ZP,1980-03,1980-04-02,0.0315329883571,1270.2,1292.5,1185.6,1275.8,1706,6457
ZP,1980-03,1980-04-03,-0.00752469039034,1236.8,1292.5,1236.8,1266.2,924,6571
ZI,1980-04,1980-03-31,-0.0498755249327,18891.8,18891.8,18891.8,18891.8,3848,45812
ZI,1980-04,1980-04-01,-0.0524936745043,17900.1,17900.1,17900.1,17900.1,2556,45540
ZI,1980-04,1980-04-02,-0.0554019251289,16908.4,16908.4,16908.4,16908.4,2969,45203
ZI,1980-04,1980-04-03,-0.0586513212368,15916.7,15916.7,15916.7,15916.7,5526,43505
ZI,1980-04,1980-04-07,-0.0436145683465,14925,15470.4,14925,15222.5,2863,42236
ZI,1980-04,1980-04-08,0.0651469863689,16214.2,16214.2,16214.2,16214.2,3439,41471
ZI,1980-04,1980-04-09,-0.0207965857088,17205.9,17205.9,15668.8,15877,8415,38989
ZI,1980-04,1980-04-10,-0.02810354601,15073.8,15817.5,15073.8,15430.8,4175,38478
ZI,1980-04,1980-04-11,-0.00707027503435,15172.9,15619.2,15172.9,15321.7,3264,38197
ZI,1980-04,1980-04-14,-0.0485455269324,15073.8,15371.3,14577.9,14577.9,3245,36918
ZI,1980-04,1980-04-15,-0.0170051927918,14131.7,14627.5,13735,14330,2029,36812
ZI,1980-04,1980-04-16,-0.0138381018842,14875.4,15172.9,13982.9,14131.7,1921,36693
ZI,1980-04,1980-04-17,0.00350276329104,14181.2,14478.8,13883.7,14181.2,4103,36755
ZI,1980-04,1980-04-18,-0.0104857134798,14330,14389.5,13933.3,14032.5,1976,36700
ZI,1980-04,1980-04-21,-0.0353393907002,13685.4,13685.4,13536.6,13536.6,5324,34372
ZI,1980-04,1980-04-22,0,13604.2,13748.9,13237.5,13536.6,3021,33419
ZI,1980-04,1980-04-23,0,13748.9,13748.9,13363,13536.6,2652,32783
ZI,1980-04,1980-04-24,0.03564410561,13893.6,14019.1,13893.6,14019.1,2467,32246
ZI,1980-04,1980-04-25,0.0344101975162,14501.5,14501.5,14501.5,14501.5,2082,31923
ZI,1980-04,1980-04-28,-0.0498982863842,13777.9,13777.9,13777.9,13777.9,4302,29946
ZI,1980-04,1980-04-29,-0.019611116353,13555.9,13729.6,13121.8,13507.7,4512,28416
ZI,1980-04,1980-04-30,-0.071425927434,13411.2,13488.4,12542.9,12542.9,5531,27202
ZI,1980-04,1980-05-01,-0.0476923199579,11578,12012.2,11578,11944.7,3137,27119
ZI,1980-04,1980-05-02,0.0807722253384,12349.9,12909.5,12108.7,12909.5,2359,27386
ZI,1980-04,1980-05-05,0.00149502304504,13314.7,13411.2,12735.8,12928.8,2829,26516
SB,1980-05,1980-04-30,-0.00681241527927,287.71,292.43,279.88,285.75,17165,61110
SB,1980-05,1980-05-01,0.06208223972,293.7,303.83,293.7,303.49,11422,62015
SB,1980-05,1980-05-02,0.0398365679265,301.76,315.58,301.76,315.58,12681,64092
SB,1980-05,1980-05-05,0.0204385575765,317.88,324.79,316.16,322.03,15651,64857
SB,1980-05,1980-05-06,-0.00751482781107,324.91,329.4,318.46,319.61,14745,64821
SB,1980-05,1980-05-07,0.0713682300303,321.34,343.22,320.76,342.42,16659,67159
SB,1980-05,1980-05-08,0.0221949652474,357.04,362.8,348.98,350.02,11751,69892
SB,1980-05,1980-05-09,0.0605393977487,355.89,371.44,351.28,371.21,13559,72170
SB,1980-05,1980-05-12,0.0465504700843,389.29,395.05,386.99,388.49,10425,72925
SB,1980-05,1980-05-13,-0.0225488429561,377.2,389.87,372.36,379.73,15716,72065
SB,1980-05,1980-05-14,0.0449003239144,391.59,400.23,391.59,396.78,10803,72815
SB,1980-05,1980-05-15,-0.0246736226624,403.11,405.99,368.56,386.99,20207,72862
SB,1980-05,1980-05-16,0.0092250445748,372.02,392.17,372.02,390.56,13816,71733
SB,1980-05,1980-05-19,-0.00530008193363,394.47,401.38,384.68,388.49,14571,72717
SB,1980-05,1980-05-20,-0.0812376122938,373.17,379.5,353.59,356.93,16740,70720
SB,1980-05,1980-05-21,0.021600874121,361.65,371.44,355.89,364.64,18285,69539
SB,1980-05,1980-05-22,0.0994953927161,381.81,401.38,380.65,400.92,14452,70377
SB,1980-05,1980-05-23,0.050858026539,416.93,422.12,410.02,421.31,12498,70680
SB,1980-05,1980-05-27,0.0196767226033,408.87,430.18,406.57,429.6,13185,70481
SB,1980-05,1980-05-28,-0.0654096834264,421.54,423.84,399.66,401.5,18282,69739
SB,1980-05,1980-05-29,0.0301120797011,391.59,419.24,391.59,413.59,17640,71252
SB,1980-05,1980-05-30,-0.0206001112213,416.93,422.12,400.81,405.07,16279,69666
SB,1980-05,1980-06-02,-0.04606611203,400.23,401.96,385.84,386.41,12613,70559
SB,1980-05,1980-06-03,-0.0730312362516,369.71,375.47,354.74,358.19,14594,69583
SB,1980-05,1980-06-04,0.0443898489628,365.68,380.65,365.68,374.09,15746,70369
JO,1981-01,1980-12-31,0.00615034168565,133.07,133.63,132.51,132.51,1254,9582
JO,1981-01,1981-01-02,0.00603728020527,132.35,133.39,131.46,133.31,1100,9576
JO,1981-01,1981-01-05,-0.00660115520216,133.72,135.49,132.35,132.43,1156,9793
JO,1981-01,1981-01-06,0.0419089330212,132.83,140.16,131.94,137.98,1885,10339
JO,1981-01,1981-01-07,-0.0244963038121,135.33,135.33,133.72,134.6,1189,10379
JO,1981-01,1981-01-08,-0.00780089153046,134.92,134.92,132.67,133.55,957,10485
JO,1981-01,1981-01-09,-0.00838637214526,132.67,133.55,131.78,132.43,1121,10390
JO,1981-01,1981-01-12,0.0607868307785,140.16,140.48,140,140.48,1323,10280
JO,1981-01,1981-01-13,0.057374715262,148.54,148.54,148.54,148.54,168,10229
JO,1981-01,1981-01-14,0.0541941564562,156.59,156.59,156.59,156.59,119,10209
JO,1981-01,1981-01-15,0.0823168784724,169.48,169.48,169.48,169.48,701,10493
JO,1981-01,1981-01-16,0.0760561718197,182.37,182.37,182.37,182.37,1172,10218
JO,1981-01,1981-01-19,0.0512145637989,186.88,195.26,185.59,191.71,5266,9730
JO,1981-01,1981-01-20,0.000834593917897,191.55,193.16,188.73,191.87,3453,8331
JO,1981-01,1981-01-21,0.00839109813937,192.92,195.26,190.5,193.48,2083,8003
JO,1981-01,1981-01-22,-0.0187099441803,191.23,191.71,189.46,189.86,2160,7737
JO,1981-01,1981-01-23,0.0233329821974,191.71,194.45,191.31,194.29,1861,7532
JO,1981-01,1981-01-26,0.0414329095682,199.12,202.34,199.12,202.34,1552,7533
JO,1981-01,1981-01-27,-0.0174953049323,205.41,209.03,196.95,198.8,2143,7713
JO,1981-01,1981-01-28,0.0190643863179,198.56,203.47,198.16,202.59,1505,7847
JO,1981-01,1981-01-29,0.0162890567155,202.59,206.05,197.35,205.89,2721,7881
JO,1981-01,1981-01-30,0.0191850016999,207.1,209.92,204.92,209.84,1377,7980
JO,1981-01,1981-02-02,0.038362561952,217.89,217.89,217.89,217.89,710,8266
JO,1981-01,1981-02-03,0.0177612556795,217.97,223.85,214.75,221.76,2830,8552
JO,1981-01,1981-02-04,-0.0363455988456,213.7,218.7,213.7,213.7,1894,8764
CC,1981-07,1981-06-30,-0.0158182160567,15437,15740,15336,15679,2624,11853
CC,1981-07,1981-07-01,0.0566362650679,16567,16567,16567,16567,701,11796
CC,1981-07,1981-07-02,0.031085893644,17051,17243,16850,17082,2084,11977
CC,1981-07,1981-07-06,0.0519845451352,17970,17970,17970,17970,1224,11986
CC,1981-07,1981-07-07,0.0493600445186,18414,18857,18414,18857,3352,12098
CC,1981-07,1981-07-08,-0.0111894787082,19049,19049,18111,18646,4723,12541
CC,1981-07,1981-07-09,-0.0389895956237,18525,18525,17627,17919,3232,12845
CC,1981-07,1981-07-10,0.0495563368492,18615,18807,18474,18807,2787,12840
CC,1981-07,1981-07-13,0.0472164619557,19695,19695,19473,19695,2549,13225
CC,1981-07,1981-07-14,-0.001015486164,19473,20119,19261,19675,3903,13748
CC,1981-07,1981-07-15,-0.00157560355781,19725,19776,19402,19644,1708,13649
CC,1981-07,1981-07-16,-0.0302891468133,19695,20008,18979,19049,3006,13530
CC,1981-07,1981-07-17,-0.00635203947714,18979,19291,18666,18928,2497,13587
CC,1981-07,1981-07-20,-0.00105663567202,19069,19190,18868,18908,1023,13516
CC,1981-07,1981-07-21,0.0346943092871,19453,19796,19453,19564,2557,13823
CC,1981-07,1981-07-22,-0.0149764874259,19675,19826,19221,19271,2389,14216
CC,1981-07,1981-07-23,0.0460796014737,19251,20159,19069,20159,3229,14329
CC,1981-07,1981-07-24,0.0129966764224,20028,20583,19977,20421,2855,14547
CC,1981-07,1981-07-27,-0.0123402379903,20482,20532,20078,20169,1318,14596
CC,1981-07,1981-07-28,0.00401606425703,20230,20331,19988,20250,1829,15173
CC,1981-07,1981-07-29,-0.0239012345679,20230,20371,19675,19766,2110,15420
CC,1981-07,1981-07-30,0.0377415764444,19644,20583,19584,20512,3605,15968
CC,1981-07,1981-07-31,0.006874024961,20300,20835,20220,20653,2844,16328
CC,1981-07,1981-08-03,-0.0058587130199,20522,20623,20290,20532,1950,16403
CC,1981-07,1981-08-04,0.0231346191311,20583,21138,20512,21007,2367,16581
CC,1981-07,1981-08-05,-0.00866377874042,20936,21007,20664,20825,2052,16608
KC,1981-07,1981-06-30,0.045441089402,950.99,988.82,950.99,988.82,2535,8093
KC,1981-07,1981-07-01,0.0434659493133,1012.78,1031.8,1010.1,1031.8,2781,8019
KC,1981-07,1981-07-02,-0.0179104477612,1015.47,1020.84,988.82,1013.32,1942,7852
KC,1981-07,1981-07-06,0.00965144278214,1027.29,1049.86,1015.47,1023.1,1610,7940
KC,1981-07,1981-07-07,-0.0413840289317,1035.35,1035.35,980.12,980.76,2366,7843
KC,1981-07,1981-07-08,0.0124903136343,945.62,996.66,942.94,993.01,2028,7979
KC,1981-07,1981-07-09,0.00919426793285,1010.1,1031.59,1002.04,1002.14,1712,8144
KC,1981-07,1981-07-10,0.0428981978566,1031.59,1045.13,1023.64,1045.13,1689,8413
KC,1981-07,1981-07-13,0.0411240706898,1088.11,1088.11,1066.51,1088.11,2215,8412
KC,1981-07,1981-07-14,-0.0303186258742,1077.26,1078.87,1054.15,1055.12,1980,8757
KC,1981-07,1981-07-15,0.0199598149973,1047.71,1084.24,1039.65,1076.18,1794,8590
KC,1981-07,1981-07-16,0.0189745209909,1079.94,1104.12,1071.88,1096.6,2368,8846
KC,1981-07,1981-07-17,0.00568119642531,1109.49,1112.72,1085.32,1102.83,2191,9123
KC,1981-07,1981-07-20,0.0389724617575,1109.49,1145.81,1104.66,1145.81,3040,8980
KC,1981-07,1981-07-21,0.0375193094841,1188.8,1188.8,1188.8,1188.8,982,8898
KC,1981-07,1981-07-22,0.0542311574697,1253.27,1253.27,1253.27,1253.27,604,8756
KC,1981-07,1981-07-23,0.111037525832,1343.21,1396.94,1323.87,1392.43,3617,8835
KC,1981-07,1981-07-24,-0.0320303354567,1418.43,1423.81,1345.9,1347.83,3544,9061
KC,1981-07,1981-07-27,0.00542353264136,1329.78,1367.39,1316.35,1355.14,2608,9156
KC,1981-07,1981-07-28,0.0285505556621,1379.75,1396.94,1364.7,1393.83,2394,9208
KC,1981-07,1981-07-29,-0.0218175817711,1402.31,1422.73,1359.22,1363.42,2957,9194
KC,1981-07,1981-07-30,-0.0476888999721,1329.78,1362.02,1276.05,1298.4,3187,9277
KC,1981-07,1981-07-31,0.0190388170055,1273.37,1343.21,1273.37,1323.12,3150,9182
KC,1981-07,1981-08-03,-0.0601003688252,1310.98,1323.12,1241.67,1243.6,3077,9251
KC,1981-07,1981-08-04,-0.00242039240913,1216.41,1254.56,1216.41,1240.59,2609,9253
KC,1981-07,1981-08-05,-0.0228681514441,1251.87,1259.93,1208.89,1212.22,3037,9442
KC,1981-09,1981-08-31,-0.0391872278665,1160.08,1166.92,1118.78,1118.78,1860,8182
KC,1981-09,1981-09-01,-0.00631938361429,1098.48,1129.28,1086.5,1111.71,2564,8299
KC,1981-09,1981-09-02,0.0410448768114,1115.02,1157.34,1115.02,1157.34,2048,8177
KC,1981-09,1981-09-03,0.0394266162061,1177.19,1202.97,1170.34,1202.97,2914,8557
KC,1981-09,1981-09-04,0.0173487285635,1211.98,1226.24,1181.75,1223.84,1995,8598
KC,1981-09,1981-09-08,-0.0131389724147,1209.13,1217.68,1200.57,1207.76,1493,8603
KC,1981-09,1981-09-09,0.0377806849043,1207.76,1253.39,1206.28,1253.39,2005,8550
KC,1981-09,1981-09-10,0.0250201453658,1288.98,1299.01,1263.31,1284.75,2508,8418
KC,1981-09,1981-09-11,0.0277018875268,1311.79,1330.38,1294.68,1320.34,2022,8645
KC,1981-09,1981-09-14,0.0080358089583,1337.45,1346.01,1311.79,1330.95,1817,8711
KC,1981-09,1981-09-15,-0.0132837446936,1317.49,1327.76,1306.09,1313.27,1463,8694
KC,1981-09,1981-09-16,-0.0209324815156,1303.23,1306.09,1280.99,1285.78,1825,8713
KC,1981-09,1981-09-17,0.0354881861594,1300.38,1331.41,1300.38,1331.41,1344,8892
KC,1981-09,1981-09-18,0.0342719372695,1377.04,1377.04,1374.53,1377.04,1313,8981
KC,1981-09,1981-09-21,0.0390112124557,1391.52,1442.97,1365.97,1430.76,3222,9311
KC,1981-09,1981-09-22,-0.0327658027901,1425.86,1437.26,1383.08,1383.88,2514,9328
KC,1981-09,1981-09-23,-0.00972627684481,1403.04,1442.97,1368.82,1370.42,2961,9167
KC,1981-09,1981-09-24,0.0345441543468,1346.01,1423.58,1346.01,1417.76,3222,9119
KC,1981-09,1981-09-25,0.0576895948539,1511.41,1511.41,1477.76,1499.55,2193,9090
KC,1981-09,1981-09-28,-0.0188656596979,1460.08,1482.32,1443.54,1471.26,1938,8923
KC,1981-09,1981-09-29,-0.0153541862077,1457.23,1462.36,1448.67,1448.67,1225,9035
KC,1981-09,1981-09-30,0.0169327728192,1437.26,1481.75,1434.53,1473.2,1778,9223
KC,1981-09,1981-10-01,0.00735134401303,1494.3,1506.85,1481.75,1484.03,1595,9061
KC,1981-09,1981-10-02,0.0217515818413,1482.89,1517.11,1474.34,1516.31,1427,8979
KC,1981-09,1981-10-05,-0.000751825154487,1522.82,1538.79,1514.83,1515.17,1822,8992
EC,1982-06,1982-05-28,0.000582843837491,68.0746,68.2175,68.0667,68.154,706,10593
EC,1982-06,1982-06-01,-0.00745664231006,68.0905,68.0905,67.6379,67.6458,1727,10855
EC,1982-06,1982-06-02,0.0015255936067,67.6617,67.7649,67.622,67.749,1702,11133
EC,1982-06,1982-06-03,-0.000819200283399,67.7014,67.8443,67.6061,67.6935,1183,11092
EC,1982-06,1982-06-04,-0.00352027890418,67.7093,67.7093,67.4552,67.4552,1816,11475
EC,1982-06,1982-06-07,0.00247275228596,67.4155,67.6379,67.4155,67.622,1158,11551
EC,1982-06,1982-06-08,-0.00258347874952,67.5108,67.5505,67.4473,67.4473,1463,11671
EC,1982-06,1982-06-09,0.00223730230862,67.4314,67.6061,67.3997,67.5982,1071,11649
EC,1982-06,1982-06-10,-0.00176188123352,67.5426,67.5902,67.4711,67.4791,865,11528
EC,1982-06,1982-06-11,0.00176499093793,67.6379,67.6617,67.5585,67.5982,1023,11440
EC,1982-06,1982-06-14,-0.00657857753609,67.2726,67.3838,67.1376,67.1535,1236,11450
EC,1982-06,1982-06-15,-0.00011764092713,67.09,67.1773,67.0503,67.1456,1509,10776
EC,1982-06,1982-06-16,-0.000591252442453,67.1614,67.2011,67.1059,67.1059,715,11045
EC,1982-06,1982-06-17,-0.00437815452889,66.8915,66.8994,66.7565,66.8121,1206,11306
EC,1982-06,1982-06-18,-0.00178410796847,66.7327,66.82,66.6771,66.6929,904,11537
EC,1982-06,1982-06-21,0.000476812374331,66.7009,66.82,66.6612,66.7247,1007,11773
EC,1982-06,1982-06-22,-0.00178494620433,66.7485,66.82,66.5977,66.6056,1152,12093
EC,1982-06,1982-06-23,0.000714654623635,66.5818,66.6612,66.4786,66.6532,969,12295
EC,1982-06,1982-06-24,-0.00309662551835,66.6771,66.685,66.3991,66.4468,773,12406
EC,1982-06,1982-06-25,-0.00215059265457,66.3515,66.4309,66.2959,66.3039,686,12553
EC,1982-06,1982-06-28,0.00215522767137,66.3356,66.4706,66.2959,66.4468,980,12701
EC,1982-06,1982-06-29,0.00490016073009,66.5659,66.7803,66.5421,66.7724,1060,12780
EC,1982-06,1982-06-30,0.00154554875967,66.9391,67.0582,66.8438,66.8756,1265,13244
EC,1982-06,1982-07-01,0.00201867347732,66.9232,67.0423,66.8359,67.0106,617,13223
EC,1982-06,1982-07-02,-0.00201460664432,66.9788,66.9788,66.8438,66.8756,648,13236
EC,1982-06,1982-07-06,0.000949524191185,67.1217,67.1217,66.9073,66.9391,729,13343
EC,1982-07,1982-06-30,0.00154554875967,66.9391,67.0582,66.8438,66.8756,1265,13244
EC,1982-07,1982-07-01,0.00201867347732,66.9232,67.0423,66.8359,67.0106,617,13223
EC,1982-07,1982-07-02,-0.00201460664432,66.9788,66.9788,66.8438,66.8756,648,13236
EC,1982-07,1982-07-06,0.000949524191185,67.1217,67.1217,66.9073,66.9391,729,13343
EC,1982-07,1982-07-07,0.00106813506605,66.8676,67.0106,66.7724,67.0106,963,13406
EC,1982-07,1982-07-08,0.00616171172919,67.0423,67.487,67.0423,67.4235,1216,13327
EC,1982-07,1982-07-09,0.00153062359563,67.5029,67.6696,67.4949,67.5267,1156,13311
EC,1982-07,1982-07-12,0.00199920920169,67.9714,67.9714,67.622,67.6617,1759,13315
EC,1982-07,1982-07-13,-0.00328546282461,67.5823,67.6617,67.3838,67.4394,1258,13161
EC,1982-07,1982-07-14,-0.000707301666385,67.3838,67.5505,67.36,67.3917,488,13169
EC,1982-07,1982-07-15,0.00212192302613,67.4552,67.6061,67.4473,67.5347,706,13048
EC,1982-07,1982-07-16,0.00646630546963,67.5426,67.9873,67.5188,67.9714,1051,12997
EC,1982-07,1982-07-19,-0.000467843828434,68.0905,68.1223,67.8999,67.9396,877,13012
EC,1982-07,1982-07-20,0.0035060553786,68.0905,68.3446,68.0508,68.1778,1246,13150
EC,1982-07,1982-07-21,-0.0024450774299,68.2493,68.3525,68.0111,68.0111,1225,13128
EC,1982-07,1982-07-22,0.0045536684453,67.9873,68.3367,67.9158,68.3208,1266,13307
EC,1982-07,1982-07-23,0.00151052095409,68.424,68.5113,68.4081,68.424,1553,13190
EC,1982-07,1982-07-26,-0.00324886004911,68.3049,68.3287,68.1699,68.2017,1536,13227
EC,1982-07,1982-07-27,-0.00139732587311,68.0905,68.1699,68.0349,68.1064,1404,13191
EC,1982-07,1982-07-28,-0.0018661975967,67.9873,68.0826,67.9476,67.9793,1012,12951
EC,1982-07,1982-07-29,0.002453688108,68.0111,68.1937,68.0111,68.1461,830,12946
EC,1982-07,1982-07-30,0.00337950374269,68.289,68.4081,68.289,68.3764,917,12995
EC,1982-07,1982-08-02,0.0083610719488,68.8846,68.9798,68.7734,68.9481,1729,12901
EC,1982-07,1982-08-03,-0.00391598898302,69.0037,69.0037,68.6622,68.6781,1651,13150
EC,1982-07,1982-08-04,0.00208072151093,68.6463,68.8369,68.6146,68.821,1175,13284
EC,1982-08,1982-07-30,0.00337950374269,68.289,68.4081,68.289,68.3764,917,12995
EC,1982-08,1982-08-02,0.0083610719488,68.8846,68.9798,68.7734,68.9481,1729,12901
EC,1982-08,1982-08-03,-0.00391598898302,69.0037,69.0037,68.6622,68.6781,1651,13150
EC,1982-08,1982-08-04,0.00208072151093,68.6463,68.8369,68.6146,68.821,1175,13284
EC,1982-08,1982-08-05,-0.000807892939655,68.821,68.821,68.6622,68.7654,958,13469
EC,1982-08,1982-08-06,-0.00300150948006,68.7019,68.7257,68.5431,68.559,1489,13468
EC,1982-08,1982-08-09,0.00243148237285,68.4716,68.7337,68.3446,68.7257,1876,13399
EC,1982-08,1982-08-10,-0.00138521688393,68.7654,68.7813,68.6305,68.6305,1335,13641
EC,1982-08,1982-08-11,-0.000231675421278,68.6066,68.7019,68.5907,68.6146,862,13708
EC,1982-08,1982-08-12,0.00486048158847,68.6384,68.964,68.5987,68.9481,1226,13722
EC,1982-08,1982-08-13,0.00310958532577,69.0275,69.2339,69.0037,69.1625,2182,14150
EC,1982-08,1982-08-16,0.00688812579071,69.4404,69.9089,69.4404,69.6389,2503,14380
EC,1982-08,1982-08-17,0.00592915741059,69.5992,70.1153,69.5595,70.0518,2845,14510
EC,1982-08,1982-08-18,0.00544168743701,70.4488,70.7426,70.3059,70.433,2710,14186
EC,1982-08,1982-08-19,0.00112731248137,70.433,70.6394,70.2821,70.5124,2128,14502
EC,1982-08,1982-08-20,0.00540472314089,70.7029,70.9888,70.6712,70.8935,1936,14634
EC,1982-08,1982-08-23,-0.00285357613886,70.845,70.845,70.6912,70.6912,1426,14577
EC,1982-08,1982-08-24,0.00240341089131,70.6912,70.8692,70.6022,70.8611,1341,14570
EC,1982-08,1982-08-25,-0.00285488088669,70.7559,70.8611,70.6588,70.6588,891,14719
EC,1982-08,1982-08-26,-0.00160348038744,70.6507,70.8288,70.5455,70.5455,1587,14957
EC,1982-08,1982-08-27,-0.00814509784465,70.5212,70.5212,69.9305,69.9709,1606,15186
EC,1982-08,1982-08-30,0.00173500698147,69.8576,70.1247,69.8414,70.0923,1170,15425
EC,1982-08,1982-08-31,-0.00196312576417,70.068,70.1247,69.9143,69.9547,1028,15524
EC,1982-08,1982-09-01,-0.00219713614668,69.9547,69.9952,69.7848,69.801,1929,15739
EC,1982-08,1982-09-02,0.00173923009699,69.8819,70.0357,69.8819,69.9224,1602,16328
EC,1982-08,1982-09-03,0.00312489273824,70.0114,70.3999,69.9628,70.1409,2227,16247
EC,1982-09,1982-08-31,-0.00196312576417,70.068,70.1247,69.9143,69.9547,1028,15524
EC,1982-09,1982-09-01,-0.00219713614668,69.9547,69.9952,69.7848,69.801,1929,15739
EC,1982-09,1982-09-02,0.00173923009699,69.8819,70.0357,69.8819,69.9224,1602,16328
EC,1982-09,1982-09-03,0.00312489273824,70.0114,70.3999,69.9628,70.1409,2227,16247
EC,1982-09,1982-09-07,0,70.1409,70.2299,70.0923,70.1409,2233,16858
EC,1982-09,1982-09-08,0.000575983484671,70.1733,70.2056,70.0357,70.1813,2431,17157
EC,1982-09,1982-09-09,-0.00092189799847,70.2056,70.2056,70.0438,70.1166,2474,17392
EC,1982-09,1982-09-10,-0.0070411286343,69.9062,69.9062,69.6229,69.6229,3406,17258
EC,1982-09,1982-09-13,0.00360369935754,69.4206,69.8819,69.4206,69.8738,2252,16825
EC,1982-09,1982-09-14,0.00138964819432,69.9224,70.0195,69.8576,69.9709,1603,16116
EC,1982-09,1982-09-15,-0.00208086504533,70.149,70.1733,69.7039,69.8253,2172,16594
EC,1982-09,1982-09-16,0.00162262102705,69.8253,69.9871,69.7848,69.9386,1549,16951
EC,1982-09,1982-09-17,0.00497579305276,69.8981,70.327,69.8981,70.2866,1314,17178
EC,1982-09,1982-09-20,0.00218676106114,70.1894,70.5617,70.1004,70.4403,2496,17384
EC,1982-09,1982-09-21,0.00425182743401,70.327,70.7802,70.2866,70.7398,2345,17732
EC,1982-09,1982-09-22,0,70.9744,70.9744,70.7155,70.7398,2097,17969
EC,1982-09,1982-09-23,0.00137263605495,70.6912,70.9421,70.6588,70.8369,1582,18255
EC,1982-09,1982-09-24,0.00102771295751,70.7478,70.9259,70.6426,70.9097,1529,18518
EC,1982-09,1982-09-27,-0.000342689364078,70.7964,70.9016,70.7721,70.8854,832,18509
EC,1982-09,1982-09-28,0.00331097800111,70.9502,71.193,70.9421,71.1201,2377,18379
EC,1982-09,1982-09-29,-0.000227783706716,71.2658,71.2658,71.0877,71.1039,2286,18652
EC,1982-09,1982-09-30,0.00136560723111,71.1039,71.2415,70.9744,71.201,2069,18787
EC,1982-09,1982-10-01,0.00307018159857,71.1444,71.4276,71.1363,71.4196,1619,18984
EC,1982-09,1982-10-04,-0.0067992539863,71.1039,71.1687,70.8773,70.934,2186,19001
EC,1982-09,1982-10-05,0.00125468745594,70.934,71.0877,70.934,71.023,2585,18878
EC,1982-10,1982-09-30,0.00136560723111,71.1039,71.2415,70.9744,71.201,2069,18787
EC,1982-10,1982-10-01,0.00307018159857,71.1444,71.4276,71.1363,71.4196,1619,18984
EC,1982-10,1982-10-04,-0.0067992539863,71.1039,71.1687,70.8773,70.934,2186,19001
EC,1982-10,1982-10-05,0.00125468745594,70.934,71.0877,70.934,71.023,2585,18878
EC,1982-10,1982-10-06,0.00193740056038,71.2091,71.2496,71.1444,71.1606,1643,18974
EC,1982-10,1982-10-07,0.0104622501778,71.4438,71.9456,71.4438,71.9051,2813,18546
EC,1982-10,1982-10-08,0.0030387274338,71.9618,72.334,71.7918,72.1236,3670,18256
EC,1982-10,1982-10-11,0.0111087078293,72.6578,72.9329,72.6092,72.9248,1981,18011
EC,1982-10,1982-10-12,-0.00122043529773,72.8358,73.0138,72.7872,72.8358,3684,17827
EC,1982-10,1982-10-13,-0.000111209048298,72.6739,72.8358,72.5202,72.8277,2712,17803
EC,1982-10,1982-10-14,-0.00322267488881,72.7387,72.8277,72.5445,72.593,1534,17755
EC,1982-10,1982-10-15,-0.000223162012866,72.5526,72.6739,72.5283,72.5768,1536,17866
EC,1982-10,1982-10-18,0.00356863350272,72.7549,72.852,72.6982,72.8358,1308,17885
EC,1982-10,1982-10-19,-0.00077709038687,72.9491,73.0462,72.763,72.7792,2794,17682
EC,1982-10,1982-10-20,0.000443808121001,72.8358,72.8439,72.6901,72.8115,1737,17922
EC,1982-10,1982-10-21,0.00100121546734,72.7953,72.9329,72.7953,72.8844,1636,17964
EC,1982-10,1982-10-22,-0.00233246071862,72.941,72.941,72.6739,72.7144,1881,18207
EC,1982-10,1982-10-25,-0.00278211743479,72.4312,72.5445,72.3745,72.5121,1878,18407
EC,1982-10,1982-10-26,0.000668853887834,72.4797,72.6497,72.4393,72.5606,1493,18409
EC,1982-10,1982-10-27,0.000111630829955,72.6335,72.6739,72.5526,72.5687,1191,18356
EC,1982-10,1982-10-28,0.000111618369903,72.5687,72.6659,72.5687,72.5768,905,18565
EC,1982-10,1982-10-29,0.000669635475799,72.6739,72.6739,72.5768,72.6254,1256,18599
EC,1982-10,1982-11-01,0.00534799119867,72.7468,73.03,72.7063,73.0138,2448,18302
EC,1982-10,1982-11-02,0.00232832697381,73.0948,73.2485,73.0543,73.1838,1834,18322
EC,1982-10,1982-11-03,-0.00088407543746,73.1191,73.2404,73.0462,73.1191,2209,18306
EC,1982-12,1982-11-30,0.000222867283908,72.689,72.8679,72.6727,72.7052,2870,19879
EC,1982-12,1982-12-01,0.00111821437806,72.8272,72.9248,72.7622,72.7865,2527,20014
EC,1982-12,1982-12-02,0.0026818159961,72.9167,72.998,72.876,72.9817,2260,20336
EC,1982-12,1982-12-03,0.00490259887068,73.2338,73.3883,73.1443,73.3395,3138,19900
EC,1982-12,1982-12-06,-0.000222254037729,73.307,73.3964,73.2826,73.3232,2174,19540
EC,1982-12,1982-12-07,0.000332773255941,73.5103,73.5103,73.3476,73.3476,2432,19338
EC,1982-12,1982-12-08,-0.00132928684783,73.3883,73.3883,73.2338,73.2501,2453,19692
EC,1982-12,1982-12-09,0.000443685401112,73.2257,73.2907,73.1281,73.2826,2766,19283
EC,1982-12,1982-12-10,-0.00344010720144,73.2094,73.2257,73.0142,73.0305,2914,19114
EC,1982-12,1982-12-13,0.0016705349135,72.9736,73.185,72.9492,73.1525,2458,18749
EC,1982-12,1982-12-14,0.00444550767233,73.4777,73.5265,73.3639,73.4777,2635,16751
EC,1982-12,1982-12-15,0,73.372,73.4777,73.3476,73.4777,1924,16831
EC,1982-12,1982-12-16,-0.00210267877193,73.4127,73.4289,73.2907,73.3232,1919,16978
EC,1982-12,1982-12-17,-0.000443243066315,73.2826,73.3476,73.2338,73.2907,1252,17080
EC,1982-12,1982-12-20,0.000888243665295,73.2744,73.3639,73.2744,73.3558,826,17167
EC,1982-12,1982-12-21,0.00232701436015,73.4208,73.5428,73.3964,73.5265,1405,17135
EC,1982-12,1982-12-22,0.000111524416367,73.5916,73.6566,73.5184,73.5347,1557,17158
EC,1982-12,1982-12-23,0.000441968213646,73.5672,73.6078,73.5509,73.5672,455,17098
EC,1982-12,1982-12-27,0.000773442512424,73.5509,73.7136,73.5509,73.6241,656,17289
EC,1982-12,1982-12-28,-0.000552808115821,73.5997,73.616,73.5428,73.5834,922,17570
EC,1982-12,1982-12-29,0.000111438177633,73.6729,73.6973,73.5834,73.5916,1217,17775
EC,1982-12,1982-12-30,0.00088325297996,73.6729,73.6729,73.5997,73.6566,1394,18010
EC,1982-12,1982-12-31,0.00132506795046,73.6648,73.7542,73.6648,73.7542,707,18012
EC,1982-12,1983-01-03,0.000771481488512,73.7867,73.8355,73.7542,73.8111,996,18206
EC,1982-12,1983-01-04,-0.00132093953348,73.803,73.8355,73.6973,73.7136,1750,18545
EC,1982-12,1983-01-05,0.000991675891559,73.7542,73.8193,73.7542,73.7867,1369,18868
SB,1983-05,1983-04-29,-0.00742459396752,42.94,43.04,42.08,42.78,16818,88011
SB,1983-05,1983-05-02,0.0324918186068,42.94,44.22,42.94,44.17,6730,82754
SB,1983-05,1983-05-03,0.0278469549468,45.3,45.51,44.55,45.4,11193,83192
SB,1983-05,1983-05-04,-0.0057268722467,45.78,45.99,44.49,45.14,12427,83038
SB,1983-05,1983-05-05,0.0166149756314,44.65,45.99,44.55,45.89,10339,84340
SB,1983-05,1983-05-06,0.0292002614949,46.1,47.28,45.94,47.23,12362,84917
SB,1983-05,1983-05-09,0.0249841202625,47.49,48.57,46.48,48.41,14653,85762
SB,1983-05,1983-05-10,-0.0278868002479,47.6,48.03,47.01,47.06,12247,85149
SB,1983-05,1983-05-11,0.0342116447089,46.26,48.78,46.15,48.67,12920,85598
SB,1983-05,1983-05-12,-0.0154099034313,49.37,50.01,47.55,47.92,18941,85814
SB,1983-05,1983-05-13,0.0325542570952,48.46,49.58,48.46,49.48,10793,86627
SB,1983-05,1983-05-16,0.0432497978981,50.28,51.78,49.96,51.62,17852,88102
SB,1983-05,1983-05-17,0.0383572258814,51.84,54.3,51.84,53.6,30059,91705
SB,1983-05,1983-05-18,0.0180970149254,52.64,54.94,52.26,54.57,21671,93944
SB,1983-05,1983-05-19,-0.026571376214,54.94,55,53.07,53.12,21460,93350
SB,1983-05,1983-05-20,0.0474397590361,52.16,56.02,52.16,55.64,24937,92213
SB,1983-05,1983-05-23,0.0598490294752,56.39,59.23,56.28,58.97,22646,92723
SB,1983-05,1983-05-24,-0.0200101746651,59.39,61.54,57.63,57.79,33499,94890
SB,1983-05,1983-05-25,0.0389340716387,60.04,60.52,58.97,60.04,24260,95089
SB,1983-05,1983-05-26,0.0847768154564,62.34,65.67,61.91,65.13,26489,95940
SB,1983-05,1983-05-27,0.0264087210195,66.47,67.27,63.52,66.85,28292,98994
SB,1983-05,1983-05-31,0.0713537771129,69.15,72.21,68.08,71.62,22637,99100
SB,1983-05,1983-06-01,-0.164758447361,63.79,64.86,59.61,59.82,28283,101324
SB,1983-05,1983-06-02,0.028752925443,60.57,61.65,56.82,61.54,26594,98870
SB,1983-05,1983-06-03,0.0155996100097,61.54,64.54,61.54,62.5,20318,99044
ZL,1983-08,1983-07-29,-0.0237563633116,111.51,111.74,107.35,109.31,16573,53592
ZL,1983-08,1983-08-01,0.0428140151862,109.4,113.99,109.17,113.99,13653,54022
ZL,1983-08,1983-08-02,0.0302658127906,115.25,118.15,114.92,117.44,16085,54075
ZL,1983-08,1983-08-03,0.0203508174387,117.59,121.33,117.26,119.83,18480,55183
ZL,1983-08,1983-08-04,0.0183593424017,120.86,123.66,120.2,122.03,20578,56527
ZL,1983-08,1983-08-05,0.0375317544866,121.33,126.7,120.39,126.61,17178,56835
ZL,1983-08,1983-08-08,-0.00481794487007,130.12,130.35,125.07,126,22014,55958
ZL,1983-08,1983-08-09,-0.0170634920635,126,126.7,123.8,123.85,14724,55745
ZL,1983-08,1983-08-10,0.0377876463464,125.3,128.53,125.3,128.53,15676,56489
ZL,1983-08,1983-08-11,0.0228740371898,129.51,131.61,129.04,131.47,16102,56338
ZL,1983-08,1983-08-12,0.034532592987,131.61,136.15,130.68,136.01,21450,58283
ZL,1983-08,1983-08-15,0.0343357106095,140.26,140.68,139.33,140.68,15872,59830
ZL,1983-08,1983-08-16,0.033266988911,145.36,145.36,141.43,145.36,25134,61015
ZL,1983-08,1983-08-17,0.012520638415,147.27,150.03,145.4,147.18,21072,62737
ZL,1983-08,1983-08-18,-0.0317977986139,147.04,147.04,142.5,142.5,20575,61304
ZL,1983-08,1983-08-19,-0.0255438596491,139.09,141.2,138.02,138.86,23269,61401
ZL,1983-08,1983-08-22,0.0293821114792,142.94,142.94,142.94,142.94,9138,61959
ZL,1983-08,1983-08-23,0.0324611725199,147.58,147.58,147.58,147.58,7985,62988
ZL,1983-08,1983-08-24,0.0314405746036,148.51,152.22,148.28,152.22,18397,65319
ZL,1983-08,1983-08-25,0.0375114965182,159.19,159.19,154.31,157.93,24259,66097
ZL,1983-08,1983-08-26,0.041727347559,156.63,164.75,151.99,164.52,28839,66512
ZL,1983-08,1983-08-29,-0.0191466083151,163.36,164.75,158.26,161.37,25372,66319
ZL,1983-08,1983-08-30,-0.028753795625,157.79,158.95,156.73,156.73,22218,66467
ZL,1983-08,1983-08-31,-0.00657181139539,157.1,158.95,153.85,155.7,34044,71323
ZL,1983-08,1983-09-01,-0.0298008991651,158.49,158.49,151.06,151.06,30316,68873
ZL,1983-08,1983-09-02,0.0123129882166,150.6,153.62,148.28,152.92,22037,69127
ZL,1983-08,1983-09-06,0.00817420873659,154.08,155.7,151.76,154.17,17069,69244
EC,1983-09,1983-08-31,0.000224279638417,73.0572,73.197,73.049,73.1394,4521,31826
EC,1983-09,1983-09-01,0.000337711274635,73.1641,73.2217,73.123,73.1641,3151,31948
EC,1983-09,1983-09-02,-0.000561750913358,73.1394,73.1641,73.123,73.123,1706,31860
EC,1983-09,1983-09-06,0.00269956101363,73.3615,73.3615,73.3039,73.3204,3170,32338
EC,1983-09,1983-09-07,0.00213037572081,73.2875,73.4848,73.2792,73.4766,4140,31676
EC,1983-09,1983-09-08,-0.000895523200584,73.5013,73.5342,73.4108,73.4108,3010,31735
EC,1983-09,1983-09-09,0.000448162940603,73.4437,73.4684,73.4273,73.4437,1587,31785
EC,1983-09,1983-09-12,0.00246311119946,73.8467,73.8549,73.6164,73.6246,5987,31656
EC,1983-09,1983-09-13,0.000112734058997,73.6329,73.6904,73.6,73.6329,4619,32087
EC,1983-09,1983-09-14,-0.000893622280258,73.6493,73.6493,73.5506,73.5671,4320,32610
EC,1983-09,1983-09-15,-0.000447210777644,73.5177,73.5917,73.5095,73.5342,3359,32212
EC,1983-09,1983-09-16,0.00178828354698,73.5753,73.6822,73.5671,73.6657,3049,32333
EC,1983-09,1983-09-19,0.00133983658609,73.7562,73.8796,73.6822,73.7644,7054,32580
EC,1983-09,1983-09-20,0.00111571435543,73.8302,73.8878,73.8302,73.8467,4647,30328
EC,1983-09,1983-09-21,-0.000112395002079,73.8878,73.9125,73.8138,73.8384,4385,30671
EC,1983-09,1983-09-22,0.000669028581334,73.7891,73.896,73.7398,73.8878,3663,30738
EC,1983-09,1983-09-23,0.000890539439528,73.9618,73.9865,73.9453,73.9536,2720,30997
EC,1983-09,1983-09-26,0.0017781419701,74.1098,74.1098,74.0276,74.0851,3165,31597
EC,1983-09,1983-09-27,-0.000665450947626,74.0523,74.0687,74.0111,74.0358,3740,32031
EC,1983-09,1983-09-28,-0.000665894067465,74.0934,74.1016,73.9782,73.9865,5072,33334
EC,1983-09,1983-09-29,0.000332493089956,73.9536,74.0194,73.9371,74.0111,3164,34128
EC,1983-09,1983-09-30,0.000999850022497,74.0358,74.1016,74.0194,74.0851,2645,34005
EC,1983-09,1983-10-03,-0.000332050574272,74.118,74.118,74.044,74.0605,3009,34419
EC,1983-09,1983-10-04,0,74.0276,74.1016,74.0029,74.0605,4106,35373
EC,1983-09,1983-10-05,0.000999183100303,74.1098,74.1509,74.0769,74.1345,3879,36183
EC,1984-05,1984-04-30,-0.000112843186039,73.5451,73.5783,73.4869,73.5451,11000,74163
EC,1984-05,1984-05-01,-0.000112855921061,73.5285,73.57,73.5119,73.5368,7314,74644
EC,1984-05,1984-05-02,-0.000225737317914,73.5036,73.5368,73.4703,73.5202,9412,74916
EC,1984-05,1984-05-03,-0.000225788286757,73.5451,73.57,73.4953,73.5036,9117,74578
EC,1984-05,1984-05-04,-0.00214819410206,73.4869,73.4869,73.3374,73.3457,21046,76805
EC,1984-05,1984-05-07,-0.00101846461347,73.3291,73.3707,73.2627,73.271,14036,79082
EC,1984-05,1984-05-08,-0.000567755319294,73.2128,73.2544,73.1048,73.2294,25229,79434
EC,1984-05,1984-05-09,-0.00215487222345,73.2045,73.2045,73.0633,73.0716,17539,79959
EC,1984-05,1984-05-10,-0.00113587221301,73.0052,73.0799,72.9387,72.9886,27820,79709
EC,1984-05,1984-05-11,-0.00182083229436,72.8557,73.1547,72.756,72.8557,35779,84124
EC,1984-05,1984-05-14,0.000341771474298,72.9803,73.0052,72.864,72.8806,21711,84371
EC,1984-05,1984-05-15,0.00068330941293,72.8723,72.9803,72.8141,72.9304,20926,84997
EC,1984-05,1984-05-16,0.00091182826366,72.9719,73.0467,72.9221,72.9969,19781,85851
EC,1984-05,1984-05-17,-0.000910997590309,72.9969,73.0135,72.9221,72.9304,17871,86830
EC,1984-05,1984-05-18,0.002163706767,72.864,73.1132,72.864,73.0882,20923,84854
EC,1984-05,1984-05-21,0.000682736748203,73.1381,73.2294,73.1132,73.1381,16830,85095
EC,1984-05,1984-05-22,-0.00286717866611,73.0626,73.1129,72.9284,72.9284,21750,86192
EC,1984-05,1984-05-23,-0.00103526198299,72.9871,72.9871,72.8446,72.8529,17712,87226
EC,1984-05,1984-05-24,-0.00368276348642,72.7607,72.7691,72.5343,72.5846,32383,88596
EC,1984-05,1984-05-25,0.00115451486955,72.6684,72.7775,72.593,72.6684,22546,88397
EC,1984-05,1984-05-29,-0.000460998178025,72.7439,72.7523,72.6097,72.6349,14104,89544
EC,1984-05,1984-05-30,-0.00219316058809,72.5426,72.5678,72.4252,72.4756,20730,89260
EC,1984-05,1984-05-31,0.000809927754996,72.4756,72.6265,72.4588,72.5343,20163,90253
EC,1984-05,1984-06-01,0.0038147469542,72.7439,72.8446,72.5846,72.811,26994,91110
EC,1984-05,1984-06-04,0.00380162338108,72.9284,73.0961,72.8697,73.0878,22655,88474
EC,1984-05,1984-06-05,0.000113562044555,73.1213,73.1297,73.0039,73.0961,19503,88344
EC,1984-07,1984-06-29,-0.000115287539476,72.8613,72.9452,72.8194,72.8529,14660,89253
EC,1984-07,1984-07-02,0.0004612033289,72.8194,72.8949,72.7942,72.8865,12715,89981
EC,1984-07,1984-07-03,0.000920609440706,72.8278,72.962,72.811,72.9536,15362,89856
EC,1984-07,1984-07-05,0,72.9284,73.0374,72.8949,72.9536,16182,90311
EC,1984-07,1984-07-06,0,72.9536,72.9536,72.8362,72.9536,16830,92487
EC,1984-07,1984-07-09,0.00206843802088,72.9871,73.1129,72.962,73.1045,18524,92537
EC,1984-07,1984-07-10,-0.000458248124261,73.1045,73.1632,73.0542,73.071,21632,92296
EC,1984-07,1984-07-11,0.000114956685963,73.0039,73.0961,73.0039,73.0794,18194,93646
EC,1984-07,1984-07-12,0.00252465126971,73.0794,73.2807,73.0794,73.2639,20234,95350
EC,1984-07,1984-07-13,0.00251829345694,73.3058,73.5071,73.3058,73.4484,26145,94455
EC,1984-07,1984-07-16,-0.00171276705823,73.44,73.44,73.289,73.3226,21918,94750
EC,1984-07,1984-07-17,-0.000686009497754,73.2387,73.2807,73.2219,73.2723,18238,94401
EC,1984-07,1984-07-18,0.00102903825866,73.289,73.3561,73.1968,73.3477,16614,94309
EC,1984-07,1984-07-19,0.00022904603689,73.3561,73.3981,73.3226,73.3645,13525,94791
EC,1984-07,1984-07-20,-0.000114496793408,73.3729,73.4652,73.3394,73.3561,17520,96318
EC,1984-07,1984-07-23,0.00160041223566,73.3394,73.4819,73.2219,73.4735,25549,98228
EC,1984-07,1984-07-24,0.000798927504474,73.4568,73.6245,73.4568,73.5322,24005,98006
EC,1984-07,1984-07-25,0.00342163025178,73.5322,73.809,73.5322,73.7838,41264,96199
EC,1984-07,1984-07-26,0.00216036582556,73.7503,73.9935,73.7084,73.9432,34069,95224
EC,1984-07,1984-07-27,-0.00181490657694,73.8929,73.9516,73.7754,73.809,25538,95002
EC,1984-07,1984-07-30,-0.000795295966617,73.7671,73.7838,73.7251,73.7503,15117,94966
EC,1984-07,1984-07-31,0.000340337598627,73.7587,73.8342,73.7419,73.7754,19457,95066
EC,1984-07,1984-08-01,-0.00011250362587,73.7922,73.9096,73.7503,73.7671,23919,93192
EC,1984-07,1984-08-02,0.000340260088847,73.7922,73.8509,73.7419,73.7922,18558,92822
EC,1984-07,1984-08-03,0.00216011990427,73.9683,74.0522,73.9264,73.9516,22629,91776
EC,1984-10,1984-09-28,-0.00214306857953,74.592,74.6004,74.474,74.4993,17617,78146
EC,1984-10,1984-10-01,-0.00135705973076,74.474,74.4909,74.3898,74.3982,15872,77799
EC,1984-10,1984-10-02,0.000340061990747,74.3645,74.4572,74.3561,74.4235,15070,78921
EC,1984-10,1984-10-03,-0.000792760351233,74.4993,74.5077,74.3561,74.3645,17035,79501
EC,1984-10,1984-10-04,0.00158543391,74.4235,74.4993,74.4066,74.4824,14671,79585
EC,1984-10,1984-10-05,0.00147148856643,74.5246,74.6256,74.4909,74.592,15409,80166
EC,1984-10,1984-10-08,0.000337837837838,74.6004,74.6256,74.592,74.6172,3217,79739
EC,1984-10,1984-10-09,0.000339063915558,74.6509,74.7604,74.6341,74.6425,24607,82637
EC,1984-10,1984-10-10,0.000225072847239,74.7436,74.7689,74.6172,74.6593,21983,83145
EC,1984-10,1984-10-11,0.000790256538703,74.6593,74.7267,74.6004,74.7183,20622,84051
EC,1984-10,1984-10-12,0.00112689930044,74.7267,74.8278,74.7099,74.8025,23393,83388
EC,1984-10,1984-10-15,-0.000675111125965,74.7604,74.8194,74.7352,74.752,22390,85585
EC,1984-10,1984-10-16,0.000338452482877,74.752,74.8025,74.7436,74.7773,13968,85002
EC,1984-10,1984-10-17,0.00180268610929,74.811,74.9457,74.811,74.9121,20349,86036
EC,1984-10,1984-10-18,0.00269782852169,74.9626,75.1311,74.9373,75.1142,29726,86875
EC,1984-10,1984-10-19,0.00112229112471,75.2406,75.3164,75.1985,75.1985,32946,86959
EC,1984-10,1984-10-22,0.00044814723698,75.1732,75.2827,75.1563,75.2322,18692,86826
EC,1984-10,1984-10-23,0.00223840323691,75.3248,75.4427,75.3248,75.4006,27505,86680
EC,1984-10,1984-10-24,0.00201192032955,75.4933,75.5607,75.4175,75.5523,24112,89243
EC,1984-10,1984-10-25,-0.00178419452485,75.5354,75.5691,75.4006,75.4175,27154,88656
EC,1984-10,1984-10-26,-0.00223422945603,75.2911,75.3248,75.2153,75.249,27325,88785
EC,1984-10,1984-10-29,0.000111629390424,75.2237,75.2995,75.2069,75.2574,16007,89119
EC,1984-10,1984-10-30,0.00347075503539,75.2995,75.527,75.2911,75.5186,31344,90117
EC,1984-10,1984-10-31,0.000333692626717,75.5523,75.5859,75.4596,75.5438,27688,89927
EC,1984-10,1984-11-01,0.00178439527797,75.527,75.687,75.4933,75.6786,32786,90269
EC,1984-10,1984-11-02,0.000556299931552,75.7292,75.7628,75.5775,75.7207,36092,91974
EC,1984-10,1984-11-05,0.00289220781107,75.7713,75.9734,75.7544,75.9397,34170,92866
EC,1985-05,1985-04-30,0.00143013180683,77.5453,77.7245,77.5453,77.6562,40261,110046
EC,1985-05,1985-05-01,0.00131863263976,77.6306,77.7842,77.6136,77.7586,37124,109552
EC,1985-05,1985-05-02,-0.000110598699051,77.7415,77.7586,77.6733,77.75,27004,110942
EC,1985-05,1985-05-03,0.00186495176849,77.8524,77.9462,77.8439,77.895,44488,112694
EC,1985-05,1985-05-06,0.000437768791322,77.9036,77.9462,77.8865,77.9291,23743,112505
EC,1985-05,1985-05-07,0.000110356721687,77.9206,78.04,77.9036,77.9377,50423,114588
EC,1985-05,1985-05-08,-0.000656934962156,77.9633,77.9633,77.8353,77.8865,44155,117767
EC,1985-05,1985-05-09,0.00109518337581,77.9036,77.9803,77.8609,77.9718,35280,118399
EC,1985-05,1985-05-10,0.000328323829897,78.0315,78.0997,77.9889,77.9974,35255,119803
EC,1985-05,1985-05-13,0,78.023,78.0315,77.9803,77.9974,16287,119798
EC,1985-05,1985-05-14,0.00131158218094,78.023,78.1168,77.9974,78.0997,40565,121587
EC,1985-05,1985-05-15,0,78.1338,78.2191,78.0827,78.0997,50207,123296
EC,1985-05,1985-05-16,0.000983358450801,78.1083,78.2021,78.0571,78.1765,42772,124085
EC,1985-05,1985-05-17,-0.000108728326287,78.1424,78.1935,78.1083,78.168,26187,124032
EC,1985-05,1985-05-20,0.00283619895609,78.3812,78.4324,78.3556,78.3897,35877,126954
EC,1985-05,1985-05-21,0.000108432612958,78.3982,78.4238,78.3471,78.3982,25863,128665
EC,1985-05,1985-05-22,-0.000218117252692,78.4068,78.4412,78.3553,78.3811,30577,131701
EC,1985-05,1985-05-23,-0.000657046150156,78.3038,78.3467,78.2781,78.3296,26135,129562
EC,1985-05,1985-05-24,0.00109537135387,78.3639,78.4326,78.3467,78.4154,21871,129676
EC,1985-05,1985-05-28,0.000985775753232,78.4927,78.5614,78.4755,78.4927,35652,133348
EC,1985-05,1985-05-29,0.000217854654,78.4755,78.5184,78.4498,78.5098,29710,133857
EC,1985-05,1985-05-30,0.000875049993759,78.5785,78.6043,78.5184,78.5785,38659,131422
EC,1985-05,1985-05-31,0.00185801459687,78.5442,78.7416,78.5442,78.7245,35884,130730
EC,1985-05,1985-06-03,0.00207178197385,78.8017,78.9391,78.7932,78.8876,40511,129912
EC,1985-05,1985-06-04,0.000434795836101,78.8447,78.9305,78.8103,78.9219,34172,128412
EC,1985-05,1985-06-05,0.00326398629531,79.0936,79.2052,79.0679,79.1795,46847,127102
SB,1985-07,1985-06-28,0.0029197080292,6.94,7.22,6.85,6.87,13050,81969
SB,1985-07,1985-07-01,-0.0174672489083,6.92,6.96,6.73,6.75,3349,81855
SB,1985-07,1985-07-02,-0.0340740740741,6.64,6.68,6.5,6.52,5945,81509
SB,1985-07,1985-07-03,0.010736196319,6.59,6.61,6.4,6.59,3886,81249
SB,1985-07,1985-07-08,0,6.47,6.64,6.45,6.59,4513,81345
SB,1985-07,1985-07-09,0.01062215478,6.57,6.75,6.57,6.66,5694,80996
SB,1985-07,1985-07-10,0.042042042042,6.73,6.96,6.73,6.94,7664,81074
SB,1985-07,1985-07-11,-0.0028818443804,6.87,6.96,6.8,6.92,5200,81291
SB,1985-07,1985-07-12,-0.0101156069364,6.87,6.89,6.68,6.85,5242,80412
SB,1985-07,1985-07-15,0.0029197080292,6.87,6.89,6.71,6.87,3618,80954
SB,1985-07,1985-07-16,0.037845705968,6.8,7.15,6.8,7.13,9043,82314
SB,1985-07,1985-07-17,0.0589060308555,7.27,7.57,7.22,7.55,12171,83128
SB,1985-07,1985-07-18,0.0423841059603,7.48,7.92,7.48,7.87,16266,83482
SB,1985-07,1985-07-19,0.0152477763659,7.89,7.99,7.78,7.99,9468,84498
SB,1985-07,1985-07-22,0.09887359199,7.87,8.83,7.85,8.78,20959,87546
SB,1985-07,1985-07-23,0.00569476082005,8.85,9.18,8.45,8.83,24200,86650
SB,1985-07,1985-07-24,-0.035107587769,8.57,8.83,8.31,8.52,10412,87161
SB,1985-07,1985-07-25,0.129107981221,8.62,9.78,8.62,9.62,19941,89467
SB,1985-07,1985-07-26,0.152806652807,10.83,11.29,10.08,11.09,34288,90043
SB,1985-07,1985-07-29,-0.0883678990081,10.64,11.25,10.04,10.11,27581,90978
SB,1985-07,1985-07-30,-0.0138476755687,10.13,10.48,9.9,9.97,18822,91838
SB,1985-07,1985-07-31,0.0511534603811,10.27,10.64,10.01,10.48,15583,91489
SB,1985-07,1985-08-01,0.0534351145038,10.88,11.36,10.62,11.04,24313,92088
SB,1985-07,1985-08-02,0.0108695652174,11.02,11.18,10.62,11.16,17557,92362
SB,1985-07,1985-08-05,0.0241935483871,11.53,11.64,11.36,11.43,13464,92280
KC,1985-12,1985-11-29,0.0243065536617,3303.66,3385.2,3303.66,3385.2,3384,11776
KC,1985-12,1985-12-02,0.0237297648588,3465.53,3465.53,3465.53,3465.53,1738,11822
KC,1985-12,1985-12-03,0.0148923829833,3444.24,3568.76,3444.24,3517.14,7755,12405
KC,1985-12,1985-12-04,-0.00491023956965,3516.54,3549.68,3469.55,3499.87,6269,12707
KC,1985-12,1985-12-05,0.0229522810847,3544.66,3580.2,3540.64,3580.2,3523,12995
KC,1985-12,1985-12-06,0.022440087146,3660.54,3660.54,3635.03,3660.54,4057,13511
KC,1985-12,1985-12-09,0.00383823151775,3695.28,3730.83,3670.18,3674.59,6569,13704
KC,1985-12,1985-12-10,0.0327927741598,3618.96,3795.09,3584.82,3795.09,6757,14240
KC,1985-12,1985-12-11,-0.0265105702368,3815.78,3891.49,3674.59,3694.48,7045,14006
KC,1985-12,1985-12-12,0.0326162274528,3814.98,3814.98,3775.61,3814.98,4372,14446
KC,1985-12,1985-12-13,0.0315833896901,3855.94,3935.47,3855.94,3935.47,5217,14066
KC,1985-12,1985-12-16,0.0306189603783,4055.97,4055.97,4055.97,4055.97,1586,13980
KC,1985-12,1985-12-17,0.0297092927216,4176.47,4176.47,4176.47,4176.47,1505,14027
KC,1985-12,1985-12-18,0.0196673267137,4182.29,4265.64,4055.97,4258.61,7418,13171
KC,1985-12,1985-12-19,0.0642768415046,4259.01,4619.1,4259.01,4532.34,6122,13005
KC,1985-12,1985-12-20,0.0669102494517,4719.52,4998.67,4684.37,4835.6,4003,12742
KC,1985-12,1985-12-23,0.0244188932087,4960.51,5000.68,4900.26,4953.68,2191,12374
KC,1985-12,1985-12-26,-0.0285807722743,4870.14,4938.42,4538.77,4812.1,4475,12671
KC,1985-12,1985-12-27,-0.0730367199352,4629.14,4759.68,4458.44,4460.64,6221,13262
KC,1985-12,1985-12-30,0.0435834319739,4624.12,4659.27,4460.64,4655.05,5624,13455
KC,1985-12,1985-12-31,0.0409855962879,4669.31,4888.21,4669.31,4845.84,2056,13167
KC,1985-12,1986-01-02,0.0715727304244,5121.18,5261.76,5106.11,5192.67,2951,13539
KC,1985-12,1986-01-03,-0.01021054679,5241.67,5296.9,5103.1,5139.65,3678,13310
KC,1985-12,1986-01-06,0.0224684560233,5241.67,5266.58,5081.01,5255.13,4530,12964
SB,1986-03,1986-02-28,0.0275080906149,12.32,12.72,12.32,12.7,11870,85112
SB,1986-03,1986-03-03,0.0937007874016,12.76,14.11,12.7,13.89,31278,89088
SB,1986-03,1986-03-04,0.00719942404608,13.87,14.03,13.75,13.99,19513,91578
SB,1986-03,1986-03-05,-0.0271622587563,13.63,13.81,13.43,13.61,17764,93844
SB,1986-03,1986-03-06,0.00734753857458,13.81,13.93,13.47,13.71,11115,95032
SB,1986-03,1986-03-07,-0.00291757840992,13.57,13.81,13.57,13.67,9713,97057
SB,1986-03,1986-03-10,-0.00731528895391,13.59,13.65,13.41,13.57,8421,98829
SB,1986-03,1986-03-11,0.0619012527634,13.55,14.5,13.53,14.41,29507,103945
SB,1986-03,1986-03-12,-0.00832755031228,14.39,14.56,14.19,14.29,18538,104343
SB,1986-03,1986-03-13,0,14.21,14.37,14.07,14.29,10387,104258
SB,1986-03,1986-03-14,0.0314905528341,14.62,14.82,14.5,14.74,19000,107160
SB,1986-03,1986-03-17,-0.00814111261872,14.62,14.66,14.52,14.62,12210,109326
SB,1986-03,1986-03-18,0.0109439124487,14.76,15.06,14.76,14.78,19737,111164
SB,1986-03,1986-03-19,-0.0189445196211,14.68,14.78,14.35,14.5,14714,113197
SB,1986-03,1986-03-20,0.00689655172414,14.7,14.92,14.58,14.6,10850,114926
SB,1986-03,1986-03-21,0.0493150684932,14.72,15.32,14.72,15.32,17167,116218
SB,1986-03,1986-03-24,0.0711488250653,15.42,16.43,15.42,16.41,26610,114680
SB,1986-03,1986-03-25,0.00609384521633,17.04,17.08,16.23,16.51,30823,112782
SB,1986-03,1986-03-26,0.068443367656,16.63,17.94,16.63,17.64,30774,114334
SB,1986-03,1986-03-27,0,17.44,17.8,17.04,17.64,26604,116356
SB,1986-03,1986-03-31,0.0493197278912,17.9,18.59,17.9,18.51,17328,118580
SB,1986-03,1986-04-01,-0.0286331712588,18.04,18.67,17.84,17.98,24240,121530
SB,1986-03,1986-04-02,-0.0233592880979,17.34,17.94,17.18,17.56,23335,121694
SB,1986-03,1986-04-03,-0.00227790432802,17.6,17.84,17.24,17.52,20080,119051
ZB,1986-04,1986-03-31,-0.0640074211503,10.41,10.41,10.09,10.09,305,3212
ZB,1986-04,1986-04-01,0.0505450941526,9.73,10.6,9.52,10.6,307,2710
ZB,1986-04,1986-04-02,0.0235849056604,11.16,11.16,10.66,10.85,402,2831
ZB,1986-04,1986-04-03,-0.0101382488479,10.66,10.91,10.51,10.74,261,2737
ZB,1986-04,1986-04-04,0.0512104283054,10.93,11.5,10.93,11.29,495,2842
ZB,1986-04,1986-04-07,0.0761736049601,11.93,12.4,11.65,12.15,306,2795
ZB,1986-04,1986-04-08,-0.0724279835391,11.75,11.75,11.03,11.27,289,2760
ZB,1986-04,1986-04-09,0.0408163265306,11.34,11.88,11.34,11.73,255,2786
ZB,1986-04,1986-04-10,0.0306905370844,12.09,12.09,12.03,12.09,123,2738
ZB,1986-04,1986-04-11,0.0198511166253,12.15,12.4,12.02,12.33,314,2691
ZB,1986-04,1986-04-14,-0.0251419302514,12.26,12.47,12,12.02,286,2658
ZB,1986-04,1986-04-15,-0.00415973377704,12.18,12.18,11.97,11.97,144,2582
ZB,1986-04,1986-04-16,-0.0417710944027,11.49,11.57,11.47,11.47,428,2626
ZB,1986-04,1986-04-17,-0.00784655623365,11.52,11.54,11.32,11.38,340,2729
ZB,1986-04,1986-04-18,0.0386643233743,11.64,11.88,11.54,11.82,399,2844
ZB,1986-04,1986-04-21,0.0363790186125,11.97,12.25,11.82,12.25,223,2881
ZB,1986-04,1986-04-22,0.014693877551,12.4,12.43,12.14,12.43,320,2909
ZB,1986-04,1986-04-23,0.0410297666935,12.72,12.94,12.72,12.94,361,2866
ZB,1986-04,1986-04-24,0.0146831530139,13.29,13.61,12.99,13.13,312,2737
ZB,1986-04,1986-04-25,0.03808073115,12.91,13.63,12.9,13.63,298,2771
ZB,1986-04,1986-04-28,0.00880410858401,14.02,14.2,13.73,13.75,487,2869
ZB,1986-04,1986-04-29,-0.0123636363636,13.57,13.62,13.44,13.58,392,2920
ZB,1986-04,1986-04-30,-0.00294550810015,13.31,13.67,13.29,13.54,406,2850
ZB,1986-04,1986-05-01,0.0169867060561,13.59,14.02,13.57,13.77,742,3140
ZB,1986-04,1986-05-02,0.0225127087872,13.85,14.24,13.85,14.08,303,3128
ZB,1986-04,1986-05-05,-0.0397727272727,14,14,13.52,13.52,395,3117
ZB,1986-08,1986-07-31,-0.051689860835,9.92,9.92,9.54,9.54,1180,4637
ZB,1986-08,1986-08-01,0.0345911949686,9.71,9.87,9.64,9.87,565,4135
ZB,1986-08,1986-08-04,0.116514690983,10.17,11.03,10.14,11.02,757,4584
ZB,1986-08,1986-08-05,0.100725952813,12.94,12.94,11.96,12.13,415,4342
ZB,1986-08,1986-08-06,0.0115416323166,11.86,12.28,11.86,12.27,713,4530
ZB,1986-08,1986-08-07,0.0179299103504,12.43,12.65,12.43,12.49,1059,4970
ZB,1986-08,1986-08-08,-0.0192153722978,12.2,12.27,12.11,12.25,541,5231
ZB,1986-08,1986-08-11,0.0065306122449,12.38,12.46,12.16,12.33,607,5293
ZB,1986-08,1986-08-12,0.0373073803731,12.63,12.87,12.61,12.79,475,5318
ZB,1986-08,1986-08-13,0.0140734949179,13.06,13.2,12.82,12.97,752,5416
ZB,1986-08,1986-08-14,0.00693909020817,12.8,13.06,12.8,13.06,613,5555
ZB,1986-08,1986-08-15,0.0137825421133,13.31,13.33,13.23,13.24,863,5645
ZB,1986-08,1986-08-18,0.000755287009063,13.53,13.53,13.25,13.25,696,5742
ZB,1986-08,1986-08-19,-0.0264150943396,13.2,13.2,12.88,12.9,972,5949
ZB,1986-08,1986-08-20,0.0217054263566,12.95,13.25,12.95,13.18,727,6108
ZB,1986-08,1986-08-21,-0.000758725341426,13.42,13.43,13.13,13.17,766,6283
ZB,1986-08,1986-08-22,-0.00379650721336,13.03,13.16,12.93,13.12,1008,6677
ZB,1986-08,1986-08-25,-0.00457317073171,13.06,13.09,13.06,13.06,137,6678
ZB,1986-08,1986-08-26,0.00765696784073,13.16,13.24,13.16,13.16,555,6597
ZB,1986-08,1986-08-27,-0.00455927051672,13.16,13.23,12.95,13.1,1352,7081
ZB,1986-08,1986-08-28,0.0145038167939,13.1,13.29,13.06,13.29,2735,7536
ZB,1986-08,1986-08-29,0.00827689992476,13.28,13.51,13.28,13.4,952,8021
ZB,1986-08,1986-09-02,0.0179104477612,13.68,13.68,13.47,13.64,1106,7663
ZB,1986-08,1986-09-03,-0.0102639296188,13.58,13.72,13.47,13.5,1504,8124
ZB,1986-08,1986-09-04,0.00444444444444,13.55,13.59,13.47,13.56,1210,8583
ZP,1986-08,1986-07-31,0.0352758084039,589.3,601.5,586.8,598.7,8248,18744
ZP,1986-08,1986-08-01,0.00985468515116,594.4,606.2,593.2,604.6,6324,18564
ZP,1986-08,1986-08-04,0.00562355276216,603.4,608,602.1,608,4335,18940
ZP,1986-08,1986-08-05,-0.00115131578947,604.1,609.8,600.9,607.3,3559,18746
ZP,1986-08,1986-08-06,0.0172896426807,612.4,620.1,612.4,617.8,5129,19219
ZP,1986-08,1986-08-07,0.0328585302687,627.8,640.4,627.2,638.1,7988,18935
ZP,1986-08,1986-08-08,0.0503055947344,641.8,670.2,638.6,670.2,9381,20020
ZP,1986-08,1986-08-11,0.0477469412116,702.2,702.2,682.8,702.2,11629,20808
ZP,1986-08,1986-08-12,-0.00769011677585,685.3,703.3,676.4,696.8,10795,21851
ZP,1986-08,1986-08-13,-0.0157864523536,721.3,721.3,672.6,685.8,11356,21813
ZP,1986-08,1986-08-14,0.0201224846894,681.6,701.4,676.4,699.6,5637,20570
ZP,1986-08,1986-08-15,-0.00100057175529,703.3,704.6,689.3,698.9,5232,19535
ZP,1986-08,1986-08-18,-0.0120188868221,688.6,695,680.3,690.5,5018,19828
ZP,1986-08,1986-08-19,-0.00608254887762,682.8,693.7,677.7,686.3,5875,19635
ZP,1986-08,1986-08-20,0.0416727378697,698.2,716.8,693.1,714.9,9260,20116
ZP,1986-08,1986-08-21,0.0446216254022,711,746.9,707.4,746.8,12766,21622
ZP,1986-08,1986-08-22,-0.019282271023,749.5,761.6,726.5,732.4,16667,22600
ZP,1986-08,1986-08-25,0.0289459311851,732.8,754.6,730.2,753.6,8915,22246
ZP,1986-08,1986-08-26,0.000796178343949,754.6,765.5,746.9,754.2,10765,22042
ZP,1986-08,1986-08-27,0.00676213206046,743.1,764.2,739.2,759.3,10134,22708
ZP,1986-08,1986-08-28,0.0370077703148,766.1,789.2,766.1,787.4,13239,23923
ZP,1986-08,1986-08-29,0.0190500381001,804.6,809.5,790.8,802.4,14811,25875
ZP,1986-08,1986-09-02,0.0398803589232,825.1,834.4,818.6,834.4,11254,26929
ZP,1986-08,1986-09-03,0.00323585810163,846.8,849.4,823.8,837.1,17283,27297
ZP,1986-08,1986-09-04,0.0181579261737,819.9,866,813.5,852.3,19943,28670
ZU,1986-08,1986-07-31,-0.0492294520548,23.5,23.7,21.97,22.21,41302,131234
ZU,1986-08,1986-08-01,0.0355695632598,22.5,23.08,22.34,23,23279,129564
ZU,1986-08,1986-08-04,0.150869565217,23.4,26.63,23.4,26.47,57066,139015
ZU,1986-08,1986-08-05,0.129958443521,31.86,32.86,29.14,29.91,60078,135585
ZU,1986-08,1986-08-06,-0.0033433634236,28.88,30.07,28.78,29.81,58385,136578
ZU,1986-08,1986-08-07,0.0234820530023,30.37,30.77,29.47,30.51,40373,126766
ZU,1986-08,1986-08-08,-0.0321206161914,29.97,29.97,29.37,29.53,43190,123187
ZU,1986-08,1986-08-11,-0.00135455469015,29.84,30.24,29.43,29.49,29535,122291
ZU,1986-08,1986-08-12,0.0417090539166,29.94,31.51,29.94,30.72,46559,118228
ZU,1986-08,1986-08-13,0.00813802083333,30.95,31.55,30.14,30.97,48768,121647
ZU,1986-08,1986-08-14,0.00774943493704,30.76,31.25,30.56,31.21,26034,115179
ZU,1986-08,1986-08-15,0.0275552707466,31.65,32.26,31.55,32.07,32951,114765
ZU,1986-08,1986-08-18,-0.0162145307141,32.46,32.6,31.41,31.55,30242,113247
ZU,1986-08,1986-08-19,-0.0313787638669,30.74,31.15,30.5,30.56,40325,109981
ZU,1986-08,1986-08-20,0.0265052356021,30.34,31.45,30.24,31.37,39368,104102
ZU,1986-08,1986-08-21,-0.00637551801084,31.75,32.03,30.95,31.17,25517,95393
ZU,1986-08,1986-08-22,0.00192492781521,31.05,31.39,31.01,31.23,10737,93143
ZU,1986-08,1986-08-25,0.00128081972462,31.07,31.55,31.07,31.27,8322,93349
ZU,1986-08,1986-08-26,0.0204669011832,31.65,32.05,31.55,31.91,17215,92095
ZU,1986-08,1986-08-27,-0.00250705108117,32.22,32.4,31.31,31.83,25492,97397
ZU,1986-08,1986-08-28,0.00125667609174,31.85,31.93,31.41,31.87,18909,97546
ZU,1986-08,1986-08-29,0.00564794477565,32.05,32.09,31.75,32.05,15155,97455
ZU,1986-08,1986-09-02,0.0352574102964,32.62,33.24,32.5,33.18,29103,101256
ZU,1986-08,1986-09-03,-0.0198915009042,33.38,33.38,32.44,32.52,29716,101524
ZU,1986-08,1986-09-04,0.00492004920049,32.52,32.9,32.36,32.68,25124,101281
ZR,1987-09,1987-08-31,0.0412179513731,19314.4,20352.8,19314.4,20110.5,59,956
ZR,1987-09,1987-09-01,-0.0137689266801,20110.5,20145.1,19660.5,19833.6,159,1068
ZR,1987-09,1987-09-02,0.00523354307841,20110.5,20145.1,19902.8,19937.4,106,1049
ZR,1987-09,1987-09-03,0.0312528213308,19902.8,20595.1,19902.8,20560.5,309,1158
ZR,1987-09,1987-09-04,0.0109433136354,20664.3,20802.8,20283.6,20785.5,163,1223
ZR,1987-09,1987-09-08,0.0499579033461,20768.2,21823.9,20768.2,21823.9,208,1315
ZR,1987-09,1987-09-09,0.0261685583237,22152.7,22498.8,21875.8,22395,154,1401
ZR,1987-09,1987-09-10,0.0463674927439,22568.1,23433.4,22568.1,23433.4,378,1474
ZR,1987-09,1987-09-11,-0.0443128184557,24471.8,24471.8,22395,22395,417,1635
ZR,1987-09,1987-09-14,0.020093770931,21529.7,22845,21529.7,22845,143,1624
ZR,1987-09,1987-09-15,-0.00302910921427,23018.1,23191.1,22671.9,22775.8,154,1690
ZR,1987-09,1987-09-16,0.0121576410049,22914.2,23710.3,22914.2,23052.7,194,1758
ZR,1987-09,1987-09-17,0.0450446151644,23191.1,24091.1,23191.1,24091.1,260,1822
ZR,1987-09,1987-09-18,0.043103054655,24748.7,25129.5,24748.7,25129.5,190,1862
ZR,1987-09,1987-09-21,0.0537177420959,26167.9,26687.1,25960.2,26479.4,319,1942
ZR,1987-09,1987-09-22,0.0261448522247,26652.5,27275.5,26479.4,27171.7,225,1965
ZR,1987-09,1987-09-23,0.0547775810862,28037,28729.3,27414,28660.1,546,2147
ZR,1987-09,1987-09-24,-0.022948280013,28660.1,28729.3,27621.7,28002.4,396,2257
ZR,1987-09,1987-09-25,0.00247121675285,27967.8,28175.5,27725.5,28071.6,209,2322
ZR,1987-09,1987-09-28,-0.0110966243463,28210.1,28244.7,27171.7,27760.1,166,2346
ZR,1987-09,1987-09-29,0.0255618675725,26825.6,28521.6,26825.6,28469.7,311,2418
ZR,1987-09,1987-09-30,0.036473865197,29508.1,29508.1,29508.1,29508.1,242,2483
ZR,1987-09,1987-10-01,0.0351903375683,30286.9,30546.5,29940.8,30546.5,441,2549
ZR,1987-09,1987-10-02,0.0509911119113,30979.2,32104.1,30979.2,32104.1,313,2659
ZR,1987-09,1987-10-05,0.0242585837946,32329.1,33609.8,32104.1,32882.9,330,2733
SB,1988-06,1988-05-31,0.010147601476,11.06,11.15,10.89,10.95,19614,150872
SB,1988-06,1988-06-01,0.0520547945205,11.19,11.54,11.17,11.52,32740,157184
SB,1988-06,1988-06-02,-0.0182291666667,11.28,11.53,11.25,11.31,23586,160734
SB,1988-06,1988-06-03,0.0221043324492,11.24,11.62,11.24,11.56,30092,163598
SB,1988-06,1988-06-06,0.0320069204152,11.8,12,11.8,11.93,31461,165986
SB,1988-06,1988-06-07,-0.0150880134116,11.78,11.9,11.68,11.75,22712,166829
SB,1988-06,1988-06-08,-0.0306382978723,11.51,11.56,11.33,11.39,30528,167958
SB,1988-06,1988-06-09,0.0114135206321,11.19,11.54,11.08,11.52,27343,168591
SB,1988-06,1988-06-10,0.00347222222222,11.63,11.74,11.43,11.56,29248,169466
SB,1988-06,1988-06-13,-0.0320069204152,11.54,11.58,11.18,11.19,20931,167626
SB,1988-06,1988-06-14,0.0196604110813,11.14,11.44,11.14,11.41,22467,164362
SB,1988-06,1988-06-15,-0.00964066608238,11.37,11.55,11.28,11.3,24892,167138
SB,1988-06,1988-06-16,-0.00796460176991,11.34,11.48,11.16,11.21,28242,167310
SB,1988-06,1988-06-17,0.0669045495094,11.18,12,11.18,11.96,34904,169339
SB,1988-06,1988-06-20,0.0510033444816,12.24,12.64,12.18,12.57,49741,177464
SB,1988-06,1988-06-21,0.0190930787589,12.61,12.84,12.3,12.81,32322,174704
SB,1988-06,1988-06-22,0.00546448087432,12.73,12.94,12.57,12.88,34448,173964
SB,1988-06,1988-06-23,-0.0178571428571,12.66,12.88,12.63,12.65,25796,171299
SB,1988-06,1988-06-24,-0.00474308300395,12.47,12.67,12.39,12.59,19908,171866
SB,1988-06,1988-06-27,0.0984908657665,13.02,13.85,13.02,13.83,40359,172693
SB,1988-06,1988-06-28,0.0477223427332,15.14,15.49,14.43,14.49,52198,169232
SB,1988-06,1988-06-29,-0.0324361628709,13.67,14.29,13.38,14.02,52478,162862
SB,1988-06,1988-06-30,0.0570613409415,14.68,15.02,14.39,14.82,39102,162044
SB,1988-06,1988-07-01,0.0506072874494,14.96,15.61,14.96,15.57,36118,163878
SB,1988-06,1988-07-05,-0.034039820167,15.55,15.82,14.9,15.04,43077,159819
SB,1988-06,1988-07-06,0.0917553191489,15.4,16.54,15.16,16.42,41404,162428
ZC,1988-06,1988-05-31,0.0357981220657,4629.45,4660.38,4608.83,4624.3,46527,182364
ZC,1988-06,1988-06-01,-0.0156088489069,4608.83,4619.14,4510.88,4552.12,50711,184189
ZC,1988-06,1988-06-02,0.0181212270327,4521.19,4686.16,4521.19,4634.61,58510,190431
ZC,1988-06,1988-06-03,0.0433801333877,4711.94,4840.82,4711.94,4835.66,57548,192864
ZC,1988-06,1988-06-06,0.0426456781494,5041.88,5041.88,5041.88,5041.88,15114,193859
ZC,1988-06,1988-06-07,0.0521472149278,5351.19,5351.19,5144.98,5304.8,90454,198161
ZC,1988-06,1988-06-08,-0.0242968632182,5196.53,5279.02,5083.12,5175.91,78523,195910
ZC,1988-06,1988-06-09,0.0109565274512,5155.29,5237.78,5041.88,5232.62,77540,199060
ZC,1988-06,1988-06-10,0.0157645691833,5402.75,5402.75,5258.4,5315.11,71559,200162
ZC,1988-06,1988-06-13,0.00678819441178,5382.13,5382.13,5248.09,5351.19,54084,204360
ZC,1988-06,1988-06-14,0.0385372225617,5376.97,5557.41,5376.97,5557.41,74135,208350
ZC,1988-06,1988-06-15,0.0371054142127,5763.62,5763.62,5763.62,5763.62,30573,212358
ZC,1988-06,1988-06-16,0.0536659252345,6072.93,6072.93,6072.93,6072.93,64529,215195
ZC,1988-06,1988-06-17,0.0509342277945,6042,6382.25,6021.38,6382.25,101940,223366
ZC,1988-06,1988-06-20,0.0484656664969,6691.57,6691.57,6691.57,6691.57,41478,227052
ZC,1988-06,1988-06-21,0.0308163853924,6897.78,6897.78,6897.78,6897.78,73818,224354
ZC,1988-06,1988-06-22,0.0262780198847,7028.69,7089.11,6857.5,7079.04,116072,228344
ZC,1988-06,1988-06-23,-0.00426752780038,7149.53,7280.43,7028.69,7048.83,126384,234202
ZC,1988-06,1988-06-24,-0.00714302941055,6948.13,7028.69,6847.43,6998.48,92227,237712
ZC,1988-06,1988-06-27,0.0287762485568,7199.87,7199.87,7199.87,7199.87,28626,238507
ZC,1988-06,1988-06-28,-0.0419577020141,7330.78,7330.78,6897.78,6897.78,115065,238708
ZC,1988-06,1988-06-29,-0.043795250066,6595.69,6595.69,6595.69,6595.69,60169,235477
ZC,1988-06,1988-06-30,0.031297711081,6746.73,6877.64,6585.62,6802.12,100606,235560
ZC,1988-06,1988-07-01,0.0296069460698,7003.51,7003.51,6917.92,7003.51,87507,240529
ZC,1988-06,1988-07-05,0.00934674184802,7209.94,7270.36,6746.73,7068.97,107849,244183
ZC,1988-06,1988-07-06,-0.00641111788563,7068.97,7109.25,6827.29,7023.65,97084,249339
ZO,1988-06,1988-05-31,0.0564381103447,1300.65,1320.53,1288.01,1318.72,1839,8552
ZO,1988-06,1988-06-01,-0.0178051443824,1327.75,1327.75,1278.98,1295.24,1435,8544
ZO,1988-06,1988-06-02,0.0404403817053,1295.24,1353.04,1293.43,1347.62,2195,8720
ZO,1988-06,1988-06-03,0.0536204568053,1387.36,1419.88,1387.36,1419.88,2295,8932
ZO,1988-06,1988-06-06,0.0508916246443,1492.14,1492.14,1492.14,1492.14,82,8919
ZO,1988-06,1988-06-07,0.0726406369376,1586.08,1600.53,1528.27,1600.53,4130,9815
ZO,1988-06,1988-06-08,0.0609485607892,1575.24,1708.92,1571.62,1698.08,3529,9624
ZO,1988-06,1988-06-09,0.0638250259116,1734.21,1806.46,1734.21,1806.46,3768,9805
ZO,1988-06,1988-06-10,0.0400008857102,1878.72,1878.72,1878.72,1878.72,2249,9763
ZO,1988-06,1988-06-13,0.00769140691535,1914.85,1932.92,1806.46,1893.17,4968,9686
ZO,1988-06,1988-06-14,0.0276731619453,1900.4,1950.98,1820.92,1945.56,3466,10199
ZO,1988-06,1988-06-15,0.037140977405,1997.95,2017.82,1997.95,2017.82,1048,10241
ZO,1988-06,1988-06-16,0.0358109246613,2090.08,2090.08,2090.08,2090.08,2177,10112
ZO,1988-06,1988-06-17,0.030252430529,2091.89,2162.34,2091.89,2153.31,3714,10034
ZO,1988-06,1988-06-20,0.0335529951563,2225.56,2225.56,2225.56,2225.56,1118,9684
ZO,1988-06,1988-06-21,0.0324682327145,2297.82,2297.82,2297.82,2297.82,1162,9559
ZO,1988-06,1988-06-22,0.0470228303348,2369.86,2405.87,2362.65,2405.87,2045,9546
ZO,1988-06,1988-06-23,0.0449109885405,2513.92,2513.92,2513.92,2513.92,914,9402
ZO,1988-06,1988-06-24,0.042980683554,2621.97,2621.97,2621.97,2621.97,3094,9988
ZO,1988-06,1988-06-27,0.041209472267,2730.02,2730.02,2730.02,2730.02,421,9895
ZO,1988-06,1988-06-28,-0.0395784646266,2838.06,2838.06,2621.97,2621.97,3757,10263
ZO,1988-06,1988-06-29,-0.041209472267,2513.92,2513.92,2513.92,2513.92,2046,9808
ZO,1988-06,1988-06-30,0.0171922734216,2535.53,2621.97,2535.53,2557.14,3808,9236
ZO,1988-06,1988-07-01,-0.0422542371556,2585.95,2614.76,2449.09,2449.09,2496,9039
ZO,1988-06,1988-07-05,-0.0441184276609,2434.68,2441.89,2341.04,2341.04,2284,8859
ZO,1988-06,1988-07-06,0.00461760585039,2326.64,2355.45,2276.21,2351.85,2760,8734
SB,1989-06,1989-05-31,-0.0180586907449,13.3,13.36,13.04,13.05,30418,149979
SB,1989-06,1989-06-01,0.0490421455939,13.17,13.71,13.15,13.69,39329,149746
SB,1989-06,1989-06-02,0.00219138056976,13.77,13.81,13.58,13.72,18232,152267
SB,1989-06,1989-06-05,-0.0145772594752,13.48,13.53,13.2,13.52,27235,152869
SB,1989-06,1989-06-06,-0.00739644970414,13.23,13.56,13.2,13.42,20382,153459
SB,1989-06,1989-06-07,0.0149031296572,13.52,13.74,13.48,13.62,14278,154259
SB,1989-06,1989-06-08,0.0337738619677,13.88,14.2,13.82,14.08,29009,155649
SB,1989-06,1989-06-09,-0.0127840909091,14.12,14.2,13.77,13.9,26831,155553
SB,1989-06,1989-06-12,0.0208633093525,13.9,14.2,13.8,14.19,16711,154285
SB,1989-06,1989-06-13,0.00422832980973,14.34,14.4,14.22,14.25,21635,156743
SB,1989-06,1989-06-14,0.0371929824561,14.3,14.79,14.3,14.78,41161,159574
SB,1989-06,1989-06-15,0.0351826792963,14.84,15.38,14.84,15.3,55525,167298
SB,1989-06,1989-06-16,0.0254901960784,15.26,15.74,15.26,15.69,43605,168150
SB,1989-06,1989-06-19,-0.0044614404079,15.98,16.07,15.61,15.62,38704,167577
SB,1989-06,1989-06-20,-0.00768245838668,15.6,15.68,15.32,15.5,27117,167039
SB,1989-06,1989-06-21,0.0116129032258,15.71,15.86,15.47,15.68,35807,167705
SB,1989-06,1989-06-22,0.0644132653061,16.4,16.8,16.27,16.69,41572,167789
SB,1989-06,1989-06-23,-0.0155781905333,16.5,16.69,16.39,16.43,29775,168227
SB,1989-06,1989-06-26,0,16.16,16.46,16.13,16.43,23122,169403
SB,1989-06,1989-06-27,0.00365185636032,16.47,16.56,16.2,16.49,23334,168947
SB,1989-06,1989-06-28,-0.0157671315949,16.8,16.94,16.14,16.23,29806,169313
SB,1989-06,1989-06-29,0.0332717190388,16.39,16.79,16.39,16.77,26586,170088
SB,1989-06,1989-06-30,0.0322003577818,17,17.34,16.83,17.31,28984,167608
SB,1989-06,1989-07-03,0.00288850375506,17.43,17.46,17.04,17.36,15619,170452
SB,1989-06,1989-07-05,-0.0697004608295,17.58,17.64,15.96,16.15,55571,179421
SB,1989-06,1989-07-06,-0.025386996904,15.62,17.04,15.62,15.74,59989,180550
ZB,1990-08,1990-07-31,0.0101207966046,30.86,31.19,30.37,30.94,16858,61292
ZB,1990-08,1990-08-01,0.027149321267,31.07,31.98,30.82,31.78,26136,65993
ZB,1990-08,1990-08-02,0.0556954059157,33.28,34.91,32.59,33.55,16557,63121
ZB,1990-08,1990-08-03,0.0569299552906,34.91,38.4,33.98,35.46,31384,64003
ZB,1990-08,1990-08-06,0.122673434856,38.64,39.85,38.26,39.81,29166,62214
ZB,1990-08,1990-08-07,0.0100477267018,38.4,40.73,37.36,40.21,36296,60388
ZB,1990-08,1990-08-08,-0.0713752797811,38.87,39.22,36.89,37.34,25835,57509
ZB,1990-08,1990-08-09,0.00267809319764,36.91,38.17,36.77,37.44,25066,57057
ZB,1990-08,1990-08-10,0.0376602564103,37.71,39.17,37.68,38.85,19924,59073
ZB,1990-08,1990-08-14,0.0293436293436,39.46,40.34,39.34,39.99,32603,58026
ZB,1990-08,1990-08-15,0.0132533133283,39.74,40.99,39.59,40.52,30244,59953
ZB,1990-08,1990-08-16,0.0246791707799,41.03,41.52,40.96,41.52,19187,58706
ZB,1990-08,1990-08-17,0.0358863198459,43.01,43.01,43.01,43.01,24956,59037
ZB,1990-08,1990-08-20,0.0462683096954,45,45,45,45,22857,59766
ZB,1990-08,1990-08-21,0.0613333333333,47.99,47.99,45.56,47.76,31962,59047
ZB,1990-08,1990-08-22,0.0517169179229,49.3,50.29,48.55,50.23,24290,60400
ZB,1990-08,1990-08-23,0.0396177583118,50.1,52.22,49.67,52.22,27062,59248
ZB,1990-08,1990-08-24,-0.0382995021065,51.04,51.66,49.85,50.22,18292,58630
ZB,1990-08,1990-08-27,-0.0593389088013,47.24,47.24,47.24,47.24,17988,59281
ZB,1990-08,1990-08-28,-0.0632938187976,44.25,44.25,44.25,44.25,17766,56700
ZB,1990-08,1990-08-29,-0.0655367231638,42.23,43.45,41.26,41.35,26320,56844
ZB,1990-08,1990-08-30,0.045707376058,42.08,44.34,42.08,43.24,24629,55954
ZB,1990-08,1990-08-31,0.0386216466235,44.07,45.22,44.07,44.91,14482,54640
ZB,1990-08,1990-09-04,0.0924070362948,47.31,49.45,47.31,49.06,20806,53421
ZB,1990-08,1990-09-05,-0.0228291887485,48.92,49.55,47.75,47.94,18937,56242
ZB,1990-08,1990-09-06,0.028994576554,49.05,49.67,48.68,49.33,24739,59034
ZU,1990-08,1990-07-31,0.023797636878,60.51,61.76,60.42,61.52,88603,274073
ZU,1990-08,1990-08-01,0.0411248374512,61.99,64.22,61.79,64.05,133921,279089
ZU,1990-08,1990-08-02,0.0727556596409,69.13,70.77,66.45,68.71,127823,282186
ZU,1990-08,1990-08-03,0.0598166205792,71.95,78.05,70.62,72.82,179463,291331
ZU,1990-08,1990-08-06,0.145289755562,80.87,83.85,79.54,83.4,151961,293260
ZU,1990-08,1990-08-07,0.00923261390887,81.77,86.38,78.79,84.17,184876,284048
ZU,1990-08,1990-08-08,-0.0829274088155,81.17,82.51,75.23,77.19,135824,276729
ZU,1990-08,1990-08-09,-0.0111413395518,75.82,79.09,75.37,76.33,107587,272238
ZU,1990-08,1990-08-10,0.0217476745709,76.86,79.09,76.27,77.99,104876,272886
ZU,1990-08,1990-08-14,0.0107706116169,79.19,80.98,77.84,78.83,148095,256470
ZU,1990-08,1990-08-15,0.00114169732335,77.54,80.09,76.49,78.92,126834,258359
ZU,1990-08,1990-08-16,0.0348454130765,80.09,81.91,79.49,81.67,104270,258023
ZU,1990-08,1990-08-17,0.0367331945635,83.08,84.67,82.93,84.67,79628,228834
ZU,1990-08,1990-08-20,0.0108657139483,84.91,86.52,84.13,85.59,109532,262759
ZU,1990-08,1990-08-21,0.00420609884332,86.37,88.17,83.83,85.95,109444,243250
ZU,1990-08,1990-08-22,0.0874927283304,86.97,93.71,86.97,93.47,117693,241758
ZU,1990-08,1990-08-23,0.0226810741414,92.21,96.85,91.61,95.59,124607,245488
ZU,1990-08,1990-08-24,-0.0319071032535,93.41,94.61,92.06,92.54,113297,247358
ZU,1990-08,1990-08-27,-0.129349470499,85.33,87.72,77.99,80.57,98583,256547
ZU,1990-08,1990-08-28,0.0359935459849,81.58,83.68,79.94,83.47,92459,244671
ZU,1990-08,1990-08-29,-0.0703246675452,79.79,80.39,75.8,77.6,136217,249144
ZU,1990-08,1990-08-30,0.0328608247423,79.34,82.33,79.34,80.15,82491,238170
ZU,1990-08,1990-08-31,0.0204616344354,81.76,83.08,81.28,81.79,74000,244975
ZU,1990-08,1990-09-04,0.0659004768309,84.43,87.75,84.43,87.18,97109,243504
ZU,1990-08,1990-09-05,0.0223675154852,87.72,89.52,86.52,89.13,106986,254841
ZU,1990-08,1990-09-06,0.0557612476158,91.01,94.55,91.01,94.1,138847,269043
ZU,1990-09,1990-08-31,0.0204616344354,81.76,83.08,81.28,81.79,74000,244975
ZU,1990-09,1990-09-04,0.0659004768309,84.43,87.75,84.43,87.18,97109,243504
ZU,1990-09,1990-09-05,0.0223675154852,87.72,89.52,86.52,89.13,106986,254841
ZU,1990-09,1990-09-06,0.0557612476158,91.01,94.55,91.01,94.1,138847,269043
ZU,1990-09,1990-09-07,-0.0442082890542,90.71,92.36,89.52,89.94,105551,292598
ZU,1990-09,1990-09-10,0.0419168334445,85.48,94.61,84.88,93.71,88418,284216
ZU,1990-09,1990-09-11,-0.020382029666,92.51,94.97,91.28,91.8,110329,267909
ZU,1990-09,1990-09-12,0.0114379084967,91.74,93.12,90.36,92.85,83849,268820
ZU,1990-09,1990-09-13,0.0126009693053,93.77,94.66,92.97,94.02,96341,261247
ZU,1990-09,1990-09-14,0.0186130610508,95.89,97.09,94.66,95.77,121693,273789
ZU,1990-09,1990-09-17,0.0320559674219,98.75,98.84,97.98,98.84,89881,266670
ZU,1990-09,1990-09-18,0.0158842573857,99.27,101.73,98.04,100.41,111796,267622
ZU,1990-09,1990-09-19,0.00916243402052,97.43,101.73,97.43,101.33,125467,270646
ZU,1990-09,1990-09-20,0.0136188690417,100.5,103.27,99.73,102.71,97697,249692
ZU,1990-09,1990-09-21,0.0601694090157,104.65,109.41,104.65,108.89,99365,248095
ZU,1990-09,1990-09-24,0.0796216365139,114.33,120.48,113.44,117.56,110642,254093
ZU,1990-09,1990-09-25,-0.0187989111943,114.64,119.56,114.02,115.35,117126,259135
ZU,1990-09,1990-09-26,0.0303424360642,112.79,120.02,112.12,118.85,126506,262361
ZU,1990-09,1990-09-27,0.0224652923854,115.78,123.24,115.78,121.52,120644,271789
ZU,1990-09,1990-09-28,-0.000740618828176,122.01,122.78,118.79,121.43,80267,267432
ZU,1990-09,1990-10-01,-0.0612698674133,118.33,118.63,110.18,113.99,90652,267991
ZU,1990-09,1990-10-02,-0.0846565488201,109.72,112.03,104.03,104.34,110416,265172
ZU,1990-09,1990-10-03,0.0992907801418,106.95,115.1,105.42,114.7,124252,270988
JO,1991-10,1991-09-30,-0.00886702245942,362.37,363.82,356.57,356.57,821,11859
JO,1991-10,1991-10-01,-0.00771237064251,355.99,358.31,353.38,353.82,1031,11860
JO,1991-10,1991-10-02,0.022101633599,353.67,361.79,353.67,361.64,659,12067
JO,1991-10,1991-10-03,-0.00240570733326,361.5,362.37,358.89,360.77,707,12145
JO,1991-10,1991-10-04,0.00282728608255,360.19,362.08,360.05,361.79,556,12228
JO,1991-10,1991-10-07,0.0400508582327,363.09,376.86,363.09,376.28,2207,12621
JO,1991-10,1991-10-08,0.034282980759,378.02,389.91,374.69,389.18,2343,12689
JO,1991-10,1991-10-09,-0.0442982681536,384.11,385.56,371.79,371.94,1676,12705
JO,1991-10,1991-10-10,-0.00820024735172,369.04,371.79,366.14,368.89,1976,12844
JO,1991-10,1991-10-11,0.269944970045,397.88,472.53,397.88,468.47,3737,12927
JO,1991-10,1991-10-14,-0.0232031933742,455.14,459.19,452.67,457.6,1868,12628
JO,1991-10,1991-10-15,0.0262893356643,458.76,481.81,458.76,469.63,2174,12751
JO,1991-10,1991-10-16,-0.00770819581373,464.56,469.63,462.09,466.01,1788,12499
JO,1991-10,1991-10-17,0.0177249415249,468.18,479.05,467.46,474.27,1629,12351
JO,1991-10,1991-10-18,0.00917199063824,472.53,482.1,471.08,478.62,3634,11434
JO,1991-10,1991-10-21,0.0205800008357,480.36,489.34,472.82,488.47,2773,11130
JO,1991-10,1991-10-22,-0.0160091714947,487.02,488.47,479.78,480.65,2091,10954
JO,1991-10,1991-10-23,-0.00996567148653,475.72,481.23,474.12,475.86,1442,11208
JO,1991-10,1991-10-24,0.00670365233472,475.43,481.23,474.27,479.05,1587,11416
JO,1991-10,1991-10-25,0.00632501826532,480.49,483.52,478.04,482.08,1999,11495
JO,1991-10,1991-10-28,-0.0092723199469,480.06,484.53,477.18,477.61,1649,11366
JO,1991-10,1991-10-29,-0.000293126190825,475.45,478.04,473.43,477.47,1624,11146
JO,1991-10,1991-10-30,0.0235198022912,477.47,491.87,477.03,488.7,1537,11022
JO,1991-10,1991-10-31,-0.00646613464293,486.26,487.26,483.23,485.54,1327,10768
JO,1991-10,1991-11-01,0.0160233966306,485.54,499.94,485.54,493.32,1506,10840
JO,1991-10,1991-11-04,0.0108043460634,498.5,507.72,497.06,498.65,1724,11064
JO,1991-10,1991-11-05,0.0158828837862,497.06,507.15,496.34,506.57,878,10905
SS,1992-09,1992-08-28,0,87.029,87.039,87.019,87.019,1182,0
SS,1992-09,1992-09-01,0.00112619083189,87.127,87.137,87.117,87.117,1461,0
SS,1992-09,1992-09-02,0.00223836908984,87.302,87.322,87.293,87.312,1605,0
SS,1992-09,1992-09-03,0.00403151914972,87.586,87.664,87.586,87.664,5378,0
SS,1992-09,1992-09-04,-0.000444880452637,87.605,87.635,87.605,87.625,1318,0
SS,1992-09,1992-09-07,0.000114122681883,87.605,87.635,87.595,87.635,982,0
SS,1992-09,1992-09-08,-0.00334341301991,87.371,87.381,87.342,87.342,1404,0
SS,1992-09,1992-09-09,-0.00280506514621,87.166,87.166,87.088,87.097,4426,0
SS,1992-09,1992-09-10,0.00157295888492,87.224,87.234,87.175,87.234,1889,0
SS,1992-09,1992-09-11,-0.00178829355527,87.048,87.097,87.039,87.078,2413,0
SS,1992-09,1992-09-14,0.00694779393188,87.674,87.693,87.654,87.683,2151,0
SS,1992-09,1992-09-15,-0.00689985516007,87.078,87.078,87.019,87.078,3306,0
SS,1992-09,1992-09-16,0.000562713888697,86.687,87.127,86.589,87.127,9443,0
SS,1992-09,1992-09-17,0.0235403491455,89.129,89.178,89.031,89.178,2344,0
SS,1992-09,1992-09-18,0.00416021888807,89.471,89.569,89.412,89.549,2270,0
SS,1992-09,1992-09-21,-0.000435515751153,89.549,89.549,89.5,89.51,2235,0
SS,1992-09,1992-09-22,0.00283767176852,89.735,89.803,89.715,89.764,2636,0
SS,1992-09,1992-09-23,-0.00075754199902,89.656,89.696,89.656,89.696,1024,0
SS,1992-09,1992-09-24,-0.000657777381377,89.686,89.686,89.617,89.637,1179,0
SS,1992-09,1992-09-25,0.000323527114919,89.647,89.666,89.647,89.666,1102,0
SS,1992-09,1992-09-28,-0.000111524992751,89.676,89.686,89.656,89.656,807,0
SS,1992-09,1992-09-29,0.000111537431962,89.656,89.666,89.637,89.666,785,0
SS,1992-09,1992-09-30,0.000111524992751,89.647,89.676,89.647,89.676,531,0
SS,1992-09,1992-10-01,0.00032338641331,89.715,89.735,89.696,89.705,1442,0
SS,1992-09,1992-10-02,-0.00151608048604,89.588,89.705,89.559,89.569,1819,0
SS,1992-09,1992-10-05,0.00064754546774,89.569,89.656,89.569,89.627,5761,0
SS,1992-10,1992-09-30,0.000111524992751,89.647,89.676,89.647,89.676,531,0
SS,1992-10,1992-10-01,0.00032338641331,89.715,89.735,89.696,89.705,1442,0
SS,1992-10,1992-10-02,-0.00151608048604,89.588,89.705,89.559,89.569,1819,0
SS,1992-10,1992-10-05,0.00064754546774,89.569,89.656,89.569,89.627,5761,0
SS,1992-10,1992-10-06,-0.000323563211978,89.617,89.617,89.588,89.598,929,0
SS,1992-10,1992-10-07,0.00152905198777,89.676,89.744,89.676,89.735,2013,0
SS,1992-10,1992-10-08,0.000534908341227,89.774,89.793,89.764,89.783,1228,0
SS,1992-10,1992-10-09,-0.00064600202711,89.696,89.725,89.696,89.725,2343,0
SS,1992-10,1992-10-12,0.000111451657844,89.744,89.754,89.725,89.735,831,0
SS,1992-10,1992-10-13,0.000434613027247,89.764,89.783,89.754,89.774,977,0
SS,1992-10,1992-10-14,-0.000222781651703,89.735,89.754,89.735,89.754,461,0
SS,1992-10,1992-10-15,0.00163781001404,89.852,89.93,89.852,89.901,2341,0
SS,1992-10,1992-10-16,0.00695209174536,90.477,90.545,90.457,90.526,1694,0
SS,1992-10,1992-10-19,0.00097209641429,90.614,90.614,90.584,90.614,679,0
SS,1992-10,1992-10-20,0.00323349592778,90.877,90.926,90.858,90.907,787,0
SS,1992-10,1992-10-21,0.00182604199897,91.034,91.073,91.014,91.073,1662,0
SS,1992-10,1992-10-22,0.00106507966137,91.19,91.19,91.151,91.17,621,0
SS,1992-10,1992-10-23,0.00150268728748,91.229,91.317,91.229,91.307,1922,0
SS,1992-10,1992-10-26,0.00042713045002,91.336,91.346,91.317,91.346,1330,0
SS,1992-10,1992-10-27,0.00139031813106,91.424,91.473,91.424,91.473,1040,0
SS,1992-10,1992-10-28,-0.000207711565161,91.473,91.551,91.454,91.454,2132,0
SS,1992-10,1992-10-29,-0.00171671004002,91.297,91.327,91.288,91.297,1344,0
SS,1992-10,1992-10-30,-0.00128153170422,91.18,91.209,91.17,91.18,689,0
SS,1992-10,1992-11-02,0.000647071726256,91.239,91.249,91.229,91.239,417,0
SS,1992-10,1992-11-03,0.00192899966023,91.415,91.415,91.405,91.415,171,0
SS,1992-10,1992-11-04,-0.00149865995734,91.297,91.297,91.268,91.278,1537,0
SS,1992-11,1992-10-30,-0.00128153170422,91.18,91.209,91.17,91.18,689,0
SS,1992-11,1992-11-02,0.000647071726256,91.239,91.249,91.229,91.239,417,0
SS,1992-11,1992-11-03,0.00192899966023,91.415,91.415,91.405,91.415,171,0
SS,1992-11,1992-11-04,-0.00149865995734,91.297,91.297,91.268,91.278,1537,0
SS,1992-11,1992-11-05,0.00117224303775,91.346,91.385,91.346,91.385,596,0
SS,1992-11,1992-11-06,0.000218854297751,91.395,91.405,91.385,91.405,582,0
SS,1992-11,1992-11-09,0.000743941797495,91.434,91.473,91.415,91.473,667,0
SS,1992-11,1992-11-10,-0.000634066883124,91.405,91.424,91.405,91.415,759,0
SS,1992-11,1992-11-11,-0.00118142536783,91.297,91.327,91.288,91.307,393,0
SS,1992-11,1992-11-12,-0.00107330215646,91.229,91.239,91.18,91.209,4984,0
SS,1992-11,1992-11-13,-0.00171035753051,91.043,91.063,91.014,91.053,639,0
SS,1992-11,1992-11-16,-0.00128496589898,90.926,90.946,90.916,90.936,839,0
SS,1992-11,1992-11-17,-0.000428873053576,90.897,90.907,90.897,90.897,1213,0
SS,1992-11,1992-11-18,0.00150720045766,90.965,91.053,90.965,91.034,3471,0
SS,1992-11,1992-11-19,-0.00118636992772,90.926,90.936,90.926,90.926,878,0
SS,1992-11,1992-11-20,0.000538899764644,90.936,90.975,90.936,90.975,693,0
SS,1992-11,1992-11-23,-0.00171475680132,90.799,90.829,90.799,90.819,4595,0
SS,1992-11,1992-11-24,0.000319316442595,90.838,90.858,90.819,90.848,622,0
SS,1992-11,1992-11-25,-0.00107872490313,90.75,90.76,90.741,90.75,787,0
SS,1992-11,1992-11-26,-0.00031955922865,90.702,90.721,90.702,90.721,704,0
SS,1992-11,1992-11-27,-0.000650345564974,90.643,90.682,90.633,90.662,1981,0
SS,1992-11,1992-11-30,-0.00172067679954,90.536,90.545,90.506,90.506,1454,0
SS,1992-11,1992-12-01,0.000972311227985,90.594,90.604,90.584,90.594,1385,0
SS,1992-11,1992-12-02,-0.000110382586043,90.594,90.594,90.575,90.584,347,0
SS,1992-11,1992-12-03,0.00204230327652,90.749,90.769,90.74,90.769,1166,0
LB,1993-02,1993-01-29,0.0167592415246,5308.5,5308.5,5308.5,5308.5,135,2355
LB,1993-02,1993-02-01,0.0164641612508,5395.9,5395.9,5395.9,5395.9,132,2359
LB,1993-02,1993-02-02,0.0162160158639,5483.4,5483.4,5483.4,5483.4,79,2362
LB,1993-02,1993-02-03,0.015939015939,5570.8,5570.8,5570.8,5570.8,154,2409
LB,1993-02,1993-02-04,0.0313958497882,5745.7,5745.7,5745.7,5745.7,437,2550
LB,1993-02,1993-02-05,0.0304401552465,5920.6,5920.6,5920.6,5920.6,1332,2641
LB,1993-02,1993-02-08,0.0443198324494,6034.3,6183,5667,6183,1832,2477
LB,1993-02,1993-02-09,0.0282872392043,6226.7,6357.9,6226.7,6357.9,749,2454
LB,1993-02,1993-02-10,0.0275090831878,6532.8,6532.8,6532.8,6532.8,236,2324
LB,1993-02,1993-02-11,0.0401665442077,6795.2,6795.2,6795.2,6795.2,1035,2325
LB,1993-02,1993-02-12,0.0185277843183,6830.2,6950.8,6699,6921.1,954,2284
LB,1993-02,1993-02-16,0.0126424990247,7008.6,7008.6,7008.6,7008.6,170,2292
LB,1993-02,1993-02-17,0.0124703935165,7096,7096,7096,7096,106,2313
LB,1993-02,1993-02-18,0.0246476888388,7270.9,7270.9,7270.9,7270.9,528,2355
LB,1993-02,1993-02-19,0.0240547937669,7381.1,7445.8,7302.4,7445.8,1342,2431
LB,1993-02,1993-02-22,0.0352413441135,7521,7708.2,7521,7708.2,1415,2424
LB,1993-02,1993-02-23,-0.00975584442542,7827.1,7830.6,7568.3,7633,1208,2523
LB,1993-02,1993-02-24,0.0201624525088,7620.7,7807.9,7599.8,7786.9,1273,2512
LB,1993-02,1993-02-25,-0.0195456471767,7748.4,7765.9,7612,7634.7,1047,2581
LB,1993-02,1993-02-26,0.00984976488926,7533.3,7709.9,7442.3,7709.9,1051,2610
LB,1993-02,1993-03-01,0.0265502795108,7709.9,7914.6,7703.8,7914.6,726,2513
LB,1993-02,1993-03-02,-0.0240441715311,7955.5,8010.7,7714,7724.3,721,2503
LB,1993-02,1993-03-03,0.0211928588998,7683.3,8021,7591.3,7888,1079,2492
ZR,1993-10,1993-09-30,0.0504451535633,12453.5,12719.2,12099.2,12542,818,2759
ZR,1993-10,1993-10-01,0.0381358634986,12595.2,13020.3,12595.2,13020.3,306,2797
ZR,1993-10,1993-10-04,0.0612274678771,13675.8,13817.5,13286,13817.5,293,2882
ZR,1993-10,1993-10-05,0.0576949520536,14348.9,14614.7,14348.9,14614.7,694,3123
ZR,1993-10,1993-10-06,-0.0315162131279,15411.8,15411.8,13852.9,14154.1,1761,3555
ZR,1993-10,1993-10-07,-0.0275397234724,13799.8,14083.2,13746.6,13764.3,1463,3843
ZR,1993-10,1993-10-08,-0.00385780606351,13941.5,14047.8,13658.1,13711.2,634,4001
ZR,1993-10,1993-10-11,0.03875663691,13782.1,14242.6,13782.1,14242.6,460,4165
ZR,1993-10,1993-10-12,0.0559729262915,15039.8,15039.8,14738.7,15039.8,394,4164
ZR,1993-10,1993-10-13,0.0270881261719,15837,15837,15323.2,15447.2,844,4186
ZR,1993-10,1993-10-14,0.0126171733389,15730.7,16209,15642.1,15642.1,590,4283
ZR,1993-10,1993-10-15,0.0101904475742,15624.4,15801.5,15181.5,15801.5,601,4287
ZR,1993-10,1993-10-18,0.00112647533462,15801.5,16120.4,15766.1,15819.3,566,4323
ZR,1993-10,1993-10-19,0.00559443211773,15695.3,15943.3,15659.8,15907.8,466,4497
ZR,1993-10,1993-10-20,0.0322986208024,16085,16439.3,16085,16421.6,500,4599
ZR,1993-10,1993-10-21,-0.0323659083159,16262.1,16368.4,15890.1,15890.1,676,4776
ZR,1993-10,1993-10-22,-0.00270608743809,15743.9,16105.2,15623.4,15847.1,1020,4811
ZR,1993-10,1993-10-25,0.0233418101735,15967.5,16518.1,15864.3,16217,612,4777
ZR,1993-10,1993-10-26,0.0334217179503,16346.1,16776.2,16346.1,16759,521,4808
ZR,1993-10,1993-10-27,0.030801360463,16982.7,17275.2,16982.7,17275.2,368,4945
ZR,1993-10,1993-10-28,0.0448214781884,17894.7,18049.5,17808.6,18049.5,1008,5287
ZR,1993-10,1993-10-29,0.020975650295,18789.4,18823.8,17894.7,18428.1,1023,4849
ZR,1993-10,1993-11-01,-0.029878283708,18531.3,18531.3,17877.5,17877.5,561,4801
ZR,1993-10,1993-11-02,0.0288686896937,17808.6,18393.6,17705.4,18393.6,881,4900
ZR,1993-10,1993-11-03,-0.00280532359081,18651.7,18737.8,17929.1,18342,1015,4866
ZN,1994-01,1993-12-30,-0.0277507136637,16433.915,16717.958,16149.872,16206.681,14599,126160
ZN,1994-01,1994-01-03,-0.0340510805389,15865.829,15987.562,15500.631,15654.826,13434,126713
ZN,1994-01,1994-01-04,0.0181441173476,15703.519,16028.14,15581.786,15938.869,12283,127395
ZN,1994-01,1994-01-05,0.0646639356908,16555.648,17042.579,16393.338,16969.539,24105,128286
ZN,1994-01,1994-01-06,0.00143474728453,17204.889,17326.622,16799.113,16993.886,27577,127186
ZN,1994-01,1994-01-07,0.0296083544399,17042.579,17651.242,17042.579,17497.047,33596,128363
ZN,1994-01,1994-01-10,0.000463849699895,17610.665,17854.13,17407.777,17505.163,26203,125828
ZN,1994-01,1994-01-11,0.0287436340924,17610.665,18016.44,17570.087,18008.325,28833,125399
ZN,1994-01,1994-01-12,0.0081117483164,18178.751,18259.906,18016.44,18154.404,24917,124236
ZN,1994-01,1994-01-13,-0.0192221678002,18259.906,18341.061,17448.354,17805.437,32178,126473
ZN,1994-01,1994-01-14,0.03372834938,18259.906,18625.104,18097.595,18405.985,51441,128176
ZN,1994-01,1994-01-17,0.0266479082755,18930.886,19266.479,18629.713,18896.466,40042,130293
ZN,1994-01,1994-01-18,-0.0295992382914,18543.663,18672.738,18328.54,18337.145,32164,132057
ZN,1994-01,1994-01-19,-0.00750820261278,18414.589,18586.688,17812.243,18199.466,41566,133649
ZN,1994-01,1994-01-20,0.0156028204344,18242.49,18629.713,17898.292,18483.429,31728,130899
ZN,1994-01,1994-01-21,0.0270018620463,18242.49,19102.985,18070.391,18982.516,43864,129505
ZN,1994-01,1994-01-24,0.0349048039786,18758.787,19748.356,18758.787,19645.097,59981,121321
ZN,1994-01,1994-01-25,-0.016206741051,19361.134,19662.307,19102.985,19326.714,21877,122621
ZN,1994-01,1994-01-26,0.0503116567048,19533.233,20436.752,19533.233,20299.073,32590,122877
ZN,1994-01,1994-01-27,0.0245866892542,20910.024,21211.197,20574.431,20798.16,29255,125036
ZN,1994-01,1994-01-28,0.0459246875685,20479.777,21856.569,20479.777,21753.309,29619,126244
ZN,1994-01,1994-01-31,0.0102848260924,21684.47,22364.26,21684.47,21977.038,30370,129785
ZN,1994-01,1994-02-01,0.0332811000281,22114.717,22889.162,22114.717,22708.458,27283,131954
ZN,1994-01,1994-02-02,-0.0204622876639,22975.212,23147.311,21340.272,22243.791,43859,136785
ZN,1994-01,1994-02-03,-0.0781431096885,21942.618,22286.816,20178.604,20505.592,42929,138469
KC,1994-05,1994-04-29,0.0107389093948,715.93,727.28,714.3,725.66,12981,55524
KC,1994-05,1994-05-02,0.00389989802387,727.28,731.33,719.98,728.49,8439,55563
KC,1994-05,1994-05-03,0.0467542450823,747.95,765.38,746.74,762.55,21125,57288
KC,1994-05,1994-05-04,0.00903547308373,774.71,786.46,767.01,769.44,16202,57445
KC,1994-05,1994-05-05,0.0521548138906,762.95,814.84,759.71,809.57,23946,58912
KC,1994-05,1994-05-06,0.0435663376854,837.14,879.71,814.84,844.84,23219,59403
KC,1994-05,1994-05-09,0.0451091330903,841.6,885.38,827,882.95,14801,59928
KC,1994-05,1994-05-10,0.00642165468033,895.92,916.19,855.38,888.62,18818,59304
KC,1994-05,1994-05-11,-0.0223492606513,867.54,893.49,859.44,868.76,13800,59380
KC,1994-05,1994-05-12,0.0214673787928,857.81,891.06,848.9,887.41,15824,59806
KC,1994-05,1994-05-13,0.0570987480421,908.08,942.54,907.27,938.08,23734,61107
KC,1994-05,1994-05-16,0.106739297288,972.95,1045.92,960.78,1038.21,26443,60230
KC,1994-05,1994-05-17,-0.0562217663093,1025.65,1053.21,972.95,979.84,24107,58811
KC,1994-05,1994-05-18,0.0339239059438,976.19,1041.86,956.73,1013.08,20300,57730
KC,1994-05,1994-05-19,0.0608244166305,1054.02,1086.46,1037.81,1074.7,14498,57087
KC,1994-05,1994-05-20,-0.0124499860426,1047.54,1066.19,1033.75,1061.32,13667,57379
KC,1994-05,1994-05-23,0.0622620887197,1039.84,1129.43,1038.62,1127.4,12337,58033
KC,1994-05,1994-05-24,-0.0427887174029,1167.53,1179.7,1037.81,1079.16,23611,60311
KC,1994-05,1994-05-25,-0.0401979317247,1047.94,1074.29,1011.05,1035.78,18965,59455
KC,1994-05,1994-05-26,-0.0778833342988,981.05,1007.4,952.68,955.11,20894,58649
KC,1994-05,1994-05-27,0.0297138549486,972.13,1007,940.51,983.49,15578,57773
KC,1994-05,1994-05-31,0.0387395906415,1023.21,1033.75,1014.3,1021.59,9811,56466
KC,1994-05,1994-06-01,-0.0238060278585,1009.43,1015.11,977.81,997.27,12611,55359
KC,1994-05,1994-06-02,0.0264221324215,1016.73,1028.89,989.16,1023.62,10969,56411
KC,1994-05,1994-06-03,-0.0134620269241,1014.3,1023.21,1004.57,1009.84,7949,57753
KC,1994-06,1994-05-31,0.0387395906415,1023.21,1033.75,1014.3,1021.59,9811,56466
KC,1994-06,1994-06-01,-0.0238060278585,1009.43,1015.11,977.81,997.27,12611,55359
KC,1994-06,1994-06-02,0.0264221324215,1016.73,1028.89,989.16,1023.62,10969,56411
KC,1994-06,1994-06-03,-0.0134620269241,1014.3,1023.21,1004.57,1009.84,7949,57753
KC,1994-06,1994-06-06,-0.0425611978135,994.03,997.27,951.05,966.86,11751,55970
KC,1994-06,1994-06-07,0.0310282771032,964.43,1003.35,958.76,996.86,11920,55697
KC,1994-06,1994-06-08,0.0406676965672,989.97,1054.02,983.49,1037.4,14857,56340
KC,1994-06,1994-06-09,-0.0242240215924,1033.75,1052.4,997.27,1012.27,13986,55793
KC,1994-06,1994-06-10,0.00280557558754,1001.32,1029.7,993.22,1015.11,13181,55229
KC,1994-06,1994-06-13,0.107801125001,1069.82,1129.03,1058.8,1124.54,14725,55498
KC,1994-06,1994-06-14,0.0014494815658,1124.54,1167.01,1107.39,1126.17,18970,56250
KC,1994-06,1994-06-15,0.00217551524193,1109.84,1142.51,1096.36,1128.62,14541,57108
KC,1994-06,1994-06-16,-0.030391097092,1159.66,1163.74,1084.11,1094.32,16434,57149
KC,1994-06,1994-06-17,0.00895533299218,1084.11,1114.74,1084.11,1104.12,12761,57134
KC,1994-06,1994-06-20,-0.0247799152266,1077.99,1087.79,1055.53,1076.76,14958,56214
KC,1994-06,1994-06-21,0.0155559270404,1080.44,1117.19,1080.44,1093.51,17072,54555
KC,1994-06,1994-06-22,-0.0302512094082,1092.69,1104.12,1044.1,1060.43,14239,53785
KC,1994-06,1994-06-23,-0.00885489848458,1046.96,1060.43,1033.89,1051.04,9525,52939
KC,1994-06,1994-06-24,-0.00466204901812,1067.78,1071.86,1033.89,1046.14,11576,51384
KC,1994-06,1994-06-27,0.261513755329,1351.57,1388.32,1253.57,1319.72,19343,50718
KC,1994-06,1994-06-28,0.0702345952172,1375.25,1418.94,1360.55,1412.41,16420,51567
KC,1994-06,1994-06-29,0.0977195007115,1389.54,1633.32,1378.52,1550.43,16509,49457
KC,1994-06,1994-06-30,0.00921679792058,1567.98,1592.48,1510.82,1564.72,10245,48665
KC,1994-06,1994-07-01,0.0185272764456,1645.57,1665.98,1588.4,1593.71,9533,48559
KC,1994-06,1994-07-05,-0.0450960337828,1523.07,1555.73,1516.13,1521.84,6836,48008
KC,1994-06,1994-07-06,0.0437365294643,1531.23,1604.73,1514.9,1588.4,10947,47987
ZN,1995-12,1995-11-30,-0.00640066366396,6634.61,6819.371,6634.61,6779.06,29542,141208
ZN,1995-12,1995-12-01,0.0252725304098,6785.778,6980.617,6785.778,6950.384,43298,146746
ZN,1995-12,1995-12-04,0.0246495733185,7020.929,7168.738,7004.132,7121.708,39948,148996
ZN,1995-12,1995-12-05,0.0495282873153,7272.876,7508.027,7272.876,7474.434,58488,158072
ZN,1995-12,1995-12-06,-0.00808984332459,7625.602,7659.195,7323.266,7413.967,55585,162665
ZN,1995-12,1995-12-07,0.000453063791625,7474.434,7524.823,7256.08,7417.326,42837,164204
ZN,1995-12,1995-12-08,0.00362313858121,7440.841,7551.698,7407.248,7444.2,38274,165506
ZN,1995-12,1995-12-11,-0.0103790870745,7424.044,7508.027,7329.984,7366.936,35110,164100
ZN,1995-12,1995-12-12,0.0191519242192,7256.08,7518.105,7239.283,7508.027,35686,164985
ZN,1995-12,1995-12-13,0.0228187778227,7491.23,7719.663,7491.23,7679.351,48620,171996
ZN,1995-12,1995-12-14,0.0293088569594,7625.602,7958.173,7625.602,7904.424,55283,177818
ZN,1995-12,1995-12-15,-0.000453796506867,7818.35,7961.806,7818.35,7900.837,35319,177262
ZN,1995-12,1995-12-18,0.0413073956595,8033.534,8259.477,8033.534,8227.2,64203,183161
ZN,1995-12,1995-12-19,0.0435919875535,8463.902,8585.84,8392.174,8585.84,91578,181285
ZN,1995-12,1995-12-20,0.0626565368094,9123.799,9123.799,9001.862,9123.799,89852,175672
ZN,1995-12,1995-12-21,0.0656446947154,9841.079,9841.079,9611.55,9722.728,42259,162535
ZN,1995-12,1995-12-22,-0.126521589414,8714.95,8965.998,8392.174,8492.593,43935,161753
ZN,1995-12,1995-12-26,0.0422297406693,8392.174,8894.27,8392.174,8851.233,12084,159427
ZN,1995-12,1995-12-27,0.162074594579,9145.318,10723.334,9145.318,10285.793,41781,162606
ZN,1995-12,1995-12-28,-0.125174305958,9324.638,10006.054,8643.222,8998.276,38814,163771
ZN,1995-12,1995-12-29,0.0438420648578,9468.094,9647.414,9073.59,9392.779,18382,162783
ZN,1995-12,1996-01-02,0.0916380551485,9862.598,10400.558,9862.598,10253.515,21117,162763
ZN,1995-12,1996-01-03,0.0444211570374,10938.517,11117.837,10257.102,10708.988,34362,164448
ZN,1995-12,1996-01-04,-0.00736773633512,10472.286,10795.062,10292.966,10630.087,25754,164251
KC,1996-01,1995-12-29,0.0106528832707,733.27,737.93,728.6,737.15,3145,27674
KC,1996-01,1996-01-02,-0.0384589296615,719.28,736.37,707.63,708.8,6717,28051
KC,1996-01,1996-01-03,0.0273984198646,706.08,733.27,702.19,728.22,7781,28943
KC,1996-01,1996-01-04,0.0437230507264,722.39,762.01,722.39,760.06,10852,28913
KC,1996-01,1996-01-05,-0.0163408151988,757.34,772.49,744.14,747.64,10852,28913
KC,1996-01,1996-01-10,0.0171339147183,741.03,763.17,736.37,760.45,6923,29093
KC,1996-01,1996-01-11,0.0526135840621,757.34,803.95,755.4,800.46,12762,28599
KC,1996-01,1996-01-12,-0.00339804612348,800.07,806.67,782.98,797.74,7828,28472
KC,1996-01,1996-01-15,-0.0365156567303,797.74,800.07,766.67,768.61,8920,28269
KC,1996-01,1996-01-16,0.050025370474,759.29,817.54,759.29,807.06,13208,29187
KC,1996-01,1996-01-17,0.00384110227245,800.46,819.49,800.46,810.16,9114,28566
KC,1996-01,1996-01-18,0.0105534709193,806.28,833.08,794.24,818.71,10839,28078
KC,1996-01,1996-01-19,-0.00712095858118,815.6,833.08,804.73,812.88,7419,27652
KC,1996-01,1996-01-22,0.0272364924712,812.88,837.35,809.78,835.02,8059,27095
KC,1996-01,1996-01-23,-0.00464659529113,833.08,849.78,828.03,831.14,8806,27203
KC,1996-01,1996-01-24,0.0177587410063,827.25,848.23,821.82,845.9,9379,27456
KC,1996-01,1996-01-25,0.0261614848091,856.77,869.2,851.33,868.03,8257,27353
KC,1996-01,1996-01-26,0.0465421702015,854.44,912.7,852.11,908.43,14461,28317
KC,1996-01,1996-01-29,0.0555794062283,908.43,962.41,908.43,958.92,13080,28211
KC,1996-01,1996-01-30,-0.0315980478038,949.21,955.42,924.35,928.62,11058,28863
KC,1996-01,1996-01-31,0.0757037324202,932.12,1021.44,932.12,998.92,19006,31334
KC,1996-01,1996-02-01,-0.0171084771553,994.26,1003.97,977.17,981.83,8639,32244
KC,1996-01,1996-02-02,-0.0209608588045,986.49,1015.62,939.88,961.25,14977,32166
KC,1996-01,1996-02-05,-0.0250507152146,963.19,969.01,930.17,937.17,7074,29022
KC,1997-02,1997-01-31,-0.00641104405334,1370.73,1400.32,1351.01,1374.68,12834,43281
KC,1997-02,1997-02-03,0.0448322518695,1395.39,1439.76,1378.13,1436.31,10568,44434
KC,1997-02,1997-02-04,0.0123580564084,1439.76,1484.14,1437.3,1454.06,16578,44913
KC,1997-02,1997-02-05,-0.0196690645503,1454.55,1459.49,1421.03,1425.46,10798,45563
KC,1997-02,1997-02-06,0.0432421814712,1420.04,1494,1406.23,1487.1,15736,46531
KC,1997-02,1997-02-07,0.00165422634658,1494,1526.05,1461.95,1489.56,16980,45470
KC,1997-02,1997-02-10,0.0503168720965,1484.14,1575.36,1474.28,1564.51,14678,44039
KC,1997-02,1997-02-11,0.0200701817182,1592.87,1613.13,1549.82,1595.91,18329,43550
KC,1997-02,1997-02-12,0.035860418194,1575.14,1661.25,1562.99,1653.14,17893,42617
KC,1997-02,1997-02-13,0.035538429897,1676.44,1716.96,1661.25,1711.89,17602,41616
KC,1997-02,1997-02-14,-0.0118348725677,1697.71,1744.81,1686.57,1691.63,16560,41742
KC,1997-02,1997-02-18,-0.0583815609796,1651.12,1678.47,1559.95,1592.87,19221,41208
KC,1997-02,1997-02-19,0.0575502081149,1590.34,1691.63,1559.95,1684.54,22700,41184
KC,1997-02,1997-02-20,0.000605506547782,1711.89,1752.41,1640.99,1685.56,18453,40903
KC,1997-02,1997-02-21,-0.0273440280975,1686.57,1698.22,1626.81,1639.47,11369,41079
KC,1997-02,1997-02-24,-0.00123820502967,1625.79,1656.18,1620.73,1637.44,6800,40935
KC,1997-02,1997-02-25,0.00989959937463,1628.33,1675.43,1627.31,1653.65,10202,41672
KC,1997-02,1997-02-26,0.0588032534091,1682.52,1792.93,1677.45,1750.89,15742,42415
KC,1997-02,1997-02-27,-0.0101205672544,1778.75,1778.75,1711.89,1733.17,9590,42421
KC,1997-02,1997-02-28,0.0336031664522,1732.15,1792.93,1724.56,1791.41,10220,42581
KC,1997-02,1997-03-03,0.045238108529,1823.32,1879.03,1803.06,1872.45,13159,42603
KC,1997-02,1997-03-04,0.0562578440012,1904.36,2020.85,1863.84,1977.79,16060,42324
KC,1997-02,1997-03-05,0.0276571324559,2015.78,2122.14,1985.39,2032.49,18998,41944
KC,1997-05,1997-04-30,0.0575545413919,2231.44,2360.6,2231.44,2342.79,11545,31327
KC,1997-05,1997-05-01,0.0594120685166,2349.47,2494.22,2338.33,2481.98,12970,31479
KC,1997-05,1997-05-02,-0.0302863036769,2499.79,2505.36,2355.04,2406.81,10534,31650
KC,1997-05,1997-05-05,0.0108733136392,2394.01,2499.79,2388.44,2432.98,8855,31286
KC,1997-05,1997-05-06,-0.0258571792616,2427.41,2466.39,2363.39,2370.07,9527,30161
KC,1997-05,1997-05-07,-0.0068141447299,2416.28,2427.41,2327.2,2353.92,9527,30082
KC,1997-05,1997-05-08,0.026020425503,2349.47,2444.12,2332.77,2415.17,7556,29480
KC,1997-05,1997-05-09,0.00460837125337,2415.17,2432.98,2391.23,2426.3,5903,29413
KC,1997-05,1997-05-12,0.0539257305362,2438.55,2563.82,2435.21,2557.14,10989,30228
KC,1997-05,1997-05-13,0.0500754749447,2600.01,2705.79,2578.29,2685.19,12773,30951
KC,1997-05,1997-05-14,-0.00228289245826,2739.19,2767.03,2627.84,2679.06,12649,30802
KC,1997-05,1997-05-15,0.0606817316521,2700.22,2917.35,2650.11,2841.63,15422,30655
KC,1997-05,1997-05-16,-0.0080306021544,2844.97,2872.81,2728.06,2818.81,10445,30728
KC,1997-05,1997-05-19,-0.0272561825735,2839.41,2861.68,2708.57,2741.98,6733,30538
KC,1997-05,1997-05-20,-0.0243656044172,2711.35,2728.06,2661.25,2675.17,8013,30314
KC,1997-05,1997-05-21,0.0534844514554,2661.25,2839.41,2661.25,2818.25,10756,30217
KC,1997-05,1997-05-22,0.0284467311275,2828.27,2950.76,2828.27,2898.42,11027,30067
KC,1997-05,1997-05-23,-0.0132520476673,2878.38,2920.13,2844.97,2860.01,5970,29869
KC,1997-05,1997-05-27,0.0679368253957,2844.97,3062.1,2843.86,3054.31,10078,30340
KC,1997-05,1997-05-28,0.0774708526639,3084.37,3307.07,3062.1,3290.93,13237,30484
KC,1997-05,1997-05-29,0.0651305254138,3396.15,3540.91,3362.75,3505.27,13093,29800
KC,1997-05,1997-05-30,-0.121982044179,3440.69,3462.96,3039.84,3077.69,13163,28267
KC,1997-05,1997-06-02,-0.0812232551037,3006.43,3062.1,2755.89,2827.71,12635,27490
KC,1997-05,1997-06-03,0.0403648181744,2839.41,2989.73,2772.6,2941.85,11365,27537
KC,1997-05,1997-06-04,-0.0478814351514,2783.73,2945.19,2783.73,2800.99,8275,27252
KC,1997-06,1997-05-30,-0.121982044179,3440.69,3462.96,3039.84,3077.69,13163,28267
KC,1997-06,1997-06-02,-0.0812232551037,3006.43,3062.1,2755.89,2827.71,12635,27490
KC,1997-06,1997-06-03,0.0403648181744,2839.41,2989.73,2772.6,2941.85,11365,27537
KC,1997-06,1997-06-04,-0.0478814351514,2783.73,2945.19,2783.73,2800.99,8275,27252
KC,1997-06,1997-06-05,-0.0836811270301,2806,2806,2544.33,2566.6,14199,25389
KC,1997-06,1997-06-06,0.0292838775033,2577.74,2655.68,2538.76,2641.76,7966,23563
KC,1997-06,1997-06-09,0.0676518684513,2622.28,2850.54,2622.28,2820.48,9029,23691
KC,1997-06,1997-06-10,-0.139557805764,2828.27,2891.74,2416.28,2426.86,13020,22941
KC,1997-06,1997-06-11,-0.0338008785014,2405.27,2460.78,2312.76,2344.83,9376,22165
KC,1997-06,1997-06-12,0.0120989581334,2392.94,2442.28,2344.83,2373.2,8200,21778
KC,1997-06,1997-06-13,-0.0501559076353,2442.28,2442.28,2244.92,2254.17,9714,21916
KC,1997-06,1997-06-16,-0.00629056371081,2170.91,2244.92,2158.58,2239.99,8390,21614
KC,1997-06,1997-06-17,0.0501073665507,2306.59,2392.94,2239.99,2352.23,8158,21923
KC,1997-06,1997-06-18,-0.079443761877,2352.23,2386.77,2158.58,2165.36,11822,21123
KC,1997-06,1997-06-19,0.0244947722319,2158.58,2232.59,2081.48,2218.4,10487,21009
KC,1997-06,1997-06-20,-0.00194734944104,2214.08,2263.42,2189.41,2214.08,5821,20655
KC,1997-06,1997-06-23,-0.0225601604278,2183.25,2281.92,2096.9,2164.13,8699,20573
KC,1997-06,1997-06-24,-0.00199618322374,2158.58,2207.92,2118.49,2159.81,5863,20400
KC,1997-06,1997-06-25,0.0288404998588,2158.58,2232.59,2152.41,2222.1,4620,20400
KC,1997-06,1997-06-26,-0.0779892894109,2225.8,2232.59,2035.23,2048.8,10329,20813
KC,1997-06,1997-06-27,0.019264935572,2053.73,2133.91,2050.65,2088.27,4966,20795
KC,1997-06,1997-06-30,0.018311808339,2084.57,2158.58,2053.73,2126.51,3293,20584
KC,1997-06,1997-07-01,0.0165294308515,2146.24,2275.76,2133.91,2161.66,7062,20642
KC,1997-06,1997-07-02,-0.0165474681495,2158.58,2158.58,2096.9,2125.89,3793,20545
KC,1997-06,1997-07-03,-0.023209103011,2121.57,2146.24,2066.07,2076.55,4473,20271
HS,1998-10,1998-09-30,-0.00524942611616,5711.44,5711.44,5711.44,5711.44,12843,65682
HS,1998-10,1998-10-05,-0.0567282506688,5387.44,5387.44,5387.44,5387.44,13811,65711
HS,1998-10,1998-10-07,0.0629371278381,5643.62,5726.51,5643.62,5726.51,18928,66981
HS,1998-10,1998-10-08,0.0263144567983,5877.2,5877.2,5877.2,5877.2,26083,67277
HS,1998-10,1998-10-09,0.0865395086095,6385.81,6385.81,6385.81,6385.81,30513,64574
HS,1998-10,1998-10-12,0.0619467224988,6781.39,6781.39,6781.39,6781.39,35584,64953
HS,1998-10,1998-10-13,-0.00388858331404,6743.71,6796.46,6743.71,6755.02,23519,64910
HS,1998-10,1998-10-14,-0.0239821643755,6649.53,6649.53,6593.02,6593.02,21928,63809
HS,1998-10,1998-10-15,0.020570239435,6668.37,6728.64,6668.37,6728.64,21598,64363
HS,1998-10,1998-10-16,0.0867872259476,7105.39,7312.6,7105.39,7312.6,34820,68163
HS,1998-10,1998-10-19,-0.0180318901622,7286.23,7286.23,7180.74,7180.74,26520,65994
HS,1998-10,1998-10-20,0.0104933474823,7199.57,7256.09,7184.5,7256.09,18602,65361
HS,1998-10,1998-10-21,0.00103774898051,7410.55,7410.55,7263.62,7263.62,26639,65379
HS,1998-10,1998-10-22,0.00259374802096,7380.41,7380.41,7274.92,7282.46,33246,63759
HS,1998-10,1998-10-23,0.0170711545275,7214.64,7406.78,7195.81,7406.78,36921,63991
HS,1998-10,1998-10-26,-0.00457688766238,7361.57,7372.88,7361.57,7372.88,41585,67600
HS,1998-10,1998-10-27,0.0143064853897,7346.5,7512.27,7346.5,7478.36,48519,68888
HS,1998-10,1998-10-29,0.00050412122444,7444.46,7482.13,7301.3,7482.13,37112,68240
HS,1998-10,1998-10-30,0.0292042506612,7670.5,7700.64,7670.5,7700.64,17644,52751
HS,1998-10,1998-11-02,-0.00342439069999,7753.39,7753.39,7572.55,7674.27,16216,51590
HS,1998-10,1998-11-03,0.0181645941568,7798.6,7813.67,7798.6,7813.67,13126,51317
HS,1998-10,1998-11-04,0.0173567606515,7843.81,7956.83,7723.25,7949.29,17809,49365
ZB,1999-03,1999-02-26,-0.0260989010989,21.68,21.94,21.2,21.27,42604,113677
ZB,1999-03,1999-03-01,-0.00470145745181,21.38,21.56,21.03,21.17,19821,113076
ZB,1999-03,1999-03-02,0.0155880963628,21.25,21.53,20.98,21.5,22074,112493
ZB,1999-03,1999-03-03,0.0348837209302,21.79,22.34,21.79,22.25,37197,111709
ZB,1999-03,1999-03-04,0.0305617977528,22.17,23.05,22.17,22.93,33489,112226
ZB,1999-03,1999-03-05,0.00305276929786,23.05,23.25,22.87,23,32825,109939
ZB,1999-03,1999-03-08,0.0265217391304,23.41,23.91,23.33,23.61,33864,108063
ZB,1999-03,1999-03-09,0.00635324015248,23.46,23.99,23.25,23.76,29767,106395
ZB,1999-03,1999-03-10,0.040404040404,23.94,24.77,23.51,24.72,36848,105354
ZB,1999-03,1999-03-11,-0.00970873786408,24.56,24.68,24.21,24.48,36514,109357
ZB,1999-03,1999-03-12,0.0147058823529,25.28,25.28,24.48,24.84,35988,112357
ZB,1999-03,1999-03-15,-0.0024154589372,24.73,24.88,24.53,24.78,24872,108444
ZB,1999-03,1999-03-16,-0.00484261501211,24.73,24.78,24.46,24.66,28085,109257
ZB,1999-03,1999-03-17,0.0478507704785,25.08,25.93,25.06,25.84,50895,114084
ZB,1999-03,1999-03-18,-0.00386996904025,26.11,26.33,25.51,25.74,34468,112847
ZB,1999-03,1999-03-19,0.0128205128205,25.73,26.13,25.58,26.07,29330,112906
ZB,1999-03,1999-03-22,0.0333716915995,26.03,27,25.83,26.94,38510,111678
ZB,1999-03,1999-03-23,-0.00853749072012,26.8,27.03,26.6,26.71,33483,111258
ZB,1999-03,1999-03-24,-0.0134780980906,27.15,27.35,26.08,26.35,45406,113656
ZB,1999-03,1999-03-25,0.00910815939279,26.18,26.7,25.86,26.59,48706,111341
ZB,1999-03,1999-03-26,0.036479879654,26.93,27.63,26.85,27.56,49747,111644
ZB,1999-03,1999-03-29,0.0188679245283,27.63,28.13,27.33,28.08,53519,114050
ZB,1999-03,1999-03-30,0.0167378917379,27.88,28.6,27.63,28.55,54076,112613
ZB,1999-03,1999-03-31,0.0133099824869,28.37,29.27,28.27,28.93,66539,116776
ZB,1999-03,1999-04-01,-0.0159004493605,28.62,28.72,28.08,28.47,28899,110820
ZB,1999-03,1999-04-05,0.0154548647699,28.42,28.95,28.25,28.91,22816,110490
ZB,1999-03,1999-04-06,-0.0051885160844,28.82,29.12,28.55,28.76,22550,110115
ZU,1999-03,1999-02-26,-0.0323417847874,49.57,50.17,48.35,48.47,112890,520358
ZU,1999-03,1999-03-01,-0.00247575820095,48.86,49.22,48.11,48.35,96948,524884
ZU,1999-03,1999-03-02,0.0221302998966,48.71,49.57,48.67,49.42,94872,525647
ZU,1999-03,1999-03-03,0.0335896398219,49.97,51.31,49.93,51.08,163996,539304
ZU,1999-03,1999-03-04,0.0323022709475,50.76,53.33,50.64,52.73,201613,550754
ZU,1999-03,1999-03-05,-0.00360326190025,52.93,53.33,52.38,52.54,125771,551203
ZU,1999-03,1999-03-08,0.0247430529121,53.84,55.42,53.48,53.84,195388,561317
ZU,1999-03,1999-03-09,0.0161589895988,53.72,55.42,53.05,54.71,209998,571523
ZU,1999-03,1999-03-10,0.0606836044599,56.09,58.26,54.16,58.03,239517,588621
ZU,1999-03,1999-03-11,-0.0267103222471,57.47,58.23,56.37,56.48,220289,589622
ZU,1999-03,1999-03-12,0.0148725212465,59.13,59.53,56.96,57.32,226139,597944
ZU,1999-03,1999-03-15,0.000697836706211,56.96,57.75,56.76,57.36,149771,588841
ZU,1999-03,1999-03-16,0.00261506276151,57.36,57.75,56.96,57.51,114071,591536
ZU,1999-03,1999-03-17,0.0420796383238,58.23,60.32,58.15,59.93,204475,604580
ZU,1999-03,1999-03-18,-0.00333722676456,61.71,61.79,58.94,59.73,223694,593695
ZU,1999-03,1999-03-19,0.0172442658631,59.65,60.91,59.06,60.76,140526,584859
ZU,1999-03,1999-03-22,0.0246872942725,60.76,62.38,59.73,62.26,151348,576469
ZU,1999-03,1999-03-23,-0.0146161259235,61.39,62.22,61.03,61.35,126113,579717
ZU,1999-03,1999-03-24,-0.0109209453953,62.1,62.62,59.61,60.68,177767,591449
ZU,1999-03,1999-03-25,0.0214238628873,60.28,62.22,59.81,61.98,143542,596061
ZU,1999-03,1999-03-26,0.0319457889642,62.73,64.08,62.02,63.96,138537,605629
ZU,1999-03,1999-03-29,0.0167292057536,64.4,65.19,63.01,65.03,124846,608196
ZU,1999-03,1999-03-30,0.0218360756574,64.47,66.61,63.96,66.45,135544,610950
ZU,1999-03,1999-03-31,-0.00240782543266,65.27,67.44,64.87,66.29,158209,655303
ZU,1999-03,1999-04-01,-0.0070900588324,64.87,66.02,64.87,65.82,104975,613459
ZU,1999-03,1999-04-05,0.0186873290793,65.46,67.36,65.35,67.05,92625,615274
ZU,1999-03,1999-04-06,-0.00835197613721,66.37,67.05,65.86,66.49,104973,619097
KC,1999-11,1999-10-29,0.0361898527798,1680.62,1760.81,1676.35,1709.62,9145,47982
KC,1999-11,1999-11-01,0.101297364327,1791.52,1936.55,1791.52,1882.8,12703,48085
KC,1999-11,1999-11-02,-0.0589016358615,1851.24,1851.24,1765.93,1771.9,9452,48196
KC,1999-11,1999-11-03,0.0125176364355,1774.46,1829.91,1736.92,1794.08,9783,48242
KC,1999-11,1999-11-04,0.00760835637207,1791.52,1834.18,1774.46,1807.73,6759,48346
KC,1999-11,1999-11-05,-0.00943725003181,1757.4,1808.58,1750.57,1790.67,8566,48819
KC,1999-11,1999-11-08,0.0566938631909,1893.89,1966.41,1838.44,1892.19,13872,48433
KC,1999-11,1999-11-09,0.0225400197655,1902.43,1975.79,1902.43,1934.84,15068,46578
KC,1999-11,1999-11-10,-0.0123421058072,2030.39,2047.45,1885.36,1910.96,12644,46711
KC,1999-11,1999-11-11,0.0389751747813,1936.61,1994.55,1921.72,1985.44,9259,46522
KC,1999-11,1999-11-12,0.0512732694012,2027.65,2125.31,2011.1,2087.24,25726,46557
KC,1999-11,1999-11-15,0.0527347118683,2143.52,2205.59,2106.27,2197.31,20085,46642
KC,1999-11,1999-11-16,-0.0244799322808,2135.24,2226.28,2122.83,2143.52,17949,45610
KC,1999-11,1999-11-17,0.00347092632679,2168.34,2180.76,2110.41,2150.96,18178,46938
KC,1999-11,1999-11-18,-0.101959125228,2093.86,2114.55,1870.4,1931.65,16705,45385
KC,1999-11,1999-11-19,-0.0197085393317,1944.89,1963.1,1886.96,1893.58,8815,44636
KC,1999-11,1999-11-22,0.00261937705299,1936.61,1953.16,1890.27,1898.54,5128,43650
KC,1999-11,1999-11-23,-0.0231019625607,1837.3,1862.13,1816.61,1854.68,7756,43689
KC,1999-11,1999-11-24,-0.0107080466711,1878.68,1878.68,1812.47,1834.82,7756,43689
KC,1999-11,1999-11-29,0.0690094941193,1886.96,1965.58,1886.96,1961.44,7112,43723
KC,1999-11,1999-11-30,0.135864466922,2027.65,2267.66,2006.96,2227.93,12116,45212
KC,1999-11,1999-12-01,-0.0278599417396,2218,2259.38,2120.34,2165.86,13771,46107
KC,1999-11,1999-12-02,0.0389775885791,2218,2466.28,2218,2250.28,17036,47084
KC,1999-11,1999-12-03,0.0595792523597,2366.97,2395.94,2296.62,2384.35,9890,48010
ZA,2000-02,2000-01-31,-0.00246173000198,706.68,710.61,703.33,705.08,80,3409
ZA,2000-02,2000-02-01,0.0161967436319,705.51,726.61,705.51,716.5,361,3466
ZA,2000-02,2000-02-02,0.0196929518493,730.24,736.06,725.15,730.61,515,3514
ZA,2000-02,2000-02-03,0.0234872230054,741.88,752.06,736.79,747.77,211,3515
ZA,2000-02,2000-02-04,0.0213033419367,750.61,768.07,747.7,763.7,565,3528
ZA,2000-02,2000-02-07,0.0302867618175,770.03,791.34,770.03,786.83,781,3543
ZA,2000-02,2000-02-08,0.0719215078225,829.16,843.71,814.61,843.42,736,3347
ZA,2000-02,2000-02-09,0.01784401603,840.8,869.89,834.98,858.47,476,3286
ZA,2000-02,2000-02-10,-0.0171933789183,837.89,846.62,830.62,843.71,424,3286
ZA,2000-02,2000-02-11,0.0324993184862,862.62,872.8,858.25,871.13,587,3353
ZA,2000-02,2000-02-14,0.011100524606,875.71,885.89,868.44,880.8,341,3196
ZA,2000-02,2000-02-15,0.0872842870118,952.81,962.99,930.99,957.68,341,3196
ZA,2000-02,2000-02-16,0.0802042435887,974.63,1047.36,974.63,1034.49,1051,2808
ZA,2000-02,2000-02-17,-0.00787827818539,1061.91,1086.64,1010.99,1026.34,654,2656
ZA,2000-02,2000-02-18,-0.00608959993764,1018.27,1032.81,962.99,1020.09,979,2757
ZA,2000-02,2000-02-22,0.164769775216,1115.1,1210.48,1071.09,1188.17,1860,2882
ZA,2000-02,2000-02-23,-0.119536766624,1100.43,1100.43,1041.74,1046.14,658,2831
ZA,2000-02,2000-02-24,-0.0274819813792,1013.87,1041.74,1012.4,1017.39,915,2840
ZA,2000-02,2000-02-25,-0.0106743726595,990.39,1027.07,983.05,1006.53,535,2786
ZA,2000-02,2000-02-28,0.0476687232373,1027.07,1056.42,1027.07,1054.51,556,2757
ZA,2000-02,2000-02-29,-0.0121098899015,1066.69,1071.09,1034.41,1041.74,407,2679
ZA,2000-02,2000-03-01,-0.0381669130493,1027.07,1027.07,997.73,1001.98,369,2515
ZA,2000-02,2000-03-02,-0.0351404219645,975.72,983.05,961.04,966.77,285,2462
ZA,2000-02,2000-03-03,-0.0135089007727,939.18,968.38,928.76,953.71,206,2369
ZN,2000-05,2000-04-28,0.0281506351977,5425.368,5611.533,5425.368,5568.981,50895,315737
ZN,2000-05,2000-05-01,0.0238777973924,5629.263,5735.643,5611.533,5701.956,51545,320383
ZN,2000-05,2000-05-02,0.000310945928029,5726.778,5744.508,5611.533,5703.729,62167,323680
ZN,2000-05,2000-05-03,-0.028287283635,5646.993,5735.643,5540.613,5542.386,65084,328228
ZN,2000-05,2000-05-04,-0.00607806818219,5478.558,5514.018,5407.638,5508.699,63557,325103
ZN,2000-05,2000-05-05,-0.0263918939844,5540.613,5549.478,5336.719,5363.314,48904,327889
ZN,2000-05,2000-05-08,0.0479337961566,5434.233,5638.128,5407.638,5620.398,68755,330578
ZN,2000-05,2000-05-09,0.00410095512809,5673.588,5726.778,5611.533,5643.447,57408,332139
ZN,2000-05,2000-05-10,0.0420985613934,5629.263,5895.212,5584.938,5881.028,80744,337385
ZN,2000-05,2000-05-11,0.0105517266709,5895.212,6001.592,5868.617,5943.083,88109,344226
ZN,2000-05,2000-05-12,0.000596660016358,5886.347,5973.224,5868.617,5946.629,55412,346408
ZN,2000-05,2000-05-15,0.0136176310982,5932.546,6064.576,5888.536,6027.608,53936,348128
ZN,2000-05,2000-05-16,0.0148947974055,6073.378,6161.398,6046.972,6117.388,78722,348422
ZN,2000-05,2000-05-17,0.0679136258808,6152.596,6601.498,6126.19,6532.842,105709,349900
ZN,2000-05,2000-05-18,0.001886315328,6539.884,6592.696,6407.854,6545.165,80805,346586
ZN,2000-05,2000-05-19,0.033082282876,6645.508,6777.538,6601.498,6761.694,94671,354786
ZN,2000-05,2000-05-22,-0.0213486442894,6971.182,7023.994,6566.29,6617.341,135833,362130
ZN,2000-05,2000-05-23,0.0162278171852,6707.122,6751.132,6601.498,6724.726,83011,356201
ZN,2000-05,2000-05-24,0.0659684870432,6847.954,7217.638,6812.746,7168.346,121117,365930
ZN,2000-05,2000-05-25,0.0383105112393,7261.648,7464.094,7182.43,7442.969,145713,356921
ZN,2000-05,2000-05-26,0.00946074073397,7490.5,7763.361,7428.886,7513.385,124928,341312
ZN,2000-05,2000-05-30,0.0201499058014,7604.925,7675.341,7446.49,7664.779,66746,339172
ZN,2000-05,2000-05-31,0.000459373975427,7833.777,8018.619,7648.935,7668.3,88704,345051
ZN,2000-05,2000-06-01,-0.0670340231864,7684.143,7692.945,6689.518,7154.263,111365,344204
ZN,2000-05,2000-06-02,-0.00516726880183,7270.45,7323.262,6918.37,7117.295,83167,348740
ZN,2000-05,2000-06-05,0.0878061117321,7182.43,7763.361,7129.618,7742.237,60004,347239
ZN,2000-11,2000-10-31,0.00111492068591,7696.731,7781.684,7441.872,7628.769,83653,367654
ZN,2000-11,2000-11-01,0.0436525211341,7832.656,8070.524,7730.712,7961.784,87464,374828
ZN,2000-11,2000-11-02,0.0157916868883,7934.599,8240.429,7883.627,8087.514,73062,378467
ZN,2000-11,2000-11-03,0.0359243891263,8291.401,8444.316,8265.915,8378.053,67471,382517
ZN,2000-11,2000-11-06,-0.016629520009,8410.335,8444.316,8155.477,8238.73,48872,384970
ZN,2000-11,2000-11-07,0.0478449955272,8478.298,8665.194,8461.307,8632.912,77204,382174
ZN,2000-11,2000-11-08,0.0505806152084,8784.128,9242.873,8767.137,9069.57,77204,382174
ZN,2000-11,2000-11-09,0.0200449414912,9310.836,9429.77,9191.902,9251.369,87432,383921
ZN,2000-11,2000-11-10,0.00202013345268,9157.921,9387.293,9140.93,9270.058,67699,385473
ZN,2000-11,2000-11-13,0.0443548465393,9599.676,9752.591,9531.713,9681.23,81413,389809
ZN,2000-11,2000-11-14,0.0558091275592,9956.478,10236.822,9854.534,10221.531,110763,396255
ZN,2000-11,2000-11-15,0.0381538734266,10354.366,10694.97,10064.853,10611.522,101432,400733
ZN,2000-11,2000-11-16,-0.0710961160897,10320.306,10388.427,9843.46,9857.084,121621,398784
ZN,2000-11,2000-11-17,0.0509675072263,9724.248,10405.457,9570.977,10359.475,111134,405775
ZN,2000-11,2000-11-20,0.0251520467977,10609.819,10797.152,10592.789,10620.037,82680,404647
ZN,2000-11,2000-11-21,0.0314303989713,10694.97,11103.695,10677.94,10953.829,91971,404889
ZN,2000-11,2000-11-22,0.0236319190303,10797.152,11410.239,10780.121,11212.689,18754,400068
ZN,2000-11,2000-11-27,-0.0168591138129,10916.363,11376.179,10916.363,11023.653,102937,395733
ZN,2000-11,2000-11-28,-0.0410937281861,10575.759,10643.88,10269.215,10570.65,116962,373288
ZN,2000-11,2000-11-29,-0.00418886255812,10626.849,11069.635,10439.517,10526.371,89478,377016
ZN,2000-11,2000-11-30,0.0660087887839,11171.816,11461.33,11052.605,11221.204,77635,382396
ZN,2000-11,2000-12-01,0.012748453731,11580.541,11614.602,11205.877,11364.257,77987,391518
ZN,2000-11,2000-12-04,0.113891827684,12329.87,13539.015,12261.749,12658.553,81015,393569
ZN,2000-11,2000-12-05,-0.00659222266558,13045.139,13539.015,12432.051,12575.105,73521,392321
ZN,2000-12,2000-11-30,0.0660087887839,11171.816,11461.33,11052.605,11221.204,77635,382396
ZN,2000-12,2000-12-01,0.012748453731,11580.541,11614.602,11205.877,11364.257,77987,391518
ZN,2000-12,2000-12-04,0.113891827684,12329.87,13539.015,12261.749,12658.553,81015,393569
ZN,2000-12,2000-12-05,-0.00659222266558,13045.139,13539.015,12432.051,12575.105,73521,392321
ZN,2000-12,2000-12-06,0.149106190366,14986.583,14986.583,13794.468,14450.131,63136,388616
ZN,2000-12,2000-12-07,-0.0131997419262,15242.036,15327.187,13854.074,14259.393,50564,384263
ZN,2000-12,2000-12-08,0.0252000207863,14049.921,14816.281,13556.045,14618.73,50489,386607
ZN,2000-12,2000-12-11,0.0965750102779,16434.15,16434.15,15667.791,16030.534,39640,388028
ZN,2000-12,2000-12-12,-0.134707302951,15156.885,15242.036,13641.196,13871.104,65921,386830
ZN,2000-12,2000-12-13,-0.0746470504439,13317.622,14220.223,12772.656,12835.667,60856,385208
ZN,2000-12,2000-12-14,-0.0164521251603,12857.807,13368.713,12483.142,12624.493,51966,382956
ZN,2000-12,2000-12-15,0.130197703781,13338.762,14491.92,13166.649,14268.173,45131,382623
ZN,2000-12,2000-12-18,0.00904705879302,15576.232,15645.077,14113.271,14397.258,30980,380369
ZN,2000-12,2000-12-19,0.0534369113897,15318.062,15318.062,14887.78,15166.603,28595,376762
ZN,2000-12,2000-12-20,0.0152065033943,15834.402,16075.36,15369.696,15397.234,45445,374188
ZN,2000-12,2000-12-21,0.0317460915383,15972.092,16126.994,15662.289,15886.036,35927,371614
ZN,2000-12,2000-12-22,-0.0322860278045,15834.402,15834.402,15266.429,15373.139,25525,371411
ZN,2000-12,2000-12-26,0.0217196370891,15748.345,15920.458,15232.006,15707.038,30446,364085
ZN,2000-12,2000-12-27,0.0175323316847,15541.809,16092.571,15180.372,15982.419,65725,348933
ZN,2000-12,2000-12-28,-0.00247684658999,15232.006,16264.684,15145.949,15942.833,26599,346206
ZN,2000-12,2000-12-29,0.0552736768929,16213.05,17082.221,16213.05,16824.052,25597,353093
ZN,2000-12,2001-01-02,-0.144347865782,14887.78,15318.062,14199.328,14395.536,29036,352665
ZN,2000-12,2001-01-03,-0.0209229444461,14354.229,14973.836,14010.003,14094.339,37028,356046
ZN,2000-12,2001-01-04,0.0948833428797,14405.863,15815.469,14397.258,15431.657,44276,362580
CC,2001-01,2000-12-29,-0.0105757931845,850,852,841,842,7217,134482
CC,2001-01,2001-01-02,0.0261282660333,856,872,851,864,10324,131306
CC,2001-01,2001-01-03,-0.03125,870,872,836,837,10814,131902
CC,2001-01,2001-01-04,0.0191158900836,847,863,843,853,12109,132658
CC,2001-01,2001-01-05,0.0586166471278,878,908,873,903,20470,133359
CC,2001-01,2001-01-08,0,906,916,896,903,13790,134427
CC,2001-01,2001-01-09,-0.0177187153931,900,910,885,887,15523,135364
CC,2001-01,2001-01-10,0.0135287485908,895,902,891,899,4709,135763
CC,2001-01,2001-01-11,0.0489432703003,912,945,912,943,13119,136307
CC,2001-01,2001-01-12,0.0137857900318,967,967,931,956,16953,140053
CC,2001-01,2001-01-16,0.0585774058577,978,1016,969,1012,19205,135533
CC,2001-01,2001-01-17,0.0869565217391,1011,1103,1003,1100,23549,136593
CC,2001-01,2001-01-18,0.00636363636364,1122,1172,1078,1107,31485,137166
CC,2001-01,2001-01-19,-0.0397470641373,1083,1083,1039,1063,16087,135542
CC,2001-01,2001-01-22,0.0507996237065,1056,1133,1048,1117,15833,131564
CC,2001-01,2001-01-23,-0.0053715308863,1122,1143,1072,1111,12455,130557
CC,2001-01,2001-01-24,-0.010801080108,1111,1120,1085,1099,8515,131274
CC,2001-01,2001-01-25,0.0154686078253,1128,1150,1106,1116,11483,131075
CC,2001-01,2001-01-26,0.0510752688172,1136,1185,1123,1173,13282,129799
CC,2001-01,2001-01-29,-0.0102301790281,1183,1199,1152,1161,21630,125469
CC,2001-01,2001-01-30,0.0103359173127,1168,1179,1132,1173,11008,125451
CC,2001-01,2001-01-31,-0.0341005967604,1155,1156,1130,1133,9557,125778
CC,2001-01,2001-02-01,0.0308914386584,1128,1170,1123,1168,11442,125631
CC,2001-01,2001-02-02,-0.00256849315068,1156,1182,1140,1165,11160,124994
CC,2001-01,2001-02-05,0.0154506437768,1156,1189,1150,1183,10173,124215
ZN,2001-01,2000-12-29,0.0552736768929,16213.05,17082.221,16213.05,16824.052,25597,353093
ZN,2001-01,2001-01-02,-0.144347865782,14887.78,15318.062,14199.328,14395.536,29036,352665
ZN,2001-01,2001-01-03,-0.0209229444461,14354.229,14973.836,14010.003,14094.339,37028,356046
ZN,2001-01,2001-01-04,0.0948833428797,14405.863,15815.469,14397.258,15431.657,44276,362580
ZN,2001-01,2001-01-05,0.0329021050688,15662.289,16092.571,15318.062,15939.391,38610,362400
ZN,2001-01,2001-01-08,0.0462153165074,16694.967,16987.559,16488.431,16676.035,39637,368545
ZN,2001-01,2001-01-09,0.013417278148,16385.163,16987.559,16281.896,16899.782,47669,366546
ZN,2001-01,2001-01-10,-0.0703738071888,16522.854,16884.291,15507.387,15710.48,67104,366653
ZN,2001-01,2001-01-11,-0.0460122797012,14939.414,15318.062,14801.723,14987.605,47468,365180
ZN,2001-01,2001-01-12,-0.0271014615077,14939.414,15232.006,14121.877,14581.419,44636,366882
ZN,2001-01,2001-01-16,-0.035869485679,14116.304,14206.793,13844.837,14058.391,58536,370186
ZN,2001-01,2001-01-17,-0.143408872324,13392.391,13718.152,11854.076,12042.293,70006,370660
ZN,2001-01,2001-01-18,0.0368199810451,12415.109,12632.282,11908.369,12485.69,44414,371000
ZN,2001-01,2001-01-19,0.0250760670816,13084.728,13247.609,12614.185,12798.782,47329,373170
ZN,2001-01,2001-01-22,0.00424212241446,13139.022,13229.511,12777.065,12853.076,28083,374395
ZN,2001-01,2001-01-23,-0.0637848869796,12252.228,12306.522,11962.663,12033.244,42665,372899
ZN,2001-01,2001-01-24,0.00646716712468,11944.565,12487.5,11673.098,12111.065,49775,373875
ZN,2001-01,2001-01-25,0.0279437852906,12668.478,12704.674,12270.326,12449.494,54187,372373
ZN,2001-01,2001-01-26,-0.0071231007461,12216.033,12415.109,12053.152,12360.815,63675,363223
ZN,2001-01,2001-01-29,-0.101610532962,11582.609,11709.293,10922.038,11104.826,75468,349138
ZN,2001-01,2001-01-30,-0.006355975321,10858.696,11256.848,10551.033,11034.244,61689,345204
ZN,2001-01,2001-01-31,-0.0639658684365,10587.228,11311.141,10225.272,10328.429,52972,351539
ZN,2001-01,2001-02-01,0.117925388266,10623.424,11618.804,10388.152,11546.413,61399,350697
ZN,2001-01,2001-02-02,0.0568965444073,12161.739,12614.185,11655,12203.364,71030,345779
ZN,2001-01,2001-02-05,-0.153789151909,11220.652,11220.652,10261.467,10326.619,48823,345180
ZN,2001-10,2001-09-28,-0.00399476599544,3186.7,3243.605,3136.908,3192.39,36620,469271
ZN,2001-10,2001-10-01,-0.0160428393774,3094.228,3165.36,3044.436,3141.175,41521,475206
ZN,2001-10,2001-10-02,0.027173907853,3144.021,3272.058,3129.794,3226.533,45646,475952
ZN,2001-10,2001-10-03,0.0229277059928,3272.058,3357.416,3229.379,3300.51,52136,475448
ZN,2001-10,2001-10-04,0.0405173745876,3371.642,3513.905,3336.076,3434.238,57474,475329
ZN,2001-10,2001-10-05,-0.0774649281733,3357.416,3357.416,3165.36,3168.205,61899,481302
ZN,2001-10,2001-10-08,0.0193087252877,3172.473,3286.284,3158.247,3229.379,42215,483935
ZN,2001-10,2001-10-09,0.0519821303105,3243.605,3414.321,3229.379,3397.249,52970,480189
ZN,2001-10,2001-10-10,0.0385261722058,3385.868,3613.49,3314.737,3528.132,98889,492382
ZN,2001-10,2001-10-11,0.0205644233266,3542.358,3656.169,3492.566,3600.686,87761,501702
ZN,2001-10,2001-10-12,-0.0399051736252,3528.132,3542.358,3371.642,3457,66218,508485
ZN,2001-10,2001-10-15,-0.023853051779,3374.54,3406.256,3330.138,3374.54,46322,508296
ZN,2001-10,2001-10-16,0.0721805046021,3501.402,3685.353,3501.402,3618.116,90644,513791
ZN,2001-10,2001-10-17,-0.0522440408212,3723.412,3723.412,3412.599,3429.091,87222,515429
ZN,2001-10,2001-10-18,0.035885895125,3450.657,3564.834,3387.226,3552.147,74069,520469
ZN,2001-10,2001-10-19,0.0678572705465,3552.147,3856.617,3552.147,3793.186,86904,520708
ZN,2001-10,2001-10-22,0.0324413303223,3843.931,3951.764,3748.784,3916.242,67276,521014
ZN,2001-10,2001-10-23,-0.0492385302032,3945.421,3964.45,3666.323,3723.412,74124,522085
ZN,2001-10,2001-10-24,0.0804087756069,3653.637,4059.597,3596.549,4022.807,93322,526101
ZN,2001-10,2001-10-25,-0.0214444789422,4072.283,4148.401,3881.99,3936.54,104130,492283
ZN,2001-10,2001-10-26,0.0257815238763,3951.764,4091.312,3951.764,4038.03,77587,484045
ZN,2001-10,2001-10-29,0.0490105323636,4135.714,4300.635,4135.714,4235.936,100742,459742
ZN,2001-10,2001-10-30,-0.0467207247702,4123.028,4123.028,3913.705,4038.03,70569,455555
ZN,2001-10,2001-10-31,0.0339304066587,4046.911,4364.067,3945.421,4175.042,60010,457861
ZN,2001-10,2001-11-01,-0.000303949038117,4110.342,4237.204,4046.911,4173.773,73364,461189
ZN,2001-10,2001-11-02,-0.0127659074895,4173.773,4186.459,4084.969,4120.491,70601,449397
ZN,2001-10,2001-11-05,-0.100369591876,3881.99,3907.362,3679.01,3706.919,77070,447347
CC,2001-11,2001-10-31,0.0204081632653,1084,1101,1083,1100,4444,94598
CC,2001-11,2001-11-01,0.00909090909091,1105,1112,1101,1110,3939,94896
CC,2001-11,2001-11-02,-0.0198198198198,1094,1098,1083,1088,6450,94290
CC,2001-11,2001-11-05,-0.0128676470588,1076,1081,1072,1074,12701,94831
CC,2001-11,2001-11-06,-0.00279329608939,1071,1077,1065,1071,4957,95158
CC,2001-11,2001-11-07,0.0494864612512,1082,1129,1078,1124,11831,94541
CC,2001-11,2001-11-08,0.0578291814947,1140,1194,1140,1189,18369,94155
CC,2001-11,2001-11-09,0.053826745164,1244,1260,1225,1253,17097,92820
CC,2001-11,2001-11-12,0.00159616919393,1258,1259,1229,1255,8966,93657
CC,2001-11,2001-11-13,0.0422310756972,1260,1310,1253,1308,20903,93242
CC,2001-11,2001-11-14,-0.0107033639144,1304,1341,1272,1294,18563,91368
CC,2001-11,2001-11-15,0.0255023183926,1292,1341,1281,1327,12661,89474
CC,2001-11,2001-11-16,0.0346646571213,1351,1392,1343,1373,9660,90538
CC,2001-11,2001-11-19,0.00291332847779,1373,1397,1359,1377,6815,91561
CC,2001-11,2001-11-20,-0.00508351488744,1367,1375,1336,1370,6302,92511
CC,2001-11,2001-11-21,-0.0043795620438,1356,1383,1349,1364,6302,92511
CC,2001-11,2001-11-26,0.0300586510264,1378,1421,1377,1405,6202,93587
CC,2001-11,2001-11-27,-0.0142348754448,1405,1405,1365,1385,4904,92987
CC,2001-11,2001-11-28,0.00649819494585,1394,1411,1373,1394,5546,93122
CC,2001-11,2001-11-29,0.0423242467719,1407,1457,1407,1453,10636,93241
CC,2001-11,2001-11-30,-0.00757054370268,1467,1470,1429,1442,10560,92059
CC,2001-11,2001-12-03,-0.0242718446602,1411,1426,1400,1407,7069,92246
CC,2001-11,2001-12-04,-0.0270078180526,1394,1399,1359,1369,8259,92264
CC,2001-11,2001-12-05,0.00584368151936,1364,1389,1353,1377,4943,92581
ZN,2002-03,2002-02-28,-0.028842442683,2759.341,2776.235,2635.452,2654.598,104332,492437
ZN,2002-03,2002-03-01,0.000848716076784,2680.502,2725.553,2652.346,2656.851,72778,497894
ZN,2002-03,2002-03-04,0.0546842860213,2798.76,2815.654,2753.709,2802.139,69821,504480
ZN,2002-03,2002-03-05,-0.00844069476925,2770.603,2855.073,2753.709,2778.487,93924,509750
ZN,2002-03,2002-03-06,0.0401297540712,2764.972,2911.386,2748.078,2889.987,79752,512963
ZN,2002-03,2002-03-07,0.0740453157748,2956.436,3176.057,2945.174,3103.977,164932,515669
ZN,2002-03,2002-03-08,0.015965002318,3147.901,3170.426,3080.325,3153.532,83958,519418
ZN,2002-03,2002-03-11,0.0789286425506,3209.845,3423.835,3187.32,3402.436,111423,520730
ZN,2002-03,2002-03-12,-0.000993111993877,3299.946,3412.572,3221.108,3399.057,127835,520253
ZN,2002-03,2002-03-13,-0.0490391893987,3361.891,3418.204,3209.845,3232.37,129962,524388
ZN,2002-03,2002-03-14,0.0188156058867,3164.795,3299.946,3097.219,3293.189,109053,526087
ZN,2002-03,2002-03-15,0.0506071774198,3399.851,3460.959,3355.408,3459.848,98161,533821
ZN,2002-03,2002-03-18,0.0735387797383,3538.733,3733.169,3477.625,3714.281,124692,543705
ZN,2002-03,2002-03-19,-0.0146574801422,3660.95,3722.059,3633.174,3659.839,122225,547204
ZN,2002-03,2002-03-20,-0.0440194227123,3610.952,3683.171,3488.735,3498.735,146470,545761
ZN,2002-03,2002-03-21,0.100666955342,3510.957,3866.497,3466.514,3850.942,153229,553678
ZN,2002-03,2002-03-22,-0.0317369100859,3866.497,3960.937,3633.174,3728.725,181028,559762
ZN,2002-03,2002-03-25,0.0315853274243,3766.501,3866.497,3716.503,3846.498,181028,559762
ZN,2002-03,2002-03-26,-0.025418965511,3866.497,3944.271,3733.169,3748.724,185489,527272
ZN,2002-03,2002-03-27,-0.0248962046819,3644.284,3722.059,3566.51,3655.395,95568,527339
ZN,2002-03,2002-03-28,-0.00212781382039,3577.62,3666.505,3544.289,3647.617,72072,526819
ZN,2002-03,2002-04-01,0.0755408256952,3705.393,3944.271,3694.282,3923.161,96057,536200
ZN,2002-03,2002-04-02,0.034834155417,4033.156,4110.93,3983.158,4059.821,118921,535771
ZN,2002-03,2002-04-03,-0.0405035098838,3977.603,4033.156,3866.497,3895.384,86247,540261
ZO,2002-05,2002-04-30,-0.00540746866849,161.76,162.04,154.63,156.34,1135,9570
ZO,2002-05,2002-05-01,-0.00364589996162,155.77,159.76,155.2,155.77,1555,9625
ZO,2002-05,2002-05-02,-0.020157925146,157.76,157.76,150.63,152.63,2445,9342
ZO,2002-05,2002-05-03,0,152.34,153.48,149.21,152.63,1912,8954
ZO,2002-05,2002-05-06,0.0298761711328,152.91,157.48,152.91,157.19,887,8961
ZO,2002-05,2002-05-07,0.00725236974362,158.9,160.9,157.48,158.33,1185,8982
ZO,2002-05,2002-05-08,0.00543169329881,158.62,159.76,157.48,159.19,596,8866
ZO,2002-05,2002-05-09,0.0447892455556,158.9,166.61,158.9,166.32,1841,8915
ZO,2002-05,2002-05-10,-0.0360149110149,165.18,165.47,158.62,160.33,1269,8893
ZO,2002-05,2002-05-13,0.0213310048026,163.18,166.32,162.04,163.75,1032,8724
ZO,2002-05,2002-05-14,-0.0208854961832,163.18,163.18,156.34,160.33,1367,8766
ZO,2002-05,2002-05-15,0.0800848250483,161.19,173.45,160.33,173.17,2371,8965
ZO,2002-05,2002-05-16,0.0115493445747,172.6,178.02,171.17,175.17,1795,8782
ZO,2002-05,2002-05-17,0.0146143746075,174.6,178.02,172.31,177.73,1075,8799
ZO,2002-05,2002-05-20,0.0225060485005,178.02,182.58,177.45,181.73,1122,8929
ZO,2002-05,2002-05-21,-0.0423705497166,181.73,181.73,173.45,174.03,1122,8929
ZO,2002-05,2002-05-22,0.0196517841751,171.46,180.3,168.03,177.45,1001,8858
ZO,2002-05,2002-05-23,0.0144829529445,179.16,180.3,175.45,180.02,765,8885
ZO,2002-05,2002-05-24,0.0364403955116,180.87,189.43,180.87,186.58,1091,8978
ZO,2002-05,2002-05-28,0.0397684639297,187.15,194,186.58,194,1347,9025
ZO,2002-05,2002-05-29,0.0499484536082,193.71,203.98,193.71,203.69,2215,9288
ZO,2002-05,2002-05-30,0.0350532672198,196.85,211.11,196.85,210.83,2529,9747
ZO,2002-05,2002-05-31,0.00132808423849,211.97,212.82,205.98,211.11,1856,9879
ZO,2002-05,2002-06-03,0.0689214153759,211.11,230.51,210.83,225.66,2615,10352
ZO,2002-05,2002-06-04,0.00633696711867,227.94,228.23,219.67,227.09,2140,10470
ZO,2002-05,2002-06-05,0.0163371350566,223.09,233.08,222.52,230.8,2111,10759
ZZ,2002-09,2002-08-30,0.00733767958077,184.226,188.139,180.312,185.881,6523,35081
ZZ,2002-09,2002-09-03,-0.0267213970228,179.409,181.818,177.001,180.914,7037,35320
ZZ,2002-09,2002-09-04,0.0590722663807,180.613,192.805,179.71,191.601,8980,36098
ZZ,2002-09,2002-09-05,0.0274946372931,191.149,198.073,188.44,196.869,9546,36520
ZZ,2002-09,2002-09-06,0.0305787097004,198.073,206.802,196.869,202.889,8634,36289
ZZ,2002-09,2002-09-09,-0.0341221061763,204.695,207.404,195.665,195.966,10090,37426
ZZ,2002-09,2002-09-10,0.0614443321801,198.675,208.007,198.374,208.007,9886,37607
ZZ,2002-09,2002-09-11,0.0151917964299,213.726,218.241,210.415,211.167,14105,37674
ZZ,2002-09,2002-09-12,0.00499131019525,213.425,214.93,208.91,212.221,9978,37454
ZZ,2002-09,2002-09-13,0.00779847423205,212.522,215.231,206.2,213.876,10417,37408
ZZ,2002-09,2002-09-16,0.00563410574351,216.134,219.144,213.425,215.081,6579,37444
ZZ,2002-09,2002-09-17,0.00909424821346,214.93,219.596,211.92,217.037,8405,37021
ZZ,2002-09,2002-09-18,0.0124817427443,218.843,220.649,212.973,219.746,8316,36555
ZZ,2002-09,2002-09-19,0.0205509997907,226.369,226.369,219.295,224.262,8461,35624
ZZ,2002-09,2002-09-20,-0.0060420401138,225.466,225.466,219.295,222.907,5979,35792
ZZ,2002-09,2002-09-23,-0.0357862247484,222.456,222.456,214.027,214.93,7356,36026
ZZ,2002-09,2002-09-24,0.0420183315498,214.328,224.262,214.328,223.961,7275,35519
ZZ,2002-09,2002-09-25,0.0275539044744,224.262,230.282,221.854,230.132,8228,34477
ZZ,2002-09,2002-09-26,0.0261589001095,232.389,238.56,231.787,236.152,8322,33808
ZZ,2002-09,2002-09-27,-0.00320556251906,235.849,236.152,231.913,235.395,5921,34008
ZZ,2002-09,2002-09-30,0.0430892754731,245.235,247.506,242.207,245.538,9279,34656
ZZ,2002-09,2002-10-01,-0.0271281838249,245.84,245.84,236.909,238.877,10444,34675
ZZ,2002-09,2002-10-02,0.0316857629659,238.877,248.868,236.758,246.446,10597,35432
ZZ,2002-09,2002-10-03,0.00307166681545,247.96,250.836,245.235,247.203,8722,34854
ZN,2003-02,2003-01-31,0.00394044931446,4910.594,5021.192,4875.202,4959.257,77778,406979
ZN,2003-02,2003-02-03,0.0287244641687,4870.778,5140.639,4853.082,5101.709,85841,413057
ZN,2003-02,2003-02-04,-0.000693885127513,5140.639,5202.575,5043.312,5098.169,87466,410222
ZN,2003-02,2003-02-05,-0.0204789209616,5096.4,5105.248,4923.865,4993.764,101258,410845
ZN,2003-02,2003-02-06,0.0326010600421,5025.616,5229.119,5007.921,5156.566,103338,416677
ZN,2003-02,2003-02-07,0.0368908300602,5202.575,5366.261,5193.727,5346.796,85320,424963
ZN,2003-02,2003-02-10,-0.0316067790879,5291.054,5326.446,5158.335,5177.801,81734,417883
ZN,2003-02,2003-02-11,0.0213602260883,5176.031,5370.685,5145.063,5288.4,99244,414476
ZN,2003-02,2003-02-12,-0.0321231374329,5246.814,5246.814,5061.008,5118.52,92953,419925
ZN,2003-02,2003-02-13,-0.00777881106257,5069.856,5273.358,5007.921,5078.704,116960,424118
ZN,2003-02,2003-02-14,0.0193380043413,5140.639,5184.879,5061.008,5176.916,66576,423461
ZN,2003-02,2003-02-18,0.0116936415426,5255.798,5338.35,5219.108,5237.453,81263,421439
ZN,2003-02,2003-02-19,0.0348511003345,5283.315,5466.764,5260.384,5419.984,116906,432328
ZN,2003-02,2003-02-20,0.0120157181276,5420.902,5512.626,5411.729,5485.109,107299,443131
ZN,2003-02,2003-02-21,0.0565217573616,5631.867,5824.488,5613.523,5795.137,126282,449904
ZN,2003-02,2003-02-24,0.206394257806,6301.454,7062.765,6237.247,6991.22,141719,448623
ZN,2003-02,2003-02-25,-0.136184671631,7062.765,7154.49,5778.626,6039.123,134305,421638
ZN,2003-02,2003-02-26,0.122417940486,6145.523,6925.179,6053.799,6778.42,112486,404545
ZN,2003-02,2003-02-27,0.0128552081459,6558.282,7062.765,6512.42,6865.558,84832,391657
ZN,2003-02,2003-02-28,0.0822978991657,7567.249,7796.559,7292.076,7430.579,83031,388227
ZN,2003-02,2003-03-03,-0.115911559516,6971.041,6971.041,6517.006,6569.289,74404,388448
ZN,2003-02,2003-03-04,-0.0168946745987,6512.42,6925.179,6374.834,6458.303,65819,380888
ZN,2003-02,2003-03-05,-0.00284052947036,6374.834,6558.282,6191.385,6439.958,65819,380888
ZN,2003-03,2003-02-28,0.0822978991657,7567.249,7796.559,7292.076,7430.579,83031,388227
ZN,2003-03,2003-03-03,-0.115911559516,6971.041,6971.041,6517.006,6569.289,74404,388448
ZN,2003-03,2003-03-04,-0.0168946745987,6512.42,6925.179,6374.834,6458.303,65819,380888
ZN,2003-03,2003-03-05,-0.00284052947036,6374.834,6558.282,6191.385,6439.958,65819,380888
ZN,2003-03,2003-03-06,-0.0252101023019,6374.834,6420.696,6136.351,6277.606,57341,374299
ZN,2003-03,2003-03-07,0.0217708788987,6301.454,6521.592,6292.282,6414.275,65984,373809
ZN,2003-03,2003-03-10,-0.0683541008142,6099.661,6163.868,5943.73,5975.833,49653,373827
ZN,2003-03,2003-03-11,-0.0876438481464,5769.454,5815.316,5356.695,5452.088,86143,372554
ZN,2003-03,2003-03-12,-0.0132906878979,5338.35,5608.936,5283.315,5379.626,62798,373197
ZN,2003-03,2003-03-13,-0.0859334831083,5375.04,5393.384,4902.66,4917.336,80760,369310
ZN,2003-03,2003-03-14,0.0126841037505,4934.763,5026.488,4659.591,4979.708,86695,371156
ZN,2003-03,2003-03-17,0.00294997216704,5012.76,5058.664,4856.685,4994.398,47746,369495
ZN,2003-03,2003-03-18,-0.0220589148082,4829.142,5003.579,4801.599,4884.227,45442,367683
ZN,2003-03,2003-03-19,-0.0107142849831,4884.227,4976.036,4810.78,4831.896,41643,369592
ZN,2003-03,2003-03-20,0.00152010722085,4829.142,5095.387,4728.152,4839.241,78632,369225
ZN,2003-03,2003-03-21,-0.023335270965,4728.152,4792.418,4700.61,4726.316,59308,367776
ZN,2003-03,2003-03-24,0.0252526492092,4801.599,4856.685,4691.429,4845.668,59308,367776
ZN,2003-03,2003-03-25,-0.0305041534005,4755.695,4838.323,4636.344,4697.855,75688,368301
ZN,2003-03,2003-03-26,0.00586288848847,4645.524,4737.333,4617.982,4725.398,79368,352148
ZN,2003-03,2003-03-27,0.0180687425694,4700.61,4911.77,4663.886,4810.78,99490,342385
ZN,2003-03,2003-03-28,-0.0179388789344,4746.514,4833.732,4686.838,4724.48,44630,343114
ZN,2003-03,2003-03-31,-0.0167121037659,4723.562,4723.562,4585.849,4645.524,42486,345709
ZN,2003-03,2003-04-01,0.0128459136149,4654.705,4741.924,4627.163,4705.2,50568,347899
ZN,2003-03,2003-04-02,-0.0117072600527,4599.62,4691.429,4526.173,4650.115,62322,349999
ZN,2003-03,2003-04-03,-0.0288253086214,4599.62,4645.524,4484.859,4516.074,62199,346539
DA,2004-03,2004-02-27,0.0159404888417,9.44,9.56,9.43,9.56,1161,23674
DA,2004-03,2004-03-01,0.0020920502092,9.56,9.6,9.53,9.58,1271,23852
DA,2004-03,2004-03-02,0.00521920668058,9.53,9.63,9.52,9.63,1115,24259
DA,2004-03,2004-03-03,0.0114226375909,9.63,9.83,9.63,9.74,1773,24805
DA,2004-03,2004-03-04,0.0123203285421,9.74,9.86,9.74,9.86,2134,25651
DA,2004-03,2004-03-05,0.00912778904665,9.87,9.97,9.87,9.95,2661,26330
DA,2004-03,2004-03-08,-0.00301507537688,9.95,9.98,9.89,9.92,1842,24986
DA,2004-03,2004-03-09,0.0252016129032,9.89,10.17,9.89,10.17,2104,26003
DA,2004-03,2004-03-10,0.0412979351032,10.17,10.67,10.17,10.59,2211,26593
DA,2004-03,2004-03-11,0.0160528800755,10.59,10.84,10.59,10.76,3101,27741
DA,2004-03,2004-03-12,0.0297397769517,10.75,11.26,10.71,11.08,3328,29053
DA,2004-03,2004-03-15,0.0351985559567,11.08,11.53,11.08,11.47,3037,29563
DA,2004-03,2004-03-16,0.025283347864,11.51,11.78,11.51,11.76,4070,30110
DA,2004-03,2004-03-17,0.0255102040816,11.83,12.07,11.77,12.06,3218,30701
DA,2004-03,2004-03-18,-0.00248756218905,12.11,12.14,11.7,12.03,2747,30917
DA,2004-03,2004-03-19,0.00249376558604,11.94,12.07,11.75,12.06,2055,31819
DA,2004-03,2004-03-22,0.00746268656716,12.06,12.21,12,12.15,1459,32299
DA,2004-03,2004-03-23,0.0271604938272,12.08,12.65,12.07,12.48,2163,32831
DA,2004-03,2004-03-24,-0.000801282051282,12.44,12.47,12.34,12.47,1830,33338
DA,2004-03,2004-03-25,0.000801924619086,12.41,12.51,12.41,12.48,2977,34066
DA,2004-03,2004-03-26,0.0104166666667,12.49,12.61,12.31,12.61,3498,34350
DA,2004-03,2004-03-29,0.00396510705789,12.54,12.67,12.52,12.66,2111,34542
DA,2004-03,2004-03-30,0.0236966824645,12.63,13.06,12.63,12.96,2764,35083
DA,2004-03,2004-03-31,0.00462962962963,12.95,13.13,12.88,13.02,2167,35732
DA,2004-03,2004-04-01,0.0176651305684,12.99,13.27,12.92,13.25,2085,36077
DA,2004-03,2004-04-02,0.00528301886792,13.26,13.37,13.23,13.32,1568,33590
DA,2004-03,2004-04-05,-0.0015015015015,13.3,13.3,13.2,13.3,1365,33815
DA,2004-11,2004-10-29,0.011038961039,15.42,15.63,15.41,15.57,397,24603
DA,2004-11,2004-11-01,-0.00642260757868,15.51,15.6,15.39,15.47,730,24672
DA,2004-11,2004-11-02,0.00840336134454,15.48,15.66,15.45,15.6,342,24689
DA,2004-11,2004-11-03,0.0179487179487,15.6,15.99,15.6,15.88,785,24889
DA,2004-11,2004-11-04,0.0132241813602,15.93,16.09,15.93,16.09,714,25104
DA,2004-11,2004-11-05,0.00807955251709,16.16,16.22,16.1,16.22,849,20890
DA,2004-11,2004-11-08,0.0203452527744,16.28,16.63,16.28,16.55,1298,21083
DA,2004-11,2004-11-09,0.0302114803625,16.7,17.06,16.7,17.05,1970,21153
DA,2004-11,2004-11-10,0.025219941349,17.05,17.52,17,17.48,1266,21407
DA,2004-11,2004-11-11,0.0154462242563,17.48,18.01,17.38,17.75,2958,22022
DA,2004-11,2004-11-12,-0.00845070422535,17.73,17.83,17.48,17.6,1841,22058
DA,2004-11,2004-11-15,0.0198863636364,17.6,18.18,17.54,17.95,1594,22345
DA,2004-11,2004-11-16,-0.0495821727019,18.01,18.19,17.06,17.06,1929,22482
DA,2004-11,2004-11-17,0.0375146541618,16.76,17.78,16.7,17.7,2262,22644
DA,2004-11,2004-11-18,0.0508474576271,17.78,18.6,17.78,18.6,2163,22934
DA,2004-11,2004-11-19,0.0231182795699,18.69,19.03,18.69,19.03,1338,23394
DA,2004-11,2004-11-22,-0.0026274303731,19.03,19.15,18.85,18.98,1546,23708
DA,2004-11,2004-11-23,0.0205479452055,18.98,19.39,18.91,19.37,1385,23891
DA,2004-11,2004-11-24,0.0268456375839,19.37,19.95,19.33,19.89,1473,24037
DA,2004-11,2004-11-29,0.0276520864756,19.94,20.48,19.94,20.44,2000,24245
DA,2004-11,2004-11-30,0,20.42,20.55,19.43,20.44,2005,24799
DA,2004-11,2004-12-01,-0.0122309197652,20.35,20.35,19.87,20.19,1380,25025
DA,2004-11,2004-12-02,0.00693412580485,20.21,20.48,20.16,20.33,1678,25398
DA,2004-11,2004-12-03,-0.00245941957698,20.42,20.42,20.14,20.28,834,21669
ZB,2005-08,2005-07-29,0.00870999670076,152.6,153.2,151.47,152.87,48309,148037
ZB,2005-08,2005-08-01,0.0118401255969,154.68,158.57,154.33,154.68,47707,151524
ZB,2005-08,2005-08-02,0.0193302301526,155.37,157.92,154.24,157.67,47453,152857
ZB,2005-08,2005-08-03,-0.00589839538276,159.48,160.99,156.49,156.74,53302,153105
ZB,2005-08,2005-08-04,0.0173535791757,157.96,161.34,157.62,159.46,49015,153664
ZB,2005-08,2005-08-05,0.0162423178227,161.34,162.29,160.34,162.05,53350,151982
ZB,2005-08,2005-08-08,0.0132675100278,164.2,165.67,163.42,164.2,52366,153546
ZB,2005-08,2005-08-09,-0.0182704019488,163.33,163.59,160.65,161.2,65391,157071
ZB,2005-08,2005-08-10,0.0397022332506,163.42,167.83,160.91,167.6,61586,159799
ZB,2005-08,2005-08-11,0.0244630071599,168.46,171.88,167.11,171.7,67443,160759
ZB,2005-08,2005-08-12,0.0113570180547,172.51,174.85,172.33,173.65,60894,159414
ZB,2005-08,2005-08-15,-0.0127267492082,171.88,174.13,170.98,171.44,44630,158383
ZB,2005-08,2005-08-16,0.0102659822678,172.33,174.85,171.61,173.2,71966,160920
ZB,2005-08,2005-08-17,-0.0450923787529,173.05,177.01,165.13,165.39,64044,160747
ZB,2005-08,2005-08-18,-0.0185017231997,166.21,166.71,160.18,162.33,66349,158430
ZB,2005-08,2005-08-19,0.0272284851845,165.58,167.38,164.59,166.75,42748,157068
ZB,2005-08,2005-08-22,-0.0148725637181,166.93,168.28,163.33,164.27,44149,155754
ZB,2005-08,2005-08-23,0.00456565410605,164.68,165.22,161.53,165.02,53616,156442
ZB,2005-08,2005-08-24,0.036298630469,166.48,171.7,164.68,171.01,57027,158167
ZB,2005-08,2005-08-25,0.00923922577627,170.76,172.78,169.18,172.59,47565,160752
ZB,2005-08,2005-08-26,-0.012746972594,171.88,173.41,169.18,170.39,45441,159263
ZB,2005-08,2005-08-29,0.0601561124479,187.18,187.18,175.48,180.64,62206,159345
ZB,2005-08,2005-08-30,0.115755093003,188.98,202.48,187.81,201.55,95733,153802
ZB,2005-08,2005-08-31,0.0248573554949,206.08,211.48,195.95,206.56,87150,142520
ZB,2005-08,2005-09-01,0.0669539116964,219.58,224.08,213.28,220.39,55059,141756
ZB,2005-08,2005-09-02,-0.0920186941331,206.08,207.88,197.98,200.11,55059,141756
ZB,2005-08,2005-09-06,-0.0578681725051,197.98,198.88,187.18,188.53,49146,139725
ZN,2005-08,2005-07-29,0.0248246206702,3298.3,3344.874,3285.598,3338.523,52160,499993
ZN,2005-08,2005-08-01,0.0341153857559,3399.916,3480.362,3378.746,3452.418,74069,503830
ZN,2005-08,2005-08-02,0.0274711810679,3467.66,3560.809,3442.256,3547.26,100999,502094
ZN,2005-08,2005-08-03,-0.00322276912321,3628.553,3637.021,3503.65,3535.828,83539,506208
ZN,2005-08,2005-08-04,0.0143694772483,3531.171,3677.244,3514.235,3586.636,101487,520051
ZN,2005-08,2005-08-05,0.0270334095793,3607.383,3704.765,3594.681,3683.595,93087,523609
ZN,2005-08,2005-08-08,-0.00183896438126,3719.584,3755.574,3598.915,3676.821,82357,524211
ZN,2005-08,2005-08-09,-0.00403038385605,3637.021,3675.127,3611.617,3662.002,71412,527804
ZN,2005-08,2005-08-10,0.0487916172629,3698.414,3848.722,3689.946,3840.677,96567,535403
ZN,2005-08,2005-08-11,0.0253556859897,3874.126,3958.806,3806.382,3938.06,111424,541322
ZN,2005-08,2005-08-12,0.030856817824,4001.147,4195.911,4001.147,4059.576,91111,541011
ZN,2005-08,2005-08-15,-0.00500618783834,3992.679,4073.125,3971.509,4039.253,64253,545340
ZN,2005-08,2005-08-16,0.0222221782097,4043.487,4183.209,4039.253,4129.014,80328,542558
ZN,2005-08,2005-08-17,-0.0370180386891,4155.688,4170.507,3971.509,3976.166,77112,538649
ZN,2005-08,2005-08-18,-0.0506422518577,3917.488,3921.709,3744.409,3774.804,99192,531649
ZN,2005-08,2005-08-19,0.0239318385802,3841.502,3892.159,3820.395,3865.142,66441,532411
ZN,2005-08,2005-08-22,0.049475801924,3989.252,4166.552,3976.588,4056.373,95502,530432
ZN,2005-08,2005-08-23,0.011135317191,4179.217,4183.438,4010.359,4101.542,85016,528026
ZN,2005-08,2005-08-24,0.0311858320602,4204.545,4242.538,4103.231,4229.452,84280,534627
ZN,2005-08,2005-08-25,-0.0191637119892,4115.895,4166.552,3989.252,4148.4,87308,528064
ZN,2005-08,2005-08-26,-0.00213696846977,4179.217,4242.538,4103.231,4139.535,85058,519851
ZN,2005-08,2005-08-29,0.135937248991,4770.217,4917.967,4495.824,4702.252,86186,501059
ZN,2005-08,2005-08-30,0.0466827383985,4939.074,5065.717,4854.646,4921.766,101515,497942
ZN,2005-08,2005-08-31,-0.0160389583739,5065.717,5171.253,4732.224,4842.826,93159,501267
ZN,2005-08,2005-09-01,0.0248429326183,4787.103,5023.503,4738.556,4963.136,71750,505446
ZN,2005-08,2005-09-02,-0.00561358786058,4922.189,4977.067,4875.753,4935.275,46151,515050
ZN,2005-08,2005-09-06,-0.00290824726079,4960.181,4981.289,4837.76,4920.922,67061,519727
ZK,2006-04,2006-03-31,-0.00864614728895,331.18,331.84,323.51,325.63,18875,100504
ZK,2006-04,2006-04-03,0.0343027362344,333.82,338.52,332.96,336.8,13965,100335
ZK,2006-04,2006-04-04,-0.00472090261283,334.35,337.79,333.96,335.21,14371,100249
ZK,2006-04,2006-04-05,0.0238656364667,341.49,343.74,339.77,343.21,14332,99272
ZK,2006-04,2006-04-06,0.0194633023513,345.99,350.22,345.06,349.89,15083,98801
ZK,2006-04,2006-04-07,-0.0022864328789,349.03,349.95,341.95,349.09,23959,98135
ZK,2006-04,2006-04-10,0.0259531925864,355.64,358.55,354.85,358.15,19469,96693
ZK,2006-04,2006-04-11,0.00460700823677,358.02,360.53,356.7,359.8,20169,97705
ZK,2006-04,2006-04-12,0.0183713173986,362.51,370.18,361.06,366.41,24661,99225
ZK,2006-04,2006-04-13,0.0158838459649,369.39,372.69,367.93,372.23,22717,99035
ZK,2006-04,2006-04-17,0.0282352309056,384.06,385.65,380.1,382.74,15856,98722
ZK,2006-04,2006-04-18,0.0262580341746,389.75,393.32,384.72,392.79,23235,99934
ZK,2006-04,2006-04-19,-0.00386975228494,390.81,394.64,385.45,391.27,31742,101040
ZK,2006-04,2006-04-20,0.000843407365758,390.01,391.6,374.15,391.6,26717,100797
ZK,2006-04,2006-04-21,0.0602655771195,399.93,415.4,395.3,415.2,24037,97953
ZK,2006-04,2006-04-24,-0.00883911368015,410.99,414.33,408.19,411.53,24250,99000
ZK,2006-04,2006-04-25,0.06111340607,423.67,438.22,420.27,436.68,30098,96336
ZK,2006-04,2006-04-26,0.0126866355226,434.35,443.02,432.34,442.22,28509,90867
ZK,2006-04,2006-04-27,-0.0401383926552,431.54,444.35,421.67,424.47,18222,88054
ZK,2006-04,2006-04-28,0.0124154828374,431.68,438.35,426.34,429.74,15553,86549
ZK,2006-04,2006-05-01,0.0310652952948,441.69,443.69,434.35,443.09,7344,85840
ZK,2006-04,2006-05-02,-0.0132478728926,439.68,440.35,431.01,437.22,12244,85352
ZK,2006-04,2006-05-03,0.0086912767028,433.95,441.69,429.01,441.02,8883,85179
ZN,2006-07,2006-06-30,-0.00505321696013,1857.103,1863.162,1835.896,1849.226,55261,852733
ZN,2006-07,2006-07-05,-0.0555372896552,1808.631,1811.66,1745.011,1746.525,59431,855456
ZN,2006-07,2006-07-06,-0.0175193598717,1705.627,1766.217,1699.568,1715.927,54899,857212
ZN,2006-07,2006-07-07,-0.0248938328962,1717.745,1720.774,1657.154,1673.211,55801,863257
ZN,2006-07,2006-07-10,0.0153901689626,1699.568,1729.863,1684.42,1698.962,54936,865355
ZN,2006-07,2006-07-11,0.00445742753517,1741.981,1772.276,1681.39,1706.535,87172,872790
ZN,2006-07,2006-07-12,0.0264512594233,1741.981,1766.217,1708.656,1751.675,111840,886153
ZN,2006-07,2006-07-13,0.0600139866128,1775.306,1872.251,1732.892,1856.8,104511,886285
ZN,2006-07,2006-07-14,0.0355687203791,1908.605,1954.048,1875.28,1922.844,89748,887334
ZN,2006-07,2006-07-17,-0.0888610828544,1872.251,1875.28,1735.922,1751.978,83708,890925
ZN,2006-07,2006-07-18,-0.0488253847936,1778.435,1781.374,1654.973,1666.437,125546,893278
ZN,2006-07,2006-07-19,0.0555652568924,1699.066,1778.435,1696.127,1759.033,106158,895724
ZN,2006-07,2006-07-20,0.0374336354122,1797.542,1866.621,1787.253,1824.88,160088,891511
ZN,2006-07,2006-07-21,0.00644316338609,1784.314,1840.165,1760.797,1836.638,86606,895304
ZN,2006-07,2006-07-24,0.076024235587,1901.896,1984.204,1890.138,1976.267,99387,895014
ZN,2006-07,2006-07-25,-0.0312361639394,2004.781,2010.66,1898.957,1914.536,105607,892822
ZN,2006-07,2006-07-26,0.0707816410869,1972.446,2057.693,1963.627,2050.05,104618,888167
ZN,2006-07,2006-07-27,0.0213648447599,2075.33,2160.577,2063.572,2093.849,140109,878468
ZN,2006-07,2006-07-28,0.00856413237058,2119.424,2142.94,2042.995,2111.781,68769,884182
ZN,2006-07,2006-07-31,0.142956584987,2289.918,2428.078,2254.643,2413.674,126069,908412
ZN,2006-07,2006-08-01,-0.077578827961,2410.44,2425.138,2189.973,2226.424,124755,921137
ZN,2006-07,2006-08-02,0.0297068303252,2416.319,2511.855,2281.099,2292.564,109975,921196
ZN,2006-07,2006-08-03,-0.0650084359695,2172.336,2216.429,2125.303,2143.528,84606,929062
EC,2008-01,2007-12-31,0.00036602252582,90.7332,90.7522,90.7285,90.738,47208,9796630
EC,2008-01,2008-01-02,0.00135665322136,90.7427,90.8801,90.738,90.8611,117558,9876908
EC,2008-01,2008-01-03,0.000157383082529,90.8896,90.899,90.8706,90.8754,165943,9944236
EC,2008-01,2008-01-04,0.00119834410633,90.8564,90.9938,90.8564,90.9843,235009,10077022
EC,2008-01,2008-01-07,0.000312141765118,90.9701,91.0175,90.9606,91.0127,151928,10141876
EC,2008-01,2008-01-08,0.000260403218452,90.9985,91.0364,90.9938,91.0364,140675,10308246
EC,2008-01,2008-01-09,0.000885360141658,91.1028,91.1312,91.098,91.117,116509,10486246
EC,2008-01,2008-01-10,0.000727635896704,91.117,91.2117,91.0838,91.1833,294152,10804242
EC,2008-01,2008-01-11,0.001974045686,91.2402,91.3681,91.2354,91.3633,208644,10903344
EC,2008-01,2008-01-14,0.000467364904727,91.4202,91.4344,91.3823,91.406,171702,11011628
EC,2008-01,2008-01-15,-0.000414633612673,91.4297,91.4628,91.3254,91.3681,176043,11303688
EC,2008-01,2008-01-16,-0.000103975019728,91.406,91.406,91.3444,91.3586,215047,11342410
EC,2008-01,2008-01-17,0.000310862907269,91.3396,91.4012,91.297,91.387,141755,11476076
EC,2008-01,2008-01-18,0.000622626850646,91.3965,91.4865,91.387,91.4439,115438,11542184
EC,2008-01,2008-01-22,0.0047143658571,91.9413,91.9413,91.785,91.875,251127,11808886
EC,2008-01,2008-01-23,0.00113414965986,92.1071,92.1403,91.9792,91.9792,277823,11805052
EC,2008-01,2008-01-24,-0.00200914989476,91.9318,91.946,91.7518,91.7944,324451,11713090
EC,2008-01,2008-01-25,0.000412879217033,91.7613,91.856,91.7044,91.8323,4065157,11410950
EC,2008-01,2008-01-28,0.000774237387063,91.8797,91.9271,91.8702,91.9034,2587354,11472186
EC,2008-01,2008-01-29,-0.000257879469095,91.8797,91.8892,91.8466,91.8797,147139,11442278
EC,2008-01,2008-01-30,0.000773837964207,91.8466,91.9697,91.8371,91.9508,192754,11391510
EC,2008-01,2008-01-31,0.000515493068032,92.0218,92.0834,91.9934,91.9982,246893,11435150
EC,2008-01,2008-02-01,-0.000772841207763,91.9792,92.0645,91.9224,91.9271,197254,11438246
EC,2008-01,2008-02-04,-0.000154470226952,91.8845,91.9271,91.875,91.9129,2928154,11425162
EC,2008-01,2008-02-05,0.000772470458445,91.8939,91.9934,91.8939,91.9839,221704,11397010
MW,2008-01,2007-12-31,0.00606506008528,1234.63,1255.07,1234.63,1245.75,3411,62949
MW,2008-01,2008-01-02,0.0284647802529,1262.28,1281.82,1262.28,1281.21,3365,62770
MW,2008-01,2008-01-03,0.0281530740472,1298.34,1317.28,1289.93,1317.28,5841,62885
MW,2008-01,2008-01-04,-0.0114098748937,1307.96,1307.96,1281.51,1302.25,6479,62179
MW,2008-01,2008-01-07,-0.0276905356114,1299.55,1299.55,1266.19,1266.19,5794,60895
MW,2008-01,2008-01-08,-0.00973787504245,1264.68,1287.53,1249.06,1253.86,8380,61400
MW,2008-01,2008-01-09,-0.0124575311438,1257.47,1257.47,1227.42,1238.24,8574,62039
MW,2008-01,2008-01-10,0.00266507300685,1232.23,1255.07,1229.82,1241.54,10813,62501
MW,2008-01,2008-01-11,0.0290526281876,1262.28,1277.61,1247.85,1277.61,10813,62501
MW,2008-01,2008-01-14,0.0145819146688,1313.67,1313.67,1295.64,1296.24,4022,61555
MW,2008-01,2008-01-15,0.0273637597976,1290.23,1332.01,1286.32,1331.71,8733,62756
MW,2008-01,2008-01-16,0.0243671670259,1328.4,1367.77,1295.64,1364.16,11494,61688
MW,2008-01,2008-01-17,0.0264411799202,1400.23,1400.23,1400.23,1400.23,6448,61558
MW,2008-01,2008-01-18,0.0257529120216,1418.56,1436.29,1404.14,1436.29,13669,62368
MW,2008-01,2008-01-22,0.0203023066372,1418.56,1472.36,1418.56,1465.45,10989,63181
MW,2008-01,2008-01-23,-0.00984680473575,1482.28,1487.09,1443.81,1451.02,13536,62806
MW,2008-01,2008-01-24,0.0248583754876,1472.66,1487.09,1472.66,1487.09,11882,60758
MW,2008-01,2008-01-25,0.0242487004821,1523.15,1523.15,1523.15,1523.15,8147,60858
MW,2008-01,2008-01-28,0.0236811870138,1559.22,1559.22,1559.22,1559.22,6289,63018
MW,2008-01,2008-01-29,0.0231269480894,1595.28,1595.28,1580.86,1595.28,14931,62285
MW,2008-01,2008-01-30,0.0120605787072,1604.9,1622.93,1560.42,1614.52,8949,61016
MW,2008-01,2008-01-31,0.0223348115849,1613.31,1650.58,1587.47,1650.58,14279,59956
MW,2008-01,2008-02-01,0.0218529244266,1686.65,1686.65,1686.65,1686.65,9194,58867
MW,2008-01,2008-02-04,0.0213796579018,1722.71,1722.71,1709.49,1722.71,12048,59035
MW,2008-01,2008-02-05,0.0209379408026,1758.78,1758.78,1758.78,1758.78,5280,58177
MW,2008-02,2008-01-31,0.0223348115849,1613.31,1650.58,1587.47,1650.58,14279,59956
MW,2008-02,2008-02-01,0.0218529244266,1686.65,1686.65,1686.65,1686.65,9194,58867
MW,2008-02,2008-02-04,0.0213796579018,1722.71,1722.71,1709.49,1722.71,12048,59035
MW,2008-02,2008-02-05,0.0209379408026,1758.78,1758.78,1758.78,1758.78,5280,58177
MW,2008-02,2008-02-06,0.0205028485655,1794.84,1794.84,1794.84,1794.84,7625,55820
MW,2008-02,2008-02-07,0.0200964988523,1830.91,1830.91,1830.91,1830.91,5489,56095
MW,2008-02,2008-02-08,0.0196951242825,1830.91,1866.97,1830.91,1866.97,6801,55646
MW,2008-02,2008-02-11,0.0386347932747,1939.1,1939.1,1939.1,1939.1,12400,54422
MW,2008-02,2008-02-12,0.0371976690217,2011.23,2011.23,1983.58,2011.23,11421,53947
MW,2008-02,2008-02-13,0.0537979246531,2011.23,2119.43,2007.63,2119.43,13798,53541
MW,2008-02,2008-02-14,0.0510467437,2227.62,2227.62,2199.97,2227.62,9117,52718
MW,2008-02,2008-02-15,0.0442535082285,2380.3,2380.3,2320.19,2326.2,8553,50250
MW,2008-02,2008-02-19,-0.0387584902416,2344.23,2357.16,2163.91,2236.04,11909,50472
MW,2008-02,2008-02-20,-0.0241945582369,2193.96,2199.97,2156.7,2181.94,9982,50282
MW,2008-02,2008-02-21,0.0275488785209,2181.94,2248.06,2181.94,2242.05,6690,49783
MW,2008-02,2008-02-22,0.0385049396757,2251.76,2328.38,2247.44,2328.38,4578,49901
MW,2008-02,2008-02-25,0.0556137743839,2437.37,2457.87,2437.37,2457.87,5440,48741
MW,2008-02,2008-02-26,0.0790277760825,2652.11,2652.11,2517.94,2652.11,10715,48745
MW,2008-02,2008-02-27,-0.0522150287884,2360.75,2733.77,2360.75,2513.63,11682,48047
MW,2008-02,2008-02-28,-0.0666884147627,2417.23,2424.42,2258.96,2346,7033,48222
MW,2008-02,2008-02-29,-0.00658994032396,2287.73,2338.09,2244.57,2330.54,6018,48052
MW,2008-02,2008-03-03,-0.0370429170922,2402.84,2416.87,2244.21,2244.21,4066,48741
MW,2008-02,2008-03-04,-0.0384678795656,2244.57,2244.57,2157.88,2157.88,6138,48741
MW,2008-02,2008-03-05,-0.0400068585834,2122.27,2136.66,2071.55,2071.55,6449,50561
ZA,2008-02,2008-01-31,0.00945570465462,463.32,469.26,463.32,468.66,1889,21103
ZA,2008-02,2008-02-01,0.0571629752913,485.89,498.66,485.18,495.45,3889,22087
ZA,2008-02,2008-02-04,0.0334645271975,504.9,513.21,496.58,512.03,5031,20965
ZA,2008-02,2008-02-05,-0.0183387692127,491.24,503.71,488.98,502.64,5315,20320
ZA,2008-02,2008-02-06,0.000835588094859,493.02,503.23,493.02,503.06,3139,20132
ZA,2008-02,2008-02-07,0.0118077366517,502.52,509.65,502.52,509,3449,19883
ZA,2008-02,2008-02-08,0.0289390962672,517.67,524.5,517.67,523.73,3681,20713
ZA,2008-02,2008-02-11,0.00578542378707,530.44,530.44,517.97,526.76,4614,20136
ZA,2008-02,2008-02-12,-0.0268433442175,515.59,515.59,509.06,512.62,3144,20296
ZA,2008-02,2008-02-13,0.0174983418517,503.71,522.72,503.71,521.59,2835,20313
ZA,2008-02,2008-02-14,0.00477386452961,513.21,525.09,513.21,524.08,3518,19792
ZA,2008-02,2008-02-15,0.0239276446344,510.84,541.73,510.84,536.62,2872,19849
ZA,2008-02,2008-02-19,0.105381834445,579.74,596.37,566.97,593.17,6894,20607
ZA,2008-02,2008-02-20,-0.0102162954971,575.94,588.06,575.94,587.11,8572,21069
ZA,2008-02,2008-02-21,0.0430924358297,610.63,613.01,610.63,612.41,7482,21212
ZA,2008-02,2008-02-22,0.00106138044774,589.42,613.06,588.13,613.06,6611,21649
ZA,2008-02,2008-02-25,0.0172087560761,628.33,630.68,608.29,623.61,6745,21489
ZA,2008-02,2008-02-26,0.0232517118071,624.79,638.11,624.79,638.11,9798,22230
ZA,2008-02,2008-02-27,0.0359342433123,648.37,663.69,648.37,661.04,9983,22792
ZA,2008-02,2008-02-28,0.0525989350115,648.37,700.24,648.37,695.81,4510,22617
ZA,2008-02,2008-02-29,-0.0230378982768,662.51,681.26,662.51,679.78,3770,21829
ZA,2008-02,2008-03-03,0.0156962546706,684.91,696.7,684.91,690.45,3284,21793
ZA,2008-02,2008-03-04,-0.0260409877616,668.41,677.48,657.8,672.47,4604,21466
ZA,2008-02,2008-03-05,-0.0120005353399,616.77,664.87,616.77,664.4,5127,21043
ZN,2008-07,2008-06-30,0.0117441966567,1574.519,1596.842,1568.582,1585.562,118336,973849
ZN,2008-07,2008-07-01,0.0113833454636,1588.055,1616.078,1579.743,1603.611,121413,971449
ZN,2008-07,2008-07-02,-0.00858998846977,1612.516,1626.053,1568.225,1589.836,133510,970682
ZN,2008-07,2008-07-03,0.0140416998986,1601.236,1614.535,1579.981,1612.16,89459,973766
ZN,2008-07,2008-07-07,-0.0441922637952,1603.017,1611.566,1528.684,1540.915,207051,975015
ZN,2008-07,2008-07-08,-0.0469292595633,1508.023,1510.992,1468.601,1468.601,207051,975015
ZN,2008-07,2008-07-09,-0.0292693522611,1468.007,1482.731,1413.861,1425.616,206501,965958
ZN,2008-07,2008-07-10,0.0244876600712,1442.715,1477.388,1413.742,1460.526,192710,956489
ZN,2008-07,2008-07-11,-0.0321945655195,1470.62,1498.524,1402.58,1413.505,192110,966080
ZN,2008-07,2008-07-14,0.00461972189699,1419.56,1441.172,1397,1420.035,150063,960637
ZN,2008-07,2008-07-15,-0.0403039361706,1423.835,1438.084,1350.809,1362.802,224272,963843
ZN,2008-07,2008-07-16,-0.00688361185264,1359.952,1365.058,1319.58,1353.421,199979,961160
ZN,2008-07,2008-07-17,-0.0755396879463,1362.564,1371.47,1242.516,1251.184,327942,960370
ZN,2008-07,2008-07-18,0.00320656274377,1256.847,1280.09,1247.527,1255.196,156011,967037
ZN,2008-07,2008-07-21,-0.00507570132473,1260.505,1281.505,1226.998,1248.825,176681,965238
ZN,2008-07,2008-07-22,-0.0417576521931,1248.589,1248.589,1175.913,1196.677,219315,968499
ZN,2008-07,2008-07-23,-0.028788052248,1197.621,1224.639,1148.305,1162.227,243846,976609
ZN,2008-07,2008-07-24,-0.0481171062107,1148.895,1172.727,1053.803,1106.304,403106,970062
ZN,2008-07,2008-07-25,-0.026767506942,1105.95,1125.771,1065.011,1076.691,172670,970263
ZN,2008-07,2008-07-28,0.00756112942339,1092.029,1101.939,1074.331,1084.832,154402,958674
ZN,2008-07,2008-07-29,-0.00706929736586,1090.141,1095.096,1056.28,1077.163,156519,940062
ZN,2008-07,2008-07-30,0.0129246919918,1068.432,1101.939,1039.409,1091.085,164516,946446
ZN,2008-07,2008-07-31,-0.0139494173231,1098.517,1103.119,1067.607,1075.865,138239,941468
ZN,2008-07,2008-08-01,0.0296087334377,1076.337,1116.097,1050.971,1107.72,158110,931961
ZN,2008-07,2008-08-04,-0.0706144151952,1115.035,1132.614,1016.521,1029.499,0,933434
ZN,2008-07,2008-08-05,0,1016.049,1056.87,983.368,1029.499,172229,938362
ZA,2008-09,2008-08-29,0.0361431736038,342.15,355.71,341.23,355.48,0,12934
ZA,2008-09,2008-09-01,-0.0221672105322,354.55,358.03,347.6,347.6,0,12934
ZA,2008-09,2008-09-02,-0.0231588032221,354.55,358.03,330.74,339.55,1359,13567
ZA,2008-09,2008-09-03,-0.0158739508173,339.78,341.23,330.22,334.16,661,13562
ZA,2008-09,2008-09-04,0.004847977017,338.33,344.7,320.95,335.78,77,189
ZA,2008-09,2008-09-05,-0.0583119899934,330.22,332.54,315.16,316.2,701,13646
ZA,2008-09,2008-09-08,-0.0271347248577,320.95,323.85,304.73,307.62,867,13481
ZA,2008-09,2008-09-09,-0.0847474156427,305.89,307.05,268.81,281.55,49,142
ZA,2008-09,2008-09-10,-0.0598472740188,275.53,275.53,259.89,264.7,2132,13385
ZA,2008-09,2008-09-11,0.0273517189271,263.02,273.27,251.72,271.94,2186,13391
ZA,2008-09,2008-09-12,0.0344929028462,271.07,289.67,265.04,281.32,1912,14552
ZA,2008-09,2008-09-15,-0.0197639698564,287.12,291.69,264.23,275.76,685,14593
ZA,2008-09,2008-09-16,-0.0504061502756,272.29,272.29,257.22,261.86,1143,14577
ZA,2008-09,2008-09-17,0.00484991980448,263.02,289.67,259.89,263.13,1318,14533
ZA,2008-09,2008-09-18,0.0543837646791,285.03,291.87,269.16,277.44,994,14614
ZA,2008-09,2008-09-19,-0.010452710496,274.6,280.98,264.41,274.54,1060,15012
ZA,2008-09,2008-09-22,0.0793691265389,276.34,301.25,274.6,296.33,1761,15187
ZA,2008-09,2008-09-23,-0.019572773597,301.25,301.25,286.25,290.53,819,14984
ZA,2008-09,2008-09-24,0.00839844422263,289.67,297.66,287.23,292.97,684,14916
ZA,2008-09,2008-09-25,-0.0411304911766,288.51,295.23,275.18,280.92,640,14795
ZA,2008-09,2008-09-26,-0.0699131425317,281.32,281.55,259.83,261.28,1042,14525
ZA,2008-09,2008-09-29,-0.0257195345989,258.96,265.28,249.11,254.56,1266,14587
ZA,2008-09,2008-09-30,-0.0773884349466,253.75,253.75,228.84,234.86,1106,14696
ZA,2008-09,2008-10-01,0.0407051009112,234.63,255.83,234.05,244.42,1245,14757
ZA,2008-09,2008-10-02,-0.0367400376401,241,247.03,225.94,235.44,755,14790
ZA,2008-09,2008-10-03,-0.00662589194699,229.41,240.42,224.78,233.88,1191,14824
ZP,2008-09,2008-08-29,0.0037652965171,1901.7,1927.4,1887.5,1919.4,0,12838
ZP,2008-09,2008-09-01,-0.0290715848703,1919.7,1932.3,1848.8,1863.6,0,12838
ZP,2008-09,2008-09-02,-0.0297274093153,1919.7,1932.3,1771.9,1808.2,3418,12923
ZP,2008-09,2008-09-03,-0.0080190244442,1810.2,1832,1766.5,1793.7,1734,12761
ZP,2008-09,2008-09-04,0.00719183810002,1781.8,1859.1,1711,1806.6,174,2560
ZP,2008-09,2008-09-05,-0.0245765526403,1803.7,1803.7,1753.6,1762.2,2325,12939
ZP,2008-09,2008-09-08,-0.0108387243219,1758.6,1801.5,1730.9,1743.1,922,13098
ZP,2008-09,2008-09-09,-0.067121794504,1732.9,1732.9,1587.4,1626.1,3834,13142
ZP,2008-09,2008-09-10,-0.0555316401205,1593.7,1597.5,1519.3,1535.8,3741,13637
ZP,2008-09,2008-09-11,-0.0334027868212,1530.3,1545.9,1444.4,1484.5,3318,13670
ZP,2008-09,2008-09-12,0.0505894240485,1489.4,1569.2,1482.9,1559.6,2463,13625
ZP,2008-09,2008-09-15,-0.0283406001539,1570.5,1584.6,1484.2,1515.4,1713,13353
ZP,2008-09,2008-09-16,-0.0915929787515,1513.8,1513.8,1360.7,1376.6,3165,13405
ZP,2008-09,2008-09-17,0.0167078308877,1378.6,1466.4,1373.4,1399.6,5562,14905
ZP,2008-09,2008-09-18,0.0472277793655,1458.4,1539.6,1405.8,1465.7,3012,14503
ZP,2008-09,2008-09-19,0.00825544108617,1436.5,1506.8,1381.1,1477.8,3412,14382
ZP,2008-09,2008-09-22,0.0763296792529,1482.2,1625.4,1475.9,1590.6,4286,14744
ZP,2008-09,2008-09-23,-0.0216270589715,1615.1,1625.1,1545.9,1556.2,7384,14572
ZP,2008-09,2008-09-24,0.0107955275672,1565.2,1601,1501.4,1573,5297,14535
ZP,2008-09,2008-09-25,-0.0323585505404,1561.5,1565.3,1521.9,1522.1,4487,14535
ZP,2008-09,2008-09-26,-0.0571578739899,1539.7,1546.8,1418.4,1435.1,2670,12984
ZP,2008-09,2008-09-29,-0.0340045989826,1443.9,1461.4,1376.4,1386.3,2534,13697
ZP,2008-09,2008-09-30,-0.0520089446729,1405.6,1405.6,1277.9,1314.2,2861,13735
ZP,2008-09,2008-10-01,0.0142291888601,1313.6,1360.7,1296.7,1332.9,1757,14154
ZP,2008-09,2008-10-02,-0.0541676044715,1331.5,1348.1,1248.4,1260.7,2587,14143
ZP,2008-09,2008-10-03,-0.0210993892282,1268.7,1268.7,1221.8,1234.1,1551,13936
CN,2008-10,2008-09-30,-0.021181229609,97.919,98.073,96.101,96.305,27331,93626
CN,2008-10,2008-10-01,0.000747624733918,96.295,97.031,96.142,96.377,41772,94117
CN,2008-10,2008-10-02,-0.0168608692945,96.315,96.387,94.62,94.752,36605,96181
CN,2008-10,2008-10-03,-0.000749324552516,94.814,95.335,94.231,94.681,37426,94769
CN,2008-10,2008-10-06,-0.0228768179466,94.313,94.742,92.209,92.515,29305,95575
CN,2008-10,2008-10-07,0.00132951413284,92.822,93.424,92.372,92.638,35374,94460
CN,2008-10,2008-10-08,-0.0148858999547,92.658,93.149,90.778,91.259,36326,96850
CN,2008-10,2008-10-09,-0.0184748901478,91.013,91.729,88.97,89.573,52579,100429
CN,2008-10,2008-10-10,-0.037064740491,89.256,89.512,84.424,86.253,22822,101055
CN,2008-10,2008-10-13,0.0252281080078,87.673,89.246,86.907,88.429,35451,101433
CN,2008-10,2008-10-14,-0.00300806296577,89.175,90.329,87.949,88.163,39151,102114
CN,2008-10,2008-10-15,-0.0220160384742,88.163,88.776,85.926,86.222,32868,100415
CN,2008-10,2008-10-16,-0.00177448910951,85.987,86.784,85.293,86.069,25837,102758
CN,2008-10,2008-10-17,0.00391546317489,86.723,86.907,85.732,86.406,25179,104209
CN,2008-10,2008-10-20,-0.00732588014721,86.478,87.091,85.344,85.773,26133,108128
CN,2008-10,2008-10-21,-0.0173947512621,85.854,85.946,83.73,84.281,31555,111403
CN,2008-10,2008-10-22,-0.0311458098504,84.23,84.455,80.971,81.656,32288,111192
CN,2008-10,2008-10-23,-0.00513128245322,81.482,82.166,80.328,81.237,26674,111471
CN,2008-10,2008-10-24,-0.0118172753794,82.166,82.207,79.633,80.277,26302,109190
CN,2008-10,2008-10-27,-0.0118464815576,79.96,80.501,78.816,79.326,26854,109584
CN,2008-10,2008-10-28,-0.00230693593525,78.897,80.348,78.519,79.143,49875,105837
CN,2008-10,2008-10-29,0.0525251759473,80.389,84.199,79.357,83.3,46426,107091
CN,2008-10,2008-10-30,0.0103121248499,83.638,85.824,83.341,84.159,40920,110071
CN,2008-10,2008-10-31,0.0105514561722,85.068,85.507,82.565,85.047,34369,106139
CN,2008-10,2008-11-03,0.0132162216186,84.312,86.529,84.291,86.171,37153,108309
CN,2008-10,2008-11-04,0.0280952988825,86.386,89.032,85.844,88.592,33312,107666
CN,2008-10,2008-11-05,-0.0089962976341,88.878,89.124,87.264,87.795,28159,106215
EC,2008-10,2008-09-30,-0.00232540866682,91.5538,91.5916,91.3172,91.3409,2103812,7974426
EC,2008-10,2008-10-01,0.00139805935786,91.3835,91.568,91.3504,91.4686,1863136,7933606
EC,2008-10,2008-10-02,-0.000155244532003,91.4592,91.5727,91.4166,91.4544,1716249,7938562
EC,2008-10,2008-10-03,0.00243181301282,91.4875,91.7193,91.4402,91.6768,2116855,8018129
EC,2008-10,2008-10-06,0.00345670878565,91.6909,92.0079,91.6909,91.9937,2210737,8104359
EC,2008-10,2008-10-07,0.000257626337456,91.9511,92.1309,91.918,92.0174,2332598,8196644
EC,2008-10,2008-10-08,-0.00128562641413,92.0268,92.2113,91.6105,91.8991,2607923,8228652
EC,2008-10,2008-10-09,-0.000823729503336,91.7477,91.9464,91.7477,91.8234,1954748,8263240
EC,2008-10,2008-10-10,0.000927868059776,91.8234,91.9795,91.7714,91.9086,1727895,8196963
EC,2008-10,2008-10-13,0.000977057642049,92.0268,92.1167,91.9606,91.9984,411326,8061204
EC,2008-10,2008-10-14,0.001491330284,92.0268,92.235,91.9606,92.1356,1792172,8096374
EC,2008-10,2008-10-15,-0.00118086819861,92.0883,92.1451,91.918,92.0268,1941324,8115891
EC,2008-10,2008-10-16,-5.10720790031e-05,92.0315,92.0694,91.9748,92.0221,1602146,8086431
EC,2008-10,2008-10-17,0.00200495315799,91.9984,92.2728,91.9795,92.2066,1691870,8106038
EC,2008-10,2008-10-20,0.000204974481219,92.2633,92.3674,92.216,92.2255,1500857,8121526
EC,2008-10,2008-10-21,0.00184656087525,92.2633,92.4194,92.2633,92.3958,1816143,8139379
EC,2008-10,2008-10-22,-0.000972987949669,92.4053,92.4053,92.2255,92.3059,2213119,8097071
EC,2008-10,2008-10-23,-0.00128160821789,92.3296,92.3343,92.0741,92.1876,1871931,8164740
EC,2008-10,2008-10-24,-0.000359050457979,92.164,92.2586,92.0694,92.1545,1494776,8211521
EC,2008-10,2008-10-27,0.000616356227856,92.1593,92.287,92.1356,92.2113,1485805,8231307
EC,2008-10,2008-10-28,0.00123086866794,92.2208,92.339,92.2066,92.3248,1684031,8263953
EC,2008-10,2008-10-29,0.000819931372719,92.3343,92.4809,92.3248,92.4005,1566584,8254890
EC,2008-10,2008-10-30,0.000256492118549,92.4053,92.4857,92.3721,92.4242,1471440,8233807
EC,2008-10,2008-10-31,0.0006654101415,92.41,92.5945,92.41,92.4857,1603542,8248719
EC,2008-10,2008-11-03,0.000766604999476,92.5046,92.5803,92.4857,92.5566,1200685,8267291
EC,2008-10,2008-11-04,0.00117549693917,92.5755,92.6938,92.5614,92.6654,1393465,8252139
EC,2008-10,2008-11-05,0.000203959622469,92.6702,92.7127,92.6323,92.6843,1449295,8188986
MP,2008-10,2008-09-30,0.013400718059,0.044059,0.044315,0.044059,0.044315,4,55055
MP,2008-10,2008-10-01,-0.00356538418143,0.04412,0.044205,0.044083,0.044157,6200,53558
MP,2008-10,2008-10-02,-0.019090970854,0.043742,0.043742,0.043229,0.043314,2337,55052
MP,2008-10,2008-10-03,-0.00618737590617,0.042838,0.043595,0.042838,0.043046,4401,53352
MP,2008-10,2008-10-06,-0.0544301444966,0.042326,0.042326,0.040483,0.040703,4159,51139
MP,2008-10,2008-10-07,-0.0267056482323,0.040617,0.040617,0.039616,0.039616,316,50568
MP,2008-10,2008-10-08,0.00186793214863,0.037957,0.039738,0.036516,0.03969,3981,50173
MP,2008-10,2008-10-09,-0.0276895943563,0.03969,0.03969,0.038591,0.038591,51,48446
MP,2008-10,2008-10-10,-0.0331942680936,0.035577,0.037444,0.034612,0.03731,51,48446
MP,2008-10,2008-10-14,0.0418654516215,0.040715,0.040715,0.038872,0.038872,143,44946
MP,2008-10,2008-10-15,-0.0301502366742,0.038542,0.038542,0.0377,0.0377,16,44856
MP,2008-10,2008-10-16,-0.0255702917772,0.036248,0.036736,0.036248,0.036736,543,43951
MP,2008-10,2008-10-17,0.034543771777,0.037798,0.038005,0.037798,0.038005,32,43630
MP,2008-10,2008-10-20,-0.019892119458,0.037493,0.037493,0.037249,0.037249,427,43417
MP,2008-10,2008-10-21,-0.0144164944025,0.036614,0.036809,0.036223,0.036712,101,43486
MP,2008-10,2008-10-22,-0.0502015689693,0.035296,0.035589,0.034869,0.034869,2810,42759
MP,2008-10,2008-10-23,0.00943531503628,0.034075,0.035198,0.034075,0.035198,24,42534
MP,2008-10,2008-10-24,0.00903460423888,0.035516,0.035516,0.035516,0.035516,3,42294
MP,2008-10,2008-10-27,0.0116848744228,0.035992,0.036321,0.035931,0.035931,62,42637
MP,2008-10,2008-10-28,0.0230719991094,0.035833,0.03676,0.035833,0.03676,1306,42653
MP,2008-10,2008-10-29,0,0.037322,0.037371,0.03676,0.03676,377,43681
MP,2008-10,2008-10-30,0.0338683351469,0.037786,0.038005,0.03742,0.038005,961,44075
MP,2008-10,2008-10-31,-0.00770951190633,0.037883,0.037883,0.03742,0.037712,1569,43881
MP,2008-10,2008-11-03,0.000981120067883,0.037761,0.037957,0.037749,0.037749,46,44351
MP,2008-10,2008-11-04,0.0252192111049,0.038433,0.03886,0.038433,0.038701,145,43776
MP,2008-10,2008-11-05,-0.00883698095656,0.038274,0.038713,0.038274,0.038359,3408,42553
SS,2008-10,2008-09-30,0.00041958041958,92.994,93.063,92.895,92.989,291872,1971530
SS,2008-10,2008-10-01,0.00297884696039,92.965,93.305,92.965,93.266,347607,1963371
SS,2008-10,2008-10-02,0.00106148006776,93.335,93.394,93.286,93.365,231515,1954117
SS,2008-10,2008-10-03,-0.000749745622021,93.379,93.409,93.226,93.295,323198,1970080
SS,2008-10,2008-10-06,0.00132911731604,93.458,93.483,93.315,93.419,265059,1986893
SS,2008-10,2008-10-07,0.00174482706944,93.468,93.686,93.434,93.582,422306,1983121
SS,2008-10,2008-10-08,0.0012609262465,93.829,94.046,93.626,93.7,555416,2010301
SS,2008-10,2008-10-09,-9.60512273213e-05,93.661,93.745,93.449,93.691,294914,1998937
SS,2008-10,2008-10-10,0.00278575316733,93.715,93.997,93.7,93.952,305488,1970354
SS,2008-10,2008-10-13,0.000787636239782,94.031,94.056,93.933,94.026,238098,1954832
SS,2008-10,2008-10-14,-0.00109544168634,94.012,94.036,93.809,93.923,273354,1943103
SS,2008-10,2008-10-15,-0.000894349626822,93.893,93.987,93.735,93.839,253801,1936381
SS,2008-10,2008-10-16,0.00152388665693,93.903,94.012,93.903,93.982,192983,1936508
SS,2008-10,2008-10-17,0.00168117299057,93.972,94.17,93.947,94.14,216472,1944209
SS,2008-10,2008-10-20,0.000998512853197,94.145,94.293,94.13,94.234,179962,1948054
SS,2008-10,2008-10-21,-0.000371415837171,94.254,94.254,94.16,94.199,189110,1954374
SS,2008-10,2008-10-22,-0.000106158239472,94.343,94.357,94.125,94.189,330666,1950415
SS,2008-10,2008-10-23,-0.00157130875155,94.11,94.13,94.026,94.041,232993,1943958
SS,2008-10,2008-10-24,0.00173328654523,94.026,94.273,94.002,94.204,248759,1939702
SS,2008-10,2008-10-27,0.00063691562991,94.244,94.298,94.204,94.264,187319,1938320
SS,2008-10,2008-10-28,-0.000265212594416,94.254,94.259,94.165,94.239,198607,1930116
SS,2008-10,2008-10-29,0.000626067763877,94.254,94.338,94.239,94.298,148532,1935496
SS,2008-10,2008-10-30,0.00167553924792,94.303,94.501,94.293,94.456,213856,1951064
SS,2008-10,2008-10-31,0.00188447531126,94.436,94.654,94.432,94.634,218536,1931133
SS,2008-10,2008-11-03,0.000211340533001,94.634,94.688,94.599,94.654,232528,1949774
SS,2008-10,2008-11-04,5.28239694044e-05,94.678,94.733,94.639,94.659,279752,1940460
SS,2008-10,2008-11-05,0.000676111093504,94.688,94.753,94.678,94.723,274085,1922042
ZB,2008-10,2008-09-30,0.0407810609988,171.68,183.49,168.45,180.69,43878,169904
ZB,2008-10,2008-10-01,-0.0397919087941,182.32,184.09,169.89,173.5,0,168248
ZB,2008-10,2008-10-02,-0.0444956772334,174.24,176.63,164.94,165.78,53028,167084
ZB,2008-10,2008-10-03,-0.0118228978164,165.11,168.25,160.82,163.82,47303,166753
ZB,2008-10,2008-10-06,-0.0759370040288,163.72,163.72,150.93,151.38,55407,165929
ZB,2008-10,2008-10-07,0.00178359096314,153.01,157.32,147.99,151.65,85997,163241
ZB,2008-10,2008-10-08,-0.0159577975602,150.64,152.18,143.36,149.23,92580,160961
ZB,2008-10,2008-10-09,-0.00127320243919,148.51,152.11,144.17,149.04,72514,159382
ZB,2008-10,2008-10-10,-0.108628556092,145.65,145.83,132.19,132.85,87311,162750
ZB,2008-10,2008-10-13,0.0532179149417,136.11,141.35,135.83,139.92,71733,159529
ZB,2008-10,2008-10-14,-0.0243710691824,141.9,145.52,136.19,136.51,72652,162328
ZB,2008-10,2008-10-15,-0.0603618782507,137.29,137.29,126.62,128.27,65594,161124
ZB,2008-10,2008-10-16,-0.0871598970921,126.25,126.25,115.23,117.09,78139,161515
ZB,2008-10,2008-10-17,0.0260483388846,121.92,124.86,117.33,120.14,55626,160289
ZB,2008-10,2008-10-20,0.0287997336441,120.9,126.26,118.57,123.6,48296,162175
ZB,2008-10,2008-10-21,-0.0271844660194,125.05,125.56,116.29,120.24,57493,162185
ZB,2008-10,2008-10-22,-0.0706087824351,119.25,119.25,110.58,111.75,53898,164715
ZB,2008-10,2008-10-23,0.0104697986577,112.38,115.22,109.58,112.92,49737,165113
ZB,2008-10,2008-10-24,-0.0649132128941,115.06,115.22,103.79,105.59,54269,165935
ZB,2008-10,2008-10-27,-0.0158158916564,105.6,108.67,101.08,103.92,52941,162559
ZB,2008-10,2008-10-28,-0.0121247113164,101.97,106.9,100.98,102.66,52089,161599
ZB,2008-10,2008-10-29,0.0684784726281,105.79,112.73,104.64,109.69,62906,159293
ZB,2008-10,2008-10-30,-0.0392013857234,110.9,114.65,102.96,105.39,62768,158188
ZB,2008-10,2008-10-31,0.0337792959484,105.73,110.24,100.79,108.95,50292,156143
ZB,2008-10,2008-11-03,-0.0892152363469,108.95,110.52,98.58,99.23,70410,157196
ZB,2008-10,2008-11-04,0.124962209009,99.45,115.08,96.25,111.63,66451,159174
ZB,2008-10,2008-11-05,-0.0706799247514,111.35,111.67,103.42,103.74,66981,156373
ZK,2008-10,2008-09-30,-0.00945980873611,381.97,386.5,368.06,383.24,17517,78214
ZK,2008-10,2008-10-01,-0.0311032251331,384.83,390.62,365.93,371.32,16804,79850
ZK,2008-10,2008-10-02,-0.0580631261446,367.59,375.91,346.5,349.76,16134,79360
ZK,2008-10,2008-10-03,0.0237877401647,350.09,361.8,342.24,358.08,19315,79195
ZK,2008-10,2008-10-06,-0.0732517873101,352.09,352.09,313.15,331.85,19569,79994
ZK,2008-10,2008-10-07,0.0166641554919,328.53,345.3,319.81,337.38,15572,80024
ZK,2008-10,2008-10-08,-0.0708400023712,322.07,341.37,304.17,313.48,18553,80365
ZK,2008-10,2008-10-09,0.0216600740079,309.49,324.47,300.31,320.27,12425,81478
ZK,2008-10,2008-10-10,-0.108689543198,305.5,306.1,272.88,285.46,21274,80808
ZK,2008-10,2008-10-13,0.0783647446227,290.39,314.22,287.53,307.83,12930,79306
ZK,2008-10,2008-10-14,0.0354416398662,311.89,336.71,310.75,318.74,18894,80670
ZK,2008-10,2008-10-15,-0.0768337830206,319.47,319.67,285.66,294.25,16138,81861
ZK,2008-10,2008-10-16,-0.0565505522515,287.46,295.31,271.62,277.61,18027,83191
ZK,2008-10,2008-10-17,0.0450632181838,288.72,297.44,271.82,290.12,13822,83453
ZK,2008-10,2008-10-20,-0.0288845994761,286.2,301.44,279.14,281.74,14167,82905
ZK,2008-10,2008-10-21,-0.0517498402783,283.27,289.86,265.16,267.16,18963,83603
ZK,2008-10,2008-10-22,-0.0705195388531,267.63,269.29,240.4,248.32,18691,83830
ZK,2008-10,2008-10-23,-0.032699742268,243.8,249.19,228.69,240.2,19952,82451
ZK,2008-10,2008-10-24,-0.0653621981682,248.92,250.25,220.44,224.5,16165,81121
ZK,2008-10,2008-10-27,0.0702449888641,224.96,244.46,216.51,240.27,18813,80639
ZK,2008-10,2008-10-28,0.0296333291713,234.28,259.51,229.02,247.39,16678,79285
ZK,2008-10,2008-10-29,0.123489227535,256.91,282.2,246.19,277.94,20509,79415
ZK,2008-10,2008-10-30,-0.0945887601641,273.55,289.12,247.66,251.65,19758,79548
ZK,2008-10,2008-10-31,-0.032505463938,252.78,254.25,230.69,243.47,21340,79759
ZK,2008-10,2008-11-03,0.00599663202859,249.19,257.11,237.01,244.93,16897,78867
ZK,2008-10,2008-11-04,0.0641407749153,246.06,268.09,237.01,260.64,15494,77976
ZK,2008-10,2008-11-05,-0.0710174953959,260.9,261.44,240.34,242.13,29148,77819
ZU,2008-10,2008-09-30,0.0443126489174,393.86,403.23,391.85,403.23,460690,1092411
ZU,2008-10,2008-10-01,-0.0209557820599,397.06,400.67,384.44,394.78,511514,1089736
ZU,2008-10,2008-10-02,-0.0462789401692,384.24,385.04,376.51,376.51,462224,1091416
ZU,2008-10,2008-10-03,-0.000956149903057,376.23,382.64,373.42,376.15,438438,1091309
ZU,2008-10,2008-10-06,-0.0646550578227,360.6,367.21,351.79,351.83,518143,1086843
ZU,2008-10,2008-10-07,0.0256089588722,361.8,364.21,358.2,360.84,663792,1087569
ZU,2008-10,2008-10-08,-0.0123323356612,347.78,356.39,347.78,356.39,728668,1092172
ZU,2008-10,2008-10-09,-0.0265158955077,356.11,357.2,346.94,346.94,515649,1083880
ZU,2008-10,2008-10-10,-0.102669049403,326.94,326.94,311.32,311.32,778642,1084312
ZU,2008-10,2008-10-13,0.0473146601568,323.33,326.53,319.74,326.05,469221,1058403
ZU,2008-10,2008-10-14,-0.0334304554516,335.51,335.51,314.55,315.15,552824,1090251
ZU,2008-10,2008-10-15,-0.0515627478978,304.41,304.41,298.19,298.9,485868,1092009
ZU,2008-10,2008-10-16,-0.0616928738709,296.99,298.19,279.82,280.46,485868,1092009
ZU,2008-10,2008-10-17,0.0266348142338,284.61,293.99,284.61,287.93,455121,1054868
ZU,2008-10,2008-10-20,0.0313270586601,302.58,302.58,296.39,296.95,484925,1039318
ZU,2008-10,2008-10-21,-0.0297019700286,286.41,288.13,280.62,288.13,359914,1032063
ZU,2008-10,2008-10-22,-0.0752438135564,274.83,275.83,266.45,266.45,450609,1046716
ZU,2008-10,2008-10-23,0.0163257646838,269.84,276.23,269.84,270.8,419158,1053508
ZU,2008-10,2008-10-24,-0.0543943870015,254.28,258.47,252.08,256.07,446639,1061969
ZU,2008-10,2008-10-27,-0.0144882258757,252.08,261.86,252.08,252.36,354607,1064044
ZU,2008-10,2008-10-28,-0.00776668251704,257.47,257.87,249.29,250.4,384609,1073159
ZU,2008-10,2008-10-29,0.0760782747604,266.65,273.04,266.25,269.45,499964,1066205
ZU,2008-10,2008-10-30,-0.0228242716645,271.64,271.64,260.66,263.3,499964,1066205
ZU,2008-10,2008-10-31,0.0280288644132,255.47,270.68,255.47,270.68,452326,1108362
ZU,2008-10,2008-11-03,-0.0575217969558,263.86,263.86,254.88,255.11,405536,1113308
ZU,2008-10,2008-11-04,0.103602367606,264.06,285.41,264.06,281.54,562234,1125366
ZU,2008-10,2008-11-05,-0.074163529161,275.03,275.03,260.06,260.66,461591,1128506
SS,2008-11,2008-10-31,0.00188447531126,94.436,94.654,94.432,94.634,218536,1931133
SS,2008-11,2008-11-03,0.000211340533001,94.634,94.688,94.599,94.654,232528,1949774
SS,2008-11,2008-11-04,5.28239694044e-05,94.678,94.733,94.639,94.659,279752,1940460
SS,2008-11,2008-11-05,0.000676111093504,94.688,94.753,94.678,94.723,274085,1922042
SS,2008-11,2008-11-06,0.00459233765822,94.753,95.237,94.718,95.158,570087,1946684
SS,2008-11,2008-11-07,0.0011874986864,95.153,95.306,95.118,95.271,216330,1957160
SS,2008-11,2008-11-10,0.000367373072603,95.291,95.34,95.261,95.306,172480,1964397
SS,2008-11,2008-11-11,0.00118565462825,95.34,95.429,95.335,95.419,172482,1993350
SS,2008-11,2008-11-12,0.00311258763978,95.424,95.77,95.41,95.716,411670,2022889
SS,2008-11,2008-11-13,-0.003562622759,95.681,95.805,95.34,95.375,261110,2058152
SS,2008-11,2008-11-14,-0.00134207077326,95.33,95.335,95.133,95.247,190080,2065211
SS,2008-11,2008-11-17,0.000829422449001,95.232,95.33,95.187,95.326,190082,2063409
SS,2008-11,2008-11-18,0.000618928728783,95.33,95.469,95.33,95.385,345700,2063497
SS,2008-11,2008-11-19,5.24191434712e-05,95.434,95.503,95.33,95.39,345701,2032253
SS,2008-11,2008-11-20,0.000985428241954,95.424,95.518,95.405,95.484,317099,2026801
SS,2008-11,2008-11-21,0.000460810188095,95.493,95.533,95.439,95.528,220652,2043509
SS,2008-11,2008-11-24,-0.000104681349971,95.518,95.548,95.493,95.518,174786,2057201
SS,2008-11,2008-11-25,0.000209384618606,95.498,95.553,95.41,95.538,222739,2022844
SS,2008-11,2008-11-26,5.23351964665e-05,95.523,95.617,95.503,95.543,134311,2022772
SS,2008-11,2008-11-27,-0.000617523000115,95.518,95.528,95.449,95.484,134311,2022772
SS,2008-11,2008-11-28,0.000303715805789,95.479,95.543,95.479,95.513,157495,2009860
SS,2008-11,2008-12-01,0.00181127176405,95.533,95.686,95.513,95.686,235480,2008209
SS,2008-11,2008-12-02,0.000418033986163,95.681,95.745,95.647,95.726,249045,2025176
SS,2008-11,2008-12-03,0.000407412824102,95.735,95.809,95.696,95.765,277513,2033834
SS,2008-12,2008-11-28,0.000303715805789,95.479,95.543,95.479,95.513,157495,2009860
SS,2008-12,2008-12-01,0.00181127176405,95.533,95.686,95.513,95.686,235480,2008209
SS,2008-12,2008-12-02,0.000418033986163,95.681,95.745,95.647,95.726,249045,2025176
SS,2008-12,2008-12-03,0.000407412824102,95.735,95.809,95.696,95.765,277513,2033834
SS,2008-12,2008-12-04,-0.00163942985433,95.804,95.853,95.471,95.608,467860,2043347
SS,2008-12,2008-12-05,0.000407915655594,95.637,95.701,95.574,95.647,217080,2030141
SS,2008-12,2008-12-08,-0.000460024883164,95.608,95.696,95.554,95.603,225257,2038982
SS,2008-12,2008-12-09,0.000721734673598,95.623,95.716,95.603,95.672,204117,2041099
SS,2008-12,2008-12-10,0.0013274521281,95.686,95.814,95.662,95.799,199209,2053832
SS,2008-12,2008-12-11,0.000208770446456,95.819,95.853,95.789,95.819,198736,2066981
SS,2008-12,2008-12-12,-5.21817176136e-05,95.843,95.882,95.794,95.814,142834,2068489
SS,2008-12,2008-12-15,-0.000354854196673,95.814,95.843,95.755,95.78,143052,2073477
SS,2008-12,2008-12-16,0.000866569221132,95.809,95.887,95.804,95.863,213640,1658557
SS,2008-12,2008-12-17,0.00306687668861,95.956,96.22,95.956,96.157,240360,3141407
SS,2008-12,2008-12-18,0.000457584991212,96.255,96.304,96.152,96.201,245900,1648855
SS,2008-12,2008-12-19,-0.00142410162057,96.162,96.196,95.011,96.064,99898,1651579
SS,2008-12,2008-12-22,0.000655812791472,96.117,96.191,96.108,96.127,72471,1648937
SS,2008-12,2008-12-23,0.00101948464011,96.147,96.264,96.122,96.225,26170,1651987
SS,2008-12,2008-12-24,-5.19615484541e-05,96.201,96.23,96.196,96.22,26170,1651987
SS,2008-12,2008-12-29,-0.000249428393265,96.25,96.25,96.186,96.196,59376,1656436
SS,2008-12,2008-12-30,0.000145536196931,96.186,96.225,96.176,96.21,38136,1654574
SS,2008-12,2008-12-31,0.000103939299449,96.23,96.23,96.176,96.22,87371,1660069
SS,2008-12,2009-01-02,0.000457285387653,96.24,96.294,96.23,96.264,190860,1660060
SS,2008-12,2009-01-05,-0.000145433391507,96.264,96.274,96.215,96.25,195120,1668277
SS,2008-12,2009-01-06,0,96.235,96.269,96.235,96.25,190950,1674397
CN,2009-05,2009-04-30,0.00611832749782,83.422,84.698,83.402,84.195,38488,69531
CN,2009-05,2009-05-01,0.00799334877368,84.125,84.908,84.025,84.868,44588,71345
CN,2009-05,2009-05-04,0.00556157797992,84.637,85.692,84.416,85.34,52134,74380
CN,2009-05,2009-05-05,0.000831966252637,85.662,86.013,85.17,85.411,62888,74624
CN,2009-05,2009-05-06,0.00798491997518,85.421,86.194,84.939,86.093,66761,77276
CN,2009-05,2009-05-07,-0.0062955176379,86.083,86.365,85.36,85.551,62106,78409
CN,2009-05,2009-05-08,0.0197192318033,85.893,87.419,85.601,87.238,45679,79521
CN,2009-05,2009-05-11,-0.00840230174924,87.379,87.54,86.033,86.505,54234,81342
CN,2009-05,2009-05-12,-0.000462401017282,86.093,87.027,85.863,86.465,62079,81413
CN,2009-05,2009-05-13,-0.0106864049037,86.425,86.927,85.27,85.541,60626,80836
CN,2009-05,2009-05-14,0.00376427677956,85.531,85.963,85.19,85.863,64323,85390
CN,2009-05,2009-05-15,-0.00830392602169,85.792,86.224,85.009,85.15,42430,83725
CN,2009-05,2009-05-18,0.013669994128,85.21,86.535,84.999,86.314,53662,87531
CN,2009-05,2009-05-19,0.00931482725861,86.375,87.178,86.134,87.118,62806,86537
CN,2009-05,2009-05-20,0.0141761748433,86.857,88.393,86.686,88.353,69960,85221
CN,2009-05,2009-05-21,-0.00318042398108,87.951,88.524,87.459,88.072,67438,84914
CN,2009-05,2009-05-22,0.0156235807067,88.363,89.779,88.313,89.448,69682,88035
CN,2009-05,2009-05-26,0.00437125480726,89.578,90.03,88.433,89.839,75974,89433
CN,2009-05,2009-05-27,0.00290519707477,90.01,90.502,89.528,90.1,79289,89184
CN,2009-05,2009-05-28,-0.00334073251942,89.528,90.422,89.197,89.799,76209,91683
CN,2009-05,2009-05-29,0.0224835465874,90.131,92.229,90.02,91.818,75147,93143
CN,2009-05,2009-06-01,0.0040406020606,92.049,93.123,91.737,92.189,87580,92359
CN,2009-05,2009-06-02,0.00784258425626,91.978,93.083,91.526,92.912,81564,90613
CN,2009-05,2009-06-03,-0.0238828138454,92.862,93.023,90.321,90.693,94932,89312
ZB,2009-05,2009-04-30,0.01350716467,84.77,86.63,84.39,86.29,61505,206271
ZB,2009-05,2009-05-01,0.0352300382431,85.55,90.25,85.13,89.33,67386,210362
ZB,2009-05,2009-05-04,0.0452255681182,88.79,93.69,88.51,93.37,58079,210819
ZB,2009-05,2009-05-05,-0.00867516332869,93.54,94.43,92.19,92.56,76418,208670
ZB,2009-05,2009-05-06,0.0354364736387,93.1,96.38,92.75,95.84,105139,209195
ZB,2009-05,2009-05-07,0.0230592654424,97.08,100.64,95.61,98.05,58879,209350
ZB,2009-05,2009-05-08,0.02396736359,97.84,100.64,97.78,100.4,69582,208766
ZB,2009-05,2009-05-11,-0.0137450199203,100.69,100.77,96.68,99.02,80026,209418
ZB,2009-05,2009-05-12,-0.00403958796203,99.02,100.42,97.53,98.62,81863,211652
ZB,2009-05,2009-05-13,0.0101399310485,99.65,100.97,98.24,99.62,78244,220591
ZB,2009-05,2009-05-14,0.0177675165629,100.21,101.73,98.02,101.39,38251,261496
ZB,2009-05,2009-05-15,-0.0261366998718,101.25,101.52,98.24,98.74,82146,227006
ZB,2009-05,2009-05-18,0.0441563702653,98.7,103.51,98.67,103.1,91191,229388
ZB,2009-05,2009-05-19,0.021435499515,103.29,106.33,101.51,105.31,126604,230487
ZB,2009-05,2009-05-20,0.00189915487608,106,108.64,105.1,105.51,102090,234283
ZB,2009-05,2009-05-21,-0.00388588759359,104.23,105.63,101.95,105.1,109309,239807
ZB,2009-05,2009-05-22,0.0218839200761,105.46,107.54,104.93,107.4,83175,238068
ZB,2009-05,2009-05-26,0.00614525139665,107.42,108.8,103.9,108.06,112031,226947
ZB,2009-05,2009-05-27,0.0182306126226,108.54,110.43,107.7,110.03,105439,223599
ZB,2009-05,2009-05-28,0.0102699263837,109,111.63,108.43,111.16,117394,214605
ZB,2009-05,2009-05-29,0.0113350125945,111.1,112.91,110.62,112.42,71966,210089
ZB,2009-05,2009-06-01,0.0152997687244,113,115.04,112.37,114.14,67968,209474
ZB,2009-05,2009-06-02,0.000438058524619,113.72,115.34,112.98,114.19,81221,210410
ZB,2009-05,2009-06-03,-0.0122602679744,114.03,115.07,110.27,112.79,84732,213288
SB,2009-08,2009-07-31,-0.00731707317073,24.62,24.74,24.2,24.42,124031,782667
SB,2009-08,2009-08-03,0.028665028665,24.55,25.5,24.55,25.12,100180,786584
SB,2009-08,2009-08-04,0.0107484076433,25.1,25.54,24.96,25.39,100158,793090
SB,2009-08,2009-08-05,0.00118156754628,25.33,25.65,25.13,25.42,82682,798834
SB,2009-08,2009-08-06,0.0220298977183,25.41,26.22,25.41,25.98,232510,811332
SB,2009-08,2009-08-07,0.0511932255581,26.23,27.36,26.13,27.31,232514,830729
SB,2009-08,2009-08-10,0.0571219333577,27.18,29.45,27.08,28.87,221179,839532
SB,2009-08,2009-08-11,-0.00381018358157,28.61,29.13,27.89,28.76,169017,845990
SB,2009-08,2009-08-12,0.047983310153,28.61,30.61,28.21,30.14,179189,854132
SB,2009-08,2009-08-13,-0.0328467153285,30.01,30.6,28.92,29.15,210725,843086
SB,2009-08,2009-08-14,-0.0106346483705,28.86,29.21,28.25,28.84,120183,844042
SB,2009-08,2009-08-17,-0.00658807212205,28.67,28.9,28.02,28.65,112758,840252
SB,2009-08,2009-08-18,-0.00244328097731,28.73,29.05,28.15,28.58,90426,837997
SB,2009-08,2009-08-19,0.0409377186844,28.32,29.85,28.28,29.75,148589,850746
SB,2009-08,2009-08-20,-0.0309243697479,29.83,30.38,28.44,28.83,143624,849049
SB,2009-08,2009-08-21,-0.00589663544918,28.61,29.63,27.85,28.66,105580,850993
SB,2009-08,2009-08-24,-0.00244242847174,28.54,29.39,28.41,28.59,82970,852668
SB,2009-08,2009-08-25,0.00594613501224,28.59,29.2,28.34,28.76,79833,849686
SB,2009-08,2009-08-26,0.0208623087622,29.13,29.43,28.63,29.36,86481,852835
SB,2009-08,2009-08-27,0.00510899182561,29.39,29.95,29.37,29.51,82178,854378
SB,2009-08,2009-08-28,0.0457472043375,29.66,31.01,29.66,30.86,174755,858779
SB,2009-08,2009-08-31,0.0372650680493,30.86,32.12,30.64,32.01,127425,863166
SB,2009-08,2009-09-01,-0.00624804748516,32.07,32.61,30.98,31.81,157682,864487
SB,2009-08,2009-09-02,-0.0232631248035,31.87,32.03,30.73,31.07,123159,864871
SB,2009-08,2009-09-03,-0.0225297714837,31.1,31.3,29.89,30.37,155534,863190
ZO,2010-06,2010-05-28,-0.0279912628428,124.56,126.44,120.15,120.15,3071,18422
ZO,2010-06,2010-06-01,0.0170620058261,121.41,123.93,119.84,122.2,3071,18648
ZO,2010-06,2010-06-02,-0.011620294599,122.98,124.4,120.78,120.78,2810,19216
ZO,2010-06,2010-06-03,0.0208643815201,122.04,123.77,120.94,123.3,662,19136
ZO,2010-06,2010-06-04,-0.0102189781022,123.46,125.03,121.41,122.04,1767,19167
ZO,2010-06,2010-06-07,0,123.14,125.19,121.73,122.04,828,19061
ZO,2010-06,2010-06-08,0.0116355293346,123.14,124.4,122.67,123.46,2036,19082
ZO,2010-06,2010-06-09,0.0394459744047,124.4,130.06,123.46,128.33,3029,18772
ZO,2010-06,2010-06-10,0.0515078313722,128.96,136.04,128.96,134.94,4981,17782
ZO,2010-06,2010-06-11,0.0582481102712,135.25,146.26,135.25,142.8,2883,17323
ZO,2010-06,2010-06-14,0.086974789916,146.53,155.22,145.13,155.22,3820,17044
ZO,2010-06,2010-06-15,0.067968045355,155.84,167.63,155.84,165.77,4974,16369
ZO,2010-06,2010-06-16,-0.0112203655667,162.05,167.63,162.05,163.91,3002,16076
ZO,2010-06,2010-06-17,-0.0208651089012,163.29,164.53,158.63,160.49,3165,16153
ZO,2010-06,2010-06-18,0.0174465698797,159.72,166.7,155.22,163.29,1574,15555
ZO,2010-06,2010-06-21,0.0189846285749,162.98,173.38,162.98,166.39,2467,15712
ZO,2010-06,2010-06-22,0.0541498888154,165.46,176.02,165.46,175.4,1937,15771
ZO,2010-06,2010-06-23,-0.010661345496,175.09,177.1,170.74,173.53,1744,15757
ZO,2010-06,2010-06-24,-0.00357286924451,172.6,175.86,170.89,172.91,1191,15972
ZO,2010-06,2010-06-25,-0.0466716789081,171.98,175.71,164.53,164.84,2198,15077
ZO,2010-06,2010-06-28,-0.00564183450619,165.31,165.31,155.84,163.91,1496,15162
ZO,2010-06,2010-06-29,-0.053016899518,164.53,167.01,155.22,155.22,2639,14983
ZO,2010-06,2010-06-30,0.0119829918825,157.08,167.63,156.77,157.08,2615,12337
ZO,2010-06,2010-07-01,-0.0237458619812,159.87,161.43,153.35,153.35,1799,11381
ZO,2010-06,2010-07-02,0.00208672970329,154.75,156.46,149.63,153.67,833,11765
ZO,2010-06,2010-07-06,0.0262250276567,152.73,163.13,152.73,157.7,851,11708
MW,2010-07,2010-06-30,0.0148661055007,903.18,956.46,903.18,917.51,11347,50431
MW,2010-07,2010-07-01,0.0278144107421,915.71,946.61,915.71,943.03,7999,49273
MW,2010-07,2010-07-02,0.00854691791353,941.24,959.6,937.21,951.09,5077,49384
MW,2010-07,2010-07-06,0.00894762851045,950.64,984.67,939.9,959.6,5579,49313
MW,2010-07,2010-07-07,0.0480616923718,957.81,1006.17,956.02,1005.72,6206,49005
MW,2010-07,2010-07-08,0.0227100982381,1003.03,1032.59,999.45,1028.56,9018,50268
MW,2010-07,2010-07-09,-0.0195904954499,1022.29,1027.66,998.11,1008.41,5902,50229
MW,2010-07,2010-07-12,0.00710028658978,1004.82,1023.63,1000.79,1015.57,6142,50258
MW,2010-07,2010-07-13,0.0202841753892,1010.64,1040.65,1008.41,1036.17,5039,51238
MW,2010-07,2010-07-14,0.0082129380314,1033.48,1063.93,1032.59,1044.68,8258,52512
MW,2010-07,2010-07-15,0.0501493280239,1042.44,1099.31,1038.41,1097.07,17849,54909
MW,2010-07,2010-07-16,-0.00163161876635,1092.59,1099.31,1075.13,1095.28,7326,54980
MW,2010-07,2010-07-19,-0.0134942663063,1089.9,1112.29,1073.33,1080.5,7855,54923
MW,2010-07,2010-07-20,-0.00248958815363,1077.81,1083.19,1067.96,1077.81,7751,55390
MW,2010-07,2010-07-21,0.0195303439382,1075.13,1108.26,1075.13,1098.86,7523,54904
MW,2010-07,2010-07-22,0.0150792639645,1094.38,1133.78,1092.59,1115.43,13838,56356
MW,2010-07,2010-07-23,0.00922514187354,1113.63,1131.55,1111.84,1125.72,7395,56103
MW,2010-07,2010-07-26,-0.0103400490353,1121.69,1124.83,1103.78,1114.08,4112,56151
MW,2010-07,2010-07-27,0.00562796208531,1113.63,1133.34,1103.78,1120.35,4418,56619
MW,2010-07,2010-07-28,0.0279823269514,1119.46,1164.23,1112.29,1151.7,7488,57118
MW,2010-07,2010-07-29,0.0237127724234,1149.46,1187.97,1148.11,1179.01,12000,58057
MW,2010-07,2010-07-30,0.0448172619401,1178.56,1235.43,1178.56,1231.85,11715,58183
MW,2010-07,2010-08-02,0.0370743191135,1226.48,1321.85,1226.03,1277.52,10045,57712
MW,2010-07,2010-08-03,-0.0227785083599,1271.25,1278.87,1232.3,1248.42,8834,57609
MW,2010-07,2010-08-04,0.0502154723571,1245.73,1319.61,1244.83,1311.11,10323,59047
ZW,2010-07,2010-06-30,0.0508737442088,2022.4,2183,2022.4,2127.62,147325,457562
ZW,2010-07,2010-07-01,0.0406040552354,2123.19,2232.84,2106.57,2214.01,133321,467748
ZW,2010-07,2010-07-02,0.0065040356638,2207.36,2250.56,2192.96,2228.41,96098,454730
ZW,2010-07,2010-07-06,0.00894359655539,2215.12,2330.3,2215.12,2248.34,111344,458179
ZW,2010-07,2010-07-07,0.0453223266944,2236.16,2357.99,2236.16,2350.24,139987,461757
ZW,2010-07,2010-07-08,0.0339284498604,2343.59,2434.41,2323.66,2429.98,130860,468220
ZW,2010-07,2010-07-09,-0.0191441904872,2420.01,2420.01,2359.1,2383.46,92735,462692
ZW,2010-07,2010-07-12,-0.00417879888901,2370.17,2400.08,2363.53,2373.5,71052,464877
ZW,2010-07,2010-07-13,0.0251948599115,2365.74,2444.38,2351.34,2433.3,101665,467784
ZW,2010-07,2010-07-14,0.0177536678585,2418.91,2507.51,2415.58,2476.5,103903,465724
ZW,2010-07,2010-07-15,0.0666343630123,2466.53,2651.49,2460.99,2641.52,193355,479699
ZW,2010-07,2010-07-16,-0.0150935824828,2638.2,2648.17,2564,2601.65,157591,472141
ZW,2010-07,2010-07-19,-0.00851382776315,2580.61,2648.17,2548.49,2579.5,104111,474074
ZW,2010-07,2010-07-20,-0.00901725140531,2571.75,2573.96,2537.41,2556.24,75469,473827
ZW,2010-07,2010-07-21,0.0194973867868,2556.24,2631.56,2542.95,2606.08,104424,486033
ZW,2010-07,2010-07-22,0.0140248956287,2600.55,2702.44,2586.15,2642.63,121379,494368
ZW,2010-07,2010-07-23,-0.0004200361004,2640.42,2674.75,2628.23,2641.52,67880,490671
ZW,2010-07,2010-07-26,-0.0113192404373,2641.52,2641.52,2589.47,2611.62,57378,497081
ZW,2010-07,2010-07-27,0.00933137286435,2600.55,2675.86,2580.61,2635.99,104428,497317
ZW,2010-07,2010-07-28,0.0344538484592,2627.13,2761.14,2622.7,2726.81,123832,501350
ZW,2010-07,2010-07-29,0.0194953077039,2725.7,2799.91,2715.73,2779.97,115347,502037
ZW,2010-07,2010-07-30,0.0541840379572,2774.43,2937.24,2772.22,2930.6,176834,503052
ZW,2010-07,2010-08-02,0.0479969972019,2923.95,3151,2910.66,3071.26,247029,505385
ZW,2010-07,2010-08-03,-0.0191126768818,3065.72,3090.09,2989.3,3012.56,142391,495008
ZW,2010-07,2010-08-04,0.0672783280665,3012.56,3242.93,3004.8,3215.24,183877,514749
KC,2014-02,2014-01-31,0.0433014040152,229.01,239.96,228.63,238.53,57397,153844
KC,2014-02,2014-02-03,0.0859011445101,238.15,259.87,238.15,259.02,77909,159303
KC,2014-02,2014-02-04,0.00220060227009,259.02,262.83,253.49,259.59,90902,159337
KC,2014-02,2014-02-05,0.0502715821103,259.59,273.78,255.78,272.64,69080,163219
KC,2014-02,2014-02-06,-0.051386443662,271.69,274.64,256.82,258.63,70168,162991
KC,2014-02,2014-02-07,-0.000347987472451,257.4,271.97,251.58,258.54,68833,163404
KC,2014-02,2014-02-10,0.00367447977102,255.2,263.3,253.2,259.49,63034,163521
KC,2014-02,2014-02-11,0.00724498053875,260.62,263.8,258.27,261.37,46856,163458
KC,2014-02,2014-02-12,0.0265141370471,260.62,269.43,258.09,268.3,100550,159449
KC,2014-02,2014-02-13,-0.00838613492359,268.68,271.3,259.4,266.05,66994,160810
KC,2014-02,2014-02-14,0.00248073670363,262.58,267.83,261.37,266.71,58939,162697
KC,2014-02,2014-02-18,0.0881856698287,265.77,293.6,264.36,290.23,72691,164999
KC,2014-02,2014-02-19,0.114633221927,290.14,325.93,286.57,323.5,82819,164181
KC,2014-02,2014-02-20,-0.0182689335394,322.37,332.68,303.72,317.59,62877,163296
KC,2014-02,2014-02-21,0.000314871375043,317.59,327.25,315.44,317.69,33359,161764
KC,2014-02,2014-02-24,0.0404167584752,318.16,336.15,318.06,330.53,32901,161971
KC,2014-02,2014-02-25,-0.000574834356942,329.87,339.71,323.78,330.34,28777,161217
KC,2014-02,2014-02-26,0.00823394078828,329.59,334.18,320.59,333.06,28090,160579
KC,2014-02,2014-02-27,0.00900738605657,333.9,338.68,330.62,336.06,23294,160145
KC,2014-02,2014-02-28,0.00556448253288,333.62,339.71,330.9,337.93,34888,161748
KC,2014-02,2014-03-03,0.0729441008493,337.93,370.73,331.56,362.58,32933,161629
KC,2014-02,2014-03-04,-0.041370180374,366.42,370.35,345.43,347.58,31346,160659
KC,2014-02,2014-03-05,0.0914034179182,346.74,382.54,340.46,379.35,38305,163753
ZM,2014-10,2014-09-30,-0.0164715491424,219.94,221.39,215.81,216.75,84112,351029
ZM,2014-10,2014-10-01,-0.00101499423299,215.73,217.11,213.99,216.53,77612,353528
ZM,2014-10,2014-10-02,0.00905186348312,216.53,219,215.59,218.49,68350,350560
ZM,2014-10,2014-10-03,-0.00828413199689,218.64,219.58,215.37,216.68,62037,351777
ZM,2014-10,2014-10-06,0.0337825364593,216.82,224.36,216.75,224,80385,355686
ZM,2014-10,2014-10-07,0.0119642857143,223.64,229.73,222.41,226.68,110724,359477
ZM,2014-10,2014-10-08,-0.00895535556732,226.47,228.28,222.7,224.65,72712,359441
ZM,2014-10,2014-10-09,0.011974182061,224.73,227.99,224.29,227.34,69027,359356
ZM,2014-10,2014-10-10,-0.00800563033342,226.97,231.33,224.94,225.52,118518,365207
ZM,2014-10,2014-10-13,0.0222153245832,225.31,231.18,223.78,230.53,82955,368505
ZM,2014-10,2014-10-14,0.0191732095606,230.6,235.89,230.46,234.95,99856,369481
ZM,2014-10,2014-10-15,0.0101723771015,234.52,239.23,233.65,237.34,107745,371765
ZM,2014-10,2014-10-16,0.0223308334036,236.47,243.51,236.4,242.64,127084,367967
ZM,2014-10,2014-10-17,-0.0122403560831,242.78,245.68,238.79,239.67,74862,365704
ZM,2014-10,2014-10-20,-0.00333792297743,239.23,239.67,235.89,238.87,56527,364446
ZM,2014-10,2014-10-21,0.0409846359945,239.01,249.74,238.94,248.66,119942,361628
ZM,2014-10,2014-10-22,-0.0143167377141,248.22,256.42,243.29,245.1,166795,356605
ZM,2014-10,2014-10-23,0.0426356589147,245.18,256.27,243,255.55,100082,361171
ZM,2014-10,2014-10-24,-0.00626100567404,255.98,260.48,251.7,253.95,109593,357898
ZM,2014-10,2014-10-27,0.0759598346131,253.44,274.11,250.91,273.24,140606,362272
ZM,2014-10,2014-10-28,-0.00450153711023,273.38,289.92,271.06,272.01,197552,361561
ZM,2014-10,2014-10-29,0.0588948935701,271.72,293.4,271.43,288.03,161233,366342
ZM,2014-10,2014-10-30,-0.0432941013089,290.43,296.23,274.84,275.56,138052,366737
ZM,2014-10,2014-10-31,0.0236971984323,276,286.22,272.22,282.09,114436,371261
ZM,2014-10,2014-11-03,-0.0419015207912,282.23,282.3,268.6,270.27,91390,371585
ZM,2014-10,2014-11-04,-0.000555000555,269.76,273.24,263.96,270.12,107063,377036
ZM,2014-10,2014-11-05,0.00751517843921,270.27,274.18,266.57,272.15,77340,379748
