month,AN,AP,AX,BN,CA,CB,CC,CN,CT,DA,DT,EC,FB,FN,GS,HS,JN,JO,KC,LB,LX,MD,MP,MW,ND,NK,RL,SB,SN,SP,SS,TU,TY,UB,US,UZ,XU,XX,YM,ZA,ZB,ZC,ZD,ZF,ZG,ZI,ZK,ZL,ZM,ZN,ZO,ZP,ZR,ZS,ZT,ZU,ZW,ZZ
1976-01,0.0,0.0,0.0,0.0,0.0,0.0,0.0,0.0,0.0,0.0,0.0,0.0,0.0,0.0,0.0,0.0,0.0,-0.0,0.0,-0.0,0.0,0.0,0.0,0.0,0.0,0.0,0.0,0.0,0.0,0.0,0.0,0.0,0.0,0.0,0.0,0.0,0.0,0.0,0.0,0.0,0.0,-0.0,0.0,0.0,0.0,-0.0,0.0,-0.0,-0.0,0.0,0.0,-0.0,0.0,-0.0,0.0,0.0,-0.0,0.0
1976-02,0.0,0.0,0.0,0.0,0.0,0.0,0.0,0.0,0.06005290200535639,0.0,0.0,0.0,0.0,0.0,0.0,0.0,0.0,0.12869713684435793,0.0,-0.0,0.0,0.0,0.0,0.0,0.0,0.0,0.0,-0.0,0.0,0.0,0.0,0.0,0.0,0.0,0.0,0.0,0.0,0.0,0.0,0.0,0.0,-0.05499810692009247,0.0,0.0,-0.0,-0.06036722044973463,0.0,-0.036855392779002315,-0.03251837202566995,0.0,0.0,-0.06635627626123831,0.0,-0.038093356082714185,0.0691375623114307,0.0,-0.04913052105363132,0.05712869029730632
1976-03,0.0,0.0,0.0,0.0,0.0,0.0,0.0,0.0,0.06550622308308715,0.0,0.0,0.0,0.0,-0.0,0.0,0.0,0.0,0.1407330666737887,0.0,-0.0,0.0,0.0,0.0,0.0,0.0,0.0,0.0,-0.0,0.0,0.0,0.0,0.0,0.0,0.0,0.0,0.0,0.0,0.0,0.0,0.0,0.0,0.059984208056673705,0.0,0.0,-0.0,-0.06904716197926405,0.0,-0.040845365620870294,0.03589069266568918,0.0,0.0,-0.07614667559610672,0.0,-0.04326893260702383,0.07559168675034295,0.0,0.05328395158655432,0.06318984039162445
1976-04,0.0,0.0,0.0,0.0,0.0,0.0,0.0,0.0,0.05940711141772694,0.0,0.0,0.0,0.0,-0.0,0.0,0.0,0.0,0.12975003426588033,0.0,-0.0,0.0,0.0,0.0,0.0,0.0,0.0,0.0,-0.0,0.0,0.0,0.0,0.0,0.0,0.0,0.0,0.0,0.0,0.0,0.0,0.0,0.0,-0.05483851011355216,0.0,0.0,-0.0,-0.06465023833661941,0.0,-0.03727225714108022,-0.033225336051367564,0.0,0.0,-0.0719651034639189,0.0,-0.039898008516804404,0.06910150102242892,0.0,-0.048113896589409955,0.0578944846233277
1976-05,0.0,0.0,0.0,0.0,0.0,0.0,0.0,0.0,0.0823535738218158,0.0,0.0,0.0,0.0,-0.0,0.0,0.0,0.0,0.17578546409387258,0.0,-0.0,0.0,0.0,0.0,0.0,0.0,0.0,0.0,-0.0,0.0,0.0,0.0,0.0,0.0,0.0,0.0,0.0,0.0,0.0,0.0,0.0,0.0,-0.07320135893201093,0.0,0.0,-0.0,-0.08574379881068629,0.0,-0.04964430479518661,0.046395458743335234,0.0,0.0,0.09268019500024147,0.0,-0.05578224126909845,0.09153671838281048,0.0,-0.06437692795405571,0.07698294605299671
1976-06,0.0,0.0,0.0,0.0,0.0,0.0,0.0,0.0,0.06360024664845917,0.0,0.0,0.0,0.0,-0.0,0.0,0.0,0.0,-0.13825340639827688,0.0,-0.0,0.0,0.0,0.0,0.0,0.0,0.0,0.0,0.0,0.0,0.0,0.0,0.0,0.0,0.0,0.0,0.0,0.0,0.0,0.0,0.0,0.0,0.06156016529460508,0.0,0.0,-0.0,-0.0688688730147348,0.0,-0.03877233188746816,0.04216954158793752,0.0,0.0,0.07263152671567771,0.0,0.050664377723005666,0.07122587843266504,0.0,0.050959142180257086,0.059826971044944735
1976-07,0.0,0.0,0.0,0.0,0.0,0.0,0.0,0.0,0.05550066309600617,0.0,0.0,0.0,0.0,-0.0,0.0,0.0,0.0,-0.1259504712732548,0.0,-0.0,0.0,0.0,0.0,0.0,0.0,0.0,0.0,0.0,0.0,0.0,0.0,0.0,0.0,0.0,0.0,0.0,0.0,0.0,0.0,0.0,0.0,0.05802503793691356,0.0,0.0,-0.0,-0.06484479504702319,0.0,0.03655926138180729,0.03940968369552949,0.0,0.0,0.06816370865173224,0.0,0.04721492939849564,-0.06618290956553187,0.0,0.04810580118142764,0.056390147465871
1976-08,0.0,0.0,0.0,0.0,0.0,0.0,0.0,0.0,0.06359020090618625,0.0,0.0,0.0,0.0,-0.0,0.0,0.0,0.0,-0.1624147450323213,0.0,-0.0,0.0,0.0,0.0,0.0,0.0,0.0,0.0,-0.0,0.0,0.0,0.0,0.0,0.0,0.0,0.0,0.0,0.0,0.0,0.0,0.0,0.0,-0.08365501392513475,0.0,0.0,-0.0,-0.07387757475880705,0.0,-0.04520420148088984,0.044882077519369616,0.0,0.0,-0.07850040884960961,0.0,-0.05389683831069887,-0.07874205205348477,0.0,-0.059852875532814695,0.06962759444368079
1976-09,0.0,0.0,0.0,0.0,0.0,0.0,0.0,0.0,0.08523032904143163,0.0,0.0,0.0,0.0,-0.0,0.0,0.0,0.0,-0.17657703768535066,0.0,-0.0,0.0,0.0,0.0,0.0,0.0,0.0,0.0,-0.0,0.0,0.0,0.0,0.0,0.0,0.0,0.0,0.0,0.0,0.0,0.0,0.0,0.0,-0.09679759049203966,0.0,0.0,-0.0,-0.08413209014177617,0.0,0.05138175256478144,0.05193243364794116,0.0,0.0,-0.08908791243093012,0.0,0.06234741632376326,-0.09138251262042615,0.0,-0.08210459567532183,0.08157802950398572
1976-10,0.0,0.0,0.0,0.0,0.0,0.0,0.0,0.0,0.07469378028052454,0.0,0.0,0.0,0.0,0.0,0.0,0.0,0.0,-0.15511280825683013,0.0,0.0,0.0,0.0,0.0,0.0,0.0,0.0,0.0,-0.0,0.0,0.0,0.0,0.0,0.0,0.0,0.0,0.0,0.0,0.0,0.0,0.0,0.0,-0.08469006033453003,0.0,0.0,-0.0,-0.07389789331177146,0.0,-0.04585773690784735,0.04613226716018682,0.0,0.0,-0.07813992138382689,0.0,0.05490411504216135,-0.08170267534306878,0.0,-0.07137634322732897,-0.07180233589425768
1976-11,0.0,0.0,0.0,0.0,0.0,0.0,0.0,0.0,0.08941135609936449,0.0,0.0,0.0,0.0,0.0,0.0,0.0,0.0,-0.196363574330728,0.0,-0.0,0.0,0.0,0.0,0.0,0.0,0.0,0.0,-0.0,0.0,0.0,0.0,0.0,0.0,0.0,0.0,0.0,0.0,0.0,0.0,0.0,0.0,-0.0980656700189254,0.0,0.0,-0.0,-0.0855439243248737,0.0,0.05389268253473404,0.054008303673645626,0.0,0.0,0.0906684103724105,0.0,0.0647646772395336,-0.09384620770584426,0.0,-0.08375875055280213,-0.0823920689764967
1976-12,0.0,0.0,0.0,0.0,0.0,0.0,0.0,0.0,0.08967642431684499,0.0,0.0,0.0,0.0,0.0,0.0,0.0,0.0,-0.1967305756039436,0.0,-0.0,0.0,0.0,0.0,0.0,0.0,0.0,0.0,-0.0,0.0,0.0,0.0,0.0,0.0,0.0,0.0,0.0,0.0,0.0,0.0,0.0,0.0,-0.09888344806536582,0.0,0.0,-0.0,-0.08525376375737626,0.0,0.05431787010270674,0.0545624074575993,0.0,0.0,0.09055258917500368,0.0,0.06503956506696255,-0.09336844801063175,0.0,-0.08526758774917599,-0.08087700673352102
1977-01,0.0,0.0,0.0,0.0,0.0,0.0,0.0,0.0,0.09325261201008803,0.0,0.0,0.0,0.0,0.0,0.0,0.0,0.0,-0.1836867625279733,0.0,-0.0,0.0,0.0,0.0,0.0,0.0,0.0,0.0,-0.0,0.0,0.0,0.0,0.0,0.0,0.0,0.0,0.0,0.0,0.0,0.0,0.0,0.0,-0.09706816653978097,0.0,0.0,-0.0,-0.08455336645044473,0.0,0.053705127895471425,0.05358318123487706,0.0,0.0,-0.08893263972328336,0.0,0.06393503195925583,-0.09268162709577792,0.0,-0.08657724999073374,0.07686767805727152
1977-02,0.0,0.0,0.0,-0.0,0.0,0.0,0.0,0.0,0.08243330161866226,0.0,0.0,0.0,0.0,0.0,0.0,0.0,0.0,0.05779883581320429,0.06613502951715049,-0.08991778067156905,0.0,0.0,0.0,0.0,0.0,0.0,0.0,-0.0,-0.0,0.0,0.0,0.0,0.0,0.0,0.0,0.0,0.0,0.0,0.0,0.0,0.0,-0.0831251151226323,0.0,0.0,0.0,0.07569327951797958,0.0,0.04802197382317263,0.04475984297798328,0.0,0.0,0.07742048706934603,0.0,0.053711608657090265,-0.07724339283061374,0.0,-0.07259345818696762,0.06421015129072505
1977-03,0.0,0.0,0.0,-0.0,0.0,0.0,0.0,0.0,0.07718902062917564,0.0,0.0,0.0,0.0,0.0,0.0,0.0,0.0,0.05432189296405798,0.060396503635433335,-0.08824317478004888,0.0,0.0,0.0,0.0,0.0,0.0,0.0,-0.0,-0.0,0.0,0.0,0.0,0.0,0.0,0.0,0.0,0.0,0.0,0.0,0.0,0.0,-0.07803783262642557,0.0,0.0,0.0,0.10453410207565565,0.0,0.04537924345905518,0.041951542594028175,0.0,0.0,0.10663294688309773,0.0,0.050140733416676984,-0.07467056361210703,0.0,-0.06829451991536774,0.061725690738614766
1977-04,0.0,0.0,0.0,-0.0,0.0,0.0,0.0,0.0,0.07699549803686095,0.0,0.0,0.0,0.0,0.0,0.0,0.0,0.0,0.05414785918833598,0.05936888606867252,-0.08769217092035105,0.0,0.0,0.0,0.0,0.0,0.0,0.0,-0.0,-0.0,0.0,0.0,0.0,0.0,0.0,0.0,0.0,0.0,0.0,0.0,0.0,0.0,-0.08002239506563984,0.0,0.0,0.0,0.10564549135407804,0.0,0.04455051265066424,0.041601178302685435,0.0,0.0,0.10944115103638907,0.0,0.049257075809441,-0.07429757436911277,0.0,-0.07306451338454381,0.06232300143183954
1977-05,0.0,0.0,0.0,0.0,0.0,0.0,0.0,0.0,0.09419359030904421,0.0,0.0,0.0,0.0,0.0,0.0,0.0,0.0,0.06649869020708489,0.07328578067594632,-0.10756293067644929,0.0,0.0,0.0,0.0,0.0,0.0,0.0,-0.0,-0.0,0.0,0.0,0.0,0.0,0.0,0.0,0.0,0.0,0.0,0.0,0.0,0.0,-0.09816110720220188,0.0,0.0,0.0,0.13126790665549276,0.0,0.05470371338626267,0.05248751644822535,0.0,0.0,-0.1343578947821296,0.0,0.0606724470413835,-0.08973917906791089,0.0,-0.09037356979495996,0.07649054412211831
1977-06,0.0,0.0,0.0,0.0,0.0,0.0,0.0,0.0,0.10080320935776926,0.0,0.0,0.0,0.0,0.0,0.0,0.0,0.0,0.0667833621729176,0.07427599603506406,-0.11114346069298922,0.0,0.0,0.0,0.0,0.0,0.0,0.0,-0.0,-0.0,0.0,0.0,0.0,0.0,0.0,0.0,0.0,0.0,0.0,0.0,0.0,0.0,-0.10164145375646613,0.0,0.0,0.0,-0.14310311360390385,0.0,0.05643918830103646,0.05399016898123425,0.0,-0.0,-0.14371973294841217,0.0,0.06256523707593441,-0.09555981051950574,0.0,-0.09316525136529882,0.08373326365408633
1977-07,0.0,0.0,0.0,0.0,0.0,0.0,0.0,0.0,-0.09562773410310489,0.0,0.0,0.0,0.0,0.0,0.0,0.0,0.0,0.06345154089588309,0.06982430641741615,-0.10522494135225298,0.0,0.0,0.0,0.0,0.0,0.0,0.0,-0.0,-0.0,0.0,0.0,0.0,0.0,0.0,0.0,0.0,0.0,0.0,0.0,0.0,0.0,-0.09804102777356083,0.0,0.0,0.0,-0.13660800294664638,0.0,0.05244279342562714,-0.04942505214066383,0.0,-0.0,-0.13735243795085078,0.0,0.05655384362476187,-0.09392082328014835,0.0,-0.09432932533615689,0.0891949700972352
1977-08,0.0,0.0,0.0,0.0,0.0,0.0,0.0,0.0,-0.0827807987354981,0.0,0.0,0.0,0.0,0.0,0.0,0.0,0.0,0.053546605184761585,0.0605816681940563,-0.09187645742265507,0.0,0.0,0.0,0.0,0.0,0.0,0.0,-0.0,-0.0,0.0,0.0,0.0,0.0,0.0,0.0,0.0,0.0,0.0,0.0,0.0,0.0,-0.10552889992301794,0.0,0.0,0.0,-0.1203001095468275,0.0,0.05377576073523027,-0.06122689915168354,0.0,-0.0,-0.12230412293024324,0.0,-0.061661851706762895,-0.08643289183799259,0.0,-0.08546983079676482,0.07944771325559362
1977-09,0.0,0.0,0.0,0.0,0.0,0.0,0.0,0.0,-0.07772757914442222,0.0,0.0,0.0,0.0,0.0,0.0,0.0,0.0,0.04912968875623995,0.0554705693702343,0.08182169991392978,0.0,0.0,0.0,0.0,0.0,0.0,0.0,-0.0,0.0,0.0,0.0,0.0,0.0,0.0,0.0,0.0,0.0,0.0,0.0,0.0,0.0,-0.09754434792057523,0.0,0.0,0.0,0.12363223009554432,0.0,-0.049651277311242595,-0.06050464276556772,0.0,-0.0,-0.12065916235772205,0.0,-0.05815121750909872,-0.08562213101740657,0.0,-0.07911583466036103,0.07692246826678607
1977-10,0.0,0.0,0.0,0.0,0.0,0.0,0.0,0.0,-0.07993983023142531,0.0,0.0,0.0,0.0,0.0,0.0,0.0,0.0,0.049717008812077364,0.05715024232671406,-0.0906529731780321,0.0,0.0,0.0,0.0,0.0,0.0,0.0,-0.0,0.0,0.0,0.0,0.0,0.0,0.0,0.0,0.0,0.0,0.0,0.0,0.0,0.0,-0.10583430031142009,0.0,0.0,0.0,0.1271409112303236,0.0,-0.05745372453156168,-0.06377588598556438,0.0,-0.0,-0.12326442819089253,0.0,-0.06264985736404566,0.08717036749910678,0.0,-0.08205688801604266,0.0812441277099376
1977-11,0.0,0.0,0.0,0.0,0.0,0.0,0.0,0.0,-0.08246095922126853,0.0,0.0,0.0,0.0,0.0,0.0,0.0,0.0,0.04954702185837382,0.056572221578608375,-0.0926530650033515,0.0,0.0,0.0,0.0,0.0,0.0,0.0,-0.0,0.0,0.0,0.0,0.0,0.0,0.0,0.0,0.0,0.0,0.0,0.0,0.0,0.0,-0.10343465162369954,0.0,0.0,0.0,0.13122924018469645,0.0,-0.05871438315901336,-0.06294093944977547,0.0,-0.0,0.11704850610203898,0.0,-0.06249997458744383,0.08720930150001865,0.0,-0.08224620184410907,0.08124408477307091
1977-12,0.0,0.0,0.0,0.0,0.0,0.0,0.0,0.0,-0.09297997725989425,0.0,0.0,0.0,0.0,0.0,0.0,0.0,0.0,0.054911652957305004,0.06247511229361099,-0.0988127829816418,0.0,0.0,0.0,0.0,0.0,0.0,0.0,-0.0,0.0,0.0,0.0,0.0,0.0,0.0,0.0,0.0,0.0,0.0,0.0,0.0,0.0,-0.11387237640140586,0.0,0.0,0.0,0.1466143865935782,0.0,0.06357650557666626,-0.07026828880217231,0.0,-0.0,0.12955908709135341,0.0,-0.0691673269542364,-0.09695893490732972,0.0,-0.09088262713724773,0.08930116061501785
1978-01,0.0,0.0,0.0,0.0,0.0,0.0,0.0,0.0,-0.09729943611637107,0.0,0.0,0.0,0.0,0.0,0.0,0.0,0.0,0.05561177523001498,0.06383424229197789,-0.10049247007112722,0.0,0.0,0.0,0.0,0.0,0.0,0.0,-0.0,0.0,0.0,0.0,0.0,0.0,0.0,0.0,0.0,0.0,0.0,0.0,0.0,0.0,-0.11841879220916957,0.0,0.0,0.0,0.15207317028777828,0.0,0.06506013026577359,-0.07296104413098528,0.0,-0.0,0.1393244102264228,0.0,-0.07152137728877686,0.09879725407093566,0.0,-0.0936891039901724,0.09145599931851278
1978-02,0.0,0.0,0.0,0.0,0.0,0.0,0.0,0.0,-0.08672284204367052,0.0,0.0,0.0,0.0,0.0,0.0,0.0,0.0,0.049736575347463424,0.05736058793234877,0.09065052314083803,0.0,0.0,0.0,0.0,0.0,0.0,0.0,-0.06457932378706564,0.0,0.0,0.0,0.0,0.0,0.0,0.0,0.0,0.0,0.0,0.0,0.0,0.0,-0.1068938847065677,0.0,0.0,0.12983900300330264,0.13898901156686685,0.0,0.0584605082367532,-0.06696437991720154,0.0,-0.08266559594527383,0.11596346466255636,0.0,-0.0650127030042728,0.08966440937696521,0.0,-0.08726486792065907,0.08116313657765051
1978-03,0.0,0.0,0.0,0.0,0.0,0.0,0.0,0.0,-0.07042573853949569,0.0,0.0,0.0,0.0,0.2314967215476484,0.0,0.0,0.0,0.040149836437555333,-0.04672762273606975,-0.077570144540543,0.0,0.0,0.0,0.0,0.0,0.0,0.0,-0.05390039476523626,0.0,0.0,0.0,0.0,0.0,0.0,0.0,0.0,0.0,0.0,0.0,0.0,0.0,-0.09563870511100743,0.0,0.0,0.1053673299610945,-0.11758542794911751,0.0,0.04934043768606115,-0.055546240453076205,0.0,-0.0668961041310267,0.09388955561531608,0.0,-0.0550117947477557,0.07263748073409688,0.0,-0.07128775565422125,0.06662627826537178
1978-04,0.0,0.0,0.0,0.0,0.0,0.0,0.0,0.0,-0.08006140915293279,0.0,0.0,0.0,0.0,0.26805664453187433,0.0,0.0,0.0,0.045153792919587245,-0.05279401809290109,-0.09108468909014082,0.0,0.0,0.0,0.0,0.0,0.0,0.0,-0.06087905820032968,0.0,0.0,0.0,0.0,0.0,0.0,0.0,0.0,0.0,0.0,0.0,0.0,0.0,-0.11000990805990454,0.0,0.0,0.11925232794040036,0.12809706407662202,0.0,0.05817643749882485,-0.06209899240163528,0.0,-0.07572812054724837,0.10552440045799773,0.0,-0.06308612060045649,0.08472399347201828,0.0,0.075111939664234,0.07501860029243673
1978-05,0.0,0.0,0.0,0.0,0.0,0.0,0.0,0.0,-0.08052783557290749,0.0,0.0,0.0,0.0,0.258261717902953,0.0,0.0,0.0,0.045154321135769636,-0.05374492038014264,0.09204288260611515,0.0,0.0,0.0,0.0,0.0,0.0,0.0,-0.06453414128379277,0.0,0.0,0.0,0.0,0.0,0.0,0.0,0.0,0.0,0.0,0.0,0.0,0.0,-0.11043984218197084,0.0,0.0,0.11810932585814651,-0.1215732860390556,0.0,0.06052179275832067,-0.06227979049602176,0.0,-0.07689552687718458,0.10576166218629927,0.0,-0.06421306682931359,0.08593745030519336,0.0,0.07712462609195332,0.07498355684703609
1978-06,0.0,0.0,0.0,0.0,0.0,0.0,0.0,0.0,-0.08649866539856776,0.0,0.0,0.0,0.0,0.2768386645594287,0.0,0.0,0.0,0.047773677728375076,0.0573728212240727,0.10592255842653987,0.0,0.0,0.0,0.0,0.0,0.0,0.0,-0.07179995119416072,0.0,0.0,0.0,0.0,0.0,0.0,0.0,0.0,0.0,0.0,0.0,0.0,0.0,0.11447502277584364,0.0,0.0,0.12202269739134311,0.12650719046597422,0.0,0.06503393875591548,-0.06659786540666517,0.0,-0.08202299811442992,0.10005728655850533,0.0,-0.06888006029716208,0.09180440291480686,0.0,0.08212340611505793,0.08017558857787926
1978-07,0.0,0.0,0.0,0.0,0.0,0.0,0.0,0.0,-0.08606363905708811,0.0,0.0,0.0,0.0,0.2776446328951589,0.0,0.0,0.0,0.04735422847590809,0.05613488968661106,0.10639184285071021,0.0,0.0,0.0,0.0,0.0,0.0,0.0,-0.07108564233103502,0.0,0.0,0.0,0.0,0.0,0.0,0.0,0.0,0.0,0.0,0.0,0.0,0.0,0.11271069946730662,0.0,0.0,0.12188595345118525,0.12579076610973988,0.0,0.06381055203789306,-0.0662586567453625,0.0,-0.08011661216162351,0.09851434640762886,0.0,-0.06775351074276419,0.08821617589395303,0.0,0.0817911292176686,0.07621396728429619
1978-08,0.0,0.0,0.0,0.0,0.0,0.0,0.0,0.0,-0.06609216360217932,0.0,0.0,0.0,0.0,0.2631970927056199,0.0,0.0,0.0,0.036410769523010485,0.05522872159427078,0.0810824908754594,0.0,0.0,0.0,0.0,0.0,0.0,0.0,-0.06314057026529708,0.0,0.0,0.0,0.0,0.0,0.0,0.0,0.0,0.0,0.0,0.0,0.0,0.0,0.09358280132499618,0.0,0.0,0.08914268432658994,0.09702235452515115,0.0,0.053859340342499784,0.05101971892202716,0.0,0.06300308085061923,0.07530866367023582,0.0,0.05402611713630322,0.06962475474342412,0.0,0.06904315170708585,0.05814621946595208
1978-09,0.0,0.0,0.0,0.0,0.0,0.0,0.0,0.0,0.0687575226779845,0.0,0.0,0.0,0.0,0.2714004419634615,0.0,0.0,0.0,0.03750769017395277,0.053474181108141894,0.0854280891567179,0.0,0.0,0.0,0.0,0.0,0.0,0.0,-0.06055526872730679,0.0,0.0,0.0,0.0,0.0,0.0,0.0,0.0,0.0,0.0,0.0,0.0,0.0,0.09809924950568046,0.0,0.0,0.09343386538185666,0.10449992978409679,0.0,0.0546191168790763,0.05261866264812279,0.0,-0.06520102761373683,0.07830946057706878,0.0,0.05561501397636572,0.07479412918189707,0.0,0.07407696680973641,0.061291483948294326
1978-10,0.0,0.0,0.0,0.0,0.0,0.0,0.0,0.0,0.0687542278985648,0.0,0.0,0.0,0.0,0.27606392666066004,0.0,0.0,0.0,0.03716810423755188,0.05336416021461266,0.090339613177866,0.0,0.0,0.0,0.0,0.0,0.0,0.0,-0.0582887200037588,0.0,0.0,0.0,0.0,0.0,0.0,0.0,0.0,0.0,0.0,0.0,0.0,0.0,0.09715265194814593,0.0,0.0,0.09990996310322298,0.10424524321580692,0.0,0.05427439572595911,0.052326307125922025,0.0,-0.06438042403835306,0.0771614214103649,0.0,0.055270392237416595,0.07499894002575683,0.0,0.07322360798279855,0.06258977801781246
1978-11,0.0,0.0,0.0,0.0,0.0,0.0,0.0,0.0,0.06866632211633636,0.0,0.0,0.0,0.0,0.2106411717728404,0.0,0.0,0.0,0.03568782476606607,0.05281513014246705,0.09280784716359841,0.0,0.0,0.0,0.0,0.0,0.0,0.0,-0.05763238037480155,0.0,0.0,0.0,0.0,0.0,0.0,0.0,0.0,0.0,0.0,0.0,0.0,0.0,0.09724921909157094,0.0,0.0,0.09555969674599551,0.10225999917939284,0.0,0.05567271570338414,0.05121934219244905,0.0,-0.06383439825269753,0.062051177326550334,0.0,0.05574743116399598,0.07531398365280129,0.0,0.07284864607772348,0.06818156904623084
1978-12,0.0,0.0,0.0,0.0,0.0,0.0,0.0,0.0,0.07896562594701156,0.0,0.0,0.0,0.0,0.19737624962449213,0.0,0.0,0.0,0.03972551148070397,0.05856621863002426,0.1056013155959212,0.0,0.0,0.0,0.0,0.0,0.0,0.0,-0.0646046828055941,0.0,0.0,0.0,0.0,0.0,0.0,0.0,0.0,0.0,0.0,0.0,0.0,0.0,-0.10942698056275625,0.0,0.0,0.09158030507132311,0.11478965548899095,0.0,0.06384790384459928,0.057456510946670904,0.0,-0.07201760030130826,0.06597694515168027,0.0,0.06256160017156799,0.08676349433975632,0.0,0.0835712837640068,0.0768326827902738
1979-01,0.0,0.0,0.0,0.0,0.0,0.0,0.0,0.0,0.07926586075885625,0.0,0.0,0.0,0.0,0.1927002101272245,0.0,0.0,0.0,0.0402994629501763,0.05920024689899885,0.10227562551614763,0.0,0.0,0.0,0.0,0.0,0.0,0.0,-0.06703457349553153,0.0,0.0,0.0,0.0,0.0,0.0,0.0,0.0,0.0,0.0,0.0,0.0,0.0,-0.11193997522383094,0.0,0.0,0.08562507420605532,0.11600203115987677,0.0,0.06519077075811294,0.058662342476404186,0.0,-0.07311910745431908,0.06615790811301533,0.0,0.06400464966191809,0.08797417022995542,0.0,0.08405281351793321,0.07695103819084417
1979-02,0.0,0.0,0.0,0.17726597570060415,0.0,0.0,0.0,-0.0,-0.076827704134203,0.0,0.0,0.0,0.0,0.18225848710167988,0.0,0.0,0.0,0.039381631375996304,0.05761348059559594,0.1001598041977564,0.0,0.0,0.0,0.0,0.0,0.0,0.0,-0.06572764267788118,0.1372589386815801,0.0,0.0,0.0,0.0,0.0,-0.0,0.0,0.0,0.0,0.0,0.0,0.0,-0.1094610969681874,0.0,0.0,0.08656443370040282,0.11126180943733709,0.0,0.06385716802817748,0.057358568275805016,0.0,-0.07222848086799454,0.0651208572052088,0.0,0.06254786151182301,0.0898024449000765,0.0,0.08246465622487022,0.07564464461603253
1979-03,0.0,0.0,0.0,0.1748626390447175,0.0,0.0,0.0,-0.0,-0.07614488352202146,0.0,0.0,0.0,0.0,0.1806549848112246,0.0,0.0,0.0,0.038590469228419494,0.0570641433769925,0.09915855161961752,0.0,0.0,0.0,0.0,0.0,0.0,0.0,-0.064834379425641,0.13605403679723901,0.0,0.0,0.0,0.0,0.0,-0.0,0.0,0.0,0.0,0.0,0.0,0.0,-0.10905160188670389,0.0,0.0,0.08507723179314473,0.10234713826615674,0.0,0.0632066331602769,0.05676191801180645,0.0,-0.07186289341995647,0.0644542700175485,0.0,0.0618032436002908,0.08818722371868151,0.0,0.08507093100941408,0.07543403770765988
1979-04,0.0,0.0,0.0,0.1803032862386301,0.0,0.0,0.0,-0.0,-0.07635186316167303,0.0,0.0,0.0,0.0,0.17820386095181473,0.0,0.0,-0.0,0.03836148653781416,0.05723289773348839,0.10028646805479169,0.0,0.0,0.0,0.0,0.0,0.0,0.0,-0.06475734049624084,0.13406517690713632,0.0,0.0,0.0,0.0,0.0,-0.0,0.0,0.0,0.0,0.0,0.0,0.0,-0.10868874154587242,0.0,0.0,0.08374752110550529,0.10195372417840232,0.0,0.06329710600933526,0.056583155347083476,0.0,-0.07222449892430433,0.06312227218007119,0.0,0.061669944526208303,0.08757988970595385,0.0,0.08967897282911802,0.07121716171305839
1979-05,0.0,0.0,0.0,0.18498428406696665,0.0,0.0,0.0,-0.0,-0.07832435764244229,0.0,0.0,0.0,0.0,0.17625502384977898,0.0,0.0,-0.0,0.03842395444675527,0.05779418378587162,0.10005956801872185,0.0,0.0,0.0,0.0,0.0,0.0,0.0,-0.06442742403095705,0.13289462271932628,0.0,0.0,0.0,0.0,0.0,-0.0,0.0,0.0,0.0,0.0,0.0,0.0,-0.10766696408674542,0.0,0.0,0.08368907354119356,0.10421050160357051,0.0,0.06267147807310822,0.05607712307641417,0.0,-0.0729598705959514,0.06482145564288702,0.0,0.06095734605703549,0.08619516905013033,0.0,0.08862499504457967,0.0713407096435378
1979-06,0.0,0.0,0.0,0.20148812271199903,0.0,0.0,0.0,-0.0,-0.08355194591982643,0.0,0.0,0.0,0.0,0.18739018747133385,0.0,0.0,-0.0,0.040451502027213905,0.06157704450647154,0.10863370127997046,0.0,0.0,0.0,0.0,0.0,0.0,0.0,-0.06788421138939787,0.13980159228055963,0.0,0.0,0.0,0.0,0.0,-0.0,0.0,0.0,0.0,0.0,0.0,0.0,-0.11615469714768539,0.0,0.0,0.08637904485739774,0.10786130788632345,0.0,0.06608359854810102,0.06544339842953378,0.0,-0.08082003894194063,0.0677228582567069,0.0,-0.06770564899717023,0.08871312819424655,0.0,0.09341712835815644,-0.07227404982392645
1979-07,0.0,0.0,0.0,0.1590871280095772,0.0,0.0,0.0,-0.0,-0.09591049611009918,0.0,0.0,0.0,0.0,0.14919674185671988,0.0,0.0,-0.0,-0.032839248048164,0.042354269615780024,0.08929924400103237,0.0,0.0,0.0,0.0,0.0,0.0,0.0,0.05425491958575279,0.1122185879918032,0.0,0.0,0.0,0.0,0.0,-0.0,0.0,0.0,0.0,0.0,0.0,0.0,0.08831915466779483,0.0,0.0,0.0701687064287339,0.0869473218784687,0.0,0.05478187811771403,0.05523377119049025,0.0,-0.06634944934297815,0.05412526034857827,0.0,0.05728391514698435,0.07450552600690388,0.0,0.06955001490668591,-0.05646250306160517
1979-08,0.0,0.0,0.0,0.17418666834711274,0.0,0.0,0.0,-0.0,-0.11533330212965663,0.0,0.0,0.0,0.0,0.16473621833734609,0.0,0.0,-0.0,-0.03625237268306668,0.046359703799690365,0.0963260439648007,0.0,0.0,0.0,0.0,0.0,0.0,0.0,0.06092462306631989,-0.12366735675224177,0.0,0.0,0.0,0.0,0.0,-0.0,0.0,0.0,0.0,0.0,0.0,0.0,0.0963269169767452,0.0,0.0,0.08065154856649186,0.09955958318576073,0.0,0.06072027558762738,0.062751466564046,0.0,-0.06891360329904642,0.0589657832612595,0.0,0.06451097506438201,0.08175360988992786,0.0,0.07789092709048338,-0.0643994603754807
1979-09,0.0,0.0,0.0,0.16732388291209133,0.0,0.0,0.0,-0.0,-0.11029757665566974,0.0,0.0,0.0,0.0,0.15828612667308856,0.0,0.0,-0.0,0.03519859468252819,0.04439261261600143,0.09059850875667876,0.0,0.0,0.0,0.0,0.0,0.0,0.0,0.06198682522518281,-0.11885822860681546,0.0,0.0,0.0,0.0,0.0,-0.0,0.0,0.0,0.0,0.0,0.0,0.0,0.09247510676150188,0.0,0.0,0.07978261159143585,0.09164712984771058,0.0,0.058894726372403554,0.06054752559943835,0.0,-0.06579242263910137,0.056638406640135086,0.0,0.06280985108709135,0.07430221279572334,0.0,0.07555253497339592,0.06023918063841546
1979-10,0.0,0.0,0.0,0.2076838799097394,0.0,0.0,0.0,0.0,-0.13216344554129184,0.0,0.0,0.0,0.0,0.1843920158360819,0.0,0.0,-0.0,0.041102463440317955,0.05226954947259993,0.10534660866165653,0.0,0.0,0.0,0.0,0.0,0.0,0.0,-0.07659860910973737,-0.13651289903331118,0.0,0.0,0.0,0.0,0.0,-0.0,0.0,0.0,0.0,0.0,0.0,0.0,0.10875660768630856,0.0,0.0,0.08396947498107807,0.058273948982492316,0.0,0.06902659362693889,0.07129727198364248,0.0,-0.0773627039635224,0.05742876171660603,0.0,0.073971717259517,0.0913306551150271,0.0,0.09197729418015202,-0.07255420254827087
1979-11,0.0,0.0,0.0,0.2026683025744153,0.0,0.0,0.0,-0.0,-0.13518917515930182,0.0,0.0,0.0,0.0,-0.18137351381816855,0.0,0.0,-0.0,-0.04115630920442524,0.052267802717536005,0.09759676232185692,0.0,0.0,0.0,0.0,0.0,0.0,0.0,0.06957534486560847,-0.13176345381841467,0.0,0.0,0.0,0.0,0.0,-0.0,0.0,0.0,0.0,0.0,0.0,0.0,0.10826771629425584,0.0,0.0,0.08298884782108491,0.05832711269050955,0.0,0.0692413236048662,-0.07077831258225391,0.0,-0.0768377153543081,0.055351042866318215,0.0,-0.07324696620998838,0.08904457718351405,0.0,0.09124700981456466,-0.0745563557411366
1979-12,0.0,0.0,0.0,0.2028323451655469,0.0,0.0,0.0,-0.0,-0.1362584897379139,0.0,0.0,0.0,0.0,0.17983493016197608,0.0,0.0,-0.0,-0.04120895448869257,0.05230585264980349,0.09791573675387824,0.0,0.0,0.0,0.0,0.0,0.0,0.0,0.06511463417329288,-0.13173308549638538,0.0,0.0,0.0,0.0,0.0,-0.0,0.0,0.0,0.0,0.0,0.0,0.0,0.10836903863598592,0.0,0.0,0.08252108134144337,0.05819872842922223,0.0,0.07052299282947343,-0.07009171978085871,0.0,-0.07698843150011331,0.05485726003529378,0.0,-0.07322315240999201,0.08955369982850718,0.0,0.09311808523540331,-0.07580264611655696
1980-01,0.0,0.0,0.0,0.1935486386497458,0.0,0.0,0.0,0.0,0.12685163029434882,0.0,0.0,0.0,0.0,0.17010394605342874,0.0,0.0,-0.0,-0.03954058860261333,0.049809598553021826,0.09239270813052665,0.0,0.0,0.0,0.0,0.0,0.0,0.0,0.06164626789178424,-0.1241397260398717,0.0,0.0,0.0,0.0,0.0,-0.0,0.0,0.0,0.0,0.0,0.0,0.0,0.10284169225621068,0.0,0.0,0.06917992422314036,0.04402718005999681,0.0,0.06525377214413292,-0.06611114549582477,0.0,-0.0741721377723939,0.04922368300353638,0.0,-0.06895213208991145,0.08418167724592117,0.0,0.0881015319550529,0.07574124900374528
1980-02,0.0,0.0,0.0,0.19735962719919967,0.0,0.0,0.0,0.0,0.11336821852172888,0.0,0.0,0.0,0.0,0.17420544140414634,0.0,0.0,-0.0,-0.06422833160486725,0.05033565865483657,0.09975576107774639,0.0,0.0,0.0,0.0,0.0,0.0,0.0,0.05406584354859291,-0.12634868290448395,0.0,0.0,0.0,0.0,0.0,-0.0,0.0,0.0,0.0,0.0,0.0,0.0,0.10415213750719526,0.0,0.0,0.06476728117832321,0.043902644081248984,0.0,0.06688060275988511,-0.06755026458916312,0.0,-0.07673449885340859,0.049090623465194765,0.0,-0.07047448389215771,0.08502076294858493,0.0,0.09008115258853866,-0.07638128722353883
1980-03,0.0,0.0,0.0,0.1838513240397135,0.0,0.0,0.0,0.0,0.1070654027872299,0.0,0.0,0.0,0.0,-0.16058681842283137,0.0,0.0,-0.0,-0.059703383934560546,0.04842262326436838,0.090154121377955,0.0,0.0,0.0,0.0,0.0,0.0,0.0,0.05047208960555529,-0.11610119998819843,0.0,0.0,0.0,0.0,0.0,-0.0,0.0,0.0,0.0,0.0,0.0,0.0,-0.0967282986121161,0.0,-0.0,0.058862287549210676,0.04084095705648336,0.0,-0.06196514335280597,-0.06327257905124739,0.0,-0.0714874034805764,0.0456887882566859,0.0,-0.06615263842881496,-0.08004135040203583,0.0,0.08257463373016831,-0.07047409924351233
1980-04,0.0,0.0,0.0,0.18128568898715314,0.0,0.0,0.0,-0.0,0.11021058969700047,0.0,0.0,0.0,0.0,-0.14781510997626499,0.0,0.0,-0.0,-0.06150272365802546,0.05076722582769766,0.0855707020639868,0.0,0.0,0.0,0.0,0.0,0.0,0.0,0.04927708309995435,-0.11364012610335579,0.0,0.0,0.0,0.0,0.0,-0.0,0.0,0.0,0.0,0.0,0.0,0.0,-0.09825107131723054,0.0,-0.0,0.05508803299466689,0.03494269692119103,0.0,-0.06595565375898409,-0.06577586578570081,0.0,-0.07268845175969751,0.039970967121595646,0.0,-0.06960596952965403,-0.07904999309770538,0.0,0.07909319619541078,-0.06707254256515283
1980-05,0.0,0.0,0.0,0.18811625201926746,0.0,0.0,0.0,-0.0,0.11631431214001774,0.0,0.0,0.0,0.0,0.14949365134632875,0.0,0.0,-0.0,-0.0648979077909563,0.05361284642270972,-0.08662644518072182,0.0,0.0,0.0,0.0,0.0,0.0,0.0,0.049685925770453596,-0.11453173935641349,0.0,0.0,0.0,0.0,0.0,-0.0,0.0,0.0,0.0,0.0,0.0,0.0,-0.10303772477682484,0.0,-0.0,0.05809370310497179,0.03434231929107179,0.0,-0.06957312138721375,-0.07272815090529257,0.0,-0.07596482271238172,0.04219018282984076,0.0,-0.07605341980828653,-0.08527658111545885,0.0,0.084379304987508,-0.07307896959270742
1980-06,0.0,0.0,0.0,0.17000075343368914,0.0,0.0,0.0,-0.0,0.10994289445136801,0.0,0.0,0.0,0.0,0.13656282576970447,0.0,0.0,-0.0,-0.06285509110127933,0.04960915909314297,0.07779311322292175,0.0,0.0,0.0,0.0,0.0,0.0,0.0,0.040363372571471795,-0.10454918324539562,0.0,0.0,0.0,0.0,0.0,-0.0,0.0,0.0,0.0,0.0,0.0,0.0,-0.09409807602546652,0.0,-0.0,0.05323046237699327,0.03145237309405434,0.0,-0.06391727422679008,-0.06693867160436662,0.0,-0.06788420685053581,0.03867533958212687,0.0,-0.06933694993303251,-0.07965244333511586,0.0,-0.07864306513166079,-0.06646706478127883
1980-07,0.0,0.0,0.0,0.16613483862905828,0.0,0.0,0.0,0.0,0.11053198982352115,0.0,0.0,0.0,0.0,-0.13347375174094597,0.0,0.0,-0.0,-0.06108098723563958,-0.04823763881717935,-0.07593061002080259,0.0,0.0,0.0,0.0,0.0,0.0,0.0,0.0397213462336902,-0.1021946889347971,0.0,0.0,0.0,0.0,0.0,-0.0,0.0,0.0,0.0,0.0,0.0,0.0,-0.09591354228787373,0.0,0.0,0.050750677370709076,0.03045946244981499,0.0,-0.06509444098816836,-0.07428416094980111,0.0,-0.06999869172231919,0.03760857385968448,0.0,-0.07786083790310258,-0.07809559038817301,0.0,-0.07672636505876147,0.061082193895466375
1980-08,0.0,0.0,0.0,0.1902163886173709,0.0,0.0,0.0,-0.0,0.11113639095867595,0.0,0.0,0.0,0.0,-0.15355201628229223,0.0,0.0,-0.0,-0.07763591152294406,-0.053064132619221514,-0.0878077383814743,0.0,0.0,0.0,0.0,0.0,0.0,0.0,0.04486325931586829,-0.11734942865603247,0.0,0.0,0.0,0.0,0.0,-0.0,0.0,0.0,0.0,0.0,0.0,0.0,0.10853925834455827,0.0,0.0,0.05782823092083837,0.0348139469850258,0.0,0.07940060302904936,-0.09133508422408614,0.0,0.08493139021253157,0.042872211963146625,0.0,-0.09690437777744058,0.09049880490232873,0.0,0.09131302870219024,0.07041163551635067
1980-09,0.0,0.0,0.0,0.18771072922875937,0.0,0.0,0.0,0.0,0.1083663777215645,0.0,0.0,0.0,0.0,-0.15399398234031175,0.0,0.0,-0.0,-0.07672398377389723,-0.05326595111099178,-0.08537782514348076,0.0,0.0,0.0,0.0,0.0,0.0,0.0,0.045027041702496697,-0.11735905060757053,0.0,0.0,0.0,0.0,0.0,-0.0,0.0,0.0,0.0,0.0,0.0,0.0,0.10888806503730974,0.0,-0.0,0.0578805813967223,0.03486597533454008,0.0,-0.0803875180500944,0.09490896359868575,0.0,-0.08513973966975769,0.0429877816437699,0.0,-0.09935950633677237,-0.0899158151342379,0.0,-0.09152422882785904,0.07093039465614089
1980-10,0.0,0.0,0.0,0.18728808858155102,0.0,0.0,0.0,-0.0,0.10698983768903267,0.0,0.0,0.0,0.0,-0.1536359060934874,0.0,0.0,0.0,-0.08168899828119511,-0.05348813135117657,-0.085245880463109,0.0,0.0,0.0,0.0,0.0,0.0,0.0,0.0449871589220376,-0.11738223645178249,0.0,0.0,0.0,0.0,0.0,-0.0,0.0,0.0,0.0,0.0,0.0,0.0,0.10970920123788097,0.0,-0.0,0.05789526936580486,0.03413285853406381,0.0,-0.07940663770869998,0.09479513805367457,0.0,-0.08527895132159215,0.04299036641782855,0.0,-0.09957323694489678,-0.09033142578907309,0.0,-0.09298138487148035,0.06903134375468394
1980-11,0.0,0.0,0.0,0.17933085960814213,0.0,0.0,0.0,0.0,0.10186346443389023,0.0,0.0,0.0,0.0,-0.14130850351020507,0.0,0.0,0.0,-0.07508090549242029,-0.05091376222645889,-0.08106335722344922,0.0,0.0,0.0,0.0,0.0,0.0,0.0,0.042340378204493774,-0.11063846828724673,0.0,0.0,0.0,0.0,0.0,-0.0,0.0,0.0,0.0,0.0,0.0,0.0,0.10239336210796852,0.0,-0.0,0.053763933091836046,0.03181893230329022,0.0,-0.07528186823615896,0.08498480787626174,0.0,0.07963967798249488,0.040102188028014754,0.0,0.09071788264120473,-0.08504111640848337,0.0,0.08725570252019615,0.06505937159471858
1980-12,0.0,0.0,0.0,0.17789630020642466,0.0,0.0,0.0,-0.0,0.10238922540724274,0.0,0.0,0.0,0.0,-0.14167633241897676,0.0,0.0,0.0,-0.07498481391892887,-0.05132070998637181,-0.08531864108302445,0.0,0.0,0.0,0.0,0.0,0.0,0.0,0.04108160462180109,-0.11123140230318804,0.0,0.0,0.0,0.0,0.0,-0.0,0.0,0.0,0.0,0.0,0.0,0.0,0.10225703779601836,0.0,-0.0,0.053913277497193254,0.03195834183137257,0.0,-0.07875410318880695,0.0850732806679707,0.0,0.08139429103064168,0.04019221769281666,0.0,0.09163160470821122,-0.08431123473390906,0.0,0.08697969060530736,0.06605399162846502
1981-01,0.0,0.0,0.0,0.19451677571623197,0.0,0.0,0.0,-0.0,0.10820285604163589,0.0,0.0,0.0,0.0,-0.15349802632573542,0.0,0.0,0.0,-0.08155389942281561,-0.05512447523293207,-0.087781686058637,0.0,0.0,0.0,0.0,0.0,0.0,0.0,0.042730064344855795,-0.12088821850195727,0.0,0.0,0.0,0.0,0.0,-0.0,0.0,0.0,0.0,0.0,0.0,0.0,0.1053376637411423,0.0,-0.0,0.05627148481143933,-0.03315649892810455,0.0,-0.0772898440382983,0.08303754845727042,0.0,0.08504048658549061,-0.04195303811739486,0.0,0.08865570100455793,-0.08893477583801546,0.0,-0.08970439273631634,-0.06687058029253073
1981-02,0.0,0.0,0.0,0.1387140988622289,0.0,0.0,0.0,-0.29548479493463325,0.07656615471736339,0.0,0.0,0.0,0.0,-0.10502332760757725,0.0,0.0,0.09904970840974145,0.03577037204072448,-0.03969768552333621,-0.0633916803318842,0.0,0.0,0.0,0.0,0.0,0.0,0.0,0.030386696291999384,-0.0844930923675912,0.0,0.0,0.0,0.0,0.0,-0.10884765517256656,0.0,0.0,0.0,0.0,0.0,0.0,0.07467742157800626,0.0,-0.0752328183993934,-0.03880457699620995,-0.02350171499253444,0.0,-0.05455986639677101,-0.05894187020500841,0.0,0.0612976686480237,-0.029187677086289984,0.0,-0.06226602457106003,-0.06253544995993109,0.0,-0.06397581567602256,-0.04873873315540516
1981-03,0.0,0.0,0.0,-0.12940925125642533,0.0,0.0,0.0,-0.29712282056486433,0.07699714267248527,0.0,0.0,0.0,0.0,-0.10726837097935894,0.0,0.0,0.09934099730103317,0.03647119999321781,-0.04005255061348911,-0.060172480384159094,0.0,0.0,0.0,0.0,0.0,0.0,0.0,-0.030571840163043266,-0.08888773295476761,0.0,0.0,0.0,0.0,0.0,-0.10703995499467463,0.0,0.0,0.0,0.0,0.0,0.0,0.07515323098479032,0.0,-0.07587021874812225,-0.03879616894920305,-0.023494083012963903,0.0,-0.0554913108872722,0.05917167179997898,0.0,0.06294093755218573,-0.02935591984189832,0.0,0.06279857775658154,-0.06326773864691894,0.0,-0.0641602079567906,-0.04855069314572505
1981-04,0.0,0.0,0.0,0.15135340483794085,0.0,0.0,0.0,-0.3406703297995863,0.08682501438137943,0.0,0.0,0.0,0.0,-0.12206862679167081,0.0,0.0,0.11840333977548198,0.04151335860182739,-0.0456670538344552,-0.06859074414696927,0.0,0.0,0.0,0.0,0.0,0.0,0.0,0.03463812380538004,-0.10123300715924997,0.0,0.0,0.0,0.0,0.0,-0.1211635133115074,0.0,0.0,0.0,0.0,0.0,0.0,0.09101016367362016,0.0,0.08750010541229164,-0.04414904103545989,-0.026738175032706434,0.0,0.06818354073994454,0.07220469006877636,0.0,0.0782456896561135,-0.0333576720529625,0.0,0.07797980383501404,-0.07479698764605225,0.0,-0.08179953063160425,0.05605522950113117
1981-05,0.0,0.0,0.0,-0.14828881138232503,0.0,0.0,0.0,-0.3412294727087463,0.08643736941459848,0.0,0.0,0.0,0.0,-0.12150182038520586,0.0,0.0,0.1187814719137652,0.04127472209363093,-0.04567473045853225,-0.06826115472890631,0.0,0.0,0.0,0.0,0.0,0.0,0.0,-0.03338697456395194,-0.10114882516294113,0.0,0.0,0.0,0.0,0.0,-0.11699297890981272,0.0,0.0,0.0,0.0,0.0,0.0,0.0913235502690882,0.0,0.0881467794808684,-0.044291793969354475,-0.026783775035082547,0.0,0.06800558353415889,0.07220626606351013,0.0,0.0782232555315852,-0.03332530909139526,0.0,0.07831578755016821,-0.07561070998123244,0.0,-0.0819590439829734,0.05608969438286921
1981-06,0.0,0.0,0.0,-0.1278268644530238,0.0,0.0,0.0,-0.30086036267100624,0.07603045541881152,0.0,0.0,0.0,0.0,-0.10467024180768604,0.0,0.0,-0.10367280368165856,0.036612493310181134,-0.04017883071258627,-0.059817476899324235,0.0,0.0,0.0,0.0,0.0,0.0,0.0,-0.029315398378182145,-0.08895408213478659,0.0,0.0,0.0,0.0,0.0,-0.10030652316256544,0.0,0.0,0.0,0.0,0.0,0.0,0.08294099129447967,0.0,-0.0800754394067223,-0.03893208449157906,-0.02348330731626819,0.0,-0.06007692963455779,0.06311010396439788,0.0,0.06891272764446064,-0.029776567930867456,0.0,0.0690583043339471,-0.06944794895578314,0.0,-0.07140952950386642,0.04887334517451798
1981-07,0.0,0.0,0.0,-0.09938427548404642,0.0,0.0,0.0,-0.2506238952734209,0.06402623977525504,0.0,0.0,0.0,0.0,-0.0868374688331775,0.0,0.0,-0.0913251757209724,0.03020223763333756,-0.032334895645171405,-0.049252395985081486,0.0,0.0,0.0,0.0,0.0,0.0,0.0,-0.024131561673430592,-0.07431925765889731,0.0,0.0,0.0,0.0,0.0,-0.08344692058297745,0.0,0.0,0.0,0.0,0.0,0.0,0.06885762166271021,0.0,-0.06768576833788192,-0.03167321015230757,-0.019147198099739457,0.0,-0.0511820208517977,-0.051839790668930304,0.0,0.05974629998210823,-0.02449929157703338,0.0,-0.05796303604887717,-0.06122503827817108,0.0,-0.05793694874692004,-0.04175693456085777
1981-08,0.0,0.0,0.0,-0.08374867705753722,0.0,0.0,0.0,-0.2050180945328511,-0.05389907248665004,0.0,0.0,0.0,0.0,-0.0736455141367653,0.0,0.0,-0.07966278870065868,0.025642318274467914,-0.024836693463171664,-0.0427603777026763,0.0,0.0,0.0,0.0,0.0,0.0,0.0,-0.020566306921346596,-0.06420596583986787,0.0,0.0,0.0,0.0,0.0,-0.07019240755650058,0.0,0.0,0.0,0.0,0.0,0.0,-0.06105719241464055,0.0,-0.05861794914683687,-0.026953460728579955,-0.01627135783239076,0.0,-0.04353881089334146,-0.044225470252851465,0.0,-0.05035275971873779,-0.020885234864963048,0.0,-0.049156540346358336,-0.05225521542858747,0.0,-0.048883883813369514,-0.03606516415003156
1981-09,0.0,0.0,0.0,-0.0842167023108742,0.0,0.0,0.0,-0.19741707252857876,-0.05209508479116159,0.0,0.0,0.0,0.0,-0.07425250893024726,0.0,0.0,-0.07920547336843511,0.02561442410396246,-0.02581415596747382,-0.04079715893440871,0.0,0.0,0.0,0.0,0.0,0.0,0.0,-0.019939438047621567,-0.066353801215248,0.0,0.0,0.0,0.0,0.0,-0.07016303569294165,0.0,0.0,0.0,0.0,0.0,0.0,-0.05860953380688715,0.0,-0.05858265792548287,-0.027069307105655836,-0.01636309533245028,0.0,-0.044278451815262854,-0.04281963656690608,0.0,-0.05095181122594023,-0.02101980358119641,0.0,-0.04831879062293442,-0.05235926664435869,0.0,-0.04922365717411036,-0.0362747633129872
1981-10,0.0,0.0,0.0,-0.0922025055750024,0.0,0.0,0.0,-0.22585409214753113,-0.056475598954109585,0.0,0.0,0.0,0.0,-0.08030290807548576,0.0,0.0,-0.08740605643407276,0.02820955887743859,0.02595200007627261,-0.042982227916806136,0.0,0.0,0.0,0.0,0.0,0.0,0.0,-0.02218262395622328,-0.07211222224380508,0.0,0.0,0.0,0.0,0.0,-0.07683486061152736,0.0,0.0,0.0,0.0,0.0,0.0,-0.06355581101990788,0.0,-0.06555848302422694,-0.02978367065822969,-0.017964786078180667,0.0,-0.04874040462596105,-0.04703815137846097,0.0,0.05671707454909787,-0.02311648360844167,0.0,-0.05310234415338823,-0.057607243005054876,0.0,-0.05429685871458932,-0.040901121002239686
1981-11,0.0,0.0,0.0,-0.09441312683532121,0.0,0.0,0.0,-0.23325731196027916,-0.057549122982395555,0.0,0.0,0.0,0.0,-0.0883592817625132,0.0,0.0,-0.0911461406985826,0.02959470059217127,0.025975648794456675,-0.043579901358290325,0.0,0.0,0.0,0.0,0.0,0.0,0.0,-0.02231650902906378,-0.06937833012893603,0.0,0.0,0.0,0.0,0.0,-0.07535028574642032,0.0,0.0,0.0,0.0,0.0,0.0,-0.0644964519444973,0.0,-0.06602947342323305,-0.030129990747882498,-0.01811417975122779,0.0,-0.04975400530774624,-0.04999239556162205,0.0,0.05418180658088364,-0.02494090843587395,0.0,-0.055331696887563495,-0.0582796768543688,0.0,-0.055053795793050475,-0.04120349400136364
1981-12,0.0,0.0,0.0,-0.09424019359786144,0.0,0.0,0.0,0.22181742157329662,-0.055439040821745986,0.0,0.0,0.0,0.0,-0.0936778257439352,0.0,0.0,-0.09037459494123759,0.02956381895065124,0.025564071940639095,-0.0411147975022475,0.0,0.0,0.0,0.0,0.0,0.0,0.0,-0.02199318809537429,-0.07682644360964745,0.0,0.0,0.0,0.0,0.0,-0.06696726971416272,0.0,0.0,0.0,0.0,0.0,0.0,-0.061627745702286775,0.0,-0.06792773441142037,-0.030899114052991623,-0.017661499787065084,0.0,-0.04860760203189568,-0.04932978297943336,0.0,-0.05431428684099735,-0.02488962008969635,0.0,-0.05451482538573564,-0.05805336427234667,0.0,-0.05414976776667527,-0.0398929679906626
1982-01,0.0,0.0,0.0,-0.10417984180947272,0.0,0.0,0.0,0.24111019973329537,-0.06013173385008252,0.0,0.0,0.0,0.0,-0.10513167055025695,0.0,0.0,-0.09689682450714575,0.031552297616508254,0.02727253680156831,-0.04529837168383231,0.0,0.0,0.0,0.0,0.0,0.0,0.0,-0.02354818903528963,-0.08553883117610096,0.0,0.0,0.0,0.0,0.0,-0.07095632687275699,0.0,0.0,0.0,0.0,0.0,0.0,-0.06587444170077955,0.0,-0.06346002348486675,-0.03398454421422269,-0.018903351222987207,0.0,-0.05141682867915283,-0.052835693734737746,0.0,0.05873230174606756,-0.026709095671537116,0.0,-0.0580492758417255,-0.058994827382379746,0.0,-0.056626270819891,-0.042798959766334306
1982-02,0.0,0.0,0.0,-0.10892947922745014,0.0,0.0,-0.0,0.25149001285375755,-0.06305104123155822,0.0,0.0,0.0,0.0,-0.10933554334745034,0.0,0.0,-0.10125226710657746,-0.03163983496830503,0.028242441993777175,-0.046535110053899854,0.0,0.0,0.0,-0.0,0.0,0.0,0.0,-0.024402192671130807,-0.09027361779766101,0.0,0.0,0.0,0.0,0.0,-0.07374913448339769,0.0,0.0,0.0,0.0,0.0,0.0,-0.06823559842869258,0.0,-0.06116634402661767,-0.03508613663189966,-0.0196444606783783,0.0,-0.05276503784276224,-0.054421598106671056,0.0,0.060590361625578265,-0.027780986239189707,0.0,-0.05961171325419574,-0.05797460943361562,0.0,-0.05867171918921516,-0.04233423877083644
1982-03,0.0,0.0,0.0,-0.10809697640400177,0.0,0.0,-0.0,-0.23909602610668534,-0.062327986271942845,0.0,0.0,0.0,0.0,-0.10876944204262019,0.0,0.0,-0.09938685858148072,-0.03145283623331357,0.02809355807574897,-0.04626162385810799,0.0,0.0,0.0,-0.0,0.0,0.0,0.0,-0.024265159619078058,-0.08980015834736,0.0,0.0,0.0,0.0,0.0,-0.07345916191252883,0.0,0.0,0.0,0.0,0.0,0.0,-0.0673373971684439,0.0,-0.06326169867187609,-0.03490115370263559,-0.019682480281077684,0.0,-0.053300999263505226,-0.05472375028945487,0.0,0.06092671306499479,-0.02774338889131418,0.0,-0.06018038872602158,0.0583921721400946,0.0,-0.05882769195000022,-0.04197923018826688
1982-04,0.0,0.0,0.0,-0.1086561141249426,0.0,0.0,-0.0,-0.25108586631053326,-0.06354652369382324,0.0,0.0,0.0,0.0,-0.10872922169459684,0.0,0.0,-0.09936134180744821,-0.030978742533098166,0.027942776798205123,-0.04624325008804565,0.0,0.0,0.0,-0.0,0.0,0.0,0.0,-0.024038083155819713,-0.08988664401751992,0.0,0.0,0.0,0.0,0.0,-0.07336101902985338,0.0,0.0,0.0,0.0,0.0,0.0,-0.06733864064437313,0.0,-0.06291953646667203,-0.03452659642492973,-0.019613620653822585,0.0,-0.053309331975158906,-0.05461463778203994,0.0,0.060793659894739165,-0.027683697097941024,0.0,-0.0600817489016351,0.057814949957213604,0.0,-0.0588710888066487,-0.041916243844720404
1982-05,0.0,0.0,0.0,-0.12573649944717116,0.0,0.0,-0.0,0.2962875161740737,-0.07406748268681344,0.0,0.0,0.0,0.0,-0.12441407902225085,0.0,0.0,-0.11568084722783076,-0.0360360003205115,0.0327178252213204,-0.053972571609058495,0.0,0.0,0.0,-0.0,0.0,0.0,0.0,-0.0275073745589955,-0.10464614780045416,0.0,0.0,0.0,0.0,0.0,-0.08495894406063993,0.0,0.0,0.0,0.0,0.0,0.0,-0.07902065497409766,0.0,-0.07363411473381988,-0.040131320135498964,-0.022818403951871565,0.0,-0.06149933023943427,-0.06402749248127027,0.0,0.07074512989627607,-0.03230819969694115,0.0,-0.07019781331630258,0.06917606650766596,0.0,-0.06976508833647052,0.048381978386272714
1982-06,0.0,0.0,0.0,-0.11940619534741381,0.0,0.0,-0.0,-0.27898795354264344,-0.06971176659811075,0.0,0.0,0.0,0.0,-0.11873826807243998,0.0,0.0,-0.10935429078665229,-0.03449125242840934,0.031135095713413472,-0.05187665029127082,0.0,0.0,0.0,-0.0,0.0,0.0,0.0,-0.02598493430780665,-0.09953890558254636,0.0,0.0,0.0,0.0,0.0,-0.08139589904806432,0.0,0.0,0.0,0.0,0.0,0.0,-0.07523422462929402,0.0,0.07251841176154218,-0.03859370669432794,-0.02174694652427531,0.0,-0.058544934764344594,-0.0610972421478221,0.0,0.06750788349982721,-0.030869198875813388,0.0,-0.06682787002186377,0.0669288705865974,0.0,-0.06712387956423196,0.04714337702607022
1982-07,0.0,0.0,0.0,-0.12340217847805121,0.0,0.0,-0.0,-0.26530322999902406,-0.0718392927187576,0.0,0.0,0.0,0.0,-0.12064529608862186,0.0,0.0,-0.10794037980498035,-0.034720197734966124,0.03593514274048868,-0.052791533681762204,0.0,0.0,0.0,-0.0,0.0,0.0,0.0,-0.026123174405792305,-0.10052595624155312,0.0,0.0,0.0,0.0,0.0,-0.08198129973530652,0.0,0.0,0.0,0.0,0.0,0.0,-0.08084934465595277,0.0,0.07355960173287716,-0.03873265128995097,-0.02183335890577081,0.0,-0.059084883881417645,-0.061512472153987696,0.0,0.06928225591896688,-0.03104543866755977,0.0,-0.06713686684264415,0.06650377486819571,0.0,-0.07725757098663856,0.04821959760858849
1982-08,0.0,0.0,0.0,-0.14225372681987578,0.0,0.0,-0.0,0.2829775204387816,-0.08040749131229158,0.0,0.0,0.0,0.0,-0.13633522793790712,0.0,0.0,-0.12191434455185043,-0.03933391109915891,0.04096721038388641,-0.06268473043987335,0.0,0.0,0.0,-0.0,0.0,0.0,0.0,-0.02948087442947545,-0.11353267506780632,0.0,0.0,0.0,0.0,0.0,0.09149554736637555,0.0,0.0,0.0,0.0,0.0,0.0,-0.09063547691197496,0.0,0.08350716698275595,-0.04345730950109806,-0.024579537836688155,0.0,-0.06670793326810903,-0.06954742554483613,0.0,0.08937019850481814,-0.035273903096826174,0.0,-0.07588850022320287,0.07774730036689453,0.0,-0.08760694093030412,0.053908209609241975
1982-09,0.0,0.0,0.0,-0.13248546462125155,0.0,0.0,-0.0,-0.25936957683818135,-0.07331159713408622,0.0,0.0,0.0,0.0,-0.12681454717409807,0.0,0.0,-0.11309589461511002,-0.03664824758772182,0.038401552610506394,-0.06002284173794204,0.0,0.0,0.0,-0.0,0.0,0.0,0.0,-0.02734360897070081,-0.10543590365447887,0.0,0.0,0.0,0.0,0.0,0.08235861888461832,0.0,0.0,0.0,0.0,0.0,0.0,-0.08274327572910088,0.0,0.08267151029078523,-0.03929800048327681,-0.02280829943572799,0.0,-0.06481648086006613,-0.06294326429597867,0.0,0.08299466873569392,-0.032763802941955585,0.0,-0.06965331626041969,0.07996312743766698,0.0,-0.08564051223116964,0.05166864648071072
1982-10,0.0,0.0,0.0,-0.13009011212180516,0.0,0.0,-0.0,0.2541298931738373,-0.0715932019576993,0.0,0.0,0.0,0.0,-0.12807118613058313,0.0,0.0,-0.11021985223679001,-0.035772580162564675,0.03679274810493107,-0.05976293893150699,0.0,0.0,0.0,-0.0,0.0,0.0,0.0,-0.02677931614006979,-0.10716725561531956,0.0,0.0,0.0,0.0,0.0,0.07843514627436987,0.0,0.0,0.0,0.0,0.0,0.0,-0.08081027302953407,0.0,0.08067022491990594,-0.04121299926753524,-0.02555225828066357,0.0,-0.06327837080654032,-0.061444942751481435,0.0,-0.07887356804841368,-0.03559178354858413,0.0,-0.06792855103446646,0.07751495660923216,0.0,-0.08108527165295804,0.05047453343958264
1982-11,0.0,0.0,0.0,-0.14334959238532166,0.0,0.0,-0.0,0.2779297832626363,-0.0769349818116292,0.0,0.0,0.0,0.0,-0.137670919199574,0.0,0.0,-0.11921074386269849,-0.03835979350916881,0.03935731022130306,-0.06240136783274946,0.0,0.0,0.0,-0.0,0.0,0.0,0.0,-0.029394612990564485,-0.11731650429247041,0.0,0.0,0.0,0.0,0.0,0.08427745393043036,0.0,0.0,0.0,0.0,0.0,0.0,-0.0874700582496186,0.0,0.08639558984678458,-0.044108952728944224,0.02662292512067746,0.0,-0.06778713402856859,-0.06615368300220184,0.0,-0.08771670240076952,-0.03693669706519314,0.0,-0.07422605036975317,0.08492817223225266,0.0,-0.08752280584907579,0.05334848190795799
1982-12,0.0,0.0,0.0,-0.1422729655031306,0.0,0.0,-0.0,-0.2633518564332714,-0.07277196007768276,0.0,0.0,0.0,0.0,-0.128901874854101,0.0,0.0,-0.10271696142357427,-0.036173147090875456,0.03720939605283326,-0.05821813372316307,0.0,0.0,0.0,-0.0,0.0,0.0,0.0,-0.028436892333596184,-0.1090501747075961,0.0,0.0,0.0,0.0,0.0,0.07965451313046247,0.0,0.0,0.0,0.0,0.0,0.0,-0.07911171945090159,0.0,0.08229947567270351,-0.04191326679443322,0.025262498812386656,0.0,-0.06453510719232074,-0.0619813173119176,0.0,-0.08071631099221718,-0.03517893994053385,0.0,-0.06928635196125588,0.07997165582252219,0.0,-0.08189751331100205,0.05026639822435364
1983-01,0.0,0.0,0.0,-0.15458465456551504,0.0,0.0,-0.0,-0.2831989364693159,-0.07974818783560807,0.0,0.0,0.0,0.0,-0.13516849549546955,0.0,0.0,-0.107944000061039,-0.03904652630432262,0.040768918214236664,-0.06306133154332046,0.0,0.0,0.0,-0.0,0.0,0.0,0.0,-0.03036756323586166,-0.11361978461574851,0.0,0.0,0.0,0.0,0.0,0.08587465281459034,0.0,0.0,0.0,0.0,0.0,0.0,-0.0852238821768064,0.0,0.08908415866586826,0.05027549296378799,0.03178622764219435,0.0,-0.07061203684303978,-0.06763977918729133,0.0,-0.08703181267100712,-0.041266289397025195,0.0,-0.07543414242882751,0.08666315269407436,0.0,-0.08855985207976294,0.054340124975299886
1983-02,0.0,0.0,0.0,-0.15663755355974687,0.0,0.0,-0.0,-0.29683719928645835,-0.09311329254935677,0.0,0.0,0.0,0.0,-0.13975265249621263,0.0,0.0,-0.11248009199428127,-0.04066683630541351,0.04291159137630739,-0.0662455870480962,0.0,0.0,0.0,-0.0,0.0,0.0,0.0,-0.03508270224470075,-0.11958654318692709,0.0,0.0,0.0,0.0,0.0,0.09302202017810281,0.0,0.0,0.0,0.0,0.0,0.0,-0.0853864726556304,0.0,0.0929179732597095,0.05823703461423857,0.03271172711216936,0.0,-0.07246052585449712,-0.07021236328085714,0.0,-0.09451779938850716,0.04165698462605204,0.0,-0.0779074555778228,0.09318954258998988,0.0,-0.09230699609024696,0.05719600303421491
1983-03,0.0,0.0,0.0,-0.15705522913941716,0.0,0.0,-0.0,0.2989169719610734,-0.09150027643487313,0.0,0.0,0.0,0.0,-0.13940231237955505,0.0,0.0,-0.11503093783635034,-0.0407505577583901,0.043264087400419184,-0.0662641531196592,0.0,0.0,0.0,-0.0,0.0,0.0,0.0,-0.03542376122393639,-0.120878802046363,0.0,0.0,0.0,0.0,0.0,0.09485519683008432,0.0,0.0,0.0,0.0,0.0,0.0,-0.08573851693623401,0.0,0.09175062642591567,0.05590962034765607,0.032294643727297505,0.0,-0.07242446520842684,-0.06984609357237136,0.0,-0.08550793776063416,0.040959368607552706,0.0,-0.07762333536435542,0.09104216003391323,0.0,-0.0911150736703104,0.0572860341056078
1983-04,0.0,0.0,0.0,-0.1625113548509063,0.0,0.0,-0.0,0.33749908415068414,-0.09141255101216099,0.0,0.0,0.0,0.0,-0.1553347815225164,0.0,0.0,-0.11737950184201605,-0.041546397664575754,0.04411027846131474,-0.06971470970048328,0.0,0.0,0.0,-0.0,0.0,0.0,0.0,-0.0361362694090347,-0.12938166137473403,0.0,0.0,0.0,0.0,0.0,0.09688463546780354,0.0,0.0,0.0,0.0,0.0,0.0,0.08377824464120989,0.0,0.10700977388758993,0.06162470282280815,0.03791595700655593,0.0,-0.07206692725944548,-0.07030432349055657,0.0,-0.08922989331001796,0.049087802655626435,0.0,-0.07835036514614742,0.0938929729319935,0.0,-0.0907329557182657,0.06173630524513543
1983-05,0.0,0.0,0.0,-0.15966810037899906,0.0,0.0,0.0,0.3357735931959979,-0.09057516310998938,0.0,0.0,0.0,0.0,-0.17178187006627552,0.0,0.0,-0.11879853617629328,-0.041526836554734894,0.0441375859698478,0.07043376627582516,0.0,0.0,0.0,0.0,0.0,0.0,0.0,-0.037837993729147625,-0.14547614146695048,0.0,0.0,0.0,0.0,0.0,0.1067936496024913,0.0,0.0,0.0,0.0,0.0,0.0,0.08413903130462227,0.0,-0.10713821420607746,0.061436221642225924,0.040933708072432906,0.0,-0.07130225618877026,-0.07038913866742448,0.0,-0.09123253576063522,0.048674983767158946,0.0,-0.07841766291356166,0.09265187712605863,0.0,-0.09154291129764779,-0.061318831912076203
1983-06,0.0,0.0,0.0,-0.1623730716744606,0.0,0.0,0.0,0.35331274022332765,-0.09046994299024026,0.0,0.0,0.0,0.0,-0.17178447034280214,0.0,0.0,-0.12441742659797264,0.04146154865009982,0.04409445777949051,0.06615684560122553,0.0,0.0,0.0,0.0,0.0,0.0,0.0,0.031024599251718753,-0.1454256610324054,0.0,0.0,0.0,0.0,0.0,0.1055057422699058,0.0,0.0,0.0,0.0,0.0,0.0,0.0836576122027123,0.0,-0.11076630323170718,0.06234661126704465,0.04095071200219356,0.0,-0.07192275992765627,-0.06949076584242077,0.0,-0.09125242424486082,0.04863862879595251,0.0,-0.07733531880445552,0.09266620505752819,0.0,-0.0914667350245055,-0.06134312265604764
1983-07,0.0,0.0,0.0,-0.1602362876960969,0.0,0.0,0.0,0.35444662491121626,-0.09062707061782953,0.0,0.0,0.0,0.0,-0.172853133397419,0.0,0.0,0.12468203596860583,-0.041569353542716146,0.04465017759973574,0.06495642955284466,0.0,0.0,0.0,0.0,0.0,0.0,0.0,0.030719559352083817,-0.14629023386184184,0.0,0.0,0.0,0.0,0.0,0.10586658366153612,0.0,0.0,0.0,0.0,0.0,0.0,0.08333914559306922,0.0,-0.1117728238446354,0.06833147348992485,0.042182758689135486,0.0,-0.07525411731836747,-0.07065920508597591,0.0,-0.09098940507628056,0.050338201254058454,0.0,-0.08000950980528318,0.09358801385562604,0.0,-0.09301181341121981,-0.06684059282698938
1983-08,0.0,0.0,0.0,-0.1602522584148826,0.0,0.0,0.0,0.35502121499117995,0.11182552416781907,0.0,0.0,0.0,0.0,-0.16999596468451128,0.0,0.0,0.12518489243518616,-0.041566834546557345,0.04691642244122277,0.06433120311857266,0.0,0.0,0.0,0.0,0.0,0.0,0.0,0.03085750332864316,-0.14617689262173938,0.0,0.0,0.0,0.0,0.0,0.10690682755577444,0.0,0.0,0.0,0.0,0.0,0.0,0.09013066774807432,0.0,-0.1125026952013165,0.06851436681770187,0.04234249846539209,0.0,0.07117329538601844,0.07408997032383689,0.0,-0.09242368288778292,0.05046563564483065,0.0,0.07953093495924177,0.09554290179098325,0.0,-0.09511897753656781,-0.07066017991167702
1983-09,0.0,0.0,0.0,-0.1677568005309569,0.0,0.0,0.0,0.35622848035521626,0.12233358721280387,0.0,0.0,0.0,0.0,-0.1705091511152311,0.0,0.0,0.12829570168870938,-0.0417998437730795,0.04779078402501109,-0.06289411738667317,0.0,0.0,0.0,0.0,0.0,0.0,0.0,0.030969679340859185,-0.14672116484385747,0.0,0.0,0.0,0.0,0.0,0.10733012085720457,0.0,0.0,0.0,0.0,0.0,0.0,0.0867028863545373,0.0,-0.10570177883482393,-0.06879078790503153,0.04247705252560357,0.0,0.04944460450869653,0.06710578650680539,0.0,-0.09051064957885653,0.050642159859106646,0.0,0.06454523563928999,0.09328082992163349,0.0,-0.0931218895183454,-0.06977956224016586
1983-10,0.0,0.0,0.0,-0.16777744550746385,0.0,0.0,0.0,0.358604865640624,0.12307099218831667,0.0,0.0,0.0,0.0,-0.16776099870328462,0.0,0.0,0.12855487154621245,-0.041875988863957304,0.04809491730442062,-0.06250110942119105,0.0,0.0,0.0,0.0,0.0,0.0,0.0,0.031453567724942295,-0.14475976599681956,0.0,0.0,0.0,0.0,0.0,0.10638400510401551,0.0,0.0,0.0,0.0,0.0,0.0,0.08680868802743916,0.0,-0.10084373878358947,-0.0696516483895513,0.045911199586642956,0.0,0.04949159122592572,0.06728246608319215,0.0,0.09040440596968707,0.0505169235838501,0.0,0.06424805327452851,0.09072418445449498,0.0,-0.09338999944732221,-0.07355450562937212
1983-11,0.0,0.0,0.0,-0.17069907904730688,0.0,0.0,0.0,0.3598463151373586,0.120837124841997,0.0,0.0,0.0,0.0,-0.17247265249208985,0.0,0.0,0.12853089268648518,0.04207508639803028,0.04813319955919185,-0.06078211300555005,0.0,0.0,0.0,0.0,0.0,0.0,0.0,0.03147529412235874,-0.14616949636224835,0.0,0.0,0.0,0.0,0.0,-0.10700312476825498,0.0,0.0,0.0,0.0,0.0,0.0,0.08900400047192258,0.0,-0.09998673695137504,-0.06958716004746213,-0.044231909223393914,0.0,0.048716632044693904,0.07232836543740004,0.0,-0.09091061768763846,0.05052128429454045,0.0,0.06581595431144253,0.09051956660998368,0.0,-0.09599952635285418,-0.07260762396591455
1983-12,0.0,0.0,0.0,-0.17102111010942192,0.0,0.0,0.0,0.36362870718120693,0.12098380191839754,0.0,0.0,0.0,0.0,-0.17227500654397923,0.0,0.0,0.12889560314145362,0.042225193140693375,0.048698234758895856,-0.05999948551838628,0.0,0.0,0.0,0.0,0.0,0.0,0.0,0.03174188957871794,-0.14622343838223267,0.0,0.0,0.0,0.0,0.0,-0.1069241848550739,0.0,0.0,0.0,0.0,0.0,0.0,0.09058377520720944,0.0,0.0982053559198559,-0.06829410294814456,-0.04333413907873311,0.0,0.04895973987372621,0.07226072979932086,0.0,-0.09294857436229108,0.04969635634174156,0.0,0.06575692604481416,0.09085335826459333,0.0,-0.09591217115338384,-0.07276665753827127
1984-01,0.0,0.0,0.0,-0.17143179400300768,0.0,0.0,0.0,-0.36314994283359625,0.12253439579493461,0.0,0.0,0.0,0.0,-0.1717361962228243,0.0,0.0,-0.13447352878585922,0.04156237564344762,0.04810743187587185,-0.05951161143109818,0.0,0.0,0.0,0.0,0.0,0.0,0.0,0.03142286843888154,-0.14668532705402584,0.0,0.0,0.0,0.0,0.0,-0.10649085317888377,0.0,0.0,0.0,0.0,0.0,0.0,0.09171636649939874,0.0,0.09655899464937506,-0.06799738394632832,-0.04391847214871407,0.0,0.049718674899317375,0.07720210495028529,0.0,-0.09401498585760444,0.049712084968358175,0.0,0.06885561958937135,0.0886405148677178,0.0,-0.09510319271604384,-0.07692164353075538
1984-02,0.0,0.0,0.0,-0.1574736206201398,0.0,0.0,0.044642385185800146,-0.3366240713819699,0.1156201550717946,0.0,0.0,0.0,0.0,-0.17219543923414804,0.0,0.0,-0.12493236710284913,0.06462968181182496,0.044822083236300665,-0.05529952698685437,0.0,0.0,0.0,0.14211775379511676,0.0,0.0,0.0,0.02923169245774486,-0.14394583390331261,0.0,0.0,0.0,0.0,0.0,0.09931100322081489,0.0,0.0,0.0,0.0,0.0,0.0,0.08609582385620483,0.0,0.0903380673232199,-0.06725520114097638,-0.04170207263265855,0.0,0.046294320995687845,0.07055938423030461,0.0,-0.08716108813936778,-0.04981027097547458,0.0,0.06354108505162938,0.0859308842407202,0.0,-0.08691542485084337,-0.07190058082803341
1984-03,0.0,0.0,0.0,-0.14890003228084475,0.0,0.0,0.04360059946844003,-0.3303498012505965,0.11287819648710243,0.0,0.0,-0.0,0.0,-0.14878986206505318,0.0,0.0,-0.12237894149029516,0.06286793816515258,0.043989949326903935,-0.05486595244013197,0.0,0.0,0.0,0.13929193416618732,0.0,0.0,0.0,-0.028467168799265842,-0.13866771769416406,0.0,0.0,0.0,-0.0,0.0,-0.09920534974560681,0.0,0.0,0.0,0.0,0.0,0.0,0.08430348145362934,0.0,0.08846246027550768,-0.06519276578729413,-0.04035159853104454,0.0,0.04541209231735345,0.06899470095178718,0.0,-0.08377208958290336,-0.04859383560039761,0.0,0.06206839410129892,0.08309354427535744,0.0,-0.08469693648665906,-0.0717630486288081
1984-04,0.0,0.0,0.0,-0.13824111962352073,0.0,0.0,0.04004114490656647,-0.300043653407222,0.10247816349071992,0.0,0.0,0.0,0.0,-0.13770557291587424,0.0,0.0,0.11118704195367973,0.05848426106889373,0.040714318460101116,-0.050788834988785614,0.0,0.0,0.0,0.1257209719651363,0.0,0.0,0.0,-0.026368860215536208,-0.12862293065308464,0.0,0.0,0.0,-0.0,0.0,-0.09136234431621575,0.0,0.0,0.0,0.0,0.0,0.0,0.0762015936131063,0.0,0.08100507869189351,-0.06129183404108785,-0.03736179450424118,0.0,0.04182955229912823,0.06403080516612203,0.0,0.07362403416548483,-0.045864998782953255,0.0,0.057425059784376405,0.07717299560227149,0.0,-0.07104399008666196,0.06495444676514237
1984-05,0.0,0.0,0.0,-0.15443966149273247,0.0,0.0,0.0444819186635777,-0.33031421529990934,0.11327085155842355,0.0,0.0,-0.0,0.0,-0.15044264465571613,0.0,0.0,0.12320314735062815,0.0646847822596483,0.04507146468385991,-0.05360064894747002,0.0,0.0,0.0,0.14045299515944915,0.0,0.0,0.0,-0.02956289502296928,-0.1425242529046518,-0.0,0.0,0.0,-0.0,0.0,-0.10503267312676265,0.0,0.0,0.0,0.0,0.0,0.0,0.08404905529836858,0.0,0.08960508469815963,-0.06822863316150503,-0.04114299247275375,0.0,0.0458841594162111,-0.06957454563881497,0.0,-0.08025806247308598,-0.05111489606762109,0.0,0.06338487257968481,0.08437326574607484,0.0,-0.07850750953284115,0.07156828137541763
1984-06,0.0,0.0,0.0,-0.13459865388951364,0.0,0.0,0.039468748235983966,-0.285616617459441,0.0971898750107374,0.0,0.0,-0.0,0.0,-0.13440818873895474,0.0,0.0,-0.10736696907793994,0.05587426720940789,0.039793291121548224,-0.04603034297636472,0.0,0.0,0.0,0.12155140626679113,0.0,0.0,0.0,-0.025733855161959373,-0.12411720567743921,-0.0,0.0,0.0,-0.0,0.0,-0.08876530497642564,0.0,0.0,0.0,0.0,0.0,0.0,0.07290704512047566,0.0,0.07763374302333256,-0.05884692401477619,-0.0355931877557807,0.0,0.0388499161260018,0.06033082943953911,0.0,0.06806065455061071,-0.04419923988907697,0.0,0.05394383202240809,0.07297690951033806,0.0,-0.06762498580934505,0.062189594420094516
1984-07,0.0,0.0,0.0,-0.15896642680219086,0.0,0.0,0.04378108920935567,-0.3085078379739143,-0.10321809944569271,0.0,0.0,-0.0,0.0,-0.14892583296746106,0.0,0.0,-0.1185408449343534,0.06588678679358015,0.04756688175415874,-0.04946586839618231,0.0,0.0,0.0,0.14387293281894198,0.0,0.0,0.0,-0.028547938186405324,-0.13529634538855545,-0.0,0.0,0.0,-0.0,0.0,-0.09826557335229237,0.0,0.0,0.0,0.0,0.0,0.0,0.08232278838669765,0.0,0.08589187440454232,-0.06769625693007306,-0.04086574653821809,0.0,0.04172218039466589,-0.06707554782962012,0.0,0.07722759556364774,-0.050068109939598766,0.0,0.05805668057065858,0.08052314696722752,0.0,-0.07673829548557312,0.07043764899922401
1984-08,0.0,0.0,0.0,-0.15680847124721234,0.0,0.0,-0.04836904767357133,-0.3170881638641636,-0.09780023742875169,0.0,0.0,0.0,0.0,-0.1435879589637533,0.0,0.0,-0.1180494919103649,0.06443739213190315,0.05601896497767385,-0.048122050262742085,0.0,0.0,0.0,0.1401236148409754,0.0,0.0,0.0,-0.027894934848722616,-0.13066545008666805,-0.0,0.0,0.0,-0.0,0.0,-0.09379651144907682,0.0,0.0,0.0,0.0,-0.0,0.0,-0.07683938860273373,0.0,0.0837665277743264,-0.06488097523923546,-0.038718647312817794,0.0,0.03975015019351567,-0.06217965988178114,0.0,-0.07524970898786222,-0.04758502027813819,0.0,-0.05370240595530118,0.0783705343724202,0.0,-0.07624455147660252,0.06708295113714557
1984-09,0.0,0.0,0.0,-0.1367760421704849,0.0,0.0,0.03776477057846063,-0.29219766491853544,-0.09056117477288601,0.0,0.0,0.0,0.0,-0.12563064975932708,0.0,0.0,-0.10396942421165338,0.057696841676081155,0.052975173292375596,-0.0430813852496497,0.0,0.0,0.0,-0.11767132353691676,0.0,0.0,0.0,-0.025125633482577008,-0.11324639895216296,-0.0,0.0,0.0,0.0,0.0,-0.08433614851036667,0.0,0.0,0.0,0.0,-0.0,0.0,-0.07042115316821423,0.0,0.0734635657027367,-0.05721636435787604,-0.03399115325854691,0.0,-0.035350338226191144,-0.056165296036281544,0.0,-0.06572425956923106,-0.041743083263769805,0.0,-0.04766452526350913,0.06852793258297595,0.0,-0.06690124965254311,-0.0586852692289446
1984-10,0.0,0.0,0.0,-0.1310829948090874,0.0,0.0,0.03718397483539277,-0.28331678050702447,-0.09164537617902621,0.0,0.0,0.0,0.0,-0.12436267227036531,0.0,0.0,-0.10260331141388984,0.05696529418358611,0.0693863546721873,-0.043954158743771975,0.0,0.0,0.0,-0.11641292879255746,0.0,0.0,0.0,-0.02484196915973747,-0.12120313285942902,-0.0,0.0,0.0,-0.0,0.0,-0.08436643260045426,0.0,0.0,0.0,0.0,0.0,0.0,-0.07081799882708814,0.0,0.07272786270169845,-0.05666077408728464,-0.03367395806852679,0.0,-0.03490099168604909,-0.05521966488349802,0.0,-0.06511028626361433,-0.041244990136241305,0.0,-0.04684794082834602,0.06771836251266564,0.0,-0.0665982409174896,-0.05745813780489072
1984-11,0.0,0.0,0.0,-0.14746764187952804,0.0,0.0,0.04085824062237837,-0.3061666356583885,-0.09748690246312824,0.0,0.0,0.0,0.0,-0.13850579199796778,0.0,0.0,-0.11040301229362261,0.06192092645778666,0.07685735238432632,-0.04677693782296964,0.0,0.0,0.0,-0.126324539463163,0.0,0.0,0.0,-0.026523609551038035,-0.15110795165568083,-0.0,0.0,0.0,0.0,0.0,0.09053100146512823,0.0,0.0,0.0,0.0,0.0,0.0,-0.07616063514964337,0.0,0.07768380224056554,-0.06084303655043539,-0.03619620488286155,0.0,0.03720895963695804,-0.059071284828701116,0.0,-0.07381598583636154,-0.044397619255681676,0.0,-0.05009546580770048,0.07349322718693618,0.0,-0.0713036610206403,-0.061438576709114456
1984-12,0.0,0.0,0.0,-0.179200367573064,0.0,0.0,0.046707420949677156,-0.3667945377558285,-0.11410337062368074,0.0,0.0,0.0,0.0,-0.15738562009946216,0.0,0.0,-0.13736562477746941,0.07105206888384938,0.08891283978444792,-0.055527606594735955,0.0,0.0,0.0,-0.1415324053851639,0.0,0.0,0.0,-0.030421761595703072,-0.1752081493428991,-0.0,0.0,0.0,0.0,0.0,0.11428616981264696,0.0,0.0,0.0,0.0,-0.0,0.0,-0.09021797262819312,0.0,0.08855488677644997,-0.07004732164964009,-0.041919313882819324,0.0,0.04287541361382785,-0.06753485449946911,0.0,0.084195577823607,-0.05088941784187394,0.0,-0.05733872669527808,0.08355176481252523,0.0,0.08220261850381562,0.07049364536960653
1985-01,0.0,0.0,0.0,-0.14305179115837266,0.0,0.0,-0.037719671822432785,-0.29373614595198383,-0.09161494663748056,0.0,0.0,0.0,0.0,-0.12620205246088684,0.0,0.0,-0.11058838360099243,0.05729358673666041,0.07254223613802534,-0.04448303165627424,0.0,0.0,0.0,-0.1167714693829215,0.0,0.0,0.0,-0.024053628898920133,-0.1408278337558453,-0.0,0.0,0.0,0.0,0.0,0.09500985508832961,0.0,0.0,0.0,0.0,-0.0,0.0,-0.07244569148991956,0.0,0.08665104813915318,-0.0556047500375288,-0.03322925287088508,0.0,0.034676540961974235,-0.05333453883009699,0.0,-0.06765492122581096,-0.040520690377143016,0.0,-0.04590604038437766,0.07398422465952267,0.0,-0.0688228562938531,-0.057075601877858435
1985-02,0.0,0.0,0.0,-0.166604789392823,0.0,0.0,0.043650355585523125,-0.3444003469368465,-0.10778963462133004,0.0,0.0,0.0,0.0,-0.14889571759454462,0.0,0.0,-0.13142230974879682,0.07335387720066677,0.08546443794139903,-0.0522306316040729,0.0,0.0,0.0,-0.13671787516349623,0.0,0.0,0.0,-0.02813674297626814,-0.1649492980733148,0.0,0.0,0.0,0.0,0.0,0.11143834334822214,0.0,0.0,0.0,0.0,-0.0,0.0,-0.0848245030784801,0.0,0.12001502274664734,-0.0653126408910896,-0.038900017227124294,0.0,0.040286326291130554,-0.06294294072863288,0.0,-0.08001710816944128,-0.04743274662548906,0.0,-0.05397643878944882,0.09840298203389877,-0.0,0.08063261903338785,-0.07507378791704528
1985-03,0.0,0.0,0.0,-0.17347477814235038,0.0,0.0,0.04556541144297293,-0.3396640066021153,-0.11488341351005603,0.0,0.0,0.0,0.0,-0.15216451761860444,0.0,0.0,-0.14077150666024268,0.08080657268974877,0.08844563584471253,-0.05472972571894723,0.0,0.0,0.0,-0.1431283524344563,0.0,0.0,0.0,-0.029514560042169367,-0.16582099972398465,0.0,0.0,0.0,0.0,0.0,0.11233202163914471,0.0,0.0,0.0,0.0,-0.0,0.0,-0.0902624657124465,0.0,0.12345678364539533,-0.06873959161495612,-0.04039856717006015,0.0,0.04279028705298947,-0.06407774900921585,0.0,0.0840323072345861,-0.04917361081099463,0.0,-0.0565044853298413,-0.1016598843312355,-0.0,0.08562067535318003,-0.08003318953244927
1985-04,0.0,0.0,0.0,-0.09899555583078219,0.0,0.0,0.03922345552834937,-0.2821510109565415,-0.09503723987119216,0.0,0.0,0.0,0.0,-0.11196739550615446,0.0,0.0,-0.12015795177931594,-0.07349631082842777,0.07995246203920153,-0.04525459776212072,0.0,0.0,0.0,-0.12054559481115938,0.0,0.0,0.0,-0.025187845967716723,-0.11433189991008441,0.0,0.0,0.0,0.0,0.0,0.0951684697513449,0.0,0.0,0.0,0.0,-0.0,0.0,-0.07630533715642639,0.0,0.10545646518283079,-0.056007394146431654,-0.033283565102360455,0.0,0.035934997670234385,-0.05367676950255656,0.0,-0.07174303616056905,-0.040859229320503725,0.0,-0.04765235880355386,-0.08800614163855669,-0.0,-0.07117937910953454,-0.07179268565885015
1985-05,0.0,0.0,0.0,-0.11093408674629286,0.0,0.0,0.043183448133226755,-0.3158580277461019,-0.1061241625103783,0.0,0.0,0.0,0.0,-0.12672645546289596,0.0,0.0,-0.13762054084391376,-0.08146288570569445,0.09207045934998616,-0.04904594182590521,0.0,0.0,0.0,-0.1340640481201733,0.0,0.0,0.0,-0.028252824710402153,-0.12721966610485996,0.09914251568693055,0.0,0.0,0.0,0.0,0.10594615097905669,0.0,0.0,0.0,0.0,-0.0,0.0,-0.08485911292517216,0.0,0.11564089496296395,-0.06226838171114494,-0.03685449725451644,0.0,0.03986180270352841,-0.05805078595639319,0.0,-0.0795805318851008,-0.045309988391492424,0.0,-0.05304363504171359,-0.09532646394608459,-0.0,0.07914450096417115,-0.0810950943492005
1985-06,0.0,0.0,0.0,-0.09008886130092338,0.0,0.0,-0.03698919174600995,-0.27313032914266605,-0.0905705246810505,0.0,0.0,0.0,0.0,-0.10498372229776287,0.0,0.0,-0.1174729255926924,-0.0658989549612436,0.07875098060199026,-0.04031037666375135,0.0,0.0,0.0,-0.1143536391331961,0.0,0.0,0.0,-0.023825318029930036,-0.10603777074127152,0.08526953044658352,0.0,0.0,0.0,0.0,0.08382892171634011,0.0,0.0,0.0,0.0,-0.0,0.0,-0.07185854665472069,0.0,0.09701475189163473,-0.052973256905765244,-0.031309599465450096,0.0,0.03351769567388178,-0.048725272000189036,0.0,-0.06660651189905407,-0.03866529203969994,0.0,-0.04459074284169308,-0.08102092263440794,-0.0,-0.06721042144654606,-0.06776784464194321
1985-07,0.0,0.0,0.0,-0.09671990343909885,0.0,0.0,0.03990275471038494,-0.3194651174779882,-0.09890225504893432,0.0,0.0,0.0,0.0,-0.11489946843844244,0.0,0.0,-0.13129007868756357,-0.07075260391744284,0.08471190554354711,-0.04332493336354619,0.0,0.0,0.0,-0.12296223381841366,0.0,0.0,0.0,-0.025599534758493137,-0.11646056363636752,0.09168743383634366,0.0,0.0,0.0,0.0,0.09187696976964181,0.0,0.0,0.0,0.0,-0.0,0.0,-0.07744900436370986,0.0,-0.10377041861868339,-0.057143747396414715,-0.033765081250379116,0.0,0.0360584636946814,-0.052253551618266586,0.0,-0.07184648278501447,-0.041700583617436934,0.0,-0.04803165863758248,-0.0870908975599692,0.0,-0.07230049360632954,-0.07411333525440658
1985-08,0.0,0.0,0.0,0.10326861389995375,0.0,0.0,0.04600614914034141,-0.4045487717398697,-0.11452574272894886,0.0,0.0,0.0,0.0,0.11904633075255197,0.0,0.0,0.14465190750121562,-0.08077386979447576,0.09515142568185286,-0.049365871790995115,0.0,0.0,0.0,-0.1323549170727776,0.0,0.0,0.0,-0.024802243299862827,0.11449162690976716,0.10657165882862192,0.0,0.0,0.0,0.0,0.10473832545656266,0.0,0.0,0.0,0.0,-0.0,0.0,-0.08676679772719907,0.0,-0.11347964946206845,-0.06643806651886691,-0.039029401588316484,0.0,0.040770184105329024,-0.05982787634612674,0.0,-0.07891460179532858,-0.04731287208036893,0.0,-0.05478351425474637,-0.09399038103284411,0.0,-0.08098163458207061,-0.08601501283570506
1985-09,0.0,0.0,0.0,0.10323137829431023,0.0,0.0,0.045987730267295975,-0.4161241993394161,-0.11879370855104844,0.0,0.0,0.0,0.0,-0.11909608301263558,0.0,0.0,-0.14450857582183652,-0.08137784100438122,-0.09711568812016064,-0.0495571191166706,0.0,0.0,0.0,-0.13260625647254276,0.0,0.0,0.0,-0.024845959460363557,0.11450114876807124,0.11482401988529799,0.0,0.0,0.0,0.0,0.10734032558471875,0.0,0.0,0.0,0.0,-0.0,0.0,-0.0896720492454095,0.0,-0.11356756288301674,-0.07518820425076059,-0.0403551763781765,0.0,0.040241312972597,-0.0609983359545708,0.0,-0.07778955418189076,-0.046039628471048824,0.0,-0.05533888127965003,-0.09406067795071107,0.0,-0.07951490782095183,-0.08397913686586066
1985-10,0.0,0.0,0.0,0.10324813415045252,0.0,0.0,0.04601551027838781,-0.41858785259366843,-0.11827721800693111,0.0,0.0,0.0,0.0,0.1162012349017063,0.0,0.0,0.12812501668370965,-0.08201577519723477,0.11208116674123464,-0.04920784951692879,0.0,0.0,0.0,-0.13174771147164518,0.0,0.0,0.0,-0.024797506287307338,0.11218255726590498,0.11278809372898461,0.0,0.0,0.0,0.0,0.11046155312262049,0.0,0.0,0.0,0.0,-0.0,0.0,-0.09012530715946562,0.0,0.10700674021293125,-0.07512199787761027,-0.04035873704941267,0.0,0.040324984460008664,-0.06079003932184517,0.0,-0.07919705726097763,-0.04610474834201127,0.0,-0.05551367644704955,-0.09536280075445605,0.0,-0.0823117682398121,-0.07572269518538279
1985-11,0.0,0.0,0.0,0.0996376534643901,0.0,0.0,0.0453499630121543,-0.41782971330929713,-0.11266274290821966,0.0,0.0,0.0,0.0,0.11293541090794493,0.0,0.0,0.12695803683742962,-0.07269448060263815,0.0910117242609487,-0.04885916572726661,0.0,0.0,0.0,-0.12444521890809042,0.0,0.0,0.0,-0.024259865666161746,0.109344425082718,0.12741434782392347,0.0,0.0,0.0,0.0,0.11191504488989652,0.0,0.0,0.0,0.0,-0.0,0.0,-0.08827856096831056,0.0,0.10352450665720217,-0.07433856635450099,-0.04233501397914162,0.0,-0.03916179223776857,-0.05806339736887736,0.0,-0.07734422055489203,-0.04832607501203441,0.0,-0.05421187408124664,-0.09043309565609015,0.0,-0.0770608259550733,0.07364420469358808
1985-12,0.0,0.0,0.0,0.10139011115918431,0.0,0.0,0.04643246948027702,-0.4250197667045716,-0.11402645085863974,0.0,0.0,0.0,0.0,0.11570954251874138,0.0,0.0,0.14806842313140606,-0.07434427334453124,0.09277744298314385,-0.05048197407403828,0.0,0.0,0.0,-0.1274515902270384,0.0,0.0,0.0,0.024911761338671328,0.11280912681789289,0.12528081795378887,0.0,0.0,0.0,0.0,0.11382950728851218,0.0,0.0,0.0,0.0,-0.0,0.0,-0.093677300705619,0.0,-0.10579410853113234,-0.07725187155389532,-0.04335346428342394,0.0,-0.039978229961440896,-0.06106082035613514,0.0,-0.08182256733740344,0.049814804564063,0.0,-0.05561568287179809,-0.0925696415462083,0.0,0.07908832431870214,-0.07678211738610578
1986-01,0.0,0.0,0.0,0.10095221818355696,0.0,0.0,0.04685314677278018,-0.432489721392713,-0.11298999565897748,0.0,0.0,0.0,0.0,0.11693816473472253,0.0,0.0,0.15838047243165804,-0.07315233311044118,0.0528535942617026,-0.05046568965945944,0.0,0.0,0.0,-0.1274432430218463,0.0,0.0,0.0,0.025141494994282858,0.11619104092688871,0.12429138866966669,0.0,0.0,0.0,0.0,0.1113498569175546,0.0,0.0,0.0,0.0,-0.0,0.0,0.09363866593079785,0.0,-0.10547237692770627,0.07720742645746617,-0.043817943821972176,0.0,-0.03970606291660509,-0.06091500778361911,0.0,-0.0798915061074475,0.04985417991593745,0.0,-0.055093469228086035,-0.09031747993727464,0.0,0.07942129386955696,-0.07680876277492209
1986-02,0.0,0.0,0.0,0.09224067085300271,0.0,0.0,-0.042206627308026844,-0.3757357476067615,-0.09952740098014273,0.0,0.0,0.0,0.0,0.10504463111969646,0.0,0.0,0.13940725432437417,-0.06088125087603092,0.04571834550739328,-0.045383594452370606,0.0,0.0,0.0,-0.10786847718730884,0.0,0.0,0.0,0.022284351138254874,0.10281816405096987,0.11134767864412876,0.0,0.0,0.14060854429572428,0.0,0.10096630688066499,0.0,0.0,0.0,0.0,-0.04607169775020714,0.0,-0.08727831861760996,0.0,-0.09388748849065874,0.07343874882098154,-0.044813016118839075,0.0,-0.034832358214405015,-0.05446428870812562,0.0,-0.06767784513559319,0.05113958838161882,0.0,-0.04922266935827416,-0.07977314034590337,0.0,-0.07031235756239271,-0.06788797723451903
1986-03,0.0,0.0,0.0,0.09504821882897335,0.0,0.0,-0.043520800845153855,-0.3930760802827112,0.10409243934714298,0.0,0.0,0.0,0.0,0.10393772665374101,0.0,0.0,0.13591694989435668,-0.06277834019556258,0.04595621755048728,0.04537308359700047,0.0,0.0,0.0,-0.11306460433903599,0.0,0.0,0.0,0.02303845707637799,0.10193447597025636,0.111580636927358,0.0,0.0,0.13941285832040762,0.0,0.09640361960748157,0.0,0.0,0.0,0.0,-0.05454056630967759,-0.0,-0.08816722268040894,0.0,-0.09892129372970046,0.08932833296487958,-0.04828317727379206,0.0,-0.03521249523988924,0.0563173576428395,0.0,-0.07690870009068242,0.05747313737216522,0.0,-0.05137366898205542,-0.08486164145122235,-0.0,0.07486023145981424,-0.06863132348575021
1986-04,0.0,0.0,0.0,0.09433233526650715,0.0,0.0,-0.04277073878758648,-0.35673386138295254,0.10593605237913446,0.0,0.0,0.0,0.0,0.10115781514740936,0.0,0.0,0.13528184365108054,-0.059292954040594474,0.0456956392384819,0.04290302577508094,0.0,0.0,0.0,-0.12308683609467948,0.0,0.0,0.0,0.021076786933069525,0.10051965557876834,0.1087278377210736,0.0,0.0,0.1366903701578694,0.0,0.09206037335939958,0.0,0.0,0.0,0.0,-0.054304535328129275,-0.0,-0.0952334257925157,0.0,-0.097043396605631,-0.0888158079646336,-0.0480764590914912,0.0,-0.03491293748204015,-0.0583010169903941,0.0,-0.07646409673184221,0.057232553164271976,0.0,-0.05265269783037591,-0.08683977389718497,-0.0,0.07871431836988782,-0.06771263997472567
1986-05,0.0,0.0,0.0,0.09207233110329918,0.0,0.0,-0.042120046825321646,0.33764365936993296,0.1070771372114846,0.0,0.0,0.0,0.0,0.09528905222167733,0.0,0.0,0.12869554854846876,-0.057832047735784015,0.0438764125822087,0.04220138286122901,0.0,0.0,0.0,0.11188922170310613,0.0,0.0,0.0,0.020615992608182167,0.09492839831256834,0.11135077326267845,0.0,0.0,0.1336628794293259,0.0,0.08982466822467006,0.0,0.0,0.0,0.0,-0.05927573780964985,-0.0,-0.09210424871562888,0.0,-0.09396976937024532,0.08601070604020275,-0.04905263606501102,0.0,-0.03406609960742127,0.056507651158438754,0.0,-0.07365843588818302,0.05643037962813529,0.0,-0.051262615333245415,-0.0858262408889926,-0.0,0.07375964702383225,0.06569665646787505
1986-06,0.0,0.0,0.0,0.0898491027606774,0.0,0.0,-0.041735712053120246,0.33228121057821347,0.10872561870023524,0.0,0.0,0.0,0.0,0.09194398232035161,0.0,0.0,0.12435977453608224,-0.05645227167825243,0.04014876194489618,0.044577094404343105,0.0,0.0,0.0,-0.09166315907287859,0.0,0.0,0.0,0.02512663123679224,0.09131034880923487,0.10725637097078534,0.0,0.0,0.1293721069654618,0.0,0.08704321002398518,0.0,0.0,0.0,0.0,0.058700888690191855,-0.0,0.09173948805510594,0.0,-0.09238976877462603,0.08541597168282575,-0.04911177256921596,0.0,-0.03343354992240576,0.05563924193893218,0.0,-0.06965400831218438,0.056063345354521434,0.0,-0.05080716419109659,-0.08362865031626306,-0.0,0.06599587673597648,0.06423913854415152
1986-07,0.0,0.0,0.0,0.08935764866805507,0.0,0.0,-0.04148981536507044,0.33107799726017856,0.10613801155710255,0.0,0.0,0.0,0.0,0.08918800454058122,0.0,0.0,0.11784871147655002,-0.05604040411592691,0.03917237744991551,0.0449265775486362,0.0,0.0,0.0,-0.09074308449096921,0.0,0.0,0.0,0.025138895072509618,0.08611364002878495,0.108310679703374,0.0,0.0,0.1260273476359357,0.0,0.08456227250141614,0.0,0.0,0.0,0.0,0.05876668725598705,-0.0,-0.08835118755837909,0.0,-0.08612424243129489,0.0848654053471359,-0.04970316888616011,0.0,-0.033077106743695676,0.055346869041993624,0.0,-0.0699854134739022,0.05634987454054155,0.0,-0.05033607369023326,-0.07752124261579442,-0.0,0.06559898284012451,0.05321632566830614
1986-08,0.0,0.0,0.0,0.08671452531225352,0.0,0.0,-0.040658153271889666,0.32120727734924653,0.10411543326412499,0.0,0.0,0.0,0.0,0.08745888816599656,0.0,0.0,0.11280796894487327,-0.054785967862276144,0.03825357881927787,0.044216417622487604,0.0,0.0,0.0,-0.08997924745324816,0.0,0.0,0.0,0.024582005438295865,0.08244264264031863,0.10232712114665023,0.0,0.0,0.12893803526637204,0.0,0.08525631185301717,0.0,0.0,0.0,0.0,0.057886489261703686,-0.0,-0.08455892057376878,0.0,0.08401216623299172,0.0812271069258498,-0.04868540456278456,0.0,-0.03351811738994478,0.05608606071667841,0.0,-0.06929936808477752,0.054358601057945446,0.0,-0.05216077369606666,0.07532335899454863,-0.0,0.06402488711318959,0.05165327789305312
1986-09,0.0,0.0,0.0,0.08850291282216359,0.0,0.0,-0.04243076923641321,0.32743944623899945,0.09621571018708008,0.0,0.0,0.0,0.0,0.08905608380980752,0.0,0.0,0.11545084143766922,-0.055825518449429685,0.03744921132366805,0.043142322909638584,0.0,0.0,0.0,-0.09389983432339136,0.0,0.0,0.0,-0.024708177137014575,0.08415987229707458,0.10008665539324216,0.0,0.0,0.1308588275170697,0.0,0.08636665836177139,0.0,0.0,0.0,0.0,0.050067953382531706,-0.0,-0.09564183780023953,0.0,0.09299885616930395,0.08005786221985542,-0.04971335906629065,0.0,-0.04235741898193593,0.06394113485614038,0.0,-0.06780632092435979,0.042833082763757205,0.0,-0.069936831852292,0.07826288492080079,-0.0,0.06583561758495049,0.05282465203724183
1986-10,0.0,0.0,0.0,0.09224801542240306,0.0,0.0,-0.044332274768427486,0.34372344759610696,0.06396199145052521,0.0,0.0,0.0,0.0,0.09367136175971977,0.0,0.0,0.12233313185392948,-0.05844245491933914,0.039346234714518966,0.04558214540028152,0.0,0.0,0.0,-0.09890305734943967,0.0,0.0,0.0,-0.026022857598491832,0.08853651377915189,0.09665428058810333,0.0,0.0,0.1363481447956052,0.0,0.08893572571834339,0.0,0.0,0.0,0.0,0.05314626612136275,-0.0,-0.09525409270298581,0.0,-0.10200600871559144,0.07998481705712249,-0.05182081426655649,0.0,-0.044301703804887474,0.06714642424016948,0.0,-0.07111414486905497,0.04438460756527836,0.0,-0.0733900316262735,0.08450214317215428,-0.0,0.07184447173357024,0.05418599339467247
1986-11,0.0,0.0,0.0,0.09366784318893928,0.0,0.0,-0.045047026453858496,0.3502623790879366,0.06543745465549236,0.0,0.0,0.0,0.0,0.09516419313942066,0.0,0.0,0.11861166751068332,0.05829369134206102,0.03892847254685509,0.04740164880765496,0.0,0.0,0.0,-0.0990985487254404,0.0,0.0,0.0,-0.0264611127493733,0.08943467267658925,0.09653160728339395,0.0,0.0,0.14065858287527583,0.0,0.09172588383246326,0.0,0.0,0.0,0.0,0.05373513954092896,-0.0,-0.09727974381642669,0.0,-0.10500300015907138,0.08233174268251935,-0.05850403145056814,0.0,-0.04595937429122821,0.06841760414463595,0.0,-0.07111515383029228,0.045786449679883164,0.0,-0.07519655982728088,0.08442951289529303,-0.0,0.07184656713409442,0.055582421715622235
1986-12,0.0,0.0,0.0,0.0902353241964973,0.0,0.0,-0.04457707815418596,0.33503111430551497,0.05945248247687151,0.0,0.0,0.0,0.0,0.09115856431162211,0.0,0.0,0.11435102347104796,0.05606730317210715,0.03699026094980155,0.045780558866551024,0.0,0.0,0.0,-0.09579768057350439,0.0,0.0,0.0,-0.025546731380095035,0.08550577862546205,0.0930054799025588,0.0,0.0,0.13559565570237392,0.0,0.08842857076699984,0.0,0.0,0.0,0.0,0.053763914755803444,-0.0,-0.09345965565904311,0.0,-0.10348480760193234,0.0811002807855722,-0.059236737008285155,0.0,-0.044407620943872544,0.06603372267401483,0.0,0.057746711529179574,0.04251020661798927,0.0,0.07252188424923241,0.08167113784150448,-0.0,0.06978581445283008,0.05316226251331356
1987-01,0.0,0.0,0.0,0.09254835095214035,0.0,0.0,-0.05201013021029722,0.3467347673277804,0.0598049813833238,0.0,0.0,0.0,0.0,0.09457814182325221,0.0,0.0,0.11831571849730176,0.062497826856376885,-0.037986839600716464,0.04775201088137427,0.0,0.0,0.0,-0.09947989883029391,0.0,0.0,0.0,-0.026692565705315037,0.08878196799005765,0.09561694280389423,0.0,0.0,0.1414428289233817,0.0,0.09200106314550231,0.0,0.0,0.0,0.0,0.05546597760193637,-0.0,-0.09140554935721365,0.0,-0.10561561367183428,0.08454590760407373,-0.06188785323170217,0.0,-0.046591057474436495,0.06853085691872268,0.0,0.05954573073708321,0.04428553376973733,0.0,-0.07580272701594226,0.08646732605957237,-0.0,0.07182152343243156,0.05428917694903922
1987-02,0.0,0.0,0.0,0.08627897298534391,0.0,0.0,-0.04830154709361984,0.28334454769244083,0.05403351086730007,0.0,0.0,0.0,0.0,0.08745057203015208,0.0,0.0,0.10988814623016945,0.05891283581689783,-0.03462326954834807,0.04151249592275671,0.0,0.0,0.0,-0.09002426271913984,0.0,0.0,0.0,0.023582131366856936,0.08220137492423223,0.0795082676380042,0.0,0.0,0.13036164960905658,0.0,0.08480237674887199,0.0,0.0,0.0,0.0,0.05089619350935098,0.0,-0.08430196652771524,0.0,0.08340207593512361,0.07847289926148139,-0.057112155829459645,0.0,-0.042695515308433095,0.06691172094990404,0.0,0.054929458580835366,0.04017136924860848,0.0,-0.07386114677585562,0.07308053844284418,0.028538859955855714,0.06872033183962357,0.04967774903433947
1987-03,0.0,0.0,0.0,0.09222090445255464,0.0,0.0,-0.050639076029411145,0.2964890752539928,0.05659453505919117,0.0,0.0,0.0,0.0,0.0947121161689453,0.0,0.0,0.11510202416892222,0.06193480958083859,-0.03634714677513011,0.043034304015198935,0.0,0.0,0.0,-0.09386905638613904,0.0,0.0,0.0,0.02493256375411694,0.08634895878406364,0.08509709277621058,0.0,0.0,0.13811886132978787,0.0,0.08998716284100514,0.0,0.0,0.0,0.0,0.0530403130663359,0.0,-0.08649901937178389,0.0,0.0876722437479771,0.08381230537988406,-0.06355318565909887,0.0,-0.04437861829683548,-0.07032180423662955,0.0,0.05816276765938018,0.042116778731192156,0.0,-0.07779916798693286,0.0778535399698181,0.029611961429790862,0.07194682269756673,0.05162947666107681
1987-04,0.0,0.0,0.0,0.08532006645577027,0.0,0.0,-0.04758595874934654,0.270413103113222,0.052418277955934164,0.0,0.0,0.0,0.0,0.0876844411311088,0.0,0.0,0.10549329845103593,0.05837525548389596,-0.031862469890691816,0.039960504755421254,0.0,0.0,0.0,-0.08835656135071418,0.0,0.0,0.0,-0.022747434173328,0.07988236401308142,0.07875842757445883,0.0,0.0,0.1291495859163849,0.0,0.0837951220084534,0.0,0.0,0.0,0.0,0.047957450685067876,0.0,-0.08059544252857756,0.0,0.08225941949975787,0.07742878713098998,0.054601937082990576,0.0,-0.04141161244739007,0.064246948998844,0.0,0.05515260235906912,0.03890007618743724,0.0,-0.07215125536212467,0.07167345365454363,0.02700714877239311,0.07185634162109833,0.04726056095199756
1987-05,0.0,0.0,0.0,0.08518679849178441,0.0,0.0,-0.04745962996441316,0.25874440866650744,0.049847248525093396,0.0,0.0,-0.0,0.0,0.09041050316889582,0.0,0.0,0.10504234641695734,0.059239512936465615,-0.03064240557099003,0.0428475052142566,0.0,0.0,0.0,-0.0883478736671067,0.0,0.0,0.0,-0.022790707758996484,0.08147421795676045,0.07844411205864317,0.0,0.0,-0.12346235279545872,0.0,-0.08154285931125475,0.0,0.0,0.0,0.0,0.046527761604549155,0.0,-0.07356102979902393,0.0,0.08271857258756045,0.07475684109970902,0.044449421070273484,0.0,-0.041944212131147164,0.061551281031642674,0.0,0.051576172912227124,0.03851940055152056,0.0,0.06918718242637487,0.07070453676333924,0.026948009684585165,0.07258728515069186,0.046026481224243146
1987-06,0.0,0.0,0.0,0.08450344943223843,0.0,0.0,-0.047168422798344906,0.258092923955323,0.04784172850745556,0.0,0.0,-0.0,0.0,0.08945922585016158,0.0,0.0,0.1043302564580083,0.05891195874956978,-0.030494044878754352,0.04350567423371569,0.0,0.0,0.0,-0.08830167037389916,0.0,0.0,0.0,-0.022694427042697942,0.08036670783855719,0.08135569337928428,0.0,0.0,0.13010365196110873,0.0,0.08533107286659353,0.0,0.0,0.0,0.0,0.046063157411835094,0.0,-0.07317476682069432,0.0,0.08227191024318328,0.0744499966330469,0.044154650537608364,0.0,-0.04364593806938848,0.06054909227970925,0.0,0.05181636319234384,0.03810161744795117,0.0,0.07173814135459046,0.07057995734569851,0.026768485280084527,0.07275816301000476,0.045778608736481465
1987-07,0.0,0.0,0.0,0.08054777257648486,0.0,0.0,0.045728174457053135,0.25115029746732764,0.046454440646862424,0.0,0.0,-0.0,0.0,0.0855275685201796,0.0,0.0,0.09943357615787643,0.0559419761668214,-0.028470530884251402,0.043403354482342726,0.0,0.0,0.0,-0.08243245755348326,0.0,0.0,0.0,-0.02168695249218034,0.07742237035678799,0.07677676442971612,0.0,0.0,-0.12339394171679381,0.0,-0.08097558296567964,0.0,0.0,0.0,0.0,0.0437970920621017,0.0,-0.069058877260246,0.0,0.07732017596005364,0.07141862341020595,0.04256477640521883,0.0,-0.04302303438491531,0.05838240906995835,0.0,0.04914595433026342,0.03624131646805104,0.0,0.0740719526836244,0.06725679364776377,0.025382878234198835,0.06736972647353849,0.04337386799154212
1987-08,0.0,0.0,0.0,0.09024261269962774,0.0,0.0,-0.05345166530680977,0.2763244651127727,0.05210688052389717,0.0,0.0,-0.0,0.0,0.09604631698966451,0.0,0.0,0.11115044145327983,0.06138836902143232,-0.03126842010342121,0.04901257600026661,0.0,0.0,0.0,-0.09061614723327296,0.0,0.0,0.0,-0.023991917405434326,0.08769250865978882,0.08419399154049272,0.0,0.0,-0.1401922179347147,0.0,-0.09119125339145487,0.0,0.0,0.0,0.0,0.05057688496206073,0.0,-0.07429038232561729,0.0,0.08519090846374422,0.08417631414412063,0.0479645463872212,0.0,-0.049335382384421575,0.07032435642595551,0.0,0.053316330903854826,0.04069528883143311,0.0,0.09959393393587161,0.07410069695556844,0.027972078438541378,0.07438729740764238,0.04832886954465568
1987-09,0.0,0.0,0.0,0.09395795325704412,0.0,0.0,-0.0720374163808251,0.2903992950095212,0.05438135691510869,0.0,0.0,-0.0,0.0,0.10018815607650265,0.0,0.0,0.11403219012142699,0.06404810135495208,-0.03232150835161959,0.049389631960671726,0.0,0.0,0.0,-0.09672435547128726,0.0,0.0,0.0,-0.02502338585480874,0.0914056089300799,0.09219232308292492,0.0,0.0,-0.14385335160360996,0.0,-0.09422919816409477,0.0,0.0,0.0,0.0,0.05281778529045579,0.0,-0.07752535040824844,0.0,0.08563229829132181,0.08722027422587099,0.048947306889043266,0.0,0.0524529125309858,0.0745881213114162,0.0,0.0553902019452708,-0.04227470344962982,0.0,0.10577505295760103,0.07670441965847002,0.02910049260571352,0.07771711297769285,0.050462043316086946
1987-10,0.0,0.0,0.0,0.0928729191543142,0.0,0.0,-0.06801034010663885,0.2830253409210495,0.050883670029513266,0.0,0.0,-0.0,0.0,0.10037139817041274,0.0,0.0,0.10821048355372767,0.0600098603248374,-0.0309369059055016,0.04643725144671516,0.0,0.0,0.0,0.09223020637103309,0.0,0.0,0.0,-0.02383133031577981,0.08914915506396988,0.08719238026095498,0.0,0.0,-0.1326776458367643,0.0,-0.08710302689612764,0.0,0.0,0.0,0.0,0.050375885093832576,0.0,-0.07084450748741922,0.0,0.0819102819205016,0.08349773551086868,0.04669502618549983,0.0,0.049955311411182396,0.06769435588228381,0.0,0.05298662731501324,0.04047679099906047,0.0,0.10117336853010679,0.07387296047056398,0.02777293744387908,0.07432882202868582,0.04838999542597234
1987-11,0.0,0.0,0.0,0.09563263998149521,0.0,0.0,-0.07231174852218243,0.2962441573668753,0.05208963437412573,0.0,0.0,-0.0,0.0,0.10248553868178456,0.0,0.0,0.11141077200441883,0.0631935093424751,-0.032198563287911146,0.0486833730953254,0.0,0.0,0.0,-0.09668623398032632,0.0,0.0,0.0,-0.024924445118739483,0.09098503642861791,0.07008810765590852,0.0,0.0,-0.13730388082486086,0.0,-0.08994561683229292,0.0,0.0,0.0,0.0,-0.051093123873928815,0.0,-0.07420398079538575,0.0,0.08277892107335792,0.08852970405860404,0.048472459504684956,0.0,0.053644942823190093,0.06966382025239364,0.0,0.055699940703093136,-0.041949874701974366,0.0,0.10928110997252856,0.07561844183097576,0.029163785193828427,0.07837184524497905,0.050266249759098394
1987-12,0.0,0.0,0.0,0.09188508099335585,0.0,0.0,-0.07037191002232969,0.28835536444171495,0.05099492420108007,0.0,0.0,-0.0,0.0,0.10020066733003531,0.0,0.0,0.10780717738653596,0.0559674060529763,-0.031150142645942954,0.04700736299355108,0.0,0.0,0.0,-0.09469827288935666,0.0,0.0,0.0,0.024191446320715747,0.08815092924637201,-0.06450260578338508,0.0,0.0,-0.1326824620095156,0.0,-0.08699938356519321,0.0,0.0,0.0,0.0,0.048811010314472006,0.0,-0.06988270786495177,0.0,0.07998459995262015,0.08533784953009405,0.04700596406060521,0.0,0.051335418606595254,0.05914459703237902,0.0,0.048981229355055486,0.040610615691876434,0.0,0.09275077865540238,0.07363780814279285,0.028133431012967152,0.07574450109547473,0.0494839460812968
1988-01,0.0,0.0,0.0,0.09662382185149765,0.0,0.0,-0.07275579181519401,0.2968247432483179,0.05218516504784608,0.0,0.0,-0.0,0.0,0.10437449135591267,0.0,0.0,0.10757965521586194,0.05797801783804305,-0.03221017201175847,0.04840643761040215,0.0,0.0,0.0,-0.09794869923424944,0.0,0.0,0.0,0.025203052953817303,0.09113642265657872,0.06595129463262495,0.0,0.0,-0.13717689817211914,0.0,-0.0899304320181561,0.0,0.0,0.0,0.0,0.0521885560191768,-0.0,-0.07151780239953394,0.0,0.08295097473477663,0.09186212971526148,0.04948426361175323,0.0,0.05118567860661261,0.06276022450707137,0.0,0.050016898405642024,0.04251873780900666,0.0,0.09882911449808902,0.07592535145126131,0.028921359127059173,0.07810833929790831,0.050894248248549094
1988-02,0.0,0.0,0.0,0.08872578431189736,0.0,0.0,-0.074050295770038,0.2769671040567333,0.04878089831378626,0.0,0.0,0.0,0.0,0.09303947343800237,0.0,0.0,0.09774028352918508,0.05632376984714229,0.0306900869667197,0.04683075612841012,0.0,0.0,0.0,0.09082367677047996,0.0,0.0,0.0,0.02400065578353843,0.08310148722610775,-0.06316546108867077,0.0,0.0,-0.12847369366380892,0.0,-0.0838949407738282,0.0,0.0,0.0,0.0,-0.04946982017951915,-0.030048671615222563,0.0665772827514545,0.0,0.0784866640107003,0.08383936753134057,0.04700345140645495,0.0,0.05011268816587531,0.05852081397358048,0.0,0.04746275983471121,-0.039867912849567255,0.0,0.09469822492926572,0.071381121107231,0.027526911895928617,0.07365494449082673,0.04753705490541109
1988-03,0.0,0.0,0.0,0.09252082962963974,0.0,0.0,-0.07337538416945268,0.3294676925384096,0.04957112801447087,0.0,0.0,0.0,0.0,0.09886897853999912,0.0,0.0,0.10009843257196648,0.05789302058682262,-0.031260627721439914,0.049118132963647754,0.0,0.0,0.0,-0.0923660855281001,0.0,0.0,0.0,-0.024074004287297987,0.08788315836294801,-0.06390423706583373,0.0,0.0,-0.13632478152341426,0.0,-0.08844398664689909,0.0,0.0,0.0,0.0,0.05238060915956269,0.030534133900803704,0.06741574787004853,0.0,0.08097921447405448,-0.08536297120633216,0.04905694124933195,0.0,0.051085375507894784,0.06277529817174231,0.0,0.04817155707125812,-0.04152718024371589,0.0,0.09917652014172337,0.07256867944200374,0.027893841435093755,0.07457193370437641,0.04853771087869062
1988-04,0.0,0.0,0.0,0.10995270781001137,0.0,0.0,-0.0847800772194287,0.3265102077094902,0.04968147077482743,0.0,0.0,0.0,0.0,0.10446161789571023,0.0,0.0,0.10016811430371532,0.05784424231264043,0.03128978744372146,0.053268633966898765,0.0,0.0,0.0,-0.09216264175340226,0.0,0.0,0.0,0.0239837011914894,0.09297954715767844,-0.06357113069872543,0.0,0.0,-0.13405937251595237,0.0,-0.0869073216710093,0.0,0.0,0.0,0.0,-0.05229057500932981,-0.030662358507517543,0.06795072392695377,0.0,0.08110470610549478,0.09709176069206048,0.05250404970936599,0.0,0.0534883890536046,0.06323550156182892,0.0,0.046921266932908316,-0.04172482646736312,0.0,0.1019875948755069,0.07265031844728523,0.027927882905556405,-0.07317176799582696,0.04895263645857822
1988-05,0.0,0.0,0.0,0.11002495405760504,0.0,0.0,-0.0858749642628105,0.3269730454739621,0.049962896363892596,0.0,0.0,0.0,0.0,0.10517298774546383,0.0,0.0,0.10030120848717042,0.05796519270543061,-0.03127100202561431,0.054199870585330094,0.0,0.0,0.0,-0.09029690280939394,0.0,0.0,0.0,0.024202166548008816,0.09212855339593434,-0.06369859698565275,0.0,0.0,-0.13312848458058907,0.0,-0.08614188040562397,0.0,0.0,0.0,0.0,-0.05263927017983791,0.030612836866610062,-0.0678495182679804,0.0,0.08186917680127775,-0.09987742457721996,-0.053221384743973185,0.0,0.053378496584528055,0.06837508680944097,0.0,0.04704414701907292,-0.04194392219357353,0.0,0.10022260906461078,0.07493909131366773,0.02787294646554749,-0.07324698349663993,0.04973652924716302
1988-06,0.0,0.0,0.0,0.11059779773355673,0.0,0.0,-0.08579835562771372,0.32611430836832717,-0.05035121823362498,0.0,0.0,0.0,0.0,0.10261802240971268,0.0,0.0,0.10001792150178643,0.0594036959686617,0.03127037843715473,0.05494385656547474,0.0,0.0,0.0,0.08276484866627083,0.0,0.0,0.0,0.024321482313068722,0.09015583596865713,-0.06409905120096611,0.0,0.0,-0.14167883485535257,0.0,-0.09030925879270708,0.0,0.0,0.0,0.0,-0.05439994283891448,0.030615083434848665,0.06652708267593,0.0,0.08163258003697992,-0.0999143367695285,-0.05320547559687765,0.0,0.05198266823237516,0.06244974650333029,0.0,0.04633365444749148,0.0406891637006372,0.0,0.08736222813496616,0.07551318619884424,0.02784487191904036,0.0699101064327473,0.0484807379411721
1988-07,0.0,0.0,0.0,0.09205746062135786,0.0,0.0,-0.07630839908442506,0.28668955195308893,-0.044321431091425494,0.0,0.0,0.0,0.0,-0.08836300693115863,0.0,0.0,0.0843928633599073,0.051780684149984976,0.027930557489608474,0.05006826406667223,0.0,0.0,0.0,0.053394191038176775,0.0,0.0,0.0,0.020691636112002844,-0.07861258448409718,-0.057073403648689035,0.0,0.0,0.1252128418133557,0.0,0.07984418392865628,0.0,0.0,0.0,0.0,-0.048603435050533474,-0.027394248643956388,0.035020152677730516,0.0,0.07325069439495245,-0.08706457322106533,-0.047565073011543876,0.0,0.040518200766856104,0.05046338537275385,0.0,0.01954010316838299,-0.0357520256817812,0.0,0.059764533827134834,0.06883570334677652,-0.024512904585287282,0.060012879282109834,0.04051572714081745
1988-08,0.0,0.0,0.0,0.10237104238031346,0.0,0.0,-0.07918458359267275,0.2995051608603798,-0.04550676101764664,0.0,0.0,0.0,0.0,-0.09531544238957525,0.0,0.0,0.08888310877679148,0.05443622736434645,0.029241433688775815,0.05273786678287742,0.0,0.0,0.0,0.05522112694732367,0.0,0.0,0.0,0.02489509404564503,-0.08684473067286652,-0.05966165117592616,0.0,0.0,0.13059523009615773,0.0,0.08321051566536408,0.0,0.0,0.0,0.0,-0.05098994346078195,0.028522797578903292,0.03522971337944388,0.0,0.07769767668160257,-0.09149185264222107,-0.04974654924449273,0.0,0.040517090123633234,0.04796429387138604,0.0,0.01997624607329441,-0.03712436187792292,0.0,0.05295448187656875,0.07689972403172946,-0.025558547659792166,0.06327462614912503,-0.04302283573371223
1988-09,0.0,0.0,0.0,0.10380452359493901,0.0,0.0,-0.07463012849886824,0.288741918458676,-0.04552917924307458,0.0,0.0,-0.0,0.0,-0.09691390281218154,0.0,0.0,0.08937464744805294,0.055108370034345995,-0.029612816220760414,0.05312218704160507,0.0,0.0,0.0,0.055949278804855035,0.0,0.0,0.0,0.024974939946880104,-0.08795771732134763,-0.059973971755756604,0.0,0.0,0.13292110869608342,0.0,0.08443740775325188,0.0,0.0,0.0,0.0,-0.051892919045121,0.028846671815413068,0.03562968598796283,0.0,0.07853738987943411,-0.09244290688202352,-0.0501677325750192,0.0,0.0419909175740242,0.04770285203372778,0.0,0.020283929695888863,-0.03906619005636018,0.0,0.052575843150554906,0.07774184288154208,-0.025820628656767628,0.06449585486539215,-0.04465888711745492
1988-10,0.0,0.0,0.0,0.10613509596404933,0.0,0.0,-0.07486012212920895,0.29029149642280755,-0.04648180876228806,0.0,0.0,0.0,0.0,-0.10040902815580337,0.0,0.0,0.09853314104470184,0.05617752346670526,0.03014990917389003,0.05437556235701688,0.0,0.0,0.0,0.05736791565748505,0.0,0.0,0.0,0.025593970910206536,-0.09110138916630692,-0.06162009904281212,0.0,0.0,0.13455764353605226,0.0,0.08587198158058083,0.0,0.0,0.0,0.0,-0.05425572002638663,0.029699533967827246,0.036360935315640025,0.0,0.0838113034402789,-0.08868725235914289,-0.050853900153669286,0.0,0.04213069133448177,0.04840872908686519,0.0,0.020611105279948905,-0.04039917308047137,-0.0,0.05287542706584511,0.07991575341517149,-0.02625389874186586,0.06591009604753326,0.04703504116264895
1988-11,0.0,0.0,0.0,0.10754415498367978,0.0,0.0,-0.06584830126093695,0.2930334191303159,-0.04705979715782127,0.0,0.0,0.0,0.0,-0.10140470757318946,0.0,0.0,0.09826756189531505,0.06252549932143994,-0.031524925266528024,0.055421971269240644,0.0,0.0,0.0,0.0588590072240255,0.0,0.0,0.0,0.026044597826019724,-0.09189273196504687,0.06292422494202807,0.0,0.0,0.13780488695212598,0.0,0.08780549015870137,0.0,0.0,0.0,0.0,0.05521328662343985,0.02997988682919381,0.03708333524388129,0.0,0.08581810574256751,-0.08931757478362307,-0.051753500285519574,0.0,0.043050355978322886,0.04953424638819916,0.0,0.020987013145956135,0.04087397497282671,-0.0,0.053371171093462864,0.08315370757690327,-0.02683451135881062,0.06888569519106878,0.047878324439882415
1988-12,0.0,0.0,0.0,0.10630400596884053,0.0,0.0,-0.06128177409739148,0.28072678860790623,-0.04748516123306529,0.0,0.0,-0.0,0.0,-0.10192458896833557,0.0,0.0,0.09889309151469562,0.061424051344926386,-0.031622457006879365,0.05515597067139031,0.0,0.0,0.0,0.058681539714226044,0.0,0.0,0.0,0.02605707067035349,-0.09173301507435866,0.06368389217823968,0.0,0.0,0.13688434789809625,0.0,0.08761140144970843,0.0,0.0,0.0,0.0,0.055060958405973304,0.02966732706517526,0.03689971466245691,0.0,0.08613645177597659,-0.08925088645211322,-0.05170078394075202,0.0,0.04279091127535454,0.049500641414499835,0.0,0.020731659624453003,0.040543278478631053,-0.0,0.05379571265608171,0.08277236917379767,-0.026531169443873362,0.06916743704068405,-0.04777303848070175
1989-01,0.0,0.0,0.0,-0.09698597316718938,0.0,0.0,-0.056011509421776476,0.2590451333075277,-0.043083616986536705,0.0,0.0,-0.0,0.0,-0.09188467457738582,0.0,0.0,-0.08803297189848,0.05685859995837169,0.03230494775494203,0.050063165136135256,0.0,0.0,0.0,0.0532198329086499,0.0,0.0,0.0,0.02379103772331663,-0.0819389060019661,0.0579569421281454,0.0,0.0,0.12740133261418746,0.0,0.08122024087587788,0.0,0.0,0.0,0.0,0.05087610225142885,0.027297475811879843,0.033384859280245,0.0,0.07848951582645804,-0.07990794616248523,-0.04711917603522546,0.0,0.03972528107565355,0.044844028350232754,0.0,0.018672699959203017,0.03542988519761375,-0.0,0.04887932696639569,0.07805922210088917,0.024016813668749044,0.06273503946204974,0.04331967033545368
1989-02,0.0,0.0,0.0,0.10775609496799791,0.0,0.0,-0.06306036904391436,0.301579001555344,0.04843325814067357,0.0,0.0,-0.0,0.0,-0.09818193355068636,0.0,0.0,-0.09660499253849392,0.06883689290748024,0.03545764559673932,-0.057529404573525386,0.0,0.0,0.0,0.060379864588526226,0.0,0.0,0.0,0.026516086795082282,-0.08784251747991913,0.06390615579577709,0.0,0.0,-0.14217813794243167,0.0,0.0906285347592767,0.0,0.0,0.0,0.0,0.05701929277686895,0.03157160482778035,0.03724692942592676,0.0,0.08786079777947638,-0.08949359963547708,-0.05251489090158693,0.0,-0.044696100842522575,0.04941013067993597,0.0,0.020910239461957605,0.03982928958655014,-0.0,0.0540265919931184,0.08829294890097703,0.02817472134266086,0.07125851529878195,-0.04813940528839057
1989-03,0.0,0.0,0.0,0.10787108846606651,0.0,0.0,-0.06255616468856577,0.2943444698793037,0.04842875470628503,0.0,0.0,-0.0,0.0,-0.10143589134674161,0.0,0.0,-0.0991693661271447,0.07011975069251926,-0.036681273469771375,-0.05879593833873551,0.0,0.0,0.0,0.060365571781975956,0.0,0.0,0.0,0.026411943517230425,-0.09055553424875752,0.06425155804230166,0.0,0.0,-0.15362291779692175,0.0,-0.10035072637775337,0.0,0.0,0.0,0.0,0.056693053769602354,0.0339236122094908,0.037418140362264755,0.0,0.08770116399008057,-0.09012861963012093,-0.05318866750839091,0.0,0.04648971788615439,0.04911635252680956,0.0,0.0208405795830527,0.040047932868088394,-0.0,0.054027729110244435,0.0886912119054486,0.030369476785555957,0.07153982308297867,-0.04957834515598929
1989-04,0.0,0.0,0.0,-0.10662945807584505,0.0,0.0,-0.06378731384424045,0.30305569644190616,0.0484430565881258,0.0,0.0,-0.0,0.0,-0.10253111503464989,0.0,0.0,-0.09654433576600005,0.06555976490417535,-0.03666508721948865,-0.06242724308933015,0.0,0.0,0.0,0.060297418671095206,0.0,0.0,0.0,0.03080221710394374,-0.08821161446471257,0.06481974456867995,0.0,0.0,-0.1607122325105084,0.0,0.10883089221123549,0.0,0.0,0.0,0.0,0.05390722958786206,0.03318842600595177,0.037399855566306865,0.0,0.09162081794914503,-0.09055118641529207,-0.05443496908935209,0.0,-0.04796685037950395,0.049168929346910924,0.0,0.02079965245515085,0.04000082687116498,-0.0,0.05360280782327742,0.09397531957410822,0.032052730737378826,0.07017252163573204,-0.049352405377160596
1989-05,0.0,0.0,0.0,-0.10928819833890037,0.0,0.0,-0.06140158693606109,0.3075111727757524,0.04850037752765233,0.0,0.0,-0.0,0.0,-0.10684506878433614,0.0,0.0,-0.09792808094932015,0.06563026015652657,0.03662647638603901,-0.06205397891510655,0.0,0.0,0.0,0.06172566468873957,0.0,0.0,0.0,0.030614024000425493,-0.0905379695743004,0.06467777534799067,0.0,0.0,0.15941146076415771,0.0,0.10860743242010575,0.0,0.0,0.0,0.0,0.0536976671149543,0.03702762453507722,0.03745618787213571,0.0,-0.09031536564463316,-0.09137989643303453,-0.0542263288133124,0.0,-0.048034046452042414,0.048972527886204556,0.0,0.020770279833389693,0.04004791450524508,-0.0,0.053535167322557496,0.09375892490071522,0.03453767428635371,0.07251788871028093,-0.04955900637764984
1989-06,-0.0,0.0,0.0,-0.10579759349444957,0.0,0.0,-0.06075791488287476,0.2967447381470276,0.048431765409641205,0.0,0.0,-0.0,0.0,-0.10755027997505415,0.0,0.0,-0.09367102685217678,0.06604507515032389,0.038249026412880395,-0.06322332766655923,0.0,0.0,0.0,0.06702224012546848,0.0,0.0,0.0,0.0317944237156879,-0.09266896704032396,0.06510522074125978,0.0,0.0,0.1658039111289651,0.0,0.1139452920777143,0.0,0.0,0.0,0.0,0.05261081455623495,0.03681621352021187,0.03741271192952168,0.0,0.09061720350105133,-0.09013223557309868,-0.05321605747055514,0.0,-0.04775222597347464,-0.0495019417391854,0.0,0.020821828312875497,-0.03974573797515931,-0.0,-0.053849164633688676,0.09526489310373358,0.034846796548739546,0.08311836282916935,-0.04977920724985676
1989-07,0.0,0.0,0.0,-0.10783711021838525,0.0,0.0,-0.05960182141692794,0.2965829597128319,0.04899276521633462,0.0,0.0,-0.0,0.0,-0.11122689801718762,0.0,0.0,-0.09699423743432704,0.06538898944834916,-0.03784840772743005,-0.06408119851021749,0.0,0.0,0.0,-0.0676778180676644,0.0,0.0,0.0,0.029593132936582705,-0.09812649081729638,0.06500100299973982,0.0,0.0,0.17160337081864804,0.0,0.1167753426054321,0.0,0.0,0.0,0.0,0.052237679822806894,0.037644162201144166,-0.037683025261032475,0.0,0.09441824115139905,-0.08942615113837586,-0.05332194983367114,0.0,-0.04814840718731915,-0.04964209326807127,0.0,-0.020712107401853957,-0.03974649478507424,-0.0,-0.05418746641762277,0.10103830545379924,0.03548419409066656,0.08322228514767553,-0.05755909938097926
1989-08,0.0,0.0,0.0,0.10389162662455904,0.0,0.0,-0.06098090857217502,0.294661307513987,0.048888896414375584,0.0,0.0,0.0,0.0,-0.11128334757099827,0.0,0.0,-0.09793606540990862,0.06341620432224636,-0.03483097504461299,-0.06421293013427684,0.0,0.0,0.0,-0.06784869307355876,0.0,0.0,0.0,0.029680713586342878,-0.10040619416278782,0.06485896225492103,0.0,0.0,0.16956532351878137,0.0,0.11708455065282512,0.0,0.0,0.0,0.0,0.05094091059318495,0.03960235673008603,-0.037360659824381345,0.0,0.09414436152624385,-0.0908597932503139,-0.05328037454933148,0.0,-0.046513912160973454,-0.04879494566323867,0.0,-0.02042137215442414,-0.04002358579619274,0.0,-0.05185308331052143,0.10099424698089415,0.035996396415311056,0.08199313202337262,-0.057852669392493276
1989-09,0.0,0.0,0.0,-0.10031003829884928,0.0,0.0,-0.06017595652811377,0.2968445512778386,0.049123060552424554,0.0,0.0,0.0,0.0,-0.1085224020954679,0.0,0.0,-0.09463262515720658,0.06368438787426078,-0.03623916071264638,-0.07246973035133188,0.0,0.0,0.0,-0.06803874766299739,0.0,0.0,0.0,0.030726903331481464,-0.09813031717480779,0.06585521131142182,0.0,0.0,0.16890089999531674,0.0,0.1180608648065449,0.0,0.0,0.0,0.0,0.058561487272668945,0.052695776420827345,-0.03736477384052082,0.0,0.09385180565001419,-0.09379680708985902,-0.052958267602789225,0.0,-0.05023369379274535,-0.04913674905197333,0.0,-0.02047854168298841,-0.049676115192149706,0.0,-0.05190088252365739,0.10026327996965162,0.04781430750416587,-0.08197483219647875,0.05824523455964441
1989-10,0.0,0.0,0.0,0.10079492758367169,0.0,0.0,-0.05928600339615454,0.29749169703274253,0.060847117767854855,0.0,0.0,-0.0,0.0,-0.10562989987858468,0.0,0.0,-0.09330637385600297,0.06154823447788471,-0.03617935494933593,-0.07283466005163045,0.0,0.0,0.0,-0.06854276697442153,0.0,0.0,0.0,0.03068074588413907,-0.09617801491335616,0.06875353439177107,0.0,0.0,0.17214930877263643,0.0,0.12272190465888905,0.0,0.0,0.0,0.0,0.0579829702918862,0.05282896817799717,-0.03759232842378878,0.0,0.0957923302044073,-0.10241114762771084,-0.05377620687756336,0.0,-0.05045945880366929,-0.049145468775264066,0.0,-0.02047666741030982,0.05104198925347701,-0.0,-0.05174285158059783,0.10196600100930998,0.04830059798879279,-0.08195662997031952,0.060006143217353224
1989-11,0.0,0.0,0.0,-0.10015375809561336,0.0,0.0,-0.058974055703837056,0.2963563811124399,0.060449191536280096,0.0,0.0,-0.0,0.0,-0.10511867536219384,0.0,0.0,-0.0943758520528171,-0.062414719781758006,-0.03643378623485725,-0.07262515825760428,0.0,0.0,0.0,-0.06816242290862529,0.0,0.0,0.0,0.030574631803234147,-0.09683079035162825,0.06868235496598148,0.0,0.0,0.16928009430354796,0.0,0.12017622987798803,0.0,0.0,0.0,0.0,0.05774060406306389,0.05152889174070225,-0.03732764130951538,0.0,-0.09474121714701488,-0.10362900202423216,-0.053412505941074086,0.0,-0.0502118118237456,-0.0488258231542719,0.0,-0.02034548854019579,-0.050834828516154056,-0.0,-0.05133784066795515,0.10314661850032808,0.04788383116199522,-0.08361245767909296,0.05933474081085639
1989-12,-0.0,0.0,0.0,-0.1010340518066954,0.0,0.0,-0.05921119496639741,0.2976611940024313,0.06241387869636634,0.0,0.0,0.0,0.0,-0.10679880769305844,0.0,0.0,-0.09497450303030068,0.06279406094643356,-0.03699148107784181,-0.0735052107417417,0.0,0.0,0.0,-0.06862368973618929,0.0,0.0,0.0,0.03088580789871669,-0.09875971998336956,0.0691151863322728,0.0,0.0,0.17050359514504476,0.0,0.12118624997200467,0.0,0.0,0.0,0.0,0.061027291075610474,0.05148188427038342,-0.037609339083686695,0.0,0.09554797894329539,-0.09611360590794761,-0.052824760617420065,0.0,-0.05053295399778322,-0.049226485345972446,0.0,-0.020831274442162772,-0.05475821063652284,-0.0,-0.05162225391962095,0.10442123544206128,0.04839038450755899,-0.08407720980329053,0.059889307713351464
1990-01,0.0,0.0,0.0,-0.1018940842240958,0.0,0.0,-0.05971892621194542,0.29817471984111726,0.06534743051850843,0.0,0.0,0.0,0.0,0.10467113254075501,0.0,0.0,-0.09538646289871243,0.05388502030745045,-0.03726669171087093,-0.07664699164733207,0.0,0.0,0.0,-0.06883229742565308,0.0,0.0,0.0,0.03089947945774152,-0.09841360899370043,0.06968067897384239,0.0,0.0,0.17032246303609783,0.0,0.1212434781934021,0.0,0.0,0.0,0.0,0.06093874264593966,0.051890015026641256,-0.03821266761377783,0.0,0.10007995123879211,-0.09672698958497579,-0.05187409131083664,0.0,-0.05066821826011251,-0.04943055859952051,0.0,-0.020867140736561422,-0.05447733084379249,0.0,-0.05165018433062165,0.11046515043011011,0.050790599333497916,-0.08549476002689314,0.06252388866223096
1990-02,-0.0,0.0,0.0,0.09710647810177031,0.0,0.0,-0.057390928639880844,0.2924818596704591,0.06446331269861233,0.0,0.0,0.0,0.0,0.10382192917581133,0.0,0.0,-0.09282354658487997,0.04706333888281181,-0.0363846115914104,0.0867623616186773,0.0,0.0,0.0,-0.06583551264607847,0.0,0.0,0.0,0.03122773720437735,0.09596568187977171,0.0706632552095402,0.0,0.0,0.16167649775760445,0.0,0.11414202711328865,0.0,0.0,0.0,0.0,0.0592671405333294,0.05022178015544682,-0.03700338253580675,0.0,-0.11731327632311576,-0.09319580887080474,-0.05024225800066695,-0.0,-0.04992761695828583,-0.04695070706509981,0.0,-0.020075342679259277,-0.054400716602008646,0.03156453433467474,-0.0497991971816172,0.12472026228925215,0.048788851437222155,-0.07967525126550909,0.060976196684169655
1990-03,0.0,0.0,0.0,0.09747502815522519,0.0,0.0,-0.05533798202113483,0.291337035200949,0.06438832597675599,0.0,0.0,0.0,0.0,0.10366775289422976,0.0,0.0,-0.09206272644043138,0.04690488959434852,-0.03524670971551864,0.09067223975093117,0.0,0.0,0.0,-0.06589491932456432,0.0,0.0,0.0,0.031171332698312307,0.09597998698028702,0.07100907606888186,0.0,0.0,0.16168757572961437,0.0,0.11437715029410925,0.0,0.0,0.0,0.0,-0.058744252040854684,0.05081052287959094,-0.037271937905837944,0.0,-0.11539953999550873,-0.09296765953541442,-0.050231540090827816,0.0,-0.04932070122791858,-0.04674578227693215,0.0,-0.020091761566590365,-0.05439347524651025,0.03148375377318798,-0.049918127222621594,0.1247778573715443,0.050490253125318206,-0.07960982027795532,0.06148628629612081
1990-04,0.0,0.0,0.0,0.09854156670036218,0.0,0.0,-0.0525484422449038,0.2920725530333008,0.06453791589795044,0.0,0.0,0.0,0.0,0.10375315745053378,0.0,0.0,-0.09184127182346923,0.046910236390572645,-0.03771367986181169,0.09072262231302836,0.0,0.0,0.0,-0.06613099426939646,0.0,0.0,0.0,0.032457333957735826,0.09633281968983534,0.07109008931743453,0.0,0.0,0.16240597842923224,0.0,0.11467249629090576,0.0,0.0,0.0,0.0,-0.060849934170016225,0.05218808010613716,-0.03736990531153315,0.0,0.11561559806574095,-0.08782104544045562,-0.052878492330566476,0.0,-0.04922809552273994,-0.0468043649450644,0.0,-0.020124232066698694,-0.054418962140015084,0.03149475987221268,-0.04993850781106985,0.12533457412685675,0.051276983384870654,-0.0791575724408691,0.06330320272528744
1990-05,0.0,0.0,0.0,0.09998797788943257,0.0,0.0,0.05137059158813443,0.3187938180881114,0.07053618854939432,0.0,0.0,0.0,-0.0,0.10371774454321175,0.0,0.0,-0.09335509461290518,0.04643229518642503,-0.03987404186117384,0.0913495644333959,0.0,0.0,0.0,-0.06611814603566761,0.0,0.0,0.0,0.032517657755670434,0.09605430308839023,0.07079094088911657,0.0,0.0,-0.1692426134820288,0.0,-0.117807738057002,0.0,0.0,0.0,0.0,-0.06163250507963872,-0.0513911959152171,0.037657350688496495,0.0,0.11573872159545844,-0.09400769042219272,-0.0757948657578721,0.0,-0.048846781569568995,-0.047400728538828055,0.0,-0.02024013580201079,-0.05581866480106767,-0.03151174205529449,-0.05011420471133631,0.13016589399945236,0.04886137437489615,-0.07713288817633211,0.06387453883001118
1990-06,0.0,0.0,0.0,0.09997108743050513,0.0,0.0,0.050205810823959564,0.31790740037763454,0.07563798960247532,0.0,0.0,0.0,-0.0,0.10409460631982453,0.0,0.0,-0.09198788765047276,0.04648179395660804,-0.03986929921007742,0.09106270004782815,0.0,0.0,0.0,-0.06592314879308897,0.0,0.0,0.0,0.03190042426986329,0.09666977148396384,0.0682428779803825,0.0,0.0,-0.1665376408361622,0.0,0.11491588891504506,0.0,0.0,0.0,0.0,-0.06212434506969521,0.051145475995899296,0.03764376925466642,0.0,0.11579879995721291,-0.09393285446965652,-0.07563301725588532,0.0,-0.048852096488223154,-0.04707614361486123,0.0,-0.020015337530614973,-0.055766537499970716,-0.03143141280075878,-0.049626300128026206,0.13042965596491432,0.047910249983876975,-0.07643713481603573,0.06485106163045767
1990-07,0.0,0.0,0.0,0.09824987985321848,0.0,0.0,-0.048468745055662045,0.31644780379792303,0.07307626957698325,0.0,0.0,-0.0,-0.0,0.10357887778867934,0.0,0.0,-0.09227841555499261,0.045866106433455026,-0.04013902633332438,0.09498294618812284,0.0,0.0,0.0,-0.06685426431709385,0.0,0.0,0.0,-0.03173542930414612,0.09660175277929946,0.06864990983263429,0.0,0.0,-0.1662712798361053,0.0,-0.11458719437032275,0.0,0.0,0.0,0.0,-0.06208818976658349,0.050764406097660704,0.03767725366133213,0.0,0.11813281764191899,-0.09380862574279883,-0.0756920358509192,0.0,0.048664442130747707,-0.047113967622826006,0.0,-0.019996815228026116,-0.056060430608823264,-0.03144342645416374,-0.049479430558755415,0.13021741298220688,-0.04762856004744658,-0.07842285626099656,0.06439037295425641
1990-08,0.0,0.0,0.0,0.0948706899843255,0.0,0.0,-0.04844754814225933,0.3151486314636671,0.07586384340490891,0.0,0.0,-0.0,-0.0,0.10202161898238951,0.0,0.0,-0.0911873860957699,0.0457095716199759,0.03958731872923192,0.09219538263159596,0.0,0.0,0.0,-0.06200405900075888,0.0,0.0,0.0,-0.031907745397163345,0.09453646199560836,-0.06953983772476867,0.0,0.0,-0.16701478127000166,0.0,-0.11558777655112805,0.0,0.0,0.0,0.0,-0.06346227318470607,0.04780286418668735,0.03797737745115262,0.0,0.11452294198236772,-0.09363983501162604,-0.08753533924030536,0.0,0.04883319820915443,-0.04653919771026012,0.0,-0.01997345033550467,-0.05866511720719473,-0.031099465831611425,-0.04914775818007194,0.12305796353382917,0.04579403163240191,-0.0709898989818206,0.06538014884316144
1990-09,0.0,0.0,0.0,0.09505927206625502,0.0,0.0,0.04842609258734794,0.31381352562569204,0.07571169318871361,0.0,0.0,0.0,-0.0,0.10244778426255029,0.0,0.0,-0.09319656669566098,0.044738303673083644,0.040493353276017344,0.1147768586883307,0.0,0.0,0.0,-0.06082622724553014,0.0,0.0,0.0,-0.03182404935957509,0.09449751414247069,-0.06666842939662446,0.0,0.0,-0.1643476530481808,0.0,-0.11086702687506345,0.0,0.0,0.0,0.0,-0.06396084637227992,0.035686777036578084,-0.03769415518002828,0.0,0.12180474256108689,-0.09298781681399283,-0.09447347361087638,0.0,0.04902724029895693,-0.04659969587864937,0.0,-0.019771597520075766,-0.05888958433084525,-0.03198760122519067,-0.04925669740735449,0.12271216352693269,0.03881519146430214,-0.06920776567165796,0.06123565052915255
1990-10,0.0,0.0,0.0,0.09332092603484518,0.0,0.0,0.04812570685090805,0.30864047859128735,0.07673899737383481,0.0,0.0,0.0,-0.0,0.10111715558524088,0.0,0.0,-0.09100438461466653,0.043490599810393056,0.03934728683510501,-0.11546783252932931,0.0,0.0,0.0,-0.059691172350357265,0.0,0.0,0.0,-0.031446361142469056,0.09362524944807694,-0.06466873169139217,0.0,0.0,-0.1687303167095395,0.0,-0.11413251486654959,0.0,0.0,0.0,0.0,-0.05912838786752614,0.033645102185910956,-0.037269577731362975,0.0,0.11959465337794481,0.08881855859811662,-0.0934358677071456,0.0,0.04823210644753344,-0.04705100953651133,0.0,-0.01940858915374988,-0.056299561153443395,-0.04286438933147568,-0.048728586342733325,0.1190909840729856,0.029754497241674865,-0.06801121183205326,0.05762881246196429
1990-11,0.0,0.0,0.0,0.09107261536268708,0.0,0.0,0.04539604761777868,0.29440818882280806,0.07593571711468901,0.0,0.0,0.0,-0.0,0.1003110991143483,0.0,0.0,0.0865016966552693,0.03999724610869936,0.038337324703637134,-0.11038013919092696,0.0,0.0,0.0,-0.057080738153805904,0.0,0.0,0.0,-0.030164007387439393,0.09423780658628549,-0.07827214637112309,0.0,0.0,-0.17306854223705584,0.0,-0.11709992166570589,0.0,0.0,0.0,0.0,-0.06012462159655709,0.03188954387705061,-0.03582108513071416,0.0,0.12940969585906803,-0.08408754430510504,-0.08282140792936529,0.0,0.04574033598629893,-0.04560391053648836,0.0,-0.0186555948477217,-0.05487690454472296,-0.04135777532086076,-0.04667818755127529,0.12539737032491344,0.028279101992073796,-0.06470847157982193,0.05600647019241775
1990-12,0.0,0.0,0.0,0.09383393180780757,0.0,0.0,0.044769347994203505,0.29350661500573144,0.07580823712603316,0.0,-0.0,-0.0,-0.0,0.10311437731765942,-0.0,0.0,0.08757164000950521,0.04157059170761002,-0.03793635837538326,-0.08284807219372255,0.0,0.0,0.0,-0.05678969536714732,0.0,0.0,0.0,-0.030098456884460625,0.09798097019289677,-0.08380716836561874,0.0,0.0,-0.17069836649809061,0.0,-0.11413094209703169,0.0,0.0,0.0,0.0,-0.060700269055271684,0.03153019637118503,-0.03590721714772079,0.0,0.13095777511529236,-0.08570371556484387,-0.08307694901655321,0.0,0.045992608729886315,-0.05002016690806879,0.0,-0.01890827583320895,-0.05465207826464756,-0.041363882280546674,-0.048204415033042694,0.12668110956875633,0.027556626044090315,-0.06420466721090176,0.05536407610215415
1991-01,0.0,0.0,0.0,0.09072504261446143,0.0,0.0,0.042244832150675156,0.28226398495140737,0.07314556045475164,0.0,-0.0,0.0,0.0,0.1007809323384003,-0.0,0.0,0.09074045698562262,-0.03990829914301855,-0.036424039329503465,-0.07161471679959538,0.0,0.0,0.0,-0.05457931284756163,0.0,0.0,0.0,-0.029777840162998406,0.09735366108448484,-0.08250041449680633,0.0,0.0,-0.1641298057144973,0.0,-0.10973966212007259,0.0,0.0,0.0,0.0,-0.05575665381645927,0.030218642726348572,-0.03467467210979302,0.0,0.1255584463830601,-0.08136167418736456,-0.08027184319838541,0.0,0.04559737442804358,-0.04765495270202084,0.0,-0.018139966857857542,-0.052539797813387905,-0.040227304087624365,-0.04608138886506447,0.12146503313484482,0.02675769346649347,-0.061784564004976984,0.053664957151108056
1991-02,0.10660592319018751,0.0,0.0,0.09710704664801899,0.0,0.0,0.0429728749164044,0.29179321677275666,0.07836664012579389,0.0,-0.0,0.0,0.0,0.10985815514963654,0.0,0.0,0.09394581681021934,-0.04058122841900124,-0.03705041232693349,-0.07216145899501807,-0.0,0.0,0.0,-0.05607971751049862,0.0,0.0,0.0,-0.030119611997780564,0.1064309076264442,0.08384821703182091,0.0,0.0,0.1786286221051692,0.0,0.11927150623687725,0.0,0.0,0.0,0.0,-0.05718996163070313,0.02988303275024223,-0.03532001110770558,0.0,0.1298592723152376,-0.08235522851502258,-0.07841705774242289,0.0,0.046227814247744255,-0.04905461036934427,0.0,-0.01848268056806222,-0.05433552978110585,-0.0403368563856399,-0.046844781444965226,0.12858407059925564,0.02586270042727072,-0.06370695661006691,0.05596480918941875
1991-03,0.0981475595578163,0.0,0.0,0.0882184645327878,0.0,0.0,-0.04008206792318343,0.2679368878481492,0.06683065051186426,0.0,0.0,0.0,0.0,0.0992360563822739,0.0,0.0,0.0861395685622344,-0.036948572414025584,-0.03345436566472813,-0.06511547391598096,-0.0,0.0,0.0,-0.0514002270919562,0.0,0.0,0.0,-0.028636142614716396,0.09479734986309482,0.07553392431379083,0.0,0.0,0.16413005428952032,0.0,0.10952918576864465,0.0,0.0,0.0,0.0,-0.052635770463079504,0.02746584947104715,-0.03244979391566635,0.0,0.11922644248403332,-0.07700871141894552,-0.07228267319173105,0.0,-0.042471550124618736,-0.045471581626741656,0.0,-0.01696040052838794,-0.04967037307051854,-0.036991716391848666,-0.04314794963619871,0.12145684667664104,0.023767919771831188,-0.058535852659304104,0.051556836718681824
1991-04,0.09925632791542977,0.0,0.0,0.08489458458896372,0.0,0.0,-0.04032303496287103,0.27329810301553287,0.06480298741505741,0.0,0.0,0.0,0.0,0.08734251368275481,0.0,0.0,0.08502237949672593,-0.03722535617815455,-0.03359755015798764,-0.06510104327402336,0.0,0.0,0.0,-0.05153414194755097,0.0,0.0,0.0,-0.029238471730483075,0.08745982972022467,0.0770904182526688,0.0,0.0,0.16923997353085762,0.0,0.11344278486974188,0.0,0.0,0.0,0.0,-0.053251639267394915,0.02753286782152104,-0.03263701835347001,0.0,0.119594542418586,-0.07957308775804517,-0.07678933480297423,0.0,-0.042646078007483754,-0.045810678706993735,0.0,-0.017051096277660764,-0.05277298209259872,0.038426694007604956,-0.04343723422496458,0.1231110589986188,0.02393975043522488,-0.05886332332683225,0.051879179749511825
1991-05,0.10280343197064223,0.0,0.0,0.08756545746785423,0.0,0.0,-0.04116146578564176,0.2816410024182681,0.06437679934692919,0.0,0.0,0.0,0.0,-0.0902202442146149,0.0,0.0,0.0861095328104089,-0.03837746931342194,-0.03439603430666489,-0.06711406484924828,0.0,0.0,0.0,-0.05351481741397591,0.0,0.0,0.0,-0.02965428966726455,0.09068934758027754,0.07943489545821848,0.0,0.0,0.17668123167562313,0.0,0.11854290632604753,0.0,0.0,0.0,0.0,-0.052809942847958286,0.028389097549066995,-0.03367815209473963,0.0,0.12357549034530126,-0.08200811946537731,-0.07805356084144456,0.0,-0.04471946507513573,-0.047483575465998594,0.0,-0.017574123412494577,-0.05440337097879816,-0.045768728845940215,-0.04523326923125458,0.12577989738171694,0.02463876057368513,-0.06033608959141557,0.05359874977765306
1991-06,0.11831478947063169,0.0,0.0,0.09708099529772095,0.0,0.0,-0.045552942063763736,0.3116750735430191,0.071470647336408,0.0,0.0,0.0,0.0,-0.10080389948766412,0.0,0.0,0.09520225294943321,-0.042335525454995096,-0.0380639711681029,0.0680659904552714,-0.0,0.0,0.0,-0.06263806032080813,0.0,0.0,0.0,-0.03321779290954511,-0.10113440387484873,0.08727624220795795,0.0,0.0,0.19968239577289687,0.0,0.13284836413872178,0.0,0.0,0.0,0.0,-0.058600955033436965,0.03139811804479055,-0.03740128685510658,0.0,0.13816871949558177,-0.09057999679487909,-0.08555187959931676,0.0,-0.05097465186862565,-0.05980559558694104,0.0,-0.019568979725057962,-0.0687063815689869,0.049783899058915476,-0.053645766029054076,0.1389480574317823,0.027343062655331485,-0.07198118208004292,0.06218603684031195
1991-07,0.11842249932732579,0.0,0.0,-0.1004678677166641,0.0,0.0,-0.04397947341779323,0.3173972594517979,0.07312357040476843,0.0,0.0,0.0,0.0,-0.10202841102696543,0.0,0.0,0.09870427077022874,-0.042637606000597746,-0.03805158083125162,0.06803706933924979,-0.0,0.0,0.0,-0.10842397026187556,0.0,0.0,0.0,-0.03653540801613544,-0.10134756415905143,0.08564060875835566,0.0,0.0,0.205475431593941,0.0,0.13662410184062632,0.0,0.0,0.0,0.0,-0.058643520311094634,0.031393117192838764,-0.06636396497569257,0.0,0.14187116404658412,-0.09125882375687272,-0.08052639833647073,0.0,-0.06364787420689204,-0.07363375801718117,0.0,-0.04316167476083844,-0.07061877415285663,0.05129544469030282,-0.06729078132194125,0.14632521360559017,0.027904073699162507,-0.07656983868349257,0.07117474893116879
1991-08,0.11817871182250894,0.0,0.0,-0.09866767113585279,0.0,0.0,-0.042140784148688104,0.3136098053730342,0.07210794220156232,0.0,-0.0,0.0,0.0,-0.10182577050561839,0.0,0.0,0.09868296486924695,-0.04258397762616036,-0.03804519393991985,-0.06641877845055799,0.0,0.0,0.0,-0.11403977840716031,0.0,0.0,0.0,0.03604994018669023,-0.10277473737588172,0.08483990775244654,0.0,0.0,0.20837685621234822,0.0,0.1393801947373352,0.0,0.0,0.0,0.0,-0.05676924594844423,0.03137180531096993,-0.06788224587362196,0.0,-0.15731050875896382,-0.09124124395063854,-0.07842214316173157,-0.0,-0.06375959660745009,-0.07745293216818563,0.0,-0.04487292501685178,-0.07122495257646837,0.05364204347314251,-0.07544626842387935,0.14700953629863275,0.027911854352777623,-0.07504653332748895,0.07046064462102031
1991-09,0.11806892438189807,0.0,0.0,-0.09893713596963044,0.0,0.0,-0.04358496293264437,0.3376818858080211,0.07352323385747683,0.0,0.0,0.0,0.0,-0.10183090660626358,0.0,0.0,0.09930293690368978,-0.04257848204460792,-0.037854697323199474,-0.06634654335981159,0.0,0.0,0.0,-0.11234976146057743,0.0,0.0,0.0,0.03631442074711362,-0.10311868324083957,0.08651948900369044,0.0,0.0,0.2046185777840598,0.0,0.13695522015998773,0.0,0.0,0.0,0.0,-0.055501108331509674,0.03155910502588976,-0.06876566554186646,0.0,-0.15266067925208696,-0.09008828394310249,-0.07760579695928041,-0.0,-0.06272499491709974,-0.08557905094094781,0.0,-0.04487314094695473,-0.06994504934017885,0.05469592015811351,-0.08269630845000026,0.14249056384689893,0.0282041993776196,-0.07893215140101466,0.07034718086639859
1991-10,0.11897446105616621,0.0,0.0,-0.09732719874110336,0.0,0.0,-0.043014958234949774,0.34704679692640644,0.07245857112360021,0.0,0.0,0.0,0.0,-0.09914833933632188,0.0,0.0,0.09860020740927282,-0.04258046095456925,-0.03802064097903594,0.06621784078344936,0.0,0.0,0.0,0.10705362678352177,0.0,0.0,0.0,0.0362902988156195,-0.09995674105537344,0.08663284509295584,0.0,0.0,0.20640077717480243,0.0,0.1385323821149595,0.0,0.0,0.0,0.0,-0.0553821457698814,-0.03153745299658837,-0.0689925037279678,0.0,0.14802813392822503,-0.09578202163553391,-0.07436343446765963,0.0,-0.06522976720142648,-0.08470829581599307,0.0,-0.045128391431551194,-0.06996652459493086,0.05476239577979804,-0.08404925461826578,0.13279488597463218,-0.028713245738585098,-0.07783805321094722,0.07062104658487653
1991-11,0.12189280435617736,0.0,0.0,-0.09887452828847734,0.0,0.0,-0.0454627621139836,0.3510572010747241,-0.07329798113773876,0.0,0.0,0.0,0.0,-0.10073299536193236,0.0,0.0,0.10243342092281452,0.03501070939053761,-0.038157130672568706,0.06608234003267785,0.0,0.0,0.0,0.09582880824895997,0.0,0.0,0.0,0.036714878008729405,-0.10190341431726845,0.08672119671684232,0.0,0.0,0.2081282781028635,0.0,0.14037075364105883,0.0,0.0,0.0,0.0,-0.05512891126392344,-0.03182055741591121,-0.06893333317486905,0.0,-0.14518385010916285,-0.09787602227592401,-0.0750060732998404,0.0,-0.06528467804939594,-0.08432162191203064,0.0,-0.044757788479716815,-0.07418738478275154,0.054376943559467,-0.0836542629961441,0.12705682227838253,-0.028700427008654064,0.07302365148859473,0.06939608356313452
1991-12,0.132375974535584,0.0,0.0,-0.10112186575564369,0.0,0.0,-0.04717526669569022,0.3914425432590394,-0.07108042455912084,0.0,0.0,0.0,0.0,-0.10065017570643307,0.0,0.0,0.10373672118525057,0.03525106543264269,-0.03817571726802843,0.0663582476034188,0.0,0.0,0.0,0.0959091862257266,0.0,0.0,0.0,0.0367908545151396,-0.10264900156627305,0.08544073313936147,0.0,0.0,0.21690086463408853,0.0,0.14432156887064396,0.0,0.0,0.0,0.0,-0.05561762787351324,0.03184495045518938,-0.06978479000681434,0.0,-0.1441836614751727,-0.09782807249110655,-0.07509414440077784,0.0,-0.0664753740315474,-0.08368723125987909,0.0,-0.046188834241011875,-0.08108390835457174,0.05431364869774785,-0.08384479212894162,0.12870184853652797,-0.028631774172751364,0.07308005517079613,0.06988584355487747
1992-01,0.1314869890665174,0.0,0.0,0.098248551172905,0.0,0.0,-0.047202609561973856,0.36944390751301476,-0.07140990856204243,0.0,0.0,0.0,0.0,0.09639325304906166,0.0,0.0,0.10264794636245785,0.034950139468584156,-0.045282670637409386,0.06649715859455775,0.0,0.0,0.0,0.0868522395722592,0.0,0.0,0.0,0.03679026327348988,-0.10087368434882889,0.07920296970380593,0.0,0.0,0.20157059990878687,0.0,0.13547188209579672,0.0,0.0,0.0,0.0,-0.055634945265845726,0.03128933953833231,-0.07088540020432979,0.0,-0.12766238016480919,-0.09765455831546788,-0.0746839926746885,-0.0,-0.06723484083585642,0.08640837281873015,0.0,-0.05046233225285284,-0.08777396446058511,0.05422320953591665,-0.08705027630501924,-0.12601766099459152,-0.028469223410277363,0.06866353140093061,0.0680590872587836
1992-02,-0.12795563841486723,0.0,0.0,-0.09167488091544725,0.0,0.0,-0.04428890843586379,0.33488918608463686,-0.06335672435666025,0.0,0.0,0.0,0.2547617973982655,-0.0917374493044724,0.0,0.0,0.09878897064771977,0.03324924836121738,-0.04454010351516572,0.05808913919163213,0.0,0.0,0.0,0.07509692187497517,0.0,-0.0,0.0,0.03436181065159356,-0.09744550492524753,0.07582460774109959,0.0,0.0,0.1780942127407549,0.0,0.12386610598412506,0.0,0.0,0.0,0.0,0.05230809724865917,0.029448980119838875,-0.06585338279146108,0.0,-0.1160878979641674,-0.09363119781957707,0.0677339953998739,0.047053751246697466,-0.06365354753776649,0.08195844101470197,-0.0,0.04537853500487258,-0.07979086402816275,-0.05111369915562007,-0.08189432996851989,-0.11488355307329191,0.026750438991597115,0.06198682573421747,-0.06523627377010963
1992-03,-0.16220360151148963,0.0,0.0,-0.09065411716444707,0.0,0.0,-0.04399429995368888,-0.3381468398515546,-0.0625011061415988,0.0,0.0,0.0,0.2583994198494515,-0.09122203225519457,0.0,0.0,0.09767648296378992,0.03293216738288046,-0.04400538871259974,0.057452780727898375,0.0,0.0,0.0,0.07418881673430225,0.0,-0.0,0.0,0.03439385388146932,-0.09581625005369085,0.07588869592963007,0.0,0.0,0.18050410170959694,0.0,0.12533917221919083,0.0,0.0,0.0,0.0,-0.05270271640708263,0.029155593756154317,-0.06523122916196401,0.0,-0.1143934863670098,-0.09278650297261769,0.067196357258583,-0.046459715410159946,-0.06394356934563084,0.08174903070843524,-0.0,0.04498431086866224,-0.08102390175049018,-0.049472427073129994,-0.0806774164422304,-0.11429735988124667,0.026622266558420267,0.059464219379842774,-0.06452076961586611
1992-04,0.16200802211175996,0.0,0.0,0.0912197961130345,0.0,0.0,-0.04280251190102206,0.3360234516663698,-0.06188393254222179,0.0,0.0,0.0,0.2549749348955908,0.09280988606333476,0.0,0.0,0.09925189442991897,0.03424319329720216,-0.043882023719925105,0.057179870876314855,-0.0,0.0,0.0,0.07338820293799413,0.0,-0.0,0.0,0.034257859573494365,-0.10116542266306418,0.0751027868698515,0.0,0.0,0.1774846079884047,0.0,0.12370985616841856,0.0,0.0,0.0,0.0,-0.05759554712181886,0.03028941957443582,-0.0649820473242907,0.0,-0.11306481892834788,-0.09189363690741108,0.06678418379979777,0.04620592621392923,-0.06414978080242197,0.08196079692501468,-0.0,-0.045567592827477646,-0.08012473676671981,-0.04908594284469667,-0.0809561675527984,-0.11424147423439994,0.026843479442393237,0.05977161139927606,-0.06509458351684776
1992-05,0.1638538374797178,0.0,0.0,0.0903116205534713,0.0,0.0,-0.043104341601640596,-0.33468170301352873,-0.061648456712207395,0.0,0.0,0.0,0.2579642202020893,0.09231603969496206,0.0,0.0,0.09878626065191835,0.03360223056470626,-0.04339234385841743,0.05722274793299936,0.0,0.0,0.0,0.07274059667649431,0.0,-0.0,0.0,0.033932476321043854,-0.1009609785176748,0.07536258466929027,0.0,0.0,0.17800250027921186,0.0,0.123388768472082,0.0,0.0,0.0,0.0,-0.05720175671038455,0.03039039703754719,-0.06318679332239416,0.0,-0.11670767094338763,-0.09148889700898433,-0.06643974019987095,0.046330819018886395,-0.06391229152230128,0.08144010392526208,-0.0,-0.044808693209100345,-0.07932213990250042,-0.052732527028139006,-0.08046655480717602,-0.1135643895326748,0.02667236206978976,0.059753075449887054,-0.06431008111025856
1992-06,0.17959206782859052,0.0,0.0,0.09361190776050274,0.0,0.0,-0.042337813208172245,-0.3429803132854388,-0.059844074251624906,0.0,0.0,0.0,0.253170122158869,0.09383681347910691,0.0,0.0,0.1025032610023795,0.032915717672382,-0.042851368792905,-0.05614725493585594,0.0,0.0,0.0,0.07101245241016856,0.0,-0.0,0.0,0.03340813836703487,0.09854544548797323,0.07449322808017733,0.0,0.0,0.17685473394263757,0.0,0.12200260493003084,0.0,0.0,0.0,0.0,-0.05712361958894534,0.030079420883417668,-0.061809085793470796,0.0,-0.11476454016060286,-0.09143631268869293,-0.06736716170078093,0.04873565686908587,-0.06205711991658089,0.07951672107964462,0.0,-0.04472371584220652,-0.07670293416529915,-0.05186316719399922,-0.07622213107203894,-0.11333499543826692,0.02619902814015304,0.0591439938214987,-0.06281307805146556
1992-07,0.17809808435666144,0.0,0.0,0.09175547354126859,0.0,0.0,-0.04214134098452239,-0.3434696500298459,-0.05832327257929726,0.0,0.0,0.0,0.2577781519843839,0.09035043793117767,0.0,0.0,0.10170607163458958,0.03260743871316171,-0.043315546760873645,-0.055276061146028156,-0.0,0.0,0.0,0.07044461897597196,0.0,-0.0,0.0,0.039491188786408206,0.09401735543069303,0.07387547929309327,0.0,0.0,0.17902747594005,0.0,0.12730148348993664,0.0,0.0,0.0,0.0,-0.05835340407081634,0.02972397929045164,0.061137898228533744,0.0,-0.11424319415085148,-0.09142709580941531,-0.06675468312558484,0.04862823125010493,0.061556414005474305,0.07888941850086909,0.0,-0.044810554966308064,-0.07559375387881344,-0.053912364036366504,0.07572931382498223,0.11323331912347273,0.02603331853736492,0.0590175083948242,0.06197641722780296
1992-08,-0.17751957130105853,0.0,0.0,0.09583987643267461,0.0,0.0,-0.04165602942109951,0.34255428051045356,-0.059357258618673414,0.0,0.0,0.0,0.2556465183410865,0.09058600617987013,0.0,0.0,0.10423826262669372,0.03281022543703104,-0.05183890414761779,0.054229718261796844,-0.0,0.0,0.0,0.06516869265296453,0.0,-0.0,0.0,0.03935093610224932,0.0932797292218029,0.07687832226338141,0.0,0.0,0.1751104180564478,0.0,0.12369416651687748,0.0,0.0,0.0,0.0,0.05548331300776032,-0.029745225032262537,-0.06091258101373561,0.0,-0.1108848459252162,-0.08942170761610645,-0.06676729436993271,0.04897889297735817,-0.06314968390169859,-0.08054841831924196,0.0,-0.04764046027067049,0.07533365425635183,-0.05371374438810512,-0.07943543734078913,0.11416512576901407,0.026093867230389003,0.05708443785762638,-0.0608823946319627
1992-09,-0.16402352320128388,0.0,0.0,0.0987958697769708,0.0,0.0,-0.04192657906458729,-0.331492627083925,-0.05653038857836885,0.0,0.0,0.0,0.277854166730414,0.0913662518234616,0.0,0.0,0.10822767521187941,0.032263940526424326,-0.05230738261484787,0.04991195890463389,-0.0,0.0,0.0,0.06369559156582942,0.0,-0.0,0.0,0.039367441860862384,0.09357719379467162,0.07541941932742086,0.0,0.0,0.18214577436782456,0.0,0.12608416614843196,0.0,0.0,0.0,0.0,0.055340207692947896,-0.029345460042280714,-0.06122447029654096,0.0,0.10977609157199539,-0.0875455250215245,-0.06577323345448083,0.05324073187124607,-0.06183860959270107,-0.08055228083933658,0.0,-0.047590723718389065,0.07399432108829443,-0.05457033132038241,-0.07849502679082525,0.11430549979283652,-0.025724612330530933,0.05621828509917882,0.0594746388946705
1992-10,-0.17148838836306482,0.0,0.0,0.08881527112927526,0.0,0.0,-0.04340826691148544,-0.26141014556980796,-0.057925066262696515,0.0,0.0,0.0,0.28425806020278394,0.0954200857277843,0.0,0.0,0.1129698157723581,0.03345347380144589,-0.053523325122705585,0.050302451943428875,-0.0,0.0,0.0,0.06448997200650448,0.0,-0.0,0.0,0.04097708337773679,0.09765070139265761,0.07763970016953717,0.0,0.0,0.1869735947239445,0.0,0.12967125331126017,0.0,0.0,0.0,0.0,0.05643749683936924,-0.030385914023640645,-0.06297626923079586,0.0,-0.11332283971824401,-0.09026172822303766,-0.06829884231304384,0.05464931351097059,-0.0635086799180101,-0.08254264568725124,0.0,-0.048129495029583906,0.07728551269289285,-0.05663859702659074,-0.0810723206428996,0.11857278874075787,-0.026583311120260106,0.05712543544411763,0.06183215405005692
1992-11,-0.17223047658121815,0.0,0.0,-0.07906462029879129,0.0,0.0,-0.04400166235599457,-0.26380215684609615,-0.059129257982790576,0.0,0.0,0.0,0.28079933842726096,0.08944790546928454,0.0,0.0,0.11547379916147607,-0.03380996555792275,-0.045406465995833416,0.050550714622543465,-0.0,0.0,0.0,0.06572433265089468,0.0,-0.0,0.0,0.04173377724474373,0.08801308924518564,0.07961883350595877,0.0,0.0,0.187318178301886,0.0,0.13272304735871518,0.0,0.0,0.0,0.0,0.057753308732564124,-0.03115373552172514,-0.06409209717712744,0.0,-0.1144437601854239,-0.09193044053227593,-0.06945927499926985,-0.05623707579219189,-0.0643849389641661,-0.08410984641844182,0.0,-0.049020287692497666,-0.07838817347351033,-0.058770778241925316,-0.08229445437872318,0.12072817931788406,-0.02698031553791674,-0.0582454966243679,0.06316021480339283
1992-12,-0.15743632524027995,0.0,0.0,-0.07238599212180055,0.0,0.0,-0.040444125205973645,-0.21976685966114118,-0.05320793554838415,0.0,0.1606103227352855,0.0,0.25366443344482326,0.08196253905311969,0.10377455866453131,0.0,0.10604382570270117,-0.030937412487575162,-0.041695099241458,0.04526570808744748,0.0,0.0,0.0,0.06022488467578073,0.0,-0.0,0.0,0.03831462190022241,0.07950675096376236,0.07292341656039794,0.0,0.0,0.17178974316942774,0.0,0.12223578846841603,0.0,0.0,0.0,0.0,0.05249873367327666,-0.02864407621215896,-0.05857750079402933,0.0,0.10307957918099633,-0.09535652876734689,-0.0683757288220839,-0.05181675292643882,-0.05825597675903313,-0.0777488645094379,0.0,-0.04445522019914757,-0.07300377136560518,-0.05402973479839164,-0.07572925790221118,0.10959031021340258,-0.024785126032384877,0.0531302014896245,0.058732293421902074
1993-01,-0.15812749157856937,0.0,0.0,-0.07282192794335718,0.0,0.0,-0.040135147599377884,-0.21619185109686265,-0.053399250245339695,0.0,0.16033448035382028,0.0,0.2539078449805002,0.08359613539623993,0.10283097672842181,0.0,0.1065222274886216,-0.032597353093122075,-0.04128258079259169,0.04343815663414414,0.0,0.0,0.0,-0.05997554866993339,0.0,-0.0,0.0,0.03877183300521155,-0.07962751228783575,0.0729883002347289,0.0,0.0,0.17082888874545393,0.0,0.12139591123568283,0.0,0.0,0.0,0.0,0.05005136649873888,-0.029503485422678534,-0.05858324195761658,0.0,0.10321088799609082,-0.09598409102782987,-0.07127117145279886,0.05171541160002262,0.058408739507376475,-0.07693043245725234,0.0,-0.04443093677315218,0.07376388821578496,-0.05426820001134794,-0.07585131291681091,0.11025847985251144,0.025002284710852772,-0.052828898881060696,0.05916375260825913
1993-02,-0.15347167712809195,0.0,0.0,-0.07140770677765619,0.0,0.0,-0.03902717486618521,-0.21610650910143953,0.051804628262108,0.0,0.15984150644398715,0.0,0.24936500680646265,0.08074365349172462,0.10481193679163665,0.0,0.10303559464201693,-0.03251858185716263,-0.035349681963364535,0.040714682160742,0.056737366967538706,0.0,0.0,-0.05833609368521783,0.0,-0.0,0.0,0.03874105723891786,0.07721757821630335,0.07420479459710037,0.0,0.0,0.1693472924705063,0.0,0.12326020508698844,0.0,0.0,0.0,0.0,0.04800813547640604,-0.02850472718992742,-0.056605561626794726,0.0,0.0998619597018143,-0.09368262823979508,-0.06886140297014368,-0.05076691740740468,-0.056422950350706685,-0.07750565474211336,0.0,-0.04422251975650498,0.07142869217504119,-0.055114753428804016,-0.07385007898260716,0.10657871044086471,0.024277195757276635,-0.051049389067439034,0.05721599413120547
1993-03,-0.14954509372429514,0.0,0.0,-0.07004557078488516,0.0,0.0,-0.03990188642353888,-0.2104264377219595,0.05103804457887674,0.0,0.19415938398237265,0.0,0.24707757864777055,0.07997064634613517,0.10707809336210533,0.0,0.10049788434277064,-0.032266721096667346,-0.03702980307375201,0.02863842105179093,0.056648935372095276,0.0,0.0,-0.05758952638230545,0.0,-0.0,0.0,0.0366562172582464,0.07611662128636919,0.07363631934004826,0.0,0.0,0.1667699792743724,0.0,0.12092187081991276,0.0,0.0,0.0,0.0,0.04823277426294759,-0.028476885622730944,-0.056711434571779254,0.0,0.10068329692009459,-0.09313956386132327,-0.068323755374749,-0.055450511815004225,-0.05989589430076457,-0.07737392600578442,0.0,-0.044206261489611244,-0.07020145882955947,-0.05157971387950023,-0.07339330188941773,0.10407347200795032,0.02415123314084221,-0.050374102018290325,0.057717379139380576
1993-04,-0.14645694239834003,0.0,0.0,-0.06733557759723921,0.0,0.0,-0.0415635674156813,-0.21498659029665523,-0.05032678404992707,0.0,0.20144910105812067,0.0,0.24906983287137419,0.07854459858215646,0.11194706784999892,0.0,0.10646542321894832,-0.030218828216252352,-0.03614232285006195,0.028243695852136506,0.05609334977487179,0.0,0.0,-0.05670293365955148,0.0,-0.0,0.0,0.03404258748742665,0.07472338020698009,0.07264871329045479,0.0,0.0,0.16626766266167234,0.0,0.12055862850573754,0.0,0.0,0.0,0.0,0.04637266985419487,-0.028119993338374186,-0.055456627151479504,0.0,0.09971321618600472,-0.10176634607421332,-0.06365799115990375,-0.059904020310136225,-0.05958098403097236,-0.07581792319822474,0.0,-0.04320511236836116,0.06851016336527918,-0.05052566532646503,-0.07280617057205602,0.10293415138135731,0.023973766006313856,0.04948512351699736,0.054382488316079926
1993-05,-0.14466572458837365,0.0,0.0,-0.06579277696688166,0.0,0.0,-0.042318275751341936,-0.21218437029672274,-0.049843914363975804,0.0,0.21323984013305874,0.0,0.25620939567834095,0.07745151332258045,0.11552443356394651,0.0,0.10442352480968108,-0.029866257337950175,-0.03520346976204952,0.026552020425607364,0.056227168722432386,0.0,0.0,-0.055609743348773805,0.0,0.0,0.0,0.03357716498953366,0.07327226835058194,0.0716045895178844,0.0,0.0,0.17158382174279127,0.0,0.12444158112619418,0.0,0.0,0.0,0.0,0.0462921557061843,-0.028062443872150115,-0.05709038122807812,0.0,0.09864872953320368,0.09519725865841017,0.05619404814512722,-0.05505936274204997,-0.060601665395659546,-0.07968617590660135,0.0,-0.04467158436455594,0.06449266488267777,-0.04987237981361499,0.0752852760747152,0.10181299579591752,-0.024065535799926874,0.049843413155457046,0.05353207412696827
1993-06,-0.14337719003177168,0.0,0.0,-0.06544230956191127,0.0,0.0,-0.04372853577887383,-0.2103744112105727,0.05060463631920263,0.0,0.2120423272762917,0.0,0.253321684480497,0.07699928225267813,0.1255391482859658,0.0,0.10437020499546411,-0.0262806936120645,-0.034932701070862805,0.02490763012468322,0.06020972827091356,0.0,0.0,-0.055382303629467014,0.0,0.0,0.0,0.03299302544619064,0.07266062430162488,0.07545198916589194,0.0,0.0,0.17327051795592419,0.0,0.1280490474538031,0.0,0.0,0.0,0.0,0.045708122430281606,-0.027795513193536837,-0.056440147634686945,0.0,0.09808584136301837,0.08952640125301874,0.05505220656299372,-0.05390928454660716,-0.05984218576557795,-0.08039086201803952,0.0,-0.047573039721927314,0.06452033408576995,-0.0495467360259705,-0.07609338043415363,0.09928544033108526,-0.024027059820844042,0.04927674751581971,0.052988706072013815
1993-07,-0.14961134748660182,0.0,0.0,-0.06604237407857423,0.0,0.0,-0.046181983461934875,-0.2141468097107088,-0.053300950089044064,0.0,0.21140687096222516,0.0,0.25224638437633357,-0.07412024640555645,0.12412790786727242,0.0,0.10536911394178376,0.026525385025944575,-0.03567915640698003,0.024544937459187677,0.0606011219835881,0.0,0.0,-0.05602383705079007,0.0,0.0,0.0,-0.033159070805119296,-0.07063696875818651,0.07630071687023343,0.0,0.0,0.1715844685115762,0.0,0.12495708978862108,0.0,0.0,0.0,0.0,0.04417643619792053,-0.027890129670610497,-0.05823341716630494,0.0,0.09765029236155451,0.09088013734770857,0.055924475539126134,-0.053335489925570245,0.056656337061419454,0.07789970701086715,0.0,0.047916996269813814,0.06491313323598435,-0.047642708649057494,0.07336478266785344,0.09998509153212431,-0.024170947959710004,-0.049611402427609336,0.05318177393650331
1993-08,-0.1413711269159332,0.0,0.0,-0.06849508007692624,0.0,0.0,-0.0454889122405912,-0.21655948376341463,-0.052560562693561214,0.0,0.21353348149600404,0.0,0.2506001321541817,-0.07511269426512979,0.12420375486414227,0.0,0.10678442755142377,0.026369706144771358,0.03176543479856574,0.024408842275771312,0.0606509118715491,0.0,0.0,0.06015880976859987,0.0,0.0,0.0,-0.03348883381434919,-0.07219777975228801,0.0761564137887229,0.0,0.0,0.17064360717175356,0.0,0.12458932679017391,0.0,0.0,0.0,0.0,0.043948401862254946,-0.02877851190561875,-0.060264128004663825,0.0,0.10216735955968649,0.08531564288068774,0.04802519296787624,-0.05558998780156991,0.05640272270017027,0.07488589509420429,0.0,0.04940854417538643,0.06161746914231416,-0.04889309305489462,0.07390342504098504,0.10651958775769306,-0.024515157817089385,0.05242228819981368,0.0522032698372383
1993-09,-0.14082282085994832,0.0,0.0,-0.0668314525225839,0.0,0.0,-0.04230146309224618,-0.20107834449651937,0.05021400008228685,0.0,0.22220563422875336,0.0,0.25446226297283503,-0.07197975749112027,0.11946152114667764,0.0,0.1036870366062134,0.02575779538114715,0.031164685740998108,0.023735086922456662,0.0609655756960635,0.0,0.0,0.06026348012842832,0.0,0.0,0.0,-0.032832792420506435,-0.07001231078817581,0.08374688300221862,0.0,0.0,0.1779729768770753,0.0,0.13668015385363516,0.0,0.0,0.0,0.0,0.04087331433284168,-0.043171808082243246,-0.06032824869952472,0.0,0.10220428394669054,0.07704524242265431,0.0448387836378351,-0.055087391673104,0.05501975953012455,0.07106998560300179,0.0,0.05463186085919322,0.05771971693482904,-0.0484408109841175,0.07119914472177416,0.10720323815907404,-0.027022840792657477,0.052749224506834565,0.05521831080361034
1993-10,-0.11587164479352596,0.0,0.0,-0.05697579263245454,0.0,0.0,-0.03525611036310018,-0.17158033582731197,0.04257666320430903,0.0,0.1958264589914919,0.0,0.21707673199413477,-0.06100864203599191,0.10197520717894773,0.0,0.08903409550734878,0.022087255966215677,0.026832491500399347,0.020319473095417182,0.0561490459453345,0.0,0.0,0.05163017903536255,0.0,0.0,0.0,0.027573292766540698,-0.05900192972743388,0.07579808374715817,0.0,0.4136062892088861,0.1519646929463497,0.0,0.11625635899366639,0.0,0.0,0.0,0.0,0.03702457623538972,-0.04604426175020798,-0.05102496527020496,0.0,0.08689063880084116,0.06631997538038623,0.0351074713913638,-0.043918977810497396,0.04703856802310834,0.05803781217820373,0.0,-0.04697084177751014,0.05141974582856447,-0.03556604746149922,0.05953220147766613,0.09143653393029648,-0.03879764220983384,0.044986540672382606,0.051482424340662754
1993-11,-0.11776441889952828,0.0,0.0,-0.05805666578792192,0.0,0.0,0.03605356202062736,-0.1699776338088456,0.04298868342296159,0.0,0.1995555523391892,0.0,0.21625030162026457,-0.06112924665930793,0.10302147290956094,0.0,0.09413626158055886,0.02173199202330522,0.02653777352157225,0.019974725424748926,0.05592869665421987,0.0,0.0,0.05133668627435432,0.0,0.0,0.0,0.02790634213719135,-0.05814092421337675,0.07589297578223596,0.0,0.4138661535501534,0.1511596299005223,0.0,0.11626192841678798,0.0,0.0,0.0,0.0,0.03700927233341018,-0.04583033910519266,0.04995460451075575,0.0,0.08675018102449947,0.0679799010717312,0.03646530036856262,-0.04396216951291432,0.04838784038914497,0.05832113511396612,0.0,-0.046912277207892115,0.05102801544595509,0.023091925999492474,0.06008639557618012,0.09143444279887145,-0.038095728966880266,0.045443033843014465,0.051575809784302075
1993-12,-0.11841354900224518,0.0,0.0,0.058522580376211754,0.0,0.0,0.035983354086396926,-0.17120047727392876,0.04274108294829364,0.0,0.20119910946303404,0.0,0.2131022681312234,-0.06159087255208197,0.10582085096891762,0.0,0.09604073315442675,-0.021634491589864958,-0.026902769878125576,0.0208150707793523,0.05685846550867898,0.0,0.0,0.04555932703398778,0.0,-0.0,0.0,0.02813489349485567,-0.05866109847638414,0.07835208302906979,0.0,0.41734048440916865,0.1490560925293664,0.0,0.11593337748907005,0.0,0.0,0.0,0.0,0.03720177011401886,-0.044668313811650776,0.04818192468815129,0.0,-0.08569341683929624,0.06857298899629781,0.03676638116326447,-0.04440945792035686,0.04510911770353114,0.05684896474140204,0.0,-0.04867672507830863,0.05167324624569858,0.023263639200551366,0.05862340414017602,0.0900415093471483,-0.04022829025500301,0.04641686010235178,0.04976095747810861
1994-01,0.11466807740766896,0.0,0.0,0.05873320852066231,0.0,0.0,0.03630459918076689,-0.17110107779430467,0.04175630211977088,0.0,0.20726777856975095,0.0,0.2136948649605805,-0.061767720235500534,0.10412350077176107,0.0,0.0955996514695003,0.021681899545547344,-0.02688659867594183,0.02094404451322669,0.05573534949653691,0.0,0.0,0.04466953698793481,0.0,0.0,0.0,0.028366056556836456,0.058891830236487974,0.07866188487659205,0.0,0.4189083594653945,0.1497193557483862,0.0,0.11626422207459637,0.0,0.0,0.0,0.0,0.03949038225953273,-0.04524084987273127,0.047057867084856674,0.0,-0.08614952422777998,0.06705419554973076,0.03457823000761203,-0.04368602536380542,0.042299465976886386,0.059241734068000665,0.0,-0.05141874887521977,0.0501413862506424,0.02330799586181998,0.058887629598354016,0.09112592713589691,-0.039357297177378896,0.045597505205674044,0.049619316276329845
1994-02,0.10620157538505672,0.0,0.0,0.05745638705094826,0.0,0.0,0.035404558006629186,-0.16723395695477142,0.03754144449041536,0.0,0.21103122216062875,0.0,0.2086757560010084,-0.06051241199306496,0.10600162916873128,0.0,0.0938165582591067,0.021205298942462345,0.02638253564839717,0.019792431833209556,0.05453957684345154,0.0,0.0,0.041706327579969116,0.0,0.03004797641207559,0.0,0.02801420835665295,0.0573886058363068,0.07770671893338202,0.0,0.41001499640016414,0.14606398730470976,0.0,0.11305486204657444,0.0,0.0,0.0,0.0,0.03876561024416862,-0.04620951286483766,0.04623992998776034,0.0,-0.08431306745544996,0.06964679406428273,0.03483105435848423,-0.043767249261477154,0.04137885933920025,0.05771582553864155,0.020254286548109027,-0.0500727752597934,0.05017361662522933,0.023356620845423563,0.057060780459243184,0.08921136780156068,-0.04504670647069751,0.04442413406670179,0.047738783201222594
1994-03,0.10811622611780626,0.0,0.0,0.058697833226523395,0.0,0.0,0.03594565346919547,-0.17154421064943984,0.04041718427340588,0.0,0.1886982282012325,0.0,0.19947504152285153,0.06204003591025206,0.10010202907255016,0.0,0.09435592944784761,0.02168864199036884,0.02729151120485998,0.02000423131727648,0.056511843176840944,0.0,0.0,0.04203301973985021,0.0,0.031490167669584575,0.0,0.02830149257359597,0.059545202069889565,0.08126947893269909,0.0,0.41756782770702205,0.14019646883345238,0.0,0.10731303202272538,0.0,0.0,0.0,0.0,0.03846355514881043,-0.04709883911920368,0.047089711468739234,0.0,-0.08590716558607973,0.07093358132675626,0.035510654827991886,-0.04634078495422462,0.042140540696496934,0.05883053234940086,0.02030430684420262,-0.051050896353619,0.05162484251234422,0.023135149213495562,0.058086248125849727,0.09252204200973436,-0.045681902275006465,0.044668024994391986,0.04800593306438211
1994-04,0.10841363055759566,0.0,0.0,0.0630994480529551,0.0,0.0,0.03621483727183212,-0.1668678379731141,0.04138071016739533,0.0,0.1930388899255442,-0.0,-0.18729532018572284,0.07046738790088271,0.09627870981201915,0.0,0.10525987226466584,0.02190674710368085,0.02716746682564111,-0.01963366273092096,0.054388694245684543,0.0,0.0,0.04231812769589277,0.0,0.03165220769127855,0.0,-0.028537875348456483,0.0648290374756213,-0.07905251134501547,0.0,-0.41291318150862155,-0.13116812942937472,0.0,0.1006374127191246,0.0,0.0,0.0,0.0,0.03882491768363232,-0.05005730049954444,0.04661087284189265,0.0,-0.08664781418089512,0.07193914933711337,0.0353819794170957,-0.04716993847833618,0.042736102977324476,0.05960116319545082,0.020243499946642717,-0.053711696352891546,0.05078567617536989,0.023447998454184528,0.058836872923904965,-0.09313301820908429,-0.0465287445160683,0.04499416029116495,-0.04682739628836379
1994-05,0.10868786432558197,0.0,0.0,-0.06353836542546794,0.0,0.0,0.03727360914740111,-0.16987050280173607,0.04280921900431294,0.0,0.19031441125402743,-0.0,-0.18539305183867794,-0.07131609514959016,0.09673268730855658,0.0,0.10894083076051056,0.022150519619790508,0.02741201359803759,-0.01946842286465628,0.054900004837145494,0.0,0.0,0.04158096043598795,0.0,-0.03199731265747913,0.0,-0.029823874127182414,0.06564771838845196,0.08004693911654738,0.0,-0.40287626417511774,-0.13167699367116772,0.0,-0.1006300448768604,0.0,0.0,0.0,0.0,0.040324401081495743,-0.050798048418952975,0.04717561056024597,0.0,-0.0866945114845618,0.07132231266476693,0.03508890006477735,0.046957346988010906,0.04363305486358687,0.06050002120128475,-0.020564102100443148,-0.05339081738912803,0.050334572682540255,0.021992464552830104,0.05953725008515594,-0.09123891027733488,-0.043892874895112996,0.046358975629582,-0.04710811967590238
1994-06,0.10961075821081016,0.0,0.0,-0.06494695871321711,0.0,0.0,0.03242782144492244,-0.17520376245603458,0.04382498358937934,0.0,-0.1836260512545437,-0.0,-0.1884490361413251,-0.07320003612897968,0.09309696914451278,0.0,0.10753587916514658,-0.022619049845851086,0.022084663703723265,0.01985167380350435,0.05463130360519736,0.0,0.0,0.04250594028641646,0.0,0.03218929985437329,0.0,-0.03045229800325485,0.0675531151559602,0.08290709483098789,0.0,-0.40733788531889,-0.1341221135466249,0.0,-0.10248931093921003,0.0,0.0,0.0,0.0,0.041429734425903794,-0.050527107773023064,0.04809937144784727,0.0,-0.08436059759712504,0.07237623493285851,0.03577371157630037,0.04521535865174582,0.04447106778595375,0.06007276248544062,-0.020733242762328522,-0.054019513694762,0.052105726427473666,0.022581497457038514,0.060260298870200305,-0.08069998605802488,-0.0423357276058374,0.04720286898871918,-0.04706918631655147
1994-07,0.10913858032470442,0.0,0.0,0.06574755294092523,0.0,0.0,0.03354618971520655,-0.17567095840759672,0.04203814313721065,0.0,-0.18664055835309384,-0.0,-0.1885739337032249,0.07385595917215457,-0.09312441208640504,0.0,0.10020295331823656,-0.022122937523274423,0.017435122563758936,0.01940212887463569,-0.05524491840024917,-0.0,0.0,0.042918632073625576,0.0,0.03310002009271421,-0.0,0.033784528274156726,0.06745945079618969,-0.08560599231151902,0.0,-0.40719249889401365,-0.13409613020321678,0.0,-0.10242676395517557,0.0,0.0,0.0,0.0,0.04119330890942741,-0.05077099292077592,0.04721464708623361,0.0,-0.08400053337506187,-0.0724632471217503,0.036089122166491155,0.04523557078895567,0.04506972482986677,-0.05996410741154899,-0.020794502097549187,-0.056270430331672394,0.052052597126889484,0.022325800827225295,-0.060767364483286394,-0.08039858170751395,-0.04087174892201075,0.048165192450021266,-0.04702416232243187
1994-08,0.10892590239525331,0.0,0.0,0.06670259198746084,0.0,0.0,0.03339295244464541,-0.1749806029411247,0.043181114037222815,0.0,-0.1841534495468249,-0.0,-0.18679675299798726,0.07467692018389366,-0.09312476729488654,0.0,0.09811532210004559,-0.02180622477297535,0.017409225835706036,0.019548483411014988,0.05558880387357859,0.0,0.0,0.04275372380451284,0.0,0.033092710505088954,0.0,0.03522563692956535,0.06721835679509573,0.08645390908125013,0.0,-0.4050427313400697,-0.13231396571434914,0.0,-0.1001717430752118,0.0,0.0,0.0,0.0,0.04287338066143531,-0.050135555722893986,-0.051433827524583836,0.0,-0.08232343717592783,-0.07230497080968627,-0.036864724916176594,0.04493851798110679,0.04761224193812678,-0.06240556428742913,-0.02010614649391053,-0.06033783229080716,0.05196177225244289,0.021967073108957163,-0.06162669036609419,-0.07574949142109896,0.040221890666077544,0.048820822282106525,-0.047640169033374924
1994-09,0.10903695060446611,0.0,0.0,0.06653175398802293,0.0,0.0,0.03223716014625317,-0.1725960651099447,0.04323996332092746,0.0,-0.17848882540498928,-0.0,-0.18962495002038462,0.0745166545428739,-0.09326582638977562,0.0,0.09766537923980893,-0.021709819342225007,0.01737672242143266,0.01955715396718129,0.05454568351018724,0.0,0.0,0.04103795070462135,0.0,-0.03346388778819162,0.0,0.03594481763600091,0.06709901670412242,0.08533093736826992,0.0,-0.4131173246474799,-0.13382558687585094,0.0,-0.10113659035688079,0.0,0.0,0.0,0.0,0.045030969792026684,-0.04852322363510642,-0.051282489423631665,0.0,-0.08273620064635437,0.07419871080121505,0.03739387068535843,0.044751605514325145,0.04846601351459724,-0.06326125663387257,-0.019301340451595247,-0.05809010998948107,0.05359738831961931,0.021967486737535798,-0.061431285431076295,-0.07755838751396801,0.03816112745409343,0.04709585556860851,-0.0458036577976441
1994-10,0.11118027035906666,0.0,0.0,0.06782122527292701,0.0,0.0,0.033760959629611,0.1692684668217101,0.04377455416994741,0.0,-0.1724970909729769,-0.0,-0.18767856598386004,0.0768915281648071,-0.09398554245731273,0.0,0.09939229291808518,-0.02188513207859485,0.017576890994277557,-0.019305995125364826,-0.05313429480908908,-0.0,0.0,0.04121101274634304,0.0,-0.03382665710680898,-0.0,0.03627701857358935,0.06862480633492861,-0.08528802030473388,0.0,-0.41050008684382794,-0.13210977874280422,0.0,-0.0988822927528173,0.0,0.0,0.0,0.0,0.045146187742474725,-0.048647946421957154,-0.051530534972593474,0.0,-0.08590730825801028,0.07456364840154547,0.03822165644978163,0.04489589102926935,0.04875403418365845,-0.06258949397368833,-0.019321198415983072,-0.05732815148375547,0.05434450183385827,0.02197515623954907,-0.05984662635922817,-0.08184939117060896,0.03815713888887819,0.0468975727444899,-0.04515107826718678
1994-11,0.11218999151839965,0.0,0.0,0.06668109620577217,0.0,0.0,0.03362894043550771,-0.170468366821067,0.04319706579552777,0.0,-0.17183621725043546,-0.0,-0.18684861327742616,0.07611154192344194,-0.09385543451065084,0.0,0.09889812833802102,-0.02541851658969653,0.017367508979909296,-0.019169674017413197,-0.053268817042255556,-0.0,0.0,0.04135030546845831,0.0,0.03384835099975846,-0.0,0.03611208788418495,0.06837932020173453,-0.08469674154995323,0.0,-0.4120592980413324,-0.1310555696770131,0.0,-0.09842925224378117,0.0,0.0,0.0,0.0,0.04502211803452128,-0.048465662545779845,-0.05142797326718573,0.0,-0.08521383782475847,0.07340953427666704,0.03744916666884045,0.043342118984778875,0.04814952291530564,-0.06291114448688552,-0.019290762994334472,-0.05762551540187166,0.05424777690535098,-0.021995205873431154,-0.060891275491794496,-0.08375018292571947,0.0385851588166334,0.04762797993951386,-0.045724223874887275
1994-12,0.11013880696068593,0.0,0.0,0.06664772377102253,0.0,0.0,-0.033459753263350545,-0.17102043433132763,0.043870311855400884,0.0,-0.16823565924615275,-0.0,-0.1882908332970745,0.07565072431039925,-0.09474414195936777,0.0,0.09829448059591689,-0.025637698701800805,0.017244422941108856,-0.01943461488117388,-0.055377137823809645,-0.0,0.0,0.041690093129225066,0.0,0.03523219500761257,-0.0,0.03474908848581523,0.06713676388564523,-0.08667202046560352,0.0,-0.4108664926450379,-0.13271437099305347,0.0,-0.09990178751280235,0.0,0.0,0.0,0.0,0.045703835031442895,0.04935495551504188,-0.05273466672690169,0.0,-0.08537229614438037,-0.07495067657453014,0.037372697067109335,0.041452381202491236,0.045847056224579505,-0.0644326337827333,-0.01891439560472491,-0.053187514228194475,0.054562941005556205,-0.02231477755671541,-0.061722947891462376,-0.08293759636068802,0.03977344374586591,0.04792885897184927,-0.044426770302346257
1995-01,0.10927548799175149,0.0,0.0,0.06726482831606849,0.0,0.0,0.03229166517221522,-0.16535579155299054,0.039826973384132866,0.0,-0.16483972023451904,-0.0,-0.18939667748178773,0.07815318414801978,-0.09148130139652944,0.0,0.09738791973736619,-0.02484375896642583,0.01681569446533184,-0.018773606059897873,-0.05408464239830601,-0.0,0.0,0.04163355491052213,0.0,0.03424807759453385,-0.0,0.03371036476588956,0.06701099371374267,-0.10594125824034512,0.0,-0.4152740158411568,-0.1389315346559872,0.0,-0.10471992036623028,0.0,0.0,0.0,0.0,0.04515798398795592,0.04995271370399751,-0.05075516643333008,0.0,-0.09200007684260704,-0.07443065506137539,-0.03657479361555248,0.04033158788322815,0.0443672338757451,-0.06212601304315307,-0.01918148966651095,-0.051400474708292204,0.056393288717111675,-0.02163268130237957,-0.059739688369259324,-0.07534060774651212,0.040250019213118646,0.04869175624335915,-0.04041279819276146
1995-02,0.10702737053458133,0.0,0.0,0.06772044490425083,0.0,0.0,0.03171476334806242,-0.1648120843475169,0.041512775619134266,0.0,-0.16126033652684327,-0.0,-0.191197721521761,0.08146149438444726,-0.09107440254992905,0.0,0.09670786123045992,-0.024603941838566942,0.016647348878428996,-0.01875043355286573,-0.05325161129008976,-0.0,0.0,0.04178213275310736,0.0,-0.03405815745802111,-0.0,0.033791986307044074,0.06838872292599062,-0.10561569998956713,0.0,-0.40561793696076653,-0.14545250749141211,0.0,-0.10674385386933842,0.0,0.0,0.0,0.0,0.04517142443068807,0.0482701855927104,-0.051475867723698,0.0,-0.09415498600685222,-0.07316915753530923,-0.03639288243743725,0.03984814503773674,0.04311988609738222,-0.06188383350393251,-0.01816877203355825,-0.056202951999754995,0.05677222921923768,-0.02141157765132397,-0.0593704923686563,-0.07669753824553735,0.039670916860315236,-0.048762534653009,-0.04026303032067554
1995-03,0.10361337525432693,0.0,0.0,0.06665611388876659,0.0,0.0,0.03151126181747492,-0.15916723623115078,0.039236167906116,0.0,-0.15819250132804957,-0.0,-0.18253933774878858,0.07868796818698669,-0.08952542379223025,0.0,0.0967255584293516,-0.024080421939528356,0.016242607745265515,-0.018438671471871226,-0.05240989425322921,-0.08120734475473049,0.0,0.04040128449480986,0.0,-0.03291265673333383,-0.0,0.03328797475361047,0.06758951166152569,0.10135516216592004,0.0,-0.3857816822312148,-0.1393628029115364,0.0,-0.10377705410167347,0.0,0.0,0.0,0.0,0.0448504782468532,0.04740541641664147,-0.0503866806385167,0.0,-0.0932955818718609,-0.07207551473978666,-0.035701355866098655,0.03914420651924063,0.0423642659816958,-0.060792175837799826,-0.01779237175321633,-0.05511286351500677,0.05573007907398803,-0.02115153541068398,-0.05838462021899125,-0.07539664931127515,0.038998770373012255,-0.049122459947756617,-0.039592960476084536
1995-04,0.10667338541672898,0.0,0.0,0.06707386317726835,0.0,0.0,0.032377424008614986,0.1610072711094548,0.03934541788291833,0.0,-0.1618361442591111,0.0,-0.18665384342063715,0.07632501589977339,-0.09452233111156631,0.0,0.08128893297708703,-0.024262549605891248,0.01634640890548623,-0.018298259708904155,0.05360463085648669,0.08568558274960562,0.0,0.04121891578993665,0.0,-0.03368411951398653,0.0,0.03405687348634541,0.06386812951676646,0.10356364801457602,0.0,-0.3952438671018463,0.14298593911942237,0.0,0.10617415609057333,0.0,0.0,0.0,0.0,0.04294869343609349,0.04795112968322511,-0.05055507418702409,0.0,-0.08159155923357359,-0.07265794509984515,-0.03350243703059395,0.039247935955147174,0.04260055988329854,-0.0592489319785543,-0.01821260922411679,-0.05517995498862789,0.05454159776750911,-0.02139820062231054,-0.05887485845762315,-0.066206423607928,0.03937494792863542,-0.05054293219642043,-0.03926749899648541
1995-05,0.10734616422501704,0.0,0.0,0.0677486195402975,0.0,0.0,0.03286871238039261,0.1506137826022759,0.03672706693596168,0.0,0.16117862006021585,0.0,0.18655156394997788,0.07622225635934246,-0.09887825109671047,0.0,0.08155381028231198,-0.024564947943747906,0.016578105866009857,-0.01830458723809149,0.05600582796592118,0.08591413866687125,0.0,0.04143495619570993,0.0,-0.03461248030705191,0.0,0.033806277933176886,0.06379687326665869,0.10395897195814137,0.0,0.3977010087320396,0.14274384762638528,0.0,0.1065379623303655,0.0,0.0,0.0,0.0,0.042193768991533216,0.045438681618722686,-0.051946462059660095,0.0,-0.07835173816539526,-0.07307664073764074,0.03332106491183828,0.038756537333710935,0.04295589655067191,-0.059314003318062886,-0.018244647219400927,0.05805779711470456,0.055736272211521914,-0.021374676693276844,-0.05923520489866122,-0.0665169512989905,0.03949113238989745,0.050539396592837356,-0.03980029443079946
1995-06,-0.10882525650006118,0.0,0.0,0.0699088068338878,0.0,0.0,-0.03389081271268287,0.1533945275280565,0.038400678559298136,0.0,0.15921521650559745,0.0,0.17981706118514587,0.07750675525979825,0.09814509014532624,0.0,0.08414360140378047,-0.025166077492427143,0.01668351785854406,-0.01849013689523935,0.056800983817527836,0.08734068037097116,0.0,0.04161461635489184,0.0,-0.03504702147298053,0.0,0.03486274981385633,0.06515761218858239,0.10417181440221675,0.0,0.3890244898244084,0.1355988987970528,0.0,0.09810114747012201,0.0,0.0,0.0,0.0,0.043198220681467656,0.0465706722570042,-0.052878057594719564,0.0,-0.07818150373226335,-0.07437545518005666,-0.033262815833342514,0.03943956418662939,0.04499567925730648,-0.06124650723618892,-0.01922278788907308,0.05571900619839661,0.05754783080222847,0.021325554351201956,-0.06236934060480485,-0.06727515746850031,0.04023092367184245,0.05057222106514527,-0.040281148597372925
1995-07,-0.1086059871888117,0.0,0.0,0.0716057158348317,0.0,0.0,-0.033567992260236414,0.15351586934974418,0.03763232725815021,0.0,0.15483269706077904,0.0,0.18173593493233145,0.08035380628695932,0.09562910649212446,0.0,0.08349455115906543,-0.024931367109282544,-0.016458368952370364,-0.018409649972986164,0.059666439157761146,0.08734075380696252,0.0,0.033952229809310945,0.0,-0.036396503282045155,0.0,0.035036521791725075,0.06719005320455576,0.10488043537058,0.0,0.39785141000082686,0.13598583084176488,0.0,0.09786684653293727,0.0,0.0,0.0,0.0,0.042915033262810126,0.04742008467082706,-0.05283008469881198,0.0,-0.08149681803533007,-0.0744221323665321,-0.03286081518388475,0.03967726550944278,0.04510924110570144,-0.06097738504746186,-0.018875755530569537,0.05549720229380387,0.05750515766542532,0.021227608220615493,-0.06221014729351951,0.0665118114476959,-0.03951148927081678,0.044038164855479865,-0.039973405885128856
1995-08,0.10289546107727406,0.0,0.0,0.07116590319451088,0.0,0.0,-0.03349182489009318,0.15401218352991966,0.035288273262052264,0.0,0.1535057742865059,0.0,0.18354953402620378,0.08082102102118567,0.094917579718214,0.0,0.07954447860970072,-0.02457457647914099,-0.016226664672437906,-0.018079674918261363,0.06004721424277268,0.08660646776611522,0.0,0.03553243382213369,0.0,-0.03379326241598151,0.0,0.03467084938841329,0.0676062785522425,0.10460852877127094,0.0,0.4009276692641848,0.13810332068025363,0.0,0.09816742484287844,0.0,0.0,0.0,0.0,-0.043227118248555275,-0.0468934081713101,0.058661482874072274,0.0,-0.08440433408232935,-0.07501114804709191,-0.03261880229141368,0.039257898959411605,0.047969416274637314,-0.060097757509682416,-0.019773234213754664,0.04983047923554838,-0.05630965802876024,0.021041000065154317,-0.0658395057852319,0.0659283443505469,-0.03908404241772712,0.046192643047046324,-0.039723326965979376
1995-09,0.10613161994984041,0.0,0.0,0.0718897362908211,0.0,0.0,-0.03311774327398468,0.14997333564555893,0.035569401354988185,0.0,0.15462381140773543,0.0,0.18461588723397562,0.07969852093725559,0.0958186279398448,0.0,0.06932370090794185,-0.024544938260544283,-0.016307772398960873,-0.018090658254922867,0.06122706996282087,0.08827849050092584,0.0,0.034982721927105595,0.0,-0.0348561270068246,0.0,0.03461235398691657,0.06795277484152835,0.10673823995561091,0.0,0.4058704283504536,0.13769049113889212,0.0,0.09754581267364569,0.0,0.0,0.0,0.0,-0.04273600881364561,0.0469548492458065,0.05750829812372101,0.0,-0.08245372383180005,-0.07685480681117998,-0.03263947295258207,0.03928456919632535,0.04852804510707706,-0.05996774490379677,-0.019922785218782352,0.04970019257525524,0.058069519958720194,0.021008414313269073,-0.06576331092953576,-0.06467349418198022,0.03882684723359688,0.04552990167951536,0.040117750722311295
1995-10,0.10458773982328765,0.0,0.0,0.0800613512986545,0.0,0.0,-0.032992129120124905,0.16680955425174823,0.035223223949610936,0.0,0.1572779187167592,0.0,0.18435359674453128,0.07777763142441993,0.09519224876613075,0.0,-0.06771045170153749,-0.02417406170197037,-0.015543995962792285,-0.017811605855057512,0.06694822670606951,0.0867482902332243,0.0,0.03431223552354168,0.0,-0.034442839013854226,0.0,0.034367860796196775,0.06606538372698972,0.10284324368033834,0.0,0.40719327797837646,0.13645537843547834,0.0,0.09600865048747928,0.0,0.0,0.0,0.0,-0.04268209183692669,0.04636911332329347,0.055110870431008596,0.0,-0.08079826313908763,-0.07582305379606215,-0.032141249434712964,0.03927631101039669,0.047789311097984455,0.05844732039634891,-0.020061333642420607,0.04931563879930453,-0.057325641307542884,0.01952995369396598,0.06392268063379469,0.06390474807240176,0.03828805087908244,0.04460287136493059,0.039710601242561316
1995-11,0.10412945124703712,0.0,0.0,-0.10508389673628636,0.0,0.0,-0.03278539390762274,0.16518743536946226,0.03400361547706297,0.0,0.1527356274333416,0.0,0.1871737705390974,0.08475127065153545,0.09568819044132935,0.0,-0.06634682186080892,-0.02363770025789814,-0.015641797228220435,-0.017410795766738013,0.06586452753178254,0.08241005384510354,0.0,0.03372950448647485,0.0,-0.03387380898483214,0.0,0.03358789404101663,0.07317396407290529,0.10034104764801556,0.0,0.40787916913067024,0.13791342324030248,0.0,0.09539364272782722,0.0,0.0,0.0,0.0,-0.04127966922812599,0.045462590616249014,0.053066301089662135,0.0,-0.07959079292954092,-0.07501272569631487,-0.03141145214339881,0.03816286074831106,0.04668257488351798,0.05567376780998348,-0.019757368656259277,0.04644534822394857,-0.05623634185950913,0.01893441840367852,0.06159180812812044,0.0622271686322619,0.03766286931600691,0.04369028344940733,0.038368855560332295
1995-12,-0.1030812469187219,0.0,0.0,-0.10322341935177258,0.0,0.0,-0.03267059668379582,0.17967627471059663,0.034527481284091076,0.0,0.1487449059231616,0.0,0.187935707072086,0.08416018682101145,0.09516321832845917,0.0,-0.06611300236572364,0.023579319469863094,-0.015406833687249974,-0.01745925639864503,0.06568928576221528,0.0839194529093995,0.0,0.03324808819187257,0.0,-0.03363219607153485,0.0,0.033602664815097,0.07281105107305537,0.09865198717824228,0.0,0.40589716083303007,0.1371286544011159,0.0,0.09456407165197396,0.0,0.0,0.0,0.0,-0.040818950120778984,0.04483311397638254,0.05303005535985992,0.0,-0.08182400130143713,-0.07495936289397519,0.031155786188939095,0.038120540684186244,-0.04541373862004789,0.055297517683897304,-0.019540444494363776,0.045628273441888204,0.05616903397861062,0.018866519011641512,0.0614753440301285,0.06271230309230588,0.03736018210601409,0.04376297865342882,0.03814579245939958
1996-01,-0.10365449642054846,0.0,0.0,-0.10310553693319853,0.0,0.0,-0.03309553687988127,0.18530746714191002,0.03411099219556775,0.0,0.14886147086375684,0.0,0.189510039815575,0.08490339226679071,0.09729123778561305,0.0,-0.06599473016867112,-0.024168043056904613,-0.015377094582254513,-0.017757462024416117,0.06596540934954294,0.08433325391175782,0.0,0.03365969545800748,0.0,0.03367523673590058,0.0,0.03352666361469594,0.07356211253980517,0.09905048932809861,0.0,0.4071705842513936,0.13910931889101083,0.0,0.09534678095232339,0.0,0.0,0.0,0.0,-0.0424018311706835,0.043108394900875646,0.050698786480793144,0.0,-0.07438139113481503,-0.07526592548377145,0.03129334198528095,0.03823611774026716,-0.04556817325450985,0.05259253681646231,0.01717575384616278,0.04338251494269342,-0.056136242970986405,0.018968620148394753,0.05919515083955022,-0.06380965865696042,0.036351817024654114,0.044632340380717776,0.038264357054796326
1996-02,0.10445607967017788,0.0,0.0,-0.10149651746063973,0.0,0.0,-0.033129574735554085,0.18544809320535796,0.03401425180094105,0.0,0.14856447232940645,0.0,0.19947042550083638,0.08237819436696694,0.09713652562541232,0.0,-0.06475058395857536,0.025876115080924134,-0.014966563800754805,-0.017970051537045638,0.0662010812242686,0.08417383221542689,0.0,0.033675153881063014,0.0,0.033539566657872284,0.0,0.033481518122217425,0.07055701338838025,0.09786467240403553,0.0,0.4070607428375487,0.14278238926594866,0.0,0.09573909499449859,0.0,0.0,0.0,0.0,-0.0426175494540912,0.04274656388807276,0.05075590003083073,0.0,-0.07370366873216797,0.07327465812829344,0.030987577297949476,-0.038180186598204484,-0.04503472811246788,0.052790185304660425,0.01712124450316804,0.04255532022129692,0.05533029108744739,0.01897305112431286,0.059113592984215146,-0.06284786054027011,0.03582219071608221,0.045461383660167665,0.03795153355244854
1996-03,0.1016335204728329,0.0,0.0,-0.10305985710861361,0.0,0.0,-0.03233644970287862,0.18707498029947303,0.03291038155145186,0.0,0.1392959062268614,0.0,0.18945326132409204,-0.08097827824039087,0.09202389363593916,0.0,-0.06514789179319551,0.025305742440880706,-0.014523891014886863,-0.02182265826241739,0.06453477111964029,0.0824301535039789,0.0,0.03313559438306248,0.0,0.03252571396208345,0.07709390679619646,0.034434989107700084,0.06971407334502609,0.09536557596330222,0.0,0.3972405578179805,0.1347345228620615,0.0,0.08880787103116146,0.0,0.0,0.0,0.0,-0.041535996821741236,0.04074011418175614,0.04919422637025915,0.0,-0.07130346803968379,0.0711398763576201,0.030273322462726245,0.037577903599440944,-0.04372218905926594,0.051727443204801854,0.01704119129902642,0.04156572781091748,0.054874850584208525,0.018828208900839687,0.05765767538065502,-0.06276859904056455,0.03329884621922477,0.045162489908272506,0.03600342879288849
1996-04,0.10020883216385774,0.0,0.0,-0.11536390979306584,0.0,0.0,-0.03212633128921645,0.1838602084396665,0.03305886420183007,0.0,0.13869372701769953,0.0,0.18480982476390706,-0.08130824616857468,0.0913835995391294,0.0,-0.0650474234360944,0.026615978688119678,-0.014566984274691087,-0.02179992841660971,0.06418620129740737,0.08253602857446425,0.0,0.03296131135825873,0.0,0.0329439253826739,0.0769165950527154,0.03879574713484347,-0.06978470480884627,0.09514040268137307,0.0,0.39533862771538236,0.13184694582296932,0.0,0.08692659893448963,0.0,0.0,0.0,0.0,-0.042418031994933554,0.039561569021331094,0.04894355245988855,0.0,-0.07108583644964593,-0.07115541524886475,-0.03052539373606049,-0.037409437750757765,-0.043260645679220396,0.052072581083349626,0.017121014812801705,0.04169666572990038,-0.05554039428775257,0.018834935109425688,0.05743243444647698,-0.06272164082438685,0.0314484445397354,0.04505027076460345,0.03750078910497922
1996-05,0.10035091102986063,0.0,0.0,-0.12254012739638429,0.0,0.0,-0.03205362058418338,0.18479458740534704,0.03313981384690415,0.0,0.1392773999013046,0.0,0.1843296185618526,-0.07942029901500984,0.09272766149461473,0.0,-0.06586567270840422,0.026545013313446136,-0.014571553665640277,-0.021672881239545257,0.06473920586900465,0.08479102018386343,0.0,0.030476438811874156,0.0,0.0339751016285006,0.0771425080258928,0.03794651995510782,-0.06880287284876417,0.09921306915895489,0.0,0.3958283785045457,0.13091767780295585,0.0,0.0860618535893408,0.0,0.0,0.0,0.0,-0.04247553891677602,0.03782442569522532,0.04363333211411155,0.0,-0.0705075950629062,-0.07389398162028017,-0.03155947231672969,0.04061554075671597,0.04267646166559124,0.05212728362271899,0.01750218401696686,0.04047785199412377,-0.05802383582570334,0.018857650882583687,0.05651978193498857,-0.05935605750921029,0.031057752213611248,0.038347948349468405,0.03735949896098688
1996-06,0.10266925762909983,0.0,0.0,-0.11885438493863731,0.0,0.0,-0.03226971612121971,0.18443734165932904,0.03248529667648924,0.0,0.13898272912412807,-0.0,-0.18395974554102779,-0.07944726237449014,0.09265384666657533,0.0,-0.06607424400612241,0.03213896886518337,-0.014517302643585148,0.02260630776245296,0.06413267775541238,0.08748540864131085,0.0,0.030330805789012934,0.0,0.03397933723346798,0.07772577221373965,0.04193749309187552,-0.0687869762037662,0.09977669544018761,0.0,-0.39597301731904694,-0.13028667939902475,0.0,-0.08583845155667624,0.0,0.0,0.0,0.0,-0.042760277264494245,0.0364770228895578,0.04382758588514419,0.0,-0.06340053553064118,-0.07826491738107326,-0.03172861975265148,0.04109467384308026,-0.04229468645820301,0.05219391809931764,0.01746009084129691,0.036964692688311096,-0.058391416343603134,0.018880276341233335,0.05678488243607241,-0.05602532077801741,0.03110076107632545,0.037819580820931356,0.037181022918184634
1996-07,0.10361429126531156,0.0,0.0,-0.12780067420522107,0.0,0.0,-0.03201117183140278,0.18244945272294572,-0.03122564425525364,0.0,0.13876571230289245,-0.0,-0.18531881905987754,-0.086052885602809,0.09496143105811479,0.0,-0.06522510950829663,0.03201876664420055,0.014419725598608001,-0.02252053088665722,0.0633565125260503,0.08532771825901085,0.0,0.029658891891194465,0.0,0.033956953794563434,0.07295775029278363,0.0425630803105709,-0.07224356681135406,0.09891246227122237,0.0,-0.3917746025792826,-0.13191749969360636,0.0,-0.08758257401807455,0.0,0.0,0.0,0.0,-0.04543467916260283,0.036513951001856074,0.043502368657264305,0.0,-0.06261553724995912,-0.07629480675280796,-0.03087968969796226,-0.03519433450519696,-0.04343263675403837,0.0531007820428458,0.016782592911193318,0.036065872955317484,-0.05763159955491061,0.018798875435956694,0.05848732396959722,-0.0554990299014094,0.0306861699523192,0.03601209781481889,0.03643182429063904
1996-08,0.10627455584615911,0.0,0.0,-0.12851271105595954,0.0,0.0,-0.03212233840040162,-0.18240958230065651,-0.03141075353154072,0.0,0.13826326015515833,-0.0,-0.1859204161528089,-0.08557031536357781,0.096266698900138,0.0,-0.06541494788782908,0.03228795616536979,-0.014739595031194324,0.022570066019954843,0.06361022042604988,0.07815311018721424,0.0,0.028873001491258554,0.0,0.03331920053625231,-0.06465075214095779,0.04593997183038969,-0.07106356341168196,0.09136476685446202,0.0,-0.39334618254091247,-0.1323414150095456,0.0,-0.08818400526785006,0.0,0.0,0.0,0.0,-0.04617380851106002,0.03707906828559433,0.04053337317393008,0.0,-0.06201642709710969,-0.08442975111932396,-0.03404456452338366,-0.035296030190219665,-0.0434117349757402,0.05744586279463631,0.016066957433137526,0.034946930207443584,-0.06072748924299428,0.018826546193435413,0.05988351969402947,-0.055762466999610974,0.03133692855928391,0.03508570414702612,0.03432345034471759
1996-09,0.10653918378155995,0.0,0.0,0.1267548931637278,0.0,0.0,-0.032534567699544145,-0.1903724068017465,-0.031700756104948595,0.0,0.13863082559760848,-0.0,-0.18766031822196713,-0.08647289656167129,0.09987118831587405,0.0,-0.06409090474330181,0.03204603283191737,0.014231898072489254,0.021105016199710634,0.0632242270146157,0.07585211242730724,0.0,0.028342009090129728,0.0,0.03283997217705306,0.06308145486887945,0.04589304001824055,-0.0706120451130014,0.09139612377338611,0.0,-0.38757255479881814,-0.13293737692048263,0.0,-0.08896567020345335,0.0,0.0,0.0,0.0,-0.04936248314009309,0.0364215741754809,0.0398774097520852,0.0,-0.06045936304475892,-0.09759746766653224,-0.034751223835314836,-0.03489347598884445,-0.04272417776751179,0.05114732844809412,0.01562408114411512,0.034500944662993416,-0.0642423790163826,0.018580158940327832,0.05512532335047251,0.05341488101830393,0.030132783415281705,0.03456906548840807,0.03384840464356439
1996-10,0.11545729085078849,0.0,0.0,-0.12701554408117904,0.0,0.0,-0.033009730742477136,-0.19174461844898108,-0.031635772966355884,0.0,0.13491827336441906,-0.0,-0.1850968558112821,-0.08566352633708005,0.09894303550646831,0.0,-0.06386343634212853,0.03221905567114626,0.014100581470267352,0.02093800140762702,0.06384356269507503,0.07455673429166668,0.0,0.028037300893001084,0.0,0.03265934554724512,0.06279115563536963,0.04529732855469075,-0.06962684617390179,0.0883280386578266,0.0,-0.3880694724850441,-0.1314580918197688,0.0,-0.08805646154593087,0.0,0.0,0.0,0.0,-0.04855689446876494,0.03653683844860923,0.03645365685052422,0.0,0.05913382558100591,-0.10229708414762081,-0.037790460660090855,-0.037014915445880724,-0.04162310570703439,0.05338512589136053,0.015606105244629263,0.03311045870851348,-0.06647181256440277,-0.019270441756356244,0.05543513135567625,0.0533630428116725,0.02937462395378183,-0.03432547690600891,0.03292093819834619
1996-11,0.12018856162034533,0.0,0.0,0.12089917196800544,0.0,0.0,-0.03317901167879693,0.18936176795727352,-0.031521002443068866,0.0,0.13585724619504785,0.0,-0.181564232181599,-0.08775130639719927,0.09937739523388846,0.0,-0.0639195658550949,-0.035405927471512916,0.014062629608620347,0.0197412018364583,0.06517210082342584,0.07482427583374865,0.0,-0.02756584808650272,0.0,0.032613184694527425,0.06318838822794334,0.04432085718145007,-0.07175829261729802,0.08829777789066501,0.0,0.3896248217735073,-0.12914543416391322,0.0,-0.0861891026557401,0.0,0.0,0.0,0.0,-0.04904929482102341,0.03765418586704634,0.03522923755847865,0.0,0.059374957915027504,-0.10719492949907641,-0.03866393849523563,-0.03737352668228268,-0.04086463468179332,0.0479953643483818,0.015419469758111494,-0.033219377318031006,-0.06746162268839648,0.026401312007379434,-0.049532516129413943,-0.05342676109448408,0.030625079096824843,-0.03211612434094192,0.03286856330243809
1996-12,0.11949099649002684,0.0,0.0,0.11681311116683901,0.0,0.0,-0.03393109619366746,0.18944521845824067,-0.031641161055242194,0.0,0.13112322960623057,0.0,-0.18150666156058892,-0.08788804011685172,0.09938879553825739,0.0,-0.064029123023182,-0.03682927797417411,0.014133927365992628,0.020171906974956008,0.06521427908225418,0.07417715851422949,0.0,0.02899075312093683,0.0,0.03567188558350503,0.06415913659766656,0.044620610541998604,-0.07084627436865981,0.08352111624040101,0.0,-0.39026885153497876,-0.1294557516038532,0.0,-0.08650896812969527,0.0,0.0,0.0,0.0,-0.050506344753399615,0.04090548889020955,0.03601153123183844,0.0,0.05988068329754239,-0.10685006026248506,-0.03870085883089245,0.03340963767760718,-0.04383648045747619,0.047301431733964755,0.014685489536050195,-0.03320601983925242,-0.0676625836053694,0.02666402675424495,0.04967553888158034,-0.05376832444237167,0.032181541040539864,-0.032078502906495936,0.03284812501625115
1997-01,0.11743778197568899,0.0,0.0,0.11549304448720897,0.0,0.0,-0.03455359354312882,-0.18508480180171996,-0.03180805287998955,0.0,0.1303929652344773,0.0,-0.17640657576204327,-0.08762070675881069,0.10249977309105726,0.0,-0.06369581151572501,-0.03276627224175122,0.014097763171766356,0.020216463768513146,0.06813981127319775,0.07463025948343795,0.0,-0.029172539547742668,0.0,-0.03463285281189371,0.06427354775970939,0.044395007030234725,-0.06942098319848627,0.08062367106550916,0.0,-0.3876109356893778,-0.1255154953327599,0.0,-0.08432234837905933,0.0,0.0,0.0,0.0,-0.04895651336185938,0.04239984446137636,-0.03607274641073094,0.0,0.05882464835895698,-0.11915646177304705,-0.04264869184088295,-0.03369328051412383,-0.04827012655930329,0.04688958880607768,0.014536077526368547,-0.032825775229486646,-0.07299326452657955,0.02651947582553244,-0.04999956401931515,0.05328189680552969,0.03301836711174071,-0.032382031913865766,0.03272058715193371
1997-02,0.11820414128025682,0.0,0.0,0.10092657659281358,0.0,0.0,-0.035143971752439246,0.18428285684062357,-0.034017144041325775,0.0,0.1329095928521146,-0.0,-0.18092577635318977,-0.08182480459317644,0.10406929394166387,0.0,-0.06402240666128298,-0.032297578262461595,0.014112549754237556,0.021253809827047918,0.0685861782614799,0.07511686802219135,0.0,-0.030297872285154705,0.0,-0.03943922895897809,0.06552917805639467,0.04431726709852033,-0.06745970725521296,0.07933459527363618,0.0,-0.39358728535167187,-0.12849010170400726,0.0,-0.0862300140467822,0.0,0.0,0.0,0.0,-0.049547594784085276,0.04252658092086397,0.03675839351409863,0.0,0.059426726804325536,-0.10727773041340719,-0.0430931202456995,0.03424840312276333,-0.0488299570700526,0.04610997357368942,0.01607934106804569,-0.03332247130218186,-0.07150778408728269,0.02626262667137753,0.04923149072776725,0.054059204944033976,0.03291235176420372,-0.03257740059912194,0.03385004932033641
1997-03,0.11728263012845697,0.0,0.0,0.1009878326406926,0.0,0.0,-0.03508130954348603,-0.18393215596095217,-0.03403609984763927,0.0,0.14393513002814085,-0.0,-0.18832832338667108,-0.08104486524289498,0.11244246186146349,0.0,-0.06553480001693897,-0.03143200572084898,0.013634517835784806,0.021625973335968683,0.07154857671928651,0.07542617800488317,0.0,0.03027985957262319,0.0,-0.03957494929571728,0.06511034704887056,0.044991561329134656,-0.06695389389101523,0.08233648966484555,0.0,-0.39474293846651054,-0.1340343004912223,0.0,-0.08974039036525984,0.0,0.0,0.0,0.0,0.04142610831788613,0.03976170272707338,0.035963597829066225,0.0,0.059609259396938785,-0.09687970129377192,-0.042196850880493325,0.03358941906349902,-0.048826002138226625,0.04410941315770234,0.015700117001399765,-0.0313026152740066,-0.06010559099939515,0.027473465264245683,0.04789868344651788,0.05345329127203376,0.03070979819348854,-0.03277712399077442,0.0341796693541731
1997-04,0.13269637591911923,0.0,0.0,0.11236491663703366,0.0,0.0,0.03693468689090218,-0.2141136722884148,-0.037401345537917935,0.0,0.0,-0.0,-0.21804742686331577,-0.09103216953482576,0.0,0.0,-0.07318965146823296,-0.03494929793252266,0.015171737920492569,0.02464482133385803,0.0,0.08439490693943233,0.0,0.033610581233537704,0.0,-0.04416808489076095,-0.07251155922589392,0.04985368467489695,-0.07437987311330807,0.09047321545839525,0.0,-0.4393301037401622,-0.15616587338246246,0.0,-0.10290374530957117,0.0,0.0,0.0,0.0,0.04559658409576509,0.04427240427260998,0.0405373958627383,0.0,0.0663034364755586,-0.10757999330009908,-0.04788938272574531,0.03742006673809827,-0.054088824022623,0.046565814777855694,-0.017520914446637146,-0.03505497845564162,-0.0679811633188822,0.030456024940192835,0.05150451016353527,0.059517839596704876,0.034133136303557104,-0.03646324161461123,0.03877655859408788
1997-05,0.133842672667344,0.0,0.0,0.11319875585727593,0.0,0.0,-0.03664032161550038,-0.21146383446050335,-0.03773073948865943,0.0,0.0,0.0,0.2203084254982663,-0.08959767272089715,0.0,0.0,-0.07290119141242762,-0.03494527042355869,0.014959825331998343,0.025062212644304693,0.0,0.08419913427439557,0.0,-0.033993293068182405,0.0,-0.042604860215571805,-0.07253850010822126,0.05073732821769727,-0.07420254800431159,0.08719934556566179,0.0,0.4391810194345084,0.1559203042083811,0.0,0.10309470120190094,0.0,0.0,0.0,0.0,0.04495231664832379,0.044292652284572055,-0.04005045730697779,0.0,0.062367344710550804,-0.10857407539747534,-0.04761084533866899,0.03749336950842723,-0.05334745319369937,0.04666147987277617,0.01734844706808491,-0.035520033313496555,-0.07006064235925429,0.0357518468977525,0.05126114554518279,0.06023786705673911,0.03518811288604828,-0.036033514101763024,0.03892644009063912
1997-06,-0.13463227898433897,0.0,0.0,0.11390475764214236,0.0,0.0,-0.044404600451236134,-0.20961404844462617,-0.03789238576132397,0.0,0.0,0.0,0.22229780924866463,-0.08989970800737547,0.0,0.0,-0.06694593207769682,-0.03520645506600341,0.015520209984464491,0.02580844059788094,0.0,0.07817160218037925,0.0,-0.03250728667500378,0.0,-0.04349652420780687,0.06639825312647513,0.05114030579220365,-0.07317623466136451,0.08488682208712628,0.0,0.4419269808965918,0.15728003221694595,0.0,0.10411307949037535,0.0,0.0,0.0,0.0,0.042517639025802766,0.04489620804173438,-0.0393652513913659,0.0,0.06411077394992977,-0.11119057534431602,-0.04827331073257056,0.0390838033791477,-0.05244315735738715,0.04752381364157795,0.017559967310308608,-0.03576347059549553,-0.06556241877756618,0.03622107673212716,0.05183065167512746,0.06514975717229232,0.03610288376064415,-0.03342386808803358,0.0397576254245468
1997-07,-0.12924964273629636,0.0,0.0,0.10973183948892973,0.0,0.13418971749793293,0.04026184795619855,-0.1997323262850046,-0.037727219147919655,0.0,0.0,0.0,0.21311038533981985,-0.08792966414235767,0.0,0.0,-0.06698104128219734,-0.035666259681790255,0.01601228962804239,0.025362020378363707,0.0,0.07723055637355604,0.0,-0.03087349410851419,0.0,-0.04153187780924382,0.06461275523418569,0.049507865479255675,-0.07164504269615722,0.08324475910097269,0.0,0.4222588965269182,0.1510291902248865,0.0,0.10002996394835989,0.0,0.0,0.0,0.0,0.04097321146704671,0.0417408245494825,-0.03875784587879278,0.0,0.060797733338760554,-0.10401574733852978,-0.04623938763761451,0.03703436702240217,-0.0496016770632104,0.03921295327738586,-0.016950645583387495,-0.03414176540538548,0.06010078594012315,0.035646417021511854,-0.04098771119612096,0.06262200030530851,0.0342246379254283,-0.0312621601995015,0.03777147378310458
1997-08,-0.13082661309185845,0.0,0.0,0.10990196467934647,0.0,0.130697735741844,0.04207083881329855,-0.20150211191567208,-0.03795856379817007,0.0,0.0,0.0,0.21065221523207936,-0.08484373812479093,0.0,0.0,-0.06695858106635116,-0.037510493388035686,0.01614356168190087,0.025370495752304423,0.0,0.07230277650314541,0.0,0.030755735455992285,0.0,-0.041881225737370395,0.06464140892528966,0.049767149970658994,-0.07124591934736862,0.07979251101340905,0.0,0.4260001922243011,0.14959859972637046,0.0,0.09804315224138135,0.0,0.0,0.0,0.0,0.0389320164200326,0.041800662012276876,-0.039428206403173696,0.0,0.06187314419878749,-0.10356775789350899,-0.04650895355853784,0.03718276753673416,-0.052253703531699426,0.03986373885479816,0.017361323735347874,0.032766272995005875,0.06125035471650909,0.03700537379488274,0.0426352150708368,0.06500432101301365,0.034922784222307074,-0.031047757789826366,0.03813006182178236
1997-09,-0.12942920510091457,0.0,0.0,0.1098730100870235,0.0,0.13214571606547995,0.04250631060566838,-0.20586108950618037,-0.03807586843927748,0.0,0.0,0.0,0.20758944104468033,-0.08468860176310146,0.0,0.0,-0.06708678609602298,-0.036948925017821634,0.01609460051176949,0.025422698296217103,0.0,0.07298130939111333,0.0,0.031409665229885024,0.0,-0.04024636687778305,0.06607312260940347,0.05000312438296285,-0.07141539865674454,0.07445189517015835,0.0,0.42768782378107606,0.14695468137271736,0.0,0.09617810959425134,0.0,0.0,0.0,0.0,0.03877721360480458,0.0446191765541987,-0.03955320196164297,0.0,0.06192296132560875,-0.10431296090430549,-0.046559940747478545,0.03629258470627783,-0.0535370114538338,0.0390466353804349,0.01737384307329809,0.033055286799802075,0.0609456657380414,0.03688269929400911,-0.0425073221500585,0.06379262471543282,-0.03714181526718702,-0.03166757784229615,0.03888772888103615
1997-10,-0.12804334588604283,0.0,0.0,0.11118473890209973,0.0,0.1314398159181439,0.042257005783378994,-0.21429524633289637,-0.03781640497637768,0.0,0.0,0.0,0.21309973044491395,-0.08372920630390872,0.0,0.0,-0.0667672165275104,-0.0364721467140356,0.015858399120695883,0.025154564697291187,0.0,0.07241536820356818,0.0,0.03096191372793055,0.0,-0.040187201404842075,0.0642317844369308,0.04888240642830952,-0.07145904378039628,0.07505314203482931,0.0,0.42473802206442235,0.15202248769472562,0.0,0.09902227253134224,0.0,0.0,0.0,0.0,0.0384756889248519,0.045029160712097414,-0.03911883141993365,0.0,0.06170801677590493,-0.10172180788915118,0.04323127073639917,0.03607576299248048,-0.0529253151816843,0.039240544510302025,0.017305196681718277,0.03257914549710697,0.05723639674827515,0.03678281593938443,-0.04311001796635499,0.06366055408060385,-0.03660799154298678,-0.030970198724969093,-0.039129819761202764
1997-11,-0.12347862438168268,0.0,0.0,0.11245588614404572,0.0,0.13470086533820758,0.04236204438658582,-0.20783542542353997,-0.03863600174920298,0.0,0.0,0.0,0.2156799711014939,-0.08555019843194062,0.0,0.0,-0.06806919086338752,-0.038844829986066795,0.016058325046453638,-0.025714341118956412,0.0,0.0705174640999399,0.0,0.03143523598157086,0.0,-0.039980365070292866,0.06300351819492725,0.04853837853281964,-0.07167746732426619,0.07350258684011535,0.0,0.42906020040707965,0.15383547405154818,0.0,0.0993451043617591,0.0,0.0,0.0,0.0,0.038682239593309325,0.045687191573704516,0.03883145577261089,0.0,0.06265587075236172,-0.09449312607432428,-0.042955303880314884,0.03665411392721428,0.053916964523093115,0.03791672122206734,0.017358072539418515,0.0329718684717487,0.056073685669422293,0.037186212626768016,0.041648417427777445,0.06454753683256463,-0.037058777130186474,-0.031424524792347544,-0.03965641835488357
1997-12,-0.12468326709129421,0.0,0.0,0.11790078108977764,0.0,0.1309467045912538,0.04336851956441106,-0.20837401347107762,-0.03845215268301966,0.0,0.0,0.0,0.2162205089149431,-0.08596511280202897,0.0,0.0,-0.06546919774912406,-0.03627112021151601,0.016108195406674245,-0.02525732231966951,0.0,0.07286477670423869,0.0,0.031041747872413334,0.0,-0.039707729289437936,0.06402880254248712,0.05368611809354912,-0.07269125997540424,0.07543192260727764,0.0,0.42379414250233416,0.15237246689668912,0.0,0.09815013648742939,0.0,0.0,0.0,0.0,0.03842042698424729,-0.04472270012766891,0.03826593217904831,0.0,0.06251232920602429,-0.09074104695445918,0.041154050461978654,-0.03798207449440813,0.06033477518001157,0.03758108664937578,-0.01669249738889913,0.0340993379616014,0.0547911920760305,0.036938386692416884,0.04106155680919563,0.06467451933679005,-0.03509009170691536,-0.03096617784357552,-0.041185819081302914
1998-01,-0.11820550626174746,0.0,0.0,-0.11617632865915194,0.0,0.13119722410745435,0.04360052558687767,-0.2149581454484336,-0.04068493055233229,0.0,0.0,0.0,0.2165458198569698,-0.08629167736282742,0.0,0.0,-0.06537744326140509,-0.03697534133157765,0.016128907156424874,-0.024864950611439673,0.0,0.0728552321576025,0.0,0.030710510204630028,0.0,-0.03902833754795237,0.06414669059857776,0.053908205654189724,-0.07256651997320986,0.07558242099539726,0.0,0.4243149618162855,0.15250707494762292,0.0,0.09825140944216644,0.0,0.0,0.0,0.0,0.038413993227363066,-0.04355655831411079,0.03774110243059047,0.0,0.061036913743725454,-0.09040153882447333,0.03868102199489124,-0.03735073825955285,-0.06211564473383702,0.03599948867869055,-0.0165563304054941,0.03392287524387632,0.05495048553097935,0.03700190059763908,0.04047472958883793,0.06847286081366254,-0.03408334161820816,-0.03060326854283896,-0.043759043916952484
1998-02,-0.10936108328744079,0.0,0.0,0.11685168953821845,0.0,0.13258967803831526,0.04460838072571686,-0.2103530266879546,-0.04124638104354658,0.0,0.0,0.0,0.21889854490162058,-0.08749416345484043,0.0,0.0,-0.06531210515069363,0.03218982686916943,0.016393635236236978,-0.02513919325141677,0.0,0.07241483857560017,0.0,0.03138347841362918,0.0,-0.03810049092908948,0.06448024020445403,0.05370840898729103,-0.0736854303574665,0.07627195809488244,0.0,0.42853124043502755,0.15471259315562189,0.0,0.0996956249265693,0.0,0.0,0.0,0.0,0.03606919622858542,-0.044350795626345724,0.03812585668722248,0.0,0.0613173148025893,-0.0866574852028684,0.03944240381778256,-0.037689475410565866,-0.06416402365339673,0.03617240816342795,-0.017508731161560268,0.03422755284632495,0.05444143431937093,-0.03705408802518731,0.04102228359867858,-0.06880832417032196,-0.03422603649616147,-0.031138100601492958,-0.04416247692331486
1998-03,-0.11063236934234826,0.0,0.0,0.1168223610789436,0.0,0.1390826283151114,0.04478155532963247,-0.2034984330178747,-0.043750833814086544,0.0,0.0,0.0,0.22452147505902115,-0.09146618331850156,0.0,0.0,-0.06623833876962563,0.032487949844668525,0.016503947302113794,-0.02515719328498991,0.0,0.06991577470017175,0.0,-0.03180263316125398,0.0,-0.039244024725593955,0.06286344553579402,-0.050584657059566156,-0.07560654867108935,0.0746154971761459,0.0,0.429160509784092,0.15776997682955088,0.0,0.09978931919136742,0.0,0.0,0.0,0.0,0.03619863929614571,-0.04254450059596054,-0.03785091115976365,0.0,0.06016356644523903,-0.08689949193632603,0.03931080024105812,-0.037722305341650185,0.061662297033196076,0.035203194785496675,0.01760845315949048,-0.0339316423003163,0.05451016480085916,-0.037387183625215,-0.04093425600075507,-0.06753365671358162,-0.03286216968869035,-0.03139746402340473,-0.03998364754130826
1998-04,-0.10693076922047541,0.0,0.0,0.11565295334242674,0.0,0.13705123075496356,0.04523237517422017,-0.19982316040747344,-0.04323497995311102,0.0,0.0,0.0,0.22035568844344544,-0.09947700642110763,0.0,0.0,-0.07703923296063903,0.03215380661340509,0.01618322889829706,-0.02545123369090031,0.0,0.06816175481893584,0.0,-0.031280423877018355,0.0,-0.0387190130072562,0.06142661475330636,-0.049515751175386695,-0.08465590689041737,0.07268927674217829,0.0,0.42179992679902034,0.15485034956252575,0.0,0.09795442321256649,0.0,0.0,0.0,0.0,0.03565152514155786,-0.04174703469362874,-0.0369272464264202,0.0,0.06456792688311615,-0.08818519361465657,0.04267131739909517,-0.03744335584730492,0.060955898270959846,-0.03401787891767676,0.01735228543962302,-0.03277621279213351,0.05408005347330569,-0.0363487792295072,-0.04013394389892961,-0.07538419876528962,-0.032315172681670286,-0.030667491894886333,-0.03913537791116178
1998-05,-0.10546571826893651,0.0,0.0,0.11515423222363044,0.0,0.13632197504806123,0.04569678529226261,-0.22221961145999852,-0.048561632299237385,0.0,0.0,0.0,0.22007162178002196,-0.09592034399813928,0.0,0.0,-0.07830339753972348,0.032139718393101556,0.01600258290608859,-0.025242600130712736,0.0,0.06770357371721221,0.0,-0.03082045390229919,0.0,-0.03886314277725013,0.06100273316257357,-0.04571530657010366,-0.08345329143936218,0.07214362232572061,0.0,0.4191715107556232,0.15472068017493068,0.0,0.09743472607050012,0.0,0.0,0.0,0.0,0.032855842528420734,-0.04309898711093976,-0.036236654832475346,0.0,0.062111176338548194,-0.08669629524924945,0.04311595410554486,-0.037300326356469314,0.06013967336609268,-0.03365696011635257,-0.017069293548147058,-0.03200006599608422,0.053716653912968496,-0.03650810199330776,-0.039885867837692365,-0.07219539198690618,-0.03227980916578832,-0.030044611004779603,-0.03895907431474313
1998-06,-0.09843913962712822,0.0,0.0,0.10991710722611427,0.0,0.1345646974296608,0.04438265937312927,-0.20921269951953692,-0.04532646892470427,0.0,0.0,0.0,0.24264546937815215,-0.09272323707280866,0.0,0.0,-0.0749151802802047,0.03122930671319301,-0.015671753060867637,-0.024215885127709436,0.0,0.06240004309223943,0.06715963224189693,-0.03008254648210086,0.0,-0.03841909046546477,0.05625228770821889,-0.044091487742320454,-0.08040582550552347,0.06829929683257063,0.0,0.40531504983540995,0.1705166791577317,0.0,0.10665615003124305,0.0,0.0,0.0,0.0,0.03193248003819695,-0.041343947296478264,-0.0347569923703246,0.0,-0.05880159805727695,-0.08144855378305936,0.03741925977317935,-0.035615294165713046,0.05483393556590121,-0.03252234526709196,-0.0164754909818847,-0.03158756834660616,0.04995478456069908,-0.03702465431311093,-0.03836621797146289,-0.06680604549469565,-0.031264287630176156,-0.0291910476569969,-0.03781380389921587
1998-07,-0.09814997356104849,0.0,0.0,0.10797578648040998,0.0,0.1343443640255669,-0.04427292692937286,-0.20798394843346454,-0.046595877858518056,0.0,0.0,0.0,0.2415434304245359,-0.0941926112240101,0.0,0.0,-0.07465389561305637,0.03151015092500956,-0.015569066218740282,-0.024097373191378543,0.0,0.06257648520173723,0.06836841566597782,-0.0361950785517367,0.0,-0.0391312072344038,0.056313924034125426,-0.04394627380379568,-0.08038489969330101,0.06778880620031566,0.0,0.404039957037811,0.169744180743481,0.0,0.10579271543194232,0.0,0.0,0.0,0.0,0.03188609223557046,-0.04004262892903785,-0.03450864093243826,0.0,-0.05790722996137475,-0.08065417046275086,0.0368122962701024,-0.03587547664682928,0.054557444524505054,0.03226763095313107,0.01661225011712897,-0.03158831106171591,-0.04965279845858808,-0.03614181247767735,0.03807401629995627,-0.06867156595612743,-0.030306522962290177,-0.0314786388026078,-0.037791124464429574
1998-08,-0.10355565752939563,0.0,0.0,0.10712414346946021,0.0,0.14218189594868005,-0.044860843894964024,-0.19526834257589498,-0.0488330364422749,0.0,0.0,0.0,0.24477394432786218,0.0936615841111907,0.0,0.0,-0.07515518287663572,0.031868366104391053,-0.01554017297761175,-0.02482015240044412,0.0,0.061283895709113106,0.06979007207546706,-0.034880046323958774,0.0,-0.043057645428084206,-0.05323797987331975,-0.044354484741973885,-0.07999914890847211,0.0673467946800952,0.0,0.4065261386736104,0.17268562353152594,0.0,0.10786381295276101,0.0,0.0,0.0,0.0,0.03232750304385644,-0.03842189089337068,-0.03264270859090163,0.0,-0.05605065067734125,-0.07993371710895285,0.03701453969400349,-0.03579154811481992,-0.054753241216409766,-0.03218135615710023,-0.015870073772311616,-0.030787462056097874,-0.04952769132516598,-0.03628845050773155,-0.03801261697452026,-0.06423352748612121,-0.030465744649356034,-0.03100859167152397,-0.03601972050322853
1998-09,-0.10099051117123545,0.0,0.0,0.11089621692667904,0.0,0.14932606969269366,-0.047014210222816856,-0.18972348597413974,-0.05622537691373616,0.0,0.0,0.0,0.23680058261648404,0.10184849434904458,0.0,0.0,-0.08408620403498164,0.0326356025021694,-0.015986850177472995,-0.0260650853824105,0.0,-0.04749956501592015,-0.06306167944064318,-0.036138868110991006,0.0,-0.04028060317396558,-0.04345138296689198,-0.0419057760181276,-0.08237816164969458,0.05426645927003886,0.0,0.41888325076197896,0.16825597853214325,0.0,0.1082095516549036,0.0,0.0,0.0,0.0,0.03269366845071576,-0.039272183654375216,-0.032460675392309325,0.0,-0.05863365821149851,-0.0813187714435767,0.03586175594231897,-0.036291978337251424,-0.05618199219216426,-0.03226976798945199,-0.016314252519937428,-0.031310777157767575,-0.05047037716937216,-0.03794130339152276,-0.03802456046921938,-0.06692303927700946,-0.030879732887452754,-0.03185128817742628,-0.03537025077746736
1998-10,-0.09868388334870283,0.0,0.0,0.1144152953617774,0.0,0.1407180054762055,-0.04757297411772881,-0.1789156635192435,-0.060141781242626736,0.0,0.0,0.0,0.22674067806983714,0.0992786803030528,0.0,0.0,-0.08443192703244211,0.031969938191239604,-0.016833102357920578,-0.026783135802680803,-0.0,-0.04688675974957959,-0.06483116857720855,-0.037200931413081256,0.0,-0.0413623346334781,-0.04352533927418449,-0.04271039781213466,0.08414906291362731,0.054890412184252085,0.0,0.4301205147746535,0.16078366808831626,0.0,0.10855919533824827,0.0,0.0,0.0,0.0,0.03366764914670792,-0.03754844902040904,-0.03346700345515649,0.0,-0.060137045339491414,-0.07567137696651072,0.034515640043202477,-0.03705674781386123,-0.057627286474103874,-0.03319011159347121,-0.01636724741146249,-0.03210124011305815,-0.0518018073837568,-0.05062529589724867,-0.03918218287858243,-0.06901738993070301,-0.029309068555993505,-0.03275378276717868,-0.03445582562688014
1998-11,-0.09412148393016069,0.0,0.0,0.11497597976605012,0.0,0.14127795377109856,-0.048245248906431615,-0.18116323991281066,-0.059472258756882515,0.0,0.0,0.0,0.23011478859926168,0.10098152355081286,0.0,0.0,0.05900597846214561,0.030613716648094685,-0.017040795149804045,-0.02745375528606109,0.0,0.04668809307795864,0.07263794250100124,-0.03714116204045628,0.0,-0.04171226857014525,-0.044314346808587146,-0.04352738208592288,-0.08505766570521114,0.05427604591552442,0.0,0.435482604963397,0.1619293556843955,0.0,0.1092822477092943,0.0,0.0,0.0,0.0,0.03439196015661625,-0.03749150552588945,-0.03408565326110751,0.0,-0.058031474633839744,-0.07656940004637139,0.034681848994048574,-0.037745854471381714,-0.05803959677030966,-0.033021600496177445,-0.01623066065102785,-0.033136173002644057,-0.05183566758786221,-0.05497306253783093,-0.03924455101815156,-0.06811709141718617,-0.02888897286779127,-0.03227398734996989,-0.034725101410285994
1998-12,-0.0948440343414001,0.0,0.0,-0.11839787507405508,0.0,0.14405072674923047,-0.04752051997386319,-0.18075086074663127,-0.05969708116901407,0.0,0.0,0.0,0.2291920472335287,0.10175173176942828,0.0,0.0,0.05788149529413356,0.03105440679437045,-0.01734787111403934,-0.02733176769699844,0.0,0.0468370272049367,-0.07388239428523055,-0.03728506126140302,0.0,-0.041438156852403825,-0.044475916483997166,-0.043071054981164085,-0.08567945328129158,0.05419687317457048,0.0,0.4369030754224913,0.16246155196055098,0.0,0.11041869105686812,0.0,0.0,0.0,0.0,0.03489046447132031,-0.03326805897386458,-0.03419479046402121,0.0,-0.05690464148231919,-0.0770607455291006,-0.03472549562426321,-0.03816337339020013,-0.05900747206232584,-0.03309053996046286,-0.01601807852896231,-0.033807021015628415,-0.05096338759611267,-0.05467083971807901,-0.03913089664742404,-0.0677364755787737,-0.026501679644043263,-0.0323071261702393,-0.03108923922125893
1999-01,-0.09378801492869544,0.0,0.0,0.1191456016415966,0.0,0.1444199264187704,-0.04758119493360527,-0.18114941926074632,-0.059589367722464245,0.0,0.0,0.0,0.23009817664899512,0.10148573788796794,0.0,0.0,0.055128241160170496,0.03034885445305509,-0.017598994570162018,-0.02734318906823078,0.0,0.04516860963608624,0.07318233604424917,-0.037389353119272856,0.0,-0.04165796815234,-0.044096841370328585,-0.043597129692033096,0.0862949486107616,0.05370507595323189,0.0,0.4382267165681432,0.16354850341215105,0.0,0.11066147088331132,0.0,0.0,0.0,0.0,0.03237184045119483,-0.03409527736427103,-0.034803104569434154,0.0,-0.060694002370650875,-0.07728701162669593,-0.03474756890841657,-0.03799958157455148,-0.05478668029233073,-0.03326457907843827,-0.01765453212517822,-0.03469814033733159,0.051187055404200876,-0.055124341119415166,-0.03864660264814394,-0.06740186291609003,-0.027008516455618685,-0.032482792079776314,-0.030540838541892216
1999-02,-0.09104095376657173,0.0,0.0,0.12197867938699465,0.0,0.14404463323531438,-0.047365606854912694,-0.1764692096825773,-0.0619092381575648,0.0,0.0,0.0,0.230218436841003,0.10205003459124345,0.0,0.0,0.055305024276507665,-0.030523841875512138,-0.01865937131733832,0.026914934087042656,0.0,0.04466656800351068,0.07827521242082178,-0.03739721140833941,0.0,-0.04109596518698251,-0.04408514896098776,-0.04276628083095099,0.08838102408082578,0.053699108197517255,0.0,0.4379875320848925,0.1634336352218071,0.0,0.11075279732762738,0.0,0.0,0.0,0.0,0.0323707633475801,-0.03422220747120029,-0.03477395922913085,0.0,-0.06035568373453717,-0.08103564853724488,-0.035080728910581865,-0.038041411911817216,-0.05410128686085447,-0.032891645807676444,-0.017613979854889758,-0.03481480999085394,-0.051208194269152685,-0.05306004527111079,-0.03815575620161655,-0.06760079597335993,-0.02699364018646485,-0.03253171185208193,-0.026127282793000837
1999-03,-0.0939328596875068,0.0,0.0,-0.12097442264896398,0.0,0.14530585650905598,-0.04746147451678439,-0.17946610138732633,-0.062003078852054104,0.0,0.0,0.0,0.22198046739312668,0.10272877446228444,0.0,-0.0,0.0562097861700204,-0.029272003626921245,-0.019084047151138643,0.02775877398162156,0.0,0.04452668573939364,0.07806450820127296,-0.03674665992741508,0.0,-0.041967959353090174,-0.043535177358710396,-0.04304783144179627,-0.0896966874821806,0.05371965907035095,0.0,0.4451787626179183,0.160486330008018,0.0,0.11236559551255275,0.0,0.0,0.0,0.0,0.03290070717342639,-0.03487844155327085,-0.035519569668493275,0.0,0.0612871068579798,-0.08222313054046132,-0.03517656463759349,-0.038708747996575615,-0.04631594177708632,-0.03327767369785713,-0.017844552820040015,-0.03555151791691595,0.04922794145506919,-0.04952587767268312,-0.037580679847379124,-0.0671412169824955,-0.028203233820190656,-0.032191459528204014,-0.026932132954774486
1999-04,-0.09418375008259187,0.0,-0.0,-0.1214979074042385,0.0,0.14535476252712679,-0.04723794958374612,-0.18261213385419206,-0.061330224531626384,0.0,0.0,0.0,0.22777470991759702,0.10242986550718013,0.0,0.0,0.05653536011186163,-0.029395464367580428,-0.019160450105723207,0.027905203043908564,0.0,-0.04468929395740385,0.07643300274517738,-0.036565029696218866,0.0,0.04120584996329099,-0.04377673978955058,-0.04307542518314722,-0.08980353025043897,0.053821646557916984,0.0,0.4470497131707102,0.1642753189826267,0.0,0.11519971287936913,0.0,0.0,0.0,0.0,0.03305705248211988,-0.027080064096803688,-0.035367791423847196,0.0,-0.06132952710999492,-0.0821991454368728,-0.03414593302928863,-0.03893106829668968,-0.04618867995567933,-0.032816330212498704,-0.017455134004652362,-0.0350067561328572,-0.048878585463547744,-0.049859296280928556,-0.03732907884572178,-0.06725371115670949,-0.023881847873855694,-0.030832762138063494,-0.027074191846645466
1999-05,0.0898975409278779,0.0,0.0,-0.12122748921756438,0.0,0.14402144982210827,-0.042612076797155556,-0.16489316305918075,-0.05997688912652857,0.0,0.0,0.0,0.22844185562032007,-0.10351029596546014,0.0,0.0,0.056241774732193904,-0.02931914876885438,-0.018888694037479725,0.028734821413485215,0.0,0.043559154001657704,0.07660379780672558,-0.04215428797972093,0.029741497340739546,0.04049494985044628,-0.04250735052618203,-0.03918594799636533,-0.09064106705201058,0.05330636367850666,0.0,0.4430895487561439,0.16498742937480187,0.0,0.1160130254310646,0.0,0.0,0.0,0.0,0.0313384747685111,-0.027395909406169115,-0.03785036588892789,0.0,-0.062033163235007176,-0.08024463401973991,-0.033327351405344784,-0.03618895753819551,-0.047019876111212326,-0.032381990974678795,-0.017176821556888107,-0.03495695066407768,-0.048363864677237814,-0.04914630455041894,-0.037309952557439505,-0.07119813862971208,0.02348283793858024,-0.0340644636606865,-0.026470323134598562
1999-06,0.09089590264577241,0.0,-0.0,-0.12441505377232827,0.0,0.14250810309981288,-0.04051473988387071,-0.165226718374685,-0.060491205874821916,0.0,0.0,0.0,-0.22456376574894443,-0.1039642455346164,0.0,0.0,0.056724858024069624,-0.02896800737681617,0.01883427131884029,0.028976367318595254,0.0,0.04376180675191223,0.07544545676444689,-0.042495812075987016,0.029657516034782387,0.04048196699959389,-0.04282099703055156,-0.03695081638539749,-0.09109519194848785,0.052868472566409426,0.0,0.44530294923540986,-0.16128149484956383,0.0,-0.11550028502080366,0.0,0.0,0.0,0.0,0.031214159533701182,-0.027475717417029925,-0.03862793529757789,0.0,0.06538734985294513,-0.07820221590258608,-0.03277853055760536,-0.03487159581135436,-0.04630461318628891,-0.0325620113664526,-0.01730715838472673,-0.03676348667221302,-0.04836051174407274,-0.0488251993968053,-0.03727916477061551,-0.07634357030220482,0.02340177296513824,-0.03428769611004218,-0.026261306092120715
1999-07,0.09032783163354896,0.0,-0.0,-0.12398941278088371,0.0,-0.1423680304822937,-0.03643602439856309,0.16554894694118855,-0.06315061196294806,0.0,0.0,0.0,-0.22719661016220166,-0.10449378065148916,0.0,0.0,0.05700278302569613,-0.028867120475835346,0.018323265820298005,0.028832787237382893,0.0,0.043941860562999105,0.07417198449904844,-0.04219852515195702,0.02964183315043049,0.038910063909109,0.04331462688446001,-0.03437014977904739,-0.09142065395264631,0.05268826472467634,0.0,-0.4471999041821435,-0.16299762102848037,0.0,-0.11586455476529416,0.0,0.0,0.0,0.0,0.03083144182166352,0.026797280922885365,-0.03889896067915895,0.0,0.06576473017193893,-0.07859616890587807,-0.03294166037466647,0.03404946498058683,-0.04575194022088927,-0.032630906021870854,-0.017809514557763348,-0.03761288921651319,-0.0483879623088253,-0.04868282751312883,-0.03748767083482728,-0.07716939621952201,0.023253019770946144,-0.03475930943754109,-0.025317607878772967
1999-08,0.09006578590913222,0.0,-0.0,0.12147373452355395,0.0,-0.1400507322769957,-0.036460597626312895,0.16076324736825368,-0.06358394455306245,0.0,0.0,0.0,-0.22660363221791852,-0.10472489484512731,-0.0,0.0,0.05605281357956615,-0.028802685282866964,-0.01841741518964493,0.029203011225126335,0.0,0.04486524794285353,0.07423342164907039,0.04330162914470554,0.030051959051860574,0.03991258145624485,0.04476882559029426,-0.03468671301090936,-0.0928520962622749,0.05329810596997376,0.0,-0.4474823577668154,-0.16251318049053626,0.0,-0.11568603685307823,0.0,0.0,0.0,0.0,0.030940442085431032,0.026491578741880305,-0.03978597037672001,0.0,0.06567386943854447,-0.07939430108471235,0.032915472342299024,-0.03416021237941909,-0.04492684232195487,-0.03258200162400278,-0.018607189497302317,-0.03813429719036013,-0.04862758276973736,-0.05012865770266642,-0.03728231281879353,0.07635512034371611,0.023172304347736997,-0.03510983246206339,-0.02585736268648146
1999-09,0.09094382980772578,0.0,0.0,-0.1209860026913486,0.0,-0.1399557675971167,-0.03593995144133393,0.16027272311684254,-0.06441664056859545,0.0,-0.0,-0.0,-0.22822096497188446,-0.10464477121995455,-0.0,0.0,0.05546158240245349,-0.02666553586879796,-0.01885146603049437,0.030824123831184626,0.0,0.044605195877182834,0.07435590332325198,0.04335439672189468,0.030044006249215424,0.0399770163065441,0.04475937176228481,-0.03279084586770309,-0.09272559251554656,0.05308029909218508,0.0,-0.44756620744570685,-0.16349305295018018,0.0,-0.11687323525371712,0.0,0.0,0.0,0.0,0.031437478756929094,0.026293558738404724,-0.040298150763246485,0.0,0.06584264630592353,-0.07943149248201298,0.03274805394418356,0.03425945395653469,-0.04160562433546212,0.03309448054258779,0.018858630031696057,-0.03811964805378527,-0.04860248669294061,-0.04937259501187591,-0.03675036987431693,0.07816476439747506,0.02340503761924383,-0.03520641545639151,-0.02570063012384502
1999-10,0.09047534078087123,0.0,0.0,-0.11979453209921576,0.0,-0.1433445124443997,-0.03527472763997533,0.1577176629906824,-0.06323761642066747,0.0,-0.0,-0.0,-0.23209331446174372,-0.1061846511843368,-0.0,0.0,0.0556278827332937,0.026731069761638943,-0.019105832222420974,0.031040750918191983,0.0,0.04461327718096888,0.07492177106784494,-0.043871952678084865,0.03042803201862127,0.04082778303099278,0.04507855079958649,0.03325856500655296,-0.09500000706954433,0.05309398992002943,0.0,-0.4494804899929102,-0.1660635082725087,0.0,-0.1187129906493,0.0,0.0,0.0,0.0,0.03202244750243393,0.026070608713337967,-0.04247889411265905,0.0,0.0666563097000143,-0.05910742980743727,0.032868630135192076,0.034473997207698184,-0.04209312489722741,0.03314057426897828,-0.01889317242955644,-0.03949934912709526,0.046061479116252066,-0.04992174290937519,-0.03700939761731961,0.07858859663644793,0.023617667674521982,-0.03537804676939882,-0.026139720030671464
1999-11,0.08863701714095794,0.0,0.0,-0.12335367474500704,0.0,-0.15185833183708297,-0.033250900538269096,0.15884170042820142,-0.06288597590746033,0.0,-0.0,-0.0,-0.23387797454751041,-0.10467439503126161,-0.0,0.0,0.0549475081398526,-0.026338041335818213,-0.0184886635824516,0.0366596831959946,0.0,0.043815959697838774,0.07577652035278398,-0.04458270809513989,0.029815613212871822,0.040360444961659955,0.04448464480396598,0.03292730428369762,-0.09348484415389959,0.051746320368164005,0.0,-0.4428851978557521,-0.16768289093553954,0.0,-0.12089614122705658,0.0,0.0,0.0,0.0,0.03181741693989457,0.025417986076668637,-0.04305357455296987,0.0,0.06544478049228049,0.05819472452108618,0.031940308214033444,0.03393068777448345,-0.04187262018200869,-0.0338356940541232,0.01892093508428669,-0.038982979028586835,0.045299554152686,-0.04840681977208193,-0.03788297648497034,0.0777644558157781,0.022970852494245343,-0.03617766258298763,-0.02581351539859104
1999-12,0.0901997858653843,0.0,0.0,-0.12410590791841417,0.0,-0.15559305310843474,-0.03319261856790947,0.1585102938166813,-0.06246529582707391,-0.0,-0.0,-0.0,-0.23545662422871072,-0.10108803963685879,-0.0,0.0,0.05458532868927416,-0.025981561720201145,0.01744315226049734,0.03602852603119272,0.0,0.04368484791517155,0.07541882075385435,-0.04478438224222281,0.029529791778848735,0.040185686614186145,0.044164344228144754,-0.03133345637148629,-0.09143657109589742,0.05238202346183659,0.0,-0.44095085085681734,-0.16974343294556538,0.0,-0.12238039049515183,0.0,0.0,0.0,0.0,0.03182869076216444,0.02481836195081136,-0.04283847293706004,0.0,0.064788625546949,-0.057768698520310295,0.03183139232537249,0.03786689852840406,-0.04155633968079479,-0.034254813054028665,-0.019208853442649727,-0.03840603072928899,0.04484277539243579,-0.0494634180824042,-0.038305198918446214,0.07728699202346731,0.02235917016074154,-0.03653021179683343,0.02540026971802182
2000-01,0.08818383113955972,0.0,0.0,-0.12497678237046976,0.0,-0.1599986281073589,-0.03291645074372241,0.15643291345681745,-0.0620967288642831,-0.0,-0.0,-0.0,-0.2386151099115272,-0.10078050552139801,-0.0,0.0,0.054594068896873356,-0.027257731800494737,0.017330887483965173,0.03668112453923033,0.0,0.04331673418601243,0.0752307852205002,-0.044570122735952414,0.027465787186848365,0.041052248949804505,0.04203501233549133,-0.031034936614204377,-0.09191133849086879,0.052400939019685525,0.0,-0.4397552864321558,-0.1713503244292488,0.0,-0.12313901448631462,0.0,0.0,0.0,0.0,0.031183323961612077,0.02497379753265072,-0.04269374680796335,0.0,0.06491760116053101,-0.05762772530581445,0.03164478055280298,0.03751015022978776,-0.04090046201829728,0.03418095389827129,-0.01928095028967356,-0.03838167543825238,0.04477161384059459,-0.0486376869742712,-0.038205396058061995,0.07759215279879932,0.02252317864596275,-0.03651542051820139,0.025332091045664487
2000-02,0.08801799489297317,0.0,0.0,-0.14981531226247455,0.0,-0.1562983384884986,-0.03269020900884122,0.15816913859423376,-0.05208172962436106,-0.0,-0.0,-0.0,-0.23315546217446942,-0.10447592516398102,-0.0,0.0,0.05412465445261501,-0.027291255923261017,0.01732863140271159,0.03645419096966448,0.0,0.042759104871049565,0.0749373694378073,-0.0442834387436077,0.027292506101697686,0.04116137887030745,0.04160204803236838,-0.030276056666478156,-0.0939497587154453,0.05105469209593044,-0.0,-0.4369726905472723,-0.16897524947575812,-0.0,-0.12212021648094974,-0.0,0.0,0.0,0.0,0.030952551131213087,0.024466898657358207,-0.04169332961323629,0.0,0.06469800235134437,-0.05871769372144639,0.031432348425591845,0.03744028674982027,-0.04052595318321279,0.03382218717286898,0.018850082872140596,-0.03826497195852966,0.04444314808402097,-0.05107913431427517,-0.037801575089256724,0.07718184605544319,0.022149703204352025,-0.036070082162926224,0.025122852256206224
2000-03,0.0884703605368075,0.0,0.0,-0.14851954899172232,0.0,-0.15292836283108016,-0.03263314872532727,0.15999433916607006,-0.052032407945707,-0.0,-0.0,-0.0,-0.23223656722308694,-0.10612983663875711,-0.0,0.0,0.0538621664928319,0.027630729817133482,-0.01817057557311169,0.03670246132841471,-0.0,0.04229042174981891,0.07444525216812528,-0.04562425073654939,0.027013067697730448,0.0410734653423624,0.0381500422722525,-0.030147515952991897,-0.0958989697773004,0.0507351504988098,-0.0,-0.436945295155299,-0.16809037364252455,-0.0,-0.11879430808903035,-0.0,0.0,0.0,0.0,0.023880802020034304,0.023901593857106943,-0.04354018912957263,0.0,0.06413948199708101,0.05998295438668663,-0.03171970663276145,0.038443483942304,-0.040385048586054156,0.03466373924294581,0.019605813735065432,-0.04275129155937394,0.04712861348908145,-0.04960852868307327,0.03855215261787433,0.07932489094856578,0.022245417777512513,-0.036513676136174206,0.025093996905886425
2000-04,-0.08876611192549116,0.0,0.0,-0.1483680218246763,0.0,-0.15572447106606158,-0.03440453882647292,0.1613415487985356,-0.05271204203573676,-0.0,-0.0,-0.0,-0.23260674474322915,-0.10662102481361287,-0.0,0.0,0.0525553810896315,0.027698938867559517,-0.018246282435387666,0.03662773034259136,0.0,0.042455036779492486,0.07433611188212093,-0.04675828461999512,0.027566436750482565,0.041352572218845855,0.03778288139899803,0.02798774285088849,-0.09699962522440106,0.05035391123782937,-0.0,-0.4371683164795247,-0.16528276965935038,-0.0,-0.11955051804388014,-0.0,0.0,0.0,0.0,0.022868508619505633,0.023883471389211874,-0.04347190555180691,0.0,0.06415652431083721,-0.059466167015927815,0.031924103892548635,0.03852541469456552,-0.03666252503531935,0.03571976224958332,0.01956695739355295,-0.042732053874370714,0.04804090738858355,-0.04828124316006833,0.038810490802499466,0.0787415668765474,0.022149480167023977,-0.037177419308794646,0.02455445435445705
2000-05,-0.07814431411281637,0.0,0.0,-0.1293298675278263,0.0,-0.13794637112034736,-0.03078631095360541,-0.14186194462790563,-0.04638579902586428,-0.0,-0.15539380699344474,-0.0,-0.20787283941863785,-0.09266759987274682,-0.12237724372866218,0.0,0.04632217902194685,0.024828559033230755,-0.016814551517600522,-0.03268917510844614,-0.04829695485910268,0.037476905369909594,0.06625706592878365,-0.04356860729455355,0.023388540269682363,0.03651101607124258,0.03323668040250042,0.02454786436607365,-0.08545304442711414,0.0449004578607559,-0.0,-0.39165998228431104,-0.14800624871863835,-0.0,-0.1072469161398199,-0.0,0.0,0.0,0.0,0.02048710632714778,0.021382704300862428,-0.038971532599508044,-0.0,0.061251963666190325,-0.053502453426697,-0.02907000576622868,0.034503581380978324,-0.03314272076983249,0.03205591199384977,0.01765943151737112,-0.038137114127571335,0.04307537375915894,-0.04143952280680941,0.03492425158775581,0.07048547312772246,0.019841501123574037,-0.03416276242423533,0.021935743238937717
2000-06,-0.07847768610528212,0.0,0.0,-0.12367696144820771,0.0,-0.138505311329375,-0.030240451520286385,-0.14336194672636007,0.04214990612364255,-0.0,-0.15621534086238575,-0.0,-0.20819162268929378,-0.09097973211259455,-0.12370874758232712,0.0,0.04868103201168265,0.024838373773886483,-0.018370113964039165,-0.03272414434396128,-0.04860991659230033,0.038217920251520696,0.06611003621975305,-0.04716694447653249,0.022586738370245676,0.03532476109272087,0.033686471928401004,0.023750292068945,-0.0879301678606477,0.04510279698974797,0.0,-0.3920229095739376,-0.148276394583517,-0.0,-0.10700052255726968,-0.0,0.0,0.0,0.0,0.020388829501902826,0.020303736925711535,-0.03961055340128495,-0.0,0.06174790866878717,-0.0537153965672143,-0.029089733157902708,0.03516998911218492,-0.03233931066283021,0.032007958742988465,0.015828141717476582,-0.037816572909407924,0.04315375237261022,-0.04175777737897199,0.034854090474041914,0.06979676029426309,0.019560003047267994,-0.03523985182437821,0.021712390081911233
2000-07,-0.07559198273498627,0.0,0.0,-0.12442428721617213,0.0,-0.13904525136469775,-0.03248895277561881,-0.1425627137973081,-0.038274136663456665,-0.0,-0.1590257073681313,-0.0,-0.20441302833906397,-0.09082947942001596,-0.1242440376212526,0.0,0.048814188532145204,0.024875904490248894,-0.02004849395416008,-0.032408802010139674,-0.04873180424130723,0.03834207917054575,0.06563610473983983,-0.047648178930850035,0.022445105045226964,-0.03477207979059365,0.033238430471502406,0.023150962757582598,-0.08776533185296267,0.04537762531983411,-0.0,-0.39313862628676693,0.1466640235055386,-0.0,0.10687020395258086,-0.0,0.0,0.0,0.0,0.020379024162251895,0.02045299434787253,-0.03661133718760243,-0.0,0.06235640679012657,0.05224698238943101,-0.02918458158633849,0.035357438396306666,-0.03284244954839351,0.035735886968609944,0.015903207292614328,-0.03626826362297648,0.04390106102399048,-0.03992765751417376,0.040900712788291875,0.06999241021452092,0.019321794731740956,-0.0359348094541428,0.021855459628086032
2000-08,-0.07374926154085866,0.0,0.0,-0.12264490279428542,0.0,-0.14737939891277635,-0.03270264546850574,0.1402060992847017,0.03611044487544771,-0.0,-0.1581250923246926,-0.0,0.21042247220122964,-0.09334005045454265,0.12264727689687227,0.0,-0.048059381185840105,0.024027871055949522,-0.01985351748109275,-0.031368088623993935,-0.04915813401869213,0.03873995602883254,0.06296595145540787,-0.047839989777677686,0.022253811746268524,-0.03336002237754443,0.032689838139218816,0.021239593388916258,-0.08781118787466761,0.04553481279487945,0.0,-0.3866424011930257,0.15148049758437468,-0.0,0.11374880474660615,-0.0,0.0,0.0,0.0,0.0192527519813042,0.01995720787434495,-0.03819493759780242,-0.0,0.06138107497394613,0.05089074819279894,-0.028784583030588763,0.03422437768622973,-0.03241028041974386,0.03511944830537402,0.015369264943810208,-0.04047453741680616,0.04252748883575662,-0.039374661029139724,-0.04037982859864799,0.07098201980440123,0.018607683339079563,-0.036465164467709525,0.021502437275614787
2000-09,-0.07396207668198657,0.0,0.0,-0.11825295138599282,0.0,0.14770462215733443,-0.034286799808393914,0.13949716491503758,0.03563947322481984,-0.0,-0.15886820011447136,0.0,0.21290405924398523,-0.09122550609599601,-0.12266249188522628,0.0,-0.04814825395099897,-0.024390140023016482,-0.020002898823609887,-0.03071434470422866,0.04859934694263946,0.03761423603206747,0.06289085330044662,-0.04975124013125037,0.022119702861711648,-0.03403849024797511,0.03242277976496883,0.021252535398213788,-0.08573303060033767,0.04622935002675667,0.0,-0.38696266707343757,0.15372948653862997,-0.0,0.11753536879895833,-0.0,0.0,0.0,0.0,0.018853301005927088,0.019287620006131906,-0.03802468879110002,0.0,0.0621753772854032,0.0509333725368026,-0.02884005090027579,0.03499245557299386,-0.03239777311317518,0.03314806805582399,0.015193211737590678,-0.04003242595139119,0.043236332611511684,-0.038755982816030723,-0.038038762566909,-0.07254483904146532,0.017894471524002545,-0.03705086377601217,0.02146233197496145
2000-10,-0.06993156165832028,0.0,0.0,-0.11495036623877922,0.0,0.1480596754250803,-0.033673836014494925,-0.1347536126364027,0.03497811037678782,-0.025034959459087867,0.15854798232431014,0.0,0.21131201186305085,-0.09224746625945918,0.13164369230785014,0.0,-0.047349089472979666,-0.024050155455164406,-0.019793492922209863,-0.03160366012785275,0.04889714526597936,0.03722222590361508,0.06144740438383893,-0.049354030597369494,0.021017968803047814,-0.03300651603625706,0.032184491725161087,0.020720831290316218,-0.0861599029258424,0.04461199419007442,0.0,-0.38133704312034883,0.15301317517852253,0.0,0.11587555900180942,-0.0,0.0,0.0,0.0,0.01853121351675166,0.01885636824707961,-0.03741822981043876,-0.0,0.06102019938615264,-0.050651624353465055,-0.029363254414993385,0.034389146467084894,-0.032101129362389666,0.032778198917608456,0.015003554214727752,-0.03956358762083131,0.043542288762457276,-0.040483499564322956,-0.037410114489099276,-0.07032633041086529,0.017623322399814317,-0.037290556742195106,0.020869420355709586
2000-11,-0.06854531167604176,0.0,0.0,-0.11942550877601851,0.0,0.14846721275006874,-0.033047049274613105,-0.13423831982778428,0.03437527520864015,-0.024059099411814625,0.1558803296175279,0.0,0.20974824269210326,-0.09038779685715818,0.12956715605910987,0.019397419246287087,-0.04646355545954125,-0.023700261742254366,-0.019376067113541916,-0.030375314934939796,0.05117289850115447,0.036515675371225735,0.06542446569872962,-0.04845516022602535,0.020533689541630165,-0.032518902239606046,0.03156092806350239,0.020429591286529387,-0.0859403951007287,0.04417523924566548,0.0,0.3745821240903411,0.15218081307743342,0.0,0.11650166856021754,-0.0,0.0,0.0,0.0,0.018168467317573645,0.018502113417615297,-0.037937386397653566,-0.0,0.05980971955324854,-0.05109683769042761,-0.029420162339112134,-0.033565584976076375,-0.03179430328655099,0.03417664123793003,0.014650688228967581,-0.03848391916839535,0.044171339715898386,-0.03979952874934592,-0.03859252116517523,0.06816329081213168,0.017283731612610227,-0.03690228690237226,0.020436005778680662
2000-12,-0.06871050102587739,0.0,0.030955909180170688,-0.1193193512039645,0.0,0.14431264738704974,-0.03282613579113126,-0.1346608734403394,0.034223559517387925,-0.02405400028137264,0.1537439331935399,0.0,0.20529795004551782,-0.0883443359714392,0.1275435896595744,-0.019282307683449365,-0.0475883816079567,-0.023920302350230162,-0.01970983348137923,-0.03063898518355568,-0.049869415523156685,0.03551736942161009,0.06606418463912599,-0.04851169135615341,-0.01892068874751054,-0.03252839343275454,-0.030599761765183045,0.02043345978741363,-0.0825646701623809,-0.042325871225598916,0.0,0.37468698302504316,0.14760438107470972,0.0,0.11343890427085616,0.0,0.0,0.0,0.0,0.01819788067717495,0.0185946004923334,-0.0377800993013106,-0.0,0.06001472727969397,-0.051580812306132644,-0.030324575903221875,-0.03394501443901327,-0.03182700514858326,0.03260683727702764,0.013503280126361462,-0.03809549031234188,0.045060516804598494,-0.03984490393724735,0.03762905452022984,-0.068111654175944,0.01748746936928999,-0.03684977776751816,0.020347928726544433
2001-01,-0.0673336102337222,0.0,-0.03160768800419688,-0.11064373157343599,-0.0,0.1460473992151633,-0.03313116389634915,-0.13226221380797426,0.034119375936497824,-0.024409074675603055,0.15585691157944967,0.0,0.20382748757566466,-0.07811418932402762,0.12981178613838049,-0.019471288302186366,-0.04786233955814243,-0.024188893936253352,-0.01998821209173733,-0.031142802824439472,-0.05158333724885709,0.03560954102263825,0.06680903139048676,-0.05000515602706806,-0.019107581012074586,-0.03332182208468778,-0.030558483467754215,0.020647063330265728,-0.07631637642952935,-0.04287659867811705,0.0,0.3796819244001316,0.1473027424740009,0.0,0.11408211113148559,0.0,0.0,0.0,0.0,0.01830272435968137,0.01873927380734399,-0.03768397618821038,-0.0,0.06241427150711877,-0.052501894421949385,-0.03242109100786197,-0.03542942378262624,-0.032259972876699565,0.03438387700006205,0.012327215544530147,-0.03795099226081073,0.04637038688690383,-0.04041583751301271,0.038574183840073224,0.06698607222199651,0.01717059505362051,-0.0376811164154205,0.020667157941757112
2001-02,-0.07038145046989502,0.0,-0.03145659843342463,-0.10902183416969148,0.0,0.14764607719505973,0.023948268331832476,-0.13390327056311124,-0.03398273835890497,-0.02463956524665793,0.15992300684248867,0.0,0.20594618830325193,-0.07804079295819462,0.13148599103899622,0.019865943752387625,-0.047732673589695254,-0.026803165780830748,-0.0201519961165482,-0.031168790130878754,-0.05239942797895492,0.035605305648806165,0.06852084221299606,-0.05034072828443577,-0.01897576497565196,-0.03452798338567514,0.030342350214054962,0.020724971928785658,-0.0759147514537463,-0.04259716300691777,0.0,0.3782055512263911,0.14817792344065062,0.0,0.11419887673743298,0.0,0.0,0.0,0.0,0.01838933933101137,0.018669881796889404,-0.03698158849739942,-0.0,-0.05896775135242625,-0.053220765032395326,-0.03217161963501033,-0.03532449688406508,-0.03214848260426408,0.03248050044329237,0.011433446250900417,-0.03704437834871508,0.046348020864211824,-0.039934721604622324,-0.037170129544385824,0.06741378169145147,0.01701568114917142,-0.03809839637266545,0.020557026820774035
2001-03,-0.0691804040393437,0.0,-0.030849104165533728,-0.10938786493730508,-0.0,0.14799614042557538,0.023478579781181334,-0.13443184574415512,-0.03317931663814961,-0.02419358241986179,0.1608560891340832,0.0,0.20769003147888473,-0.0782631335474434,0.13193964789746243,-0.020845981849782282,-0.04774728414158549,-0.026685842399847212,-0.020180808734615124,-0.030615356313280558,-0.052325256972515506,0.03560260605683187,0.06864186077545283,-0.05039960897319721,-0.017612049411275515,-0.03421784122572721,-0.030383045446269408,0.020887075586635703,-0.07592571113789212,-0.04122426870127672,0.0,0.37857121608318994,0.14879066590932005,0.0,0.1144835186875977,0.0,0.0,0.0,0.0,0.017415978158913468,0.01890911504773728,-0.03672534239273945,-0.0,0.06035179882461664,-0.05328791721159086,-0.03226822566492091,-0.03532382681314283,-0.03223066298477406,0.03304540597669456,0.011402653099016426,-0.037163930696767405,0.04661677485868907,-0.038783823340659974,-0.03722488223745429,0.06634673374749112,0.01727243550942641,-0.03812782634615714,0.0209169284739356
2001-04,-0.06555821114051981,0.0,-0.031094531308099867,-0.11109595422694656,-0.0,0.14946419684844323,0.02368107427207873,-0.13200506985989016,-0.031504979581695784,-0.02412345512313261,0.16188849377747297,0.0,0.20932716150668604,-0.07674434161120333,0.13393184188512167,-0.020500273296167697,-0.04748803298960374,-0.026909270427456725,-0.02038274087105552,-0.03073802504421668,-0.0519519878276225,-0.03513636566947012,0.06864353093533544,-0.050837055361447815,-0.017168814656872776,-0.034808988542894645,-0.030542569959562383,0.02058040510354561,-0.07664453917905967,-0.04099454800633685,0.0,0.3815477391677374,0.15013177547066936,0.0,0.11475337229170171,0.0,0.0,0.0,0.0,0.017248003214040318,0.01907021032862688,-0.036444820455468076,-0.0,-0.06069333928487078,-0.05330287017044644,-0.03239528580024446,-0.03531071774717428,-0.03248758174268012,-0.033638839536740274,0.011484148002965624,-0.0378722004112122,0.04360034280072306,-0.03727918033791709,-0.03717521687863967,0.06505481987909306,0.01734708386240243,-0.03808541940282216,0.021330574201885815
2001-05,-0.06268874502754221,0.0,-0.030732555737788252,-0.11075634906495346,-0.0,0.1444078516684449,0.023569452266504694,-0.12734897471225198,-0.031733550196609485,-0.02378592059348985,0.15501430755065881,0.0,0.20440095059458996,-0.07812280605350393,-0.12994681882728307,-0.020870056722896234,-0.04749122310958341,-0.026924790911237464,-0.020422167807281334,-0.02631745436319381,-0.0503627338379381,0.033993137412706174,0.06842038196212256,-0.04997136831929231,-0.01682991800641499,-0.033922794807930826,-0.030137502900391976,0.02054374454323652,-0.07710192967175672,-0.040049423192003546,0.0,0.38233476805801314,0.1448201157340605,0.0,0.10929582737372082,0.0,0.0,0.0,0.0,0.017482316383513677,0.018571639431254696,-0.03668637452388545,-0.04138145287515684,0.06532450240424648,-0.053304861097643756,-0.03253537019734192,-0.03566490122599136,-0.03270268052680375,0.033465757439043335,0.011567260158253295,-0.03827141861416135,0.04206172549488806,-0.03744947587798074,-0.03709540299950654,0.06776524339193965,0.017403468990622454,-0.037587791419726735,-0.021360735920638717
2001-06,-0.06317926265900262,0.0,-0.03075796055354749,-0.11149970090702242,-0.0,0.1436183641930856,0.023410148676932436,-0.12819646420320358,-0.03163480649775542,0.02455999810441083,0.15406356695899917,0.0,0.20305361605142982,-0.07576120719559941,-0.1294562396646565,-0.021401012189848332,-0.04747759455380441,-0.026620862067248244,-0.020131769064592117,-0.02642801906900475,-0.04969736512693825,0.034181071643050516,0.06972700535140519,-0.049615699553948664,-0.016757299595980567,-0.033121791045007336,0.030243530549300898,0.02044107364797107,-0.0758487865866025,-0.03994238174212016,0.0,0.3800588169072659,0.14406967630226972,0.0,0.10912172454930694,0.0,0.0,0.0,0.0,0.01723426979991767,0.01846517612784539,-0.036267059516658505,-0.041253909626590396,0.06730598887369868,-0.053763907449637306,-0.0358983988122899,-0.03605382936357632,-0.03295750079740209,0.032673578490311626,0.011344204306285311,-0.0379442392087636,0.04397687046850387,-0.038454053482981504,-0.036697134197481725,0.06970176234649512,0.017375006177695395,-0.03735357346130976,0.021202722281244764
2001-07,-0.06298236400955483,0.0,-0.030871648106124156,-0.11458375636777825,-0.0,-0.14322071586959334,0.02333842529578897,-0.1264959387489897,-0.03249925046352823,0.024664103298511517,0.154099730259524,0.0,0.20307103224722392,-0.07554210727176155,-0.12991900328690756,-0.021408311564361338,-0.046718321604819577,-0.026538749918813095,-0.020708978333133597,-0.026410313345748976,-0.04942058851873348,0.0341104443170748,0.07002290954272004,-0.04857280437003901,-0.01689302024800738,-0.033018039997131474,-0.030142053237311832,0.02015662805298249,-0.07621984958044671,-0.039987273527667996,0.0,0.3796136137451018,0.1441371262969737,0.0,0.10989792504140153,0.0,0.0,0.0,0.0,0.017064018195978366,0.01779423896656079,-0.036868943457452556,-0.040868620300493215,0.06869052751423967,-0.05359017795691877,-0.03687212265425382,-0.035761143642781545,-0.03281586633699554,0.03265545788905713,0.011147356258344947,-0.03789176035681587,0.04254810645188602,-0.03851560556925484,-0.036164394062192705,0.07001701874600101,-0.01753163630806798,-0.03688542877645502,0.021052550088494944
2001-08,-0.06369114889152387,0.0,-0.031017981455810657,-0.11594279112576814,-0.0,0.14028544750630947,0.02353531572012907,-0.13231145246474843,-0.03307648828377926,0.025135912292528432,0.15324776441644672,0.0,0.19649438791725937,-0.0749842676555749,0.12780662493194683,-0.021775501533698127,-0.0476864685046329,-0.026757995153508702,-0.021790741230584183,-0.02660891470551972,-0.04973895073203098,0.03468869204178171,0.07031663708055842,-0.053207222263467406,-0.01691333081492712,-0.03296028077072008,-0.030864799375848847,-0.019732970700177974,-0.07505726924916567,-0.04035840534844443,0.0,0.3829061786659311,0.13871598938982715,0.0,0.1062718110975445,0.0,0.0,0.0,0.0,-0.016326691971886888,0.018226305061661535,-0.03698499952990111,-0.04127492676111901,0.07349945205691964,-0.054553696629754685,-0.0371663471848198,-0.0361882058214583,0.028246207420605362,0.03329178004699035,0.011555327239321324,0.030073241426226572,-0.03838515205661588,-0.03864341473088133,0.035085710525197905,0.0798761349540649,0.017724586336088283,-0.03730085210640489,0.02171522681988827
2001-09,-0.06221453066056943,0.0,-0.0316959730077942,0.1144111046543971,-0.0,0.13385962359400244,0.02279419429866443,-0.13783669229196507,-0.03153207391532855,0.024302038383393742,0.16462678083208912,0.0,0.19932669589282917,0.07016414068494145,0.1285665570127027,-0.021128831789638553,-0.04550094112738054,-0.02601866864805492,-0.021061268882861924,0.025782472755181505,-0.05166275048799191,-0.03921024458572116,0.08718301173608829,-0.05143129391645767,-0.016590162137362523,-0.03411646499464081,-0.03380422354999473,-0.019541021329885284,0.07193544975867301,-0.04296208882328064,0.0,0.3700593940800045,0.1404464792891745,0.0,0.10618153893725646,0.0,0.0,0.0,0.0,-0.015891386492823886,0.01761366190869787,-0.03762139488459762,-0.0455780627465847,0.07096551199244179,-0.05287046863571089,-0.03933568665150436,-0.03572157473836182,-0.026602819676314532,0.033394962024499195,-0.010822972442170705,0.02951415689386071,-0.036707002520091375,-0.034361470076556315,-0.03449958786784927,0.07746185261346729,-0.01734635955629016,-0.036288337509231695,0.021456018710620008
2001-10,-0.0597492761473647,0.0,-0.02926207986768226,0.11371662244382082,-0.0,0.15392054341670744,0.02185799126243889,-0.14130168590714487,-0.03090183842454324,0.024386441877742013,0.16629675527321447,0.0,0.20277107689164384,0.07346965005038932,0.1344511956711104,-0.020830851183394138,-0.04532930493406676,-0.026856093939650987,-0.020844109017918472,-0.02385260383623912,-0.048853785646983325,-0.036832951808497646,0.08263537126390275,-0.05234726306558312,-0.016312151599692206,-0.033012136302510264,-0.03183891705011113,-0.01907204803718706,0.07280043399569532,-0.041903511296840765,0.0,0.3673714890628759,0.14748060111976877,0.0,0.1101599778399597,0.0,0.0,0.0,0.0,-0.015129189444662511,-0.017221482792977732,-0.03730904487107302,-0.04184039792534086,-0.06716407299839706,0.05307098877553797,-0.04096784459300337,-0.03539163833942855,-0.026174810130534312,0.03272619934694359,-0.010791848766576007,0.02717473178809571,-0.036317447745278175,-0.03412914665616176,-0.03376713253038452,-0.06479492926452789,-0.01713349145313831,-0.03662045187262167,0.021856392470637035
2001-11,-0.06124369621533352,0.0,-0.02930920986670265,0.11413962604652345,-0.0,0.1449221784521302,0.02185715437178019,-0.14197596475358248,-0.030013633329532746,0.02345737788749121,0.1571690263237471,0.0,0.19828496452502953,0.07390762138980103,0.12976345448680085,-0.02536599466862847,-0.05847828906166414,0.02703371179134504,-0.020961086526497436,-0.023761241690232162,-0.05043161497680963,-0.03761500071262785,0.08384504494665311,-0.05511140011877931,-0.016004785629991664,-0.03264933421922137,-0.03177844389918124,-0.0191069702782012,0.07369521608396627,-0.043474942221960244,0.0,0.3680817742005131,0.14340745844463107,0.0,0.10388309668334197,0.0,0.0,0.0,0.0,-0.014988318349535904,-0.017003416060623402,-0.03796956368739161,-0.04411061565761818,-0.07337454347852033,0.05243251319196867,-0.039939511552923496,-0.03531277485457636,-0.026284960311766272,0.03387323774432571,-0.010569822595442126,0.02521826219941951,-0.036815192301842777,-0.03346009266830708,-0.03447187883380709,-0.06726246931665898,-0.01718127640077431,-0.037022439611690106,0.021979797380108256
2001-12,0.06043567773073486,0.0,-0.029295064452947286,0.11433251255710666,-0.0,0.14235014482213057,0.01927020284198774,-0.1425574306650796,-0.02495344298155337,0.024966506492826748,0.15914372904745583,0.0,0.19575986864691927,0.07482223801178443,0.1343145259356897,-0.024809653982136443,-0.061132079097185925,-0.027224843334509488,-0.02126741363816772,-0.024052963115818254,-0.05208971037310687,-0.03737619358532531,0.08466669125005778,-0.05615111815985686,-0.015916858722052087,-0.033673235996725594,0.03166804655467619,-0.018961890816943945,0.07532154590876507,-0.043045410810428814,0.0,0.37104547261211973,0.13712746883743268,0.0,0.0961525776058845,0.0,0.0,0.0,0.0,-0.01502625755741612,-0.018072080995159077,-0.03814404825585621,-0.04317730515905475,0.07647110353029347,-0.052699941561117916,-0.0404595740320761,-0.032455024121932935,-0.02645311299259575,-0.034132914617900044,-0.010548419600355203,0.025032838324816575,-0.03647453715368081,-0.03290588230583105,-0.035039297655609876,-0.06902305617550145,-0.018287049580983164,-0.037428163713327044,0.02428487407908332
2002-01,-0.060937703477626746,0.0,-0.029307314489592316,-0.11220598131273855,-0.0,0.1427910284575599,0.019361018432840243,-0.1419627533271351,-0.02484296015118649,0.025036268947925475,-0.14997754583966327,0.0,0.1942532658682181,-0.07573915543490234,-0.1314260448006579,-0.02497284201299276,-0.06430706559080135,-0.028287581520529195,-0.021644153253131716,-0.023771741396568468,-0.05228166326642503,-0.038967429035079625,0.08668310912831431,-0.05630449350835635,-0.016353607798708095,-0.0342428445001706,0.031746841476671395,-0.019044352418663674,-0.07607118521911307,-0.0442342271916625,0.0,0.3723221584309517,0.13508720568245813,0.0,0.09582346051550329,0.0,0.0,0.0,0.0,-0.014794200138567833,-0.018133679189810722,-0.03858425493315734,-0.043308075094001384,0.07774875793671998,-0.05282737914663045,-0.03852703011921982,-0.031927043428919756,-0.026938323028222074,-0.03483755483198777,-0.010570748735628192,0.02544161771057689,-0.035496606164496854,-0.03295612087158574,-0.035965590173828624,-0.07073632390283942,-0.018331481722980537,-0.03781620788257852,0.025072002502100465
2002-02,-0.04608043253730982,0.0,-0.021771043742736997,-0.08124882438546044,-0.027201968049832388,0.10588694528129841,0.014356805904056394,-0.10691554331925487,-0.018439019776190196,0.019173008425069266,0.11244381066178895,0.0,0.1440466077150349,-0.056048521510252386,-0.09628192469348751,-0.01858784062125619,-0.04775217660950473,-0.02086736645702479,-0.016206210362320346,0.018088808263360647,-0.038827323499693624,-0.029106637720037302,0.06489341021907447,-0.04180994038880981,-0.01237676918606946,-0.025841854361298277,-0.023530469546939638,-0.01396317367017802,-0.05623344963564596,-0.03301567941935459,0.2761438790498232,0.2761438790498232,0.09999630869744636,0.18827191564350892,0.07075486825055592,0.2761438790498232,0.0,0.0,0.0,-0.010708029008798206,-0.013419157797237546,-0.028678294148559037,-0.03213782463290219,0.05989793233694491,0.039126580132673755,-0.028192129305140284,-0.022858294611324645,-0.020064324670596972,0.02618294722893642,-0.0077915172829646035,0.018860634884001106,-0.02599839397623158,-0.024653067176881614,-0.026934195390387192,-0.05211288164856653,-0.013538847177657564,-0.028068464857280265,0.02232618802959431
2002-03,0.0447240096963275,0.0,-0.021443941773641104,-0.08072746324577018,-0.02678979471977885,0.10919401830269257,0.013986651693304732,-0.10401148243910092,-0.01807872600761045,0.018633526236013394,-0.11484308944597144,0.0,0.15718461276068044,-0.05491865468001274,-0.10025851033167187,-0.018168068884075777,-0.04674830901580079,0.02196143172463107,-0.01584121794322931,0.016808004072634143,-0.0386170275916945,0.028991166785075538,0.06570465406035898,-0.04577967167236856,-0.012038501182230776,-0.024794929497880074,-0.023416423674370787,-0.013744083400761817,-0.054884227837256744,-0.03240609316746838,0.2699026969182786,0.2699026969182786,0.10725822088891919,0.18824780943806124,0.07505254312485274,0.2699026969182786,0.0,0.0,0.0,-0.010478113639491303,-0.013308487786157584,-0.028125003950858776,-0.03135279907951915,0.057385060436132604,0.03736012284468609,-0.02763713865095803,-0.022371946531139345,-0.021109254908494718,0.025894182798206315,-0.007632213310467623,0.01804822103269521,-0.025597668205114683,-0.025089787306632628,-0.027412075936605072,-0.05215705246804936,-0.013245884957934852,-0.029023600063607602,0.021806430044166374
2002-04,0.0449960125220444,0.0,-0.021516558883578524,0.08158021202561784,-0.026911966646626696,-0.10649957163988653,0.014197590359479186,-0.10486824107628419,-0.018125787569543632,-0.018800186410977186,-0.11247731225621108,0.0,0.14476539813229303,-0.05572965835740683,-0.09949597797821752,-0.018669139104210194,-0.04716730520979044,0.022196950750273964,-0.014720138318688753,0.01696480906916923,-0.038745144731437274,0.02879705740433286,0.07269826472447725,-0.048070885752226455,-0.012207654025929977,-0.025618865040204015,0.02326685963949126,0.013948669557480059,0.0557483079270799,-0.03277504024953636,0.27283313388271313,0.27283313388271313,0.10051110470842645,-0.18320908229293378,-0.07075511383986217,-0.27283313388271313,-0.0,0.0,0.0,-0.010583640485726643,0.014700438897467923,-0.029576824562672858,0.03200139952664404,-0.057536908513139716,0.03790100103886764,0.0294472493727827,-0.022401093552335143,-0.02130078675491568,0.02655682179915921,-0.007485205772395534,0.018366525857471963,0.02593881218275166,-0.02532578568221972,0.027269324023507072,-0.05079762351307953,-0.014793851469895671,-0.0324567949507076,-0.02102564419240366
2002-05,0.046216642097184533,0.0,-0.022065818295591625,0.07971068274284022,-0.027078110950932256,0.10486711270646479,0.014759762947356484,-0.11249782739489068,-0.017955358967374102,-0.018952019049380948,0.11300081668795157,0.0,0.1387315025301697,0.054413996621187524,0.09967716581545019,-0.02105568876815709,-0.046531080661856024,0.022234821305595037,-0.014685157792410867,-0.01704856437367782,-0.03959356308629946,0.029530802493604714,0.06994650570192587,-0.047989363193790185,-0.012120952632630641,-0.025988553550576256,0.023858266275251012,-0.014638502866605072,0.05436414512352941,-0.03259417886095127,0.27384682681572187,0.27384682681572187,0.09652587424970802,0.18114737053623275,0.06789684288499277,0.27384682681572187,-0.0,0.0,0.0,-0.010718369432081529,-0.014723223819033847,-0.029820632755088533,-0.03388710221445349,-0.05779176321010484,0.038076965691724786,0.030853237004356753,-0.023842124459985767,0.02141096726107239,0.026994515956201875,-0.007492039206670723,0.017012848313246683,-0.02618806597610303,-0.025944600241462508,0.0273281981280332,-0.05028906882164807,-0.015002225539766658,-0.032559012111255656,-0.020847508245975123
2002-06,0.0444297143594208,0.0,-0.02217209554429474,0.07982603515746305,-0.026977040808315617,0.10530150870477045,0.015180878712473493,0.1071244858584127,-0.017335414122624383,-0.01904994616379668,0.11494373471772763,0.0,0.14310519654918064,0.05319231753644605,0.10157232772829318,-0.02148374630885105,-0.04595947972104986,0.02290738318628266,-0.015514708965565713,-0.017170163416105787,-0.040210358244168465,0.02949042086044429,0.07121831529468114,-0.046303543316790284,-0.012124697210859058,-0.026118341887040476,-0.023730353873886147,-0.014883398610696775,0.053607853435356755,-0.032738231981402216,0.27428009991329394,0.27428009991329394,0.10003204384891606,0.1820500182342364,0.06881802098725788,0.27428009991329394,-0.0,0.0,0.0,-0.010786196081679592,-0.01487323208098258,-0.028883148522317045,-0.03403487680546272,-0.05680668671461684,0.038405564677889685,0.030336547900987207,-0.02537139941692215,0.020493981569453854,0.026855834054581574,-0.007431293417103585,0.014461493516623887,-0.02624149889405639,-0.023559578060323723,0.02671462471575441,-0.049059856263127526,-0.015187315002600921,-0.0320917680218158,-0.020993029197008475
2002-07,0.044871801521612575,0.0,-0.022026343111017695,0.07284173467503316,-0.026667318631740874,0.10574099698319035,0.015737882031238392,0.10716610149946436,0.016821198269565477,-0.018691576465709386,0.11917777100554443,0.0,0.14149105096085357,0.049771234918303126,0.10312357616852473,-0.022022584807263684,0.04516165246709039,0.023390157712753167,-0.01590453647595474,-0.018106760258143652,-0.0385381407973708,-0.028938014055335675,-0.07246025326836003,-0.04315190846712814,-0.012163233450423938,-0.026756761603741568,-0.02371032094313819,-0.01499122336631603,0.051033020736861126,-0.032836055821135864,0.2751422598141075,0.2751422598141075,0.0993715752437829,0.1844293434977395,0.06922193026221975,0.2751422598141075,-0.0,0.0,0.0,-0.010791114331768206,-0.015165590462033085,-0.028342774522214613,-0.03365209084572642,-0.05693147477397871,0.038263343401269016,0.031138798096314067,0.03044720585300106,0.020852285493725357,0.026721262583816765,-0.007453805682858571,0.014359854169293935,0.02655704008122743,-0.02381462641025536,0.02660210582413337,-0.0479459300382431,0.01549854060773603,0.0307069879990308,-0.023012329904494234
2002-08,0.044933981356423285,0.0,-0.021054495941616375,0.07415455755670858,-0.025654212359542617,0.10724546898449817,0.01581776209938338,-0.10069755144014796,-0.01698566017399033,-0.02167827419463351,0.12156407403174083,0.0,0.13601955718243447,0.05102739741046063,0.10621384184097446,-0.022199096611374557,0.04736920130162568,0.023016735122886656,-0.016163827460767822,-0.01798591662267267,-0.036972784676020824,-0.028010920790763887,0.07287458317132164,0.03628331692968394,-0.012235458882342688,-0.026785499598909,-0.0224533078832282,0.014715385120849666,0.052599995787658685,-0.03237647796706978,0.2778122015579734,0.2778122015579734,0.09729456931375727,0.18582734625000738,0.0688676645057149,0.2778122015579734,-0.0,0.0,0.0,-0.010911266431512185,0.0153980458745267,-0.02819425307540882,-0.03357631503947006,-0.058126331747691974,0.03847810688114442,0.03132726277365405,-0.028778916255096702,-0.021011924554123318,0.027193688314431873,-0.007501222931031113,0.014586376945074931,0.026905143235755786,-0.023230990638081987,0.026510123394760176,-0.048570122508016254,-0.015673883882739444,0.030035575162363454,-0.023474923111986967
2002-09,0.04500955855710091,0.0,-0.021250208724721057,0.07462096917363886,-0.026147318477554107,0.10653973103328834,0.01596058259430136,0.0993515389688667,0.01707652562853941,-0.021203107207199746,0.12087446149938687,0.0,0.13537744289527845,0.05133842762305183,0.1068192060815343,-0.022360584059127834,-0.04880983355059395,0.02665240679049678,-0.016068130079420026,-0.017912843521793242,-0.03713045539096257,-0.02834237424376258,-0.07351887437761723,0.03144748596194148,-0.012349177108497353,-0.026918000119762565,-0.022646465465152,0.015086517153616948,0.053063758272559915,-0.03248674633138732,0.2792194473621633,0.2792194473621633,0.0965771482079083,0.1845569675443082,0.06647651367547536,0.2792194473621633,-0.0,0.0,0.0,-0.01096566872867055,-0.015560983820869687,-0.02812104344089379,-0.033845569797789674,-0.05706147192044899,0.03848302598278006,0.03164651459349754,-0.029002635909977998,0.022002264129635702,0.027938674693420526,0.007538913316521308,0.014665274677079976,0.026663225727676758,-0.022409582254363753,0.02797001594914816,-0.04961148919541634,0.015700216857474598,0.0292536305929118,-0.019928096006087175
2002-10,0.04568045374487428,0.0,-0.01902648560206661,0.07610291141125507,-0.023901511529242223,0.10682457873974147,0.016077820138835918,0.10110194824789184,0.017290160088842144,-0.021264123690723072,0.11925961780318689,0.0,0.12990256967328515,0.051824897235953106,0.11317987671754921,-0.02229403159006193,-0.049632957914890544,0.026886136222790565,-0.016226044070396673,-0.018209767378826076,-0.03423409242504403,-0.027903595188387947,0.07206691711354217,0.028236600878860228,-0.012384980750047339,-0.027142087930955478,-0.022564854597324782,0.014963415596918779,0.05340494538155934,-0.031169253710479725,0.28197510687366006,0.27928397901857355,0.09315309308605198,0.17787140860427714,0.06530792504725674,0.28197510687366006,-0.0,0.0,0.0,-0.011105526054581193,0.01584071098522921,-0.028273373650208513,-0.03196039578476619,0.05787097634119479,0.05060772082724142,-0.033121830788157836,0.02948728087474924,0.022229401524145636,0.028296921433706844,0.007597797823641225,0.014574001778199758,0.027950175098638796,-0.022693640280169326,0.028266681850255822,-0.05026258643413187,0.016016400033019202,0.028731554151382753,-0.01678976940956767
2002-11,0.04561257506930194,0.0,-0.018623333851532687,0.07632434969774131,-0.022914604475393747,0.1094286263380592,0.016332566830180948,0.09874385146245003,0.017256522158557806,-0.021418390485282268,0.11776759114473541,0.0,0.130276908948046,0.052075478812328435,0.1127960672490663,-0.02237964170311819,-0.05016195696889168,0.027133395427616693,0.01633155257443548,-0.018451795236724737,-0.03274781726227468,-0.027980268825346242,-0.07263400608409729,0.02772111237814372,-0.012109499108798242,-0.027160840542356363,-0.02256237513460635,0.014738256228942766,0.053837882850746276,-0.03053710694137095,0.28280386978539124,0.28280386978539124,0.09265954179598108,0.1780987222502309,0.06352409131556233,0.28280386978539124,-0.0,0.0,0.0,0.01115816609329454,0.016116978142053175,0.028472754384095245,-0.030344959861627333,0.05836917273373083,0.05048176717090741,0.034232346665873166,0.028676348757348886,0.02173824037393991,0.028490589316037887,0.0076158055320533265,0.01460230015859765,0.028029519286607487,-0.022746073118416768,0.028492499320501,-0.04947368277241958,0.01608809159049406,0.029359970193253357,-0.01675839602065481
2002-12,0.045518620687867,0.0,-0.01867146136621616,0.07814834747684812,-0.0234341603227241,0.11023989230183208,0.016092643907021642,0.09869078083611259,0.017260257570667466,-0.02148658143342513,0.11768404706849925,0.0,0.12604666248032512,0.05349466310885742,0.1123727516137368,-0.023606731037330526,-0.050573757771496315,0.027686386362872868,0.019681837763460067,-0.0187134881644084,-0.0331301574444326,-0.02785149994431608,-0.07385400237231378,0.0268779432102608,-0.012087589547271354,-0.026728657672468993,-0.02221140570981744,0.015328026802435828,0.05562733575702969,-0.029888317930275316,0.28271331113748677,0.2777629294522856,0.09041216058002563,0.1776441028468101,0.06365257505536372,0.28271331113748677,-0.0,0.0,0.0,-0.011009021417462525,0.01634958599593167,-0.028639038363007716,-0.02966663884370232,0.05846727386800009,0.051053178394577965,0.03420835237938094,0.02835587204808827,0.021682569530413406,0.028335281914347345,0.0077943579346624915,0.014746301741162328,0.0281112767696767,-0.022574542376688482,0.02850184571893577,0.04934503250287418,0.016431384558498695,0.029812995354310184,0.017029052414497273
2003-01,0.04658284897006463,0.0,-0.019827227074465093,0.07588258142567783,-0.024541600816835596,0.10894760294608562,0.0158274156478852,0.10143546497888385,0.017408340627681314,-0.021692031134302063,0.1184883985781236,0.0,0.1254786937060801,0.05151023924404022,0.11408688016379255,-0.02437493862645789,0.05002484381036817,-0.02759230281101707,0.019416640090818,-0.018804618867050225,-0.033791216111314484,-0.02829494207551103,-0.07356554217088346,0.02577996532655404,-0.012882553327188751,-0.026915088736545648,-0.023131770802096406,0.015501912455891892,0.051915630756888945,-0.030511682606853607,0.28546476513984814,0.2785978699277894,0.09024838062527957,0.1748451421098268,0.06370806508420415,0.28546476513984814,-0.0,0.0,0.0,-0.011185245804648544,0.0157644029934463,-0.02901238679311109,-0.030151111517025066,-0.058926665924337866,0.04619002897863686,0.03328152487651681,0.028566059942084648,0.02197271625082729,0.02867580429248196,0.0078256544052017,0.014889166399363557,0.028354691322932113,-0.02307892351388856,0.028895496358362003,0.04969444936680628,0.016172933099851555,0.027669011062646368,-0.01715176518167793
2003-02,0.04544344005484105,0.0,-0.019779763041618492,0.07457298643175872,-0.02461932611836157,0.10988809690822408,0.015385300420842907,0.09349663386227018,0.018036465157376613,-0.021632276971324516,0.11971782007052287,0.0,0.1270828941022886,0.05252058160802506,0.11697338611454017,-0.024694257741696448,0.051445000319600837,0.027835620751873003,0.019113690575094756,-0.017147928632190244,-0.03384072840118014,-0.02829031437032664,-0.06906463641052461,0.025735168079606498,-0.012860908371780593,-0.02717930606837431,-0.023105266322732763,0.0156448175775242,0.05370649282015704,-0.03071196775588474,0.28517476764596195,0.28517476764596195,0.09060694120407425,0.17571892761616084,0.06347440776942229,0.28517476764596195,-0.0,0.0,0.0,-0.011161605984020608,0.015764287685101634,0.029951053044573833,-0.03029634222472273,-0.05841517742159594,0.04502203591946516,0.03327683075719535,0.02648245498989823,0.021894565467179196,0.029511466422067468,0.007780862374752948,0.014855529642742728,0.027777052743782615,-0.022820898776156666,0.02960800687141245,0.04937627467694214,0.016174314896700293,0.027808701983057182,-0.01717288353054833
2003-03,0.04504850241457926,0.0,-0.02060690341652469,0.07178776800499975,-0.025564061322415697,0.11273843861691996,0.014973496808441135,0.09072343937768294,0.01801464018198486,-0.02153581535353912,0.1186851108867087,0.0,0.12578093361062828,0.05256212656232123,0.11994272670772299,-0.025526056144613972,0.0515293088075939,-0.02809610880564751,0.019015173457227426,-0.016739462241899664,-0.033462540972458286,-0.02891699991712906,-0.07081745992472965,0.025762154116486365,-0.013408466374533698,-0.02736616405187681,-0.025500600189521997,0.016017038966349584,0.05374150565343823,-0.030703174324121143,0.28504225437025066,0.28504225437025066,0.08968442977649581,0.17270930873605853,0.06337289444260455,0.28504225437025066,-0.0,0.0,0.0,-0.013477371464600452,0.016208964685592832,0.02989862749323106,-0.03096376116278027,-0.05705704420764881,0.043891943849669955,0.03308018574236121,0.026909136845812677,0.022086081695248477,0.029438718662543235,0.007280764525135705,0.014828712550949936,0.02780814437953203,-0.02292103134517174,0.029608002358183862,-0.04783651774029053,0.016314376855750247,0.027775925781898664,-0.017155115375591622
2003-04,0.04504837672993773,0.0,-0.0205304383214661,0.07162846330055847,-0.02551440471540224,0.11203608756662595,0.01484985514357582,0.08987389204739718,0.017952681776871475,-0.02146913914088025,0.12036780323673371,0.0,0.12544564240101203,0.052550653900146675,0.12025140933687278,-0.02546472821126632,0.056220952123485046,-0.02788373233323662,-0.01908562694301838,-0.016642514706470837,-0.03406864275014162,-0.029575043069952695,-0.06972212791309348,0.025691835441710102,-0.013379211270632857,-0.02733478802682644,-0.02567697367717526,0.016157453479000248,0.05360601918026075,-0.03234427949290028,0.28404593101979503,0.28404593101979503,0.09046615780097643,0.17027009266323984,0.06327831930407352,0.28404593101979503,-0.0,0.0,0.0,-0.013037878491467614,0.015737953755178356,0.030336992409536006,-0.03193292095556579,0.05623478813311401,0.044276801572509177,-0.032865090869594736,-0.02618677734746555,0.023510331777817015,0.0292545466292369,0.006947486535452104,0.014621138509699705,0.02751341337864333,0.02258052901492458,0.030051047949270868,0.0479229785381334,0.015917554199021643,-0.027256509529012405,-0.01729012134003067
2003-05,0.04521299614502567,0.0,-0.018501805141624396,0.072944871855565,-0.02391760284056753,0.11382415190041485,0.015034686480692205,0.08916350614318079,0.017986236777924977,-0.021383491895014022,0.12099203157937236,0.0,0.12806916028922574,0.05487043795893887,0.12017734781268656,-0.026198729269819306,0.05925480522588698,-0.027488285468106426,0.018313450194040324,-0.016713549708116154,-0.03230619821867838,-0.029061198916888444,-0.06532641030517644,0.02569345070171242,-0.013391403733564016,-0.02817530278122718,-0.025103771663833575,0.016248405621142183,0.055253278217895344,-0.0309163172330399,0.2845801461228736,0.2845801461228736,0.09194860972768423,0.17183646940452307,0.06383791596665676,0.2845801461228736,-0.0,0.0,-0.0,-0.012957085994290051,0.015234715868484872,0.03062622837035737,-0.03115158335453675,0.05590507256911355,0.044694889488137136,0.032596741645144686,-0.026213884813756073,0.023598802421937945,0.027830071422084345,0.006962092152500241,0.014339380281873397,0.027118413319542026,0.020482254372051752,0.02929870114547091,0.047715715234799616,0.015444156915658303,0.027717861342766645,0.017226031740649492
2003-06,0.04534532667549814,0.0,-0.018727835024057372,0.07590063981405089,-0.02413024317142003,0.10854146109509058,0.014099762254592078,0.08354656465508413,-0.018699870460104583,-0.02171079336993324,0.11745329237730512,0.0,0.12706007759742854,0.05404562614871228,0.11906751360279177,-0.025502590817379617,0.06018372542994425,-0.02794120470078565,-0.018087636020870983,-0.016848261058720223,-0.03231365658726792,-0.028627269951038644,0.06643675364705545,0.02568108244806528,0.013576227519505457,-0.028207289617457918,-0.024801287063015987,0.016794927696055967,0.05507943784132434,-0.03078683846612528,0.28891241556838126,0.28891241556838126,0.09090987773673863,0.1697746166088888,0.06208547030504359,0.28891241556838126,-0.0,0.0,-0.0,-0.01267489766351363,0.01623421514128027,0.030440959820694658,-0.03122937730934997,0.05702215724866609,0.04329460913749276,-0.033015747032142606,0.02616184355550869,0.02508940819366581,0.028168427395304018,0.0072801046959010355,0.01469202062857067,0.02778031836650661,0.02060956665080782,0.03004229908761769,0.04791772817741917,0.015507646583757813,0.02641562952645395,0.017718637318850178
2003-07,0.04568170484285265,0.0,-0.01844471467314984,0.07588071881108945,-0.02395439358279216,0.10842820006704083,0.013964389411971902,0.08326057537385005,-0.018955589295449226,-0.021623324656376328,0.11685868216870525,0.0,0.1263620736459217,0.05336873290890127,0.1180405103855692,-0.026355080268815185,-0.06047472227965304,-0.02829095094949243,0.018145736469784377,-0.016430013346790114,-0.032304787881277885,-0.028607798625222343,0.06705907736012842,0.02556878874300763,0.013882280191064092,-0.028188495793064972,0.025374400418480044,0.016781410599486814,0.05357468963217326,0.030819315249525928,0.2888308938685318,0.2888308938685318,0.09018970955491597,0.1685988914809453,0.06145408152161147,0.2888308938685318,-0.0,-0.0,0.0,-0.012870423406058387,0.016294113689154104,-0.03390606049968567,0.031174865206624422,0.05711595315751017,0.04323221303128392,-0.03305036581757103,-0.026017622512351193,0.02507856996350817,0.028510922907836203,0.007227620211603473,0.015087973911227993,0.027645673390326857,0.021237715555176027,0.030400055078662145,0.04794964458809172,0.015876372531932244,-0.026285665857506982,0.017621646889184845
2003-08,0.04670446310600623,0.0,-0.018752478132438414,0.07643929891029153,-0.024376895243274178,0.1045037350720513,0.014079598629074467,0.08076678892693065,-0.019841873699268077,-0.02256642002004988,0.11372768073513607,0.0,0.1162236236257025,0.0551561241123516,0.11598388785480349,0.026847326941245413,-0.06320492983752896,-0.029638654922404733,0.0184842370335557,-0.017055268502386433,0.03283633851790256,0.02921211344689827,0.07392880669376398,0.026258092321828123,0.01414265883242271,-0.02885219548570537,0.02575106093769253,0.017858096170392235,0.055313211775936066,0.03150688113832549,0.29623198499180076,0.29321870639660447,0.07958350245672585,0.16293860197868162,0.05255201568542588,0.29623198499180076,-0.0,-0.0,0.0,-0.014279131766190117,0.016952342745191012,-0.034770856696854785,0.03182012526365023,0.05705337653544598,0.04545646552218747,0.031317425407882335,0.026273871247095265,-0.02482967753535611,0.029632683757227097,0.007429022386432284,0.015445742401517089,0.028575244637870572,0.020907202799632575,0.03051081970911117,0.043321461272002114,0.01672901333460372,0.026161584655636012,-0.01776441519970797
2003-09,0.0468845681299723,0.0,-0.01879818430038578,0.07855481514344091,0.024334423797415666,0.10512567217082543,0.01376496306888361,0.08053169757195969,0.020060032957112183,-0.022754257477249355,0.11461647694445215,0.0,0.11640454171126446,0.056744950925746135,0.11681714732341403,0.02610179055513233,0.06230041463362669,-0.02990842556422996,0.018890565165494533,0.015899667828837814,0.033651389479801286,0.030305486574250504,-0.07142585917640192,-0.026317177523971433,0.014453581644060262,0.02884810881212393,0.02597393473539388,0.017426435687518154,0.05686770013999347,0.0321881615265541,-0.297056787955042,0.2923318866872343,0.07990730569846548,0.16404597536636087,0.05272821826176428,0.297056787955042,-0.0,-0.0,0.0,-0.014109823265395649,0.017641490955078942,-0.03151735479712641,0.032573831992737314,0.0529388048198552,0.04437284514275248,0.031421555907191014,0.026344573035013367,0.024172838849729452,0.029538375888392816,0.007590337971781229,0.01570029214480275,0.028599071017933905,0.02107834340562176,0.029140597414195345,0.04243263855855102,0.017920688688511936,-0.025967330001601972,0.017861813650306226
2003-10,0.04884976961685621,0.0,0.01904476406799883,0.0739714887976107,0.024658672277067615,0.10452090367904418,-0.013819750059685996,0.08184181190018902,0.01938975701350408,-0.02312507770374102,0.11522183822261439,0.0,0.11255600070462597,0.05526656368999399,-0.11875829303191918,0.026911628005117923,0.060679349888657946,-0.030305237934042474,0.01928742876059177,0.016090292946126628,0.03456651514160825,0.030705345365326073,0.07311091712816263,-0.026556629151663753,0.014820393871612679,0.029770383494914152,0.02638361041008131,0.017959387190643245,0.05494540677853835,0.033009099702573624,-0.30114495283870524,0.2876267715696206,0.0776189012232705,0.16351392095495634,0.05197298576386885,0.30114495283870524,0.0,0.0,0.0,-0.014218827127199875,0.017877338332061933,-0.030974294162594583,0.033474427249830664,0.05174641031097923,0.04513427429229983,0.031906088569127945,0.02678828105104718,0.02268697881337251,0.029304494139727907,0.007700523534106702,-0.01596856443821511,0.029106430650167558,0.02139378748247052,0.027641979793725673,0.04239054008789909,0.018036581042323804,-0.026096299729739092,-0.018405077469471773
2003-11,0.050208752795947956,0.0,0.018829601753804708,0.0756606161757562,0.0245314676986948,0.10408494067537895,-0.013859533816968693,0.08268518569090534,0.019065711873146537,-0.02399661549297353,0.11283140721833922,0.0,0.11170441890259254,0.057862975262807134,-0.1123755432087537,0.026768988224800547,0.061528680025006166,-0.02994355639334741,-0.01973477904022955,0.01634976577808978,0.03464486021608467,0.030683466983656885,-0.07432273105177964,-0.026893542902558482,0.01494339020063539,0.03025680393005938,0.026434737840827432,-0.018085162592846437,0.05724909001772695,0.03280784792111536,-0.305748836050906,0.2847989378126368,0.0772242686809682,0.1587955984681395,0.05188053330608222,0.305748836050906,0.0,0.0,0.0,-0.014643157549579965,0.018207382345465244,-0.029580360059393362,0.03352274914446655,0.05141899064844293,0.046735201028628534,0.03254305660670256,0.025809186294356423,0.023324567809258408,0.02482417542366707,0.007859998966124973,-0.01615586944194487,0.029223069245878964,0.021690125886569465,0.026345657750921934,0.04184250820754359,0.01840063180295232,-0.026552656406586987,-0.018779471327043554
2003-12,0.0499538418786524,0.0,0.018969168261911716,0.07632371605587282,0.024706867160231235,0.10610989183615657,0.013964887099392857,0.0825091449836178,0.018612688654858822,-0.023967148799463083,0.11348969837995433,0.0,0.11160562133929507,0.057329280406172405,-0.11459244832803477,0.027017575031784237,0.061604839313201674,-0.03168376588255972,-0.019892678962553423,0.0162351467265975,0.03482064629971795,0.03129890578996857,-0.07295650550952323,-0.026544572250425655,0.0156852629230126,0.03003922731186392,0.027310679199456945,-0.01798440930853357,0.057029483013596845,0.03364321440106481,-0.30498936498766926,0.28245117893094235,0.07751491132485658,0.15890686859299208,0.05207015698323907,0.30498936498766926,0.0,-0.0,0.0,-0.014644702640267538,0.018129533591575504,0.02952907324993299,0.03390251085572635,0.050642537985173056,0.046403771087346474,0.032027708930297855,0.02565969291939796,0.02317892916790705,0.024570637242699676,0.0083883584820519,-0.016292727914164053,0.029259514126803613,0.021201150271806753,0.026117059422532247,0.03998488036195832,0.01838738565299341,0.026140672419529293,-0.01873599276299264
2004-01,0.050967873858162954,0.0,0.018942349553066232,0.07815400315340265,0.024726926029816267,0.10625542993464279,-0.014055388689282144,0.08385142679138642,0.018729841811567494,-0.02416074565850243,0.11334025489257352,0.0,0.1126736640443397,0.06034715197866925,-0.11255774636652568,0.027613674628349204,0.06363754799705865,-0.03076714520825835,-0.0198886277650715,0.016665731099358594,0.03480397594148683,0.032068877189216846,-0.07330505943140958,0.026646251968864255,0.015847694801382265,0.030103731755680443,0.02791717844327586,-0.017909213007859814,0.059567117094230085,0.03332767447284236,-0.30709458500739295,0.2854219422859952,0.07826818014664375,0.16027447487575036,0.05251128562197491,0.30709458500739295,0.0,0.0,0.0,-0.015295144619844808,0.018362129336377264,0.030142793514544925,0.033482857977387294,0.035747328592792144,0.04618059028062536,0.030834102627813425,0.024401301066612896,0.02346833375577053,0.024609619404455926,0.00902035322734793,-0.01640559058215234,0.029232411881539327,0.021401142455845127,0.02631718357483545,0.031090408148168328,0.01974851421682027,0.025922520568484382,-0.018840317657150336
2004-02,0.0513607566467811,0.0,0.018994540761900172,0.07926665875402612,0.024642252685296153,0.10584656944234708,-0.015533556035345744,0.08211740805780368,0.018638784039804273,0.023961439584566546,0.11314269878462499,0.0,0.1125409103524166,0.06039240126192343,-0.11218759525296958,0.02765012237326316,0.06380855272348997,-0.030679996794636014,-0.01883396630988216,0.01664132227365303,0.03484943600468875,0.032011380132235284,0.07275910311242641,0.026444193019899316,0.016038783436084492,0.030082995865353252,0.02790727995525559,-0.017884585468924127,0.059646653783357075,0.03339390303820398,-0.3067687881652381,0.28697321851580704,0.07814708027430474,0.16008387406178817,0.05241958566555817,0.3067687881652381,0.0,0.0,0.0,-0.014911329263313188,0.018349964594894727,0.02920337565826055,0.033443936996740815,0.035914469054563115,0.045941781737094504,0.030713371409536908,0.023861693788780492,0.023460695485322695,0.026269827108224255,0.00944999501835414,0.016714642563951713,0.02925064316428463,0.021344589946181818,0.027551691250942673,0.030659392823262115,0.02012313599002078,0.02585364925161075,-0.018562634095567947
2004-03,0.05331396916137741,0.0,0.019177554258892837,0.07952126154356275,0.025226805468102152,0.10537436030569393,-0.01563131078709253,0.0840405490929277,0.018860598614701036,0.02360755763169875,0.11185366199257506,0.0,0.11219722298339568,0.06082473276326014,-0.1118014909257834,0.02802595304250018,0.06276765739561833,-0.03092219059563611,0.018837664678313173,0.01640584207433149,0.035222326281133906,0.03263363482751792,0.07283710369568122,0.026217454303590394,0.017483358396479746,0.03034060689964363,0.028499040102346215,-0.018010429232950043,0.06023486636455589,0.03489449082623601,-0.3068300942422104,0.2864498738599588,0.07792925356449605,0.15779348062366808,0.05230096337108685,0.3068300942422104,0.0,0.0,0.0,0.015349264923811126,0.018186770179787166,0.02868370988821301,0.03367423212634683,0.03588971840550958,0.04572281899245262,0.031053156564473054,0.02239793118557913,0.022276516503432747,0.02632305609252226,-0.009467204925323955,-0.016763996289907553,0.02894498454345882,0.020916473554770734,0.026145270693771743,0.030821566011217775,0.01977602769411405,0.02591983577202879,-0.01879001150405141
2004-04,0.059026835288395925,0.0,0.018961804800222297,0.07932501529842104,0.024913103063089463,0.10428096085201076,-0.015474286249147538,0.08482391318420214,-0.018529626292833796,0.018154972834864398,0.10986336851973233,0.0,0.11032482271426083,0.06286870478937526,-0.1100899100898855,0.0284939252088244,0.06651359074079663,-0.030438212841369897,0.018690554553924828,0.016187338202610865,0.03505098958967133,0.033344135820341424,0.073651651513884,0.025917979296319834,0.01801490320922874,0.029371449885085693,0.028465653169276642,-0.018278971021294797,0.06181927254684308,0.03521650130464854,-0.3021618632776246,0.2821063467692949,0.07665789267727433,0.1551450005285738,0.05164344407768343,0.3021618632776246,0.024198997687002868,0.0,0.0,0.014164827152696173,0.017947747132351973,0.02876409292322231,0.033754621350612704,0.035066468093638725,0.04431646825257345,0.027700849437065127,0.02237024159525996,0.021687317429608683,0.025948295416402777,-0.009301688946527114,0.01651200732946374,0.03041322570582877,0.02130210300191324,0.026318529258487555,0.03058423302298971,0.019623342293721764,0.025910932133732637,0.01814514834826309
2004-05,0.05732298091138563,0.0,0.019432456362609565,0.07667865476049558,0.025959745328790692,0.10704886831264793,-0.01567608497703526,0.0809235740386461,-0.018644162415350496,0.018964137239652984,0.11351594061972226,0.0,0.10576931356377009,0.06228663322691829,-0.11388872746155372,0.028720071792714227,0.06330960851283443,-0.03088254631696185,-0.01877436317906085,0.01732980810747042,0.03637686773113481,0.035357580854071334,-0.07547859102520035,0.026295122876862326,0.019171080225099404,0.0308300538799693,0.028950659407325458,-0.019270849367543173,0.061638457407607754,0.03684151857310112,-0.3062592174708292,0.26677523215544197,0.07462358031407895,0.16232362179017093,-0.05061129313407338,0.3062592174708292,0.025259889455355122,0.0,0.0,0.014290880231147945,0.018978453608563237,0.029164944860772257,0.03529029340047548,0.032269915001305494,0.04084115723185252,0.023343395125572243,0.021866890068841204,0.02229893697702675,0.0263676207111789,-0.009445451860381931,0.01671269530471736,0.029388493336409298,0.020217229789833244,0.02667419802749374,0.030792449363650082,0.01994158828767765,0.026262047698415524,0.01840284884837068
2004-06,0.05768681014550177,0.0,0.019493521555945973,0.07638836051310025,0.026032606735298044,0.10685599715744189,0.015814668510547608,0.08121803082401223,0.019016686076381257,0.019229693648204614,-0.11363342289089463,0.0,-0.10597264548439762,0.06644453986523875,-0.11369729955878159,0.02869688968878033,0.06474236232832714,-0.031098693069789456,0.01746434966049076,0.01754571424354224,0.03664237178887641,0.03545886386537669,-0.07640893600368878,0.02633588524546851,0.01917784056623402,0.03158232563468827,0.029051379511284114,-0.019325921307465393,0.06344259089992302,0.03690342186838554,-0.30717357211045665,-0.26611887374372173,-0.07469747615259381,-0.16084339628761687,-0.05073486020250349,0.30717357211045665,0.025333813454469542,0.0,0.0,0.014361325850245339,0.01902991378386549,0.029507131006662767,0.03544869286934666,0.030622806277530626,0.04095589523928669,0.023410774619513984,0.021906721033157717,0.0209777648610261,0.023194019174946807,-0.009574330995859108,0.015862933976811544,0.029378022845266697,0.019823315313785488,0.02322582441294587,0.03068081392233924,0.019954987476400034,-0.026186538566216222,0.01846079506490787
2004-07,0.056824737695414386,0.0,0.019436238651808397,0.07620104844962843,0.026063446927438432,0.10705276777717153,-0.01559811676401779,0.08055612093770195,-0.01843371700169534,0.01924606819592449,-0.11362455762053972,-0.0,-0.10612065368775891,0.06634373840731521,-0.11383322683149509,0.028731529077954933,0.06786856393715228,-0.030206647340133504,0.017039337470924766,0.01759370620334125,0.03674420986096388,0.03543938094463214,-0.07773614783133675,0.02659437536079253,0.0191479614856284,0.031183084689043135,0.028958850537504688,0.019703917401433787,0.06346527424324518,0.036980209608975266,-0.30725626533382855,-0.2660618699841422,-0.07472607332991917,-0.16122721137183074,-0.05073504573961762,0.30725626533382855,0.025305471776607913,0.0,0.0,0.014096045434670532,0.020283208272887668,0.02715712270480786,0.03563996919244282,0.030687645637843333,0.040912723454176285,0.023256764707426488,0.021983562979093124,0.020969544121567662,0.02257797303907613,-0.009783352608710891,-0.015662181550481526,0.029754215171092682,0.019248787189535932,0.023313236951798384,0.030488046305416096,0.020022584714996045,-0.02625575828696216,0.01861143986626771
2004-08,0.05676778761215651,0.0,0.01935524531683227,0.07588895407842321,0.025976553524685395,0.10868678410872568,0.01488849179222074,0.08085134943847395,-0.017938602436720054,0.019206436486996742,0.11431865955410203,0.0,0.1070475066664908,0.06582893058261637,-0.11673661043072822,0.02905645331412276,0.06672002123176934,-0.03017165254745557,-0.016956030866286782,0.01688869475244745,0.036659877928802896,0.03487788482194634,-0.0772476867009506,-0.0256407624341728,0.01911015509273864,0.031424945227214264,0.02868072625755691,-0.0204015643762374,0.06280752764629108,0.03664085153779438,-0.3062327301514391,0.26994587815676463,0.07553248942584713,0.16115399750109788,0.05107403610998203,0.3062327301514391,0.025256196283872073,0.0,0.0,0.01464980815577397,0.019712470880808918,0.025740093588859567,0.03535676635215723,0.030690223209412795,0.0409416861441453,0.02245005619787437,0.02187085836598561,0.02169465438645289,0.02040189708360348,0.009752392304346276,-0.01657971540576444,0.03323114853729554,-0.018672614387804633,0.021894502800420382,0.030484072980015136,0.019132390509353312,-0.025993023039101573,0.018546821125423326
2004-09,0.05761268830107228,0.0,0.019758852863276163,0.07573558578181708,0.026462436300755038,0.10910805533989383,-0.014911353084303924,0.08142516570315377,-0.016869352417886008,0.018868085329731613,0.11323386509593213,0.0,0.10607409901856575,0.06716264211912577,-0.11657947360123422,0.03008153223211234,0.06971094089339791,-0.025560737044612192,0.016928978322934586,0.016868168135395847,0.03678762446198841,0.03520868233222386,0.07714913721272475,-0.02570019222877655,0.019660274033590188,0.03280910838646743,0.02886454223042057,0.020338221045387034,0.0637800923428747,0.0376532851958439,-0.306375479418995,0.268282010582148,0.07486032066150877,0.15992190203415346,0.050521396974922625,0.306375479418995,0.02574413142750704,0.0,0.0,0.014657142778225146,0.019339547754950993,-0.025539637338151962,0.035957142293626294,0.030646164932612727,0.040616949771739616,0.0224863963777993,0.021848020521664614,0.020457476706142466,0.02041100272227376,-0.009980585600401352,-0.015954363436693528,0.034388038991700245,0.019128743646641744,0.021809914608354096,0.030148389233396654,0.019103982710024208,-0.026021886292779472,0.018520722709094127
2004-10,0.06355519380085509,0.0,0.020602255348869454,0.07469111949321595,0.027637317123775068,0.10754155920743778,-0.014508323532156552,0.07890566589836165,-0.016406679712820234,0.01829919740109784,0.11174101997675191,-0.0,0.10604094446059903,0.06612671504529023,-0.11486911495447213,0.03125838768339904,0.06879179724087715,-0.023068796115419073,0.016538228877225034,0.017086558312087094,0.037808631376812535,0.03889342313030799,0.07785767504425391,-0.025621615370965016,0.02111109630109921,0.033735973886072766,0.030927817154386136,0.020858052787593465,0.06328368935406,0.039058419299290645,-0.3020170551381487,0.27527778624007626,0.07426573913435787,0.15769358805772554,0.04981126389157288,0.3020170551381487,0.026460970162249742,0.0,0.0,0.015042867042481176,0.019284146427552,-0.02434174229205072,0.038944966634595804,0.030864185858628816,0.04089364906919119,0.022663112671655494,0.021542842640491607,0.019247183594288206,0.01960697964397197,0.009879942862562883,-0.01607024521666153,0.03427374120687488,0.0184753147832374,0.020462776459297907,0.031396060886512395,0.019072041457464276,-0.025764914185895625,0.017804561414754574
2004-11,0.06263260950953133,0.0,0.020502678177497208,0.07436438167264518,0.02767166484865934,0.11064722490769593,0.014411029743855728,0.07674776948714031,-0.016615185531346336,0.019131829411833088,0.11512215099758949,-0.0,0.10546172308042745,0.06549680550303517,0.11900634925929075,0.03085013041352799,0.06729325200600496,-0.02395160717159485,0.016314260538944077,0.016950439005656147,0.03749375289165329,0.038695466213237245,0.07981610316021616,-0.025318506210912382,0.021952208436094058,0.03396969543044068,0.030822191674226156,0.02043534470540769,0.06155436776771882,0.03859723139203762,0.2983214368879788,0.2771200581079072,0.07411918216708727,0.15872840194258897,0.05015099540205218,0.2983214368879788,0.026264412162389485,0.0,0.0,0.015004148072462847,0.01993026561457786,-0.024119881363531985,0.03853788304117442,0.030397550453420425,0.04139602599533073,0.022987509452371473,0.021276671953888982,0.01900812251820852,-0.019260854357301013,0.010136223198676327,-0.01647215804786524,0.03374715860462943,-0.018586239780950593,-0.020360818768999263,0.030740128427767903,0.019548532092628874,-0.025971194016441074,0.017666751533570415
2004-12,0.0625624678217499,0.0,0.020712873271982228,0.07370396616103547,0.027628097137328632,0.1141263192435505,0.015545546449959013,0.07563803250425508,-0.018338286314663204,0.016562125345337155,0.11669498498696206,-0.0,0.10527983785466223,0.06457120671799703,0.11903838944908154,0.0321253721600986,0.06658925615843504,-0.023721153000070265,0.015048399267504458,0.017034249781609452,0.03758757762904868,0.03902272630982941,0.07740175039938836,-0.024934453151694732,0.023219134865234622,0.03391618022095643,0.030525007765235312,0.021066012744620805,0.05999451362202333,0.03958537155018689,0.2972289200008628,0.27259751329790893,0.07511404709760912,0.16205302490233658,0.051450032972162524,0.2972289200008628,0.026396131159811823,0.0,0.0,0.015163231552883462,0.019904467742816057,-0.023971321545973402,0.03994456832688577,0.03030737385364203,0.04117378453378637,0.02291152117963296,0.021907209524082216,-0.018840404049805005,-0.01922312668840972,0.010189965931112035,-0.016615668498606476,0.03432345490126182,-0.018410084509466126,-0.020274197909632634,0.030300556934458146,0.01979243194039043,-0.025550519487471793,0.016954229573628365
2005-01,0.0633477552495467,0.0,0.020437403463416912,0.07294275960515079,0.027350862125673978,0.11346463813006567,0.015245086547881563,0.074570602622389,-0.018320708851965514,0.016185071758547175,0.12563545541441912,-0.0,0.10488472610520247,0.06399658115877574,0.1258712449726091,0.03168448417909327,0.073325277946124,0.02177853062403398,0.014791029775821097,0.01694410658959159,0.03695855781476273,0.038689797774448954,0.07660414907004034,-0.024671109513412913,0.022863215019580413,0.03304331983531226,0.03039387982706672,0.02086647244077952,0.05947552529628982,0.03878443155600515,0.29310514254417175,0.27121500831327383,0.07504997940754514,0.1675381785850613,0.051085367871167076,0.29310514254417175,0.026133672070874255,0.0,0.0,-0.016292692310280396,0.018587003971499913,-0.023755688211981346,0.03921003302638584,0.0297169927696225,0.039935993070274095,0.02199768079611799,0.022376282730201216,-0.018763822425934374,-0.01905861400994293,-0.00985514533380283,-0.01652160778717428,0.03482712978129567,-0.018297525239933846,-0.02019284433124972,0.029749957884162476,0.01863688465115173,-0.02514030779861208,0.01672451926610503
2005-02,0.06313777036644135,0.0,0.02043087246467302,0.0746927916353868,0.027387259739416407,0.11376273076543537,0.015227917088155287,0.0714408469248616,-0.018302867946105767,0.015955078069434796,0.12547229788556102,-0.0,0.10459755468610371,0.06353170630658489,0.12782437961552306,0.032041477450431906,0.074592858799282,0.021703468352514806,0.014804185441876023,0.01683707839928844,0.03698265073442962,0.03838127929892489,0.0766143029699401,-0.02463473647888481,0.02262484476143573,0.03337442244834061,0.030058668735467253,0.021951048528499224,0.058688003327379334,0.03863228102062849,0.29299374694354935,-0.26921350700441776,0.07500768682485369,0.1680791983871668,0.05096599982277647,0.29299374694354935,0.026204985801835248,0.0,0.0,-0.016813406701625806,0.018084619612878976,-0.02368911105196358,0.03896100782313654,0.02986015711471881,0.03919045542640193,0.022421700289880532,0.022790382223555162,-0.0185730661704936,-0.01888703477513024,-0.010008868980172237,-0.01644489065516025,0.037035859668675265,-0.01806348641820755,-0.019927770531760532,0.029778856575299845,0.01866696335043667,-0.024956656903919017,0.01670145375742837
2005-03,0.06339944580928095,0.0,0.020515048716878877,0.07472622680289442,0.027426549682469294,0.11415304373458868,0.015136867399972335,0.07240240115698773,-0.017748023650932313,0.016107217871029242,0.12340514828202684,-0.0,-0.10421564586370817,0.06380908545254436,0.12769869729875707,0.03237614440125357,0.07439226975307399,0.022037623871110544,0.01469984145156849,0.017287004235243552,0.03698698442522994,0.03841451257218832,0.07679072862212305,-0.02446840880671217,0.023717555097091492,0.03402765610357359,0.03038978968515826,0.021907042622134807,0.05880312211662592,0.03889064510596221,0.29430574551370065,-0.267651440339313,0.07477885794175511,0.16667682034352796,0.05087434682362881,0.29430574551370065,0.026290275042667406,0.0,0.0,-0.016889382780345782,0.0181099714204739,-0.023238532859699026,0.03903251419443281,0.03020906845258014,0.039712732098062455,0.02235011624788405,0.022976638790946642,-0.01768307999710483,-0.018086070929500937,-0.010064099251108181,-0.01674879112171678,0.03811060823131313,-0.018210377877038122,-0.018854862485237784,0.029839676508542433,0.01885181603528923,-0.023447715119367916,0.016767983489942392
2005-04,0.06112218836327172,0.0,0.020318444388740073,0.07211187342967047,0.027181636794309967,0.12216653187917878,0.014775219912606457,0.07100542428651566,-0.017524398111330174,0.015732031836903866,0.12817314647079478,-0.0,-0.10686295524358226,0.061373172443443744,0.13057047293753293,0.03174794824694067,-0.07105585307480439,0.020841535448105894,0.015268346112574643,0.017059131802555964,0.036600704140420666,0.03871733934631851,0.07628153640723608,-0.023787088460390404,0.023545967606879235,-0.034420674442109805,0.03035614991750692,0.021371712062311025,0.05623755125252067,0.03839764623652318,0.28931005988867664,-0.2756487573481289,-0.07638310470970187,0.1724098979165711,0.05176203894341902,0.28931005988867664,0.025941092130458657,0.0,0.0,-0.016386213652275286,0.018349088374091913,-0.02277521821753844,0.03828498355944269,0.029257512813284516,-0.03878447643874427,-0.021883290243626216,0.022658104831593286,-0.017399838410963733,-0.01781678408558994,-0.010544480135468999,-0.016467451927651276,-0.03821396821020606,-0.017870774203937113,-0.018638453962920114,0.029931460299486266,0.0194276913788888,-0.023030127149716532,0.01690839062386322
2005-05,0.06078078077993002,0.0,0.020303854329084294,0.07207859562402615,0.02709772907815427,0.12259550631593626,0.014542457254978602,0.06700582386777895,0.017784499795370317,0.015442587543721499,0.12630540177367577,-0.0,0.10788921506197838,0.061253742553686846,0.12903041876997387,0.03168109401708029,0.07150850433701508,0.020646530524019747,0.015444283640974967,0.016638605696041406,0.03635742423365488,0.03799016130702002,0.07818285709698494,-0.02393155490694029,0.024374548263507226,-0.03363783964322443,0.029580890777901804,0.0212492087369291,0.05692527764427634,0.039275350473302995,0.2876357407042267,-0.2860483348495231,0.07689484966331966,0.17089741395870373,0.05193005698216464,0.2876357407042267,0.025875461813355583,0.0,0.0,-0.01640544329662189,0.017705748031237048,-0.022644198571857087,0.038328733436398685,0.029285189677713847,0.038582602834244466,0.021688145808140765,0.022634300720788765,-0.0173062258374907,-0.017716876611856777,-0.010444725813426073,-0.017415876032004337,0.0379260705711805,-0.01780233723439305,-0.018561143506764424,0.030059145303957358,0.018488886239282794,-0.023180897532322154,0.017371110217630707
2005-06,0.061001029272762464,0.0,0.02024238008778453,0.06713806600849766,0.026797498612417498,0.12234195567016938,-0.014566637208044766,0.06773760526372508,-0.017653188341562702,0.01571281575657568,0.12655330847511614,-0.0,0.10837553777293668,0.05887693607636109,0.12739237906966203,0.03181864531021154,-0.0703087493090001,0.020743585440619515,0.01534794650181349,0.016663393947847733,0.03620214397655142,0.037499039094915775,0.07861462690664879,-0.024051986967997756,0.024249080459024807,0.03363140212299959,0.029591500575676964,-0.021706177645324707,-0.055073369472225554,0.039193379887391744,0.2881946751994625,0.28681089747532146,0.07686522268039839,0.17200280400273937,0.05189270987511092,0.2881946751994625,0.02568880490590317,0.0,0.0,-0.016352895927387822,0.01801163332495844,-0.02288763223917449,0.038226779572471434,0.02979016632836786,0.03850377970835332,0.022009008366621306,0.022653064730094426,-0.017809790848884018,0.01758808628252871,-0.010624127791301417,-0.021740742732724937,0.037823501755915756,-0.018360672153114127,0.018613611325604223,-0.030649135210221876,0.01870705667667186,-0.023381766696112014,0.017532393757228665
2005-07,0.05990858948197626,0.0,0.020115859444447735,0.06840218202560559,0.02687739974841797,0.11926959453984848,0.014263778514220131,0.06592466985008087,0.01760115917767717,0.01585788775919789,0.12508091999807358,-0.0,0.10674024253494575,-0.06059119162825632,0.1264365855848535,0.03218645117934709,-0.0700148065378725,0.020234524665826068,0.014987422947308631,0.01592241501457167,0.037057916979686585,0.03863800088179577,0.0793387998955106,-0.024072162608453185,-0.025141621919295132,-0.03532737335668828,0.029310490440596946,0.022282213654103555,-0.055494808522415034,0.040329927206337365,0.2818417601330813,0.2818417601330813,0.07554236311844896,0.17095655200763263,0.05079118218284644,0.2818417601330813,0.025612536710586713,0.0318014591201565,-0.0,-0.016105136440896936,0.017586191295005216,-0.02255042026332608,-0.0387449582515984,0.02879031492666645,0.0379628646617081,0.02142718799912918,0.022097844236451523,0.01745785711891519,-0.017140133422092207,-0.01035747238520591,0.02140075836469437,0.03728937632849119,-0.01753378183603174,0.018108689952782895,-0.02921609417206487,0.018267265757299225,-0.023287153899257392,-0.017038129052058044
2005-08,0.06182691733345291,0.0,0.021017648217873122,-0.06707981242765321,0.028308835012632004,0.11795067109757189,-0.014196958940487761,0.06962046061425325,0.017283857609536907,0.0155597997189038,0.12288721261625149,-0.0,0.10718369533940626,0.060366250573800566,0.12430492684587724,0.031972572393877824,-0.06869061003196747,0.020667546822284454,0.014805815919140996,-0.015933765868539826,0.039230666247550734,0.042003257588051686,0.07833204638417997,-0.025296604777159493,0.02537582192453079,0.03579118808714686,0.03312562210423106,0.02351765000530506,-0.05478761994518828,0.042487201245458954,0.2785518563226835,-0.2785518563226835,0.07475700295318417,0.1685564686556842,0.04968724368123889,0.2785518563226835,0.027688461305870788,0.03342836880089345,0.0,-0.015777434254433217,0.017107462505662186,-0.02226155094677026,0.03924343569670076,0.028381437773285594,0.037878164006220245,0.02139489625953663,0.02285622921025419,0.017406444962840422,0.016940869560363846,-0.010240559373329518,0.021189489226542957,0.03713220503344805,-0.01749149363114992,0.01803832687224433,-0.028867393505438627,0.018053446688380333,-0.02339537717588705,0.016965633260275843
2005-09,0.06152449253686335,0.0,0.0209801999258818,0.06662012259231608,0.028316164266385366,0.11873527558048003,-0.014264754301760448,0.06886007800642702,-0.01724408434816601,0.016077671918308466,0.12331760907952145,-0.0,-0.10737182765240942,0.06022970327451462,0.12528294183441516,0.03205673549687969,-0.06845963728984289,0.020317639120413965,0.01473764522027141,-0.016264249979498328,0.03919931391254553,0.04168609230272854,0.07785695063213842,-0.027320553884981984,0.025382959920882603,0.03549458886189768,0.03288908207245241,0.023512497354933656,-0.05450514445011991,0.042264694974391816,0.27830786645668126,-0.27830786645668126,0.07513331731494036,0.1695433641237159,0.05049267070921595,0.27830786645668126,0.0275957762858266,0.03339074852264807,0.0,-0.015724444042695282,0.014858652732164421,-0.02144817477709358,0.0391059572388716,0.028338289835076785,0.0379621381165077,-0.021162529144502937,0.022842776976742044,-0.017176776948592053,0.016377505936070617,0.009307552060764038,-0.02080024767010588,0.03802986658341761,-0.018244629073981215,-0.017378749907889613,-0.028805494167715426,0.017914747902314447,-0.023595748435605017,0.019073531332071257
2005-10,0.06080343566438508,0.0,0.02493409444697685,-0.06397733847723046,0.033740116090778975,0.11391728853034877,-0.014074063226167676,0.06820464277007997,0.016730871765938685,0.01567723039236425,0.12287566263103675,-0.0,-0.10797737216170106,-0.05751149832821837,0.12461889165602454,0.03383912423647845,-0.0666021959648134,0.01922737244840192,0.014275532728479758,0.015969013057010116,0.04639022666761482,0.044879753408489834,0.07830618355949664,0.02701091204978353,0.026559569501964312,0.033555399847608705,0.03375344997329757,0.02371608095545128,-0.05210167458165544,0.04888893204761175,0.2716284689031524,-0.2716284689031524,-0.07495501056270912,0.17011929324554248,0.04935336374897177,0.2716284689031524,0.03249629663108581,0.03992048573511731,0.0,-0.015168728157282329,0.014381183728701962,-0.020982547201619815,0.04520206141689354,0.02759441345849621,0.03590907285153085,0.02031962352462162,0.02252198803174626,0.016808874634021264,0.01575758915396758,0.00907875707686773,0.02146332102009098,0.03702959934779833,-0.01780970756172869,0.016875334566928794,0.02766473638789942,0.017288996019616143,-0.022783349763927027,0.023512332293968752
2005-11,0.059598275159396835,0.0,0.025876813622368787,-0.06368236511237316,0.03652422307540992,0.11168353492556184,-0.014190342942582942,0.0667102400521612,0.016677004610003522,0.015819792496570794,0.12000837877410327,-0.0,-0.10685910367241762,-0.05708000496679458,0.12593517023860432,0.03227479287467049,-0.06515878170603821,0.018281946338196155,0.014955857557309113,0.015875525914221204,0.04894462331552699,0.04418146332651656,0.07796422925414945,0.02731566563863816,0.030093665877689742,0.034926265734973636,0.03302216632572518,0.025136001674234368,-0.05182994859460972,0.05225450804800295,-0.2700359817850239,-0.2700359817850239,-0.07430881404319704,0.16554139860464953,0.04949575214793438,0.2700359817850239,0.03473129481985198,0.04312955526977095,0.0,0.014683303725117544,0.013236497572459056,-0.020807764771202497,0.050051699397700315,0.02745398809536133,0.035829280322650967,0.020228059283943823,0.022515045064592825,0.016843020124266864,0.01567707666482466,0.008914927598880625,0.021368814661560202,0.036809648825696796,-0.017929586792138477,0.016764574764431037,0.027558483652376255,0.017303317204017298,-0.022360217878071593,0.02348924153138109
2005-12,-0.05891674025445621,0.0,0.02580011596631599,-0.06251419425381718,0.03688269264986521,0.11172431804841673,-0.014297812053262948,0.06682919554472071,0.01664614915554686,-0.015756794450823963,0.11967193343920673,-0.0,-0.10919396528581138,-0.05636055480363688,0.12625281114848153,0.03293962309085204,-0.0634632120608972,0.01829071061065259,-0.014921936458313884,0.015824806950860807,0.04925713571616337,0.04452947467066002,0.07658493053230918,0.028357668178813,0.03200881198695559,0.03412578943100329,0.03392678845890376,0.02436789372607614,-0.05125803680471813,0.053650269101832966,-0.2695605387171094,-0.2695605387171094,-0.0753968137641521,0.16511082983033237,0.049628079782286214,-0.2695605387171094,0.034760237248028854,0.043347897042674825,0.0,0.014686925742557729,0.01303493391742385,-0.020740348401881208,0.05145811247233268,0.027410977734705737,0.035197648471985955,0.019981091237119327,0.02217977363831567,0.01664531537895697,0.01567696694961216,0.008894696666628643,0.020872502824776828,0.03661509483825099,-0.01790772195467993,0.016687768139212644,0.027487693153385964,0.017066338458500738,-0.022408348322185644,-0.0237679030453102
2006-01,-0.05716414320696531,0.0,0.027860771924577782,-0.06229096584614228,0.038546153966468405,0.11251718325726352,-0.014477592031904707,0.06543880057210394,0.016177423395834174,0.01545153380203301,0.11962032210449997,-0.0,-0.11094064768811289,-0.057992604344861476,0.12851193726408097,0.03424612504752412,-0.06316188580672807,0.018261973169964283,-0.014763195614890789,0.01548390559582547,0.05095103012934771,0.0450279871415044,0.07559818156757908,0.029620902387487425,-0.03477068067300811,0.033774584458056735,0.03416397059407568,0.021635409206674415,-0.054464453068325085,0.05689630481872475,-0.26247721375463723,-0.26247721375463723,-0.07621755333059266,0.16758994858275886,0.049310414297507335,-0.26247721375463723,0.03693010252126465,0.04827108843537099,-0.0,0.014522757352674684,0.012995645276658517,-0.01985947909525679,-0.05351037528227899,0.026654804560108613,0.035977316312739836,0.019580770633377344,0.022264388739193994,0.016345443385445343,0.014959053486772081,0.00866444937130558,0.020055896373026662,0.035538691797617886,-0.01748260115492696,0.016155877009578535,0.026758299417880344,0.017135112569067513,-0.02270852973577817,-0.02326909133034149
2006-02,0.0584544252979261,0.0,0.028138298210077815,-0.06090051374639136,0.03882577804429928,0.11181391733657446,-0.015138007419517974,0.06616214349526818,0.01602553093452849,-0.015394956601377699,0.11687831863334,-0.0,-0.11002436704706407,-0.057504741301031774,0.12777934474971628,0.03344709051700558,-0.06275322105638702,0.018148807920132272,-0.014565972992557082,-0.016202308764463404,0.06379844193422396,0.04498850788819899,0.0816577853109534,0.029356616487300143,0.03440982574369875,0.03376250724359217,0.033284542507180014,0.019729871048936726,-0.05347305841311598,0.057924131354611205,-0.26014112773974196,-0.26014112773974196,-0.07548555805317396,0.16503780864235557,-0.048744654391616925,-0.26014112773974196,0.03826541235618272,0.052307033202828306,0.0,0.014208051254897906,0.012963708656244324,-0.01967500561692221,0.05479620934253235,0.026233707919765925,0.03411366737429982,0.019025444004914974,0.02249680035601257,0.016279435482810155,0.014705555430997667,0.008561118487558913,0.019866988580736315,0.03521672050438704,0.017497749012819426,0.015966972491281303,0.026296768173734646,0.01697796812038674,0.02248070548028938,-0.021830541844554737
2006-03,-0.05806062839545126,0.0,0.029427010348296426,-0.0631959120144706,0.04127546636050472,0.1111295484715888,-0.015412696696475606,0.06601605542814883,-0.01589828930306389,-0.015154624357488006,0.11727655691203678,-0.0,-0.11123708127443521,-0.05636318929812212,0.12725228142719122,0.03337322710563051,-0.06240256409186981,0.017998238261358716,-0.014737302230328415,-0.016630501064305185,0.06350384626285946,0.045162845676929395,0.08119116867623866,0.028679480077175593,0.0337542883051794,0.03280947803202603,0.03346722255760351,0.019327798715215155,-0.05232142452639688,0.05820717433531874,0.2580087506909844,-0.2580087506909844,-0.07612084560911761,0.16794741287660792,0.048975792303951965,-0.2580087506909844,0.039865845760749405,0.055053705182047566,0.0,0.01416637081108682,0.012280400926012142,-0.019405142812346437,0.05498551195782979,0.026265460726587496,0.03458316764208877,0.019069226980821145,0.022366381490358796,-0.01610342113485149,-0.014478747982619722,-0.009264172805232847,0.019858554150169273,0.034391031034170565,0.01731732037114206,-0.01580749946425591,0.02614432163306225,0.016598081699939104,-0.021878454725164555,-0.02178097764112424
2006-04,-0.056320083306672396,0.0,0.030354994113593214,-0.06302512837935563,0.04327068791211617,0.11162018088652009,-0.015475340313020461,0.06397783553626277,-0.015905170232065044,-0.01520376173193762,0.11401379917979006,-0.0,-0.11117980058668787,-0.056449796024197696,0.12535808620537375,0.034815065617381666,-0.062017337093139085,0.017655657352648735,-0.01470227412173032,-0.016812317873208558,0.06345090411933374,0.045373217197969114,0.07827316074752139,0.028384769111336666,0.033875874792443326,0.03369712371789448,0.03343553151273341,0.019887724692558305,-0.05248923629409628,0.058399760232789664,-0.2588839563744368,-0.2588839563744368,-0.07583173680882148,-0.16608097950196513,-0.048340153605414965,-0.2588839563744368,0.04121472115609873,0.05643541461148197,0.0,0.015257985860880159,0.012281661093259521,-0.019498573057161576,0.055181757085163305,0.02555240917216233,0.035400325381023605,0.01831160085110544,0.022870212470676953,-0.016067661794214795,-0.014548079214070897,-0.010023348419085433,-0.019944660018084794,0.03544927149529807,0.017548013997046027,-0.015804598447088834,-0.02520898356141903,0.017320160363220257,-0.021833864357499094,-0.021917339670069945
2006-05,-0.05370695351614048,0.0,0.0378711600085776,-0.05926647768679114,0.05018296380679414,-0.10885911682646235,-0.015286030904921095,0.06156259338343478,-0.015690020541801734,-0.014930461699612381,-0.10982275134616623,-0.0,-0.1092781677725421,-0.0547238138585112,-0.1197883059835907,0.03391666464022132,-0.059528955591951524,0.017552728814466113,-0.014777601906136245,-0.016475858882703462,0.07236954576648663,0.04641457836353051,0.08711026333758239,0.028233267861327124,0.03459019770936895,0.03336223361672551,0.03407960866242784,0.019532507983372298,-0.04977275664829428,0.06497878537765676,-0.25450424421369156,-0.25450424421369156,-0.07437373885976924,-0.16198824434111678,-0.047219527686559466,-0.25450424421369156,0.048856896638122434,0.0671933777316667,0.0,0.015434080979428786,0.012376239845539953,-0.019165432900005445,0.05765875438574162,-0.02500506152788899,0.03231975526862475,0.01727067606117806,0.01831421293084903,0.01555329808726353,-0.014542931283618391,-0.009805895811700412,0.020122944125598244,0.035017428998827385,-0.018764117647849576,-0.015700823717223318,-0.02474939546935639,0.018046609828517718,-0.02148931030999963,-0.021854140424882512
2006-06,0.054384487040437336,0.0,0.03570864461638796,0.05867749527423431,0.047904090511029083,-0.11896848331940131,-0.01676332396716027,0.06367117217284368,-0.01569631694579538,-0.014949265117072182,-0.11536409136633154,-0.0,-0.11319852744374577,0.05719848785856484,-0.12341322647885922,0.03425192755762413,-0.05883694263326379,0.017325374880534396,-0.014952400633065337,-0.015587609429441375,0.06574395916178262,0.046168140642515565,0.08358859726210192,0.027174635246665767,-0.03375210191079135,0.031833614827819684,0.034275038548397564,0.01860176674094108,-0.05054338173345088,0.0644377015003124,-0.25163091906914364,-0.25163091906914364,-0.0768123828915761,-0.16825759685646707,-0.04902047500580497,-0.25163091906914364,0.046055898114549174,0.060844805352285376,0.0,0.015667904106120123,0.01227520143244318,-0.019138956385550052,0.05799264456078586,-0.02466713815030504,0.032478294420827745,0.016733156135882533,0.01789224665665969,0.015351768169110313,-0.014387140095294432,-0.009843204270251074,0.01977758106669131,0.034387497244078996,0.018647008737924815,-0.015479177890349301,-0.02406470027878544,0.018477939017909763,0.022107867123151784,-0.021775854009193893
2006-07,-0.05467483061021254,0.0,0.03654634659158878,0.05826845430214932,0.048162375634606305,-0.11839749266181586,0.017045138985113426,0.06295284567709176,-0.015974324796438615,-0.014765704603911859,-0.11496156226714145,-0.0,-0.11320337594926753,0.057991736525342154,-0.1233570742987595,0.03423236678906632,-0.05828257333767078,0.01696911568819739,-0.014932331954635855,-0.015881719216544823,0.06655917923017313,0.04593585125553284,-0.08386995681049492,0.027165960395125664,0.03366913892644096,0.03235618265299161,0.03421221617867758,0.01922492703416763,0.05208377743640138,0.06421528460915293,-0.2513130438873833,-0.2513130438873833,-0.07690613520280754,-0.16732085487992862,-0.049137569238217826,-0.2513130438873833,0.04658707481450128,0.061320769470623586,0.0,0.015415055111417041,0.012249990151814839,-0.01911806314090781,0.057912259966954614,0.02451678563931955,0.032497667398015684,0.01598182532350309,0.017817734533905612,0.015321746615081535,-0.014377100424355917,-0.00991840950680675,0.019591821919549772,0.03423617185100657,0.018625560346372437,-0.015466886476100821,0.02373107653571121,0.01850773319953364,0.02226899188963449,0.021341740283067047
2006-08,0.05436500215931509,0.0,0.03685786972853953,0.05801102165773775,0.04739944555976058,-0.12322811243574472,-0.016730608534891125,0.06417095779582177,-0.015537174718495549,-0.014576121396322535,-0.11807723985082985,-0.0,-0.12139170032133448,0.05718146909431869,-0.12657314050617305,0.03358593479435793,-0.05678883403461581,0.016737572200932308,-0.01455792438661174,-0.015193903360129744,0.06557082637858186,0.043856722470683875,0.07819564041327179,0.027288263981554435,-0.03294632460736628,0.031997448490231936,0.03332494410466418,0.019242128910175783,0.05085565414283434,0.06265369847466624,-0.24471245578039572,-0.24471245578039572,-0.08738942055053313,-0.17380592252542237,-0.05854397507056148,-0.24471245578039572,0.04573550052432945,0.060104701332738986,0.0,0.014982400861259331,0.01192270506038068,-0.018823850298596765,0.05696521502853522,0.023838355285979603,0.03161320816311847,0.01580952820352647,0.01740459126313116,0.015300986855967483,-0.013993986595545568,-0.009152796011068722,0.019277322380269937,0.033453561575865286,0.018811093322737324,-0.0153012660041283,0.024054087868359948,0.017982870125136323,0.023000147105393887,0.021699456136264516
2006-09,0.05404793942867723,0.0,0.03667208320603586,0.05849433173549938,0.04731946130675064,-0.12033198666105635,-0.01872296937119833,0.06360793749908177,-0.015488708622461444,-0.01455166046611992,-0.11649139721093234,-0.0,-0.12025017350285842,0.05794145708951128,-0.1260128621024846,0.034887749153055876,-0.05722726013134454,0.016639903974971264,-0.014504788937797034,-0.01681755944925816,0.06506372548245577,0.044406300271247964,0.08589201392281567,0.026828797339355524,-0.032969999913942845,0.03251920956864765,0.03345900248212821,0.01785834677261462,-0.05128045402307164,0.062412629455200014,-0.24376626150352143,-0.24376626150352143,-0.08667092678649481,-0.17283527628121906,-0.05805082331617371,-0.24376626150352143,0.04535246824864461,0.05967486886479759,0.0,0.015092186917339987,-0.011428015084967972,-0.019812541186577676,0.05700603825424701,0.024104443510959396,0.031715154733667476,0.015469386402395174,0.017322109486165426,0.015291936749131749,-0.014411362986323416,-0.008740523292429605,0.019092838805844045,0.033359358792207756,0.018490008447076253,-0.015669008003369882,0.024121984165777703,-0.017565998781497304,0.023253367217701573,0.02146988009385226
2006-10,-0.05404699204141394,0.0,0.038345351434128296,0.060122171481492834,0.050405519027148016,0.12269023895840604,-0.01847587545945712,0.06211443037521052,-0.015661988014340385,-0.014136595431892012,-0.11543544591092306,-0.0,-0.13263444350223952,0.061517647484120135,-0.12339710092391583,0.03402974356342867,-0.059046870890814125,0.0160655042279961,0.01413271559341581,-0.01574180657678642,0.06505584788810019,0.04365014481055107,0.08358009109043352,0.02643601582840198,-0.03201797849311678,0.031918860395282016,0.032822177833379096,0.017188737617981866,0.0535510679522753,0.06104615511159685,-0.23747768583316448,-0.23747768583316448,-0.0946032872227963,-0.17629825966666238,-0.06113325047926906,-0.23747768583316448,0.048863030144746536,0.06258929207556269,0.0,0.014479634769359883,-0.010933092422234026,-0.01934955939240715,0.05553789138259734,-0.023502906269365104,0.030187191337384903,0.014598247775869684,0.016848985189995027,-0.015604154188803355,-0.014206935432474952,-0.00821980573899721,0.018308414924709245,0.03003137806457669,0.01757486380502683,-0.015887182528619485,0.023602544695970888,-0.016751460542349616,0.022554838893146884,-0.020633217639333637
2006-11,0.05297465753983068,0.0,0.04248041736741014,0.05860363786856512,0.052914269798503055,0.12550468358969208,0.018566044299618657,0.06101367966859309,-0.015867995691720045,-0.013745613981693884,-0.11881119405828054,-0.0,-0.1327989180731556,0.059903132622989644,-0.1390131968006847,0.03425292163137196,-0.05763208771151263,0.015406078678860324,-0.01385753080037672,-0.015583083886027842,0.06564355219165424,0.044774869655385276,0.0800895119071719,0.025495203903387824,0.03245240347171195,0.0312280823460099,0.03285354597768868,-0.016981925599897196,0.05241356000112657,0.06289020344398119,-0.23092299088975277,-0.23092299088975277,0.0949204515631217,-0.1843516211727827,0.06140997086210163,-0.23092299088975277,0.050943561750189145,0.06446133983905745,0.0,0.014123124635461308,-0.010539256681353831,0.017142802999546118,0.05632005174311223,-0.022435675779400314,0.029388892275068027,0.014198895484796976,0.01653182987738716,0.01496308755106864,0.014726866005254443,-0.007927597849729923,0.017108886456256276,0.028820944957316463,0.017117622289240127,-0.015714293101184544,0.023289061114975976,-0.015900614540015873,0.021265639202586787,0.019876937032832595
2006-12,0.05321090010366437,0.0,0.042490774008685804,0.05781975838323058,0.05248940890113927,0.12500765747373477,0.0185298742317225,0.06041054889282838,-0.016272343338485543,-0.013791266752005569,-0.12017121301029049,-0.0,0.13250382689238463,0.05990703549823213,-0.13893842229547246,0.034108517735809744,-0.05754760739014797,0.015494371126622409,0.013658430675954309,-0.0157160696636746,0.0645605265221119,0.044947767039780644,-0.08358136536240773,0.02570541959332674,0.03225620389125161,0.03185853427345161,0.03296305237093396,-0.016899304851071387,0.052635197720276215,0.06273759835802964,-0.2307617012203901,-0.2307617012203901,0.09457399583617154,-0.1865677790812235,0.06111643678921811,-0.2307617012203901,0.05071816450949796,0.06290359578636316,0.0,0.014365430271003708,0.010449503072205124,0.01606356173905132,0.05625870011422836,-0.022356850919574872,0.028872608951863957,0.013954071788475183,0.016396741920752415,0.014837395572545735,0.014956012543259763,-0.00786649482664675,0.016865668853334095,0.02794210896774493,0.017441061275030294,0.01566172632308815,-0.024016813611844504,-0.015916281116304012,0.02152483491678678,-0.01987606119588865
2007-01,0.054625471097939714,0.0,0.04309069297572287,0.059065678162690476,0.05193261189495592,0.12153470280672928,-0.01840340285169194,-0.05890093520939551,-0.016253279044194525,-0.013681426807725034,-0.11325322887859889,-0.0,-0.13182066472282428,0.06350399929855481,-0.14066670994159988,0.03345790998383783,-0.05670512046254867,0.015853829104176913,0.013625851311002732,-0.015591705855175102,0.06454491204819011,0.04441264501853521,0.08330406462643536,0.02556242471116086,0.031976991239993986,0.03146081878505647,0.03270714670561742,-0.017039180362764847,0.05366883408516606,0.06664366468741113,-0.22893276237741192,-0.22893276237741192,-0.09283916026842064,-0.18185663781004288,-0.05939985607783409,-0.22893276237741192,0.05078813857190382,0.06266314853059082,0.0,0.014260836884701308,-0.010371606002549407,0.015938698247060373,0.06196717098775326,-0.02837605261468199,0.02866189209237417,0.013733979917983743,0.01597109015141818,0.01471940324347474,-0.014922377991051306,-0.007792055444120408,0.016761712226457306,0.02769156481421853,0.017303130085420476,0.015589128935119614,-0.03131160478895411,-0.015784936944103965,0.021634139564471612,-0.019575487993361364
2007-02,0.054538572273376044,0.0,0.04294998800057278,0.05984883504019629,0.052023365442508775,0.12159193258438676,-0.018405125387870373,-0.059620053433109214,-0.016301589114962815,-0.013689386842288043,-0.11211154313486801,-0.0,-0.13229417530552506,0.06320363900313061,-0.13504690701190988,0.03389927137622012,-0.05722763091656209,0.015775332264784166,-0.014041620142943313,-0.015265580353994583,0.06608047460637448,0.044147297143315244,-0.0821494847594383,0.025549865609968022,0.031991160707677754,0.031509712930611826,0.03304231816394791,-0.016627756896526468,-0.053344894895159825,0.06694801702221599,-0.22899512214835355,-0.22899512214835355,-0.09321194552902333,-0.18241228632559134,-0.05957612530524623,-0.22899512214835355,0.0513000565564201,0.06273745122098957,0.0,0.014909877034104544,-0.010325522393266328,0.016444989193815002,0.061930356093221575,-0.0288342963434806,0.02904109692252013,0.013736300946162803,0.015568607580441311,0.014774333059453037,0.01491054481534743,-0.00766349856064202,0.016797447238883958,0.027683095161057013,-0.017507712542790183,0.015593749315317712,-0.03174598072939524,-0.015623621923356796,0.021456988834128932,0.02000321956583955
2007-03,0.05450616781746241,0.0,0.04274014551089062,0.06072061805464708,0.051015923678819367,0.12183922412607992,0.018335105972005893,-0.05979626713850816,-0.016319465162903793,0.013926348671901227,-0.11389105086229416,-0.0,0.13235569766252098,0.06281284096924394,-0.13349462786337501,0.03381843509515623,-0.05756265577200724,0.015682660970005313,-0.014029159762586719,-0.01606179131052353,0.06618595601128227,0.04426309834073704,-0.08072300907129581,0.025862693111622613,0.03191710751283757,0.03152020534176715,0.03290269654490957,-0.0166041727973657,0.05283163285307693,0.06513347829273129,-0.22886009243038702,-0.22886009243038702,0.09311980055226811,-0.19049779935984365,-0.05926000077526093,-0.22886009243038702,0.04925661310185293,0.05874873414552036,0.0,0.014898201731218155,0.010269397349371502,0.016562295916780684,0.059815042912237416,-0.028494176939215674,0.029146743439555863,0.013772747342126074,0.016297604664943188,0.015608441086788374,0.014988421354674819,-0.007657797583248229,0.016769350309400494,0.02778513344748677,0.018092842763767044,0.01622347607686221,0.03182971154783621,-0.015983710181834088,0.0214170885556381,0.020072355292550623
2007-04,0.05331945260998226,0.0,0.04432588856565779,0.060429054164373025,0.05226707104118169,0.12006456367566597,0.017412875665953058,0.059569356251143346,-0.016948602557164263,0.017146121026824702,-0.11302766830148221,-0.0,0.13340376445333182,0.06261400522931604,-0.12915040382346904,0.037597093176506995,-0.06137620012683207,0.015399566458387049,-0.013788570476692569,-0.015748028762127074,0.06696710976434614,0.04384760931028732,0.07960003629084542,0.025047361524690913,0.03178880215236097,0.03175154594059322,0.032584142860405965,-0.016322229464877314,0.052336720973024824,0.06550656109240505,-0.22664199917002212,0.22664199917002212,0.09333233580727136,-0.1914094470131319,0.05854885203006574,-0.22664199917002212,0.051088021052053276,0.060735838702758914,0.0,0.016556863338901787,-0.010095883203920075,0.015932572676523846,0.06019541384248682,0.028167140818950498,0.029632872353240917,0.014119469822525486,0.01570756311233769,0.015453996934935441,0.015032008324184531,-0.007606771985169113,0.016635957540221114,0.027494142648975307,-0.0179178154523682,0.016180140982145055,0.031844438483776986,-0.015800509770533412,0.020749709451459285,0.02049583140206889
2007-05,0.05552588493680228,0.0,0.04149003921786866,0.060676993152663374,0.04847210084944251,0.12284187201736436,0.016902748091740367,0.0596597850493389,-0.01622335861150582,0.015808474945156994,-0.11299851974154214,-0.0,0.1537987513896566,0.06146144660286009,-0.1297194567628985,0.03865698160380695,-0.06430190779350152,0.014320848838393139,-0.013484949511729905,-0.01600827245411503,0.06485538276532879,0.043531992661755475,0.08015496760920113,0.023216903341606848,0.030548001869624843,0.030960884959534488,0.03264619464522961,-0.01565398640668816,-0.05126000611415879,0.06203210659328694,-0.21954481561867015,-0.21954481561867015,0.10546203497589018,-0.1945981798053571,0.06441147236813236,-0.21954481561867015,0.048190629762671924,0.05750536756296605,0.0,-0.01649192560826174,-0.009739990132948165,0.015387205240226505,0.05495994535661963,0.031119655943146054,-0.03142046068703903,-0.015429912429565429,0.01563001442275785,0.015006432062889203,0.014376548668508082,-0.007367919886374225,0.015994075023610478,0.029875704174779236,0.019411602817005,0.01563787092990133,0.03151345761570011,-0.015309011353388103,0.01945417697327743,0.01985914080617271
2007-06,0.05629880733965528,0.0,0.04108047545485033,0.0626521567711054,0.04834733035489177,0.1115797347771401,0.01703628426343346,0.05858549578282324,-0.016364939726746183,0.015680052318487646,-0.11058855614852779,-0.0,0.14969443325267387,0.06205321995526639,-0.128893771970521,0.03914215428532825,-0.06434044944335801,0.014582140421892287,-0.01498147547668112,-0.0154503376780992,0.06667402302268617,0.0431496905622789,0.08007656289026942,0.023593085349341937,0.03113165095482341,0.03144457541987499,0.032766625905294895,-0.015794026875424846,-0.05294528682604302,0.061618561151639564,-0.22172551434224638,-0.22172551434224638,0.10348558433103981,-0.1896345932111723,0.06363598071674918,-0.22172551434224638,0.04803973670037729,0.0576914833368069,0.0,0.016637178088221585,-0.00986871158132508,0.015437967364768027,0.05389434662569958,0.03579956813684865,-0.031166042142450955,0.01556553586170152,-0.015582614884447708,0.0159225837378086,0.015345518756485078,-0.007478968497195378,0.017489878609358318,0.0302746358000222,-0.02027354422971362,0.01691843432286314,0.032679079127088284,-0.015524173571565556,0.01979557772696676,0.020135815233426304
2007-07,0.057024477753318266,0.0,0.04123786263295197,0.06268314089764696,0.04808302856297351,0.11148997233291764,0.017244090012369463,0.05930499440480959,-0.01640584241776268,0.015667542036691826,-0.10992125742096964,0.0,0.15048312773068134,0.06216442820767052,-0.12488658832426348,0.03857951568645658,-0.06516262490986267,-0.014178761954874223,-0.015636983448600487,-0.015600814863013556,0.06646036591853355,0.042486260238582256,0.08006981492736594,0.021572753237968877,0.03139991687989976,0.03206191003152153,0.03299006641855636,-0.015788347668275176,-0.053041175218813186,0.06048766167913555,-0.22212581045609664,-0.22212581045609664,0.10394810460452525,-0.18951710541149908,0.06348472852936797,-0.22212581045609664,0.047594537259551,0.05701763057127571,0.0,0.018162293622370596,-0.009962163844118858,0.015596944201444599,0.05355872518387596,-0.035922100000616554,0.030970380041163457,0.015428719896792191,0.01589520928055561,0.015943918067669007,0.015879178468638476,-0.007425405661332523,0.01772039562977414,0.031204757908938046,-0.021563402180571248,0.016931161846225982,-0.03301602992000329,-0.015495953871845134,0.019086368520728293,-0.020184028292340547
2007-08,0.05733437900662019,0.0,0.04024133027887602,0.06281120357347005,0.045630294562642656,-0.11304087266599518,0.019849809170321715,0.05952646971587881,0.017199158502401966,0.01577440208374464,-0.10775921788329561,0.0,0.14764234662055728,0.06292871472121415,-0.12040213102718977,0.03807375796422086,-0.06302038354138266,-0.014286695745516902,0.01622668994067252,-0.016869780472142423,0.061788328153673924,0.042764619709553114,0.0793317249206394,0.02287992566762925,0.03361182934594809,0.03223649248809769,0.03297782275326,-0.01582840884605916,-0.053869365041793286,0.06068731386159562,-0.22334563679527714,0.22334563679527714,0.10353620961868297,-0.18696320395006646,0.0635046600020539,-0.22334563679527714,0.04659704706729439,0.05374261579045595,0.0,0.018246813368265485,-0.010153571260797098,0.0165830110945227,0.054635069730811975,0.035980441208279604,-0.031166884979216623,0.015914599515437455,0.016043872495720854,0.017080281178431158,0.017246675656010256,-0.007445942467133267,0.01877884191485345,0.03166466847379358,-0.023640968868541647,0.01822100629413263,0.032531085957354024,-0.016290765908152816,0.019673041100391832,0.019728343449375494
2007-09,0.05294203289757923,0.0,0.041063367049074186,0.06222589083391698,0.04500310248238534,-0.11475120545178254,0.019299868214725263,0.059129410829294134,-0.019660457648467442,0.01591747908361457,-0.1095782625257439,-0.0,0.15192490165508063,0.06251956779751965,-0.11862430788176005,0.038168350822063185,-0.062203292148890414,-0.014529450826941515,-0.01610779855878565,-0.01675241791328908,0.060871244619347585,0.042487539157121786,0.07833436710621824,0.021670801213697157,0.0335176707317827,0.03164433896492252,0.032736491699273375,-0.015504868663192865,-0.053515900709067,0.06014746778068585,-0.22138567496005304,0.22138567496005304,0.10561837657886047,-0.1918201078632688,0.065975753035018,-0.22138567496005304,0.04681087651818552,0.05353506336781621,0.0,-0.01757580613223875,0.010200089898326282,0.01654530836736826,0.054166768218008136,0.0357194923154464,0.031224955818550146,-0.015510112225244017,-0.015602919429783367,0.01927238946079476,0.016801129488361075,-0.0074312500378276875,0.020648649515808908,-0.03172644790090786,0.025282132336893533,0.01854444420919539,-0.03262641916859683,-0.016079072289952537,0.01739109884060295,-0.018902456836561884
2007-10,0.047074272724924225,0.0,0.041384135302629625,0.06249198746405236,0.04530540152756631,-0.11515561849678718,0.019836991090172635,0.05661129287329952,0.02092107070448109,0.015889927763263697,-0.10998805035743282,-0.0,0.15269556357429906,0.06014939049905855,-0.12016416610487239,0.03345159335064638,-0.06247154045950988,-0.01522114094023375,0.01644048974754744,-0.017703531916501238,0.06136418777602648,0.042918760540898965,0.07880811055412734,0.017718243793672823,0.03343384252600021,0.03217754663062686,0.0334497747945489,-0.015581095654614593,0.052750670728408236,0.05936908916519062,-0.22301550307198506,0.22301550307198506,0.10642854294832342,-0.1933005204802419,-0.0665850927507214,-0.22301550307198506,0.047157786950778,0.05391333009115878,0.0,0.017694037526769884,0.010488419458117236,0.017007625125144907,0.05353734078573006,0.035856351920065414,0.02957566205274737,0.015164531250133655,0.015775289529269244,0.02164674030592041,0.01681154460866936,-0.007563897462298072,0.01986262213537018,0.030278098187599224,0.026865756610043517,0.019535597650795985,-0.032866396386291505,0.016849126727876657,0.016133109881854693,-0.019528582896730526
2007-11,0.04584722455666179,0.0,0.04136616256004324,0.06236143191545105,0.04527228235646328,-0.11655145127409486,0.01967881770402757,0.05500369933747341,0.02096176176189618,0.015707679266564595,-0.11124717086967084,-0.0,0.15343501505230758,0.06115337043466034,-0.12060336761985371,0.029457463987272312,-0.06649905337031987,-0.015533417757274808,-0.01668171510188115,-0.01754227924022271,0.06002043602169376,0.042825112815182934,0.07792514874131341,0.017235671585738584,0.03296954708112925,0.0323178434233811,0.03339356090475256,-0.015649617576076164,0.05509486926490506,0.059401075214594444,-0.2229199988269567,0.2229199988269567,0.10663595210846734,-0.19712445753345093,0.06676208157623603,-0.2229199988269567,0.04726061554828761,0.053787273985139175,0.0,0.01778358934421313,0.010327682910851324,0.017007228874300687,0.053561217684142653,0.033948635182539114,0.02909595432459342,0.01518301406521215,0.015747800852829962,0.021513098654356883,0.01688591678041303,-0.007530198465627111,0.019834166479244318,0.030692064069991563,0.027102318620313485,0.019526042857204353,-0.032422215206611676,0.015901711651450972,0.015307239340694319,-0.018563280608051614
2007-12,0.04446336523937591,0.0,0.04132734266990731,0.06635662534694547,0.04455291482213271,-0.11158205230957227,0.021181756407811246,0.05188718416217116,0.020947344661586792,0.019735336443610654,-0.11261179124250266,-0.0,0.14059682748669447,0.06495754993633589,-0.11721563411392824,0.02840865142995065,-0.0662990524711312,-0.01600140943616305,-0.020549762474584028,-0.018167841089203583,0.056639295599430456,0.042627822278442064,0.08007271694913064,0.017344261216137455,0.03241305649780059,-0.031073892493101926,-0.03376934337017887,-0.01590722249451309,0.05894924263104353,0.05768578364354346,-0.22646596734123986,0.22646596734123986,0.10098102463482185,-0.1950835030093077,0.06563331695589612,-0.22646596734123986,0.046692988104033634,0.05177550064709079,0.0,0.017761448356472156,0.010490492555238614,-0.01735062765599969,0.0538011571463029,0.03447852471742698,0.029672089495533394,-0.015399622442439921,0.015558179124118283,0.021841237552120883,0.017140869671569563,-0.007697906541602979,-0.019881667938849656,0.03138950465944445,0.028060977931647975,0.019732279912513848,-0.03410788859099079,0.016156389169003884,0.015762475645225007,-0.020827346601700155
2008-01,0.044521179440207184,0.0,0.041462234426270284,0.0633625100721817,0.04409924019241639,0.11324975751724621,0.0214775790037335,0.052247802919409655,0.02054855964984441,0.02034762820897102,-0.11132008591975139,-0.0,0.14150836895396315,0.06572195940617363,0.11716511566455433,0.02787687965088134,0.0664372005494871,-0.016804548747850975,-0.020664623319151205,-0.0182462999814394,0.056676009041851196,0.043386840959242536,0.08051870366527733,0.01713763540943028,0.03259263807148535,-0.031239790914440308,-0.034004628035730164,-0.015549602401479143,0.05895421420713475,0.058648807447229,-0.2266801343117588,0.2266801343117588,0.10184607140954326,-0.19112691994521167,0.06644237957335299,-0.2266801343117588,0.04663031158975914,-0.05103746878043096,0.0,0.01869422601551713,0.010689049879357879,0.016682701655634843,0.05425074874791902,0.034446692387533936,0.029651722212402212,0.016001427487687753,0.01541604156890361,0.02173084999804115,0.016699545555520907,-0.007830539302628814,0.019478502509734864,0.03112081674894409,0.02788581954108208,0.019245122627058582,-0.03426530261653746,0.016653085781488077,0.015768172808757766,-0.02059563454484255
2008-02,0.04656413788884129,0.0,-0.03275728268392484,0.06709058795639683,-0.03576176697490298,0.11804228921402125,0.021034600666849448,0.056016630362392426,0.021575443768173018,0.021787695301861452,0.10782226113427977,0.0,0.13635134308750116,0.07246050477379827,0.12302008841156524,0.024782956031852432,0.0639881987483866,-0.017713950268867223,0.021668007697441972,-0.0187675471565848,-0.04865670121094695,-0.042782544091165525,0.08422337645049999,0.015178852872809633,-0.031210147436569545,-0.02986775383201928,-0.034430998471088665,0.015709594668496696,0.06073078588098015,-0.0555990833382319,-0.23765305003000073,0.23765305003000073,0.10029908533270411,0.17339098473028236,0.06917741921068796,0.23765305003000073,-0.03675380459479021,-0.040468361840169526,-0.0,0.01956858846029993,0.011360604865931696,0.01724524222405076,-0.0538119350887814,0.03577250623229765,0.03020980513109617,0.016355749875466265,0.016112075965582628,0.02316258538902846,0.017738738504830296,-0.008170932560647963,0.020409398914218044,0.029298906204273566,0.030547165896167485,0.02047896183752247,-0.03529894998992062,0.0177397870191068,0.016694920290010393,-0.02137920937168252
2008-03,0.04641901244194673,0.0,-0.032692561006473504,0.06907223008991446,-0.036147591076356914,0.11550774667263362,0.020320704181202257,0.05636852803793217,0.020743880270606297,0.021942889550254238,0.11058503625715076,0.0,0.13661427327474615,0.07278873202683417,0.12588408069698262,0.025102125499420175,0.06363699968175601,-0.017674907379644993,0.02061393221474734,-0.019649058120556454,-0.04957560886283925,-0.0434738819624341,0.08530995167019664,0.012687425430469901,-0.030925040084385493,-0.03026968031888179,-0.03441670467066293,0.01542826308095804,0.06023000357750384,-0.05501762955306955,-0.2407328207404819,0.2407328207404819,0.10188610229046993,0.1742868289299496,0.07085029267936878,0.2407328207404819,-0.036538946734895175,-0.040638604033999215,-0.0,0.013917254768585288,0.011496689902262405,0.017505987333109554,-0.05439353261263013,-0.03621668506905402,0.030423964898970646,0.016080990882236815,0.015777849995214126,0.022123618190263584,0.01906784217662111,-0.008169061169367086,0.016962261894809465,0.022812148714783164,0.02678594548603096,0.02104276285959519,-0.03596479967604835,0.017646555557411504,0.016978657240848707,-0.021135676991468875
2008-04,0.04727025994877038,0.0,-0.032831737404405766,0.0706997696261259,-0.036397555567250696,0.11513415721884011,0.01924085111326095,0.054351200706368785,0.019727912783854024,0.022793723570432814,0.11226420245327934,0.0,0.13910535853411285,0.07178637926329687,0.12646948704330999,0.02509932057895329,0.062156741197559685,-0.01735789987297741,0.01815661944266863,-0.019691007954320734,-0.04973653244127453,-0.044129598449244904,0.08640453423314852,0.011726828523551116,-0.031367175143781775,-0.030230730856072356,-0.03514569670058374,0.014627189048672207,0.059107784735343366,-0.05620813837116785,-0.24380373166854682,0.24380373166854682,0.10276347709704058,0.17216195388886338,0.07207044615247794,0.24380373166854682,-0.03688587264054274,-0.03993227524840442,-0.0,0.013095153688823238,0.011824041353037154,0.01784693105378981,-0.05605368240308376,-0.03689093202921814,0.02990320459494831,0.015655276865189912,0.015961205734133593,0.018522831875991446,0.017952903897896923,0.00831545738830464,0.01628652803354525,0.022442294223882362,0.02573568113871781,0.018258116340135067,-0.035313895084947484,0.01797187227999383,0.016400664744641955,-0.021125714454121206
2008-05,0.04699535495722709,0.0,-0.03335442027732455,0.07171528060554187,-0.03636807188165295,0.11543040893767866,0.018560122115769295,0.05687675910725945,0.020148083489400156,0.024044334173962043,0.11447960676455018,0.0,0.13454547675685327,0.07265510287065882,0.1206399367233798,0.023710526078675534,0.06109836073297471,-0.017339298439444154,0.018259899256807745,-0.02026886678125077,-0.047645006648407345,-0.04274029811228169,0.08698991034456297,0.011806100582282136,0.03118480656928709,-0.029780880513977457,-0.03642719073926606,0.014733209757995563,0.05743908323212529,-0.055082269314081424,-0.24673652233398496,0.24673652233398496,0.09989517006580158,0.1741962795588003,0.07447891440761599,0.24673652233398496,-0.037124037175648855,-0.038661858318711925,-0.0,0.013180626151271515,0.012067225956243575,0.018085131454374705,-0.05606769369514195,-0.03719981093856651,0.029139660722366578,0.015812358015241813,0.016242400467722146,0.018376687499852464,0.01814433028113794,0.008478044020149714,0.016855386210717877,0.022283823492060054,0.025484769680024538,0.01825385800827923,-0.03436097158444606,0.01842090523898881,0.015872838037329858,-0.020788986252873624
2008-06,0.047864550162417516,0.0,-0.03398635838543803,0.0781284352051241,-0.037586494361061346,0.11496731600235544,0.018606587139966848,0.05665793232086065,0.02099126741595705,0.02378752839372497,0.11232076250383109,0.0,0.13192140766883576,0.07966035942962832,0.1192120428563627,0.02323064158619706,0.062366245056214166,-0.01690660501023464,0.018394178651334404,-0.02036209740507567,-0.048002940587275354,-0.042959815742812775,0.08716099163889804,0.011697312523544168,0.03180821141498179,-0.029617380400345693,-0.036941507113627606,-0.014172596732306642,0.06016177509188424,-0.05564566353627334,-0.24582851018994126,0.24582851018994126,0.09844199396537397,-0.16574124681711097,0.0743944156647516,-0.24582851018994126,-0.03813040347219596,-0.039675689120388206,-0.0,0.01328897644249269,0.01183450628092812,0.01799841960212112,-0.056182085110026564,-0.0358927505460011,0.029714109080781956,0.015824148751161216,0.015876727068780138,0.01827311604998586,0.018497322390235823,0.008431415479988828,0.016908476399084507,0.02225742451605921,0.02364673843515999,0.01839845382292097,-0.03388205782565735,0.017869168833588703,0.015696661673757852,-0.020539157745054666
2008-07,0.048610682092573035,0.0,-0.031579002230872164,0.08018777667353394,-0.03375686613132246,0.11808133316550268,0.01798053046931577,0.056833789043167875,0.021332112740757823,0.022814344873884354,-0.11496481236113555,0.0,0.13361351450536416,0.08270492009573059,0.12124598843286896,0.022549561354244418,0.06410394750061459,-0.016881485450428422,0.018513958221324605,-0.02119987643796616,-0.04545843432787694,-0.04077990427465321,0.08927954245545683,0.01189955611324976,-0.03043848664191432,-0.029244456615710887,-0.035877463192583524,0.01371545665287571,0.062066961049524284,-0.048825679256043475,-0.24966905000488376,0.24966905000488376,0.09896920834662196,-0.16552644607692246,0.07492382096415554,-0.24966905000488376,-0.034244700261016066,-0.03728699818773081,-0.0,0.01350678671138918,0.012029274823467946,0.01701302335993671,-0.0469890668540468,-0.03630854128910694,0.030199172921430577,0.016256221903080664,0.016081036018444714,0.018437920415473364,0.0165110330597326,0.00851564860170262,0.01679743212582251,0.022606894439223462,0.026336685904145674,0.017821457731068347,-0.03555914230108939,0.0179938072013516,0.01577693833918373,-0.020761149788709424
2008-08,0.04873112691860208,0.0,-0.03247599719047873,-0.0823567022197312,-0.03461804158183609,0.11843764768231564,0.01759937064034239,0.05718147946995981,-0.021633583600058428,0.02301345932987038,-0.11202664987911085,0.0,0.13898090700496982,0.08248764946906385,0.11292484237402557,0.022822428119363664,0.06450132038116689,-0.01642860137307349,0.01840197922801119,-0.021504736765381522,-0.04512747578620981,-0.041974658421440963,0.08753367150789779,0.01182550100160817,-0.03168211817733211,-0.02953371171180334,-0.0369929996788232,0.013808532961725895,0.06125232417355784,-0.05016039623037019,-0.2517162385308493,0.2517162385308493,0.1035086708415819,-0.15633312743215197,0.0781846678627011,-0.2517162385308493,-0.03494724690782932,-0.0378815289936521,-0.0,0.013023546441767859,0.012008252819788841,0.015777578464226984,-0.048315221042680434,-0.03650310731917449,0.030446720428819168,0.016387295805456725,0.01609501038270564,0.017742391745583175,0.016271296844075425,0.008262345692689039,0.015887066921441872,0.02075374949756303,0.024335273586042476,0.017311469782858337,-0.0354474207515749,0.017525945886989608,0.01564191702321356,-0.020242519054752182
2008-09,0.04382619959906187,0.0,-0.03302792026331872,-0.0664052373939457,-0.03518628666040943,0.12049810788657123,0.01820102935869847,-0.05690469374212092,-0.021917680009901058,-0.02190599792908508,0.11366546210962512,0.0,0.14224409331662374,0.0715378591929421,0.10978267305176122,-0.022768708894848656,0.06592485756074493,-0.017023769773740698,0.018876669527011062,-0.02183936546318894,-0.04469182349600055,-0.04271372059116722,0.08724374200499903,0.012078093051069093,-0.03227724479931267,-0.03026475173439969,-0.03741417704640912,0.013913023724907138,0.05887164687715131,-0.050975400606730094,-0.25596814831925696,0.25596814831925696,0.10543619365936335,-0.15799463855235157,0.08011042783088224,-0.25596814831925696,-0.0356420529129461,-0.03837030600364669,-0.0,0.01262363030645279,0.013836956966448344,0.016617058915539343,-0.0491765238954138,-0.037177910756534836,0.028823386382334584,0.015124487854414592,0.016092246946931472,0.0178949276675527,0.01706374381637388,0.009366135612360075,0.01628716639773624,0.01951742024683109,0.02359346575521631,0.018185391313484057,-0.03596942437903951,0.01801908122345499,-0.01609358916418569,-0.021099152816990593
2008-10,-0.041989532634533915,0.0,-0.03232052591496545,-0.06838267452297318,-0.0336903979450492,0.1204691674554205,0.017926565892684834,-0.05837193570701915,-0.020863404480339964,0.02232916543356898,0.11470908836477854,0.0,0.1498920453167596,0.07246698888478192,0.1125924039917678,-0.021471250236713847,0.06697254645819693,-0.016377099487411183,-0.018994008762805693,-0.0217974412425288,-0.03889237528872778,-0.03858361983530381,0.07789980963541555,0.012084010339164272,-0.028644750285586502,-0.030760314078669988,-0.0359402387920892,0.014193426587647988,0.06153655227356631,-0.046157545355541,-0.2608011889188066,0.2608011889188066,0.110424962669891,0.15663389061517294,0.08531678126733519,0.2608011889188066,-0.035119360685832254,-0.03741830656182195,-0.0,-0.011532646502117603,0.013915852564480698,0.016172839887242902,-0.047613147963408105,-0.037616676561089496,0.029762382610531327,-0.015215863971197256,-0.015671400885650964,0.01700377625558594,0.01619389176560549,-0.009691363015670319,0.01587736966268894,-0.016124216657096156,0.024042578528314453,0.016868865284516657,-0.03770672489071571,0.017805888860956885,-0.0158611488501301,-0.021697611522516626
2008-11,-0.03307713759983762,0.0,-0.027853754950290383,-0.05368161261711676,-0.029311475939928906,0.12016940230485726,0.0162616018217829,-0.045418764947163376,-0.018300445008995924,-0.02187234649655047,0.11383933950534124,0.0,0.14833541315090784,-0.05476497136427476,0.10983345783674547,-0.0185564448531736,0.059388907157868646,-0.016071946374086852,-0.0179342911853774,-0.02138526821347816,-0.03417519543107749,-0.027533284197029002,-0.046355683125873445,0.011569206948399401,-0.025029871568081962,-0.023706953037546104,-0.027169703714614333,-0.013663630152265542,-0.058518551708262714,-0.034283975267455156,0.25517468140531435,0.25517468140531435,0.1080073273724085,0.1437239860049804,0.08065817992663238,0.25517468140531435,-0.02951790661872819,-0.03341814840230973,-0.0,-0.011456132443340136,-0.012189127968122764,0.015058519639346665,-0.03724640388071263,-0.0363142853317412,-0.02439157358479689,-0.013946598077570371,-0.012776032838945519,-0.015027083333325284,0.01577454595960268,-0.009507841944667873,-0.013971287429660369,-0.01488803389310054,0.020272843473516343,-0.01608299814297285,-0.03539406042544767,-0.01472792911522734,-0.014625828222501082,-0.02022856022364614
2008-12,-0.03142161485073252,0.0,-0.02628813135418463,-0.04966694820021846,-0.027681050294405922,0.10241897732080527,0.015211558445519129,-0.04276251795378531,-0.017257231358993083,-0.020688515362026903,0.09149063382895348,0.0,0.10816265939397071,-0.05245179657191051,0.08594453711536255,-0.0176827657509538,0.05684824726436095,-0.01517205379258711,-0.01707416117362712,-0.020766257304043714,-0.032639011292058366,-0.025589075348562695,-0.04388311624461186,0.010916945785739632,-0.02315772200046742,-0.02325600120934442,-0.02470512918008697,-0.013169314621876498,-0.053374464504400844,-0.03199501638534564,0.2425922563628256,0.2425922563628256,0.07138663861236715,0.1294771559261934,0.04850860883264047,0.2425922563628256,-0.027919750165638465,-0.03090786481420234,-0.0,-0.011053386644043548,-0.011190834925541897,-0.013980370690997368,-0.03541274772539951,-0.03388091445253238,0.021999680308357795,-0.013357136880907549,-0.012117786928235503,-0.014407841767783019,-0.014836852332947268,-0.009037656855682334,-0.01315954258496009,-0.014109306222330064,0.01828361821953054,-0.015230876622144571,-0.03318920144625191,-0.01309955358318939,-0.013941173298154268,-0.01874948615770111
2009-01,-0.03096224085693575,0.0,-0.026998868982820758,-0.049419656158787705,-0.02853085816670199,0.08943541057845138,0.015058328949931666,-0.04372021497902112,-0.017689704741965163,-0.017232673454061754,0.09091204098562859,0.0,0.10824570425421144,-0.04602276072616475,0.07604040535393443,-0.018047672504806638,0.055396271155145074,-0.015320245597725584,-0.017880924041124693,-0.022062848255255816,-0.033336422174842686,-0.025795657039362017,-0.04402707848052201,0.011145576192523881,-0.023594033194499833,-0.024293710692907824,-0.024828388158081943,-0.014147403799149789,0.042023763469649665,-0.032655893597282264,0.24800827252959562,0.24800827252959562,0.070024323902845,0.12978320016476033,0.0453182887500816,0.24800827252959562,-0.028833876631640134,-0.0318112452542812,-0.0,-0.011295696085733936,-0.0113406249421163,-0.014144506652701906,-0.0362164862169788,-0.034287696395856236,0.02219944013651482,-0.01354074869561855,-0.012163236023826003,-0.014729735577852352,-0.014869804377325008,-0.009210027554830821,-0.013551064810931511,-0.014351144167149103,0.01770019075485477,-0.015454859485569164,-0.03397919668279948,-0.012658542137910494,-0.01417354849171832,-0.018902288178766546
2009-02,-0.029479905871783774,0.0,-0.026125022442021008,-0.050668670472993615,-0.028327614423423953,0.08748764222345652,0.015028236184612387,-0.043917884121786564,-0.017703302097051638,-0.017112922861059955,0.08923827359120536,0.0,0.10768301737116569,-0.04197342869868494,0.06921209531673256,-0.01789441988140218,0.05524873306877346,-0.015159899018346766,-0.018153692609710344,-0.02020095485267365,-0.03268826125378802,-0.02579807422345218,-0.04422951216976974,-0.011112327763228777,-0.023720248953071316,-0.023096321661885143,-0.024720582029669036,-0.015261704596835037,-0.03896049355222557,-0.03157598131922087,0.24745568483042196,0.24745568483042196,0.06826760885902591,0.129635544521316,0.04107105881403837,0.24745568483042196,-0.02806428056771225,-0.03164444998288252,-0.0,-0.011469296774505502,-0.011081718413467062,-0.01400732375819178,-0.034263963755864366,-0.03427318684087654,0.022646973379987403,-0.013508876203423203,-0.01222432810764449,-0.014674374444436833,0.014933764612038793,-0.009134114600248124,-0.013516952955048853,-0.01450439094658882,-0.015895465706587324,-0.015461315415389872,-0.03361672519934947,-0.012496525785122333,-0.014024499169866273,-0.019412079464675523
2009-03,-0.027548073908046308,0.0,-0.02324970374583053,-0.0473889629407059,-0.02567693412667823,0.08143666087037219,-0.013637654292653165,-0.040564525245799676,-0.015954799683883608,-0.016278584621103338,0.0815811673545301,0.0,0.1007244895634417,-0.03940073622257084,0.06343084640044093,-0.016672951451898097,0.04505656460143509,-0.01428645339223362,-0.016892753661497947,-0.018817815999821522,-0.02973550773538425,-0.02335529779526446,-0.04042198769160652,-0.010340380567783608,-0.02202373378706542,-0.02142422537874642,-0.022044963759850503,-0.014167745293246142,-0.03671270686212167,-0.027896156802021496,0.23108239946773415,0.23108239946773415,0.06362153589708955,0.12038493025648087,0.03814984070262294,0.23108239946773415,-0.02488212405844237,-0.028265767100713744,-0.0,-0.010710820641767193,-0.010708802005643525,-0.01299681794235781,-0.02966961394766182,-0.031918441736579616,-0.021226596477473006,-0.012609643852651571,-0.011399723716220934,-0.013659412981057507,-0.013662513934440582,-0.008890131695863555,-0.012532512036340265,-0.013394689528576973,-0.014766913310141338,-0.014126284882365624,-0.031666636966075225,-0.011729810943946817,-0.012992981231159844,-0.018113294698463313
2009-04,-0.029786412196961657,0.0,-0.02541444492408907,-0.05292914256538334,-0.02869518299832242,0.09026395359799849,0.015132960389536512,-0.045648355643327705,-0.01755280441094496,-0.018106107282751437,0.09339206416218293,0.0,0.11197347449662111,-0.04307138213113809,0.06933424866790207,-0.01843354924938655,-0.05056077899666689,-0.016060280329125168,-0.018906767749416912,-0.020100511075799483,-0.033214758221065704,-0.025005188992352552,-0.0419364024267176,-0.011616445030514467,-0.023383170800419198,-0.022800737286555812,-0.023910260904487238,-0.01583703826709762,-0.040791808589434264,-0.029385675397992136,0.25809486277034177,0.25809486277034177,0.070210273297593,0.1369816948413287,0.042352385714824,0.25809486277034177,-0.02730148585021058,-0.03141714887191499,-0.0,-0.012051353981311736,-0.012340349921083727,-0.014224206502758952,-0.03140417954598863,-0.03660404724004943,0.02364825513674238,-0.014611020353262028,-0.012440586207156063,-0.015200700339522774,0.015120240513907294,-0.009935307758690023,-0.014065308437229009,-0.014939528996639534,-0.016481211501787597,-0.015663831568091372,-0.037186665650023626,-0.013032884821278123,-0.014667982286908677,-0.020428937364561223
2009-05,-0.02809324929328057,0.0,-0.02138307181293523,-0.050959390646571005,-0.02422164262910359,0.08290617676068493,-0.013959200259281995,-0.042058465963579456,-0.015684313287272194,-0.015804815394758937,0.08759156244625069,0.0,0.10263891830186912,-0.041031318098568116,0.0646823706598725,-0.016609665888281486,0.048092555977484054,-0.0149707182478777,-0.01772491059919051,-0.019392178178693778,-0.029445887511107403,-0.021395543988475516,-0.03897144075016125,-0.01089103681206189,-0.02066035199637431,-0.020937239717854397,-0.02038641684524688,-0.014534583434543996,-0.03910567701834197,-0.02600536997194363,0.2419945031955552,0.2419945031955552,0.0642089596733577,0.12879847397805214,0.03840547427448873,0.2419945031955552,-0.022662780406942674,-0.026811510935420176,-0.0,-0.011480445178142874,-0.011748550486175641,-0.013320357905076725,-0.02834728413997576,-0.03359145799757116,0.02295338788457792,-0.01421558620112358,-0.012888083786726165,-0.014366839483207267,0.01387711625341772,-0.009292578527572475,-0.013266755458126861,-0.014139396491876134,-0.015456166927486649,-0.01445986652859007,-0.03479250159071476,-0.012303862370192528,-0.013747468197891142,-0.018799788793530715
2009-06,-0.02767215982042541,0.0,-0.022040153555802782,-0.046293695368284614,-0.024485961350241555,0.08279575030175358,0.014338361682670974,-0.039483567830849796,-0.016101003943752776,-0.016277639571428432,0.08726599561127771,0.0,0.10545875489305327,-0.04048401539303412,0.06590343336414521,-0.01619327236496013,0.04866982054288119,-0.015028541146393994,-0.01729070335578625,-0.0197587407218587,-0.030220087105857767,-0.022125189548747985,-0.03895302376198452,-0.011101698964298258,-0.021589642120516735,-0.02134884803169573,-0.021112522911412947,0.015023652943925126,-0.03870319955906797,-0.026367505500469852,0.24991525558685054,0.24991525558685054,0.06522707157782887,0.1310498644532665,0.039212128340912235,0.24991525558685054,-0.022943655584271916,-0.02658847169515627,-0.0,-0.011806297120096919,-0.01111424960081807,-0.0136540609028554,-0.02882870706859833,-0.03527619812480233,0.023063565813042183,0.013508960154334839,-0.013493147719943569,-0.014774688231220023,0.01398408390617142,-0.009482726584865242,-0.012810471063542984,-0.014573694978229988,-0.015966668647476614,-0.014738496685967498,-0.038832048810383414,-0.011659302670574547,-0.013735290268310968,-0.019463534638617608
2009-07,-0.026488292698688656,0.0,-0.021013648161603355,-0.04400000905213688,-0.023373690413080718,0.07951458067480256,-0.013798781405171474,-0.036517950906008574,-0.015306082761540073,-0.015250538129025396,0.08301077638055704,0.0,0.10024120138362815,-0.03869932767113556,0.06319062332438878,-0.015493682680706986,0.04677377226882959,-0.01404892792893418,-0.015900204347110744,-0.01884722597116318,-0.02888156363254201,-0.021142845932126366,-0.03722866316190671,-0.01025807851390794,-0.020580448193361536,-0.020296185460098783,-0.0201608943274271,0.014260485022976326,-0.036906176992995754,-0.02520644598167445,0.23899310425448675,0.23899310425448675,0.062190542778913616,0.12563651898504788,0.03749829615126902,0.23899310425448675,-0.021936416338831356,-0.025416524403682455,-0.0,-0.011315471242057297,-0.010663007582786746,-0.012465787457946392,-0.027572534920603537,-0.034776640418081366,0.022025055292096626,-0.012919472691989507,-0.012913061741996431,-0.0139015826806229,0.013362572668395337,-0.009079508509340998,-0.012053305057406864,-0.013937425220556104,-0.015266123093069142,-0.014084665385896701,-0.0386303743330675,-0.011132977887963993,-0.01253924021332453,-0.01920102101077302
2009-08,-0.027220882134133123,0.0,-0.020798316301449286,-0.045226724608169115,-0.02314457607062635,0.08269871471141087,0.014055370974277495,-0.03562178982228805,-0.01569790298239542,-0.015671670800124108,0.08564441079211145,0.0,0.1032434439769367,-0.03978326780578736,0.0649717394628195,-0.015698731732300634,0.04806386988845271,-0.013872640583128695,-0.016232561059923396,-0.019543883450837286,-0.02834460274105124,-0.02120926311172319,-0.0388590369369739,-0.010527864312454761,-0.020836934302101016,-0.020721407641591073,-0.020163118050575215,0.014768462481900096,-0.03796520297999837,-0.02513673018141619,0.24597098908796172,0.24597098908796172,0.06404697552797603,0.12935157183775967,0.038637003061245574,0.24597098908796172,-0.02178165642833356,-0.025065917334641082,-0.0,-0.011613310308194272,-0.010935816225649365,-0.012814278947971389,-0.027061013278054828,-0.035791581532498534,0.02267095289461076,-0.013310199161764173,-0.01295922184797272,-0.014306216368001405,0.013792123544670281,-0.010096665135834496,-0.012235028716791127,-0.014334416134322021,-0.015414309226499714,-0.0145355041334147,-0.039741386415035704,-0.01145750807992035,-0.012895727726810951,-0.01976465081976998
2009-09,0.03284096821681872,0.0,-0.02509772355050361,-0.05448691657640945,-0.02742037046310457,0.10032800294646349,0.01691235886255901,-0.04306817149919892,-0.01893643488505162,-0.01888899081909971,0.10389015878677348,0.0,0.12432037227423873,0.04799232838079374,0.0774497874715077,0.018888602129140033,0.0587011563179128,-0.01686293961308166,-0.019521677390705226,-0.023957949496280398,-0.033008027370927555,-0.02541420934457379,-0.04688109616070071,-0.012515238330660648,-0.0252534728771408,-0.025182856711572974,-0.024304172031487103,0.016557140255634845,0.045807372113804014,-0.030163949122808054,0.29670985028678293,0.29670985028678293,0.07728033098729642,0.15624386488661648,0.046690855686101665,0.29670985028678293,-0.026089165969066103,-0.029887363345890393,-0.0,0.01395190541696942,-0.01356541744556109,-0.01544658644043533,-0.03237686933225845,-0.04280166365492091,0.027419372209320423,0.016290761468625747,-0.015539194567794347,-0.017384132496577415,0.01671957586093459,-0.012194672361229132,-0.014704403546475748,-0.017280174155950987,-0.01881897991631591,-0.017748370632161156,-0.04957815229941667,-0.013868722081343453,-0.01534644404754169,-0.02422401330341722
2009-10,0.035880532313769725,0.0,-0.027436334047881098,-0.05981102407212943,0.02990357541686739,0.11014649624196036,0.01829553856208224,-0.04705038796462137,-0.02085694210387965,-0.020726423984753006,0.11398720819761582,0.0,0.1363002305240878,0.05260350104089683,0.08498420335339159,0.02060175654386504,0.06381062785584027,-0.01854974812886484,-0.021325310546746037,-0.027224527676271558,0.03584300724568306,0.027603414700524454,-0.0514082763515666,-0.013615316230411902,0.027576184188791503,-0.02761490586240691,-0.026367326919063367,0.01828910978741284,0.05033267642682451,-0.03292961537619976,0.3254746679489815,0.3254746679489815,0.0847351046650135,0.17133992819765406,0.051204146541693606,0.3254746679489815,0.02851023516100128,-0.032589742069339386,-0.0,0.015427799457559094,-0.015174809989415932,-0.01697385722632746,-0.03551134506754124,-0.04704512927363843,0.03022689374221446,0.017960479280687242,0.01704566244476813,-0.019139446347329142,0.018239998901440933,-0.013066598452424732,-0.016230128080778058,0.019157325900843576,-0.020840934356591106,0.01934668438374429,-0.05439257743797012,-0.015381623669896564,-0.01676619232410276,-0.026195151516671424
2009-11,0.03603107477588122,0.0,0.027405402091330848,0.059423260372830355,0.029760866647385035,0.10983050112171185,0.01828202944816483,0.04700658201733852,0.02063712242869283,-0.020697406247868994,0.11409455644410611,0.0,0.13647008637028604,0.05260795100711012,0.08499367582046911,0.020617840907303675,0.06371560863080733,0.017952229442230523,0.0211830210484413,-0.025822515676103348,0.035974826571519264,0.027579790150310854,0.05127748719751262,-0.013624236378352464,0.027654805321700796,0.027682835840795394,0.02632470764596596,0.01800936793297206,0.0503229995003395,0.03308737553170819,0.32550537489785314,0.32550537489785314,0.08475964023688445,0.17166282556826548,0.051098267550434305,0.32550537489785314,0.02842625431270742,0.032822621530885984,0.0,0.015345713930077843,0.01514180024203711,-0.01795385200396702,0.03575003485902218,-0.04827880221557992,0.030207144468269175,0.01799581685327538,0.017023657778869158,0.019347733546090536,0.018716055438502983,-0.013199932155083994,-0.016410433447394228,0.01927082772602563,-0.020643146859021286,0.019853084021325025,-0.05445923655678662,-0.015375604540023551,-0.016802312355773452,-0.024868914540898967
2009-12,0.03445721628763899,0.0,0.026003180970645988,0.057737076082519614,0.028338642447224713,0.10127947847290855,0.01742295955358743,0.04494459487547022,0.019687716137092606,-0.019828164170107743,0.10836924645233174,0.0,0.12902291484762254,0.05076023482679071,0.08103126826896662,0.019733373179667564,0.05957488263943314,0.01715328390709012,0.020682719503994727,-0.02243393575084482,0.03408385026895839,0.02628939122532078,0.048849462835004624,0.012951772159303569,0.02620693845772431,0.026203953956821145,0.025124120265786826,0.017306332765553257,0.048465465769767575,0.031089442263074002,0.31120667302679794,0.31120667302679794,0.08044457161868396,0.16231239578110176,0.04865897604715389,0.31120667302679794,0.02704980310816405,0.03125228283846964,0.0,0.014466889097916043,0.014630629003153175,0.017604433151489487,0.03329283484013772,-0.04605773076265634,0.027691861351831243,0.017186855882714007,0.016264066124321665,0.01842040764186034,0.01779111288562465,-0.012776533395468137,0.015874650288623112,0.0183425375297653,0.019699741105839913,0.018903202391494064,-0.051982263995752356,-0.01472938708448712,-0.015678976800550543,-0.023636179365441327
2010-01,0.036431539195271666,0.0,0.027442723473510892,0.06102509108625817,0.02957075578649365,-0.10383983416919602,0.018476441108804472,0.04783055074595324,0.020950533160084446,-0.020851153945434374,0.11625510599034616,0.0,-0.1306926959072456,0.05251317686954573,-0.08348139834239654,0.020970347906481522,-0.05897321362306976,0.0180683418869034,0.021862250646897768,-0.022958705465232928,0.03588785752852244,0.027493898102760782,0.05192941337853776,-0.01364787841529971,0.027587865589721518,0.026218059265627446,0.026074681517419755,0.017664450462102296,0.051138697301415265,0.03288300851987837,0.3296914753003808,0.3296914753003808,-0.08201279869140804,0.17475906339108363,-0.04990227659826673,0.3296914753003808,0.028397276939213602,0.03251188902226261,0.0,0.015163848711340026,0.015583268657726338,-0.018650543627311403,0.03531463843307379,-0.04841657038645715,0.028727331271835042,0.018174884355642375,0.017427750063869218,0.01952300977486344,0.01885763463179634,-0.01389340756315889,0.01678489173460821,0.019492467597472956,-0.020771491884367974,0.02000380177989152,-0.05657241293918604,0.015633556068413802,-0.01652657578476031,-0.025104514800436448
2010-02,0.03658771865640049,0.0,0.027318272330938885,0.061253264516764695,0.029498656087856505,0.10256687460101278,0.018497408217959536,0.0477946323409419,0.020821897888065946,-0.02099932925016473,0.11567864888553743,0.0,0.1305049588053505,0.052135043263278336,0.08458041503944197,0.02078683370509291,-0.05908590422307239,0.018086366848695783,0.022077675181604847,0.02286853663843684,0.035769291864255974,0.02760972096953021,0.052232406004271585,-0.013633182651992098,0.0273531709951321,0.026257052415402694,0.02611463607694879,0.017815015662334253,0.05123290788370904,0.032911912369202406,0.33083777778043993,0.33083777778043993,0.08195527157273175,0.1728866607859724,-0.04988068293414942,0.33083777778043993,0.028103509797722633,0.032476454083598644,0.0,0.015216788833366787,0.015621065336380632,-0.01832717688733743,0.035325151043157886,0.04823969442938206,0.028766654514896867,0.01822258573218893,0.017524311096388058,0.019193990816024475,0.01854610703333514,-0.014552444987007099,-0.016377812292023904,0.01957024312215414,0.02079559711691358,0.0194713196781533,-0.056961374009854855,0.015637072777558134,-0.016398150023274747,-0.025364814381711558
2010-03,0.034445066041285013,0.0,0.025716819654381867,0.05626712675742315,0.027781495014409234,0.09680664089139533,0.0171552737561062,0.044917502599268286,0.018431199450312876,-0.019719349142590395,0.1092159801308969,0.0,0.12328225343079814,0.048954428497347074,0.07986674275492443,0.019604769087785072,0.055632103288708414,0.017340012006525258,0.020787335428334525,0.0214008428025918,0.033413847184458854,0.025766516370584906,0.04892062593928017,-0.012833916315194368,0.025634164533718796,0.02473360928869061,0.024427839480833966,0.015991728403780055,0.048217535131301045,0.030841321769776213,0.3114491462476692,0.3114491462476692,0.07741104256927922,0.1624865240612276,-0.04717237987011082,0.3114491462476692,0.026507366107244024,0.03059931927891062,0.0,0.014312535929052034,0.014835545088049214,0.017225129460087727,0.03318373852114256,0.046940102547686,0.0270568998816209,0.017174437447253284,0.016471821337301427,0.017919372014381842,0.017567389495760918,-0.013697144054224088,0.015415142218663662,0.018496826312340255,0.019461728357548787,0.018405465095133747,-0.054473690386972126,0.014644164209748062,-0.015365663925515173,-0.023497401302451128
2010-04,0.03680018577893782,0.0,0.026728890844685757,0.06013739423565587,0.02912496362421387,-0.10242712735600214,0.01863683795401243,0.04755819711718684,0.019668275309759505,-0.021515764151139025,0.11726671604440358,0.0,0.13021498655656358,0.052256069298502475,-0.08596596807283728,0.02090870014784243,0.05709926024929601,0.01851473594294183,0.022385399364439604,0.022684959222650652,0.035128362454889,0.027111070628842097,0.05150100403360095,-0.01366166322575506,0.026950101596181435,0.025505720491280352,0.025608771764254412,0.015591737667129731,0.0513692593830507,0.032384018094052336,0.33261887192063794,0.33261887192063794,-0.08231801277880278,0.1746956392221553,-0.05040894052454983,0.33261887192063794,0.02780651038351771,0.03211166730727434,0.0,0.015164869397179101,0.015960362899962506,-0.01855002134624478,0.03492098142861716,0.048445323147407925,0.028939066248099464,0.01837408845206896,0.01786496687782345,0.019164938696498126,0.01898729511688661,-0.01437563453116393,-0.016461487482894326,0.019672364065847634,-0.02040249538446951,0.019684648464250432,0.0561518372763053,0.015625221257764377,-0.016294992103625266,-0.025055879234570817
2010-05,0.03644438390997245,0.0,0.026745253026682736,0.059705933976750086,0.029098113386998685,0.10137369813522694,0.01859771548074937,0.04751909097627476,0.01977929885695892,-0.022393879243485532,0.11608696547151061,0.0,0.12875025200060589,0.05173590710255331,0.0850678090456089,0.02066353313837013,0.05676023563931241,0.018662440422240235,0.022231652018060814,0.022341694240125685,0.03476936767202305,0.02670771294020252,0.05092887304555387,-0.013517823484624159,0.026767959281165505,0.025214939862143022,0.025108055852123033,0.015360229111828614,0.050454578552787975,0.03221025449760583,0.3287157062445517,0.3287157062445517,0.08123546320457847,0.17303492559844674,0.049606256005594734,0.3287157062445517,0.027617723571925008,0.0318701744763938,0.0,0.014734412991174907,0.015959404967817715,-0.018266055185197614,0.03499928832420962,0.047874075266848407,0.028421105890303323,0.018101058275405285,0.01788372615958236,0.0189498751370118,0.018890270470026067,-0.014214529394778318,-0.01627823968549345,0.019389873429066205,-0.020172502540475052,0.019513198359826577,0.055284616602176304,0.015465815633906217,-0.016152783867921506,0.024568572373839574
2010-06,0.03555520711576968,0.0,0.027488488374140575,-0.058923870390132645,0.02954521205318367,0.10491580222723615,0.018641726775268232,0.04822083700202123,0.02002191587788346,-0.02341845688253968,0.1156187151206422,0.0,0.13333164206756723,-0.049835062757403494,0.08528290753491265,0.02085437838716779,0.05758635667807406,0.01893020522055723,-0.022683290824837186,-0.021608129613915984,0.0348881689976738,0.02687956761209789,0.050858406208625126,-0.013654093703046712,0.02678746439137199,0.025059267743748653,0.025225942656119223,-0.015525385954460949,-0.0489210213568625,0.03213705361533363,0.33351058838005515,0.33351058838005515,0.08307277644931976,0.17595881442401953,0.05036659417554449,0.33351058838005515,0.028158893008943205,0.03248748944498503,0.0,0.01454445000776221,0.0157870902071026,-0.018618370919484217,0.03500136900006609,0.04710906642219427,0.029055721797461905,0.018361096078176938,0.01806226616351375,-0.019277450315140953,-0.01909304728000694,-0.014246518985906323,-0.016466098270418675,0.019257589966019884,-0.02026624150355052,-0.01980898773708729,0.0555925425407265,-0.015271214285986613,-0.016313588162619096,0.024892380571204197
2010-07,0.0356909743883399,0.0,0.02755065131300808,-0.058200056343119796,0.029601508061259506,0.10450296334439786,0.018773520660352164,0.04825821727454515,0.020651471522449845,-0.023401957982871677,0.11706854641554201,0.0,0.1337935578069431,-0.049929514908251905,0.08600651559482293,0.020962785361770323,0.0578479252014665,0.019265402752765483,0.02084339701098514,-0.021379684305412205,0.03459558454466449,0.02667606697670628,0.05094763146384524,-0.013873397037224471,0.026572203988175277,-0.02510715476455584,0.02496277792194578,0.015290211653623143,0.04694274359586852,0.031961737028512675,0.3341079030278918,0.3341079030278918,0.08317048785933724,0.1775579259081141,0.0501323193312482,0.3341079030278918,0.028194069930760464,0.032458194885551066,0.0,0.014544361985795779,0.015824964325008965,-0.0190724487638025,0.034957712311397944,0.046286366179480995,0.029265709545585876,0.01861933388872447,0.018028568344877826,-0.019297582673709936,-0.01914987859937662,-0.014344353608474322,0.015000295665670635,0.019284462756579936,-0.019496654847572924,-0.01989076034883677,-0.05545558630237515,-0.01543190889927989,-0.01665932570018376,0.024894859031153804
2010-08,0.035063001628114494,0.0,0.02771017067378886,-0.05654767643269076,0.029457949241345677,0.104947806321837,0.01895413002858012,0.0480493770797939,0.02073531723339267,-0.02339930768653807,0.11778795605714319,0.0,0.13452824932470395,-0.048205968421027735,0.0867105828852737,0.021112210865315645,0.05838556302418927,0.019400698322656045,0.020832573855493097,-0.021473460483354537,0.03401683399856766,0.02657892922752142,0.051020386043370676,0.012973386763025488,0.026332298265015423,-0.025261622706712634,0.025051344201368727,0.01486521339343793,0.046818480726752494,0.03148044612990602,0.335675784542769,0.335675784542769,0.08370323922161366,0.17614780929578164,0.0504590356511058,0.335675784542769,0.027714343042686447,0.031999279437205326,0.0,0.014470202415002726,0.015897641595616293,0.019036996028894762,0.03418862478024663,0.04778768415205455,0.02894471972086372,0.018664583549749245,0.017857254042628695,0.019185891901017174,0.019244017705793086,-0.014345812409061198,0.014989096596615913,0.019367567029761498,-0.019361880156839293,0.019672475169567084,0.05643419580808203,-0.015646371222500902,0.014640786926206482,0.025512197491881786
2010-09,0.03572282302650385,-0.0,0.027873299580217017,-0.05679423963613837,0.029600401813832646,0.10342266608656583,-0.01884270971680747,0.04791907948695754,0.020721483138242926,0.024272260254656983,0.10959973946520708,0.0,0.135776756945574,-0.048227366555466486,0.08451991659009367,0.02128390611567549,0.05870179311906856,0.01990962554980942,0.021022267269842056,-0.021656904918997612,0.03428386037387294,0.026628156567564582,0.050604571396778035,0.01314975859925268,0.026405879820431095,-0.02523970083656362,0.02497627395560687,-0.01509957659451644,0.047096180523971076,0.03158372118771029,0.33834018428544826,0.33834018428544826,0.0841748209133842,0.17139983244261037,0.049608502698598435,0.33834018428544826,-0.027850134267048784,0.0322908811253148,0.0,0.014722284762197892,-0.01589169736862198,0.019018378993222913,0.03430034357679553,0.048202991052561046,0.029049383612852635,0.018909415921500028,0.01812582015419854,0.0193944564002324,0.019534037633194862,-0.01415305473845235,0.015150419609381124,0.01950019184332388,-0.01948916034175918,0.019835239718577174,0.05620668462955427,-0.015690573150053976,0.0153326360860224,0.026213586978271728
2010-10,0.035752414156436506,-0.0,0.02775051470168604,-0.05666070314783574,0.029226482530582108,0.10373542127873013,-0.019189207924087796,0.04902400247541808,0.019920811222911984,0.024439195968053006,0.10917461073618215,0.0,0.1363699384980186,-0.046830861639757373,0.08452862802008708,0.02164206775919929,0.05893303521926941,0.019809442726342347,0.02147598868016018,-0.021071207316125554,0.03378982340579049,0.025889256234525156,0.049321216854708944,0.013797392684903438,0.02552639330330622,-0.024913984425430538,0.024184551720970733,0.014548718743844372,0.047262984273748004,0.030835961881910578,0.3396429360039003,0.3396429360039003,0.08452699842464209,0.17035581783771542,0.04969701960356071,0.3396429360039003,0.027727508891213684,0.0323857777338288,0.0,0.01461754655455945,0.015838353068266427,0.01889283533102299,0.033697062259579656,0.04817731345929303,0.029723585461561043,0.01907145418372752,0.018156368993462443,0.01921175344966356,0.020075739977639773,-0.014560925129210079,0.014738954329995063,0.01960702185472847,-0.01932554396664848,0.020077351796421897,0.05641090743152531,0.01582825558411381,0.016116743959325327,0.026645535176572428
2010-11,0.0361252794512323,0.0,0.02746984085286372,-0.0566717241609979,0.029166801980718592,0.10371044992979118,-0.0192832744530153,0.050202771206525554,0.01866415022751013,-0.025137530679482028,0.1071291196087439,0.0,0.13663282057502796,-0.04683799164647458,0.08420128429507578,0.022517546676578473,0.05869801465370371,0.020068045914910845,0.02126233671643104,-0.02028099629981148,0.03392925740562357,0.02587120142834508,0.04945183461062693,0.013864445151045944,0.02557125243535706,-0.024958298240461536,0.024150107251871198,0.014071237885153128,0.04728432708362625,0.030696493987764566,0.3400170643231681,0.3400170643231681,0.08454182516891165,0.16876778716371577,0.04938071610916168,0.3400170643231681,0.027669828455673225,0.032358129576485005,0.0,0.014520094135373527,0.016149708410917764,0.018226267656148577,0.03355075406801315,0.04986064804270569,0.02990891575870832,0.018805802961682005,0.018228643961828987,0.019098883941034813,0.019925739959409106,-0.014865578287157165,0.014684939843950069,0.0196367778829402,-0.01879811889243332,0.019839983383235775,0.057609638493432244,-0.01634152272471498,0.016298982008581257,-0.02697108533551186
2010-12,0.0366757945277397,-0.0,0.02748566267642641,-0.0563820595883362,0.02903545690131002,0.10241600188238309,-0.019278501172677584,0.05160106935287223,0.018837260514823644,-0.025976003104368036,0.10588836548461383,0.0,0.13971068424127578,-0.04547173430343025,0.08424798227773565,0.022777652274532892,0.05762732933816447,0.01999552965502499,0.021244840033285736,-0.020067427253291293,0.034129261311051574,0.0260289346325199,0.04961308541577793,0.014005882873852031,0.025903567180959538,0.02461824107763589,0.02440621832346772,0.014033317222124817,0.04721543901983586,0.030887705578213312,0.34010632914624894,0.34010632914624894,0.0856279755389707,0.16944068490161085,0.04966549047525131,0.34010632914624894,-0.02744820705054735,0.03246007950678594,0.0,0.014578134453719659,0.016100502538801405,0.018046190247278805,0.03371874806272493,0.047033517962400434,0.030020856625110583,0.01850543058344947,0.01847767583584481,0.019231759969441174,0.019931869894442678,-0.015024863138719164,0.014654112541772287,0.019616314580239946,-0.018784821871327444,0.019891736702256076,0.056363775052395204,-0.01634053887255915,0.01629498514270708,-0.026861733795165866
2011-01,0.03627812442611905,-0.0,0.02763537073359636,-0.057318877626025444,0.02890842339217088,0.10324270045231033,-0.01929200426534843,0.05147347782373121,0.01794849505530642,0.026385255502850882,0.10607455310408144,0.0,0.13573953826687446,-0.04549513592070903,0.08421544653581749,0.022992423814142352,0.057928330371386484,0.019690917239967767,0.02032805600336814,0.018596924846008858,0.03366526426435211,0.025971982962310312,0.049915600350387924,0.013967452365371629,0.02596628755763685,-0.024740283391719246,0.024268503132018525,0.014005294900667719,0.04582232647844034,0.03059891801752046,0.34250839081459167,0.34250839081459167,0.08343492908283727,0.17136729809247997,0.049141549529146525,0.34250839081459167,-0.02735071897461943,0.03236116035253878,0.0,0.014550837368313994,0.01617603138460791,0.01803352226825363,0.03355539242918119,0.047288285295945164,0.03043819317033317,0.018532654916703598,0.01817293638521026,0.019016521134684095,0.020282673096272127,-0.01506762132251458,0.014669023376928061,0.01973621996835811,-0.018981050585731137,0.019951822507492372,0.05642670745875528,0.01646523722776619,0.016004861431778396,0.027003611395533637
2011-02,0.029972258852373816,0.0,0.024413206787659077,0.04693413789068092,0.02508967897055479,0.08495981936637337,0.01617957882782205,0.04273526230692893,0.01453972083860973,0.018813272032651294,0.08901431502319193,0.0,0.11565043786590447,-0.037632960228590674,0.06889528322934133,0.020161895282577776,0.048669776225415046,0.01635675052234754,0.016847372765286944,-0.015765611860965707,0.02891214898773947,0.02180720885251413,0.04129511008321434,0.012381334324388673,0.022420771419300326,0.020963734506901373,0.020391787415686605,0.011712702836110051,0.03843954240912822,0.0256919471127051,0.2838725804603604,0.2838725804603604,0.07017963861271599,0.1408922619051141,0.040780853054390505,0.2838725804603604,0.0234895958074509,0.02835764971902791,0.0,0.012061349457019562,0.013464557658028049,0.015075821150649283,0.028054960240348235,0.03892071495775674,0.025381328086705467,0.015389722701718086,0.01514972783785681,0.015893052687613603,0.016810806075697654,-0.012638899444233298,0.012209253478919874,0.016782394347861967,0.01567960554071711,0.01656775327870184,0.04786634536108293,0.013655126028072524,0.0132469735912508,0.022003594389176134
2011-03,0.02985777626043957,0.0,0.024263985343528537,0.04635882186591601,0.024861373784946152,0.08519605925879337,0.01654108624355356,0.04218950083816219,0.014623283651288678,0.018783218125352327,0.08828653506874092,0.0,0.11548152196402067,0.03745338313998898,0.06838654827067824,0.02004032856515902,0.04840353255671945,0.016282177610994538,0.017315423466220548,-0.01561896232753666,0.02863760197813624,0.021596780340417954,0.04100061858978807,0.01436753479855934,0.022453653653460318,0.020719878172874948,0.020229402168694437,0.011703441797054166,0.03840167662539618,0.025512230203932073,0.28157372151074317,0.28157372151074317,0.06972418481736731,0.14019436464477464,0.04043502479056743,0.28157372151074317,0.02336464185796653,0.028144181592494405,0.0,0.014112729223785528,0.013301167592582845,0.014923156989617485,0.02780940810714901,0.038596503521746525,0.02513307258952419,0.015040813462208657,0.015484168530642578,0.017129128634085028,0.0166980474410529,-0.012976743279955549,0.013085269892863939,0.018534469130257743,-0.015930012658102594,0.01720354314054409,0.04747665871607811,0.013743502473719294,0.013428708983126196,-0.022158329479057978
2011-04,0.029184571535724332,-0.0,0.023633237758815935,0.04520969496443259,0.024219742864165995,0.0835556304681831,0.015813043992906905,0.04200336156736859,0.014808411147194995,0.018116703223874504,0.08560961868980413,0.0,0.11260500622487475,0.03677220101191575,0.06676778924853766,0.01978943892511982,0.04769787002363441,0.016381828863135453,0.018846860805613846,-0.015337719357984248,0.02802341823317943,0.021088374290123883,0.03989863766406607,0.01522871988101632,0.021901347222196454,-0.020038721929862353,0.019729059224490232,0.01176615196792103,0.03810042242167245,0.024902777713430538,0.2747607631101369,0.2747607631101369,0.06818436579362173,0.13729349714392597,0.03944878288423642,-0.2747607631101369,0.022745421269686088,0.027536786965041585,0.0,0.01462585997830007,0.01293455606211402,0.014518857724197682,0.027139792584460427,0.03997174811102512,0.024960421384190884,0.014936019237248417,0.015064374343329015,0.018351614768624767,0.01708759745101098,-0.012661225133323819,0.012982675698789987,0.018216680247700425,0.015901803583732128,0.01838508774571811,0.04504749259379685,0.013278657272187138,0.013290725429654097,0.021821800503066247
2011-05,0.029088703141615976,-0.0,0.023657934008661438,0.04451167432368185,0.02461519010824248,0.08455016580697855,0.016234036092137055,0.042246399795707455,0.014493217656259728,0.018348898888871867,0.08707991911043124,0.0,0.1172696366883216,0.03640642785113394,0.06867963283490476,0.020848606991241678,0.0492042140312326,0.016681231008779544,0.018561197808688375,-0.014706608390354883,0.028654631512335525,0.021424154045615897,0.03981110279717893,0.015377467338035201,0.022259502591984958,-0.02060659189053319,0.0198673654087842,0.011691922817306827,0.03788281169711311,0.025152206823420137,0.2763003040196468,0.2763003040196468,0.0700441933216269,0.14164264298480111,0.03975524654679096,-0.2763003040196468,0.022967347478931616,0.028191386306386082,0.0,0.014827175315534118,0.0130300173540444,0.014540079760837146,0.02732582675152547,0.03974983126191689,0.025242423868115947,0.014039925724506606,0.015118993419451776,0.01896804604651395,0.017130416714108455,-0.012750740326157813,0.013033398018587853,0.01834452711926292,0.01615698006795581,0.018680742438980363,0.04578075501933742,0.013527172715032542,0.013629145964636612,-0.02205541382267401
2011-06,0.02669926163506157,0.0,0.021782386921974917,0.04099445551741414,0.022748817422584305,0.07841841351173753,0.014734909244640692,0.03875350125161859,0.013525285583453166,0.016715094894684136,0.08204494808892789,0.0,0.10950921066806868,0.033369290971137534,0.06438368106286807,0.019351951872836563,0.045638874868407626,0.015521538182000997,0.01657457202252368,-0.01356158733738135,0.026422246909340724,0.01982953716436133,0.03680491507314103,0.01434674850349553,0.020654582125937425,0.019059885940478118,0.018343245983727174,0.011046144020614166,0.034985602301575415,0.023188426331446407,0.25483697679109596,0.25483697679109596,0.06498469523703534,-0.1371821652439371,0.03670430643006862,-0.25483697679109596,0.021149620810983778,0.026001644479507664,0.0,0.013652197449600969,0.012226537855514844,0.013415861216091172,0.025194781890256833,0.03607869377029214,0.023212039831007263,0.012174916713170917,0.014070605338104688,0.017597212136255695,0.01576636816468783,-0.011890702157524259,0.011897101621521732,0.016959935856670508,0.015182675800964484,0.017236257281117977,0.04071247906543545,0.012634139439659877,0.01259092237337749,-0.020647542764852214
2011-07,0.025642353349220996,0.0,0.02167568947638483,0.039287552395879215,0.022934206078833796,0.07529596220514446,0.014636903814963284,0.03743308757181093,0.012731885567315117,0.01626791238939077,-0.07991683198011386,0.0,0.10497755913489402,0.03208219697769448,0.062474124121294626,0.018935183193957542,0.043942795498808314,0.01505497606558743,0.01626852333783369,-0.01300897783993733,0.026019653759400147,0.019324837274021834,0.03532219847162118,0.01303033639333543,0.02043756546538561,0.018433340499200288,0.01786479179983127,0.010628656737598456,0.03365121012553864,0.022900426930641437,0.24475837742798406,0.24475837742798406,0.062384261725859154,-0.1385593460827901,0.03516779752680218,-0.24475837742798406,0.021143103120928278,0.0258725295045873,0.0,0.013102707857751777,0.011765472655479,0.01335633790664717,0.025429260820157763,0.031760354707054246,0.022235412475533293,0.01153658528762642,0.013597289373494146,0.017027353182852183,0.016857256797170792,-0.011801162457751603,0.01161616478208964,0.016202212348172252,0.014489092233221543,0.01738380445804577,0.03788650810040525,0.012278385056160086,0.011594041884600193,-0.020058492695932073
2011-08,0.030530523478702703,-0.0,0.02566699374897409,0.04638557957428547,0.026712351019617452,0.0878019592967636,-0.01762032872605372,0.04456002470280136,0.01480169338438775,0.018859723865606564,0.09094442894254046,0.0,0.12325345268835784,0.038190783187500216,0.07295737300312456,0.022567500618771608,0.05193356722091306,0.01845281448163228,0.019306199395298766,-0.01548371487370414,0.031228071764691494,0.022938697956258178,0.042423637271819366,0.0156013555028529,0.024326107660733134,0.021944011215701848,0.021203128157775517,0.012555059204351477,0.03935652457613766,0.02722168638408671,0.2913539053150824,0.2913539053150824,0.07334929683905941,0.15929360552922808,0.0414293478106523,0.2913539053150824,0.024768126912245246,0.030726470767176935,0.0,0.016303436159367656,0.01421538637465912,0.016743881625600435,0.03017651282471914,0.03786029812688221,0.026140127105751216,0.013538162157742272,0.016246358086633064,0.02086684631745709,0.020457954367629497,-0.015186963947194584,0.014165726764782127,0.02010860436491989,0.017383379378233844,0.021320781241487428,0.04552677790192355,0.014750031070391993,-0.013709628297656122,0.02407937519349732
2011-09,0.03642324191456066,-0.0,-0.026289055465066328,0.05707312872963893,-0.029351755438979575,0.09920327593845353,0.020164769062246027,0.05155420063408474,0.017088327944535645,0.021942607410313564,0.10238519934674935,0.0,0.14015942021858632,0.044953918504749724,0.08390781250413601,0.025695762229083954,0.059813059851724644,0.01993279888766594,0.02099263652020952,-0.017759326002094903,0.0351723921578156,0.02587865077063286,0.04788171915184957,0.017314205395816618,0.027599572751190255,0.024795923715771405,0.02388311607027504,0.014526265796069427,0.04609321112033479,0.030831355348144247,0.33392920910227086,0.33392920910227086,0.08262331386956767,0.17948448688624702,0.04598010207893153,0.33392920910227086,-0.027053173646644686,-0.03357538525658566,0.0,0.02006910358660904,0.016323272998918784,0.018794160501114994,0.034298235090125626,0.04346666168533128,0.030249253556408225,0.016674321209856225,0.01864865640288603,0.02424113980277538,0.023377538337886163,-0.01757544141964698,0.016231611315181218,0.024289935181622636,0.020169951385453095,0.024416691382813882,0.05202809457337162,0.016896155195607013,-0.01542585547763202,0.027653122971191418
2011-10,0.03538361724408844,-0.03759064179799083,-0.02628264426403537,0.05565240456756078,-0.02938314444475695,0.09906517417833936,-0.019536995018089177,-0.04904179590827326,0.017621024044011047,0.02136563723176461,0.09934966150934536,0.0,0.138390406851351,-0.043301006459904846,0.08220016733013508,-0.025453329024598088,0.05923137619503795,0.021134054597672976,0.019661377074799608,-0.01755481206760065,-0.03727184389058162,-0.02561987043106677,-0.04396429704971593,0.01746665075936621,0.02939237913191828,-0.025038151148442638,-0.02332724621836048,0.014277815265227787,0.04113217993006525,0.030881043990189525,0.3304537392612028,0.3304537392612028,0.08223174540352575,0.17747632306203812,0.04496731796337076,0.3304537392612028,-0.02696008592508865,-0.034166264126675,0.0,0.022578447518616845,0.01616715095955565,0.01797392419539606,0.03391433046444194,0.04327687083652304,0.02827282302560036,0.015255471132705383,-0.01750133612466744,0.024458359910440666,-0.02320821839554287,-0.01732581749964899,-0.016198522445341892,-0.029023349098730392,0.01963252509688144,0.024657206267591533,0.04961003580903783,-0.016787677649204493,-0.014871541197258156,0.02655269048421889
2011-11,0.038622672250823345,-0.039967064695574504,-0.026090952001173236,0.060037141241495756,-0.02973257427953084,0.09462292144434008,-0.020130471126474217,0.05397730567524034,0.018552689196690918,0.020185714629494526,0.09536395848266042,0.0,0.13362661889437516,0.04481718094357428,0.07904344789954622,-0.027487020791340973,0.0598960751671023,0.020460754548324092,0.019652517350985863,-0.016843755375518795,0.038048473481449796,0.0275825010222105,-0.05080877577807441,0.017304873599418746,0.030888857941604075,0.02810276625642798,0.023927322561712743,0.014053579297157207,0.03996477435968051,0.032477524680021776,0.3192903949910759,0.3192903949910759,0.07988424636435952,0.17894436406781128,0.04370505265981829,0.3192903949910759,-0.02721842979028942,-0.03380083220317554,0.0,0.021899075688784166,0.019193762979200585,0.017954320457823348,0.035151799848405905,0.042703543355289024,0.031700650556548485,0.015443427539314521,0.020202560495507126,0.028066109975202803,-0.022584943163285853,-0.016805566351547868,-0.01690624275958981,-0.032874707115601316,-0.020179686106921065,-0.024773082910945075,0.05027405402332181,0.017480013665824617,-0.014893904206225333,0.02721815376995555
2011-12,0.03721503470228883,-0.040018743978967194,-0.02578762169230616,0.05949405732520978,-0.029147906423602047,0.09402733531848344,-0.019055462602458023,0.052631571134371474,0.017729230772648527,0.01962316580234282,0.09727002182369927,0.0,0.15928146967927223,0.042945549475460296,0.08170007488522807,-0.025874364928355268,0.05865704111119655,0.02016836715848769,0.019077882030987772,-0.01624492652306834,0.037027835031793334,0.02785240536965115,-0.04953178836667548,0.01679922681080212,0.03198748468349675,-0.02711198498643269,0.02424130369892006,0.013501136581103697,0.038881758906022953,0.03252764432722998,0.3095298601011414,0.3095298601011414,0.0960261361999295,0.17822873708050266,0.04919260624996403,0.3095298601011414,-0.026758410438958095,-0.033994755229619845,0.0,-0.021028913459324436,0.020359973599175966,0.017714937432714118,0.034786652340192,0.04327169372993522,0.03260856487340626,0.014857647397867418,-0.020026665931750173,-0.027168780283042985,-0.021805169204728397,-0.016143363555315787,-0.016626974690761662,-0.031827571511615645,-0.01967244053048394,-0.02385720197026438,0.050431361114239355,0.018050566810830435,-0.01441340703663428,0.027145492894756845
2012-01,0.03745690799465492,-0.03936577409935543,-0.025314476116202026,0.06039114970950087,-0.02879127282613175,0.10156487888863398,-0.019437982700760477,-0.05197645336121927,-0.01748002953554245,0.022526387243909506,0.09289263396505726,0.0,0.1619592778238151,-0.04550143257065503,0.08601578310132059,-0.025541081694138587,0.05977978898306684,0.020367142929438673,-0.018791725441590898,-0.01576336225163636,-0.036627222345113744,-0.027508106893231066,-0.04976552798996886,0.016638110570654997,0.03144466181362971,-0.026980747877158193,-0.023996264251609518,-0.013309038306922429,0.04274565874404956,0.03208903068153428,0.305310011129552,0.305310011129552,0.09940555251243269,0.17188178823842157,0.051764315055584265,0.305310011129552,-0.026372599149829368,-0.03347283834451986,0.0,-0.02086626419168601,0.021617216816536864,0.017666613495287857,0.03438724043079684,0.042802247042487356,0.030494453011313108,0.014246355597039063,-0.020698925048220365,-0.026638269146556218,-0.0227880423201883,-0.015813065568715496,-0.01639948554873269,-0.029843442853472426,-0.02047635975704202,-0.023917355556993307,0.04976381793204756,0.019506980469936906,-0.014271701245687878,0.02695312656731396
2012-02,0.03985038028951816,-0.039547253958467754,-0.025250914872166873,-0.05930019725797664,-0.028953518436914863,0.10347618773712428,-0.01889930187368248,0.05109566230981464,-0.01718965736942044,0.02211974788598482,0.09388527815960146,0.0,0.1616081978423277,-0.04784750842528308,0.0950284402466859,-0.02523635737226261,0.0587691576195619,0.018530783530614037,-0.01839432882771115,-0.016185953563553047,0.03735624579300964,0.027666647561978862,-0.04693865456406179,-0.016332980154447115,0.030698441770023604,-0.028287046186798795,0.024495641759636685,-0.013099975587881977,0.04483798940776588,0.0329997824782867,0.3001349540518344,0.3001349540518344,0.10178275257665867,0.1711118266917288,0.05660736444174152,0.3001349540518344,-0.02649678292283295,-0.03374361872600581,0.0,-0.020517491287285777,0.021767367677094352,-0.01751161784464689,0.03583318676856293,0.04217421786620214,0.029072385275549367,0.013765737503538003,-0.020130234558462606,-0.026162754875998458,-0.022430655612070943,-0.015769180862302237,-0.016103996223412718,-0.02797125383170122,-0.022255005080616213,-0.023497974272106162,0.05011326271381729,0.02037105343737658,-0.01407562618555891,-0.026447557766663323
2012-03,0.03948328060850916,-0.04016110443727372,-0.026341912781516257,-0.05881213616430543,-0.029765167186728555,0.10209465879008557,-0.01925857494039439,-0.05155100260527325,-0.01771236343930974,-0.02172905094304681,0.09372461830364692,0.0,0.15932851733770256,-0.0472720025937085,0.09483152818896182,-0.025030841929552693,0.06150130516397191,0.017974362918853657,-0.018278118293973893,-0.01588926450086082,0.03881460222312902,0.028919582553120035,-0.0479559418574739,-0.01621662700526093,0.031012431125983918,-0.027612482694348503,0.025848859604758176,0.012935731313226662,0.044430196434351234,0.03557499059305745,0.29727146749912225,0.29727146749912225,0.10067554398535258,0.16923955811602903,0.05610540150921711,0.29727146749912225,-0.02779259537328508,-0.03588130977014023,0.0,-0.020355941474805263,0.021463465514580567,-0.017540008693379957,0.03992624928053829,0.04179935869456076,0.028655992723490883,0.013634562936892922,-0.01993853959451793,-0.02610412988007271,-0.022938196471120772,-0.015480893873876894,-0.01600997699781783,-0.02811291168411738,-0.02228846113197357,-0.02386225989461873,0.04963816300898981,0.020324675431158547,-0.014070158441864811,0.02628598648784605
2012-04,0.03981012112657109,-0.041453720220599115,0.026449839269924957,0.05851649785163984,-0.029696191759229384,0.10185997437110833,-0.019319716406763485,-0.05113349651283059,-0.017674759429533685,0.021716865840331306,0.0931036366470877,0.0,0.16146838697052157,-0.048081647768923964,0.09722147274710402,-0.024684421665554665,0.06083403988401794,0.01746410664596548,-0.017818468607555267,-0.01598004388047001,0.038512127624984245,0.029327908282796095,-0.05062731001098486,0.016164337670995888,0.03182029889738717,0.028781881771718757,0.026119742259197234,0.012975924693363559,0.04431052811231986,0.036407601144449894,0.29577997596797584,0.29577997596797584,0.10311495671010319,0.16798377925592753,0.05661846183457777,0.29577997596797584,-0.027804343106297546,0.03566093944299962,0.0,-0.02001279258710044,0.021351215300109243,-0.01778464483374353,0.040934316398657244,-0.03920991346250621,0.028480113306729254,0.013477274814261208,-0.021039734174734107,-0.026391164603634203,0.022759904854276203,-0.014934489261453876,-0.01581840382955835,-0.027829071776362083,-0.022154429524731574,-0.023973150594385085,-0.0460352775624955,-0.020266298250367718,-0.014006061508543423,-0.025684267028587622
2012-05,0.03960938048831787,-0.04172458058458862,-0.028071894254939566,-0.05836504758663623,-0.03079435207812022,0.1043219016718592,-0.01932251117018706,-0.051982336888811126,-0.017760958189309423,0.023247518471023947,0.09215548345605287,0.0,0.16459653703008767,-0.04732983120919168,0.09905631442236795,-0.0257074466181929,0.05881722097392596,0.01666214011943816,-0.017528479962612916,-0.015557733597044963,-0.03928900454852572,-0.03102418457411384,-0.04986442971653263,-0.01583088954478773,0.03295450794456467,-0.028056007522886416,-0.027331153505680078,0.012573614819873555,-0.043609523736841016,0.03720428214741571,-0.29134998931056877,0.29134998931056877,0.10510232592449466,0.16586358237171284,0.05842621259009576,0.29134998931056877,-0.029459012968299805,-0.037597695179532147,0.0,-0.019762446703016356,0.020854198437172886,-0.0175515196744306,0.04135679980191677,0.0391031260611553,0.028332936503706767,-0.013286278154836876,-0.02110660692280871,-0.026376763161718497,0.022796637350781135,-0.014789324958452232,-0.01558149607686193,-0.027199309170821945,-0.02194878052518579,0.02405469188614,-0.0451800565715369,-0.01999834711860042,-0.01379375826222798,-0.026078858858857752
2012-06,-0.03979572519856547,-0.039305656154912806,-0.027169516095363624,-0.06356933114529215,-0.03073186444335836,0.10510852651382221,-0.019335379819426575,-0.055538395487450036,-0.01637262514913738,0.022537328330143668,0.09183018929077394,0.0,0.16629981526708296,-0.04699854915541571,0.09200005062600675,-0.02712353768772074,0.059091973318897276,-0.015700508411800193,-0.01790474218351414,-0.015589940349724716,-0.03719435472575453,-0.02977484637181579,-0.04644228671311702,-0.01622747755123306,0.03127156915478103,-0.027120494227533525,-0.026417922238947286,0.012381000087646114,-0.0426790848042551,0.03589029542745332,-0.28852797783866024,0.28852797783866024,0.10700812561724905,0.16748050953799326,0.05740945134982238,0.28852797783866024,-0.029163903380392802,-0.03775418566416767,0.0,-0.018996147415609236,0.024287607802406734,-0.017069243285586247,0.0394428772600201,0.038775967554235284,0.0281303560476301,-0.013643810643779827,-0.020207672277067622,-0.025369497138615766,0.02308554941926256,-0.014918302948949696,-0.01577209427624419,-0.02635330751652903,-0.021723299085492823,-0.023620997569439424,0.0446831122341894,-0.021449833741432674,-0.014177054506847876,0.02566933367195016
2012-07,0.039637752809151855,-0.04003176075584833,-0.02764458428852302,-0.06442363689327125,-0.030744603105760656,0.10613231235820324,-0.019137341034011324,-0.059840179565539345,-0.01661486094569502,0.02375896807846661,0.08828721024125961,0.0,0.17014383415983045,-0.04716806667851831,0.09142577501164618,-0.02722271436431797,0.05940772179222349,-0.016308002965697756,-0.018720318062090034,-0.01576431489841985,-0.03758101845702075,-0.03011068465006438,-0.04441920814995807,0.016062160876681043,0.03158666414255471,-0.026931660431630342,0.026595768786701786,-0.012460132286965055,-0.04316791156379718,0.036129473239332015,0.29175290730537207,0.29175290730537207,0.1085218710109465,0.16238037138908504,0.05761937452172461,0.29175290730537207,-0.028838443675776437,-0.03772741473311063,0.0,-0.019035012175411457,0.024515347732488736,0.017441414898408683,0.03973536164643671,-0.03879087590970839,0.029002358141150982,-0.014112316130365102,-0.02042137170900901,-0.026409289980322194,0.022945115252479924,-0.014535854577933294,0.01536540436406373,-0.026667599281151498,-0.021965867419499466,0.02315347068969884,0.04583977956073696,-0.021764195988778132,0.01453881262839964,0.02595571407401819
2012-08,0.03958417601463353,-0.04134737643953657,-0.028430093022709827,-0.06448110758362434,-0.03168026159429462,0.10677750758542127,-0.019914529479803964,-0.06613252268014087,-0.016554962292009687,-0.023673230154559296,0.08683484950264425,0.0,0.16947857868381971,-0.046834738297825966,0.09090489300834977,-0.028254173813410843,-0.059027129300233495,-0.016405872831370145,-0.018762079022478617,-0.01573137664534858,0.03903519973438052,0.030717965086401528,-0.04427045446657356,0.0158155096348691,0.03223444624466541,-0.0267016350545431,0.02707429583661979,-0.012391010505824822,-0.04265482315630829,0.03696653289657524,0.29071704397833625,0.29071704397833625,0.10810942686869111,0.15914457114583652,0.05731539719759998,0.29071704397833625,-0.029786420043299615,0.039233864509127796,0.0,-0.018986823527286242,0.023971307371859263,0.01586573062010878,0.04141036066124631,-0.03661978967573627,0.028897161224862515,-0.014059028362428502,-0.021237201752811054,-0.026325790844431516,0.020529250184832943,-0.014075940227749254,0.015392134681322202,-0.026518216555106347,-0.0223037445068026,0.0220043059232892,0.04562691157433216,-0.021660246286251836,0.014075335144175001,0.02602857860682805
2012-09,0.039331671287665085,0.042618692431884285,0.02836996554630503,-0.06497228151786313,0.03219843582705247,0.10591055761423968,-0.019576886948894385,0.06622801400557657,-0.016468291676960088,0.02371322617683837,0.08635880342213907,0.0,0.16994392136755906,-0.04648476933795491,0.09138804602931389,0.028339069875959057,-0.059090785419674295,0.01506139832018696,-0.01869775627166812,0.015835006975225014,0.04037491321301497,0.03074414587077838,-0.04422976862097469,0.01622648042413492,0.03198660618700974,0.026556749708490316,0.02701683993584195,-0.01305331105408527,-0.04246878629381389,0.037037208091061674,0.29030913433260275,0.29030913433260275,0.1079378924366582,0.1583815220277249,0.05713492729724037,0.29030913433260275,0.029808297041227644,0.03977755651141314,0.0,-0.01913069204539126,0.02317453585854115,0.015898833720104064,0.04161938655574388,-0.03675270166196473,-0.02879767467728125,-0.01393333115386257,-0.02141280610228083,-0.025991441318619985,0.020411891186575618,-0.014784861305735815,0.015387079955039457,-0.025941581594494053,-0.02221445910097934,0.02185237048108584,0.046419333498339495,0.02124955135294174,0.014236245261379211,0.026541235405402114
2012-10,0.03977994330146937,0.04394975018939224,0.028348133305131203,0.06497562023391214,0.03239331979807684,0.10585127604903008,-0.02017207399449042,0.0669687550679282,-0.016219519064538286,0.023605389724970158,0.08585182622869804,0.0,0.1696045266861396,-0.04648023118766979,0.09111594617300535,0.028113565342561386,-0.05992421151461244,0.015015934414243119,-0.01866613694880425,0.015881410607009743,0.04076841982316576,0.030994093977830806,0.044059490762040424,0.01647624125258679,0.032264517578836145,0.02661364447208144,0.027177291544248507,-0.013056161254341168,-0.04254243814674665,0.037138171131562786,0.2901729637827868,0.2901729637827868,0.10753854707157706,0.1569403629839353,0.056659766026427284,0.2901729637827868,0.029960950640835957,0.03997853609111862,0.0,0.019121213717568607,0.023369775562717913,0.015774467448305962,0.04155026550457726,-0.036623919506419536,0.028852126196992733,0.013963732298472288,0.021103705654279034,0.025498976498805413,0.020060189793627056,-0.015880726389242674,0.01526846213718787,0.025540002568591194,-0.022326358056551258,0.021516015333468683,-0.04580923677931918,0.021115318799881353,0.014357823184379172,-0.026662590632235143
2012-11,0.0398060842831667,0.043853639383082545,0.028761229681586988,0.0659939893006747,0.032791375339375095,0.10642723900843475,-0.020217181167713965,0.06667622744383811,-0.01626217475304437,0.023610657630136898,0.085750040292648,0.0,0.16827413823938375,-0.04642322007134902,0.08980678971762512,0.028093176172804688,-0.059205868433089205,-0.015662821838648644,-0.018340482440575387,0.015685665721293315,0.040945210134323666,0.031433042948618525,0.044077511085531595,0.016438111142470044,0.031783053372722435,0.026598595588080812,0.027727513656631703,-0.013156633218861746,-0.04251998928535782,0.03711032590927512,0.289980032752413,0.289980032752413,0.10699033627401268,0.15689484781123644,0.05687183506739593,0.289980032752413,0.03027606217549272,0.04017624146170256,0.0,-0.01905014188655048,0.023461284597211265,0.015789448254604557,0.04109793648958119,-0.03671190437499428,0.0285955966045415,-0.013873993254918119,-0.020924262506695074,-0.025457803393982306,0.02002139776581582,-0.016043759122394394,0.0153510469767355,-0.025210692423067133,-0.022690855549809992,0.02143026722029423,-0.0457983134754132,-0.02120660971722514,0.014382218990103812,-0.028321059088637576
2012-12,0.03956299385209882,0.0436550275423558,0.02872506599768913,0.06548794235833583,0.03242209752403115,0.10978927022025761,0.019983220259392958,0.06671008127034425,-0.016122563979730456,0.023257902637724336,0.08531524578794769,0.0,0.1715669300306423,-0.046317101811259594,0.08931480701452094,0.02788651361247898,-0.0592811847130058,0.015176742807926068,-0.018111277036405585,0.016192482183572783,0.04098118987942774,0.031329942364067435,0.04389045373468851,0.01648794133048093,0.03193464502173584,0.026636270537895922,0.02756639773024626,-0.013067797570488824,-0.0423270654597252,0.03750235786709313,0.28800775361304587,0.28800775361304587,0.10784413977704747,0.15683200433811745,0.05675821918211502,0.28800775361304587,0.03005308631604955,0.03995125537977666,0.0,0.018940954077934856,0.023221696176596352,0.01578252265284406,0.04204754552211015,-0.03670200619297577,-0.030294630347677824,0.013956142742926059,0.020913063611765276,-0.026096640589172954,0.01960960799304953,-0.01606459738938958,0.01518389022497665,0.025810559644777825,-0.022667325386840537,0.0211853813989349,-0.04586863141251111,-0.02102809758674571,0.01458978850975708,0.02797244057120036
2013-01,0.03873556671925534,0.04304234339069829,0.028244790184922573,0.06404320399209096,0.032419084286185534,0.11470149236730068,0.019146761224218257,0.06519830657505957,-0.015736523570268925,0.02292402334977454,0.08515150150799293,0.0,0.19142883462684657,0.045915056531352166,0.09358423456458882,0.027152297105920282,-0.061040813750763714,0.014748417101737993,-0.01767002802413279,0.016117668211814852,0.040403488321568294,0.030985781637949805,0.04286380446042622,0.016078357018172035,0.031380821532689965,0.027141800816528623,0.027364486030185077,-0.013131115921480828,0.04164254193790782,0.036626101586918466,0.28109652779662314,0.28109652779662314,0.1182718137755509,0.15605608797532716,0.05957512741334888,0.28109652779662314,0.029775106923162157,0.04020007013618891,0.0,0.01881897262130982,0.022667620163746526,0.015258818360693194,0.0410358741183989,-0.03569210416634428,0.030455607350321504,0.013618140573159448,0.020521013002375302,-0.025463686843093664,0.019089681410344343,-0.016288675252512607,0.014691925376685093,0.025022953264091423,-0.022191062390781294,0.02067518756748193,-0.04472108243332841,-0.020489540089193018,0.014185351309625066,0.027325667744314816
2013-02,0.038886989389902114,0.04415219574262798,0.028984485366306326,0.06340895084728676,0.03292337125443034,0.11483787515662175,-0.0191785374480587,0.06614392269050424,0.015854432337257317,0.022537901872168257,0.08246077432906299,0.0,0.19612683739992423,0.04604677499947414,0.09014944576540575,0.02780212279055858,-0.05886655464769899,-0.014788934973113768,-0.017698388361231516,0.01615739834093547,0.039783648258789446,0.030765902877515208,0.04279850357770738,0.016312819694209214,0.03242352788059466,0.026985889669307046,0.027377745996954042,-0.013248010319071768,0.04200414938969976,0.03678539022291238,0.28128569675263954,0.28128569675263954,0.1183952032988702,0.14979666718098367,0.05863640275317599,0.28128569675263954,0.030619969884053442,0.04116917388950413,0.0,0.01877253822648312,0.022907879486431273,0.015743755780682746,0.04090657347155386,-0.03552519946157404,-0.030495248360328707,-0.01367875876271994,-0.020942142916442724,0.02649607166854615,0.019698943913438148,0.01633271862627682,0.01532005249943266,0.024507499900212188,0.022251753739494267,0.021691914494950764,-0.04423264910769363,-0.020736510265210586,0.014461991090912237,0.027331809363780143
2013-03,-0.03876013631715665,0.04330810873197536,0.029015740309196434,-0.06397350957904402,0.03301311102439133,0.11496787222747418,-0.019490081724842498,-0.06492458555005101,0.016569299816253675,0.02276302999746835,0.08179335868636146,0.0,0.1965064167170345,-0.04556736374966869,0.09036698462898282,0.02769772009361708,-0.05909527554075088,-0.014778268666395018,-0.017676137001260292,0.016066589625564866,0.04012494854421243,0.031067493672985797,0.0430858119320291,0.01610113747148039,0.03266590499133535,0.026963695888222002,0.027541197299584808,-0.013764489461809673,-0.04176092379736494,0.03696389934139924,0.28187984304136504,0.28187984304136504,0.11838493824566303,0.14798571472946823,0.05876764680071704,0.28187984304136504,0.030545065525779527,0.041297813263558275,0.0,0.018796613400787004,0.022920538871944778,0.01572107603809584,0.04109748035464504,-0.0350370620304441,-0.030047891937055846,-0.013517740881567982,-0.021014223289195392,-0.026491872746557243,0.019742852916949202,-0.016327235730522697,0.015319235767989615,-0.024325368639426054,-0.022446762361519074,0.021759756779948007,-0.04430928569394882,-0.0209496677637217,0.014415121749013061,-0.026766412969474466
2013-04,0.03838672538597129,0.043747454033663924,0.029795757884691722,-0.06331120196177152,0.033607219649593754,0.11709165577172978,-0.019281707721769518,-0.0658401255643405,0.016428625232576655,0.022621629614964757,0.08073051882310793,0.0,0.20134281082705766,-0.04493124924988135,0.08905514838047986,0.027352478989018644,-0.06100197622125928,0.014676434584181408,-0.017478216435335026,0.01595302505732163,0.04071059149382114,0.03111077858653563,0.04276625274499712,0.01614528106113879,0.03306346150734974,0.027003029906008405,0.02766797774790899,-0.01513589000090988,-0.04129252855894875,0.037063635891808736,0.2788370565007956,0.2788370565007956,0.11948431516383323,0.1463324163124275,0.0586428431895685,0.2788370565007956,0.031076993446783066,0.04194760182523704,0.0,0.018854818991934436,0.022733923091173027,0.015911528844431935,0.041070498673979695,-0.03619937369952408,-0.029758669045432156,-0.013385159429881461,-0.021019261090121515,-0.026332805085982125,0.019252872268504296,0.01632779087407945,0.015387385405414917,-0.02438246229175013,-0.022925040190404474,0.021470331981189306,-0.04468627958911482,-0.020705511574991307,-0.014536472508910669,0.0264710870348004
2013-05,0.038395809411901155,0.04321393577327106,0.029870774742788278,-0.06268332634010125,0.03382000787242102,0.11698746117096927,0.019298020993235496,-0.06580024603966936,0.01637275749670976,0.02262963550832147,0.08085491330920859,0.0,0.20264660191772,-0.044719554560222016,0.0891382951134469,0.027370837200838646,-0.059625160129871235,0.014684008585953727,-0.017478240378963103,0.015723605301521087,0.04098508301292924,0.03129566743872364,0.04268525670661175,0.016204936858265944,0.033082076607875474,0.02585401052767617,0.027905198642835114,-0.015392346888743311,-0.04146674129563134,0.03708591508172885,0.2790964264563937,0.2790964264563937,0.12005690918073993,0.14651911116705355,0.058630488721405534,0.2790964264563937,0.031310418340221004,0.042837040555639194,0.0,0.019267401733945963,0.021894574816221014,0.01588596501823736,0.041090596263947725,-0.035897724919928514,-0.0290975029795835,-0.013076624950363097,-0.021005137314387547,-0.026305164074521582,0.01952794399840814,0.01616211733496573,0.01540098005646711,-0.024569383216958417,-0.022890658787700822,0.021549952989775904,-0.04453133808167025,-0.020665716104012074,0.014619614122013484,0.026647930994497165
2013-06,0.038663582322826684,0.04506721075365774,0.02964471440850275,-0.065577849180771,0.03420285946407655,-0.11049266953303685,0.019251607994751778,0.06595821296701503,0.016097895084858458,-0.02201285026205345,0.08105367416964403,0.0,-0.19383976555943525,0.047392038255567294,-0.08638165577779254,0.0276382910707666,-0.05982562750003928,0.014548601702619526,-0.017291184019822985,0.01683770119874849,0.04234721033310302,0.03238158117444905,0.04209775886975354,0.016249019557609698,0.034397641069499794,0.02735427073973459,0.0286318323675365,-0.015320163842856348,0.0429481606566656,0.03947646250349583,0.277586346212586,0.277586346212586,-0.11490748560610092,0.14893544928924937,-0.05556066645124035,0.277586346212586,0.03145878218214506,0.04336265341775373,0.0,0.020397283806537457,0.023751793099509512,0.015888559658990453,0.04417249656922994,-0.03658025697269863,-0.028520874336129026,-0.01290791895774054,-0.021136152267100566,-0.02626417097199255,0.019570743902197398,0.016183983576566127,0.015557687944618962,0.025415332058006803,-0.02313634345698522,0.0215463591698152,-0.04529475644379292,0.022327784127200715,0.01466917560653168,0.026712159149418473
2013-07,-0.038057227262970075,0.04563750099150399,0.029363041876217914,-0.06732902576749966,0.03368518481165809,-0.10544162361127206,-0.019312846261313063,-0.0661301538624073,0.01608080345321423,-0.02173978711658142,0.0800114987527649,0.0,-0.19243694305324285,0.04759458665125355,-0.08252739089368095,0.027089682009167598,-0.06060890297057293,0.01414271668597607,-0.01895797574281459,0.01734673148840142,0.042283259678893834,0.03354049257160768,0.04218693059947392,-0.0162672733679958,0.035496940208381296,0.027728733943440977,0.02983811451109738,-0.01571707032847147,0.0451910501461899,0.04092764524998311,0.2784760724028517,0.2784760724028517,-0.11307554693936407,0.14657327123288544,-0.055627457849053145,0.2784760724028517,0.03111013833856279,0.0428447079929042,0.0,0.019747929484800867,0.023764676308529745,0.015764170154956722,0.04510825461987879,-0.03685738100954418,-0.026858058661326022,-0.012731032026509903,-0.02108213263939106,-0.026286289636256586,0.0196428647471287,0.016186340244440635,0.017765915426124355,-0.02487898832973572,-0.02539419878024599,0.02161828865240757,-0.04539923079127479,0.022278172055366998,-0.014602951383891706,0.02670265161881682
2013-08,-0.03905163448181517,0.045033195084107615,0.029099389004010608,-0.07106740104633232,0.03310714704134572,-0.10440803491358476,-0.019064491847076922,-0.06615543899674621,0.015924685409522576,-0.02167034833744343,0.0795254704672551,0.0,-0.19486720489170814,0.04940624502882275,-0.08170074387380533,0.026717021201144307,-0.06054146199085603,0.013851806009189546,-0.01898915166246073,0.017140754050542533,0.04234999085764546,0.03335582473733533,0.041821110260169686,-0.01933289037758163,0.035372411128007666,0.027440792300673554,0.02952663715893412,-0.01654867247136966,0.045085220104650374,0.04119981005671227,-0.27574106279489846,-0.27574106279489846,-0.11222259510636226,0.14680311793961182,-0.05482108240766425,-0.27574106279489846,0.031249768114170903,0.04375870165231071,0.0,0.01977279295642816,0.02283009107953819,-0.015468352078990001,0.04605805949616945,-0.03629713405930849,-0.026402268062254906,-0.012630466646686503,-0.021652921955826847,-0.026219804785502256,0.019704489900060098,-0.01622822566653537,-0.017504845964176254,0.024306528195813592,-0.02582593444453658,-0.021970983633138378,-0.04564275016406459,0.021616862298665985,-0.01778239459058832,0.026651655626051138
2013-09,-0.038714530102078995,0.044692903169729896,0.02904157845745166,-0.07094118651080243,0.03318615213879913,-0.10708044569552926,-0.019309091679580993,-0.06650095753090812,0.015868571453818446,-0.021261700378258818,-0.08289576302408073,0.0,-0.19379230255591748,0.04951923520388406,-0.08216822052259844,0.02654219405198606,-0.06116120140395757,0.013741418231385171,-0.018790326921434133,0.0169551749124782,0.041617834374720455,0.033323258314246505,0.04133635122421307,-0.01910443126542584,0.03611940509515522,0.028046755928146955,0.030124697231587883,-0.01633487960220981,0.04478695264774115,0.04147240320272168,-0.27307261489323825,-0.27307261489323825,-0.11329345350964738,-0.15006124818439717,-0.057441466993836975,-0.27307261489323825,0.031316409269617144,0.043479785851489317,0.0,0.019573694046848975,0.023648523980346548,-0.015404757258309155,0.04550184908373239,-0.03594473185123555,-0.026064484926981935,-0.012186455422136358,-0.021382078938501373,-0.02584767073735536,0.018734907047347007,0.01708149846920387,0.017144500358058867,0.023790991205278805,-0.0257906622642694,0.021092604627623673,-0.04555995586554664,0.021967697935363722,-0.01759269703825926,0.02645010762405013
2013-10,-0.04049839218444429,0.04500151744445604,0.028661530543685268,0.06781184363845909,0.033141951288886286,-0.10613059964646379,0.018906026175841775,-0.06764213796325591,0.016403779185570563,-0.021186485609495483,0.08258746134675764,0.0,-0.18873433141858317,0.05324175573992127,-0.08176883436857367,0.02694631168163473,-0.06085865419564501,0.01374212636326686,-0.018707219291217665,0.016940646974981443,0.04280148332915062,0.03498357176437871,0.04212205748462261,-0.018963282103637503,0.039709361948925576,0.02750373584349792,0.03150132145837812,-0.017644580132829563,0.044602391721119156,0.04354862478879461,-0.2709400007350377,0.2709400007350377,-0.11070884207272408,0.14932420384800674,-0.057074460740208215,0.2709400007350377,0.030734243024989158,0.042616475171587974,0.0,0.020154502193113592,-0.023057242459113114,-0.01540277923432402,0.047616709655374595,-0.03563842016028443,-0.02578338456271107,-0.012145659088086552,-0.02157282856896405,-0.02682795538477866,0.018444583973902893,-0.016949191668373546,0.018556974064304285,-0.02374058480366524,-0.02667112203483372,0.0210014098222211,-0.04515447446395496,0.02217792609491483,-0.01739802370773316,0.026135985360242375
2013-11,-0.04025497310701857,0.04421471234308428,0.02867109847558875,0.0678929853710836,0.03289188254717764,-0.1047965491936334,0.018786924414637637,-0.06711920288842922,0.01724037605341162,-0.020919445926538587,0.08333671799061398,0.0,-0.18778590428954275,0.05320897433093216,-0.08158015894297245,0.026859121293207427,-0.06276513964579636,0.013566493526085124,-0.019154233375074152,0.017288960882970526,0.04208577190577819,0.034745018021760395,0.041997596181084146,-0.019052435340514148,0.03989331175568839,0.027430156243035513,0.031418192478856334,-0.019720115809973283,0.04434926929752874,0.04306929353351848,-0.26932057090809103,0.26932057090809103,-0.1098620357038675,0.15022464458603316,-0.057304146629459686,0.26932057090809103,0.030289167113089693,0.042086633536006064,0.0,0.02077934574492088,0.022860243907057886,-0.015941857872018753,0.04740948692191609,-0.03545433911786339,-0.025755115808915985,-0.012225970860543505,-0.021476447967768576,-0.027818583148858215,0.018558807617377285,-0.016894512625758428,-0.01861048229445169,-0.02361660906823202,-0.029594666225687422,0.021338527977806214,-0.044910251800633634,0.02181623334372259,-0.01744915056533224,0.02766601167286979
2013-12,-0.03960490999318199,0.043891219427176845,0.028372626133348244,0.06847667894045256,0.03351042752938624,-0.10722105667260051,0.01865130372172207,-0.06618644159445922,0.017163036830978556,-0.020843819425914553,0.08381206215849843,0.0,-0.1907405211233926,0.05696876731263804,-0.08086195958452938,0.026648738564854668,-0.0621749411284922,0.013321525407010417,-0.01897723362463907,0.017618886026111103,0.042097470401910024,0.03462422291426976,0.04176573541026463,-0.01894431287987225,0.03963352199209478,0.027111488902647782,0.031206042878727074,-0.019564221555357805,0.04432449996105598,0.04279181333110058,0.26787371616643624,0.26787371616643624,-0.11010052274419356,0.1493020608680377,-0.056864285045526264,0.26787371616643624,0.031044289277393257,0.042233355776533144,0.0,0.02099029719143436,0.02292136624353509,-0.016042246715441296,0.04696618573531488,-0.03695487419582942,-0.025353637291517225,-0.012307215450392865,-0.02135088798677677,-0.027771965049942657,0.018246852368798423,-0.0164901344903637,0.018687647090344216,-0.023319949846204904,-0.029246432014150812,0.021114397368727198,-0.045346889282845367,0.021623221863528982,-0.017589876651779742,0.027400775525391875
2014-01,-0.04078073759449392,0.043635722772505124,0.02803870585670706,0.06734574485595671,0.03353172927689908,-0.10349837869893608,0.0186277258330662,-0.06725861090472345,0.01863912591351014,-0.0202946947117927,-0.08254346487648409,0.0,-0.1949755415751528,0.056782936824669644,-0.07852449306965256,0.02619269539429904,-0.06263853121017945,0.013329820469604162,-0.020972284851543142,-0.01931284019560375,0.04334293448293758,0.03478264025495501,0.04124411589274232,-0.019287597881575348,0.03942037771379216,0.026723521972646457,0.03158401115936121,-0.020683022067636607,0.04644701993658976,0.04353281798321606,-0.26428812690076264,0.26428812690076264,-0.11366681677429336,-0.14504013194999962,-0.057760554769839025,-0.26428812690076264,0.031000123520567923,0.04225361239834752,0.0,0.021907174081407722,0.023289221115576447,-0.016455616389004682,0.047152462748510364,-0.03661076074109433,-0.024964619232280737,-0.012246518838400585,-0.022582529692742978,-0.030331170596956947,0.01811987213426024,0.016190263031726236,0.018854592077261596,-0.02336694768921177,-0.028706954561728497,0.02144594111841945,-0.04492978426840604,0.021502471739659374,-0.017966774571359492,0.02681886102542591
2014-02,-0.04114716764947119,0.043293742674603015,0.02804312649971054,0.069044316674269,0.03394466245902317,-0.09838711875660294,0.018994094834977833,-0.06462981864586573,0.019970853042027652,0.02015179608267317,0.08194204769123367,0.0,-0.19356210742587876,-0.057267126683351086,-0.07754015031641756,-0.02599844666060585,-0.06132291463230703,0.013433624002431026,-0.019964514079983377,-0.01943247515770007,0.04294299524812389,0.03478160474533298,-0.04156099668582175,-0.01995991198352757,0.03937836991200971,0.02580940897136491,0.03153726844876222,-0.020995691516094872,0.046582152655444076,0.04284176079844174,0.2662875926344198,0.2662875926344198,-0.1115585732912624,0.15118953643184524,-0.05702611855288589,0.2662875926344198,0.03154098536892375,0.042369907586147,0.0,-0.022084114919041293,-0.02306972254655375,-0.01662551054717074,0.045241610218429956,-0.03731402747174483,-0.025400166894050908,-0.01242022676732449,-0.02257394194433615,-0.030460249319606728,0.01825626123723049,0.01535960684478071,0.018244049932303563,-0.023567383161075692,-0.03021231584385385,0.021594238359805014,0.04294291766158185,0.021658341294827098,-0.01813350899898325,0.02783364196891964
2014-03,-0.041346671610031104,0.04261334945493164,0.028065999131904395,0.06899172975782478,0.033546010364799254,-0.09875445869963134,0.019473400539169176,-0.06671031760250332,0.021411730705450643,0.020283088005769005,0.08221492115432794,0.0,-0.1961742825658019,0.056852282401337724,-0.07775811257614226,0.025944477857569037,-0.06148768751376161,0.013505000160677873,0.014756557749093503,-0.019673432345157806,0.042384155269587734,0.03486230193557225,-0.04169950659615673,-0.01952061689157949,0.03910737468677575,0.025957544257213704,0.03175711964020045,-0.02037843432111392,0.04625934291304084,0.04268617819713772,0.26724847422715475,0.26724847422715475,-0.11242043844256722,0.1514821625944372,-0.057257715226656875,0.26724847422715475,0.03143901622065412,0.04206658038526686,0.0,0.021995291023572398,-0.023441178807869417,-0.016850808241920437,0.0450521469661244,0.03747891195004063,-0.025376565721808107,-0.012821880839600357,-0.022653196009269325,-0.028537487118746614,0.018236599804774035,0.015467687848847726,0.016476493137530444,-0.023404240834822624,-0.0316481582092679,0.021229499008604432,0.042724794721237254,0.02154323396527463,-0.017899610683910126,0.026574794651469405
2014-04,-0.04077294802182676,0.04251634385061233,0.028206561211294223,0.06913738271360982,0.03376721609931044,-0.09829045508660017,0.021468354774903196,-0.06659277667524426,0.0211615434357535,0.020027298006378275,0.08331307731057012,0.0,-0.1920772337581404,0.05768429941525867,-0.07756892228721499,0.025803625621578886,-0.06143110611346654,0.01354659891847486,0.014731184238691386,-0.019565094153957102,0.04191727182848734,0.03482481250101217,-0.041655439595835786,0.018764229341462036,0.03855365701368431,0.026797145964648265,0.03166446448015348,-0.020608365641481732,0.046209097077410964,0.04265844228181867,0.26671822706560944,0.26671822706560944,-0.11109704293556957,0.15601630770434433,-0.057175818314405796,-0.26671822706560944,0.03164173920100147,0.042913985750956576,0.0,0.021937361006196237,-0.023633230128380752,-0.016682749908399054,0.044962351794387026,0.03790146635956187,-0.025297848480800474,-0.012964386121286005,-0.022561769518820007,-0.02860237205237093,0.01817860501744281,0.015537923330545954,0.01591505265257966,-0.023353676068804084,0.03161368591249696,0.021182135295061646,0.04577781090641813,0.021971489380940148,0.01707356125515873,0.024538002288362226
2014-05,-0.04197967447758268,0.04211068773326307,0.028307768016551698,0.0712833363629152,0.03345938206749111,-0.09758281894881322,0.022266559466421955,-0.06692435275623104,0.021854720372768758,0.019763719598046,0.08254685157344664,0.0,-0.19641133899042584,0.05953576909157513,-0.07710831323755628,0.025505977107225488,-0.06162039114099618,0.013402724155566642,0.01444621354268695,-0.02181858950491429,0.041332100898255515,0.03433647284115481,-0.041759042523741484,-0.018531491642410972,0.038091451541151344,0.0262493900339257,0.030867468791593095,-0.02104946571128618,0.047975490777670916,0.04231145726661678,0.26366402666374517,0.26366402666374517,-0.11136473334703258,0.15433735841140425,-0.056638892165729524,-0.26366402666374517,0.03143313169595734,0.04256386691814692,0.0,0.021622423131337963,0.02399667050138045,-0.01666234785119059,0.04497800189253662,0.03821116123780278,-0.025697698900751968,-0.014151361084178398,-0.022338372269490946,-0.027973930108557674,0.01806150362387199,0.015197070978037592,0.015871567007676435,-0.023282841951717276,0.03169038194219593,0.02094607622280743,0.04781038827359389,0.021981594153696837,-0.016856117704011946,0.024907408463372617
2014-06,0.04194204455927808,0.042123752556537046,0.028220958095452827,0.07122091334950008,0.03320865697161377,0.09740402926510633,0.02277454612455697,-0.06693875300664959,0.02132009070088877,0.019889511364769356,0.08147072474111387,0.0,0.20187992995700352,0.059867434614782736,-0.07637707992229126,0.02503714153716251,-0.061056473906296864,0.0133758583790259,0.014262997467030967,-0.02184571049645534,0.041172995869681685,0.034220568483370226,0.0413282893263579,-0.01840500010667739,0.037702163947811625,0.02622152089573425,0.0308076656665644,-0.021008722233353122,0.04758048618487362,0.04220880716293681,0.2618637401619074,0.2618637401619074,0.11291590751093857,0.15491107044141855,0.056557642471961975,0.2618637401619074,0.03135808900252558,0.042088234710520284,0.0,0.02145722478257769,0.024339750382264692,-0.01627634746743601,0.04503625437364494,0.03968106015841396,-0.025408291101506462,-0.014755079976717937,-0.0220880385845101,-0.027091443588804033,0.018018102119770674,0.015044081987535377,0.01591464126474316,0.023092811638315596,-0.03132569539383485,0.020803118049411557,0.052229281739282915,0.022447591219151068,-0.016317726057507975,0.024378468598606557
2014-07,0.041781456444106274,0.04205048457843251,0.028084692315145533,0.07158878909735146,0.03301588003584154,0.09731303001599917,0.022898162114981035,-0.06620061156660609,-0.02195312891097568,0.019837647956361244,0.08125694593601882,0.0,0.20055720654045067,0.05985766843773505,0.07584142784512075,0.025232005329597584,-0.06125683899732466,0.013199233690239112,0.014222857095177845,0.021466534057287222,0.04101007983793374,0.03415770772704594,0.041225322178360106,-0.02021924582081252,0.037933809799030896,0.026119477304242595,0.03060574654075014,-0.023631196629947903,0.04757070226055654,0.04248962259497089,0.26119889522842576,0.26119889522842576,0.11258350274960549,0.15451768823386278,0.056806591761424885,0.26119889522842576,0.031276223394771256,0.042564399843891376,0.0,0.021457689444450704,0.024315720828321643,-0.016440804057619558,0.045189087413666486,0.041974855683797344,0.0249640092112844,0.014471959446416606,0.021999485034602254,-0.027253705667453016,0.01765664496800805,0.015084018325201422,0.016036552329345942,0.023238040937019235,-0.03226008390328272,0.020591046230381164,0.04898778426797867,0.022763113055013415,-0.017893942794724053,0.023498853074196163
2014-08,0.04134649344794553,0.04221125438853774,0.027392558103447803,0.07084127809754318,0.03356862369330018,0.09915788614279965,0.022662663866667754,-0.06460690211145192,-0.02149373980694601,0.020074839258880272,0.08390090781808716,0.0,0.21152893198426906,0.05826824591331792,0.07852296512429026,0.0243116510049947,-0.0641128300361729,-0.012977989896254817,0.013819203968753187,0.021100043964831713,0.04050500641266701,0.03334079235283112,-0.040363209160102095,-0.019534161026214858,0.03722510467113996,0.02562451139344292,0.02949629000826072,-0.02458006480991624,0.04967292827418324,0.04188875401753107,0.2563520159107906,0.2563520159107906,0.11575038918729484,0.16413307200936472,0.0572846484965939,0.2563520159107906,0.03153459240219046,0.042146139123662656,0.0,0.02143880533995056,-0.023392807643613768,-0.015637696826972962,0.044551863087923325,0.04069920184612188,-0.025200266757198213,0.014722087823064525,0.02175997081574239,-0.026398873126599588,0.016783411368514956,0.014484382778206496,0.015579469433835022,0.022913016237163526,-0.033259788027136805,0.019536284725190832,0.04715535495343725,-0.022026727526079523,-0.01772737606399843,0.022697895912991282
2014-09,0.040377378465168326,0.0413977009318318,0.03473269483245308,0.06827596103765463,0.0369142000380488,0.0987698740212323,0.02208681244097821,-0.06349029085471442,-0.02074719591085578,0.019631030173234795,0.08235229471453978,0.0,0.21971501160531068,-0.05624952687452225,0.07569427323522812,0.024346574979461088,-0.06258822265425397,0.013087787667979307,0.014108674864727921,0.020261843885419597,0.04206679276439291,0.03382464959577819,0.0400806460085647,-0.020560391907624452,0.03729713756740413,0.026023831830491333,0.03021009697109013,-0.02372251628587024,0.04841136695953675,0.042782565104034345,0.24899187213852422,0.24899187213852422,0.12205077616013921,0.16484752205145448,0.06088411435764586,0.24899187213852422,0.035593667458578115,0.04940010349412071,0.0,0.02091079553207123,-0.022687878741607707,-0.015685672229217653,0.04453671652343925,0.04032166049009125,-0.026378859894433903,-0.014341524784966688,-0.021337976727512066,-0.02491631987313948,0.01640945362677518,0.01400620142974977,0.015138293175953083,-0.022370645036004687,-0.03509472382915623,-0.01901376696411068,0.045328714719135875,-0.02180899728624961,-0.017833916606142544,0.022318738410329986
2014-10,-0.04109172930898904,0.040893420120627556,0.03490325228694119,0.06842432798371038,0.03924573733528675,0.09780409990027564,0.02370154912070709,-0.06708124453618262,-0.019923549949454285,0.019881551249172368,0.08197395970025084,0.0,0.21084299671556653,-0.05818489987475733,0.07512444996229535,0.025572909684825038,-0.05792204143873287,0.012715035645543722,0.01443153995293215,-0.021222463589484673,0.04200606275665669,0.036015203591109816,0.04526785981520459,-0.01891404122856468,0.03738657867834522,0.02526988939721024,0.031430352455560355,-0.023385384173434668,-0.05813497208598343,0.045501452258636874,0.24125266319947425,0.24125266319947425,0.11744172513232974,0.16299039589516476,0.06187791240546991,0.24125266319947425,0.03635335458055604,0.049805703004805205,0.0,0.02228302013678204,-0.02271974637818825,-0.016201024982368237,0.04658006921884805,0.037562039550866594,-0.02670255112071104,-0.01520883319922197,-0.02607374739449248,-0.026195167699024552,-0.016595631158769133,0.013821098645823548,0.01509771611888558,-0.023749371872630827,-0.037315750567101416,-0.019741178831071682,0.04553202425379986,-0.021943851805235035,-0.018464667940369515,0.021732873712619658
2014-11,-0.0458453072150247,0.0413677177406216,0.03798376267545849,0.06907326985429113,0.03962413930958728,0.09650637436688404,0.02187494159025869,-0.07274299274836236,-0.01936832845352875,0.019869957667759997,0.08068469137997966,0.0,0.20090808927001322,-0.05928682378795141,0.07360208729603333,0.02705565114625437,-0.05645761266563849,0.012826787466650957,0.014117836221810847,-0.020884221061256564,-0.04455765335014253,0.04148935852386989,-0.045912689603456604,-0.01820975258293389,0.03968223409086108,0.024601963439096847,0.03509095768499035,-0.023008871634991466,-0.05904361830865658,0.05190434990655285,0.23614080792326442,0.23614080792326442,0.1142838854047462,0.15982048273063548,0.06113252487937182,0.23614080792326442,0.03756406091439333,0.05372816838337678,0.0,0.0220170365463484,-0.021323097219772155,-0.015189845853783064,0.0517111234745383,0.03691460164868401,-0.02678946123687137,-0.015509549298175097,-0.029221997574584237,-0.024814889614534732,0.014177869395936717,0.013423247186311556,0.01476971231052268,-0.023398926896794573,-0.036916110797224885,-0.018450349375456213,0.04555298071362731,-0.022932729479923773,-0.017490228198167236,0.020862656053508673
2014-12,-0.045516662422982544,0.041530579813561064,0.036572879544005905,-0.06922543594466052,0.03976528237455385,0.09846797406974413,0.024040926553897356,-0.07355005238834078,-0.019337778524880427,0.01952362641159394,0.08236420910807715,0.0,0.19812673117236224,-0.06071846222447394,0.07146359588338404,0.028418335928667087,-0.054131454297274395,0.012717480685130286,0.014080680904048464,-0.021516264002007877,0.04405219761288573,0.041461465116752375,-0.04565136331844433,-0.01807706521824705,0.04008867435144665,0.02529733706947095,0.03497881435020782,-0.023279443319198043,-0.061721060262553924,0.05187410669718426,0.23508936170226397,0.23508936170226397,0.11315112116360074,0.1606539676635931,0.060674191373844104,0.23508936170226397,0.037126058455728674,0.05318642330434466,0.0,0.022307285240841856,-0.019816112764854368,-0.015240761890457097,0.051210570690550225,0.03674380435706154,-0.02672231036001137,-0.015453751161718583,-0.02846686289000284,-0.024322185185379822,0.014306093102124497,0.013644947717892294,0.014573477757702406,-0.02332924366971873,-0.04291452416740552,-0.018606781362315958,0.045756822650938576,-0.020970748412640496,-0.017242729689997252,0.02076120029044665
