month,nav_start,nav_end,gross_return,collateral_income,rebalance_cost,liquidation_cost,cost,net_return,turnover,rebalance_turnover,source_switch_extra_turnover,terminal_turnover,gross_exposure,net_exposure,held_instruments,cost_cash,rebalance_instruments,end_gross_before_liquidation,forecast_vol_annual,forecast_after_cost,gross_after_cost,gross_limit_breach,risk_limit_breach,limit_override,gross_override,risk_override,band_skipped_resizes,net_skipped_resizes,target_distance_l1,forecast_tracking_risk,drifted_gross_before
1976-01,1.0,1.0,0.0,0.0,0.0,0.0,0.0,0.0,0.0,0.0,0.0,0.0,0.0,0.0,0,0.0,0,0.0,0.0,0.0,0.0,False,False,False,False,False,0,0,0.0,0.0,0.0
1976-02,1.0,1.0156663677896092,0.016137297420200536,0.0,0.0004709296305914515,0.0,0.0004709296305914515,0.015666367789609083,0.4709296305914515,0.4709296305914515,0.0,0.0,0.4709296305914515,0.4709296305914515,11,0.0004709296305914515,11,0.4795540577676643,0.0999529070369408,0.09999999999999995,0.47115150979791326,False,False,True,False,True,0,0,0.0002218792064620119,4.7092963059203005e-05,0.0
1976-03,1.0156663677896092,1.0026164452568245,-0.012833374119558887,0.0,1.5257032012354639e-05,0.0,1.5257032012354639e-05,-0.012848631151571241,0.015257032012354638,0.015257032012354638,0.0,0.0,0.48117611032897767,0.48117611032897767,11,1.5496054287238027e-05,11,0.4744386230814517,0.09999847429679871,0.09999999999999995,0.48118345176030497,False,False,True,False,True,0,0,7.341431327585746e-06,1.5257032012900196e-06,0.47955405776766435
1976-04,1.0026164452568245,1.0219941218754554,0.019348155904000776,0.0,2.1047606203727753e-05,0.0,2.1047606203727753e-05,0.019327108297797047,0.021047606203727753,0.021047606203727753,0.0,0.0,0.48325317574851856,0.48325317574851856,11,2.1102676113147005e-05,11,0.4930716818586602,0.09999789523937964,0.10000000000000002,0.4832633472851449,False,False,True,False,True,0,0,1.0171536626333438e-05,2.104760620369859e-06,0.47443862308145174
1976-05,1.0219941218754554,1.0409801358033295,0.018609946241617967,0.0,3.252635095070228e-05,0.0,3.252635095070228e-05,0.018577419890667263,0.03252635095070228,0.03252635095070228,0.0,0.0,0.4844393576363384,0.4844393576363384,11,3.324173947767586e-05,11,0.4938743919259008,0.0999967473649049,0.09999999999999996,0.48445511519343504,False,False,True,False,True,0,0,1.5757557096939684e-05,3.252635095131964e-06,0.4930716818586601
1976-06,1.0409801358033295,1.06084950414183,0.019111495210034492,0.0,2.4321828798886688e-05,0.0,2.4321828798886688e-05,0.019087173381235605,0.024321828798886686,0.024321828798886686,0.0,0.0,0.512923526045956,0.512923526045956,11,2.5318540646050394e-05,11,0.5220701772653543,0.09999756781712012,0.1,0.5129360015875715,False,False,True,False,True,0,0,1.2475541615437902e-05,2.4321828798964357e-06,0.49387439192590094
1976-07,1.06084950414183,1.0249788356434604,-0.033765507195123716,0.0,4.764760046342596e-05,0.0,4.764760046342596e-05,-0.03381315479558714,0.04764760046342596,0.04764760046342596,0.0,0.0,0.5080505086720515,0.5080505086720515,11,5.054693332517346e-05,11,0.4908833149933695,0.09999523523995366,0.09999999999999999,0.5080747172131828,False,False,True,False,True,0,0,2.4208541131321565e-05,4.764760046338371e-06,0.5220701772653542
1976-08,1.0249788356434604,1.0102527078356835,-0.014302050324529442,0.0,6.520029146213746e-05,0.0,6.520029146213746e-05,-0.014367250615991579,0.06520029146213746,0.06520029146213746,0.0,0.0,0.556083606455507,0.556083606455507,11,6.682891882647591e-05,11,0.549678931092311,0.09999347997085374,0.09999999999999996,0.5561198656328342,False,False,True,False,True,0,0,3.625917732747938e-05,6.520029146272888e-06,0.4908833149933695
1976-09,1.0102527078356835,0.9976794470097544,-0.01240717925210538,0.0,3.8479867052436436e-05,0.0,3.8479867052436436e-05,-0.012445659119157817,0.03847986705243644,0.03847986705243644,0.0,0.0,0.5533773064822418,0.5533773064822418,11,3.8874389886881014e-05,11,0.547787706292316,0.09999615201329473,0.09999999999999998,0.5533986011868425,False,False,True,False,True,0,0,2.129470460084451e-05,3.847986705274161e-06,0.5496789310923111
1976-10,0.9976794470097544,0.9928950479179085,-0.004759404657978015,0.0,3.6122709239686245e-05,0.0,3.6122709239686245e-05,-0.0047955273672177015,0.036122709239686246,0.036122709239686246,0.0,0.0,0.5525782191257088,0.5525782191257088,11,3.603888457874432e-05,11,0.5504585535256823,0.09999638772907603,0.09999999999999999,0.5525981804691082,False,False,True,False,True,0,0,1.99613433995334e-05,3.612270923980857e-06,0.547787706292316
1976-11,0.9928950479179085,0.98752845288344,-0.005370009784319892,0.0,3.498749683491483e-05,0.0,3.498749683491483e-05,-0.005404997281154807,0.03498749683491483,0.03498749683491483,0.0,0.0,0.5624905898499157,0.5624905898499157,11,3.473891234643044e-05,11,0.5601481794525809,0.09999650125031645,0.09999999999999995,0.5625102706762306,False,False,True,False,True,0,0,1.9680826315347094e-05,3.4987496835712902e-06,0.5504585535256824
1976-12,0.98752845288344,0.9847447167541699,-0.002790745276519599,0.0,2.8146798075319217e-05,0.0,2.8146798075319217e-05,-0.0028188920745949183,0.028146798075319217,0.028146798075319217,0.0,0.0,0.5664805570402627,0.5664805570402627,11,2.7795763956942575e-05,11,0.5652832843338528,0.09999718532019246,0.09999999999999999,0.5664965021029177,False,False,True,False,True,0,0,1.5945062655103176e-05,2.8146798075380286e-06,0.5601481794525809
1977-01,0.9847447167541699,1.0601704697507834,0.0766281931702224,0.0,3.397365998682772e-05,0.0,3.397365998682772e-05,0.07659421951023558,0.03397365998682772,0.03397365998682772,0.0,0.0,0.5660148558246993,0.5660148558246993,11,3.345538218083114e-05,11,0.5969222547816327,0.09999660263400127,0.09999999999999995,0.5660340860742806,False,False,True,False,True,0,0,1.9230249581603936e-05,3.397365998746562e-06,0.5652832843338528
1977-02,1.0601704697507834,1.0847172910053797,0.023411301814743716,0.0,0.0002576468554931648,0.0,0.0002576468554931648,0.02315365495925055,0.2576468554931648,0.2576468554931648,0.0,0.0,0.5932432449172029,0.5932432449172029,13,0.00027314958781800075,13,0.6026998425339215,0.0999742353144507,0.1,0.5933961315645623,False,False,True,False,True,0,0,0.00015288664735940358,2.576468554931326e-05,0.5969222547816326
1977-03,1.0847172910053797,1.107630966945737,0.02119451969807161,0.0,7.042023882952928e-05,0.0,7.042023882952928e-05,0.02112409945924208,0.07042023882952927,0.07042023882952927,0.0,0.0,0.6215194326259527,0.6215194326259527,13,7.638605069511885e-05,13,0.6294180625688758,0.09999295797611706,0.1,0.6215632032551736,False,False,True,False,True,0,0,4.3770629220871854e-05,7.042023882952723e-06,0.6026998425339216
1977-04,1.107630966945737,1.1132385894059984,0.005105926478497034,0.0,4.3209176791183065e-05,0.0,4.3209176791183065e-05,0.005062717301705851,0.043209176791183065,0.043209176791183065,0.0,0.0,0.6367631411529733,0.6367631411529733,13,4.7859822270147395e-05,13,0.6386358349404282,0.09999567908232088,0.1,0.6367906563530227,False,False,True,False,True,0,0,2.7515200049357813e-05,4.320917679122036e-06,0.6294180625688759
1977-05,1.1132385894059984,1.093860301717148,-0.01736874736115804,0.0,3.838159867270597e-05,0.0,3.838159867270597e-05,-0.017407128959830747,0.03838159867270597,0.03838159867270597,0.0,0.0,0.639260192338172,0.639260192338172,13,4.272787676555033e-05,13,0.6329085660052489,0.09999616184013274,0.10000000000000002,0.6392847291080822,False,False,True,False,True,0,0,2.4536769910168954e-05,3.838159867262024e-06,0.638635834940428
1977-06,1.093860301717148,1.053105954686919,-0.03721101018700028,0.0,4.6349794208043955e-05,0.0,4.6349794208043955e-05,-0.03725735998120832,0.04634979420804396,0.04634979420804396,0.0,0.0,0.6560547999154751,0.6560547999154751,13,5.0700199876938675e-05,13,0.6427925428922475,0.09999536502057921,0.1,0.6560852093299104,False,False,True,False,True,0,0,3.040941443537351e-05,4.634979420803494e-06,0.6329085660052489
1977-07,1.053105954686919,1.0065524419734757,-0.04417085136779997,0.0,3.506400686277324e-05,0.0,3.506400686277324e-05,-0.044205915374662744,0.035064006862773237,0.035064006862773237,0.0,0.0,0.6585567509495472,0.6585567509495472,13,3.692611442236949e-05,13,0.6428015296020388,0.09999649359931366,0.09999999999999994,0.6585798433976958,False,False,True,False,True,0,0,2.3092448148971656e-05,3.5064006863363968e-06,0.6427925428922475
1977-08,1.0065524419734757,0.9916205014166124,-0.014733188385308748,0.0,0.00010154841944952763,0.0,0.00010154841944952763,-0.014834736804758275,0.10154841944952762,0.10154841944952762,0.0,0.0,0.7208955293916538,0.7208955293916538,13,0.00010221380957546883,13,0.7167958183137815,0.09998984515805506,0.10000000000000002,0.7209687426279402,False,False,True,False,True,0,0,7.321323628622228e-05,1.0154841944931084e-05,0.642801529602039
1977-09,0.9916205014166124,1.011703190711674,0.02033429726771601,0.0,8.190306411516734e-05,0.0,8.190306411516734e-05,0.020252394203600844,0.08190306411516733,0.08190306411516733,0.0,0.0,0.7847531664224078,0.7847531664224078,13,8.121675750543918e-05,13,0.7891061743781227,0.09999180969358844,0.09999999999999995,0.7848174453759551,False,False,True,False,True,0,0,6.427895354774171e-05,8.190306411568188e-06,0.7167958183137814
1977-10,1.011703190711674,1.0375088551798908,0.02555399180617331,0.0,4.684237229259655e-05,0.0,4.684237229259655e-05,0.025507149433880712,0.046842372292596544,0.046842372292596544,0.0,0.0,0.7951622258150058,0.7951622258150058,13,4.739057750892404e-05,13,0.8003027751432508,0.09999531576277071,0.09999999999999996,0.7951994748448534,False,False,True,False,True,0,0,3.7249029847898074e-05,4.684237229302404e-06,0.7891061743781226
1977-11,1.0375088551798908,1.0737789433208247,0.035003466132098204,0.0,4.46434099101885e-05,0.0,4.46434099101885e-05,0.03495882272218802,0.0446434099101885,0.0446434099101885,0.0,0.0,0.7932349856672909,0.7932349856672909,13,4.631793310724626e-05,13,0.8002622264921853,0.09999553565900891,0.09999999999999994,0.793270399962926,False,False,True,False,True,0,0,3.5414295635853577e-05,4.464340991105478e-06,0.8003027751432508
1977-12,1.0737789433208247,1.0997202917629278,0.02419539016516809,0.0,3.6461920705065e-05,0.0,3.6461920705065e-05,0.024158928244463026,0.036461920705065,0.036461920705065,0.0,0.0,0.7884293537016988,0.7884293537016988,13,3.9152042686132394e-05,13,0.7934557044381848,0.09999635380792943,0.09999999999999994,0.7884581023985077,False,False,True,False,True,0,0,2.8748696809521856e-05,3.646192070582931e-06,0.8002622264921853
1978-01,1.0997202917629278,1.1193218739549835,0.017860212259141882,0.0,3.6059755205592345e-05,0.0,3.6059755205592345e-05,0.017824152503936288,0.03605975520559235,0.03605975520559235,0.0,0.0,0.8138967496959502,0.8138967496959502,13,3.9655644515593774e-05,13,0.8171912210069857,0.09999639402447941,0.09999999999999996,0.8139260996718598,False,False,True,False,True,0,0,2.9349975909802317e-05,3.605975520583742e-06,0.7934557044381848
1978-02,1.1193218739549835,1.1252853214693044,0.005613618603622859,0.0,0.00028588611390599787,0.0,0.00028588611390599787,0.005327732489716861,0.2858861139059979,0.2858861139059979,0.0,0.0,0.8913510087619845,0.8913510087619845,16,0.0003199985807549694,16,0.8922111649543915,0.09997141138860935,0.09999999999999995,0.8916059065097321,False,False,True,False,True,0,0,0.0002548977477482006,2.858861139065612e-05,0.8171912210069857
1978-03,1.1252853214693044,1.2000739422366749,0.06671556197293997,0.0,0.0002536439682531875,0.0,0.0002536439682531875,0.06646191800468679,0.25364396825318747,0.25364396825318747,0.0,0.0,1.1357494955345888,1.1357494955345888,17,0.0002854218343545381,17,1.1275274224112,0.09997463560317466,0.09999999999999998,1.136037644630858,False,False,True,False,True,0,0,0.0002881490962697228,2.536439682536842e-05,0.8922111649543917
1978-04,1.2000739422366749,1.1719239383490032,-0.023368539958698885,0.0,8.835123519381541e-05,0.0,8.835123519381541e-05,-0.0234568911938927,0.08835123519381541,0.08835123519381541,0.0,0.0,1.1379411021093562,1.1379411021093562,17,0.00010602801512052172,17,1.1413449668528213,0.09999116487648055,0.09999999999999992,1.138041649494791,False,False,True,False,True,0,0,0.00010054738543573832,8.83512351945801e-06,1.1275274224111995
1978-05,1.1719239383490032,1.2384789863964634,0.056832175068554,0.0,4.090571260727718e-05,0.0,4.090571260727718e-05,0.05679126935594672,0.04090571260727718,0.04090571260727718,0.0,0.0,1.1303604382679673,1.1303604382679673,17,4.7938383819692745e-05,17,1.1233936613235331,0.09999590942873927,0.1,1.1304066783586815,False,False,True,False,True,0,0,4.624009071441115e-05,4.090571260740385e-06,1.1413449668528213
1978-06,1.2384789863964634,1.1634350852707125,-0.060516739320669186,0.0,7.686133791140671e-05,0.0,7.686133791140671e-05,-0.06059360065858059,0.0768613379114067,0.0768613379114067,0.0,0.0,1.113031441255695,1.113031441255695,17,9.519115186959504e-05,17,1.1204040154217623,0.0999923138662088,0.09999999999999994,1.11311699691733,False,False,True,False,True,0,0,8.555566163571948e-05,7.686133791206411e-06,1.1233936613235334
1978-07,1.1634350852707125,1.1844098303667454,0.01808357138724526,0.0,5.528140220295581e-05,0.0,5.528140220295581e-05,0.018028289985042304,0.05528140220295581,0.05528140220295581,0.0,0.0,1.0759787399052052,1.0759787399052052,17,6.431632288588045e-05,17,1.0746875328076841,0.09999447185977967,0.09999999999999996,1.0760382248070965,False,False,True,False,True,0,0,5.948490189187222e-05,5.528140220346979e-06,1.1204040154217623
1978-08,1.1844098303667454,1.2204927947109612,0.030607644091145303,0.0,0.0001427125960707601,0.0,0.0001427125960707601,0.030464931495074545,0.1427125960707601,0.1427125960707601,0.0,0.0,1.1549174838132832,1.1549174838132832,17,0.00016903020170336684,17,1.1504759566969263,0.09998572874039288,0.09999999999999996,1.1550823286110747,False,False,True,False,True,0,0,0.00016484479779222544,1.4271259607135359e-05,1.074687532807684
1978-09,1.2204927947109612,1.274163068196311,0.04404040112362727,0.0,6.613620544735149e-05,0.0,6.613620544735149e-05,0.04397426491817991,0.06613620544735149,0.06613620544735149,0.0,0.0,1.1516805714482297,1.1516805714482297,17,8.071876221801632e-05,17,1.1453548356056171,0.09999338637945528,0.10000000000000002,1.151756744268894,False,False,True,False,True,0,0,7.617282066423384e-05,6.613620544726835e-06,1.1504759566969265
1978-10,1.274163068196311,1.386186153775694,0.08796179990807151,0.0,4.284481077644438e-05,0.0,4.284481077644438e-05,0.08791895509729507,0.04284481077644438,0.04284481077644438,0.0,0.0,1.1552019232842428,1.1552019232842428,17,5.459127555520474e-05,17,1.142698835577449,0.09999571551892235,0.09999999999999999,1.155251419812724,False,False,True,False,True,0,0,4.9496528481178526e-05,4.284481077652468e-06,1.145354835605617
1978-11,1.386186153775694,1.3041601792672157,-0.05903529538188365,0.0,0.0001385567627623046,0.0,0.0001385567627623046,-0.059173852144645954,0.13855676276230458,0.13855676276230458,0.0,0.0,1.0835350987265169,1.0835350987265169,17,0.00019206546605309032,17,1.0889363626638313,0.09998614432372374,0.09999999999999998,1.0836852506466998,False,False,True,False,True,0,0,0.00015015192018335774,1.3855676276275836e-05,1.1426988355774492
1978-12,1.3041601792672157,1.3260213320014755,0.01683658305895355,0.0,7.395444799328929e-05,0.0,7.395444799328929e-05,0.01676262861096026,0.07395444799328929,0.07395444799328929,0.0,0.0,1.0231592377458243,1.0231592377458243,17,9.644844615253615e-05,17,1.0228501633911913,0.09999260455520062,0.09999999999999995,1.0232349105187992,False,False,True,False,True,0,0,7.567277297556088e-05,7.395444799395657e-06,1.0889363626638313
1979-01,1.3260213320014755,1.3509045297486715,0.018833698774934866,0.0,6.839150070147594e-05,0.0,6.839150070147594e-05,0.01876530727423339,0.06839150070147594,0.06839150070147594,0.0,0.0,1.0174704277723239,1.0174704277723239,17,9.068858885775098e-05,17,1.0172157602421223,0.09999316084992983,0.09999999999999998,1.0175400188612376,False,False,True,False,True,0,0,6.959108891407481e-05,6.839150070182063e-06,1.0228501633911913
1979-02,1.3509045297486715,1.4042466769060753,0.039765106282950116,0.0,0.00027886133910661826,0.0,0.00027886133910661826,0.0394862449438435,0.27886133910661826,0.27886133910661826,0.0,0.0,1.167894160860393,1.167894160860393,19,0.00037671504617091097,19,1.161784749935373,0.09997211386608927,0.09999999999999994,1.168219932235067,False,False,True,False,True,0,0,0.0003257713746749949,2.78861339107371e-05,1.0172157602421226
1979-03,1.4042466769060753,1.3732296131617887,-0.022040522398164654,0.0,4.752256885303139e-05,0.0,4.752256885303139e-05,-0.022088044967017686,0.04752256885303139,0.04752256885303139,0.0,0.0,1.1619857146561183,1.1619857146561183,19,6.673340938990949e-05,19,1.1656930732782649,0.09999524774311468,0.09999999999999998,1.1620409378265961,False,False,True,False,True,0,0,5.522317047838496e-05,4.752256885344432e-06,1.161784749935373
1979-04,1.3732296131617887,1.398848174016437,0.018691447129765143,0.0,3.574628476023435e-05,0.0,3.574628476023435e-05,0.018655700845004907,0.035746284760234344,0.035746284760234344,0.0,0.0,1.1694128652356395,1.1694128652356395,19,4.9087856793267756e-05,19,1.1663453229386898,0.09999642537152394,0.09999999999999996,1.169454668895248,False,False,True,False,True,0,0,4.180365960900628e-05,3.5746284760660745e-06,1.1656930732782649
1979-05,1.398848174016437,1.4094324061838044,0.0076146930718441795,0.0,4.830211965280102e-05,0.0,4.830211965280102e-05,0.007566390952191379,0.04830211965280102,0.04830211965280102,0.0,0.0,1.1735219152468628,1.1735219152468628,19,6.756733187744416e-05,19,1.1722667795642576,0.09999516978803466,0.09999999999999994,1.1735786015808982,False,False,True,False,True,0,0,5.6686334036194774e-05,4.830211965335871e-06,1.1663453229386898
1979-06,1.4094324061838044,1.4831345899308765,0.05234513266496846,0.0,5.30302386953197e-05,0.0,5.30302386953197e-05,0.052292102426273135,0.0530302386953197,0.0530302386953197,0.0,0.0,1.1772699491010064,1.1772699491010064,19,7.474253692484593e-05,19,1.1685111756810183,0.09999469697613045,0.09999999999999998,1.1773323833183174,False,False,True,False,True,0,0,6.24342173112108e-05,5.303023869541229e-06,1.1722667795642574
1979-07,1.4831345899308765,1.4540280098582268,-0.01952427831789729,0.0,0.00010076466219152702,0.0,0.00010076466219152702,-0.019625042980088818,0.10076466219152702,0.10076466219152702,0.0,0.0,1.1769022803871751,1.1769022803871751,19,0.00014944755593895373,19,1.1805462734252319,0.09998992353378082,0.09999999999999998,1.1770208824987924,False,False,True,False,True,0,0,0.00011860211161791173,1.0076466219199978e-05,1.1685111756810183
1979-08,1.4540280098582268,1.5596716746678232,0.07273036683524182,0.0,7.450044660399984e-05,0.0,7.450044660399984e-05,0.07265586638863783,0.07450044660399985,0.07450044660399985,0.0,0.0,1.2274644221163835,1.2274644221163835,19,0.00010832573610916298,19,1.2121266751927193,0.09999254995533953,0.09999999999999992,1.2275558755773452,False,False,True,False,True,0,0,9.14534609627593e-05,7.450044660471877e-06,1.1805462734252319
1979-09,1.5596716746678232,1.6844375101540021,0.0800594511928818,0.0,6.451539156882919e-05,0.0,6.451539156882919e-05,0.07999493580131296,0.06451539156882918,0.06451539156882918,0.0,0.0,1.1938700672555869,1.1938700672555869,19,0.00010062282881000618,19,1.17956990002297,0.09999354846084305,0.09999999999999992,1.1939470952199474,False,False,True,False,True,0,0,7.702796436138276e-05,6.451539156950706e-06,1.2121266751927193
1979-10,1.6844375101540021,1.6029460786488232,-0.04819255154356736,0.0,0.00018646579245035967,0.0,0.00018646579245035967,-0.04837901733601772,0.18646579245035966,0.18646579245035966,0.0,0.0,1.1824520173983273,1.1824520173983273,19,0.0003140899751639768,19,1.1919235562455723,0.0999813534207549,0.09999999999999994,1.1826725453717093,False,False,True,False,True,0,0,0.00022052797338287591,1.8646579245108155e-05,1.1795699000229702
1979-11,1.6029460786488232,1.6930744150858246,0.056285350900717665,0.0,5.86707662408816e-05,0.0,5.86707662408816e-05,0.056226680134476785,0.0586707662408816,0.0586707662408816,0.0,0.0,1.1419245943528613,1.1419245943528613,19,9.404607467714293e-05,19,1.1344249939804827,0.09999413292337592,0.1,1.141991595874832,False,False,True,False,True,0,0,6.70015219706166e-05,5.86707662408756e-06,1.1919235562455726
1979-12,1.6930744150858246,1.7433613622786313,0.02973666260731926,0.0,3.5105047454225164e-05,0.0,3.5105047454225164e-05,0.029701557559865036,0.035105047454225165,0.035105047454225165,0.0,0.0,1.1240508937764173,1.1240508937764173,19,5.943545768512238e-05,19,1.1205067603451278,0.09999648949525451,0.09999999999999994,1.1240903550216732,False,False,True,False,True,0,0,3.94612452564759e-05,3.5105047454755136e-06,1.1344249939804827
1980-01,1.7433613622786313,1.81097829586349,0.038899598164526296,0.0,0.00011421777931398885,0.0,0.00011421777931398885,0.03878538038521231,0.11421777931398885,0.11421777931398885,0.0,0.0,1.1305750986724132,1.1305750986724132,19,0.00019912286334127568,19,1.125809737910697,0.09998857822206857,0.09999999999999996,1.1307042452003608,False,False,True,False,True,0,0,0.0001291465279482755,1.1421777931451298e-05,1.1205067603451278
1980-02,1.81097829586349,1.7551726433805148,-0.030673059613978836,0.0,0.00014213712826949515,0.0,0.00014213712826949515,-0.030815196742248332,0.14213712826949515,0.14213712826949515,0.0,0.0,1.145500991977067,1.145500991977067,19,0.0002574072543324206,19,1.150273847274309,0.09998578628717301,0.09999999999999996,1.1456638333443008,False,False,True,False,True,0,0,0.00016284136723430584,1.4213712826995604e-05,1.1258097379106968
1980-03,1.7551726433805148,1.5359760466931833,-0.1248506165467077,0.0,3.544381550961954e-05,0.0,3.544381550961954e-05,-0.12488606036221732,0.035443815509619545,0.035443815509619545,0.0,0.0,1.1271217643774907,1.1271217643774907,19,6.221001535951023e-05,19,1.1453036026893044,0.099996455618449,0.09999999999999995,1.127161715289377,False,False,True,False,True,0,0,3.9950911886788704e-05,3.5443815510119038e-06,1.1502738472743088
1980-04,1.5359760466931833,1.5569694064162507,0.013839979082797415,0.0,0.0001722140364190021,0.0,0.0001722140364190021,0.013667765046378413,0.1722140364190021,0.1722140364190021,0.0,0.0,0.9886310637578019,0.9886310637578019,19,0.00026451663484393476,19,0.9889542485300725,0.09998277859635804,0.09999999999999994,0.9888013492293691,False,False,True,False,True,0,0,0.00017028547156808585,1.7221403641976048e-05,1.1453036026893046
1980-05,1.5569694064162507,1.6051175440061927,0.030990441551790565,0.0,6.617458063236438e-05,0.0,6.617458063236438e-05,0.0309242669711582,0.06617458063236438,0.06617458063236438,0.0,0.0,0.9857014120461859,0.9857014120461859,19,0.00010303179752701669,19,0.9861945112466927,0.09999338254193671,0.09999999999999995,0.985766644740503,False,False,True,False,True,0,0,6.523269431767467e-05,6.617458063296176e-06,0.9889542485300725
1980-06,1.6051175440061927,1.6695447393413247,0.0401979950733518,0.0,5.937994468721342e-05,0.0,5.937994468721342e-05,0.04013861512866458,0.059379944687213415,0.059379944687213415,0.0,0.0,0.9913965685677149,0.9913965685677149,19,9.531179097956357e-05,19,0.99178566071548,0.09999406200553124,0.09999999999999995,0.9914554411369694,False,False,True,False,True,0,0,5.88725692548496e-05,5.937994468751625e-06,0.9861945112466928
1980-07,1.6695447393413247,1.7425398759036588,0.04378940852037555,0.0,6.782691655927428e-05,0.0,6.782691655927428e-05,0.04372158160381628,0.06782691655927428,0.06782691655927428,0.0,0.0,1.0162231959849046,1.0162231959849046,19,0.00011324007172727936,19,1.0156085906324086,0.09999321730834404,0.09999999999999996,1.0162921279462667,False,False,True,False,True,0,0,6.893196136250473e-05,6.782691655970882e-06,0.9917856607154797
1980-08,1.7425398759036588,1.761165641075799,0.010779344646119291,0.0,9.048441990434397e-05,0.0,9.048441990434397e-05,0.010688860226214947,0.09048441990434397,0.09048441990434397,0.0,0.0,1.0478495027797197,1.0478495027797197,19,0.00015767270983133008,19,1.0474329826776696,0.09999095155800958,0.1,1.0479443254140968,False,False,True,False,True,0,0,9.482263437714245e-05,9.048441990434028e-06,1.0156085906324086
1980-09,1.761165641075799,1.77294970226269,0.006740912762357569,0.0,4.9854912913562156e-05,0.0,4.9854912913562156e-05,0.006691057849444008,0.04985491291356216,0.04985491291356216,0.0,0.0,1.053803201373989,1.053803201373989,19,8.780275966219182e-05,19,1.0534951173619709,0.09999501450870865,0.1,1.053855741260193,False,False,True,False,True,0,0,5.253988620396166e-05,4.985491291353639e-06,1.0474329826776698
1980-10,1.77294970226269,1.7909829120631204,0.010217702928096418,0.0,4.639926538347668e-05,0.0,4.639926538347668e-05,0.010171303662712941,0.04639926538347668,0.04639926538347668,0.0,0.0,1.0568236655384882,1.0568236655384882,19,8.226356374684252e-05,19,1.056297446381292,0.09999536007346164,0.09999999999999999,1.0568727036555416,False,False,True,False,True,0,0,4.9038117053631924e-05,4.639926538362569e-06,1.053495117361971
1980-11,1.7909829120631204,1.7685536871813061,-0.012463776134969101,0.0,5.9640325759236147e-05,0.0,5.9640325759236147e-05,-0.012523416460728338,0.05964032575923615,0.05964032575923615,0.0,0.0,1.060703098440209,1.060703098440209,19,0.00010681480430466989,19,1.0615333464902885,0.09999403596742404,0.09999999999999996,1.0607663628916464,False,False,True,False,True,0,0,6.326445143788051e-05,5.964032575978426e-06,1.0562974463812922
1980-12,1.7685536871813061,1.6375511351530256,-0.0740443892138232,0.0,2.8879230218423578e-05,0.0,2.8879230218423578e-05,-0.07407326844404162,0.028879230218423577,0.028879230218423577,0.0,0.0,1.063087723843062,1.063087723843062,19,5.107446908575081e-05,19,1.0681658720093514,0.09999711207697815,0.09999999999999999,1.0631184258848327,False,False,True,False,True,0,0,3.070204177094832e-05,2.88792302187739e-06,1.0615333464902885
1981-01,1.6375511351530256,1.566444080135662,-0.04336495732559491,0.0,5.784242149136782e-05,0.0,5.784242149136782e-05,-0.04342279974708627,0.05784242149136782,0.05784242149136782,0.0,0.0,1.0181895839830455,1.0181895839830455,19,9.471992297318914e-05,19,1.0190757488258262,0.09999421575785082,0.09999999999999995,1.0182484819409208,False,False,True,False,True,0,0,5.889795787568028e-05,5.784242149167014e-06,1.0681658720093514
1981-02,1.566444080135662,1.5116863165623968,-0.03436566048364781,0.0,0.0005910700295301053,0.0,0.0005910700295301053,-0.034956730513177915,0.5910700295301053,0.5910700295301053,0.0,0.0,1.2991078139561998,1.2991078139561998,23,0.0009258781487030444,23,1.3105548667730718,0.09994089299704692,0.09999999999999992,1.2998761317797962,False,False,True,False,True,0,0,0.0007683178235972504,5.910700295306207e-05,1.0190757488258266
1981-03,1.5116863165623968,1.5196560570073658,0.005315872450864474,0.0,4.378633243457332e-05,0.0,4.378633243457332e-05,0.005272086118429901,0.04378633243457332,0.04378633243457332,0.0,0.0,1.2809007111069155,1.2809007111069155,23,6.619119959379675e-05,23,1.2794711017234515,0.09999562136675655,0.1,1.2809567995071731,False,False,True,False,True,0,0,5.608840025749309e-05,4.3786332434527004e-06,1.310554866773072
1981-04,1.5196560570073658,1.4615564482563295,-0.03818160070727932,0.0,5.047719161771345e-05,0.0,5.047719161771345e-05,-0.038232077898897036,0.05047719161771345,0.05047719161771345,0.0,0.0,1.306238447045922,1.306238447045922,23,7.670796998257967e-05,23,1.3184644831659733,0.09999495228083817,0.09999999999999994,1.3063043856227061,False,False,True,False,True,0,0,6.593857678523565e-05,5.047719161853884e-06,1.2794711017234515
1981-05,1.4615564482563295,1.424050843367336,-0.025618818334882814,0.0,4.2595518641852977e-05,0.0,4.2595518641852977e-05,-0.02566141385352467,0.04259551864185297,0.04259551864185297,0.0,0.0,1.287824831885256,1.287824831885256,23,6.22557549378229e-05,23,1.2954490682160276,0.0999957404481358,0.09999999999999999,1.287879689788591,False,False,True,False,True,0,0,5.4857903335123887e-05,4.259551864205623e-06,1.3184644831659735
1981-06,1.424050843367336,1.3220759434778533,-0.07156922277572786,0.0,3.980745268107673e-05,0.0,3.980745268107673e-05,-0.07160903022840893,0.03980745268107673,0.03980745268107673,0.0,0.0,1.2992627118965498,1.2992627118965498,23,5.6687836562792646e-05,23,1.3223884431177386,0.09999601925473184,0.09999999999999995,1.2993144342944107,False,False,True,False,True,0,0,5.172239786184821e-05,3.980745268171699e-06,1.295449068216028
1981-07,1.3220759434778533,1.3111634237661636,-0.008178982318255744,0.0,7.509700715965831e-05,0.0,7.509700715965831e-05,-0.008254079325415402,0.07509700715965831,0.07509700715965831,0.0,0.0,1.2671000222338484,1.2671000222338484,23,9.928394659296836e-05,23,1.2693987579593735,0.09999249029928396,0.09999999999999994,1.267195184799714,False,False,True,False,True,0,0,9.516256586647454e-05,7.509700716035707e-06,1.3223884431177386
1981-08,1.3111634237661636,1.25976900811851,-0.039140419048682706,0.0,5.71475674063022e-05,0.0,5.71475674063022e-05,-0.03919756661608901,0.0571475674063022,0.0571475674063022,0.0,0.0,1.263869822665947,1.263869822665947,23,7.492980014035481e-05,23,1.2746943191055544,0.09999428524325939,0.10000000000000002,1.2639420538796688,False,False,True,False,True,0,0,7.223121372171293e-05,5.714756740626212e-06,1.2693987579593735
1981-09,1.25976900811851,1.2449606684649834,-0.011675592025543434,0.0,7.921346506252273e-05,0.0,7.921346506252273e-05,-0.011754805490605957,0.07921346506252272,0.07921346506252272,0.0,0.0,1.2503916078993809,1.2503916078993809,23,9.97906683114445e-05,23,1.2534500777297355,0.09999207865349373,0.09999999999999999,1.2504906635978728,False,False,True,False,True,0,0,9.90556984923896e-05,7.92134650629015e-06,1.2746943191055544
1981-10,1.2449606684649834,1.2691886006522368,0.01952114801847712,0.0,6.0346724950303646e-05,0.0,6.0346724950303646e-05,0.019460801293526817,0.060346724950303646,0.060346724950303646,0.0,0.0,1.2661578216293508,1.2661578216293508,23,7.512929903380253e-05,23,1.2611362477267536,0.09999396532750496,0.09999999999999998,1.2662342347184359,False,False,True,False,True,0,0,7.641308908543781e-05,6.034672495047736e-06,1.2534500777297353
1981-11,1.2691886006522368,1.2743282058057102,0.004129570762658434,0.0,8.005034399728401e-05,0.0,8.005034399728401e-05,0.00404952041866115,0.080050343997284,0.080050343997284,0.0,0.0,1.3078497270892393,1.3078497270892393,23,0.00010159898407964308,23,1.3066878387679903,0.09999199496560021,0.09999999999999994,1.3079544292912368,False,False,True,False,True,0,0,0.00010470220199841271,8.005034399796109e-06,1.2611362477267536
1981-12,1.2743282058057102,1.2099258588890074,-0.05044862762952818,0.0,8.964549610160508e-05,0.0,8.964549610160508e-05,-0.050538273125629786,0.08964549610160508,0.08964549610160508,0.0,0.0,1.3234948983027928,1.3234948983027928,23,0.00011423778420572119,23,1.3408084124297832,0.09999103545038981,0.09999999999999998,1.3236135542965144,False,False,True,False,True,0,0,0.00011865599372213459,8.964549610191842e-06,1.3066878387679903
1982-01,1.2099258588890074,1.2345548303973308,0.0203929927260993,0.0,3.7223546210445796e-05,0.0,3.7223546210445796e-05,0.020355769179888857,0.037223546210445796,0.037223546210445796,0.0,0.0,1.3110363002642191,1.3110363002642191,23,4.5037731119568284e-05,23,1.3048677071336157,0.09999627764537895,0.1,1.3110851035011553,False,False,True,False,True,0,0,4.880323693636293e-05,3.7223546210708803e-06,1.3408084124297832
1982-02,1.2345548303973308,1.1739557373959089,-0.049002622043919156,0.0,8.31629770010465e-05,0.0,8.31629770010465e-05,-0.0490857850209202,0.0831629770010465,0.0831629770010465,0.0,0.0,1.3071042623356905,1.3071042623356905,23,0.00010266925496686408,23,1.323044308807025,0.09999168370229983,0.09999999999999994,1.3072129740581877,False,False,True,False,True,0,0,0.00010871172249795474,8.31629770017175e-06,1.3048677071336159
1982-03,1.1739557373959089,1.1649258701845244,-0.007641311927461449,0.0,5.0517435215119034e-05,0.0,5.0517435215119034e-05,-0.007691829362676568,0.05051743521511903,0.05051743521511903,0.0,0.0,1.290730860682731,1.290730860682731,23,5.930523290931512e-05,23,1.2930353560740993,0.09999494825647845,0.09999999999999996,1.290796068389492,False,False,True,False,True,0,0,6.520770676121668e-05,5.051743521544128e-06,1.323044308807025
1982-04,1.1649258701845244,1.1798324905752107,0.01283933434244103,0.0,4.313780134684608e-05,0.0,4.313780134684608e-05,0.012796196541094183,0.04313780134684608,0.04313780134684608,0.0,0.0,1.3000783285827515,1.3000783285827515,23,5.0252340771821825e-05,23,1.2963295749027042,0.09999568621986529,0.09999999999999998,1.3001344135228061,False,False,True,False,True,0,0,5.608494005495193e-05,4.313780134700762e-06,1.2930353560740995
1982-05,1.1798324905752107,1.141288708043789,-0.03263093539625864,0.0,3.7924665927247906e-05,0.0,3.7924665927247906e-05,-0.03266886006218588,0.03792466592724791,0.03792466592724791,0.0,0.0,1.2997388122163847,1.2997388122163847,23,4.474475305517773e-05,23,1.309900844194453,0.09999620753340725,0.09999999999999998,1.2997881062460903,False,False,True,False,True,0,0,4.929402970615601e-05,3.7924665927673734e-06,1.2963295749027046
1982-06,1.141288708043789,1.0947416383240736,-0.04074761596980643,0.0,3.704210281984847e-05,0.0,3.704210281984847e-05,-0.04078465807262628,0.03704210281984847,0.03704210281984847,0.0,0.0,1.2896474719591524,1.2896474719591524,23,4.2275733670490054e-05,23,1.302001543761698,0.09999629578971803,0.1,1.2896952449830232,False,False,True,False,True,0,0,4.7773023870784775e-05,3.704210281973237e-06,1.309900844194453
1982-07,1.0947416383240736,1.0882228495263817,-0.0059133243685150555,0.0,4.131238730562756e-05,0.0,4.131238730562756e-05,-0.005954636755820683,0.04131238730562756,0.04131238730562756,0.0,0.0,1.2956268279043361,1.2956268279043361,23,4.522639056204137e-05,23,1.2974392831798895,0.09999586876126944,0.1,1.295680355553009,False,False,True,False,True,0,0,5.3527648673099004e-05,4.131238730577799e-06,1.3020015437616979
1982-08,1.0882228495263817,1.0793144086214026,-0.00812437249304675,0.0,6.185600680163471e-05,0.0,6.185600680163471e-05,-0.008186228499848385,0.0618560068016347,0.0618560068016347,0.0,0.0,1.2894162334513377,1.2894162334513377,23,6.731311998199817e-05,23,1.2918673825432918,0.0999938143993198,0.09999999999999996,1.2894959965244694,False,False,True,False,True,0,0,7.976307313213235e-05,6.185600680197395e-06,1.2974392831798895
1982-09,1.0793144086214026,1.038312609280891,-0.03791087880107469,0.0,7.786573248791317e-05,0.0,7.786573248791317e-05,-0.0379887445335626,0.07786573248791316,0.07786573248791316,0.0,0.0,1.3335147911212877,1.3335147911212877,23,8.404160701206433e-05,23,1.3467658563849454,0.09999221342675116,0.09999999999999995,1.333618634313108,False,False,True,False,True,0,0,0.00010384319182105833,7.78657324884673e-06,1.2918673825432916
1982-10,1.038312609280891,1.0477477212808333,0.009134846601059229,0.0,4.788000197617448e-05,0.0,4.788000197617448e-05,0.009086966599083054,0.04788000197617448,0.04788000197617448,0.0,0.0,1.3421510597485973,1.3421510597485973,23,4.9714409784255945e-05,23,1.3391173913422778,0.09999521199980235,0.09999999999999998,1.3422153250210118,False,False,True,False,True,0,0,6.426527241491786e-05,4.78800019765172e-06,1.3467658563849454
1982-11,1.0477477212808333,1.091434519162613,0.041766536342125,0.0,7.062329506603782e-05,0.0,7.062329506603782e-05,0.04169591304705896,0.07062329506603782,0.07062329506603782,0.0,0.0,1.3695189740485596,1.3695189740485596,23,7.399539647478505e-05,23,1.3547960520095943,0.09999293767049337,0.09999999999999998,1.3696157008223258,False,False,True,False,True,0,0,9.672677376652838e-05,7.0623295066245235e-06,1.339117391342278
1982-12,1.091434519162613,1.0981841956713712,0.006251931663573759,0.0,6.770678315032766e-05,0.0,6.770678315032766e-05,0.0061842248804234315,0.06770678315032766,0.06770678315032766,0.0,0.0,1.3694855356390705,1.3694855356390705,23,7.389752031172517e-05,23,1.367281888628436,0.09999322932168493,0.09999999999999996,1.3695782653776918,False,False,True,False,True,0,0,9.272973862187867e-05,6.770678315072675e-06,1.3547960520095943
1983-01,1.0981841956713712,1.114229720354402,0.014661587515679881,0.0,5.062812810505715e-05,0.0,5.062812810505715e-05,0.014610959387574824,0.05062812810505715,0.05062812810505715,0.0,0.0,1.3595575350446965,1.3595575350446965,23,5.559901014139933e-05,23,1.3544296065852304,0.0999949371871895,0.10000000000000002,1.3596263703827511,False,False,True,False,True,0,0,6.883533805462222e-05,5.062812810496599e-06,1.3672818886284361
1983-02,1.114229720354402,1.0769945778808891,-0.03333845171074737,0.0,7.938106943502565e-05,0.0,7.938106943502565e-05,-0.03341783278018239,0.07938106943502564,0.07938106943502564,0.0,0.0,1.3609286958133926,1.3609286958133926,23,8.8448746798022e-05,23,1.3734892791589524,0.0999920618930565,0.1,1.3610367363650657,False,False,True,False,True,0,0,0.00010804055167305121,7.938106943505554e-06,1.3544296065852308
1983-03,1.0769945778808891,1.114210809015889,0.034623850382280726,0.0,6.821574925664148e-05,0.0,6.821574925664148e-05,0.034555634633024086,0.06821574925664148,0.06821574925664148,0.0,0.0,1.3676729656145448,1.3676729656145448,23,7.346799207548516e-05,23,1.3554581010950135,0.09999317842507428,0.09999999999999995,1.36776626881538,False,False,True,False,True,0,0,9.33032008360972e-05,6.821574925729386e-06,1.3734892791589524
1983-04,1.114210809015889,1.1226328389972793,0.007753990031793824,0.0,0.0001952498784570732,0.0,0.0001952498784570732,0.007558740153336751,0.1952498784570732,0.1952498784570732,0.0,0.0,1.5428476692035613,1.5428476692035613,23,0.00021754952503590957,23,1.5389689925168775,0.09998047501215429,0.1,1.543148968852171,False,False,True,False,True,0,0,0.0003012996486097437,1.952498784572105e-05,1.3554581010950137
1983-05,1.1226328389972793,1.1246555723476643,0.0018714720428031142,0.0,6.96956470656803e-05,0.0,6.96956470656803e-05,0.0018017763957374339,0.0696956470656803,0.0696956470656803,0.0,0.0,1.5652468694700943,1.5652468694700943,23,7.824262213109707e-05,23,1.5642998230159313,0.09999303043529341,0.09999999999999998,1.56535596796717,False,False,True,False,True,0,0,0.00010909849707618768,6.969564706606091e-06,1.5389689925168777
1983-06,1.1246555723476643,1.106521383326576,-0.015980596531383246,0.0,0.00014361915469942912,0.0,0.00014361915469942912,-0.016124215686082674,0.14361915469942912,0.14361915469942912,0.0,0.0,1.6388961420810695,1.6388961420810695,23,0.00016152208262857422,23,1.6495126431853266,0.09998563808453005,0.09999999999999999,1.6391315527691193,False,False,True,False,True,0,0,0.00023541068805002507,1.436191546995357e-05,1.5642998230159313
1983-07,1.106521383326576,1.1275774836328305,0.01909892388940573,0.0,6.982908515272146e-05,0.0,6.982908515272146e-05,0.019029094804253008,0.06982908515272146,0.06982908515272146,0.0,0.0,1.709194673952163,1.709194673952163,23,7.726737589961862e-05,23,1.6960198748530921,0.09999301709148467,0.09999999999999995,1.7093140337873811,False,False,True,False,True,0,0,0.00011935983521908083,6.982908515328888e-06,1.6495126431853269
1983-08,1.1275774836328305,1.1710297625390815,0.03862761684338445,0.0,9.165852834581451e-05,0.0,9.165852834581451e-05,0.038535958315038636,0.0916585283458145,0.0916585283458145,0.0,0.0,1.7410495513031614,1.7410495513031614,23,0.00010335209274566199,23,1.7136403933802775,0.09999083414716542,0.1,1.7412091479712066,False,False,True,False,True,0,0,0.00015959666804548148,9.165852834591685e-06,1.6960198748530921
1983-09,1.1710297625390815,1.1688605470264428,-0.0016522777264256364,0.0,0.00020012225693196857,0.0,0.00020012225693196857,-0.001852399983357605,0.20012225693196856,0.20012225693196856,0.0,0.0,1.756913420457439,1.756913420457439,23,0.00023434911901382821,23,1.7585186225982488,0.0999799877743068,0.1,1.75726508831294,False,False,True,False,True,0,0,0.0003516678555011629,2.0012225693209392e-05,1.713640393380277
1983-10,1.1688605470264428,1.125011331441447,-0.03743133072314487,0.0,8.316636254028003e-05,0.0,8.316636254028003e-05,-0.03751449708568515,0.08316636254028004,0.08316636254028004,0.0,0.0,1.7571056558459086,1.7571056558459086,23,9.720988001303118e-05,23,1.7867015346368886,0.09999168336374592,0.09999999999999995,1.757251800086189,False,False,True,False,True,0,0,0.00014614424028121936,8.316636254066666e-06,1.7585186225982485
1983-11,1.125011331441447,1.126720636006262,0.001602359732337248,0.0,8.299320060194579e-05,0.0,8.299320060194579e-05,0.0015193665317353021,0.08299320060194579,0.08299320060194579,0.0,0.0,1.7527020484178426,1.7527020484178426,23,9.336829110978213e-05,23,1.7516430203694826,0.09999170067993976,0.09999999999999995,1.7528475228439306,False,False,True,False,True,0,0,0.00014547442608907335,8.29932006025595e-06,1.7867015346368886
1983-12,1.126720636006262,1.1270138680252715,0.00031802851061844654,0.0,5.7775871553616944e-05,0.0,5.7775871553616944e-05,0.0002602526390648296,0.05777587155361694,0.05777587155361694,0.0,0.0,1.7519964071328904,1.7519964071328904,23,6.509726674270738e-05,23,1.751858509843054,0.09999422241284463,0.09999999999999999,1.752097636100863,False,False,True,False,True,0,0,0.00010122896797280095,5.777587155365163e-06,1.7516430203694828
1984-01,1.1270138680252715,1.070506910786369,-0.05006065230699026,0.0,7.80006786317168e-05,0.0,7.80006786317168e-05,-0.05013865298562197,0.07800067863171681,0.07800067863171681,0.0,0.0,1.797915965520666,1.797915965520666,23,8.79078465333273e-05,23,1.8401162640290267,0.09999219993213677,0.09999999999999995,1.7980562151256638,False,False,True,False,True,0,0,0.0001402496049991847,7.800067863250404e-06,1.751858509843054
1984-02,1.070506910786369,1.1032916670888848,0.030913546409154957,0.0,0.000288096006006194,0.0,0.000288096006006194,0.030625450403148763,0.288096006006194,0.288096006006194,0.0,0.0,1.8769139555661931,1.8769139555661931,25,0.00030840876539958196,25,1.8511356392655203,0.09997119039939939,0.1,1.877454842807863,False,False,True,False,True,0,0,0.0005408872416697852,2.880960060061062e-05,1.8401162640290263
1984-03,1.1032916670888848,1.1413193899485987,0.034553280696797375,0.0,8.576499439672672e-05,0.0,8.576499439672672e-05,0.03446751570240065,0.08576499439672672,0.08576499439672672,0.0,0.0,1.8547627905776325,1.8547627905776325,25,9.462380364583349e-05,25,1.8263657800714892,0.09999142350056033,0.09999999999999999,1.8549218779421006,False,False,True,False,True,0,0,0.00015908736446871435,8.576499439706315e-06,1.851135639265521
1984-04,1.1413193899485987,1.0816418637539573,-0.05220028464895522,0.0,8.79062993550247e-05,0.0,8.79062993550247e-05,-0.05228819094831025,0.0879062993550247,0.0879062993550247,0.0,0.0,1.8244221760198498,1.8244221760198498,25,0.00010032916395251569,25,1.870000853048603,0.09999120937006448,0.09999999999999998,1.8245825683212986,False,False,True,False,True,0,0,0.0001603923014493122,8.790629935528796e-06,1.826365780071489
1984-05,1.0816418637539573,1.0837888624178653,0.0020511313768998194,0.0,6.61872508869805e-05,0.0,6.61872508869805e-05,0.001984944126012839,0.06618725088698049,0.06618725088698049,0.0,0.0,1.826025184182091,1.826025184182091,25,7.159090140614434e-05,25,1.8244548745725322,0.09999338127491127,0.09999999999999996,1.8261460517689758,False,False,True,False,True,0,0,0.00012086758688499913,6.6187250887130995e-06,1.8700008530486028
1984-06,1.0837888624178653,1.0192512449209192,-0.05948275268107152,0.0,6.53933969079098e-05,0.0,6.53933969079098e-05,-0.05954814607797943,0.0653933969079098,0.0653933969079098,0.0,0.0,1.8426541372695704,1.8426541372695704,25,7.087263524446351e-05,25,1.8960793975279395,0.09999346066030919,0.09999999999999998,1.8427746425631835,False,False,True,False,True,0,0,0.00012050529361336271,6.539339690812883e-06,1.8244548745725324
1984-07,1.0192512449209192,0.9114356815259599,-0.10568482561473519,0.0,9.435683141860087e-05,0.0,9.435683141860087e-05,-0.1057791824461538,0.09435683141860086,0.09435683141860086,0.0,0.0,1.9791216957634055,1.9791216957634055,25,9.617331789020224e-05,25,2.0950494926672403,0.09999056431685815,0.1,1.9793084570378114,False,False,True,False,True,0,0,0.00018676127440581114,9.435683141844124e-06,1.8960793975279397
1984-08,0.9114356815259599,0.9324913695256929,0.023346604709664154,0.0,0.0002449328895739272,0.0,0.0002449328895739272,0.023101671820090226,0.24493288957392723,0.24493288957392723,0.0,0.0,1.8637774503380842,1.8637774503380842,25,0.00022324057513693502,25,1.844512727352472,0.0999755067110426,0.1,1.8642340625738725,False,False,True,False,True,0,0,0.0004566122357883666,2.4493288957393085e-05,2.0950494926672403
1984-09,0.9324913695256929,0.8787644879561213,-0.05753657489407333,0.0,7.991714584720447e-05,0.0,7.991714584720447e-05,-0.05761649203992053,0.07991714584720447,0.07991714584720447,0.0,0.0,1.8881530777955078,1.8881530777955078,25,7.452204877964424e-05,25,1.942538772632025,0.09999200828541523,0.09999999999999995,1.8883039856605337,False,False,True,False,True,0,0,0.00015090786502675382,7.991714584766209e-06,1.844512727352472
1984-10,0.8787644879561213,0.9024610861884397,0.02709064245439003,0.0,0.00012483016100383793,0.0,0.00012483016100383793,0.026965812293386193,0.12483016100383794,0.12483016100383794,0.0,0.0,1.861563201638454,1.861563201638454,25,0.00010969631251601781,25,1.8390620422652284,0.09998751698389956,0.09999999999999994,1.8617956098841921,False,False,True,False,True,0,0,0.0002324082457390922,1.248301610043786e-05,1.9425387726320242
1984-11,0.9024610861884397,0.8840605122731854,-0.02031097162371686,0.0,7.835507065557103e-05,0.0,7.835507065557103e-05,-0.02038932669437243,0.07835507065557103,0.07835507065557103,0.0,0.0,1.8737400824330768,1.8737400824330768,25,7.071240217219856e-05,25,1.892005835905292,0.09999216449293444,0.09999999999999999,1.8738869109743868,False,False,True,False,True,0,0,0.00014682854131037315,7.835507065579924e-06,1.8390620422652286
1984-12,0.8840605122731854,0.8497916798300351,-0.0386987706302265,0.0,6.422349450229572e-05,0.0,6.422349450229572e-05,-0.0387629941247288,0.06422349450229571,0.06422349450229571,0.0,0.0,1.898299197518532,1.898299197518532,25,5.677745544967366e-05,25,1.93459096510232,0.09999357765054971,0.09999999999999994,1.898421120756944,False,False,True,False,True,0,0,0.00012192323841322267,6.422349450296066e-06,1.892005835905292
1985-01,0.8497916798300351,0.8474162923598546,-0.002737490833129798,0.0,5.776773030500758e-05,0.0,5.776773030500758e-05,-0.002795258563434806,0.05776773030500758,0.05776773030500758,0.0,0.0,1.9474014309433259,1.9474014309433259,25,4.9090536575860816e-05,25,1.9501150158078158,0.09999422322696949,0.09999999999999999,1.9475139344030536,False,False,True,False,True,0,0,0.00011250345972798823,5.7767730305083105e-06,1.9345909651023199
1985-02,0.8474162923598546,0.7675269731089308,-0.09419404548394951,0.0,7.994944769252837e-05,0.0,7.994944769252837e-05,-0.09427399493164204,0.07994944769252837,0.07994944769252837,0.0,0.0,1.9979063698066948,1.9979063698066948,25,6.775046453982053e-05,25,2.101863382159449,0.09999200505523068,0.09999999999999992,1.9980661140889693,False,False,True,False,True,0,0,0.00015974428227616064,7.994944769332364e-06,1.9501150158078155
1985-03,0.7675269731089308,0.8332513321551221,0.08581745999539268,0.0,0.00018612539881239016,0.0,0.00018612539881239016,0.08563133459658029,0.18612539881239015,0.18612539881239015,0.0,0.0,1.915737983347059,1.915737983347059,25,0.0001428562639691664,25,1.8436787697236354,0.09998138746011875,0.09999999999999999,1.9160946172218516,False,False,True,False,True,0,0,0.0003566338747928201,1.8612539881246084e-05,2.101863382159449
1985-04,0.8332513321551221,0.804817164665524,-0.033935416370559274,0.0,0.0001889425021184472,0.0,0.0001889425021184472,-0.03412435887267772,0.1889425021184472,0.1889425021184472,0.0,0.0,1.7897960283480778,1.7897960283480778,25,0.00015743659159091813,25,1.81789511735503,0.09998110574978815,0.09999999999999999,1.7901342607944402,False,False,True,False,True,0,0,0.0003382324463627878,1.8894250211864756e-05,1.8436787697236359
1985-05,0.804817164665524,0.8041329391391592,-0.000702876285528072,0.0,0.0001472864053349305,0.0,0.0001472864053349305,-0.0008501626908630024,0.14728640533493048,0.14728640533493048,0.0,0.0,1.8382424042090055,1.8382424042090055,26,0.00011853862713543586,26,1.8391030647337658,0.0999852713594665,0.09999999999999999,1.8385131922082467,False,False,True,False,True,0,0,0.00027078799924153477,1.4728640533511628e-05,1.8178951173550304
1985-06,0.8041329391391592,0.7928312835953184,-0.013967462286953353,0.0,8.699934962555848e-05,0.0,8.699934962555848e-05,-0.014054461636578912,0.08699934962555848,0.08699934962555848,0.0,0.0,1.863470058778043,1.863470058778043,26,6.995904271759565e-05,26,1.8758668958136306,0.09999130006503743,0.09999999999999998,1.8636321935668245,False,False,True,False,True,0,0,0.00016213478878190565,8.699934962574712e-06,1.839103064733766
1985-07,0.7928312835953184,0.7809853082192709,-0.014893586539070606,0.0,4.777062121775036e-05,0.0,4.777062121775036e-05,-0.014941357160288356,0.04777062121775036,0.04777062121775036,0.0,0.0,1.9124503089179135,1.9124503089179135,26,3.787404293821477e-05,26,1.9263388389838356,0.09999522293787823,0.1,1.9125416722217004,False,False,True,False,True,0,0,9.136330378701693e-05,4.777062121784289e-06,1.8758668958136304
1985-08,0.7809853082192709,0.76538718888488,-0.01980380062899599,0.0,0.00016855886385585566,0.0,0.00016855886385585566,-0.019972359492851845,0.16855886385585567,0.16855886385585567,0.0,0.0,1.9265069262563346,1.9265069262563346,26,0.00013164199624155555,26,1.9455605605579158,0.0999831441136144,0.09999999999999999,1.9268317108203519,False,False,True,False,True,0,0,0.00032478456401761543,1.6855886385601027e-05,1.9263388389838354
1985-09,0.76538718888488,0.8003113692604694,0.04568892803648877,0.0,5.949905888627881e-05,0.0,5.949905888627881e-05,0.04562942897760249,0.05949905888627881,0.05949905888627881,0.0,0.0,1.9388768095260591,1.9388768095260591,26,4.553981742226488e-05,26,1.8979627797039154,0.0999940500941113,0.09999999999999992,1.938992177735822,False,False,True,False,True,0,0,0.00011536820976433895,5.94990588869062e-06,1.9455605605579156
1985-10,0.8003113692604694,0.8459887098443623,0.05718951023310233,0.0,0.00011504854439578321,0.0,0.00011504854439578321,0.05707446168870654,0.11504854439578321,0.11504854439578321,0.0,0.0,1.9160997686948442,1.9160997686948442,26,9.207465809681317e-05,26,1.8667457690497606,0.09998849514556037,0.09999999999999995,1.9163202385488856,False,False,True,False,True,0,0,0.00022046985404194572,1.1504854439615714e-05,1.8979627797039151
1985-11,0.8459887098443623,0.8642915728314667,0.021746214398822364,0.0,0.0001113358547911274,0.0,0.0001113358547911274,0.021634878544031236,0.1113358547911274,0.1113358547911274,0.0,0.0,1.8698393863871263,1.8698393863871263,26,9.418887615416513e-05,26,1.8515280170169166,0.09998886641452086,0.09999999999999998,1.8700475897340296,False,False,True,False,True,0,0,0.00020820334690382913,1.1133585479150762e-05,1.866745769049761
1985-12,0.8642915728314667,0.899237123563551,0.04050574777239289,0.0,7.315322840040512e-05,0.0,7.315322840040512e-05,0.040432594543992485,0.07315322840040513,0.07315322840040513,0.0,0.0,1.898532098147025,1.898532098147025,26,6.322571883188566e-05,26,1.8636842560370495,0.09999268467715991,0.09999999999999995,1.8986709920597644,False,False,True,False,True,0,0,0.00013889391274064453,7.315322840107596e-06,1.8515280170169166
1986-01,0.899237123563551,0.8658940389423351,-0.03692719147493395,0.0,0.00015211024370724086,0.0,0.00015211024370724086,-0.03707930171864119,0.15211024370724086,0.15211024370724086,0.0,0.0,1.88721412498961,1.88721412498961,26,0.00013678317801585002,26,1.921536152267894,0.09998478897562924,0.09999999999999995,1.8875012332621992,False,False,True,False,True,0,0,0.0002871082725896014,1.5211024370743244e-05,1.8636842560370495
1986-02,0.8658940389423351,0.9034581931675543,0.04366843719650552,0.0,0.0002865076117924768,0.0,0.0002865076117924768,0.04338192958471304,0.2865076117924768,0.2865076117924768,0.0,0.0,1.9394468389860209,1.9394468389860209,28,0.0002480852331627103,28,1.9006609372388172,0.09997134923882074,0.09999999999999999,1.9400026645163024,False,False,True,False,True,0,0,0.0005558255302818629,2.8650761179260388e-05,1.9215361522678938
1986-03,0.9034581931675543,0.9311369624032126,0.030775860971442574,0.0,0.0001393916306579518,0.0,0.0001393916306579518,0.030636469340784622,0.1393916306579518,0.1393916306579518,0.0,0.0,1.9194575956697113,1.9194575956697113,28,0.00012593451077691218,28,1.892261252785438,0.09998606083693416,0.09999999999999995,1.9197251892942622,False,False,True,False,True,0,0,0.0002675936245518616,1.3939163065847556e-05,1.9006609372388172
1986-04,0.9311369624032126,0.9652365643268462,0.03675960036618206,0.0,0.0001381329553894717,0.0,0.0001381329553894717,0.036621467410792585,0.1381329553894717,0.1381329553894717,0.0,0.0,1.9025300876805953,1.9025300876805953,28,0.00012862070048913116,28,1.870779015304991,0.09998618670446105,0.09999999999999999,1.9027929260909704,False,False,True,False,True,0,0,0.0002628384103752768,1.3813295538956163e-05,1.8922612527854383
1986-05,0.9652365643268462,0.9020016602058292,-0.06541648109585815,0.0,9.585697550054376e-05,0.0,9.585697550054376e-05,-0.0655123380713587,0.09585697550054376,0.09585697550054376,0.0,0.0,1.8863241504557986,1.8863241504557986,28,9.252465769890753e-05,28,1.9485625584417692,0.0999904143024499,0.09999999999999995,1.8865049851179387,False,False,True,False,True,0,0,0.00018083466214132565,9.585697550118238e-06,1.870779015304991
1986-06,0.9020016602058292,0.9328226567234039,0.03431824283709521,0.0,0.0001486865299133178,0.0,0.0001486865299133178,0.034169556307181895,0.1486865299133178,0.1486865299133178,0.0,0.0,1.8176792647697706,1.8176792647697706,28,0.00013411549683205634,28,1.790806445917813,0.09998513134700861,0.09999999999999994,1.8179495693827994,False,False,True,False,True,0,0,0.000270304613030254,1.4868652991405272e-05,1.9485625584417692
1986-07,0.9328226567234039,0.9444907874331318,0.012629400411278953,0.0,0.00012098777182535672,0.0,0.00012098777182535672,0.012508412639453596,0.12098777182535672,0.12098777182535672,0.0,0.0,1.7898837299677237,1.7898837299677237,28,0.00011286013474517425,28,1.7802450901915252,0.09998790122281741,0.09999999999999994,1.7901003102156006,False,False,True,False,True,0,0,0.00021658024787800725,1.2098777182601036e-05,1.7908064459178124
1986-08,0.9444907874331318,1.0088468004232256,0.06820669835621923,0.0,6.838102546384675e-05,0.0,6.838102546384675e-05,0.06813831733075539,0.06838102546384675,0.06838102546384675,0.0,0.0,1.7887685992404536,1.7887685992404536,28,6.458524858583365e-05,28,1.7385157591174114,0.0999931618974536,0.09999999999999998,1.7888909254363778,False,False,True,False,True,0,0,0.00012232619592500438,6.838102546423569e-06,1.7802450901915257
1986-09,1.0088468004232256,1.0142206219101368,0.005488702449224989,0.0,0.00016200518988210855,0.0,0.00016200518988210855,0.00532669725934288,0.16200518988210855,0.16200518988210855,0.0,0.0,1.738189089221171,1.738189089221171,28,0.00016343841746452233,28,1.734438960413464,0.09998379948101173,0.09999999999999994,1.7384707305019704,False,False,True,False,True,0,0,0.00028164128080056944,1.6200518988274683e-05,1.7385157591174114
1986-10,1.0142206219101368,1.0244121240411488,0.010176123319916072,0.0,0.00012751859738744577,0.0,0.00012751859738744577,0.010048604722528626,0.12751859738744575,0.12751859738744575,0.0,0.0,1.7275695634901258,1.7275695634901258,28,0.0001293319911474036,28,1.7204574895555842,0.09998724814026119,0.09999999999999994,1.72778988883333,False,False,True,False,True,0,0,0.00022032534320540892,1.275185973881174e-05,1.7344389604134645
1986-11,1.0244121240411488,1.046553999917573,0.021687073027912077,0.0,7.284633457910083e-05,0.0,7.284633457910083e-05,0.021614226693332975,0.07284633457910084,0.07284633457910084,0.0,0.0,1.7433135364845664,1.7433135364845664,28,7.462466833478887e-05,28,1.7276586047800746,0.09999271536654206,0.09999999999999996,1.7434405397374428,False,False,True,False,True,0,0,0.0001270032528773654,7.284633457959222e-06,1.7204574895555842
1986-12,1.046553999917573,1.0300548752594343,-0.015684731001016607,0.0,8.046091400953953e-05,0.0,8.046091400953953e-05,-0.015765191915026146,0.08046091400953953,0.08046091400953953,0.0,0.0,1.7397141565571603,1.7397141565571603,28,8.420669139370749e-05,28,1.7516444362606816,0.09999195390859904,0.09999999999999999,1.7398541468120563,False,False,True,False,True,0,0,0.00013999025489606562,8.04609140097052e-06,1.7276586047800748
1987-01,1.0300548752594343,1.0968928640304558,0.0649520358034575,0.0,6.424159328256865e-05,0.0,6.424159328256865e-05,0.06488779421017493,0.06424159328256865,0.06424159328256865,0.0,0.0,1.7363759676635588,1.7363759676635588,28,6.617236635514356e-05,28,1.6915660159322778,0.09999357584067169,0.09999999999999994,1.7364875223887124,False,False,True,False,True,0,0,0.00011155472515467224,6.424159328322179e-06,1.7516444362606811
1987-02,1.0968928640304558,1.0931716385840138,-0.003239971468720762,0.0,0.00015254348736046648,0.0,0.00015254348736046648,-0.0033925149560812286,0.15254348736046647,0.15254348736046647,0.0,0.0,1.6650634531754467,1.6650634531754467,29,0.00016732386274001572,29,1.6674804340181055,0.09998474565126393,0.09999999999999998,1.6653174865124016,False,False,True,False,True,0,0,0.000254033336955551,1.5254348736080786e-05,1.6915660159322778
1987-03,1.0931716385840138,1.1342244720352008,0.03759267764303201,0.0,3.8800463815558336e-05,0.0,3.8800463815558336e-05,0.03755387717921645,0.038800463815558336,0.038800463815558336,0.0,0.0,1.6695527133203831,1.6695527133203831,29,4.2415566607073644e-05,29,1.645355897666354,0.09999611995361839,0.09999999999999994,1.6696174952535936,False,False,True,False,True,0,0,6.478193321132406e-05,3.880046381611103e-06,1.6674804340181053
1987-04,1.1342244720352008,1.2063989479786505,0.06370003989478297,0.0,6.671357980476995e-05,0.0,6.671357980476995e-05,0.0636333263149782,0.06671357980476994,0.06671357980476994,0.0,0.0,1.6616492587073528,1.6616492587073528,29,7.566817483164343e-05,29,1.622127904340599,0.09999332864201947,0.09999999999999995,1.6617601206737798,False,False,True,False,True,0,0,0.00011086196642799001,6.671357980538404e-06,1.6453558976663536
1987-05,1.2063989479786505,1.1979209315087118,-0.006904216806473021,0.0,0.0001233228678145531,0.0,0.0001233228678145531,-0.007027539674287574,0.12332286781455311,0.12332286781455311,0.0,0.0,1.636469586005132,1.636469586005132,29,0.00014877657799318704,29,1.6410982522759319,0.09998766771321856,0.10000000000000002,1.6366714250189354,False,False,True,False,True,0,0,0.00020183901380351615,1.2332286781457581e-05,1.6221279043405987
1987-06,1.1979209315087118,1.1940554323487402,-0.003179771399227783,0.0,4.7068585196806416e-05,0.0,4.7068585196806416e-05,-0.003226839984424589,0.047068585196806415,0.047068585196806415,0.0,0.0,1.6446629007066818,1.6446629007066818,29,5.6384443423755506e-05,29,1.646797079971339,0.09999529314148027,0.09999999999999995,1.6447403163063863,False,False,True,False,True,0,0,7.74155997057234e-05,4.7068585197433195e-06,1.6410982522759319
1987-07,1.1940554323487402,1.200343713650023,0.0053243885439225435,0.0,5.8065782914985095e-05,0.0,5.8065782914985095e-05,0.0052663227610075585,0.05806578291498509,0.05806578291498509,0.0,0.0,1.68796649422236,1.68796649422236,29,6.933376352322062e-05,29,1.684420182420501,0.09999419342170848,0.09999999999999998,1.688064513009919,False,False,True,False,True,0,0,9.801878755931123e-05,5.806578291521989e-06,1.6467970799713392
1987-08,1.200343713650023,1.217120173640201,0.0141281411797452,0.0,0.00015176108177815972,0.0,0.00015176108177815972,0.01397638009796704,0.15176108177815972,0.15176108177815972,0.0,0.0,1.8263374403044355,1.8263374403044355,29,0.00018216546048914107,29,1.8150970945756753,0.09998482389182213,0.09999999999999995,1.826614649319608,False,False,True,False,True,0,0,0.00027720901517360244,1.5176108177872301e-05,1.684420182420501
1987-09,1.217120173640201,1.2117080957609812,-0.004359415052473515,0.0,8.721067638388315e-05,0.0,8.721067638388315e-05,-0.004446625728857398,0.08721067638388315,0.08721067638388315,0.0,0.0,1.8437910395311154,1.8437910395311154,29,0.00010614587358363124,29,1.8476474210388907,0.09999127893236155,0.09999999999999994,1.8439518518193319,False,False,True,False,True,0,0,0.0001608122882176266,8.72106763845064e-06,1.8150970945756757
1987-10,1.2117080957609812,1.2172001043643903,0.004621157718968986,0.0,8.87058663963013e-05,0.0,8.87058663963013e-05,0.004532451852572684,0.08870586639630129,0.08870586639630129,0.0,0.0,1.8868432757672404,1.8868432757672404,29,0.00010748561645389026,29,1.8829301432700802,0.09999112941336039,0.10000000000000002,1.8870106646831502,False,False,True,False,True,0,0,0.00016738891590978647,8.870586639630792e-06,1.8476474210388907
1987-11,1.2172001043643903,1.3106221875824413,0.07683714952689139,0.0,8.552677967277207e-05,0.0,8.552677967277207e-05,0.07675162274721861,0.08552677967277207,0.08552677967277207,0.0,0.0,1.883311892130669,1.883311892130669,29,0.00010410320514364838,29,1.8204282215581398,0.09999144732203276,0.10000000000000003,1.8834729795092071,False,False,True,False,True,0,0,0.00016108737853791008,8.552677967268023e-06,1.88293014327008
1987-12,1.3106221875824413,1.328883386422558,0.01404823521125434,0.0,0.00011500638823167447,0.0,0.00011500638823167447,0.013933228823022665,0.11500638823167447,0.11500638823167447,0.0,0.0,1.830018294710072,1.830018294710072,29,0.00015072992413015272,29,1.8187258070848762,0.09998849936117678,0.09999999999999995,1.8302287827120094,False,False,True,False,True,0,0,0.00021048800193842684,1.1500638823224888e-05,1.8204282215581395
1988-01,1.328883386422558,1.3289501989815347,0.00014501297439106949,0.0,9.473575694721547e-05,0.0,9.473575694721547e-05,5.027721744385401e-05,0.09473575694721548,0.09473575694721548,0.0,0.0,1.8753063779060632,1.8753063779060632,29,0.00012589277350732008,29,1.8753571031435943,0.09999052642430525,0.09999999999999998,1.8754840533074957,False,False,True,False,True,0,0,0.00017767540143328112,9.47357569476238e-06,1.818725807084876
1988-02,1.3289501989815347,1.323905503749582,-0.0036785469779841706,0.0,0.00011745323016424502,0.0,0.00011745323016424502,-0.0037960002081484155,0.11745323016424501,0.11745323016424501,0.0,0.0,1.854120877380615,1.854120877380615,30,0.00015608949359779742,30,1.857493375643207,0.09998825467698351,0.09999999999999994,1.8543386754478648,False,False,True,False,True,0,0,0.00021779806725099118,1.1745323016486467e-05,1.8753571031435945
1988-03,1.323905503749582,1.354972471936719,0.023680306329439224,0.0,0.00021415402540482864,0.0,0.00021415402540482864,0.023466152304034395,0.21415402540482864,0.21415402540482864,0.0,0.0,2.0716474010480357,2.0716474010480357,30,0.0002835196928835804,30,2.047285787283202,0.09997858459745945,0.09999999999999994,2.0720911477083233,False,False,True,False,True,0,0,0.00044374666028882195,2.1415402540549194e-05,1.8574933756432068
1988-04,1.354972471936719,1.3664732834429134,0.008649655495489277,0.0,0.000161799288524632,0.0,0.000161799288524632,0.008487856206964645,0.161799288524632,0.161799288524632,0.0,0.0,2.2022674649751837,2.2022674649751837,30,0.00021923358192982303,30,2.1923091159334116,0.09998382007114755,0.10000000000000002,2.202623847946669,False,False,True,False,True,0,0,0.00035638297148496423,1.6179928852455212e-05,2.047285787283202
1988-05,1.3664732834429134,1.4591935724495786,0.0679424125111304,0.0,8.869730855364868e-05,0.0,8.869730855364868e-05,0.06785371520257674,0.08869730855364867,0.08869730855364867,0.0,0.0,2.2584068548165095,2.2584068548165095,30,0.00012120250245185352,30,2.178528045750462,0.0999911302691446,0.09999999999999998,2.2586071871950937,False,False,True,False,True,0,0,0.00020033237858461603,8.869730855386931e-06,2.192309115933412
1988-06,1.4591935724495786,1.63382434644238,0.11986064260782231,0.0,0.00018442055618240894,0.0,0.00018442055618240894,0.1196762220516399,0.18442055618240893,0.18442055618240893,0.0,0.0,2.2298331772192617,2.2298331772192617,30,0.00026910529020894754,30,2.098547574335034,0.09998155794438172,0.09999999999999996,2.230244480146713,False,False,True,False,True,0,0,0.00041130292745207575,1.844205561827188e-05,2.178528045750462
1988-07,1.63382434644238,1.5164238908066596,-0.07142744956605734,0.0,0.00042877897610980143,0.0,0.00042877897610980143,-0.07185622854216714,0.4287789761098014,0.4287789761098014,0.0,0.0,2.1656194944848233,2.1656194944848233,30,0.0007005495304108293,30,2.2563228987998536,0.09899039539626893,0.09903285860398238,2.166548464917303,False,False,False,False,False,0,0,0.0,0.0,2.098547574335034
1988-08,1.5164238908066596,1.4911033664680637,-0.016493502648432003,0.0,0.0002040213698203583,0.0,0.0002040213698203583,-0.01669752401825236,0.2040213698203583,0.2040213698203583,0.0,0.0,2.067920949183865,2.067920949183865,30,0.00030938287943069214,30,2.086262870931195,0.09997959786301794,0.09999999999999998,2.0683429353427916,False,False,True,False,True,0,0,0.0004219861589275127,2.040213698206627e-05,2.2563228987998536
1988-09,1.4911033664680637,1.4660192865280606,-0.016749318562093732,0.0,7.317711734343488e-05,0.0,7.317711734343488e-05,-0.016822495679437166,0.07317711734343488,0.07317711734343488,0.0,0.0,2.0419343631711686,2.0419343631711686,30,0.00010911464601922428,30,2.0598366375445143,0.09999268228826566,0.1,2.0420837969768053,False,False,True,False,True,0,0,0.00014943380563652367,7.317711734343527e-06,2.0862628709311943
1988-10,1.4660192865280606,1.5363879233423856,0.048073449249199776,0.0,7.364634007337867e-05,0.0,7.364634007337867e-05,0.0479998029091264,0.07364634007337867,0.07364634007337867,0.0,0.0,2.028982582099468,2.028982582099468,30,0.00010796695492977751,30,1.9819240667631806,0.09999263536599266,0.09999999999999999,2.0291320202462844,False,False,True,False,True,0,0,0.00014943814681700474,7.364634007344625e-06,2.059836637544514
1988-11,1.5363879233423856,1.5647189334339429,0.018542195471832522,0.0,0.00010218454677678193,0.0,0.00010218454677678193,0.01844001092505574,0.10218454677678193,0.10218454677678193,0.0,0.0,2.0297576273076077,2.0297576273076077,30,0.00015699510362006286,30,2.0112130324877517,0.0999897815453223,0.09999999999999998,2.0299650583670696,False,False,True,False,True,0,0,0.0002074310594624429,1.021845467770264e-05,1.9819240667631806
1988-12,1.5647189334339429,1.5908647519638153,0.016803613817533092,0.0,9.401954395165199e-05,0.0,9.401954395165199e-05,0.01670959427358144,0.09401954395165199,0.09401954395165199,0.0,0.0,2.0196518818443407,2.0196518818443407,30,0.0001471141605339746,30,2.0029864054906263,0.0999905980456048,0.09999999999999996,2.019841786447957,False,False,True,False,True,0,0,0.00018990460361714007,9.401954395205304e-06,2.0112130324877517
1989-01,1.5908647519638153,1.5311374788329328,-0.03747436051862173,0.0,6.954323382055775e-05,0.0,6.954323382055775e-05,-0.037543903752442286,0.06954323382055774,0.06954323382055774,0.0,0.0,2.027841958393719,2.027841958393719,30,0.00011063387942270321,30,2.0680087181484756,0.09999304567661794,0.1,2.0279829908890386,False,False,True,False,True,0,0,0.00014103249531930914,6.9543233820468705e-06,2.002986405490627
1989-02,1.5311374788329328,1.5405437270599978,0.006210807922955024,0.0,6.750050797716356e-05,0.0,6.750050797716356e-05,0.00614330741497786,0.06750050797716356,0.06750050797716356,0.0,0.0,2.0418165783563325,2.0418165783563325,30,0.00010335255760409649,30,2.035522545531966,0.09999324994920224,0.09999999999999996,2.041954411316363,False,False,True,False,True,0,0,0.00013783296003131926,6.7500507977774315e-06,2.0680087181484756
1989-03,1.5405437270599978,1.5343085508573198,-0.003987223737682963,0.0,6.0162969461945506e-05,0.0,6.0162969461945506e-05,-0.004047386707144909,0.060162969461945506,0.060162969461945506,0.0,0.0,2.0505280191965114,2.0505280191965114,30,9.268368520590236e-05,30,2.054857598789244,0.09999398370305378,0.09999999999999998,2.050651392473614,False,False,True,False,True,0,0,0.0001233732771032739,6.016296946231686e-06,2.0355225455319665
1989-04,1.5343085508573198,1.5287062985233515,-0.003558966479641464,0.0,9.2354065263213e-05,0.0,9.2354065263213e-05,-0.003651320544904677,0.09235406526321299,0.09235406526321299,0.0,0.0,2.060249355561022,2.060249355561022,30,0.00014169963203978267,30,2.0642275455277246,0.09999076459347363,0.09999999999999995,2.060439645538517,False,False,True,False,True,0,0,0.00019028997749610463,9.235406526375731e-06,2.0548575987892437
1989-05,1.5287062985233515,1.4560847954142828,-0.04745054453365618,0.0,5.465851235546291e-05,0.0,5.465851235546291e-05,-0.04750520304601164,0.05465851235546291,0.05465851235546291,0.0,0.0,2.0824082898207896,2.0824082898207896,30,8.355681210571258e-05,30,2.1364502481218643,0.09999453414876439,0.09999999999999992,2.082522117381673,False,False,True,False,True,0,0,0.00011382756088494997,5.465851235620389e-06,2.064227545527725
1989-06,1.4560847954142828,1.5090997416110294,0.036485516653998705,0.0,7.627293158020221e-05,0.0,7.627293158020221e-05,0.0364092437224185,0.07627293158020221,0.07627293158020221,0.0,0.0,2.1461759753783745,2.1461759753783745,30,0.00011105985597560632,30,2.1059842000183426,0.09999237270684197,0.09999999999999999,2.1463396829981636,False,False,True,False,True,0,0,0.0001637076197896735,7.627293158043005e-06,2.136450248121865
1989-07,1.5090997416110294,1.5014031067451372,-0.0050051185702015225,0.0,9.50313096703512e-05,0.0,9.50313096703512e-05,-0.005100149879871874,0.0950313096703512,0.0950313096703512,0.0,0.0,2.1652608655437633,2.1652608655437633,30,0.00014341172486848473,30,2.1713298546710247,0.09999049686903297,0.1,2.1654666526758146,False,False,True,False,True,0,0,0.00020578713205129245,9.503130967036375e-06,2.1059842000183426
1989-08,1.5014031067451372,1.437727565797155,-0.04230918542331348,0.0,0.00010150405902218033,0.0,0.00010150405902218033,-0.04241068948233566,0.10150405902218032,0.10150405902218032,0.0,0.0,2.1564020085362254,2.1564020085362254,30,0.00015239850956314332,30,2.2077239166026734,0.09998984959409772,0.09999999999999994,2.1566209143128003,False,False,True,False,True,0,0,0.00021890577657640575,1.015040590228843e-05,2.1713298546710247
1989-09,1.437727565797155,1.480372735089512,0.02975978892236282,0.0,9.827981113412487e-05,0.0,9.827981113412487e-05,0.029661509111228695,0.09827981113412487,0.09827981113412487,0.0,0.0,2.26832676105007,2.26832676105007,30,0.0001412995936288695,30,2.2318854590923465,0.09999017201888655,0.09999999999999995,2.2685497136874795,False,False,True,False,True,0,0,0.00022295263741075114,9.827981113464308e-06,2.207723916602674
1989-10,1.480372735089512,1.461842622438104,-0.012405623136270194,0.0,0.00011157081913416977,0.0,0.00011157081913416977,-0.012517193955404364,0.11157081913416977,0.11157081913416977,0.0,0.0,2.299402780394491,2.299402780394491,30,0.00016516639867782815,30,2.3159868133997032,0.09998884291808655,0.09999999999999996,2.2996593552724884,False,False,True,False,True,0,0,0.00025657487799824255,1.1157081913458394e-05,2.231885459092347
1989-11,1.461842622438104,1.5046430377825721,0.02934109085881556,0.0,6.268928020776038e-05,0.0,6.268928020776038e-05,0.0292784015786078,0.06268928020776038,0.06268928020776038,0.0,0.0,2.286160893746086,2.286160893746086,30,9.164186177766957e-05,30,2.2496362316100367,0.09999373107197923,0.1,2.2863042205120063,False,False,True,False,True,0,0,0.0001433267659200002,6.2689280207815664e-06,2.3159868133997037
1989-12,1.5046430377825721,1.5410147798343568,0.024243953611198087,0.0,7.094969035692516e-05,0.0,7.094969035692516e-05,0.024173003920841162,0.07094969035692517,0.07094969035692517,0.0,0.0,2.278502660074699,2.278502660074699,30,0.00010675395762837674,30,2.2483961253326274,0.09999290503096425,0.09999999999999995,2.2786643306033825,False,False,True,False,True,0,0,0.0001616705286849318,7.094969035747911e-06,2.2496362316100367
1990-01,1.5410147798343568,1.5370760397533003,-0.0024474403085252387,0.0,0.00010849888985147956,0.0,0.00010849888985147956,-0.0025559391983767184,0.10849888985147955,0.10849888985147955,0.0,0.0,2.2849894409685128,2.2849894409685128,30,0.0001671983928567499,30,2.2883909888897027,0.0999891501110148,0.09999999999999994,2.2852373866880153,False,False,True,False,True,0,0,0.00024794571950412583,1.0849888985207795e-05,2.2483961253326266
1990-02,1.5370760397533003,1.5326775795025236,-0.0026912844748667323,0.0,0.0001702917497438172,0.0,0.0001702917497438172,-0.0028615762246105496,0.1702917497438172,0.1702917497438172,0.0,0.0,2.391931401691243,2.391931401691243,31,0.0002617513682988866,31,2.3960967306526797,0.0973566668030654,0.09737324866395862,2.392338797251007,False,False,False,False,False,0,0,0.0,0.0,2.2883909888897027
1990-03,1.5326775795025236,1.5430025812507158,0.006799641694140849,0.0,6.306389964901116e-05,0.0,6.306389964901116e-05,0.006736577794491838,0.06306389964901116,0.06306389964901116,0.0,0.0,2.390956001678028,2.390956001678028,31,9.665662506803648e-05,31,2.381711061522222,0.09724406922018074,0.09725020219717295,2.3911067941969475,False,False,False,False,False,0,0,0.0,0.0,2.3960967306526793
1990-04,1.5430025812507158,1.557788356049867,0.0096532938434488,0.0,7.08245859013583e-05,0.0,7.08245859013583e-05,0.009582469257547443,0.0708245859013583,0.0708245859013583,0.0,0.0,2.3995354681306074,2.3995354681306074,31,0.00010928251886180891,31,2.38632190567432,0.09562987541049728,0.09563664883654811,2.3997054262737083,False,False,False,False,False,0,0,0.0,0.0,2.3817110615222226
1990-05,1.557788356049867,1.5916846962118496,0.021914413433786695,0.0,0.0001551416878260598,0.0,0.0001551416878260598,0.021759271745960634,0.1551416878260598,0.1551416878260598,0.0,0.0,2.4781379983777336,2.4781379983777336,31,0.0002416779148333594,31,2.4468115738646388,0.09318149555831357,0.09319595413593677,2.4785225205448858,False,False,False,False,False,0,0,0.0,0.0,2.3863219056743197
1990-06,1.5916846962118496,1.5883274624422772,-0.0020265783260194573,0.0,8.26546003022793e-05,0.0,8.26546003022793e-05,-0.0021092329263217367,0.08265460030227931,0.08265460030227931,0.0,0.0,2.4700825201586465,2.4700825201586465,31,0.0001315600623726453,31,2.4732726499416553,0.0929098094837387,0.09291748954169786,2.4702867007185265,False,False,False,False,False,0,0,0.0,0.0,2.4468115738646374
1990-07,1.5883274624422772,1.6163397341223005,0.01771492449605975,0.0,7.859172312488184e-05,0.0,7.859172312488184e-05,0.017636332772934867,0.07859172312488184,0.07859172312488184,0.0,0.0,2.4693689446314244,2.4693689446314244,31,0.0001248293921599096,31,2.4439810068008128,0.09303149392467809,0.09303880600475949,2.4695630318454627,False,False,False,False,False,0,0,0.0,0.0,2.4732726499416553
1990-08,1.6163397341223005,1.582644288483227,-0.020702443431579124,0.0,0.00014431602606093473,0.0,0.00014431602606093473,-0.020846759457640057,0.14431602606093474,0.14431602606093474,0.0,0.0,2.4500435145154085,2.4500435145154085,31,0.00023326372719291823,31,2.4810631987881693,0.09258334731218669,0.09259671050147257,2.450397146093804,False,False,False,False,False,0,0,0.0,0.0,2.4439810068008128
1990-09,1.582644288483227,1.6141879093290314,0.02008287587042588,0.0,0.00015191534104812567,0.0,0.00015191534104812567,0.019930960529377754,0.15191534104812565,0.15191534104812565,0.0,0.0,2.4518053495590566,2.4518053495590566,31,0.00024042794684279761,31,2.4235838709577857,0.09444230313409037,0.09445665254867656,2.4521778729969435,False,False,False,False,False,0,0,0.0,0.0,2.4810631987881693
1990-10,1.6141879093290314,1.565926859469718,-0.02974878493143599,0.0,0.00014925208172314865,0.0,0.00014925208172314865,-0.02989803701315914,0.14925208172314863,0.14925208172314863,0.0,0.0,2.4623471050012165,2.4623471050012165,31,0.00024092090575969505,31,2.5075697327526982,0.09572413612337889,0.09573842528265322,2.462714670292448,False,False,False,False,False,0,0,0.0,0.0,2.423583870957786
1990-11,1.565926859469718,1.513729897864289,-0.03323185539798064,0.0,0.00010109453500970982,0.0,0.00010109453500970982,-0.03333294993299035,0.10109453500970983,0.10109453500970983,0.0,0.0,2.5252251737989657,2.5252251737989657,31,0.00015830664771730637,31,2.577923100025225,0.09685950097776945,0.09686929393399643,2.5254804860743816,False,False,False,False,False,0,0,0.0,0.0,2.5075697327526987
1990-12,1.513729897864289,1.5167897407191895,0.002119577495637827,0.0,9.818460433164017e-05,0.0,9.818460433164017e-05,0.0020213928913061867,0.09818460433164017,0.09818460433164017,0.0,0.0,2.5240294515544104,2.5240294515544104,31,0.0001486249710867793,31,2.5210529904565333,0.09302233462158038,0.09303146887954271,2.5242772967220124,False,False,False,False,False,0,0,0.0,0.0,2.5779231000252256
1991-01,1.5167897407191895,1.5092395456902414,-0.004889951736007699,0.0,8.77948997047053e-05,0.0,8.77948997047053e-05,-0.0049777466357124045,0.0877948997047053,0.0877948997047053,0.0,0.0,2.5294719784055184,2.5294719784055184,31,0.0001331664031595672,31,2.537211623291441,0.09260401170025283,0.09261214257402155,2.5296940726429096,False,False,False,False,False,0,0,0.0,0.0,2.521052990456533
1991-02,1.5092395456902414,1.5387700526064632,0.019768248177037755,0.0,0.00020176716310689734,0.0,0.00020176716310689734,0.019566481013930857,0.20176716310689732,0.20176716310689732,0.0,0.0,2.6203598171941653,2.6203598171941653,32,0.00030451498158266257,32,2.589461417705365,0.09317778205817537,0.09319658606895775,2.6208886264571447,False,False,False,False,False,0,0,0.0,0.0,2.5372116232914403
1991-03,1.5387700526064632,1.4995424402988748,-0.02541030584897501,0.0,8.25299656693064e-05,0.0,8.25299656693064e-05,-0.025492835814644316,0.0825299656693064,0.0825299656693064,0.0,0.0,2.613097621535313,2.613097621535313,32,0.0001269946396145682,32,2.6553804946621695,0.09343696671991941,0.093444678706045,2.613313298192096,False,False,False,False,False,0,0,0.0,0.0,2.5894614177053645
1991-04,1.4995424402988748,1.5120157147463025,0.008388864576709464,0.0,7.081094100059768e-05,0.0,7.081094100059768e-05,0.008318053635708866,0.07081094100059768,0.07081094100059768,0.0,0.0,2.60825139755853,2.60825139755853,32,0.0001061840112678959,32,2.595054459949792,0.09323687736562586,0.09324348002418854,2.60843610337355,False,False,False,False,False,0,0,0.0,0.0,2.65538049466217
1991-05,1.5120157147463025,1.5156634434221212,0.002485196749857344,0.0,7.270285826390626e-05,0.0,7.270285826390626e-05,0.002412493891593438,0.07270285826390625,0.07270285826390625,0.0,0.0,2.6118120959730713,2.6118120959730713,32,0.00010992786420199934,32,2.608005495396043,0.09338023559722618,0.09338702510087578,2.61200199598397,False,False,False,False,False,0,0,0.0,0.0,2.5950544599497922
1991-06,1.5156634434221212,1.4452491727033914,-0.046348949292322146,0.0,0.0001087725880353266,0.0,0.0001087725880353266,-0.046457721880357475,0.1087725880353266,0.1087725880353266,0.0,0.0,2.6500683722748324,2.6500683722748324,32,0.00016486263533155895,32,2.730575751834485,0.09119932011617093,0.09120924118138697,2.650356658427786,False,False,False,False,False,0,0,0.0,0.0,2.608005495396043
1991-07,1.4452491727033914,1.509534028388813,0.04471772254156341,0.0,0.00023760319634740898,0.0,0.00023760319634740898,0.044480119345216,0.23760319634740898,0.23760319634740898,0.0,0.0,2.838575863605608,2.838575863605608,32,0.00034339582295277426,32,2.760505951951203,0.09395609656867074,0.09397842614311004,2.8392504785945527,False,False,False,False,False,0,0,0.0,0.0,2.730575751834485
1991-08,1.509534028388813,1.4806709071393558,-0.018951813563046024,0.0,0.0001687366906399036,0.0,0.0001687366906399036,-0.019120550253685926,0.1687366906399036,0.1687366906399036,0.0,0.0,2.8675474946152795,2.8675474946152795,32,0.0002547137763586506,32,2.904124132470069,0.0885078822605008,0.08852281930807696,2.8680314367485678,False,False,False,False,False,0,0,0.0,0.0,2.760505951951203
1991-09,1.4806709071393558,1.5849636957315043,0.07054012042995214,0.0,0.00010394984722537504,0.0,0.00010394984722537504,0.07043617058272676,0.10394984722537504,0.10394984722537504,0.0,0.0,2.896255060882474,2.896255060882474,32,0.0001539155145881935,32,2.7715759826177724,0.08940633844949264,0.0894156331909024,2.896556157452521,False,False,False,False,False,0,0,0.0,0.0,2.904124132470069
1991-10,1.5849636957315043,1.6128609072809246,0.017758949809181093,0.0,0.00015778227168436527,0.0,0.00015778227168436527,0.01760116753749673,0.15778227168436526,0.15778227168436526,0.0,0.0,2.8861537000589705,2.8861537000589705,32,0.0002500791724497639,32,2.853684471388097,0.09338688004817089,0.09340161716750657,2.886609155809039,False,False,False,False,False,0,0,0.0,0.0,2.7715759826177724
1991-11,1.6128609072809246,1.57892461853809,-0.020895764258646265,0.0,0.00014528682619071776,0.0,0.00014528682619071776,-0.021041051084836983,0.14528682619071775,0.14528682619071775,0.0,0.0,2.8813776140452574,2.8813776140452574,32,0.00023432744230592704,32,2.9219630230220224,0.09076021307851756,0.09077340125788885,2.88179630108357,False,False,False,False,False,0,0,0.0,0.0,2.853684471388097
1991-12,1.57892461853809,1.5870111405884366,0.005220793747598361,0.0,9.925598993536914e-05,0.0,9.925598993536914e-05,0.005121537757662992,0.09925598993536913,0.09925598993536913,0.0,0.0,2.9596267678033112,2.9596267678033112,32,0.00015671772604632323,32,2.9497403549477434,0.09194498784999014,0.09195411484668788,2.9599205576483905,False,False,False,False,False,0,0,0.0,0.0,2.921963023022023
1992-01,1.5870111405884366,1.6073090485710708,0.012996836769973596,0.0,0.00020681440434100985,0.0,0.00020681440434100985,0.012790022365632587,0.20681440434100984,0.20681440434100984,0.0,0.0,2.886497888328509,2.886497888328509,32,0.00032821676372334416,32,2.8628784457472873,0.09006559771180964,0.09008422842785246,2.887094981157313,False,False,False,False,False,0,0,0.0,0.0,2.9497403549477426
1992-02,1.6073090485710708,1.5595216324756598,-0.02921631008865684,0.0,0.0005150076923852124,0.0,0.0005150076923852124,-0.029731317781042054,0.5150076923852124,0.5150076923852124,0.0,0.0,2.9727850214128795,2.9727850214128795,34,0.0008277765240544584,34,3.0337665898814974,0.08571124683034888,0.08575541152694892,2.9743168174534587,False,False,False,False,False,0,0,0.0,0.0,2.8628784457472873
1992-03,1.5595216324756598,1.5355545594836923,-0.015261397753454597,0.0,0.00010682317588317126,0.0,0.00010682317588317126,-0.015368220929337768,0.10682317588317125,0.10682317588317125,0.0,0.0,2.9996795304723487,2.9996795304723487,34,0.00016659305363955776,34,3.030999198030878,0.08622594776473853,0.08623515967836817,2.9999999999999982,False,False,True,True,False,0,0,0.00032046952765084694,9.211913629674455e-06,3.033766589881498
1992-04,1.5355545594836923,1.472705234005662,-0.040852839399910454,0.0,7.655974769303415e-05,0.0,7.655974769303415e-05,-0.04092939914760349,0.07655974769303416,0.07655974769303416,0.0,0.0,2.999770320756919,2.999770320756919,34,0.00011756166964295969,34,3.0851925590537355,0.08632379148603642,0.08633040091974907,2.9999999999999982,False,False,True,True,False,0,0,0.00022967924308049323,6.609433712695032e-06,3.030999198030879
1992-05,1.472705234005662,1.526190658600653,0.03643675180770255,0.0,0.00011894471366893153,0.0,0.00011894471366893153,0.036317807094033615,0.11894471366893153,0.11894471366893153,0.0,0.0,2.9996431658589917,2.9996431658589917,34,0.00017517050237754028,34,2.9296803518027414,0.08758627756372624,0.08759669672773686,2.9999999999999982,False,False,True,True,False,0,0,0.00035683414100873626,1.041916401068108e-05,3.0851925590537355
1992-06,1.526190658600653,1.5896096064105831,0.04168006987456127,0.0,0.0001263180857262674,0.0,0.0001263180857262674,0.041553751788835004,0.1263180857262674,0.1263180857262674,0.0,0.0,2.99962104574282,2.99962104574282,34,0.00019278548244774582,34,2.919965590248266,0.08333581154788762,0.08334633969797056,2.9999999999999987,False,False,True,True,False,0,0,0.00037895425717950765,1.0528150082958144e-05,2.9296803518027414
1992-07,1.5896096064105831,1.5942793434270743,0.0030662026797826734,0.0,0.0001285398739849229,0.0,0.0001285398739849229,0.0029376628057977503,0.1285398739849229,0.1285398739849229,0.0,0.0,2.9996143803780426,2.9996143803780426,34,0.00020432821849323925,34,2.9938855568127622,0.08205859460309309,0.08206914376049011,2.9999999999999973,False,False,True,True,False,0,0,0.0003856196219569723,1.0549157397084144e-05,2.919965590248266
1992-08,1.5942793434270743,1.5806256320629994,-0.008423389637348955,0.0,0.00014080045917746093,0.0,0.00014080045917746093,-0.008564190096526416,0.14080045917746092,0.14080045917746092,0.0,0.0,2.9995775986224658,2.9995775986224658,34,0.00022447526361167299,34,3.0169923046014806,0.08168636021527192,0.08169786331194007,2.999999999999998,False,False,True,True,False,0,0,0.00042240137753423584,1.1503096668188823e-05,2.993885556812762
1992-09,1.5806256320629994,1.5718372993818426,-0.0054487900086845655,0.0,0.0001112442605853781,0.0,0.0001112442605853781,-0.005560034269269943,0.11124426058537809,0.11124426058537809,0.0,0.0,2.999666267218243,2.999666267218243,34,0.00017583552970114427,34,3.0109585097068794,0.07903653237092889,0.0790453257097402,2.999999999999999,False,False,True,True,False,0,0,0.00033373278175651694,8.793338811320649e-06,3.016992304601482
1992-10,1.5718372993818426,1.4918121854814228,-0.05078358771587454,0.0,0.0001282426191679677,0.0,0.0001282426191679677,-0.050911830335042506,0.1282426191679677,0.1282426191679677,0.0,0.0,2.9996152721424947,2.9996152721424947,34,0.00020157653217863246,34,3.1070155320423,0.08011454818230182,0.0801248235995406,2.9999999999999987,False,False,True,True,False,0,0,0.00038472785750533894,1.0275417238815669e-05,3.010958509706879
1992-11,1.4918121854814228,1.5130007495562483,0.014321729300429636,0.0,0.00011849092965054413,0.0,0.00011849092965054413,0.014203238370779091,0.11849092965054413,0.11849092965054413,0.0,0.0,2.9996445272110464,2.9996445272110464,34,0.00017676621272170374,34,2.971757673889038,0.08331903591228139,0.08332890963225048,2.999999999999998,False,False,True,True,False,0,0,0.0003554727889536341,9.873719969146716e-06,3.1070155320422996
1992-12,1.5130007495562483,1.548632021348225,0.024065119750649424,0.0,0.000515050920593019,0.0,0.000515050920593019,0.023550068830056406,0.5150509205930189,0.5150509205930189,0.0,0.0,2.9984548472382206,2.9984548472382206,36,0.0007792724289168735,36,2.9529771518101566,0.07785104392563208,0.07789116184024396,2.9999999999999996,False,False,True,True,False,0,0,0.0015451527617793871,4.011791461188592e-05,2.971757673889038
1993-01,1.548632021348225,1.5541780398472516,0.00367655839715736,0.0,9.532126491831393e-05,0.0,9.532126491831393e-05,0.003581237132239046,0.09532126491831393,0.09532126491831393,0.0,0.0,2.9997140362052437,2.9997140362052437,36,0.00014761756316791815,36,2.9926731224914818,0.07849445803950673,0.07850194094381605,2.9999999999999987,False,False,True,True,False,0,0,0.0002859637947559071,7.4829043093321405e-06,2.9529771518101566
1993-02,1.5541780398472516,1.6119168249294118,0.03730627165601144,0.0,0.00015558260893490283,0.0,0.00015558260893490283,0.03715068904707654,0.15558260893490283,0.15558260893490283,0.0,0.0,2.999533252173193,2.999533252173193,37,0.00024180307418876878,37,2.928060074490643,0.07746565153071054,0.07747770571429986,2.999999999999998,False,False,True,True,False,0,0,0.0004667478268070256,1.2054183589381033e-05,2.992673122491481
1993-03,1.6119168249294118,1.705528444930867,0.05824578656408849,0.0,0.00017106549058979687,0.0,0.00017106549058979687,0.058074721073498696,0.17106549058979686,0.17106549058979686,0.0,0.0,2.9994868035282307,2.9994868035282307,37,0.00027574334244649754,37,2.8899023189874655,0.07838188155118189,0.07839529228031575,3.0,False,False,True,True,False,0,0,0.0005131964717692977,1.3410729133860296e-05,2.928060074490643
1993-04,1.705528444930867,1.7238963041778614,0.010950294944638735,0.0,0.0001806948822141158,0.0,0.0001806948822141158,0.010769600062424618,0.18069488221411578,0.18069488221411578,0.0,0.0,2.999457915353358,2.999457915353358,37,0.0003081802614696071,37,2.978332757645338,0.0809063623483077,0.08092098435604456,3.0000000000000004,False,False,True,True,False,0,0,0.0005420846466428139,1.4622007736878319e-05,2.889902318987465
1993-05,1.7238963041778614,1.715755931479557,-0.004587295445669338,0.0,0.0001347824882389962,0.0,0.0001347824882389962,-0.004722077933908334,0.1347824882389962,0.1347824882389962,0.0,0.0,2.9995956525352807,2.9995956525352807,37,0.00023235103334310163,37,3.0092181195703525,0.0809044441891563,0.08091535016138778,2.9999999999999973,False,False,True,True,False,0,0,0.0004043474647188218,1.0905972231531417e-05,2.9783327576453376
1993-06,1.715755931479557,1.7573890088315425,0.02436433425131446,0.0,9.918290424392256e-05,0.0,9.918290424392256e-05,0.024265151347070538,0.09918290424392256,0.09918290424392256,0.0,0.0,2.9997024512872668,2.9997024512872668,37,0.00017017365625787907,37,2.952425728398019,0.07978450341336529,0.07979241745706533,2.9999999999999987,False,False,True,True,False,0,0,0.00029754871273277375,7.914043700061659e-06,3.0092181195703525
1993-07,1.7573890088315425,1.8717033494069575,0.06518915582250628,0.0,0.00014132634312393649,0.0,0.00014132634312393649,0.06504782947938234,0.1413263431239365,0.1413263431239365,0.0,0.0,2.9995760209706273,2.9995760209706273,37,0.0002483653620643612,37,2.8775845478143975,0.08004446615992775,0.08005578015058236,2.999999999999999,False,False,True,True,False,0,0,0.00042397902937273135,1.1313990654640128e-05,2.9524257283980186
1993-08,1.8717033494069575,1.8651357354053835,-0.003294038661448919,0.0,0.00021485819640780173,0.0,0.00021485819640780173,-0.0035088968578567206,0.21485819640780174,0.21485819640780174,0.0,0.0,2.9993554254107764,2.9993554254107764,37,0.0004021508058640204,37,3.0066112756071015,0.08402479109266901,0.08404284838749453,2.9999999999999996,False,False,True,True,False,0,0,0.000644574589223644,1.8057294825517942e-05,2.877584547814397
1993-09,1.8651357354053835,1.830197630790722,-0.0186154795240988,0.0,0.0001167252969449068,0.0,0.0001167252969449068,-0.018732204821043708,0.1167252969449068,0.1167252969449068,0.0,0.0,2.999649824109164,2.999649824109164,37,0.0002177085225577505,37,3.037941690567157,0.0797116425932545,0.07972094804458774,2.9999999999999987,False,False,True,True,False,0,0,0.0003501758908362011,9.30545133327405e-06,3.006611275607102
1993-10,1.830197630790722,1.8786105417986676,0.0273472964029957,0.0,0.0008950104894633642,0.0,0.0008950104894633642,0.026452285913532336,0.8950104894633641,0.8950104894633641,0.0,0.0,2.99731496853161,2.99731496853161,38,0.0016380460773486934,38,2.946714919381456,0.07073449726127767,0.07079786209048024,3.0,False,False,True,True,False,0,0,0.002685031468390175,6.33648292025622e-05,3.0379416905671563
1993-11,1.8786105417986676,1.8758075299772612,-0.001359835012312427,0.0,0.00013223146929191537,0.0,0.00013223146929191537,-0.0014920664816043424,0.13223146929191537,0.13223146929191537,0.0,0.0,2.9996033055921227,2.9996033055921227,38,0.000248411432169319,38,3.002723734016855,0.07112014142468821,0.07112954698919666,2.9999999999999982,False,False,True,True,False,0,0,0.0003966944078772766,9.405564508485618e-06,2.9467149193814564
1993-12,1.8758075299772612,1.971528292927734,0.05113291505786603,0.0,0.0001038188309023233,0.0,0.0001038188309023233,0.05102909622696371,0.1038188309023233,0.1038188309023233,0.0,0.0,2.999688543507292,2.999688543507292,38,0.00019474414476001404,38,2.9026993348872523,0.07077733530316266,0.07078468408631028,2.9999999999999987,False,False,True,True,False,0,0,0.0003114564927084937,7.348783147666073e-06,3.002723734016855
1994-01,1.971528292927734,1.9984810255865288,0.013836774051157304,0.0,0.00016578958926560344,0.0,0.00016578958926560344,0.0136709844618917,0.16578958926560344,0.16578958926560344,0.0,0.0,2.999502631232202,2.999502631232202,38,0.00032685886591000534,38,2.9726996742271297,0.07243608915338672,0.07244810029417756,2.999999999999999,False,False,True,True,False,0,0,0.0004973687677978546,1.201114079086995e-05,2.9026993348872527
1994-02,1.9984810255865288,1.9277393038509014,-0.03524567384117156,0.0,0.00015207116111863543,0.0,0.00015207116111863543,-0.0353977450022902,0.15207116111863542,0.15207116111863542,0.0,0.0,2.999543786516644,2.999543786516644,40,0.0003039113300345048,40,3.0730781493793113,0.07521225572596825,0.0752236950806228,2.9999999999999996,False,False,True,True,False,0,0,0.00045621348335613335,1.1439354654549924e-05,2.97269967422713
1994-03,1.9277393038509014,1.8519761273095885,-0.03919270428381997,0.0,0.00010886330364712241,0.0,0.00010886330364712241,-0.03930156758746709,0.1088633036471224,0.1088633036471224,0.0,0.0,2.9996734100890583,2.9996734100890583,40,0.00020986006918761305,40,3.081592106245865,0.07747242299945309,0.07748085782160496,2.9999999999999996,False,False,True,True,False,0,0,0.0003265899109416541,8.434822151880786e-06,3.0730781493793113
1994-04,1.8519761273095885,1.8187625737744426,-0.0178091688706264,0.0,0.00012494650233797029,0.0,0.00012494650233797029,-0.01793411537296437,0.12494650233797028,0.12494650233797028,0.0,0.0,2.9996251604929847,2.9996251604929847,40,0.00023139793952075267,40,3.0362687863399085,0.07946264993864365,0.07947257975951637,2.9999999999999987,False,False,True,True,False,0,0,0.0003748395070148382,9.929820872752084e-06,3.0815921062458647
1994-05,1.8187625737744426,1.84188129902215,0.012795960915975922,0.0,8.472219737314912e-05,0.0,8.472219737314912e-05,0.012711238718602772,0.08472219737314912,0.08472219737314912,0.0,0.0,2.9997458334078777,2.9997458334078777,40,0.00015408956175021502,40,2.9747293000674735,0.08054703966743794,0.08055386436783407,2.999999999999997,False,False,True,True,False,0,0,0.0002541665921222923,6.824700396218421e-06,3.0362687863399094
1994-06,1.84188129902215,1.8189266037938783,-0.012329187796232835,0.0,0.00013344768438057359,0.0,0.00013344768438057359,-0.012462635480613408,0.13344768438057358,0.13344768438057358,0.0,0.0,2.999599656946856,2.999599656946856,40,0.00024579479425838874,40,3.02496956214357,0.08075965811337978,0.08077043674112928,2.999999999999998,False,False,True,True,False,0,0,0.0004003430531432303,1.077862774955174e-05,2.974729300067474
1994-07,1.8189266037938783,1.8754341900941878,0.031181546746902798,0.0,0.00011510009509880092,0.0,0.00011510009509880092,0.031066446651803997,0.11510009509880093,0.11510009509880093,0.0,0.0,2.9996546997147018,2.9996546997147018,40,0.00020935862507441439,40,2.939515931590715,0.07771809313528316,0.07772703952492423,2.9999999999999982,False,False,True,True,False,0,0,0.00034530028529818416,8.946389641112901e-06,3.0249695621435695
1994-08,1.8754341900941878,1.8649384774585347,-0.00547772969360906,0.0,0.000118687760594436,0.0,0.000118687760594436,-0.005596417454203495,0.11868776059443599,0.11868776059443599,0.0,0.0,2.9996439367182157,2.9996439367182157,40,0.00022259108416451892,40,3.011017115766186,0.0754943827199749,0.07550334404279672,2.999999999999999,False,False,True,True,False,0,0,0.00035606328178423505,8.961322821854475e-06,2.939515931590714
1994-09,1.8649384774585347,1.8030982812182077,-0.033068718081245,0.0,9.065794525023832e-05,0.0,9.065794525023832e-05,-0.03315937602649524,0.09065794525023832,0.09065794525023832,0.0,0.0,2.999728026164249,2.999728026164249,40,0.00016907149038449865,40,3.0684057273997016,0.07559123668059892,0.07559809024812565,2.9999999999999996,False,False,True,True,False,0,0,0.00027197383575130324,6.853567526751806e-06,3.0110171157661862
1994-10,1.8030982812182077,1.839048163727758,0.020037717021136055,0.0,9.987842186565701e-05,0.0,9.987842186565701e-05,0.019937838599270397,0.09987842186565701,0.09987842186565701,0.0,0.0,2.9997003647344007,2.9997003647344007,40,0.0001800906107967532,40,2.9607079642252403,0.07446169593514407,0.07446913379470518,2.999999999999998,False,False,True,True,False,0,0,0.00029963526559932674,7.437859561175893e-06,3.068405727399702
1994-11,1.839048163727758,1.7683882367941308,-0.03833858509823353,0.0,8.342489980768305e-05,0.0,8.342489980768305e-05,-0.03842200999804121,0.08342489980768306,0.08342489980768306,0.0,0.0,2.9997497253005765,2.9997497253005765,40,0.0001534224088004917,40,3.079740978884418,0.07465145757844989,0.07465768588841501,2.9999999999999996,False,False,True,True,False,0,0,0.0002502746994235208,6.2283099651267074e-06,2.9607079642252403
1994-12,1.7683882367941308,1.8229321460935353,0.030962146649308454,0.0,0.00011829224871266099,0.0,0.00011829224871266099,0.030843854400595793,0.11829224871266099,0.11829224871266099,0.0,0.0,2.9996451232538615,2.9996451232538615,40,0.00020918662112739535,40,2.9399285420054,0.07621851643234061,0.07622753355869909,2.999999999999999,False,False,True,True,False,0,0,0.0003548767461385195,9.017126358492177e-06,3.0797409788844172
1995-01,1.8229321460935353,1.811583446254956,-0.006075209690027242,0.0,0.00015030992840670826,0.0,0.00015030992840670826,-0.00622551961843395,0.15030992840670826,0.15030992840670826,0.0,0.0,2.9995490702147793,2.9995490702147793,40,0.0002740048003696063,40,3.0122265359192846,0.07607487415293503,0.07608631068084619,2.9999999999999996,False,False,True,True,False,0,0,0.00045092978522103325,1.1436527911192043e-05,2.9399285420053998
1995-02,1.811583446254956,1.8551223839543771,0.024116172479761958,0.0,8.253616594593909e-05,0.0,8.253616594593909e-05,0.02403363631381602,0.08253616594593909,0.08253616594593909,0.0,0.0,2.9997523915021613,2.9997523915021613,40,0.00014952115194501528,40,2.9528996477760776,0.07617182877588628,0.07617811622552852,2.999999999999999,False,False,True,True,False,0,0,0.0002476084978386625,6.287449642260222e-06,3.0122265359192846
1995-03,1.8551223839543771,1.9165247372595473,0.033269336123967,0.0,0.00017052073784403266,0.0,0.00017052073784403266,0.03309881538612297,0.17052073784403265,0.17052073784403265,0.0,0.0,2.9994884377864666,2.9994884377864666,41,0.00031633683770288125,41,2.935593119208963,0.07668053043357466,0.07669360828424722,2.9999999999999987,False,False,True,True,False,0,0,0.0005115622135338192,1.3077850672595526e-05,2.9528996477760776
1995-04,1.9165247372595473,1.9862617241960867,0.036564352010926435,0.0,0.0001771426100934993,0.0,0.0001771426100934993,0.03638720940083293,0.1771426100934993,0.1771426100934993,0.0,0.0,2.9994685721697167,2.9994685721697167,41,0.00033949819426691417,41,2.9294388203959665,0.07622959626489476,0.07624310216701424,2.9999999999999973,False,False,True,True,False,0,0,0.0005314278302828435,1.3505902119549626e-05,2.9355931192089626
1995-05,1.9862617241960867,2.056509440540267,0.0354990333271334,0.0,0.0001322357453030053,0.0,0.0001322357453030053,0.035366797581830395,0.13223574530300528,0.13223574530300528,0.0,0.0,2.9996032927640885,2.9996032927640885,41,0.00026265479946590187,41,2.931427135948255,0.07688215586029348,0.07689232377403582,2.9999999999999973,False,False,True,True,False,0,0,0.00039670723591189033,1.016791374241299e-05,2.929438820395966
1995-06,2.056509440540267,2.0870304340017563,0.014988673642084881,0.0,0.0001475098429675115,0.0,0.0001475098429675115,0.014841163799117369,0.14750984296751152,0.14750984296751152,0.0,0.0,2.999557470471096,2.999557470471096,41,0.00030335538463529974,41,2.970461045182727,0.07673054314445198,0.07674186332466003,2.9999999999999987,False,False,True,True,False,0,0,0.00044252952890385874,1.1320180208089633e-05,2.9314271359482555
1995-07,2.0870304340017563,2.139935734165003,0.02547315039823172,0.0,0.0001235918573896327,0.0,0.0001235918573896327,0.025349558540842084,0.12359185738963269,0.12359185738963269,0.0,0.0,2.9996292244278298,2.9996292244278298,41,0.0002579399677669683,41,2.9503132367180562,0.076594474382986,0.07660394200646195,2.9999999999999987,False,False,True,True,False,0,0,0.0003707755721702004,9.467623475980455e-06,2.970461045182727
1995-08,2.139935734165003,2.1499702360472077,0.004806558625005578,0.0,0.00011739823481268952,0.0,0.00011739823481268952,0.004689160390192889,0.11739823481268952,0.11739823481268952,0.0,0.0,2.99964780529556,2.99964780529556,41,0.00025122467780356813,41,2.9904317498097814,0.0765406819597404,0.07654966875572781,2.9999999999999982,False,False,True,True,False,0,0,0.00035219470444049564,8.986795987479634e-06,2.950313236718056
1995-09,2.1499702360472077,2.2303091620161957,0.03743874561944353,0.0,7.128600442408604e-05,0.0,7.128600442408604e-05,0.037367459615019444,0.07128600442408603,0.07128600442408603,0.0,0.0,2.9997861419867253,2.9997861419867253,41,0.00015326278775851455,41,2.927819703090863,0.07667419892218787,0.07667966510913407,2.9999999999999973,False,False,True,True,False,0,0,0.0002138580132741777,5.466186946256509e-06,2.9904317498097823
1995-10,2.2303091620161957,2.260053024572102,0.013460306914378203,0.0,0.0001241008571792318,0.0,0.0001241008571792318,0.013336206057198971,0.12410085717923178,0.12410085717923178,0.0,0.0,2.99962769742846,2.99962769742846,41,0.000276783278780904,41,2.973433680087773,0.07688586065603793,0.07689540344151817,2.999999999999998,False,False,True,True,False,0,0,0.00037230257153987936,9.542785480290851e-06,2.9278197030908624
1995-11,2.260053024572102,2.3064298553751343,0.020621569579226586,0.0,0.00010132943494377897,0.0,0.00010132943494377897,0.020520240144282807,0.10132943494377897,0.10132943494377897,0.0,0.0,2.999696011695167,2.999696011695167,41,0.00022900989592286974,41,2.9595861624923536,0.07227645762385299,0.07228378209864864,2.9999999999999987,False,False,True,True,False,0,0,0.0003039883048323415,7.324474795679975e-06,2.9734336800877723
1995-12,2.3064298553751343,2.379234796823575,0.03165662727132441,0.0,9.055068817186702e-05,0.0,9.055068817186702e-05,0.03156607658315254,0.09055068817186701,0.09055068817186701,0.0,0.0,2.9997283479354824,2.9997283479354824,41,0.00020884881062435814,41,2.9386241405374998,0.07223324678927245,0.07223978815180299,2.999999999999998,False,False,True,True,False,0,0,0.00027165206451761417,6.541362530584839e-06,2.9595861624923545
1996-01,2.379234796823575,2.3763513270736154,-0.0010709561478372104,0.0,0.00014097541680250478,0.0,0.00014097541680250478,-0.0012119315646397153,0.14097541680250478,0.14097541680250478,0.0,0.0,2.9995770737495926,2.9995770737495926,41,0.00033541361715322626,41,3.002144511296605,0.07237955583669442,0.07238976101342552,3.0,False,False,True,True,False,0,0,0.0004229262504073933,1.020517673109876e-05,2.9386241405374993
1996-02,2.3763513270736154,2.3627920939305804,-0.005635046055827757,0.0,7.0858196862352e-05,0.0,7.0858196862352e-05,-0.005705904252690109,0.070858196862352,0.070858196862352,0.0,0.0,2.9997874254094117,2.9997874254094117,41,0.00016838397014789366,41,3.0113347672080697,0.07277206348350228,0.07277722034610866,2.9999999999999987,False,False,True,True,False,0,0,0.00021257459058873253,5.156862606420649e-06,3.0021445112966054
1996-03,2.3627920939305804,2.3972569754904263,0.014768359231847297,0.0,0.00018185301812762413,0.0,0.00018185301812762413,0.014586506213719673,0.1818530181276241,0.1818530181276241,0.0,0.0,2.999454440945617,2.999454440945617,42,0.0004296808734893648,42,2.9708879249991993,0.07374835908729999,0.07376177288832217,3.0,False,False,True,True,False,0,0,0.0005455590543830165,1.3413801022189396e-05,3.01133476720807
1996-04,2.3972569754904263,2.476951937656775,0.0333205144492683,0.0,7.628448929727081e-05,0.0,7.628448929727081e-05,0.033244229959971026,0.0762844892972708,0.0762844892972708,0.0,0.0,2.9997711465321064,2.9997711465321064,42,0.0001828735240896072,42,2.9355031202050648,0.07031963888283982,0.0703250035898235,2.9999999999999982,False,False,True,True,False,0,0,0.00022885346789362077,5.3647069837207286e-06,2.9708879249991993
1996-05,2.476951937656775,2.4622009600974244,-0.005783429312984548,0.0,0.0001718649077444387,0.0,0.0001718649077444387,-0.005955294220728986,0.1718649077444387,0.1718649077444387,0.0,0.0,2.9994844052767666,2.9994844052767666,42,0.00042570111625279034,42,3.0116361553547053,0.07074606047643263,0.07075822133161395,3.0,False,False,True,True,False,0,0,0.000515594723233365,1.2160855181319551e-05,2.935503120205065
1996-06,2.4622009600974244,2.431118704584255,-0.012548719136616236,0.0,7.5049603990267e-05,0.0,7.5049603990267e-05,-0.012623768740606502,0.075049603990267,0.075049603990267,0.0,0.0,2.999774851188028,2.999774851188028,42,0.0001847872069997669,42,3.0254183131805994,0.0709220201064132,0.0709273431754306,2.9999999999999987,False,False,True,True,False,0,0,0.00022514881197290872,5.323069017447864e-06,3.0116361553547044
1996-07,2.431118704584255,2.3801876192259512,-0.02085574837850986,0.0,9.390137008753119e-05,0.0,9.390137008753119e-05,-0.02094964974859739,0.09390137008753119,0.09390137008753119,0.0,0.0,2.9997182958897373,2.9997182958897373,42,0.00022828537720588553,42,3.0426040363974227,0.07055335201841659,0.07055997769699568,3.0,False,False,True,True,False,0,0,0.0002817041102627267,6.625678579097183e-06,3.025418313180599
1996-08,2.3801876192259512,2.4610459380217113,0.034070813650967965,0.0,9.94081438443801e-05,0.0,9.94081438443801e-05,0.03397140550712358,0.0994081438443801,0.0994081438443801,0.0,0.0,2.9997017755684663,2.9997017755684663,42,0.00023661003322862596,42,2.934097183984971,0.06928596191140829,0.06929285018502687,2.999999999999999,False,False,True,True,False,0,0,0.00029822443153369217,6.8882736185931666e-06,3.0426040363974223
1996-09,2.4610459380217113,2.4496280575223035,-0.004481697664385719,0.0,0.00015774458372862506,0.0,0.00015774458372862506,-0.004639442248114344,0.15774458372862507,0.15774458372862507,0.0,0.0,2.9995267662488136,2.9995267662488136,42,0.00038821666703025843,42,3.009005174314939,0.06944816354993877,0.06945912034996453,2.9999999999999996,False,False,True,True,False,0,0,0.00047323375118586176,1.0956800025762182e-05,2.934097183984971
1996-10,2.4496280575223035,2.425190992598703,-0.009853820283650682,0.0,0.00012200639279486256,0.0,0.00012200639279486256,-0.009975826676445544,0.12200639279486256,0.12200639279486256,0.0,0.0,2.9996339808216153,2.9996339808216153,42,0.00029887028298738235,42,3.019906221583602,0.06870899765137253,0.06871738161122523,3.0,False,False,True,True,False,0,0,0.0003660191783847397,8.383959852697049e-06,3.0090051743149395
1996-11,2.425190992598703,2.5739296176723094,0.06144238754118117,0.0,0.0001117024415195957,0.0,0.0001117024415195957,0.061330685099661574,0.1117024415195957,0.1117024415195957,0.0,0.0,2.999664892675441,2.999664892675441,42,0.00027089975502460686,42,2.8842163174893756,0.06920597024425588,0.06921370158370939,2.9999999999999996,False,False,True,True,False,0,0,0.00033510732455880807,7.731339453508902e-06,3.019906221583602
1996-12,2.5739296176723094,2.5045556564582445,-0.026791107084552013,0.0,0.00016144077757727763,0.0,0.00016144077757727763,-0.026952547862129292,0.16144077757727762,0.16144077757727762,0.0,0.0,2.9995156776672673,2.9995156776672673,42,0.00041553719890620255,42,3.055066393783139,0.07199282222653014,0.07200444668039124,2.999999999999999,False,False,True,True,False,0,0,0.0004843223327322208,1.1624453861112688e-05,2.8842163174893765
1997-01,2.5045556564582445,2.4795433629536667,-0.009865885658130933,0.0,0.00012083331937754532,0.0,0.00012083331937754532,-0.009986718977508479,0.12083331937754532,0.12083331937754532,0.0,0.0,2.9996375000418665,2.9996375000418665,42,0.00030263377353565677,42,3.0199308147622848,0.06987986839694976,0.0698883132338235,2.999999999999999,False,False,True,True,False,0,0,0.00036249995813354176,8.44483687376146e-06,3.0550663937831386
1997-02,2.4795433629536667,2.5685865967209174,0.0360149743855444,0.0,0.00010383239963397093,0.0,0.00010383239963397093,0.03591114198591043,0.10383239963397092,0.10383239963397092,0.0,0.0,2.9996885028010984,2.9996885028010984,42,0.00025745693737196535,42,2.930467058561604,0.07075958055871118,0.07076692845870777,3.0000000000000004,False,False,True,True,False,0,0,0.00031149719890154713,7.3478999965847864e-06,3.0199308147622848
1997-03,2.5685865967209174,2.502337242351948,-0.025573806442828882,0.0,0.00021833716390955632,0.0,0.00021833716390955632,-0.025792143606738437,0.21833716390955632,0.21833716390955632,0.0,0.0,2.999344988508272,2.999344988508272,42,0.0005608179127841444,42,3.052501745443747,0.07056628549976425,0.0705816961071162,3.0000000000000004,False,False,True,True,False,0,0,0.0006550114917285386,1.5410607351950504e-05,2.9304670585616037
1997-04,2.502337242351948,2.5594136615364547,0.02292269418012064,0.0,0.00011345079817739215,0.0,0.00011345079817739215,0.022809243381943248,0.11345079817739215,0.11345079817739215,0.0,0.0,2.999659647605468,2.999659647605468,42,0.0002838921574538429,42,2.9551769905709384,0.06846672514873064,0.06847449363468829,3.0000000000000004,False,False,True,True,False,0,0,0.000340352394531767,7.768485957638881e-06,3.052501745443748
1997-05,2.5594136615364547,2.6702426075336665,0.0434090009036773,0.0,0.00010652594123614712,0.0,0.00010652594123614712,0.043302474962441155,0.10652594123614711,0.10652594123614711,0.0,0.0,2.999680422176292,2.999680422176292,42,0.0002726439493078245,42,2.9167853964781596,0.06776500371116845,0.06777222321103567,3.0000000000000004,False,False,True,True,False,0,0,0.00031957782370815695,7.219499867214714e-06,2.9551769905709375
1997-06,2.6702426075336665,2.6088199518545676,-0.022822728764170557,0.0,0.00017992107214178881,0.0,0.00017992107214178881,-0.023002649836312346,0.17992107214178882,0.17992107214178882,0.0,0.0,2.999460236783573,2.999460236783573,42,0.0004804329128261431,42,3.046720144656168,0.0686814520721505,0.06869381153637164,2.9999999999999987,False,False,True,True,False,0,0,0.0005397632164267814,1.2359464221162856e-05,2.91678539647816
1997-07,2.6088199518545676,2.7544127664812343,0.056109864678748816,0.0,0.00030194488605981114,0.0,0.00030194488605981114,0.055807919792689,0.3019448860598111,0.3019448860598111,0.0,0.0,2.9990941653418184,2.9990941653418184,43,0.0007877198431132895,43,2.893711983729451,0.06749044856229437,0.06751083311310652,2.999999999999998,False,False,True,True,False,0,0,0.0009058346581812225,2.038455081218061e-05,3.046720144656168
1997-08,2.7544127664812343,2.6728622266743853,-0.02944227181238577,0.0,0.00016496091585563357,0.0,0.00016496091585563357,-0.029607232728241402,0.16496091585563355,0.16496091585563355,0.0,0.0,2.9995051172524323,2.9995051172524323,43,0.00045437045260319375,43,3.0606811443889086,0.06890428408683016,0.06891565247597939,2.999999999999999,False,False,True,True,False,0,0,0.0004948827475681414,1.136838914925431e-05,2.8937119837294514
1997-09,2.6728622266743853,2.779950966890217,0.04015062349188011,0.0,8.543077557874885e-05,0.0,8.543077557874885e-05,0.04006519271630136,0.08543077557874884,0.08543077557874884,0.0,0.0,2.999743707673263,2.999743707673263,43,0.00022834469303993434,43,2.922792102316162,0.07059978894489867,0.07060582085493468,2.9999999999999996,False,False,True,True,False,0,0,0.00025629232673726396,6.031910036035896e-06,3.0606811443889095
1997-10,2.779950966890217,2.756879694604017,-0.008158413415050837,0.0,0.0001407517720274734,0.0,0.0001407517720274734,-0.00829916518707831,0.1407517720274734,0.1407517720274734,0.0,0.0,2.9995777446839167,2.9995777446839167,43,0.0003912830247392861,43,3.016453376116376,0.06899015129484287,0.06899986314785059,2.999999999999999,False,False,True,True,False,0,0,0.0004222553160832948,9.711853007733427e-06,2.922792102316163
1997-11,2.756879694604017,2.703871990104573,-0.01915744112841403,0.0,6.998638798974099e-05,0.0,6.998638798974099e-05,-0.019227427516403772,0.069986387989741,0.069986387989741,0.0,0.0,2.9997900408360296,2.9997900408360296,43,0.00019294405194759538,43,3.039066021350702,0.06930157940443832,0.06930642991113226,2.9999999999999987,False,False,True,True,False,0,0,0.00020995916396948124,4.850506693949954e-06,3.016453376116376
1997-12,2.703871990104573,2.6058651061785962,-0.036150363594014995,0.0,9.650174748595545e-05,0.0,9.650174748595545e-05,-0.03624686534150095,0.09650174748595544,0.09650174748595544,0.0,0.0,2.99971049475754,2.99971049475754,43,0.0002609283720234193,43,3.07501996578579,0.06749565045160712,0.0675021645284432,2.9999999999999982,False,False,True,True,False,0,0,0.0002895052424589442,6.514076836102579e-06,3.0390660213507026
1998-01,2.6058651061785962,2.6962781049944486,0.03480849785735562,0.0,0.0001125350458195129,0.0,0.0001125350458195129,0.034695962811536106,0.1125350458195129,0.1125350458195129,0.0,0.0,2.9996623948625403,2.9996623948625403,43,0.0002932511491232782,43,2.932717437569251,0.06981895829179281,0.0698268162557596,2.9999999999999987,False,False,True,True,False,0,0,0.0003376051374593021,7.857963966790626e-06,3.0750199657857897
1998-02,2.6962781049944486,2.6571655324016636,-0.014368200928338116,0.0,0.00013793347980586298,0.0,0.00013793347980586298,-0.014506134408143979,0.13793347980586299,0.13793347980586299,0.0,0.0,2.999586199560582,2.999586199560582,43,0.00037190702154624226,43,3.0291593919150555,0.07040343255192745,0.0704131448820251,2.9999999999999996,False,False,True,True,False,0,0,0.0004138004394178378,9.712330097658105e-06,2.93271743756925
1998-03,2.6571655324016636,2.6698757090422585,0.004879468179847378,0.0,9.610918861932864e-05,0.0,9.610918861932864e-05,0.004783358991228049,0.09610918861932863,0.09610918861932863,0.0,0.0,2.9997116724341404,2.9997116724341404,43,0.0002553780233463703,43,2.990287521909704,0.07055662569653852,0.07056340748837844,2.9999999999999982,False,False,True,True,False,0,0,0.00028832756586000437,6.781791839971168e-06,3.0291593919150555
1998-04,2.6698757090422585,2.650942131958972,-0.006979495253048887,0.0,0.00011206223749755894,0.0,0.00011206223749755894,-0.0070915574905464455,0.11206223749755895,0.11206223749755895,0.0,0.0,2.9996638132875075,2.9996638132875075,43,0.00029919224579565715,43,3.0140586885038645,0.06918427401525339,0.06919202782870887,3.0000000000000004,False,False,True,True,False,0,0,0.00033618671249248215,7.75381345547323e-06,2.990287521909704
1998-05,2.650942131958972,2.521802809830986,-0.04860886981401174,0.0,0.000105630804889276,0.0,0.000105630804889276,-0.048714500618901015,0.105630804889276,0.105630804889276,0.0,0.0,2.9996831075853314,2.9996831075853314,43,0.0002800211511137195,43,3.102196175271537,0.06822273809631356,0.06822994528035108,2.999999999999999,False,False,True,True,False,0,0,0.0003168924146690136,7.207184037542162e-06,3.0140586885038654
1998-06,2.521802809830986,2.496654431533464,-0.009711269483803985,0.0,0.00026111146504875375,0.0,0.00026111146504875375,-0.009972380948852739,0.26111146504875377,0.26111146504875377,0.0,0.0,2.999216665604852,2.999216665604852,44,0.0006584716262390325,44,3.019618178921332,0.06959501827677467,0.06961319508012877,2.999999999999998,False,False,True,True,False,0,0,0.000783334395149101,1.817680335416286e-05,3.102196175271537
1998-07,2.496654431533464,2.353339119291524,-0.05730069623410193,0.0,0.00010224685318589766,0.0,0.00010224685318589766,-0.05740294308728783,0.10224685318589766,0.10224685318589766,0.0,0.0,2.999693259440442,2.999693259440442,44,0.00025527505911692285,44,3.1215804692235705,0.06976387379041395,0.06977100765639042,3.0,False,False,True,True,False,0,0,0.0003067405595578009,7.133865976478144e-06,3.0196181789213323
1998-08,2.353339119291524,2.1888443286586794,-0.06974804130168043,0.0,0.00015042309063625163,0.0,0.00015042309063625163,-0.06989846439231667,0.15042309063625162,0.15042309063625162,0.0,0.0,2.9995487307280895,2.9995487307280895,44,0.0003539965436390255,44,3.149979413282249,0.073850398053991,0.0738615085303832,2.9999999999999982,False,False,True,True,False,0,0,0.0004512692719105191,1.111047639223953e-05,3.12158046922357
1998-09,2.1888443286586794,2.374023373599174,0.08479322155799002,0.0,0.00019193561182483581,0.0,0.00019193561182483581,0.08460128594616519,0.19193561182483582,0.19193561182483582,0.0,0.0,2.9994241931645247,2.9994241931645247,44,0.0004201171754104256,44,2.843641672462115,0.07768172541965862,0.07769663817144279,2.999999999999999,False,False,True,True,False,0,0,0.0005758068354761968,1.4912751784212954e-05,3.1499794132822485
1998-10,2.374023373599174,2.442197399321191,0.02892214372187587,0.0,0.0002054821758437166,0.0,0.0002054821758437166,0.02871666154603215,0.20548217584371659,0.20548217584371659,0.0,0.0,2.999383553472467,2.999383553472467,44,0.00048781948831099875,44,2.943770437861072,0.08410200469689894,0.0841192897115793,2.999999999999998,False,False,True,True,False,0,0,0.0006164465275331071,1.728501468041742e-05,2.843641672462116
1998-11,2.442197399321191,2.3936361529986603,-0.019698689379577007,0.0,0.00018555353052852406,0.0,0.00018555353052852406,-0.019884242910105532,0.18555353052852405,0.18555353052852405,0.0,0.0,2.999443339408413,2.999443339408413,44,0.0004531583496916267,44,3.0401966588886697,0.08465674871253227,0.08467245998642128,2.9999999999999982,False,False,True,True,False,0,0,0.0005566605915872207,1.5711273889062118e-05,2.9437704378610716
1998-12,2.3936361529986603,2.3670463059704496,-0.011015358159412236,0.0,9.320025490639164e-05,0.0,9.320025490639164e-05,-0.011108558414318627,0.09320025490639164,0.09320025490639164,0.0,0.0,2.9997203992352803,2.9997203992352803,44,0.0002230874996126298,44,3.022278194948778,0.08432288610684942,0.08433074575385013,2.9999999999999996,False,False,True,True,False,0,0,0.0002796007647196692,7.859647000718396e-06,3.0401966588886693
1999-01,2.3670463059704496,2.3655976835929593,-0.0005140332143658685,0.0,9.796257711348427e-05,0.0,9.796257711348427e-05,-0.0006119957914793527,0.09796257711348427,0.09796257711348427,0.0,0.0,2.999706112268659,2.999706112268659,44,0.00023188195627981827,44,3.0010286959863457,0.08396588393034318,0.08397411025059415,2.9999999999999996,False,False,True,True,False,0,0,0.00029388773134013044,8.226320250950447e-06,3.022278194948778
1999-02,2.3655976835929593,2.1635832403970716,-0.08530674883721974,0.0,9.00388739774271e-05,0.0,9.00388739774271e-05,-0.08539678771119717,0.0900388739774271,0.0900388739774271,0.0,0.0,2.9997298833780657,2.9997298833780657,44,0.00021299575171431992,44,3.186543733262729,0.08367026944374131,0.08367780369896327,2.999999999999998,False,False,True,True,False,0,0,0.00027011662193384724,7.534255222002188e-06,3.0010286959863457
1999-03,2.1635832403970716,2.254521766902035,0.042227342211774765,0.0,0.0001958988140741255,0.0,0.0001958988140741255,0.04203144339770064,0.19589881407412552,0.19589881407412552,0.0,0.0,2.9994123035577767,2.9994123035577767,44,0.00042384339094443993,44,2.918951884841236,0.0904291868414546,0.0904469052829362,2.999999999999999,False,False,True,True,False,0,0,0.0005876964422233052,1.7718441481629722e-05,3.1865437332627295
1999-04,2.254521766902035,2.285537750860552,0.013933086289722642,0.0,0.00017585208872550768,0.0,0.00017585208872550768,0.013757234200997134,0.17585208872550767,0.17585208872550767,0.0,0.0,2.9994724437338234,2.9994724437338234,44,0.00039646236178684504,44,2.9725119864605376,0.09091131071270385,0.0909273004684134,3.0,False,False,True,True,False,0,0,0.0005275562661761907,1.598975570953232e-05,2.918951884841236
1999-05,2.285537750860552,2.171496625214483,-0.04974263240020341,0.0,0.00015421380289695638,0.0,0.00015421380289695638,-0.049896846203100365,0.15421380289695638,0.15421380289695638,0.0,0.0,2.9995373585913074,2.9995373585913074,45,0.00035246146822476217,45,3.1047099616529343,0.09364793613635622,0.09366238016819034,2.9999999999999982,False,False,True,True,False,0,0,0.0004626414086921632,1.4444031834156943e-05,2.972511986460537
1999-06,2.171496625214483,2.2013045252415084,0.013856725386616822,0.0,0.00012983321422799883,0.0,0.00012983321422799883,0.013726892172388823,0.12983321422799882,0.12983321422799882,0.0,0.0,2.999610500357314,2.999610500357314,45,0.00028193238653684847,45,2.9726618175099944,0.09614569420095719,0.09615817872637554,2.999999999999998,False,False,True,True,False,0,0,0.00038949964268561975,1.2484525418409404e-05,3.104709961652935
1999-07,2.2013045252415084,2.1546522419676197,-0.021057383413338533,0.0,0.0001356331543126567,0.0,0.0001356331543126567,-0.02119301656765119,0.13563315431265668,0.13563315431265668,0.0,0.0,2.99959310053706,2.99959310053706,45,0.000298569876361231,45,3.043026630928799,0.09678060788257001,0.09679373632234511,2.999999999999998,False,False,True,True,False,0,0,0.00040689946293959167,1.3128439775158656e-05,2.972661817509994
1999-08,2.1546522419676197,2.1898576473146263,0.016428826577065795,0.0,8.957485872026369e-05,0.0,8.957485872026369e-05,0.01633925171834553,0.08957485872026369,0.08957485872026369,0.0,0.0,2.9997312754238377,2.9997312754238377,45,0.00019300267016554896,45,2.9676705852907084,0.0976175666070764,0.09762631147013373,2.9999999999999987,False,False,True,True,False,0,0,0.00026872457616190434,8.744863057354377e-06,3.0430266309287997
1999-09,2.1898576473146263,2.248819594974499,0.027023568745977913,0.0,9.855481542561775e-05,0.0,9.855481542561775e-05,0.026925013930552296,0.09855481542561775,0.09855481542561775,0.0,0.0,2.9997043355537216,2.9997043355537216,45,0.00021582101623947054,45,2.9473699279316494,0.09707815851779952,0.09708772698081221,2.9999999999999987,False,False,True,True,False,0,0,0.0002956644462778629,9.568463012720179e-06,2.9676705852907084
1999-10,2.248819594974499,2.2142949274905868,-0.015210451934412091,0.0,0.00014189894382887197,0.0,0.00014189894382887197,-0.015352350878240963,0.14189894382887197,0.14189894382887197,0.0,0.0,2.999574303168513,2.999574303168513,45,0.0003191051253885531,45,3.0308952180975166,0.09775993452878311,0.09777380852894749,2.9999999999999996,False,False,True,True,False,0,0,0.00042569683148659457,1.387400016438343e-05,2.9473699279316494
1999-11,2.2142949274905868,2.20828144340234,-0.002625235218513967,0.0,9.052048935886586e-05,0.0,9.052048935886586e-05,-0.0027157557078728327,0.09052048935886585,0.09052048935886585,0.0,0.0,2.999728438531923,2.999728438531923,45,0.0002004390604213023,45,3.005264768261484,0.09767451897999437,0.09768336132566378,2.9999999999999996,False,False,True,True,False,0,0,0.00027156146807792714,8.84234566946144e-06,3.0308952180975166
1999-12,2.20828144340234,2.218208515458283,0.004593885231770931,0.0,9.850169014760782e-05,0.0,9.850169014760782e-05,0.004495383541623324,0.09850169014760782,0.09850169014760782,0.0,0.0,2.9997044949295555,2.9997044949295555,45,0.00021751945449672945,45,2.9908533472486956,0.09383762448607554,0.09384686856124387,2.9999999999999982,False,False,True,True,False,0,0,0.0002955050704453316,9.244075168422107e-06,3.005264768261484
2000-01,2.218208515458283,2.197387856155352,-0.00929705358359976,0.0,8.919624721448729e-05,0.0,8.919624721448729e-05,-0.009386249830814247,0.08919624721448728,0.08919624721448728,0.0,0.0,2.9997324112583548,2.9997324112583548,45,0.00019785587511809784,45,3.018770289796626,0.09299068600505596,0.09299898116517066,2.9999999999999982,False,False,True,True,False,0,0,0.0002675887416447552,8.295160114744903e-06,2.990853347248695
2000-02,2.197387856155352,2.246211276635576,0.02233849200145055,0.0,0.00011964686518594906,0.0,0.00011964686518594906,0.0222188451362646,0.11964686518594905,0.11964686518594905,0.0,0.0,2.9996410594044414,2.9996410594044414,45,0.00026291056858666103,45,2.9562941103898877,0.09232019128374594,0.09233123842698246,2.999999999999999,False,False,True,True,False,0,0,0.00035894059555815865,1.104714323653506e-05,3.018770289796626
2000-03,2.246211276635576,2.361255000480061,0.051362058308068975,0.0,0.00014527160543953416,0.0,0.00014527160543953416,0.05121678670262944,0.14527160543953416,0.14527160543953416,0.0,0.0,2.999564185183679,2.999564185183679,45,0.0003263107183132357,45,2.90228074939865,0.09202632220670665,0.0920396929606672,2.9999999999999973,False,False,True,True,False,0,0,0.0004358148163205941,1.3370753960619602e-05,2.956294110389888
2000-04,2.361255000480061,2.211519146291764,-0.06327346460919295,0.0,0.0001402091184877186,0.0,0.0001402091184877186,-0.06341367372768067,0.1402091184877186,0.1402091184877186,0.0,0.0,2.9995793726445363,2.9995793726445363,45,0.00033106948214202696,45,3.1351150723308665,0.09398283943944202,0.09399601853834263,2.999999999999999,False,False,True,True,False,0,0,0.00042062735546368954,1.3179098900633202e-05,2.90228074939865
2000-05,2.211519146291764,2.217100050449739,0.0026724733287976895,0.0,0.00014891201695803845,0.0,0.00014891201695803845,0.002523561311839651,0.14891201695803843,0.14891201695803843,0.0,0.0,2.999553263949126,2.999553263949126,45,0.0003293217766156259,45,2.994668507690131,0.09680348538624547,0.09681790273541944,2.9999999999999996,False,False,True,True,False,0,0,0.0004467360508746687,1.441734917399603e-05,3.135115072330867
2000-06,2.217100050449739,2.246020796195082,0.01314025633128785,0.0,9.585369394350102e-05,0.0,9.585369394350102e-05,0.01304440263734435,0.09585369394350102,0.09585369394350102,0.0,0.0,2.999712438918168,2.999712438918168,45,0.00021251722967792993,45,2.974057886708461,0.09549641746828696,0.09550557203015825,2.9999999999999987,False,False,True,True,False,0,0,0.00028756108183179696,9.154561871319476e-06,2.994668507690132
2000-07,2.246020796195082,2.1874388457909015,-0.025982215574214106,0.0,0.00010033473138528692,0.0,0.00010033473138528692,-0.026082550305599392,0.10033473138528692,0.10033473138528692,0.0,0.0,2.999698995805843,2.999698995805843,45,0.0002253538932720018,45,3.053356094158425,0.09542390733558698,0.09543348262843167,2.9999999999999987,False,False,True,True,False,0,0,0.00030100419415647617,9.575292844705688e-06,2.974057886708461
2000-08,2.1874388457909015,2.2383581329136035,0.023399801452404848,0.0,0.00012176228770705006,0.0,0.00012176228770705006,0.023278039164697797,0.12176228770705005,0.12176228770705005,0.0,0.0,2.9996347131368766,2.9996347131368766,45,0.00026634755808276924,45,2.95426501780199,0.09229106659856448,0.09230230553844747,2.9999999999999973,False,False,True,True,False,0,0,0.0003652868631230013,1.1238939883054023e-05,3.053356094158424
2000-09,2.2383581329136035,2.1893972130300545,-0.021748799920918667,0.0,0.0001247864206101333,0.0,0.0001247864206101333,-0.0218735863415288,0.12478642061013331,0.12478642061013331,0.0,0.0,2.999625640738168,2.999625640738168,45,0.0002793166994498696,45,3.044470325342858,0.092419016898126,0.09243055097573728,2.9999999999999982,False,False,True,True,False,0,0,0.0003743592618326401,1.1534077611352959e-05,2.95426501780199
2000-10,2.1893972130300545,2.115306341828143,-0.03371803701199531,0.0,0.00012272553258292146,0.0,0.00012272553258292146,-0.033840762544578226,0.12272553258292146,0.12272553258292146,0.0,0.0,2.999631823402249,2.999631823402249,46,0.0002686949390046774,46,3.0697980947753445,0.09050385096941979,0.09051495946602699,2.999999999999998,False,False,True,True,False,0,0,0.0003681765977506038,1.1108496607244782e-05,3.044470325342858
2000-11,2.115306341828143,2.1593077074686704,0.020941938133315612,0.0,0.0001405228628922172,0.0,0.0001405228628922172,0.020801415270423396,0.1405228628922172,0.1405228628922172,0.0,0.0,2.9995784314113214,2.9995784314113214,47,0.00029724890304775367,47,2.958969613834698,0.09269739789813647,0.09271042583259442,2.9999999999999982,False,False,True,True,False,0,0,0.0004215685886777183,1.3027934457985045e-05,3.0697980947753445
2000-12,2.1593077074686704,2.2481097809778587,0.0412616617481671,0.0,0.00013640979725827122,0.0,0.00013640979725827122,0.04112525195090883,0.1364097972582712,0.1364097972582712,0.0,0.0,2.999590770608224,2.999590770608224,48,0.00029455072659402375,48,2.920736411549236,0.09305994076257348,0.09307263678208721,2.9999999999999987,False,False,True,True,False,0,0,0.00040922939177604964,1.2696019513775353e-05,2.9589696138346975
2001-01,2.2481097809778587,2.223134257608289,-0.010937234103589578,0.0,0.00017233162175776933,0.0,0.00017233162175776933,-0.011109565725347348,0.17233162175776934,0.17233162175776934,0.0,0.0,2.999483005134727,2.999483005134727,48,0.000387420404445418,48,3.0221202141804766,0.09457537092039511,0.09459167205664541,3.0000000000000004,False,False,True,True,False,0,0,0.0005169948652729919,1.6301136250291047e-05,2.9207364115492354
2001-02,2.223134257608289,2.1531941348986474,-0.03137660764764649,0.0,8.353582784690101e-05,0.0,8.353582784690101e-05,-0.03146014347549339,0.083535827846901,0.083535827846901,0.0,0.0,2.999749392516459,2.999749392516459,48,0.0001857113606241141,48,3.0647915672985064,0.0931569965812641,0.09316477917821893,2.9999999999999996,False,False,True,True,False,0,0,0.00025060748354110117,7.782596954838611e-06,3.0221202141804766
2001-03,2.1531941348986474,1.9874748596226506,-0.07685259505805017,0.0,0.00011179593208099698,0.0,0.00011179593208099698,-0.07696439099013117,0.11179593208099697,0.11179593208099697,0.0,0.0,2.999664612203757,2.999664612203757,48,0.00024071834526233024,48,3.1665214089421525,0.09378243821095597,0.09379292387830354,3.0,False,False,True,True,False,0,0,0.0003353877962419278,1.0485667347544427e-05,3.064791567298506
2001-04,1.9874748596226506,2.0633695756918216,0.03836657648476321,0.0,0.00018007279053263583,0.0,0.00018007279053263583,0.03818650369423057,0.18007279053263583,0.18007279053263583,0.0,0.0,2.999459781628401,2.999459781628401,48,0.0003578901440857094,48,2.926089240520384,0.09814620607764682,0.09816388272193809,2.999999999999999,False,False,True,True,False,0,0,0.000540218371599014,1.7676644291293692e-05,3.1665214089421525
2001-05,2.0633695756918216,2.0368641498022417,-0.012695106383045371,0.0,0.00015059329278357817,0.0,0.00015059329278357817,-0.012845699675828949,0.15059329278357816,0.15059329278357816,0.0,0.0,2.94244062232056,2.94244062232056,49,0.00031072961863288595,49,2.967869881107155,0.09998494067072157,0.09999999999999992,2.9428838008824143,False,False,True,False,True,0,0,0.00044317856185653245,1.505932927843324e-05,2.9260892405203838
2001-06,2.0368641498022417,1.9903226325796437,-0.022792249853171697,0.0,5.734334484135759e-05,0.0,5.734334484135759e-05,-0.022849593198013055,0.057343344841357585,0.057343344841357585,0.0,0.0,2.9728296416779334,2.9728296416779334,49,0.00011680060333710858,49,3.0190207887029694,0.09999426566551585,0.09999999999999998,2.973000123449226,False,False,True,False,True,0,0,0.0001704817712925473,5.7343344841424706e-06,2.967869881107155
2001-07,1.9903226325796437,2.047738377715752,0.028936714052633036,0.0,8.925776777323637e-05,0.0,8.925776777323637e-05,0.0288474562848598,0.08925776777323638,0.08925776777323638,0.0,0.0,2.972172171314732,2.972172171314732,49,0.0001776517553326103,49,2.9169619529451793,0.09999107422322268,0.1,2.97243748444944,False,False,True,False,True,0,0,0.00026531313470783136,8.925776777335535e-06,3.0190207887029694
2001-08,2.047738377715752,2.0130101572810415,-0.016781688099432406,0.0,0.00017761725550740446,0.0,0.00017761725550740446,-0.01695930535493981,0.17761725550740445,0.17761725550740445,0.0,0.0,2.9994671482334763,2.9994671482334763,49,0.0003637136706470566,49,3.034142407716887,0.09988034295188196,0.09989808657585,2.9999999999999982,False,False,True,True,False,0,0,0.0005328517665237585,1.774362396809492e-05,2.9169619529451802
2001-09,2.0130101572810415,1.8741584337169943,-0.06880184595239136,0.0,0.00017531397987298266,0.0,0.00017531397987298266,-0.06897715993226435,0.17531397987298267,0.17531397987298267,0.0,0.0,2.9994740580603794,2.9994740580603794,49,0.0003529088221976782,49,3.147798406207489,0.09564639061561239,0.09566316170521817,2.9999999999999982,False,False,True,True,False,0,0,0.000525941939621067,1.677108960584153e-05,3.0341424077168875
2001-10,1.8741584337169943,1.922109742619974,0.025782718061372344,0.0,0.00019720296280164868,0.0,0.00019720296280164868,0.025585515098570696,0.19720296280164867,0.19720296280164867,0.0,0.0,2.9994083911115936,2.9994083911115936,49,0.0003695895958886886,49,2.949720978539961,0.09121767374712031,0.0912356656907077,2.9999999999999987,False,False,True,True,False,0,0,0.0005916088884063836,1.7991943587432278e-05,3.1477984062074893
2001-11,1.922109742619974,1.973306761821871,0.026806982733123354,0.0,0.00017113667986316827,0.0,0.00017113667986316827,0.026635846053260186,0.17113667986316827,0.17113667986316827,0.0,0.0,2.999486589960409,2.999486589960409,49,0.00032894347968463126,49,2.9477770373279295,0.09072615049809493,0.09074167972788877,2.9999999999999982,False,False,True,True,False,0,0,0.0005134100395913083,1.5529229793893295e-05,2.9497209785399607
2001-12,1.973306761821871,1.9308528555081317,-0.021350506334316666,0.0,0.0001635872344619276,0.0,0.0001635872344619276,-0.021514093568778595,0.1635872344619276,0.1635872344619276,0.0,0.0,2.999509238296613,2.999509238296613,49,0.0003228077959114615,49,3.0436398852430826,0.09155019971219566,0.09156517860653693,2.9999999999999987,False,False,True,True,False,0,0,0.000490761703387594,1.4978894341309836e-05,2.9477770373279295
2002-01,1.9308528555081317,1.8961308524071918,-0.0178877635742114,0.0,9.496514687615749e-05,0.0,9.496514687615749e-05,-0.017982728721087558,0.09496514687615748,0.09496514687615748,0.0,0.0,2.9997151045593697,2.9997151045593697,49,0.00018336372501957782,49,3.036430649637994,0.09257592445207846,0.09258471677330532,2.9999999999999982,False,False,True,True,False,0,0,0.000284895440630711,8.792321226933699e-06,3.0436398852430826
2002-02,1.8961308524071918,1.9184594457563873,0.01335013094379393,0.0,0.0015742593994600754,0.0,0.0015742593994600754,0.011775871544333854,1.5742593994600753,1.5742593994600753,0.0,0.0,2.9952772218016173,2.9952772218016173,53,0.0029850018170082667,53,2.9736104975039224,0.07169993591831522,0.07181298818997661,2.9999999999999973,False,False,True,True,False,0,0,0.0047227781983822945,0.00011305227166143541,3.0364306496379934
2002-03,1.9184594457563873,1.9335879464744776,0.00798531847962062,0.0,9.956371344386111e-05,0.0,9.956371344386111e-05,0.007885754766176757,0.09956371344386111,0.09956371344386111,0.0,0.0,2.9997013088596662,2.9997013088596662,53,0.00019100894651095755,53,2.984154318201522,0.06739603961318684,0.06740275048132109,2.999999999999998,False,False,True,True,False,0,0,0.00029869114033329904,6.710868134288577e-06,2.9736104975039224
2002-04,1.9335879464744776,1.9290383908675803,-0.0022610922180488924,0.0,9.181632960347552e-05,0.0,9.181632960347552e-05,-0.002352908547652368,0.09181632960347552,0.09181632960347552,0.0,0.0,2.999724551011188,2.999724551011188,53,0.00017753494821080802,53,3.0045328498171764,0.06619597366550142,0.066202052094937,2.9999999999999982,False,False,True,True,False,0,0,0.00027544898881255546,6.0784294356223476e-06,2.984154318201522
2002-05,1.9290383908675803,1.9847701204759896,0.028994578522228694,0.0,0.00010363997364757012,0.0,0.00010363997364757012,0.028890938548581123,0.10363997364757012,0.10363997364757012,0.0,0.0,2.999689080079057,2.999689080079057,53,0.0001999254879946671,53,2.943639160505913,0.06599889571077713,0.0660057365435731,3.0,False,False,True,True,False,0,0,0.0003109199209428608,6.840832795966293e-06,3.0045328498171764
2002-06,1.9847701204759896,2.018768232194637,0.017271319176473027,0.0,0.00014182323741984796,0.0,0.00014182323741984796,0.01712949593905318,0.14182323741984795,0.14182323741984795,0.0,0.0,2.999574530287738,2.999574530287738,53,0.0002814865240200865,53,2.966039094834177,0.06486970795027187,0.06487890928722725,2.999999999999998,False,False,True,True,False,0,0,0.00042546971226182454,9.201336955434052e-06,2.9436391605059127
2002-07,2.018768232194637,2.041256412199924,0.011263038927947125,0.0,0.00012348380386034883,0.0,0.00012348380386034883,0.011139555124086776,0.12348380386034884,0.12348380386034884,0.0,0.0,2.999629548588416,2.999629548588416,53,0.0002492851804238257,53,2.9777220881709723,0.06494613772512664,0.06495415851169621,2.9999999999999973,False,False,True,True,False,0,0,0.0003704514115839327,8.020786569634024e-06,2.9660390948341764
2002-08,2.041256412199924,2.085088395489375,0.021583480763992958,0.0,0.00011043944126577524,0.0,0.00011043944126577524,0.021473041322727184,0.11043944126577523,0.11043944126577523,0.0,0.0,2.9996686816762,2.9996686816762,53,0.00022543521764354063,53,2.957740478914558,0.06423385754834182,0.06424095228321836,2.9999999999999973,False,False,True,True,False,0,0,0.0003313183238003274,7.094734876603045e-06,2.977722088170972
2002-09,2.085088395489375,2.104635982085439,0.00946879838238881,0.0,9.385454866408452e-05,0.0,9.385454866408452e-05,0.009374943833724727,0.09385454866408452,0.09385454866408452,0.0,0.0,2.999718436354007,2.999718436354007,53,0.00019569503028337543,53,2.9812382931828574,0.06487307041523845,0.06487915961948224,2.999999999999999,False,False,True,True,False,0,0,0.0002815636459931265,6.08920424381162e-06,2.957740478914558
2002-10,2.104635982085439,2.1404953174370016,0.017168113315623686,0.0,0.00012985318095154195,0.0,0.00012985318095154195,0.017038260134672144,0.12985318095154194,0.12985318095154194,0.0,0.0,2.9996104404571433,2.9996104404571433,53,0.00027329367701886667,53,2.9662390020344933,0.06475781765745707,0.06476622775814969,2.999999999999998,False,False,True,True,False,0,0,0.00038955954285587943,8.410100692653667e-06,2.9812382931828574
2002-11,2.1404953174370016,2.1573149851569315,0.007965840579278684,0.0,0.00010800151608962447,0.0,0.00010800151608962447,0.00785783906318906,0.10800151608962447,0.10800151608962447,0.0,0.0,2.999675995451729,2.999675995451729,53,0.00023117673946593817,53,2.9841925313858075,0.06474005708399878,0.06474704986354637,2.999999999999998,False,False,True,True,False,0,0,0.0003240045482710771,6.99277954764039e-06,2.9662390020344938
2002-12,2.1573149851569315,2.1881612514848725,0.014359454405115612,0.0,6.100168023584433e-05,0.0,6.100168023584433e-05,0.014298452724879767,0.06100168023584433,0.06100168023584433,0.0,0.0,2.9998169949592914,2.9998169949592914,53,0.0001315998388925384,53,2.9716859384601446,0.06495493013586058,0.06495889273746383,2.9999999999999987,False,False,True,True,False,0,0,0.00018300504070806363,3.962601603257891e-06,2.9841925313858066
2003-01,2.1881612514848725,2.239140513234258,0.02342865228588967,0.0,0.0001308895114178992,0.0,0.0001308895114178992,0.02329776277447177,0.1308895114178992,0.1308895114178992,0.0,0.0,2.999607331465746,2.999607331465746,53,0.00028640735711043386,53,2.9542095113696574,0.06548150350019905,0.06549007546417927,3.0,False,False,True,True,False,0,0,0.00039266853425345104,8.571963980221923e-06,2.971685938460145
2003-02,2.239140513234258,2.2423801759077264,0.0015754647205437117,0.0,0.0001286315922427477,0.0,0.0001286315922427477,0.001446833128300964,0.1286315922427477,0.1286315922427477,0.0,0.0,2.99961410522327,2.99961410522327,53,0.00028802420947256587,53,2.9968536228416176,0.06548509757019204,0.06549352210622214,2.9999999999999982,False,False,True,True,False,0,0,0.00038589477673047195,8.424536030158576e-06,2.9542095113696583
2003-03,2.2423801759077264,2.1802649453112997,-0.02761893784748862,0.0,8.164177045327488e-05,0.0,8.164177045327488e-05,-0.027700579617941895,0.08164177045327488,0.08164177045327488,0.0,0.0,2.99975507468864,2.99975507468864,53,0.00018307188759043275,53,3.0568115896575065,0.06529533949607653,0.06530067075844903,2.9999999999999996,False,False,True,True,False,0,0,0.00024492531136026223,5.331262372517807e-06,2.9968536228416176
2003-04,2.1802649453112997,2.267303811370918,0.040017902727074096,0.0,9.666918763798598e-05,0.0,9.666918763798598e-05,0.03992123353943611,0.09666918763798597,0.09666918763798597,0.0,0.0,2.9997099924370865,2.9997099924370865,53,0.00021076444109882126,53,2.923036665785022,0.06433612183405975,0.06434234175596802,3.0000000000000004,False,False,True,True,False,0,0,0.0002900075629134599,6.219921908265137e-06,3.0568115896575065
2003-05,2.267303811370918,2.423640258342071,0.06911139702692304,0.0,0.0001588172327644904,0.0,0.0001588172327644904,0.06895257979415854,0.1588172327644904,0.1588172327644904,0.0,0.0,2.9995235483017058,2.9995235483017058,53,0.0003600869171583113,53,2.8706932405921464,0.06286841342950542,0.06287839960293101,2.999999999999999,False,False,True,True,False,0,0,0.00047645169829463666,9.986173425623035e-06,2.9230366657850224
2003-06,2.423640258342071,2.418455512854254,-0.0019724875115011676,0.0,0.0001667513751164805,0.0,0.0001667513751164805,-0.002139238886617648,0.1667513751164805,0.1667513751164805,0.0,0.0,2.999499745874649,2.999499745874649,53,0.0004041453458662024,53,3.0039534323592396,0.06846560689821449,0.06847702553638657,2.9999999999999982,False,False,True,True,False,0,0,0.0005002541253507275,1.1418638172107662e-05,2.8706932405921473
2003-07,2.418455512854254,2.383906131459919,-0.014238811720804937,0.0,4.690956317267174e-05,0.0,4.690956317267174e-05,-0.014285721283977608,0.04690956317267174,0.04690956317267174,0.0,0.0,2.9998592713104792,2.9998592713104792,53,0.00011344869166053286,53,3.028890342827033,0.06864034739533595,0.06864356743509895,2.9999999999999973,False,False,True,True,False,0,0,0.00014072868952032507,3.220039763047324e-06,3.0039534323592396
2003-08,2.383906131459919,2.4930531253549013,0.04591170265618906,0.0,0.00012676487923892564,0.0,0.00012676487923892564,0.045784937776950134,0.12676487923892563,0.12676487923892563,0.0,0.0,2.999619705362281,2.999619705362281,53,0.000302195572871451,53,2.9121966649208284,0.06906999382196975,0.06907875058144518,2.999999999999998,False,False,True,True,False,0,0,0.0003802946377193554,8.756759475492958e-06,3.028890342827033
2003-09,2.4930531253549013,2.6150297653585444,0.04908962008214966,0.0,0.0001630092678377588,0.0,0.0001630092678377588,0.048926610814311905,0.1630092678377588,0.1630092678377588,0.0,0.0,2.999510972196486,2.999510972196486,53,0.00040639076464473877,53,2.9064002770526725,0.07061877573925356,0.07063028913097197,2.999999999999999,False,False,True,True,False,0,0,0.0004890278035132598,1.1513391718407954e-05,2.9121966649208284
2003-10,2.6150297653585444,2.6869834878078795,0.027672046630302906,0.0,0.00015659598323560154,0.0,0.00015659598323560154,0.027515450647067303,0.15659598323560153,0.15659598323560153,0.0,0.0,2.999530212050293,2.999530212050293,53,0.00040950315729668563,53,2.9461379454432985,0.07243695241604584,0.07244829752843104,2.9999999999999996,False,False,True,True,False,0,0,0.00046978794970708743,1.1345112385217425e-05,2.906400277052672
2003-11,2.6869834878078795,2.725429914020948,0.014446651571812717,0.0,0.0001382546696665128,0.0,0.0001382546696665128,0.014308396902146204,0.13825466966651279,0.13825466966651279,0.0,0.0,2.9995852359910007,2.9995852359910007,53,0.00037148801450625276,53,2.971514281818163,0.07173087473975477,0.0717407932394257,3.0000000000000004,False,False,True,True,False,0,0,0.00041476400899924555,9.918499670924815e-06,2.946137945443298
2003-12,2.725429914020948,2.8233520756564476,0.03600683401877987,0.0,7.776421157612608e-05,0.0,7.776421157612608e-05,0.03592906980720374,0.07776421157612608,0.07776421157612608,0.0,0.0,2.999766707365269,2.999766707365269,53,0.0002119409084698281,53,2.93048397797065,0.0719288603928847,0.07193445431900997,2.9999999999999973,False,False,True,True,False,0,0,0.0002332926347303095,5.593926125324175e-06,2.971514281818163
2004-01,2.8233520756564476,2.9266026893039423,0.03667837824312878,0.0,0.00010815572722501686,0.0,0.00010815572722501686,0.036570222515903764,0.10815572722501686,0.10815572722501686,0.0,0.0,2.999675532818323,2.999675532818323,53,0.0003053616969548839,53,2.929231271656433,0.0729971352163727,0.0730050311286055,2.9999999999999982,False,False,True,True,False,0,0,0.00032446718167740765,7.895912232855786e-06,2.93048397797065
2004-02,2.9266026893039423,3.093559472745373,0.05715383392171018,0.0,0.00010584990542430753,0.0,0.00010584990542430753,0.05704798401628587,0.10584990542430753,0.10584990542430753,0.0,0.0,2.9996824502837263,2.9996824502837263,53,0.00030978061787734635,53,2.891861420132409,0.07377644822874588,0.07378425828550719,2.999999999999999,False,False,True,True,False,0,0,0.00031754971627414273,7.810056761354451e-06,2.9292312716564326
2004-03,3.093559472745373,3.2161277331591127,0.039773914068095495,0.0,0.00015345049091827583,0.0,0.00015345049091827583,0.03962046357717722,0.1534504909182758,0.1534504909182758,0.0,0.0,2.9995396485272456,2.9995396485272456,53,0.00047470821977766,53,2.9234837799724733,0.07444246651735453,0.07445389150355654,3.0000000000000004,False,False,True,True,False,0,0,0.0004603514727551921,1.1424986202006489e-05,2.891861420132409
2004-04,3.2161277331591127,3.042516309912362,-0.05383069405520677,0.0,0.0001508134131601494,0.0,0.0001508134131601494,-0.05398150746836692,0.1508134131601494,0.1508134131601494,0.0,0.0,2.999547559760519,2.999547559760519,54,0.00048503520059674,54,3.113804739505991,0.07062711515820597,0.07063776828113846,2.9999999999999996,False,False,True,True,False,0,0,0.0004524402394814539,1.0653122932517493e-05,2.923483779972473
2004-05,3.042516309912362,3.0267484390364725,-0.0050474130504745965,0.0,0.0001350968425763341,0.0,0.0001350968425763341,-0.00518250989305093,0.13509684257633411,0.13509684257633411,0.0,0.0,2.999594709472269,2.999594709472269,54,0.00041103434695615934,54,3.010147415180509,0.07600499701676208,0.07601526643924562,2.999999999999998,False,False,True,True,False,0,0,0.00040529052773046435,1.026942248357902e-05,3.1138047395059907
2004-06,3.0267484390364725,3.0002540042615378,-0.008693122108860267,0.0,6.030927421455616e-05,0.0,6.030927421455616e-05,-0.008753431383074824,0.06030927421455616,0.06030927421455616,0.0,0.0,2.9998190721773557,2.9998190721773557,54,0.00018254100158833045,54,3.017539777456158,0.07559166984637591,0.07559622900008027,2.999999999999999,False,False,True,True,False,0,0,0.00018092782264388443,4.559153704358601e-06,3.010147415180509
2004-07,3.0002540042615378,2.95634612874259,-0.0145614683391199,0.0,7.325107349707501e-05,0.0,7.325107349707501e-05,-0.014634719412616974,0.073251073497075,0.073251073497075,0.0,0.0,2.999780246779508,2.999780246779508,54,0.0002197718265760555,54,3.0295554727287306,0.0745309112702418,0.07453637113944235,2.999999999999999,False,False,True,True,False,0,0,0.00021975322049258388,5.45986920057443e-06,3.0175397774561574
2004-08,2.95634612874259,3.0808448431057727,0.04220496452509412,0.0,9.260388072821823e-05,0.0,9.260388072821823e-05,0.0421123606443659,0.09260388072821822,0.09260388072821822,0.0,0.0,2.999722188357816,2.999722188357816,54,0.00027376912429740845,54,2.919001124794264,0.0749832186600156,0.07499016304012955,3.0000000000000004,False,False,True,True,False,0,0,0.00027781164218427384,6.944380113946653e-06,3.0295554727287315
2004-09,3.0808448431057727,3.1271616699282285,0.015165634915373193,0.0,0.00013182789776179172,0.0,0.00013182789776179172,0.015033807017611402,0.1318278977617917,0.1318278977617917,0.0,0.0,2.9996045163067127,2.9996045163067127,54,0.00040614129899689105,54,2.970117970829101,0.07578961668430846,0.0757996091874388,2.999999999999998,False,False,True,True,False,0,0,0.0003954836932873757,9.992503130396624e-06,2.9190011247942644
2004-10,3.1271616699282285,3.1850384115162673,0.01860297782535332,0.0,9.522296745772696e-05,0.0,9.522296745772696e-05,0.018507754857895593,0.09522296745772696,0.09522296745772696,0.0,0.0,2.999714331097627,2.999714331097627,54,0.0002977776139306268,54,2.963470130224097,0.07017538888381854,0.07018207182896041,3.0,False,False,True,True,False,0,0,0.00028566890237329175,6.682945141888185e-06,2.9701179708291012
2004-11,3.1850384115162673,3.3315113743894695,0.046055165819417265,0.0,6.734904973739817e-05,0.0,6.734904973739817e-05,0.04598781676967987,0.06734904973739816,0.06734904973739816,0.0,0.0,2.999797952850788,2.999797952850788,54,0.00021450931039273275,54,2.9119393838416796,0.06970356197379154,0.06970825675864309,3.0000000000000004,False,False,True,True,False,0,0,0.00020204714921140225,4.694784851527458e-06,2.963470130224097
2004-12,3.3315113743894695,3.363268384351111,0.00966630153675272,0.0,0.00013398830325476682,0.0,0.00013398830325476682,0.009532313233497954,0.13398830325476682,0.13398830325476682,0.0,0.0,2.9995980350902345,2.9995980350902345,54,0.0004463835563284012,54,2.980849941284608,0.07101153366302129,0.07102104965295966,2.9999999999999987,False,False,True,True,False,0,0,0.0004019649097655731,9.51598993840154e-06,2.9119393838416796
2005-01,3.363268384351111,3.320510459371,-0.012634608696334312,0.0,7.859765349449878e-05,0.0,7.859765349449878e-05,-0.012713206349828811,0.07859765349449878,0.07859765349449878,0.0,0.0,2.999764207039515,2.999764207039515,54,0.0002643450030822314,54,3.025594606911779,0.06961185850802307,0.0696173302668246,2.9999999999999987,False,False,True,True,False,0,0,0.0002357929604848482,5.471758801555833e-06,2.9808499412846086
2005-02,3.320510459371,3.438817574298193,0.03569373621068901,0.0,6.454112915821963e-05,0.0,6.454112915821963e-05,0.03562919508153079,0.06454112915821963,0.06454112915821963,0.0,0.0,2.9998063766125247,2.9998063766125247,54,0.0002143094944294829,54,2.931068501389864,0.06886731694031513,0.06887176200160183,2.999999999999999,False,False,True,True,False,0,0,0.00019362338747526582,4.445061286714868e-06,3.02559460691178
2005-03,3.438817574298193,3.4218092179844564,-0.0048237161962503446,0.0,0.0001222735069713208,0.0,0.0001222735069713208,-0.004945989703221665,0.12227350697132079,0.12227350697132079,0.0,0.0,2.9996331794790843,2.9996331794790843,54,0.00042047628464405055,54,3.0096953856701925,0.06920127301494977,0.06920973553202983,2.9999999999999982,False,False,True,True,False,0,0,0.00036682052091580736,8.46251708010011e-06,2.9310685013898636
2005-04,3.4218092179844564,3.3889117618301916,-0.009530683232455778,0.0,8.337005297035854e-05,0.0,8.337005297035854e-05,-0.009614053285426137,0.08337005297035853,0.08337005297035853,0.0,0.0,2.999749889841089,2.999749889841089,54,0.00028527641575782525,54,3.019246402403168,0.06919948327992197,0.0692052529255242,2.9999999999999996,False,False,True,True,False,0,0,0.0002501101589115883,5.769645602240908e-06,3.009695385670193
2005-05,3.3889117618301916,3.4374361764576573,0.014395995646056368,0.0,7.741256165646973e-05,0.0,7.741256165646973e-05,0.014318583084399898,0.07741256165646973,0.07741256165646973,0.0,0.0,2.99976776231503,2.99976776231503,54,0.00026234434071101514,54,2.9716144495701133,0.06949130221898578,0.06949668213517649,2.9999999999999996,False,False,True,True,False,0,0,0.00023223768497074825,5.379916190741738e-06,3.0192464024031676
2005-06,3.4374361764576573,3.469133860980936,0.009291289506931784,0.0,6.997370756655716e-05,0.0,6.997370756655716e-05,0.009221315799365228,0.06997370756655716,0.06997370756655716,0.0,0.0,2.9997900788772998,2.9997900788772998,54,0.0002405301537901525,54,2.9815872111270796,0.06937371951661742,0.06937857419267936,2.9999999999999996,False,False,True,True,False,0,0,0.00020992112270063965,4.8546760619664855e-06,2.9716144495701133
2005-07,3.469133860980936,3.5190525582758183,0.014490735742611487,0.0,0.00010135231283303358,0.0,0.00010135231283303358,0.014389383429778455,0.10135231283303357,0.10135231283303357,0.0,0.0,2.9996959430615004,2.9996959430615004,55,0.0003516047403378095,55,2.9714296384025305,0.06969931084224339,0.06970637574464432,2.9999999999999996,False,False,True,True,False,0,0,0.0003040569384991816,7.06490240092889e-06,2.9815872111270796
2005-08,3.5190525582758183,3.5543574359704073,0.010094104924272405,0.0,6.16097824871886e-05,0.0,6.16097824871886e-05,0.010032495141785216,0.06160978248718859,0.06160978248718859,0.0,0.0,2.9998151706525378,2.9998151706525378,55,0.00021680806267635773,55,2.9800123164891725,0.06993352424185952,0.06993783309654422,2.999999999999999,False,False,True,True,False,0,0,0.00018482934746173914,4.308854684709165e-06,2.97142963840253
2005-09,3.5543574359704073,3.6240023587350008,0.019663479923576452,0.0,6.92427037118876e-05,0.0,6.92427037118876e-05,0.019594237219864565,0.06924270371188761,0.06924270371188761,0.0,0.0,2.999792271888864,2.999792271888864,55,0.0002461133188250434,55,2.9614288131380713,0.0698620237146155,0.06986686148500458,2.9999999999999996,False,False,True,True,False,0,0,0.0002077281111363908,4.8377703891017445e-06,2.9800123164891725
2005-10,3.6240023587350008,3.504658417423192,-0.03281442883808891,0.0,0.00011710086253386692,0.0,0.00011710086253386692,-0.032931529700622776,0.11710086253386692,0.11710086253386692,0.0,0.0,2.9996486974123986,2.9996486974123986,55,0.0004243738020326368,55,3.0678637135753797,0.06986843081153424,0.06987661342323705,3.0000000000000004,False,False,True,True,False,0,0,0.0003513025876013473,8.182611702801526e-06,2.961428813138071
2005-11,3.504658417423192,3.600686065739583,0.02752283959079577,0.0,0.00012283739971320558,0.0,0.00012283739971320558,0.027400002191082566,0.12283739971320558,0.12283739971320558,0.0,0.0,2.9996314878008588,2.9996314878008588,55,0.00043050312687926317,55,2.946422348584583,0.07255176393682707,0.07256067710172368,2.9999999999999982,False,False,True,True,False,0,0,0.000368512199140001,8.913164896613205e-06,3.0678637135753806
2005-12,3.600686065739583,3.7299715890831973,0.03599478666612982,0.0,8.898399875424734e-05,0.0,8.898399875424734e-05,0.03590580266737557,0.08898399875424734,0.08898399875424734,0.0,0.0,2.9997330480037365,2.9997330480037365,55,0.0003204034443882068,55,2.930505676146526,0.07289465247446017,0.07290113950936745,2.999999999999999,False,False,True,True,False,0,0,0.00026695199626301964,6.4870349072918075e-06,2.9464223485845835
2006-01,3.7299715890831973,3.868059360333338,0.037198650077557696,0.0,0.00017751789137878762,0.0,0.00017751789137878762,0.03702113218617891,0.17751789137878762,0.17751789137878762,0.06507333872053983,0.0,2.9994674463258617,2.9994674463258617,55,0.0006621366913968349,55,2.928258645994728,0.0735949796483569,0.0736080463935412,2.999999999999998,False,False,True,True,False,0,0,0.0005325536741383127,1.3066745184340652e-05,2.9305056761465256
2006-02,3.868059360333338,3.7936757246946344,-0.019104935381551093,0.0,0.0001252854370595019,0.0,0.0001252854370595019,-0.019230220818610595,0.12528543705950188,0.12528543705950188,0.0,0.0,2.999624143688819,2.999624143688819,55,0.00048461150753145954,55,3.0389590621307607,0.07400064754951309,0.07400991991467634,2.9999999999999973,False,False,True,True,False,0,0,0.0003758563111810661,9.272365163312457e-06,2.9282586459947275
2006-03,3.7936757246946344,3.770352376102491,-0.006073993609332206,0.0,7.396164164563682e-05,0.0,7.396164164563682e-05,-0.006147955250977843,0.07396164164563682,0.07396164164563682,0.0,0.0,2.999778115075062,2.999778115075062,55,0.0002805864844696161,55,3.0122231345026123,0.07537158169514864,0.07537715671340174,2.9999999999999987,False,False,True,True,False,0,0,0.00022188492493763722,5.57501825312068e-06,3.0389590621307603
2006-04,3.770352376102491,3.8976575886113007,0.03381189421459965,0.0,4.708928132475165e-05,0.0,4.708928132475165e-05,0.033764804933274904,0.04708928132475165,0.04708928132475165,0.0,0.0,2.999858732156026,2.999858732156026,55,0.00017754318373173605,55,2.9345849383665517,0.07340156359873676,0.07340502018838306,3.0000000000000004,False,False,True,True,False,0,0,0.0001412678439747777,3.4565896463113956e-06,3.0122231345026127
2006-05,3.8976575886113007,3.8107401438806727,-0.02213808862119053,0.0,0.00016182940767766544,0.0,0.00016182940767766544,-0.022299918028868194,0.16182940767766543,0.16182940767766543,0.0,0.0,2.999514511776966,2.999514511776966,55,0.0006307556188953246,55,3.045286052501003,0.07117383333016547,0.07118535321371136,2.999999999999999,False,False,True,True,False,0,0,0.00048548822303382845,1.151988354592088e-05,2.9345849383665525
2006-06,3.8107401438806727,3.798689237153705,-0.0030560024825674256,0.0,0.00010635083252789383,0.0,0.00010635083252789383,-0.0031623533150953193,0.10635083252789383,0.10635083252789383,0.0,0.0,2.9996809475024158,2.9996809475024158,55,0.00040527538684917544,55,3.0061313946011774,0.06798546664957938,0.06799269772958874,2.999999999999999,False,False,True,True,False,0,0,0.0003190524975842969,7.231080009372995e-06,3.0452860525010035
2006-07,3.798689237153705,3.8360589933752225,0.009876645371959331,0.0,3.91056606251217e-05,0.0,3.91056606251217e-05,0.00983753971133421,0.0391056606251217,0.0391056606251217,0.0,0.0,2.999882683018124,2.999882683018124,55,0.00014855025212843521,55,2.980439139993185,0.06825773316261424,0.06826040253074975,2.9999999999999996,False,False,True,True,False,0,0,0.00011731698187570673,2.6693681355104233e-06,3.0061313946011774
2006-08,3.8360589933752225,3.885090433019701,0.012883531261707454,0.0,0.00010180925765211507,0.0,0.00010180925765211507,0.01278172200405534,0.10180925765211507,0.10180925765211507,0.0,0.0,2.999694572227042,2.999694572227042,55,0.0003905463184252512,55,2.9745581284065543,0.06721356910548422,0.06722041276580698,2.9999999999999982,False,False,True,True,False,0,0,0.00030542777295837313,6.843660322801645e-06,2.9804391399931864
2006-09,3.885090433019701,3.834872227568365,-0.01285747204952543,0.0,6.840607792490615e-05,0.0,6.840607792490615e-05,-0.012925878127450337,0.06840607792490615,0.06840607792490615,0.0,0.0,2.9997947817662256,2.9997947817662256,55,0.000265763798906453,55,3.026051685004433,0.06661810278773048,0.0666226601826145,3.0000000000000004,False,False,True,True,False,0,0,0.00020521823377440442,4.5573948840095455e-06,2.974558128406554
2006-10,3.834872227568365,3.979984992374524,0.037957006410662714,0.0,0.00011669356713080581,0.0,0.00011669356713080581,0.037840312843531905,0.11669356713080581,0.11669356713080581,0.0,0.0,2.9996499192986064,2.9996499192986064,55,0.0004475049197258118,55,2.9268538599995866,0.06654618892210995,0.06655395534056531,2.9999999999999987,False,False,True,True,False,0,0,0.0003500807013931944,7.76641845537162e-06,3.0260516850044334
2006-11,3.979984992374524,4.1075339127768755,0.03217457317327082,0.0,0.00012698489172460484,0.0,0.00012698489172460484,0.03204758828154621,0.12698489172460484,0.12698489172460484,0.0,0.0,2.999619045324824,2.999619045324824,55,0.0005053979633222311,55,2.937649051189887,0.06670206358179813,0.0667105348118381,2.999999999999998,False,False,True,True,False,0,0,0.00038095467517608624,8.471230040021946e-06,2.926853859999586
2006-12,4.1075339127768755,4.0430110119588765,-0.01561363049044959,0.0,9.479753184724136e-05,0.0,9.479753184724136e-05,-0.01570842802229683,0.09479753184724135,0.09479753184724135,0.0,0.0,2.999715607404458,2.999715607404458,55,0.0003893840769100898,55,3.0317256206086935,0.06703722487304871,0.06704358043900054,2.9999999999999996,False,False,True,True,False,0,0,0.0002843925955424622,6.355565951836204e-06,2.9376490511898865
2007-01,4.0430110119588765,3.9857534464091535,-0.014065953991416804,0.0,9.615572838364263e-05,0.0,9.615572838364263e-05,-0.014162109719800446,0.09615572838364263,0.09615572838364263,0.0,0.0,2.999711532814848,2.999711532814848,55,0.00038875866871799386,55,3.028536038490909,0.0651459378492912,0.06515220260678865,2.9999999999999987,False,False,True,True,False,0,0,0.0002884671851521659,6.264757497481232e-06,3.0317256206086935
2007-02,3.9857534464091535,4.066145346450937,0.020225636660562082,0.0,5.582407112322711e-05,0.0,5.582407112322711e-05,0.020169812589438854,0.05582407112322711,0.05582407112322711,0.0,0.0,2.9998325277866287,2.9998325277866287,55,0.00022250098387199217,55,2.960348490200421,0.06514122952701586,0.06514486617865872,2.9999999999999982,False,False,True,True,False,0,0,0.00016747221337178476,3.636651642915773e-06,3.028536038490909
2007-03,4.066145346450937,4.073100665743017,0.0017711885293723115,0.0,6.0644832710930575e-05,0.0,6.0644832710930575e-05,0.001710543696661381,0.060644832710930574,0.060644832710930574,0.0,0.0,2.9998180655018665,2.9998180655018665,55,0.00024659070431384594,55,2.99646367198485,0.06276799395577282,0.06277180074112773,2.999999999999999,False,False,True,True,False,0,0,0.00018193449813352913,3.8067853549252456e-06,2.96034849020042
2007-04,4.073100665743017,4.177713877234674,0.025746803619612114,0.0,6.287874844193648e-05,0.0,6.287874844193648e-05,0.025683924871170178,0.06287874844193649,0.06287874844193649,0.0,0.0,2.9998113637546724,2.9998113637546724,55,0.0002561114721399392,55,2.9497958328188743,0.0627440226853896,0.06274796819909724,2.9999999999999982,False,False,True,True,False,0,0,0.00018863624532810576,3.945513707680639e-06,2.9964636719848503
2007-05,4.177713877234674,4.2166415334046,0.009473484907584304,0.0,0.00015555234593809787,0.0,0.00015555234593809787,0.009317932561646206,0.15555234593809786,0.15555234593809786,0.0,0.0,2.9995333429621853,2.9995333429621853,55,0.0006498531942620002,55,2.9812279469095717,0.05692798963087522,0.056936846290886085,2.9999999999999996,False,False,True,True,False,0,0,0.0004666570378147059,8.856660010871314e-06,2.9497958328188734
2007-06,4.2166415334046,4.194712489082279,-0.005117314153900984,0.0,8.328071492936885e-05,0.0,8.328071492936885e-05,-0.005200594868830353,0.08328071492936885,0.08328071492936885,0.0,0.0,2.9997501578552104,2.9997501578552104,55,0.0003511649215028052,55,3.0102881327180238,0.05718835530517394,0.05719311838896241,2.9999999999999982,False,False,True,True,False,0,0,0.0002498421447887783,4.7630837884853e-06,2.9812279469095717
2007-07,4.194712489082279,4.219203168298069,0.005885712063245136,0.0,4.724773952005282e-05,0.0,4.724773952005282e-05,0.005838464323725083,0.04724773952005282,0.04724773952005282,0.0,0.0,2.99985825678144,2.99985825678144,55,0.0001981906830456719,55,2.988296903982088,0.05745552876705201,0.05745824353917603,3.0,False,False,True,True,False,0,0,0.00014174321855972127,2.7147721240106e-06,3.0102881327180238
2007-08,4.219203168298069,4.232713597278718,0.003289251976671767,0.0,8.712388713968926e-05,0.0,8.712388713968926e-05,0.0032021280895320778,0.08712388713968926,0.08712388713968926,0.0,0.0,2.9997386283385787,2.9997386283385787,55,0.0003675933806542203,55,2.9934424940207474,0.05696058979413668,0.05696555285453443,2.999999999999998,False,False,True,True,False,0,0,0.00026137166142084587,4.9630603977816515e-06,2.988296903982088
2007-09,4.232713597278718,4.530117040667838,0.07033324147434136,0.0,7.017345567709359e-05,0.0,7.017345567709359e-05,0.07026306801866426,0.07017345567709359,0.07017345567709359,0.0,0.0,2.999789479632968,2.999789479632968,55,0.0002970241400124695,55,2.8685683107713946,0.054926737396197425,0.05493059206566506,2.999999999999999,False,False,True,True,False,0,0,0.000210520367032202,3.8546694676528955e-06,2.9934424940207482
2007-10,4.530117040667838,4.645214625298555,0.02561483509403874,0.0,0.00020763620768290462,0.0,0.00020763620768290462,0.025407198886355835,0.2076362076829046,0.2076362076829046,0.0,0.0,2.9993770913769495,2.9993770913769495,55,0.0009406163226839724,55,2.9500396815589767,0.05993992754773881,0.05995237583169809,2.9999999999999982,False,False,True,True,False,0,0,0.000622908623050482,1.2448283959309276e-05,2.868568310771394
2007-11,4.645214625298555,4.629167855489973,-0.0033484479110352256,0.0,0.00010602537017534569,0.0,0.00010602537017534569,-0.0034544732812105713,0.10602537017534569,0.10602537017534569,0.0,0.0,2.999681923889472,2.999681923889472,55,0.0004925106001912091,55,3.0067201102634202,0.05970755025494598,0.059713881441330406,2.999999999999998,False,False,True,True,False,0,0,0.00031807611052773153,6.331186384457131e-06,2.950039681558977
2007-12,4.629167855489973,4.682987292039978,0.01174424184076897,0.0,0.00011808391560816061,0.0,0.00011808391560816061,0.01162615792516081,0.1180839156081606,0.1180839156081606,0.0,0.0,2.999645748253175,2.999645748253175,55,0.0005466302663836878,55,2.976781458745874,0.057814669590108766,0.0578214973789256,2.9999999999999996,False,False,True,True,False,0,0,0.00035425174682489173,6.827788816839055e-06,3.0067201102634202
2008-01,4.682987292039978,4.692164345432473,0.0020284944006606787,0.0,6.883642591160915e-05,0.0,6.883642591160915e-05,0.0019596579747490697,0.06883642591160916,0.06883642591160916,0.0,0.0,2.999793490722263,2.999793490722263,55,0.0003223601077735171,55,2.995950945959717,0.05780232928539736,0.057806308465067235,2.999999999999998,False,False,True,True,False,0,0,0.00020650927773679072,3.9791796699175635e-06,2.976781458745874
2008-02,4.692164345432473,5.071726516318961,0.08107360262525336,0.0,0.00018083269148745886,0.0,0.00018083269148745886,0.0808927699337659,0.18083269148745887,0.18083269148745887,0.0,0.0,2.999457501925538,2.999457501925538,55,0.0008484967074860447,55,2.849987704829923,0.057457082163983306,0.05746747416200901,3.0000000000000004,False,False,True,True,False,0,0,0.0005424980744628376,1.039199802571099e-05,2.9959509459597173
2008-03,5.071726516318961,4.786771096665679,-0.055905051401974944,0.0,0.00028004034861530704,0.0,0.00028004034861530704,-0.05618509175059025,0.280040348615307,0.280040348615307,0.0,0.0,2.999159878954152,2.999159878954152,55,0.0014202880617114584,55,3.1184661333770767,0.061655936899034584,0.061673207885671114,2.999999999999998,False,False,True,True,False,0,0,0.0008401210458481908,1.7270986636574536e-05,2.849987704829923
2008-04,4.786771096665679,4.915621008061856,0.02707535393121597,0.0,0.00015743602911901354,0.0,0.00015743602911901354,0.026917917902096956,0.15743602911901355,0.15743602911901355,0.0,0.0,2.999527691912642,2.999527691912642,55,0.0007536102337607103,55,2.947268708707451,0.06575921157878153,0.06576956607810175,2.9999999999999987,False,False,True,True,False,0,0,0.00047230808735764657,1.0354499320230492e-05,3.1184661333770762
2008-05,4.915621008061856,4.883865144833632,-0.006324617951226557,0.0,0.00013557561864838583,0.0,0.00013557561864838583,-0.006460193569874943,0.13557561864838583,0.13557561864838583,0.0,0.0,2.9995932731440536,2.9995932731440536,55,0.0006664383592089881,55,3.0127314837519212,0.06585150980566239,0.06586043887540738,2.9999999999999987,False,False,True,True,False,0,0,0.0004067268559469067,8.929069745025463e-06,2.947268708707452
2008-06,4.883865144833632,4.82245171451706,-0.012499752254698068,0.0,7.50073865541099e-05,0.0,7.50073865541099e-05,-0.012574759641252178,0.07500738655410989,0.07500738655410989,0.0,0.0,2.9997749778403384,2.9997749778403384,55,0.0003663259607966802,55,3.0253178706474158,0.06601872451884176,0.06602367678228789,3.000000000000001,False,False,True,True,False,0,0,0.0002250221596628594,4.952263446145267e-06,3.0127314837519212
2008-07,4.82245171451706,4.687972855052043,-0.02780133953122032,0.0,8.465444570100378e-05,0.0,8.465444570100378e-05,-0.027885993976921323,0.08465444570100378,0.08465444570100378,0.0,0.0,2.9997460366628967,2.9997460366628967,55,0.000408241976812297,55,3.057197693601711,0.0663841526757798,0.06638977286520192,3.0,False,False,True,True,False,0,0,0.00025396333710409405,5.620189422144585e-06,3.0253178706474158
2008-08,4.687972855052043,4.533047717798261,-0.0329341343861324,0.0,0.00011322788407041428,0.0,0.00011322788407041428,-0.033047362270202815,0.11322788407041427,0.11322788407041427,0.0,0.0,2.999660316347787,2.999660316347787,55,0.0005308092469570818,55,3.0681194364668247,0.06716953300246432,0.06717713932780832,2.9999999999999982,False,False,True,True,False,0,0,0.0003396836522116028,7.606325344000256e-06,3.057197693601712
2008-09,4.533047717798261,4.04494038426724,-0.10756017935417547,0.0,0.00011734003626641416,0.0,0.00011734003626641416,-0.10767751939044189,0.11734003626641416,0.11734003626641416,0.0,0.0,2.9996479798911992,2.9996479798911992,55,0.0005319079836038339,55,3.241079165193057,0.06883878156749847,0.0688468600605548,2.9999999999999982,False,False,True,True,False,0,0,0.0003520201088012317,8.078493056379187e-06,3.0681194364668247
2008-10,4.04494038426724,3.3351865622527406,-0.17520198536643622,0.0,0.0002650807923335217,0.0,0.0002650807923335217,-0.17546706615876975,0.2650807923335217,0.2650807923335217,0.0,0.0,2.999204757622998,2.999204757622998,55,0.0010722360020034196,55,3.4249726801092737,0.080469010091452,0.08049034653628705,2.9999999999999987,False,False,True,True,False,0,0,0.0007952423770030085,2.1336444835103418e-05,3.2410791651930566
2008-11,3.3351865622527406,3.3727037045268795,0.011700248427419664,0.0,0.0004513597749066695,0.0,0.0004513597749066695,0.011248888652512994,0.4513597749066695,0.4513597749066695,0.0,0.0,2.99864592067528,2.99864592067528,55,0.0015053690560101458,55,2.9768598046263173,0.09990672427700123,0.09995183851633546,2.9999999999999996,False,False,True,True,False,0,0,0.0013540793247202344,4.511423933424691e-05,3.4249726801092746
2008-12,3.3727037045268795,3.5444229866352095,0.05121954404805434,0.0,0.00030511540202571514,0.0,0.00030511540202571514,0.050914428646028624,0.30511540202571513,0.30511540202571513,0.0,0.0,2.873133806758194,2.873133806758194,55,0.0010290638467203375,55,2.782675040986839,0.09996948845979743,0.1,2.8740107116919185,False,False,True,False,True,0,0,0.0008769049337241184,3.0511540202569847e-05,2.976859804626317
2009-01,3.5444229866352095,3.288977125651206,-0.07187765625378521,0.0,0.00019214521945914965,0.0,0.00019214521945914965,-0.07206980147324436,0.19214521945914964,0.19214521945914964,0.0,0.0,2.795785223419337,2.795785223419337,55,0.000681043932623077,55,2.9354660204940095,0.09998078547805404,0.09999999999999995,2.796322523424279,False,False,True,False,True,0,0,0.0005373000049436281,1.9214521945975592e-05,2.782675040986839
2009-02,3.288977125651206,3.1143737239828377,-0.052850485676568,0.0,0.0002369621827105055,0.0,0.0002369621827105055,-0.053087447859278505,0.2369621827105055,0.2369621827105055,0.0,0.0,2.7096901118160694,2.7096901118160694,55,0.0007793631985792343,55,2.805791960549137,0.09997630378172895,0.1,2.7103323580875127,False,False,True,False,True,0,0,0.000642246271443327,2.3696218271052293e-05,2.93546602049401
2009-03,3.1143737239828377,3.325473473930225,0.06793710787762902,0.0,0.000154700030499827,0.0,0.000154700030499827,0.06778240784712919,0.154700030499827,0.154700030499827,0.0,0.0,2.6669871508062433,2.6669871508062433,55,0.0004817937100880048,55,2.561312340964717,0.09998452999694996,0.09999999999999994,2.6673997976362926,False,False,True,False,True,0,0,0.00041264683005114676,1.5470003050044584e-05,2.805791960549137
2009-04,3.325473473930225,3.451264125056361,0.03793512623401002,0.0,0.00010873786788367604,0.0,0.00010873786788367604,0.03782638836612634,0.10873786788367604,0.10873786788367604,0.0,0.0,2.574655686261423,2.574655686261423,55,0.000361604895258894,55,2.5173678775006816,0.09998912621321158,0.09999999999999995,2.574935679277125,False,False,True,False,True,0,0,0.00027999301570329725,1.0873786788411883e-05,2.5613123409647165
2009-05,3.451264125056361,3.7118885867021554,0.0756825718202772,0.0,0.00016691952532633768,0.0,0.00016691952532633768,0.07551565229495086,0.16691952532633766,0.16691952532633766,0.0,0.0,2.571671529129547,2.571671529129547,55,0.0005760833695302259,55,2.461474266135377,0.09998330804746731,0.09999999999999995,2.572100862984688,False,False,True,False,True,0,0,0.00042933385514290316,1.6691952532711283e-05,2.517367877500681
2009-06,3.7118885867021554,3.6228185666758828,-0.023845032455200622,0.0,0.00015084402271038326,0.0,0.00015084402271038326,-0.023995876477911005,0.15084402271038327,0.15084402271038327,0.0,0.0,2.4769126572753075,2.4769126572753075,55,0.0005599162062709124,55,2.513378341033811,0.09998491559772892,0.09999999999999995,2.477286341112406,False,False,True,False,True,0,0,0.0003736838371003002,1.5084402271093135e-05,2.461474266135376
2009-07,3.6228185666758828,3.784910417928956,0.044818918506113706,0.0,7.700050225391907e-05,0.0,7.700050225391907e-05,0.044741918003859786,0.07700050225391906,0.07700050225391906,0.0,0.0,2.476690122987155,2.476690122987155,55,0.00027895884920886614,55,2.4135233764822996,0.09999229994977457,0.09999999999999996,2.4768808440561707,False,False,True,False,True,0,0,0.00019072106901639983,7.700050225435196e-06,2.513378341033811
2009-08,3.784910417928956,3.824572460320473,0.010589981411552514,0.0,0.00011099036234817694,0.0,0.00011099036234817694,0.010478991049204337,0.11099036234817694,0.11099036234817694,0.0,0.0,2.4517259602298687,2.4517259602298687,55,0.00042008857874132466,55,2.4367809360239554,0.0999889009637652,0.10000000000000002,2.4519981083883957,False,False,True,False,True,0,0,0.00027214815852661875,1.1099036234796339e-05,2.4135233764823
2009-09,3.824572460320473,3.9268267119357927,0.026798101456766067,0.0,6.197534693389536e-05,0.0,6.197534693389536e-05,0.026736126109832174,0.061975346933895364,0.061975346933895364,0.0,0.0,2.454488391152988,2.454488391152988,55,0.00023702920510218308,55,2.4166739919934663,0.09999380246530656,0.09999999999999995,2.4546405183507103,False,False,True,False,True,0,0,0.00015212719772405778,6.197534693441366e-06,2.4367809360239554
2009-10,3.9268267119357927,3.993063041420258,0.016932053468931365,0.0,6.440578711827967e-05,0.0,6.440578711827967e-05,0.016867647681813085,0.06440578711827967,0.06440578711827967,0.0,0.0,2.4474506669194924,2.4474506669194924,55,0.00025291036525931077,55,2.423503910274418,0.09999355942128814,0.09999999999999996,2.447608307059066,False,False,True,False,True,0,0,0.0001576401395741861,6.440578711864107e-06,2.416673991993465
2009-11,3.993063041420258,4.192120545591472,0.0499211349724491,0.0,7.030564509331648e-05,0.0,7.030564509331648e-05,0.04985082932735578,0.07030564509331648,0.07030564509331648,0.0,0.0,2.4498570585921433,2.4498570585921433,55,0.00028073487302533154,55,2.3810794102684203,0.09999296943549069,0.10000000000000002,2.450029309483244,False,False,True,False,True,0,0,0.00017225089110051509,7.030564509324723e-06,2.4235039102744187
2009-12,4.192120545591472,4.145227639201073,-0.011104213414796317,0.0,8.174984184548334e-05,0.0,8.174984184548334e-05,-0.0111859632566418,0.08174984184548334,0.08174984184548334,0.0,0.0,2.412446147094011,2.412446147094011,55,0.00034270519159930414,55,2.4285071251496313,0.09999182501581538,0.09999999999999994,2.4126433803087806,False,False,True,False,True,0,0,0.0001972332147714504,8.174984184616662e-06,2.38107941026842
2010-01,4.145227639201073,4.073148464640475,-0.017331537109625858,0.0,5.693484760779166e-05,0.0,5.693484760779166e-05,-0.01738847195723365,0.05693484760779166,0.05693484760779166,0.0,0.0,2.413743412640538,2.413743412640538,55,0.00023600790393751907,55,2.4388192150607586,0.09999430651523919,0.09999999999999998,2.413880846578681,False,False,True,False,True,0,0,0.0001374339381438744,5.69348476080597e-06,2.428507125149631
2010-02,4.073148464640475,4.155620972759523,0.020323144956568357,0.0,7.529275206315525e-05,0.0,7.529275206315525e-05,0.0202478522045052,0.07529275206315525,0.07529275206315525,0.0,0.0,2.4152811890362806,2.4152811890362806,55,0.0003066785574645968,55,2.387267298558978,0.09999247072479368,0.1,2.4154630558972663,False,False,True,False,True,0,0,0.00018186686098581144,7.529275206331155e-06,2.4388192150607595
2010-03,4.155620972759523,4.218393336728995,0.015167891819714507,0.0,6.248052716611892e-05,0.0,6.248052716611892e-05,0.01510541129254839,0.06248052716611892,0.06248052716611892,0.0,0.0,2.4228416935663093,2.4228416935663093,55,0.00025964538908059486,55,2.401730458989152,0.09999375194728337,0.09999999999999998,2.422993083451483,False,False,True,False,True,0,0,0.00015138988517426205,6.24805271662909e-06,2.387267298558979
2010-04,4.218393336728995,4.297227790975246,0.018775768158868597,0.0,8.750275700331457e-05,0.0,8.750275700331457e-05,0.018688265401865283,0.08750275700331457,0.08750275700331457,0.0,0.0,2.424282984459857,2.424282984459857,55,0.00036912104708819855,55,2.398239810541998,0.09999124972429962,0.09999999999999995,2.424495134468464,False,False,True,False,True,0,0,0.00021215000860813626,8.750275700374088e-06,2.4017304589891517
2010-05,4.297227790975246,4.122942681210366,-0.04051200243384343,0.0,4.556589681442754e-05,0.0,4.556589681442754e-05,-0.04055756833065786,0.045565896814427534,0.045565896814427534,0.0,0.0,2.4177263733284238,2.4177263733284238,55,0.00019580703811166843,55,2.4777040210306778,0.09999544341031853,0.09999999999999998,2.417836544218912,False,False,True,False,True,0,0,0.00011017089048897914,4.5565896814827426e-06,2.3982398105419978
2010-06,4.122942681210366,4.173186508037797,0.01230032838842819,0.0,0.00011392884025860564,0.0,0.00011392884025860564,0.012186399548169585,0.11392884025860564,0.11392884025860564,0.0,0.0,2.3953060939334523,2.3953060939334523,55,0.00046972207812300297,55,2.3786196133406,0.09998860711597411,0.09999999999999998,2.3955790194728888,False,False,True,False,True,0,0,0.00027292553943676634,1.1392884025873101e-05,2.4777040210306773
2010-07,4.173186508037797,4.419916372943285,0.05919127739773091,0.0,6.862269963097798e-05,0.0,6.862269963097798e-05,0.059122654698099936,0.06862269963097799,0.06862269963097799,0.0,0.0,2.4022613329079694,2.4022613329079694,55,0.0002863753242451276,55,2.324048682545961,0.09999313773003686,0.09999999999999995,2.4024261938790574,False,False,True,False,True,0,0,0.00016486097108862202,6.86226996311518e-06,2.3786196133406
2010-08,4.419916372943285,4.432620231166778,0.0029784219779732807,0.0,0.00010419152844240234,0.0,0.00010419152844240234,0.0028742304495308784,0.10419152844240233,0.10419152844240233,0.0,0.0,2.359442822574464,2.359442822574464,55,0.00046051784248456006,55,2.355650561978744,0.09998958084715577,0.10000000000000002,2.3596886821449052,False,False,True,False,True,0,0,0.0002458595704407929,1.0419152844233038e-05,2.324048682545962
2010-09,4.432620231166778,4.698873616941734,0.06013863723581497,0.0,7.182079553750207e-05,0.0,7.182079553750207e-05,0.06006681644027747,0.07182079553750206,0.07182079553750206,0.0,0.0,2.343387015528028,2.343387015528028,55,0.00031835431131802433,55,2.2673341109147467,0.09999281792044626,0.1,2.343555331536325,False,False,True,False,True,0,0,0.00016831600829703489,7.182079553747166e-06,2.3556505619787442
2010-10,4.698873616941734,4.855359092838931,0.033423555855936406,0.0,0.00012079254410985071,0.0,0.00012079254410985071,0.03330276331182656,0.12079254410985071,0.12079254410985071,0.0,0.0,2.3205119143176702,2.3205119143176702,55,0.0005675888986410481,55,2.2780694620703765,0.09998792074558899,0.09999999999999998,2.3207922487177433,False,False,True,False,True,0,0,0.0002803344000739741,1.2079254411023761e-05,2.267334110914747
2010-11,4.855359092838931,4.802769659403203,-0.010748925683659115,0.0,8.228832753344695e-05,0.0,8.228832753344695e-05,-0.010831214011192561,0.08228832753344695,0.08228832753344695,0.0,0.0,2.306907949812243,2.306907949812243,55,0.00039953937932402984,55,2.3213015378697617,0.09999177116724658,0.09999999999999992,2.3070977970314166,False,False,True,False,True,0,0,0.00018984721917553876,8.228832753420757e-06,2.2780694620703765
2010-12,4.802769659403203,5.054489154760943,0.052462854275607235,0.0,5.153472275172054e-05,0.0,5.153472275172054e-05,0.052411319552855516,0.05153472275172054,0.05153472275172054,0.0,0.0,2.3007514256392936,2.3007514256392936,55,0.0002475094028377193,55,2.236021445412356,0.09999484652772477,0.09999999999999994,2.300870000336849,False,False,True,False,True,0,0,0.00011857469755644987,5.153472275232652e-06,2.321301537869762
2011-01,5.054489154760943,5.126599881633143,0.014372745356610409,0.0,0.00010607573594706496,0.0,0.00010607573594706496,0.014266669620663345,0.10607573594706496,0.10607573594706496,0.0,0.0,2.2698730180953013,2.2698730180953013,55,0.0005361586569277253,55,2.252115574601521,0.09998939242640531,0.10000000000000002,2.2701138220896633,False,False,True,False,True,0,0,0.00024080399436173308,1.0607573594701196e-05,2.236021445412356
2011-02,5.126599881633143,5.212769603398251,0.01685668422770409,0.0,4.832707975800549e-05,0.0,4.832707975800549e-05,0.016808357147946082,0.04832707975800549,0.04832707975800549,0.0,0.0,2.2513846012040095,2.2513846012040095,55,0.0002477536013670664,55,2.230746108139711,0.09999516729202415,0.09999999999999995,2.2514934093055756,False,False,True,False,True,0,0,0.00010880810156715416,4.832707975844224e-06,2.2521155746015213
2011-03,5.212769603398251,5.192589003206859,-0.0038056560412131246,0.0,6.57216959185728e-05,0.0,6.57216959185728e-05,-0.0038713777371316973,0.0657216959185728,0.0657216959185728,0.0,0.0,2.2710552275261997,2.2710552275261997,55,0.0003425920587681192,55,2.2760610636150185,0.09999342783040807,0.09999999999999992,2.271204494937385,False,False,True,False,True,0,0,0.00014926741118666959,6.5721695919213904e-06,2.2307461081397104
2011-04,5.192589003206859,5.3465781762720725,0.02970795740287674,0.0,5.239002211297378e-05,0.0,5.239002211297378e-05,0.029655567380763765,0.05239002211297378,0.05239002211297378,0.0,0.0,2.305155919706155,2.305155919706155,55,0.0002720398527015918,55,2.2676164254115143,0.09999476099778866,0.09999999999999996,2.3052766932030884,False,False,True,False,True,0,0,0.0001207734969345415,5.239002211342553e-06,2.2760610636150185
2011-05,5.3465781762720725,5.305677310842039,-0.007571385335502163,0.0,7.852907359600339e-05,0.0,7.852907359600339e-05,-0.007649914409098167,0.07852907359600339,0.07852907359600339,0.0,0.0,2.3069560845777164,2.3069560845777164,55,0.00041986183109125517,55,2.3171103954437897,0.09999214709264034,0.09999999999999994,2.3071372619295545,False,False,True,False,True,0,0,0.0001811773518398188,7.85290735967233e-06,2.2676164254115143
2011-06,5.305677310842039,5.246706135474738,-0.011072276393454154,0.0,4.245447168822339e-05,0.0,4.245447168822339e-05,-0.011114730865142378,0.04245447168822339,0.04245447168822339,0.0,0.0,2.3231831459833723,2.3231831459833723,55,0.00022524972717999256,55,2.3380982018396383,0.09999575455283118,0.1,2.323281779683912,False,False,True,False,True,0,0,9.863370053972073e-05,4.245447168838414e-06,2.31711039544379
2011-07,5.246706135474738,5.4167384987999005,0.032487680621037796,0.0,8.023127381460067e-05,0.0,8.023127381460067e-05,0.03240744934722319,0.08023127381460067,0.08023127381460067,0.0,0.0,2.310818705883973,2.310818705883973,55,0.000420949916580019,55,2.2697495915848442,0.09999197687261852,0.09999999999999998,2.3110041206883665,False,False,True,False,True,0,0,0.00018541480439425093,8.02312738148468e-06,2.3380982018396383
2011-08,5.4167384987999005,5.3983182481018535,-0.003323559690251907,0.0,7.70568804258945e-05,0.0,7.70568804258945e-05,-0.0034006165706778014,0.07705688042589451,0.07705688042589451,0.0,0.0,2.290556688602407,2.290556688602407,55,0.0004173969708003632,55,2.295037672050059,0.09999229431195734,0.09999999999999994,2.2907332053571,False,False,True,False,True,0,0,0.0001765167546945827,7.705688042669354e-06,2.269749591584844
2011-09,5.3983182481018535,5.011572930136678,-0.0715563225369186,0.0,8.549259711179508e-05,0.0,8.549259711179508e-05,-0.0716418151340304,0.08549259711179508,0.08549259711179508,0.0,0.0,2.3096180647236344,2.3096180647236344,55,0.0004615162470662232,55,2.410773964910788,0.09999145074028883,0.1,2.309815536852729,False,False,True,False,True,0,0,0.00019747212909488818,8.549259711188291e-06,2.2950376720500594
2011-10,5.011572930136678,5.289326058715298,0.05565949236128477,0.0,0.0002371464330483478,0.0,0.0002371464330483478,0.05542234592823642,0.2371464330483478,0.2371464330483478,0.0,0.0,2.297702248150187,2.297702248150187,56,0.0011884766443435698,56,2.2297819916269703,0.09997628535669509,0.09999999999999992,2.298247269292363,False,False,True,False,True,0,0,0.0005450211421774726,2.3714643304906293e-05,2.4107739649107884
2011-11,5.289326058715298,5.150226411132458,-0.025971107203768974,0.0,0.0003270725716381426,0.0,0.0003270725716381426,-0.02629817977540712,0.32707257163814263,0.32707257163814263,0.0,0.0,2.555711224533611,2.555711224533611,56,0.0017299934762566539,56,2.5980644842035265,0.09996729274283613,0.09999999999999994,2.5565474010665925,False,False,True,False,True,0,0,0.0008361765329835263,3.270725716388895e-05,2.2297819916269703
2011-12,5.150226411132458,5.171760012223472,0.004302762210905566,0.0,0.0001216642606352033,0.0,0.0001216642606352033,0.004181097950270363,0.1216642606352033,0.1216642606352033,0.0,0.0,2.5649046821057726,2.5649046821057726,56,0.000626598488414327,56,2.5585100631359547,0.09998783357393641,0.09999999999999994,2.5652167773083527,False,False,True,False,True,0,0,0.00031209520258203977,1.2166426063587343e-05,2.5980644842035265
2012-01,5.171760012223472,5.404220918518174,0.045028174017857164,0.0,8.00507976613993e-05,0.0,8.00507976613993e-05,0.044948123220195764,0.0800507976613993,0.0800507976613993,0.0,0.0,2.5741088087606347,2.5741088087606347,56,0.0004140035142918171,56,2.5064756082887163,0.09999199492023383,0.09999999999999998,2.574314884720588,False,False,True,False,True,0,0,0.00020607595995432958,8.005079766171313e-06,2.5585100631359547
2012-02,5.404220918518174,5.535697645809817,0.024543775286075063,0.0,0.00021524962548937838,0.0,0.00021524962548937838,0.024328525660585684,0.21524962548937837,0.21524962548937837,0.0,0.0,2.694349884517201,2.694349884517201,56,0.0011632565287729014,56,2.6543180158434736,0.09997847503745101,0.09999999999999995,2.6949299671833575,False,False,True,False,True,0,0,0.0005800826661577947,2.1524962548990728e-05,2.5064756082887154
2012-03,5.535697645809817,5.434604442308006,-0.01812902481459531,0.0,0.00013302813158252053,0.0,0.00013302813158252053,-0.018262052946177828,0.13302813158252053,0.13302813158252053,0.0,0.0,2.774337933388296,2.774337933388296,56,0.0007364035148278374,56,2.8074792431575397,0.09998669718684176,0.10000000000000002,2.7747070474825115,False,False,True,False,True,0,0,0.0003691140942149139,1.3302813158232424e-05,2.654318015843474
2012-04,5.434604442308006,5.455661755517952,0.003927440487103478,0.0,5.2767834570269566e-05,0.0,5.2767834570269566e-05,0.0038746726525332085,0.05276783457026957,0.05276783457026957,0.0,0.0,2.813965548021983,2.813965548021983,56,0.000286772308166561,56,2.8070167175982057,0.09999472321654297,0.1,2.8141140427262514,False,False,True,False,True,0,0,0.000148494704268632,5.2767834570322995e-06,2.807479243157539
2012-05,5.455661755517952,5.13341073499086,-0.059001581921906826,0.0,6.568341967378405e-05,0.0,6.568341967378405e-05,-0.05906726534158061,0.06568341967378405,0.06568341967378405,0.0,0.0,2.8172877010283477,2.8172877010283477,56,0.0003583465206858991,56,2.931438154405122,0.09999343165803261,0.09999999999999999,2.8174727622742117,False,False,True,False,True,0,0,0.00018506124586441935,6.5683419673941335e-06,2.8070167175982057
2012-06,5.13341073499086,5.389090731343478,0.049994179216512946,0.0,0.0001871387220077344,0.0,0.0001871387220077344,0.04980704049450521,0.1871387220077344,0.1871387220077344,0.0,0.0,2.8063003859064812,2.8063003859064812,56,0.000960659924486974,56,2.720780538657422,0.09998128612779915,0.09999999999999992,2.8068256516718337,False,False,True,False,True,0,0,0.0005252657653544539,1.8713872200847762e-05,2.9314381544051216
2012-07,5.389090731343478,5.6125699092141215,0.041602444816319695,0.0,0.00013363513923139183,0.0,0.00013363513923139183,0.041468809677088304,0.13363513923139184,0.13363513923139184,0.0,0.0,2.7995358326168587,2.7995358326168587,56,0.0007201718902136888,56,2.7280109121213956,0.09998663648607682,0.09999999999999996,2.7999099989794076,False,False,True,False,True,0,0,0.00037416636255017434,1.3363513923181679e-05,2.720780538657422
2012-08,5.6125699092141215,5.791043608896822,0.03193002086898131,0.0,0.00013109407259493525,0.0,0.00013109407259493525,0.03179892679638637,0.13109407259493525,0.13109407259493525,0.0,0.0,2.8119273127590096,2.8119273127590096,56,0.0007357746471226652,56,2.7562127268903374,0.09998689059274045,0.09999999999999994,2.8122959880934313,False,False,True,False,True,0,0,0.00036867533442345134,1.3109407259559644e-05,2.7280109121213956
2012-09,5.791043608896822,5.845028455940184,0.009416575509792888,0.0,9.444798161722143e-05,0.0,9.444798161722143e-05,0.009322127528175668,0.09444798161722143,0.09444798161722143,0.0,0.0,2.806454588067429,2.806454588067429,56,0.0005469523803176147,56,2.7898636983945604,0.09999055520183822,0.09999999999999994,2.806719677075894,False,False,True,False,True,0,0,0.0002650890084669351,9.444798161783404e-06,2.7562127268903374
2012-10,5.845028455940184,5.759602258523902,-0.014562756438471401,0.0,5.243287330435716e-05,0.0,5.243287330435716e-05,-0.014615189311775759,0.05243287330435716,0.05243287330435716,0.0,0.0,2.8133087699050905,2.8133087699050905,56,0.0003064716364906741,56,2.840256905839542,0.09999475671266957,0.1,2.8134562875021603,False,False,True,False,True,0,0,0.00014751759707036342,5.2432873304484665e-06,2.789863698394561
2012-11,5.759602258523902,5.848337185145237,0.015477390724717582,0.0,7.095766937725614e-05,0.0,7.095766937725614e-05,0.015406433055340325,0.07095766937725614,0.07095766937725614,0.0,0.0,2.78923568680003,2.78923568680003,56,0.0004086879528048368,56,2.7621580740683447,0.09999290423306224,0.09999999999999996,2.7894336185084816,False,False,True,False,True,0,0,0.00019793170845292148,7.095766937758173e-06,2.840256905839542
2012-12,5.848337185145237,5.822632044563305,-0.004294367766716179,0.0,0.000100922683913676,0.0,0.000100922683913676,-0.004395290450629855,0.100922683913676,0.100922683913676,0.0,0.0,2.849154489341132,2.849154489341132,56,0.0005902298851570104,56,2.857419309378372,0.0999899077316086,0.09999999999999996,2.8494420626817543,False,False,True,False,True,0,0,0.00028757334062311235,1.009226839139291e-05,2.7621580740683456
2013-01,5.822632044563305,5.898868770727898,0.013189261365549808,0.0,9.60887966637848e-05,0.0,9.60887966637848e-05,0.013093172568886024,0.09608879666378481,0.09608879666378481,0.0,0.0,2.923746037516816,2.923746037516816,56,0.000559489706578081,56,2.8989784734559216,0.09999039112033357,0.09999999999999995,2.924027003753019,False,False,True,False,True,0,0,0.0002809662362046588,9.608879666434204e-06,2.8574193093783715
2013-02,5.898868770727898,5.846797021778801,-0.008761615062765946,0.0,6.579761125276874e-05,0.0,6.579761125276874e-05,-0.008827412674018714,0.06579761125276874,0.06579761125276874,0.0,0.0,2.917160338349785,2.917160338349785,56,0.00038813147420745206,56,2.9343010092050625,0.09999342023887464,0.09999999999999992,2.917352293161858,False,False,True,False,True,0,0,0.00019195481207544968,6.579761125368634e-06,2.898978473455921
2013-03,5.846797021778801,5.938753937062198,0.015794026507877548,0.0,6.628447392880365e-05,0.0,6.628447392880365e-05,0.015727742033948746,0.06628447392880364,0.06628447392880364,0.0,0.0,2.9066081611098724,2.9066081611098724,56,0.00038755186475710374,56,2.87715109736569,0.09999337155260707,0.09999999999999995,2.9068008368741602,False,False,True,False,True,0,0,0.0001926757642890936,6.628447392919445e-06,2.934301009205062
2013-04,5.938753937062198,6.000929637749984,0.010528535814699046,0.0,5.904990120400784e-05,0.0,5.904990120400784e-05,0.010469485913495039,0.05904990120400784,0.05904990120400784,0.0,0.0,2.9054155768273193,2.9054155768273193,56,0.00035068283325843534,56,2.8857319823031733,0.09999409500987956,0.09999999999999996,2.9055871514615528,False,False,True,False,True,0,0,0.00017157463423436888,5.9049901204311245e-06,2.8771510973656906
2013-05,6.000929637749984,5.819805550631565,-0.03012510549276394,0.0,5.7565868523608666e-05,0.0,5.7565868523608666e-05,-0.03018267136128755,0.05756586852360866,0.05756586852360866,0.0,0.0,2.908422140879046,2.908422140879046,56,0.00034544872654614214,56,2.967875444571004,0.09999424341314765,0.1,2.908589576364188,False,False,True,False,True,0,0,0.00016743548514203642,5.7565868523554856e-06,2.8857319823031737
2013-06,5.819805550631565,5.550094460943431,-0.04623035247049214,0.0,0.00011330752668170367,0.0,0.00011330752668170367,-0.046343659997173846,0.11330752668170366,0.11330752668170366,0.0,0.0,2.8997066542998513,2.8997066542998513,56,0.0006594277727105132,56,2.992143167444263,0.09998866924733178,0.09999999999999995,2.9000352501213325,False,False,True,False,True,0,0,0.00032859582148229115,1.1330752668215112e-05,2.967875444571004
2013-07,5.550094460943431,5.771156033668697,0.04004373011252853,0.0,0.00021349401818848636,0.0,0.00021349401818848636,0.03983023609434004,0.21349401818848635,0.21349401818848635,0.0,0.0,2.7856067498789705,2.7856067498789705,56,0.0011849119677924743,56,2.7174151913535423,0.09997865059818115,0.09999999999999999,2.7862015872513157,False,False,True,False,True,0,0,0.0005948373723457714,2.1349401818859996e-05,2.992143167444263
2013-08,5.771156033668697,5.739440702060762,-0.00532801044326806,0.0,0.0001674797883092978,0.0,0.0001674797883092978,-0.0054954902315773576,0.1674797883092978,0.1674797883092978,0.0,0.0,2.873067006841835,2.873067006841835,56,0.0009665519908187601,56,2.883585713519127,0.09998325202116902,0.09999999999999995,2.8735482680974727,False,False,True,False,True,0,0,0.0004812612556388124,1.6747978830978362e-05,2.717415191353542
2013-09,5.739440702060762,5.926257587068294,0.03262034940661708,0.0,7.068216457118873e-05,0.0,7.068216457118873e-05,0.032549667242045895,0.07068216457118873,0.07068216457118873,0.0,0.0,2.889142659758268,2.889142659758268,56,0.0004056760922496378,56,2.829658564482379,0.09999293178354282,0.09999999999999994,2.8893468850503004,False,False,True,False,True,0,0,0.00020422529203454644,7.068216457193691e-06,2.8835857135191265
2013-10,5.926257587068294,6.053329207235556,0.02161040555635015,0.0,0.00016826972267589994,0.0,0.00016826972267589994,0.02144213583367425,0.16826972267589993,0.16826972267589993,0.0,0.0,2.989084898884524,2.989084898884524,56,0.0009972097206819297,56,2.9474947222376175,0.09998317302773234,0.09999999999999994,2.989587956020799,False,False,True,False,True,0,0,0.0005030571362769735,1.6826972267659792e-05,2.8296585644823775
2013-11,6.053329207235556,6.077546263811337,0.004076031388418424,0.0,7.541358840924267e-05,0.0,7.541358840924267e-05,0.004000617800009181,0.07541358840924267,0.07541358840924267,0.0,0.0,2.9997737592347704,2.9997737592347704,56,0.0004565032773401094,56,2.991880420557209,0.09923535652799713,0.09924284078674478,2.9999999999999982,False,False,True,True,False,0,0,0.00022624076522863822,7.484258747687348e-06,2.947494722237617
2013-12,6.077546263811337,6.028134381582798,-0.008069221190238176,0.0,6.101428369993357e-05,0.0,6.101428369993357e-05,-0.008130235473938109,0.06101428369993357,0.06101428369993357,0.0,0.0,2.9998169571489,2.9998169571489,56,0.00037081713193965626,56,3.0162707272241405,0.09833797584958279,0.09834397623684908,3.0,False,False,True,True,False,0,0,0.00018304285110019858,6.000387266309352e-06,2.9918804205572096
2014-01,6.028134381582798,6.092733962481257,0.010799844631918333,0.0,8.349744897819706e-05,0.0,8.349744897819706e-05,0.010716347182940136,0.08349744897819705,0.08349744897819705,0.0,0.0,2.9997495076530636,2.9997495076530636,56,0.0005033338429599252,56,2.978629326295117,0.09539595762800561,0.09540392361224974,2.9999999999999982,False,False,True,True,False,0,0,0.0002504923469368852,7.965984244206337e-06,3.0162707272241405
2014-02,6.092733962481257,6.541091652215833,0.07369827746950319,0.0,0.00010936114794056481,0.0,0.00010936114794056481,0.07358891632156263,0.10936114794056481,0.10936114794056481,0.0,0.0,2.9996719165561774,2.9996719165561774,56,0.0006663083802334165,56,2.8627067095252507,0.09543233440974007,0.09544277214086402,2.999999999999999,False,False,True,True,False,0,0,0.00032808344382305454,1.0437731123997177e-05,2.978629326295116
2014-03,6.541091652215833,6.582640965711666,0.006542436200029852,0.0,0.00019039043993757947,0.0,0.00019039043993757947,0.006352045760092272,0.19039043993757948,0.19039043993757948,0.0,0.0,2.999428828680186,2.999428828680186,56,0.001245361317337401,56,2.9869977186858314,0.09845153052708844,0.09847027832669984,2.9999999999999987,False,False,True,True,False,0,0,0.0005711713198141861,1.8747799611443663e-05,2.8627067095252507
2014-04,6.582640965711666,6.718326506591162,0.020677346806179296,0.0,6.471707500164911e-05,0.0,6.471707500164911e-05,0.020612629731177647,0.06471707500164911,0.06471707500164911,0.0,0.0,2.9998058487749963,2.9998058487749963,56,0.0004260092690868898,56,2.959480519437379,0.09819581817379298,0.09820217353122274,3.0000000000000013,False,False,True,True,False,0,0,0.00019415122500369107,6.3553574297026695e-06,2.986997718685832
2014-05,6.718326506591162,6.773774022844609,0.008316288093044622,0.0,6.31143005757821e-05,0.0,6.31143005757821e-05,0.00825317379246884,0.0631143005757821,0.0631143005757821,0.0,0.0,2.9998106570982723,2.9998106570982723,56,0.0004240224785032387,56,2.9835035717035963,0.09729842338395604,0.0973045646934995,2.9999999999999996,False,False,True,True,False,0,0,0.0001893429017280554,6.141309543486015e-06,2.9594805194373786
2014-06,6.773774022844609,6.867123676894998,0.013834731471248501,0.0,5.369098546225247e-05,0.0,5.369098546225247e-05,0.01378104048578625,0.05369098546225247,0.05369098546225247,0.0,0.0,2.9998389270436134,2.9998389270436134,56,0.0003636906025851334,56,2.9727066675766216,0.09673123700852769,0.09673643088283189,3.0000000000000004,False,False,True,True,False,0,0,0.0001610729563861768,5.19387430417978e-06,2.983503571703596
2014-07,6.867123676894998,6.659066487937882,-0.030227379330605073,0.0,7.019484257329896e-05,0.0,7.019484257329896e-05,-0.03029757417317837,0.07019484257329896,0.07019484257329896,0.0,0.0,2.99978941547228,2.99978941547228,56,0.0004820366654310183,56,3.062343619084651,0.09662852057575769,0.09663530387570027,3.0,False,False,True,True,False,0,0,0.00021058452771964206,6.783299942567418e-06,2.9727066675766216
2014-08,6.659066487937882,6.784083370961304,0.018892859918893695,0.0,0.00011892467588693937,0.0,0.00011892467588693937,0.018773935243006756,0.11892467588693936,0.11892467588693936,0.0,0.0,2.9996432259723385,2.9996432259723385,56,0.0007919273237875923,56,2.9629105942637066,0.09536476053309541,0.09537610310524455,2.999999999999999,False,False,True,True,False,0,0,0.00035677402766238174,1.1342572149201297e-05,3.0623436190846514
2014-09,6.784083370961304,6.473445668306158,-0.04569774540528587,0.0,9.144757320920479e-05,0.0,9.144757320920479e-05,-0.045789192978495076,0.09144757320920478,0.09144757320920478,0.0,0.0,2.9997256572803703,2.9997256572803703,56,0.0006203879607233326,56,3.0957812363243438,0.09619184723651186,0.09620064455199731,2.999999999999998,False,False,True,True,False,0,0,0.0002743427196296635,8.797315485507863e-06,2.9629105942637066
2014-10,6.473445668306158,6.558677308200458,0.013365204286623869,0.0,0.00019885606011545856,0.0,0.00019885606011545856,0.01316634822650841,0.19885606011545856,0.19885606011545856,0.0,0.0,2.999403431819654,2.999403431819654,56,0.0012872839009708441,56,2.9736169597223228,0.08951224015094011,0.08953004374270075,3.0000000000000004,False,False,True,True,False,0,0,0.0005965681803461534,1.7803591760631577e-05,3.0957812363243438
2014-11,6.558677308200458,6.569667969254255,0.0018067552162200897,0.0,0.0001310116878634544,0.0,0.0001310116878634544,0.0016757435283566353,0.1310116878634544,0.1310116878634544,0.0,0.0,2.999606964936409,2.999606964936409,56,0.0008592633842990797,56,2.9963925347540985,0.08417504406312996,0.08418607342270366,2.999999999999999,False,False,True,True,False,0,0,0.00039303506359097094,1.1029359573722782e-05,2.9736169597223228
2014-12,6.569667969254255,6.3107139723274726,-0.0363774151647972,0.0,7.579304670853024e-05,0.0029633952056950757,0.003039188252403606,-0.0394166034172008,3.0391882524036062,0.07579304670853024,0.0,2.963395205695076,2.999772620859873,2.999772620859873,56,0.019966457714349784,56,3.0755073141746947,0.08242500701932674,0.08243125473526713,2.9999999999999987,False,False,True,True,False,0,0,0.00022737914012702434,6.247715940433201e-06,2.9963925347540985
