month,AN,AP,AX,BN,CA,CB,CC,CN,CT,DA,DT,EC,FB,FN,GS,HS,JN,JO,KC,LB,LX,MD,MP,MW,ND,NK,RL,SB,SN,SP,SS,TU,TY,UB,US,UZ,XU,XX,YM,ZA,ZB,ZC,ZD,ZF,ZG,ZI,ZK,ZL,ZM,ZN,ZO,ZP,ZR,ZS,ZT,ZU,ZW,ZZ
1976-01,0.0,0.0,0.0,0.0,0.0,0.0,0.0,0.0,0.0,0.0,0.0,0.0,0.0,0.0,0.0,0.0,0.0,0.0,0.0,0.0,0.0,0.0,0.0,0.0,0.0,0.0,0.0,0.0,0.0,0.0,0.0,0.0,0.0,0.0,0.0,0.0,0.0,0.0,0.0,0.0,0.0,0.0,0.0,0.0,0.0,0.0,0.0,0.0,0.0,0.0,0.0,0.0,0.0,0.0,0.0,0.0,0.0,0.0
1976-02,0.0,0.0,0.0,0.0,0.0,0.0,0.0,0.0,3.0016645532063908e-05,0.0,0.0,0.0,0.0,0.0,0.0,0.0,0.0,6.432755468343645e-05,0.0,0.0,0.0,0.0,0.0,0.0,0.0,0.0,0.0,0.0,0.0,0.0,0.0,0.0,0.0,0.0,0.0,0.0,0.0,0.0,0.0,0.0,0.0,2.7490073339132208e-05,0.0,0.0,0.0,3.0173753432165887e-05,0.0,1.842167862085377e-05,1.625387639530319e-05,0.0,0.0,3.3167303441616204e-05,0.0,1.9040458137385834e-05,3.455749233680819e-05,0.0,2.455723846852424e-05,2.8555017144922502e-05
1976-03,0.0,0.0,0.0,0.0,0.0,0.0,0.0,0.0,0.0,0.0,0.0,0.0,0.0,0.0,0.0,0.0,0.0,0.0,0.0,0.0,0.0,0.0,0.0,0.0,0.0,0.0,0.0,0.0,0.0,0.0,0.0,0.0,0.0,0.0,0.0,0.0,0.0,0.0,0.0,0.0,0.0,5.8434178389262844e-05,0.0,0.0,0.0,0.0,0.0,0.0,3.4631974564563857e-05,0.0,0.0,1.2377079491366698e-06,0.0,0.0,0.0,0.0,5.448451876301901e-05,0.0
1976-04,0.0,0.0,0.0,0.0,0.0,0.0,0.0,0.0,0.0,0.0,0.0,0.0,0.0,0.0,0.0,0.0,0.0,0.0,0.0,0.0,0.0,0.0,0.0,0.0,0.0,0.0,0.0,0.0,0.0,0.0,0.0,0.0,0.0,0.0,0.0,0.0,0.0,0.0,0.0,0.0,0.0,5.6236278589424636e-05,0.0,0.0,0.0,0.0,0.0,0.0,3.397721303786314e-05,0.0,0.0,0.0,0.0,0.0,0.0,0.0,4.6974064563207903e-05,1.5427985306333825e-06
1976-05,0.0,0.0,0.0,0.0,0.0,0.0,0.0,0.0,5.790988684035748e-06,0.0,0.0,0.0,0.0,0.0,0.0,0.0,0.0,1.6413253654056327e-05,0.0,0.0,0.0,0.0,0.0,0.0,0.0,0.0,0.0,0.0,0.0,0.0,0.0,0.0,0.0,0.0,0.0,0.0,0.0,0.0,0.0,0.0,0.0,4.904999639927389e-06,0.0,0.0,0.0,4.4533020950401975e-06,0.0,3.132496885547568e-06,4.045866526596728e-05,0.0,0.0,8.642916113061423e-05,0.0,5.496378322161748e-06,1.940634446039598e-06,0.0,5.705155737617696e-06,2.7868571215439174e-07
1976-06,0.0,0.0,0.0,0.0,0.0,0.0,0.0,0.0,6.999059647278906e-06,0.0,0.0,0.0,0.0,0.0,0.0,0.0,0.0,0.00014203497176719138,0.0,0.0,0.0,0.0,0.0,0.0,0.0,0.0,0.0,0.0,0.0,0.0,0.0,0.0,0.0,0.0,0.0,0.0,0.0,0.0,0.0,0.0,0.0,6.452444504142771e-05,0.0,0.0,0.0,5.215199627605242e-06,0.0,3.874030452528318e-06,7.915998580739253e-06,0.0,0.0,1.018292107097319e-05,0.0,5.415335491136279e-05,3.040863907477362e-06,0.0,5.507524068727709e-05,4.39519887961112e-06
1976-07,0.0,0.0,0.0,0.0,0.0,0.0,0.0,0.0,1.2600210310862183e-05,0.0,0.0,0.0,0.0,0.0,0.0,0.0,0.0,2.48997332049037e-06,0.0,0.0,0.0,0.0,0.0,0.0,0.0,0.0,0.0,0.0,0.0,0.0,0.0,0.0,0.0,0.0,0.0,0.0,0.0,0.0,0.0,0.0,0.0,1.2207509090793358e-06,0.0,0.0,0.0,1.545191516626264e-06,0.0,3.9673260290097145e-05,3.783176334517649e-06,0.0,0.0,2.59448515765541e-06,0.0,2.046628330030536e-06,6.340504608903264e-05,0.0,1.0287348058108311e-06,1.2885954685794704e-06
1976-08,0.0,0.0,0.0,0.0,0.0,0.0,0.0,0.0,2.6338847354779003e-06,0.0,0.0,0.0,0.0,0.0,0.0,0.0,0.0,1.6685661991740356e-05,0.0,0.0,0.0,0.0,0.0,0.0,0.0,0.0,0.0,0.0,0.0,0.0,0.0,0.0,0.0,0.0,0.0,0.0,0.0,0.0,0.0,0.0,0.0,6.886837341807542e-05,0.0,0.0,0.0,1.071427892524783e-06,0.0,3.991820965497648e-05,1.6988421617221243e-06,0.0,0.0,7.389639868834946e-05,0.0,4.980711887517672e-05,5.962945028453064e-06,0.0,5.1135028547447844e-05,5.435065552096892e-06
1976-09,0.0,0.0,0.0,0.0,0.0,0.0,0.0,0.0,1.0300608619341297e-05,0.0,0.0,0.0,0.0,0.0,0.0,0.0,0.0,1.5738320826842524e-05,0.0,0.0,0.0,0.0,0.0,0.0,0.0,0.0,0.0,0.0,0.0,0.0,0.0,0.0,0.0,0.0,0.0,0.0,0.0,0.0,0.0,0.0,0.0,2.366321002253716e-06,0.0,0.0,0.0,8.583082092696612e-06,0.0,5.078443620688135e-05,2.565704516565511e-06,0.0,0.0,4.410941551495198e-06,0.0,5.9807923043952225e-05,6.8531028347226245e-06,0.0,1.0390965853779973e-05,5.847995778901397e-06
1976-10,0.0,0.0,0.0,0.0,0.0,0.0,0.0,0.0,4.3169184032565423e-07,0.0,0.0,0.0,0.0,0.0,0.0,0.0,0.0,8.839185340258766e-07,0.0,0.0,0.0,0.0,0.0,0.0,0.0,0.0,0.0,0.0,0.0,0.0,0.0,0.0,0.0,0.0,0.0,0.0,0.0,0.0,0.0,0.0,0.0,4.4411152276312844e-07,0.0,0.0,0.0,4.272931798216528e-07,0.0,4.760899070215331e-05,2.332267789790163e-07,0.0,0.0,4.4395368492941566e-07,0.0,3.1302025077600827e-07,3.917581573627815e-07,0.0,3.5231575248814013e-07,6.859269206709613e-05
1976-11,0.0,0.0,0.0,0.0,0.0,0.0,0.0,0.0,0.0,0.0,0.0,0.0,0.0,0.0,0.0,0.0,0.0,1.238834729925277e-05,0.0,0.0,0.0,0.0,0.0,0.0,0.0,0.0,0.0,0.0,0.0,0.0,0.0,0.0,0.0,0.0,0.0,0.0,0.0,0.0,0.0,0.0,0.0,6.150120932143212e-06,0.0,0.0,0.0,2.0665823993699234e-07,0.0,5.069970166472252e-05,2.293451936152109e-06,0.0,0.0,8.384289482192797e-05,0.0,0.0,4.615398894350697e-06,0.0,7.321165372482858e-06,5.519162669375792e-06
1976-12,0.0,0.0,0.0,0.0,0.0,0.0,0.0,0.0,1.1650684673678234e-06,0.0,0.0,0.0,0.0,0.0,0.0,0.0,0.0,1.145716225876392e-06,0.0,0.0,0.0,0.0,0.0,0.0,0.0,0.0,0.0,0.0,0.0,0.0,0.0,0.0,0.0,0.0,0.0,0.0,0.0,0.0,0.0,0.0,0.0,2.044386048441718e-06,0.0,0.0,0.0,0.0,0.0,0.0,0.0,0.0,0.0,0.0,0.0,0.0,0.0,0.0,2.976957883681672e-06,0.0
1977-01,0.0,0.0,0.0,0.0,0.0,0.0,0.0,0.0,3.5346077318990782e-06,0.0,0.0,0.0,0.0,0.0,0.0,0.0,0.0,5.186613768828993e-06,0.0,0.0,0.0,0.0,0.0,0.0,0.0,0.0,0.0,0.0,0.0,0.0,0.0,0.0,0.0,0.0,0.0,0.0,0.0,0.0,0.0,0.0,0.0,0.0,0.0,0.0,0.0,0.0,0.0,0.0,0.0,0.0,0.0,8.816731598242161e-05,0.0,0.0,0.0,0.0,0.0,8.852255438753737e-05
1977-02,0.0,0.0,0.0,0.0,0.0,0.0,0.0,0.0,3.2642739724355747e-06,0.0,0.0,0.0,0.0,0.0,0.0,0.0,0.0,0.00018656218594562154,3.142679928709653e-05,4.272815883107393e-05,0.0,0.0,0.0,0.0,0.0,0.0,0.0,0.0,0.0,0.0,0.0,0.0,0.0,0.0,0.0,0.0,0.0,0.0,0.0,0.0,0.0,7.784791128656855e-06,0.0,0.0,0.0,8.093177153289541e-05,0.0,4.4500474624132625e-06,6.864592531135763e-06,0.0,0.0,8.952092753818944e-05,0.0,8.215558525899101e-06,7.436644437991781e-06,0.0,6.793681583205514e-06,1.014132126265517e-05
1977-03,0.0,0.0,0.0,0.0,0.0,0.0,0.0,0.0,2.4546450308347775e-06,0.0,0.0,0.0,0.0,0.0,0.0,0.0,0.0,7.788718795050352e-07,4.134011391873603e-06,1.2320640793697587e-06,0.0,0.0,0.0,0.0,0.0,0.0,0.0,0.0,0.0,0.0,0.0,0.0,0.0,0.0,0.0,0.0,0.0,0.0,0.0,0.0,0.0,1.1942867215465683e-06,0.0,0.0,0.0,9.153300590198283e-06,0.0,1.1971839165224006e-06,1.6665610685067147e-06,0.0,0.0,9.75058356429439e-06,0.0,2.3300036330850884e-06,1.0536202785385584e-06,0.0,1.0048233041267188e-06,9.090986957403722e-07
1977-04,0.0,0.0,0.0,0.0,0.0,0.0,0.0,0.0,8.707452696228093e-07,0.0,0.0,0.0,0.0,0.0,0.0,0.0,0.0,5.894797544682973e-07,3.7653346387168942e-06,4.329557624803554e-07,0.0,0.0,0.0,0.0,0.0,0.0,0.0,0.0,0.0,0.0,0.0,0.0,0.0,0.0,0.0,0.0,0.0,0.0,0.0,0.0,0.0,8.145180635938109e-07,0.0,0.0,0.0,2.1765178994292353e-06,0.0,3.6546220358442057e-06,1.4253781873012766e-06,0.0,0.0,4.546053524113823e-06,0.0,2.833314671009314e-06,7.715905273045983e-07,0.0,7.0736813037664e-07,6.676589167950997e-07
1977-05,0.0,0.0,0.0,0.0,0.0,0.0,0.0,0.0,4.8948382383533425e-06,0.0,0.0,0.0,0.0,0.0,0.0,0.0,0.0,3.5846929654537453e-06,2.513508733462382e-06,1.314098018219069e-05,0.0,0.0,0.0,0.0,0.0,0.0,0.0,0.0,0.0,0.0,0.0,0.0,0.0,0.0,0.0,0.0,0.0,0.0,0.0,0.0,0.0,8.004781788419922e-06,0.0,0.0,0.0,1.3998822412813715e-05,0.0,0.0,0.0,0.0,0.0,0.00011304513123558791,0.0,0.0,2.2650752540033445e-06,0.0,1.0725013669000347e-05,3.8288575806216806e-07
1977-06,0.0,0.0,0.0,0.0,0.0,0.0,0.0,0.0,7.804151452032656e-06,0.0,0.0,0.0,0.0,0.0,0.0,0.0,0.0,0.0,3.960535565482679e-06,3.886949568229846e-06,0.0,0.0,0.0,0.0,0.0,0.0,0.0,0.0,0.0,0.0,0.0,0.0,0.0,0.0,0.0,0.0,0.0,0.0,0.0,0.0,0.0,2.6210505449793255e-06,0.0,0.0,0.0,0.0001269677104477355,0.0,0.0,1.452776098465499e-06,0.0,0.0,3.412933094601861e-07,0.0,1.1004847552683466e-07,6.036576649142776e-06,0.0,4.662953290608341e-06,2.279205661007075e-06
1977-07,0.0,0.0,0.0,0.0,0.0,0.0,0.0,0.0,9.11427846424109e-05,0.0,0.0,0.0,0.0,0.0,0.0,0.0,0.0,1.3682866168957808e-06,4.890478747131381e-07,0.0,0.0,0.0,0.0,0.0,0.0,0.0,0.0,0.0,0.0,0.0,0.0,0.0,0.0,0.0,0.0,0.0,0.0,0.0,0.0,0.0,0.0,2.0960889308699257e-06,0.0,0.0,0.0,0.0,0.0,1.3220749818369065e-06,4.339251828844834e-05,0.0,0.0,0.0,0.0,3.912989466290935e-06,0.0,0.0,0.0,0.0
1977-08,0.0,0.0,0.0,0.0,0.0,0.0,0.0,0.0,0.0,0.0,0.0,0.0,0.0,0.0,0.0,0.0,0.0,1.188426954447433e-05,0.0,0.0,0.0,0.0,0.0,0.0,0.0,0.0,0.0,0.0,0.0,0.0,0.0,0.0,0.0,0.0,0.0,0.0,0.0,0.0,0.0,0.0,0.0,1.079821974852995e-05,0.0,0.0,0.0,3.4438260711553287e-06,0.0,5.777388520074936e-06,9.034180905735306e-06,0.0,0.0,0.0,0.0,5.0359498822321024e-05,0.0,0.0,1.4863605285191025e-06,4.879378014129369e-07
1977-09,0.0,0.0,0.0,0.0,0.0,0.0,0.0,0.0,0.0,0.0,0.0,0.0,0.0,0.0,0.0,0.0,0.0,1.644314544093247e-06,8.636796477746316e-08,9.426657566396e-05,0.0,0.0,0.0,0.0,0.0,0.0,0.0,0.0,0.0,0.0,0.0,0.0,0.0,0.0,0.0,0.0,0.0,0.0,0.0,0.0,0.0,0.0,0.0,0.0,0.0,0.0001264696603904245,0.0,4.661194589733501e-05,2.784135085101336e-06,0.0,0.0,0.0,0.0,0.0,0.0,0.0,0.0,0.0
1977-10,0.0,0.0,0.0,0.0,0.0,0.0,0.0,0.0,0.0,0.0,0.0,0.0,0.0,0.0,0.0,0.0,0.0,4.896247717318523e-06,2.4236752872070775e-06,8.397952071784412e-05,0.0,0.0,0.0,0.0,0.0,0.0,0.0,0.0,0.0,0.0,0.0,0.0,0.0,0.0,0.0,0.0,0.0,0.0,0.0,0.0,0.0,2.1268476144649383e-08,0.0,0.0,0.0,0.0,0.0,4.349023018244587e-07,9.234951992058947e-07,0.0,0.0,0.0,0.0,0.0,8.67607769247848e-05,0.0,0.0,0.0
1977-11,0.0,0.0,0.0,0.0,0.0,0.0,0.0,0.0,0.0,0.0,0.0,0.0,0.0,0.0,0.0,0.0,0.0,3.3488392147314543e-07,0.0,0.0,0.0,0.0,0.0,0.0,0.0,0.0,0.0,0.0,0.0,0.0,0.0,0.0,0.0,0.0,0.0,0.0,0.0,0.0,0.0,0.0,0.0,0.0,0.0,0.0,0.0,0.0,0.0,1.6348444898888447e-06,0.0,0.0,0.0,0.00012823960813348472,0.0,0.0,0.0,0.0,0.0,0.0
1977-12,0.0,0.0,0.0,0.0,0.0,0.0,0.0,0.0,3.77904225165486e-06,0.0,0.0,0.0,0.0,0.0,0.0,0.0,0.0,0.0,0.0,0.0,0.0,0.0,0.0,0.0,0.0,0.0,0.0,0.0,0.0,0.0,0.0,0.0,0.0,0.0,0.0,0.0,0.0,0.0,0.0,0.0,0.0,0.0,0.0,0.0,0.0,0.0,0.0,6.26310457186056e-05,0.0,0.0,0.0,0.0,0.0,0.0,9.438955584780517e-05,0.0,0.0,0.0
1978-01,0.0,0.0,0.0,0.0,0.0,0.0,0.0,0.0,6.177022047157352e-07,0.0,0.0,0.0,0.0,0.0,0.0,0.0,0.0,1.198652947993803e-06,1.0635773592947082e-06,0.0,0.0,0.0,0.0,0.0,0.0,0.0,0.0,0.0,0.0,0.0,0.0,0.0,0.0,0.0,0.0,0.0,0.0,0.0,0.0,0.0,0.0,2.041699080591819e-06,0.0,0.0,0.0,1.9712397553242474e-06,0.0,0.0,0.0,0.0,0.0,0.0,0.0,0.0,0.00010051040693564395,0.0,0.0,1.1208387278165907e-06
1978-02,0.0,0.0,0.0,0.0,0.0,0.0,0.0,0.0,0.0,0.0,0.0,0.0,0.0,0.0,0.0,0.0,0.0,0.0,1.5774492086343406e-06,9.254411739450911e-05,0.0,0.0,0.0,0.0,0.0,0.0,0.0,3.2289661893532823e-05,0.0,0.0,0.0,0.0,0.0,0.0,0.0,0.0,0.0,0.0,0.0,0.0,0.0,0.0,0.0,0.0,6.491950150165133e-05,0.0,0.0,0.0,1.019556444573553e-06,0.0,4.133279797263691e-05,7.217827844260547e-06,0.0,0.0,0.0,0.0,0.0,8.08863550228179e-06
1978-03,0.0,0.0,0.0,0.0,0.0,0.0,0.0,0.0,4.4598623386021e-06,0.0,0.0,0.0,0.0,0.000110658232671979,0.0,0.0,0.0,5.309056958185454e-06,5.0822442895728334e-05,8.106922663366819e-05,0.0,0.0,0.0,0.0,0.0,0.0,0.0,1.2228659700236968e-06,0.0,0.0,0.0,0.0,0.0,0.0,0.0,0.0,0.0,0.0,0.0,0.0,0.0,2.1523583948068887e-06,0.0,0.0,8.748625919533251e-06,0.00012013063155084395,0.0,5.857116401307559e-06,1.2735894470711426e-06,0.0,1.5646460459472211e-06,1.4728304595224298e-05,0.0,1.2814557420611182e-06,1.1401691284828098e-05,0.0,1.6516650778622618e-06,9.091880796425887e-06
1978-04,0.0,0.0,0.0,0.0,0.0,0.0,0.0,0.0,0.0,0.0,0.0,0.0,0.0,4.860320785222472e-06,0.0,0.0,0.0,0.0,0.0,3.1932464307561567e-06,0.0,0.0,0.0,0.0,0.0,0.0,0.0,2.2621903073094425e-06,0.0,0.0,0.0,0.0,0.0,0.0,0.0,0.0,0.0,0.0,0.0,0.0,0.0,0.0,0.0,0.0,0.0,0.00012795955526102932,0.0,0.0,0.0,0.0,0.0,0.0,0.0,0.0,0.0,0.0,8.251254421789603e-05,0.0
1978-05,0.0,0.0,0.0,0.0,0.0,0.0,0.0,0.0,4.0089229064375206e-07,0.0,0.0,0.0,0.0,1.1940233542896418e-06,0.0,0.0,0.0,2.1871889702881205e-07,2.6035703700896805e-07,8.899934185672664e-05,0.0,0.0,0.0,0.0,0.0,0.0,0.0,1.6678898437080084e-06,0.0,0.0,0.0,0.0,0.0,0.0,0.0,0.0,0.0,0.0,0.0,0.0,0.0,5.434080743967479e-07,0.0,0.0,5.414440323675551e-07,0.00011970225506161788,0.0,1.3584015163236665e-06,3.3696254139459895e-07,0.0,4.140123124997536e-07,4.793575734005629e-07,0.0,1.0353407272187671e-06,1.8002740254133773e-06,0.0,3.7995218640451276e-07,8.353373057075134e-07
1978-06,0.0,0.0,0.0,0.0,0.0,0.0,0.0,0.0,0.0,0.0,0.0,0.0,0.0,8.43514268187008e-06,0.0,0.0,0.0,1.9698023962515035e-06,5.698159440875529e-05,2.2761670488007576e-06,0.0,0.0,0.0,0.0,0.0,0.0,0.0,5.324280196753507e-06,0.0,0.0,0.0,0.0,0.0,0.0,0.0,0.0,0.0,0.0,0.0,0.0,0.0,0.0001153757843103383,0.0,0.0,0.0,0.00012747926749649764,0.0,0.0,0.0,0.0,0.0,1.1535763870636484e-06,0.0,0.0,1.1462965096587437e-06,0.0,0.0,0.0
1978-07,0.0,0.0,0.0,0.0,0.0,0.0,0.0,0.0,0.0,0.0,0.0,0.0,0.0,0.0,0.0,0.0,0.0,0.0,0.0,0.0,0.0,0.0,0.0,0.0,0.0,0.0,0.0,2.5408514727305217e-06,0.0,0.0,0.0,0.0,0.0,0.0,0.0,0.0,0.0,0.0,0.0,0.0,0.0,0.0,0.0,0.0,0.0,0.0,0.0,0.0,0.0,0.0,0.0,0.0,0.0,0.0,0.0,0.0,0.0,0.0
1978-08,0.0,0.0,0.0,0.0,0.0,0.0,0.0,0.0,3.1423308865288768e-06,0.0,0.0,0.0,0.0,4.67410664147748e-06,0.0,0.0,0.0,5.289275372945154e-06,1.7372817020399543e-06,7.897866676555176e-06,0.0,0.0,0.0,0.0,0.0,0.0,0.0,4.85856756434911e-07,0.0,0.0,0.0,0.0,0.0,0.0,0.0,0.0,0.0,0.0,0.0,0.0,0.0,1.7826258784210196e-06,0.0,0.0,1.3678555190928609e-05,1.2452886445678546e-05,0.0,1.089873640289927e-06,5.409130402327345e-05,0.0,6.487204760920081e-05,1.6011852897432983e-05,0.0,5.644090939389486e-05,7.808986404104345e-06,0.0,1.377185809695522e-06,6.585744597971406e-06
1978-09,0.0,0.0,0.0,0.0,0.0,0.0,0.0,0.0,6.980814394968918e-05,0.0,0.0,0.0,0.0,2.8692783093286075e-06,0.0,0.0,0.0,0.0,0.0,0.0,0.0,0.0,0.0,0.0,0.0,0.0,0.0,0.0,0.0,0.0,0.0,0.0,0.0,0.0,0.0,0.0,0.0,0.0,0.0,0.0,0.0,1.2045259557622728e-06,0.0,0.0,0.0,0.0,0.0,1.4594563621768004e-06,0.0,0.0,6.111852473063258e-05,0.0,0.0,0.0,0.0,0.0,0.0,0.0
1978-10,0.0,0.0,0.0,0.0,0.0,0.0,0.0,0.0,0.0,0.0,0.0,0.0,0.0,2.1348280746686375e-06,0.0,0.0,0.0,0.0,0.0,0.0,0.0,0.0,0.0,0.0,0.0,0.0,0.0,3.4141668973882155e-06,0.0,0.0,0.0,0.0,0.0,0.0,0.0,0.0,0.0,0.0,0.0,0.0,0.0,0.0,0.0,0.0,0.0,0.0,0.0,2.4617422276173795e-07,0.0,0.0,0.0,0.0,0.0,0.0,0.0,0.0,0.0,0.0
1978-11,0.0,0.0,0.0,0.0,0.0,0.0,0.0,0.0,0.0,0.0,0.0,0.0,0.0,8.646162294912816e-06,0.0,0.0,0.0,7.681831518913281e-07,0.0,0.0,0.0,0.0,0.0,0.0,0.0,0.0,0.0,0.0,0.0,0.0,0.0,0.0,0.0,0.0,0.0,0.0,0.0,0.0,0.0,0.0,0.0,2.5401649893215182e-06,0.0,0.0,0.0,0.0,0.0,0.0,0.0,0.0,0.0,1.4794942686046024e-05,0.0,0.0,1.7654857323746581e-06,0.0,0.0,1.4210251209005702e-06
1978-12,0.0,0.0,0.0,0.0,0.0,0.0,0.0,0.0,2.136643463117753e-06,0.0,0.0,0.0,0.0,1.9139201898820818e-06,0.0,0.0,0.0,0.0,4.4063056080520526e-07,1.9812222838099734e-06,0.0,0.0,0.0,0.0,0.0,0.0,0.0,8.228278677215456e-07,0.0,0.0,0.0,0.0,0.0,0.0,0.0,0.0,0.0,0.0,0.0,0.0,0.0,9.962737972942519e-05,0.0,0.0,1.043493378547998e-06,2.5592761426174102e-06,0.0,1.0828496650531344e-07,7.609481598605944e-07,0.0,3.0103774508124792e-06,0.0,0.0,1.7776953000188529e-06,1.1055009431679696e-06,0.0,0.0,1.1182652058417952e-06
1979-01,0.0,0.0,0.0,0.0,0.0,0.0,0.0,0.0,3.4673972308281106e-06,0.0,0.0,0.0,0.0,4.527580962085123e-06,0.0,0.0,0.0,3.638801219304697e-07,1.435255500719386e-06,0.0,0.0,0.0,0.0,0.0,0.0,0.0,0.0,2.2964254765098154e-06,0.0,0.0,0.0,0.0,0.0,0.0,0.0,0.0,0.0,0.0,0.0,0.0,0.0,0.0,0.0,0.0,0.0,2.005576346624863e-06,0.0,2.0276213922048384e-06,1.145941027838434e-06,0.0,3.478311516587486e-06,0.0,0.0,1.708768677223655e-06,1.1564853633133226e-06,0.0,2.2245542453801363e-06,3.2678858192776163e-06
1979-02,0.0,0.0,0.0,8.863298785030208e-05,0.0,0.0,0.0,0.0,7.130948757910677e-05,0.0,0.0,0.0,0.0,0.0,0.0,0.0,0.0,0.0,8.235627189167316e-07,0.0,0.0,0.0,0.0,0.0,0.0,0.0,0.0,7.509787611883756e-07,6.862946934079005e-05,0.0,0.0,0.0,0.0,0.0,0.0,0.0,0.0,0.0,0.0,0.0,0.0,0.0,0.0,0.0,0.0,0.0,0.0,0.0,0.0,0.0,0.0,0.0,0.0,0.0,0.0,0.0,0.0,0.0
1979-03,0.0,0.0,0.0,0.0,0.0,0.0,0.0,0.0,0.0,0.0,0.0,0.0,0.0,0.0,0.0,0.0,0.0,2.256745047317736e-06,1.0116500924250636e-06,0.0,0.0,0.0,0.0,0.0,0.0,0.0,0.0,3.483507122616081e-08,0.0,0.0,0.0,0.0,0.0,0.0,0.0,0.0,0.0,0.0,0.0,0.0,0.0,7.239962931231969e-07,0.0,0.0,0.0,4.457901844551242e-06,0.0,0.0,0.0,0.0,2.827537135314046e-06,0.0,0.0,0.0,0.0,0.0,4.77213888337609e-07,0.0
1979-04,0.0,0.0,0.0,1.9052483910365904e-07,0.0,0.0,0.0,0.0,6.935171923513548e-07,0.0,0.0,0.0,0.0,2.0327324466348774e-07,0.0,0.0,0.0,3.747559122849534e-08,6.033467945992799e-08,1.0013104578401877e-07,0.0,0.0,0.0,0.0,0.0,0.0,0.0,5.246187838721348e-07,1.391452851124686e-07,0.0,0.0,0.0,0.0,0.0,0.0,0.0,0.0,0.0,0.0,0.0,0.0,1.0895698399140952e-07,0.0,0.0,9.56917653665429e-08,1.1762616717859997e-07,0.0,6.52320860627699e-08,5.5714551751726016e-08,0.0,7.006076303244652e-08,7.001604922874522e-08,0.0,6.32646391534146e-08,9.759261555517679e-08,0.0,2.668418480238605e-06,6.845629704724937e-08
1979-05,0.0,0.0,0.0,0.0,0.0,0.0,0.0,0.0,6.722052666114711e-07,0.0,0.0,0.0,0.0,0.0,0.0,0.0,0.0,6.677390405433401e-08,0.0,0.0,0.0,0.0,0.0,0.0,0.0,0.0,0.0,3.0164669914280045e-06,0.0,0.0,0.0,0.0,0.0,0.0,0.0,0.0,0.0,0.0,0.0,0.0,0.0,0.0,0.0,0.0,0.0,0.0,0.0,0.0,1.456045277321783e-06,0.0,5.144198858136467e-07,0.0,0.0,3.539378638526547e-07,1.5635608534553466e-06,0.0,0.0,0.0
1979-06,0.0,0.0,0.0,4.680319633754551e-06,0.0,0.0,0.0,0.0,3.638266768579361e-06,0.0,0.0,0.0,0.0,0.0,0.0,0.0,0.0,2.0386263274398894e-06,0.0,0.0,0.0,0.0,0.0,0.0,0.0,0.0,0.0,3.082328134336777e-06,2.531114461971108e-06,0.0,0.0,0.0,0.0,0.0,0.0,0.0,0.0,0.0,0.0,0.0,0.0,9.355880471648703e-07,0.0,0.0,1.2975108158219119e-06,1.4123583676039706e-06,0.0,2.2251445236296275e-06,4.122092390507315e-06,0.0,3.01470932772617e-06,0.0,0.0,6.104078493685072e-05,0.0,0.0,0.0,6.468955688939783e-05
1979-07,0.0,0.0,0.0,1.0019093655034603e-05,0.0,0.0,0.0,0.0,7.921748254482927e-07,0.0,0.0,0.0,0.0,1.2117171869899663e-05,0.0,0.0,0.0,3.196237822495559e-05,1.9511604085851247e-05,4.84105923044674e-06,0.0,0.0,0.0,0.0,0.0,0.0,0.0,5.605391984033953e-05,5.505071727606336e-06,0.0,0.0,0.0,0.0,0.0,0.0,0.0,0.0,0.0,0.0,0.0,0.0,9.672244369030315e-05,0.0,0.0,1.026001853301766e-05,1.1711185019331993e-05,0.0,2.028690551077447e-06,1.98016820885415e-06,0.0,3.656795546771667e-06,5.459143361566946e-06,0.0,5.937859253679349e-05,2.6924465252221864e-06,0.0,1.305418883465865e-05,2.1130613255440356e-06
1979-08,0.0,0.0,0.0,0.0,0.0,0.0,0.0,0.0,1.1402869524212322e-05,0.0,0.0,0.0,0.0,0.0,0.0,0.0,0.0,0.0,1.3559516704631098e-06,0.0,0.0,0.0,0.0,0.0,0.0,0.0,0.0,2.813912548331989e-06,0.0001188487647565761,0.0,0.0,0.0,0.0,0.0,0.0,0.0,0.0,0.0,0.0,0.0,0.0,4.462294377601872e-06,0.0,0.0,0.0,0.0,0.0,0.0,2.154509396040824e-06,0.0,3.1837631104019228e-06,1.3487336896075564e-06,0.0,3.1373600188897842e-06,3.702850456612998e-06,0.0,1.1151444953066275e-06,0.0
1979-09,0.0,0.0,0.0,0.0,0.0,0.0,0.0,0.0,0.0,0.0,0.0,0.0,0.0,0.0,0.0,0.0,0.0,3.445649587322367e-05,0.0,2.6218878374307252e-06,0.0,0.0,0.0,0.0,0.0,0.0,0.0,0.0,0.0,0.0,0.0,0.0,0.0,0.0,0.0,0.0,0.0,0.0,0.0,0.0,0.0,3.4033346021961757e-07,0.0,0.0,0.0,6.334843072881083e-07,0.0,0.0,1.1936825846242324e-06,0.0,0.0,0.0,0.0,4.638639741242172e-07,0.0,0.0,0.0,6.176163980782795e-05
1979-10,0.0,0.0,0.0,2.1852370280495332e-05,0.0,0.0,0.0,0.0,1.4618953449389967e-05,0.0,0.0,0.0,0.0,1.4407273938597823e-05,0.0,0.0,0.0,2.1507155920808817e-06,2.8665144684592998e-06,0.0,0.0,0.0,0.0,0.0,0.0,0.0,0.0,6.623941602547087e-05,5.349602272227333e-06,0.0,0.0,0.0,0.0,0.0,0.0,0.0,0.0,0.0,0.0,0.0,0.0,1.1660714766420888e-05,0.0,0.0,0.0,3.8854992925318576e-05,0.0,5.071457531227549e-06,7.102002848107705e-06,0.0,7.462543130553955e-06,2.5884731380068847e-06,0.0,7.92385059250645e-06,3.4367554672223023e-06,0.0,9.265075039959908e-06,6.346093947696788e-05
1979-11,0.0,0.0,0.0,0.0,0.0,0.0,0.0,0.0,0.0,0.0,0.0,0.0,0.0,0.00017808349804322883,0.0,0.0,0.0,3.99239082000741e-05,0.0,0.0,0.0,0.0,0.0,0.0,0.0,0.0,0.0,8.545979555563199e-05,0.0,0.0,0.0,0.0,0.0,0.0,0.0,0.0,0.0,0.0,0.0,0.0,0.0,0.0,0.0,0.0,0.0,2.71613644195947e-06,0.0,0.0,6.752729367418011e-05,0.0,1.2604972140750627e-07,0.0,0.0,6.94728497927658e-05,0.0,0.0,0.0,0.0
1979-12,0.0,0.0,0.0,0.0,0.0,0.0,0.0,0.0,0.0,0.0,0.0,0.0,0.0,0.00018053256063755224,0.0,0.0,0.0,0.0,0.0,0.0,0.0,0.0,0.0,0.0,0.0,0.0,0.0,4.462461254560311e-06,0.0,0.0,0.0,0.0,0.0,0.0,0.0,0.0,0.0,0.0,0.0,0.0,0.0,0.0,0.0,0.0,1.047496686609792e-06,2.1737241469910253e-06,0.0,0.0,0.0,0.0,5.66506307522148e-07,1.5962199852728662e-06,0.0,0.0,0.0,0.0,4.828087189302777e-09,0.0
1980-01,0.0,0.0,0.0,0.0,0.0,0.0,0.0,0.0,0.00012830583028046154,0.0,0.0,0.0,0.0,0.0,0.0,0.0,0.0,0.0,1.0102438956103958e-06,0.0,0.0,0.0,0.0,0.0,0.0,0.0,0.0,0.0,0.0,0.0,0.0,0.0,0.0,0.0,0.0,0.0,0.0,0.0,0.0,0.0,0.0,0.0,0.0,0.0,1.5617464480302344e-05,2.1188931372817192e-05,0.0,1.2651213881958965e-06,0.0,0.0,7.794972990919843e-07,8.960388097619002e-06,0.0,0.0,4.6331540865116734e-07,0.0,3.6951476138567114e-07,7.613534553221038e-05
1980-02,0.0,0.0,0.0,7.295901952674433e-07,0.0,0.0,0.0,0.0,4.482380924372795e-06,0.0,0.0,0.0,0.0,1.684911367795014e-06,0.0,0.0,0.0,1.32246799260716e-05,3.746387709491081e-06,2.89788407324363e-06,0.0,0.0,0.0,0.0,0.0,0.0,0.0,1.0748279323295928e-05,5.641725605290984e-06,0.0,0.0,0.0,0.0,0.0,0.0,0.0,0.0,0.0,0.0,0.0,0.0,6.188793671146005e-06,0.0,0.0,8.516456986082804e-06,3.2787593747665746e-06,0.0,3.0947450335131465e-06,7.189724919098792e-07,0.0,6.36046019400591e-06,2.9301636971129085e-06,0.0,1.8176376561315315e-06,6.155203590686511e-06,0.0,2.965661459151697e-06,7.121771638813213e-05
1980-03,0.0,0.0,0.0,2.2357561964130025e-07,0.0,0.0,0.0,0.0,4.363649174564603e-06,0.0,0.0,0.0,0.0,0.00015597971310040898,0.0,0.0,0.0,7.027447413150006e-08,6.179369460550949e-08,1.0418934866105594e-07,0.0,0.0,0.0,0.0,0.0,0.0,0.0,3.840527805198418e-06,1.360750176455372e-07,0.0,0.0,0.0,0.0,0.0,0.0,0.0,0.0,0.0,0.0,0.0,0.0,9.280188484763e-05,0.0,0.0,8.159131582138878e-08,1.4234979407472156e-06,0.0,5.9016515916025e-05,1.5251421233053106e-07,0.0,8.243448310361889e-08,4.6107741131033266e-06,0.0,6.436713569486774e-09,7.754669552893632e-05,0.0,9.473090570327053e-08,9.103411153833091e-08
1980-04,0.0,0.0,0.0,0.0,0.0,0.0,0.0,0.0,0.0,0.0,0.0,0.0,0.0,0.0,0.0,0.0,0.0,0.0,0.0,2.475558278382327e-06,0.0,0.0,0.0,0.0,0.0,0.0,0.0,0.0,8.079750447085588e-07,0.0,0.0,0.0,0.0,0.0,0.0,0.0,0.0,0.0,0.0,0.0,0.0,0.0,0.0,0.0,0.0,3.6871122627401226e-06,0.0,1.5122129179675482e-06,3.4091139353540737e-06,0.0,2.7813170244879345e-06,2.398052376350584e-06,0.0,4.340132006363625e-06,0.0,0.0,2.837028670211697e-06,0.0
1980-05,0.0,0.0,0.0,0.0,0.0,0.0,0.0,0.0,0.0,0.0,0.0,0.0,0.0,0.00015743611950922842,0.0,0.0,0.0,0.0,0.0,7.816837276056183e-05,0.0,0.0,0.0,0.0,0.0,0.0,0.0,1.3342521673279338e-06,0.0,0.0,0.0,0.0,0.0,0.0,0.0,0.0,0.0,0.0,0.0,0.0,0.0,0.0,0.0,0.0,0.0,4.5999529377710734e-06,0.0,1.8426245824470188e-06,1.433486274002034e-06,0.0,0.0,8.350630671834503e-07,0.0,1.2213946864868958e-06,0.0,0.0,0.0,1.0087406643088035e-06
1980-06,0.0,0.0,0.0,3.766451579217664e-06,0.0,0.0,0.0,0.0,9.93159041403381e-07,0.0,0.0,0.0,0.0,1.357313198336374e-06,0.0,0.0,0.0,5.442547404208922e-07,4.775793948176566e-07,8.512527296824291e-05,0.0,0.0,0.0,0.0,0.0,0.0,0.0,1.6230868393363652e-05,1.0485536678560697e-06,0.0,0.0,0.0,0.0,0.0,0.0,0.0,0.0,0.0,0.0,0.0,0.0,8.865367342717409e-07,0.0,0.0,5.107330239168643e-07,2.9904592014279307e-07,0.0,5.961573094416806e-07,5.847525237471715e-07,0.0,2.37989499415886e-06,3.594339339470995e-07,0.0,6.254287992736169e-07,7.121659423041105e-07,0.0,7.62468454796703e-05,5.668124436552929e-07
1980-07,0.0,0.0,0.0,7.080822185375993e-06,0.0,0.0,0.0,0.0,2.1275389284847596e-06,0.0,0.0,0.0,0.0,0.00013920886685552143,0.0,0.0,0.0,1.096619860243602e-06,4.632191794447735e-05,7.545497001180832e-05,0.0,0.0,0.0,0.0,0.0,0.0,0.0,7.961476089113629e-07,4.1709675412399605e-06,0.0,0.0,0.0,0.0,0.0,0.0,0.0,0.0,0.0,0.0,0.0,0.0,1.924070602873994e-06,0.0,0.0,6.1986191369567265e-06,3.4861040520791745e-06,0.0,2.1606369482802467e-06,1.321213146451894e-06,0.0,2.6890728583565325e-06,2.8452364533480165e-06,0.0,1.4392571292365792e-06,1.580449725553268e-06,0.0,1.596616442618451e-06,6.646881654930754e-05
1980-08,0.0,0.0,0.0,0.0,0.0,0.0,0.0,0.0,4.2514251014127845e-06,0.0,0.0,0.0,0.0,3.459370350616983e-06,0.0,0.0,0.0,5.819044892732103e-06,4.542154114146231e-06,2.5951096070846865e-06,0.0,0.0,0.0,0.0,0.0,0.0,0.0,2.4362657688444116e-06,0.0,0.0,0.0,0.0,0.0,0.0,0.0,0.0,0.0,0.0,0.0,0.0,0.0,0.00011177171470772429,0.0,0.0,0.0,2.968123089285343e-07,0.0,8.038649290198149e-05,1.2669077783036136e-06,0.0,8.354373206044207e-05,3.58760339403328e-07,0.0,1.1115626678526793e-06,8.891000526822764e-05,0.0,9.004577806906095e-05,0.0
1980-09,0.0,0.0,0.0,0.0,0.0,0.0,0.0,0.0,5.90665910546477e-06,0.0,0.0,0.0,0.0,2.0178844747212875e-06,0.0,0.0,0.0,0.0,3.2292526963060843e-06,4.601846752814692e-06,0.0,0.0,0.0,0.0,0.0,0.0,0.0,0.0,0.0,0.0,0.0,0.0,0.0,0.0,0.0,0.0,0.0,0.0,0.0,0.0,0.0,0.0,0.0,0.0,0.0,0.0,0.0,7.632479769259382e-05,8.875229280224342e-05,0.0,8.381269842817612e-05,0.0,0.0,1.5149666903608722e-06,8.788449361107794e-05,0.0,8.936541849688576e-05,0.0
1980-10,0.0,0.0,0.0,0.0,0.0,0.0,0.0,0.0,0.0,0.0,0.0,0.0,0.0,2.635103600231753e-06,0.0,0.0,0.0,0.0,2.2046942652790314e-06,3.8279305592579595e-06,0.0,0.0,0.0,0.0,0.0,0.0,0.0,0.0,9.766941142200364e-07,0.0,0.0,0.0,0.0,0.0,0.0,0.0,0.0,0.0,0.0,0.0,0.0,0.0,0.0,0.0,0.0,8.678773584624016e-07,0.0,0.0,0.0,0.0,0.0,0.0,0.0,1.681355539246969e-06,0.0,0.0,0.0,0.0
1980-11,0.0,0.0,0.0,7.919505750059175e-07,0.0,0.0,0.0,0.0,4.779580979672668e-07,0.0,0.0,0.0,0.0,5.699261322548305e-07,0.0,0.0,0.0,1.342239474297069e-07,2.0732165950134926e-07,3.24746770787393e-07,0.0,0.0,0.0,0.0,0.0,0.0,0.0,9.716093877717573e-07,3.639838070820592e-07,0.0,0.0,0.0,0.0,0.0,0.0,0.0,0.0,0.0,0.0,0.0,0.0,5.778465699589202e-07,0.0,0.0,2.178007781135985e-07,1.4710512781570054e-07,0.0,3.340315354115539e-07,7.314885656321414e-06,0.0,8.161125922273208e-05,1.4538822460818945e-07,0.0,9.360820105303512e-05,3.7545293589359016e-07,0.0,9.166752881983737e-05,3.1007851465990335e-07
1980-12,0.0,0.0,0.0,0.0,0.0,0.0,0.0,0.0,0.0,0.0,0.0,0.0,0.0,1.211084684715369e-06,0.0,0.0,0.0,2.034547343053028e-06,1.7880446560661588e-06,2.1321392197946736e-06,0.0,0.0,0.0,0.0,0.0,0.0,0.0,0.0,1.9237736000593394e-06,0.0,0.0,0.0,0.0,0.0,0.0,0.0,0.0,0.0,0.0,0.0,0.0,2.3189879490517693e-06,0.0,0.0,6.724187834085474e-07,0.0,0.0,0.0,0.0,0.0,0.0,6.187839149454123e-07,0.0,0.0,0.0,0.0,0.0,0.0
1981-01,0.0,0.0,0.0,0.0,0.0,0.0,0.0,0.0,0.0,0.0,0.0,0.0,0.0,4.877028342654105e-06,0.0,0.0,0.0,5.084309038436874e-06,0.0,3.4205260206226425e-06,0.0,0.0,0.0,0.0,0.0,0.0,0.0,2.3738693639568412e-06,4.601967354675766e-06,0.0,0.0,0.0,0.0,0.0,0.0,0.0,0.0,0.0,0.0,0.0,0.0,0.0,0.0,0.0,1.893633437341162e-06,3.0285137037645915e-05,0.0,4.063189430605768e-07,0.0,0.0,0.0,3.78554132965168e-05,0.0,3.259002802980526e-07,6.974788899045959e-07,0.0,8.500023684038627e-05,6.393443601037041e-05
1981-02,0.0,0.0,0.0,1.957465881987934e-05,0.0,0.0,0.0,0.000139245157450991,1.6562227824210193e-05,0.0,0.0,0.0,0.0,1.1202846754375093e-05,0.0,0.0,4.667648718114341e-05,7.697246690551445e-05,4.423446375992138e-06,7.842359768245655e-06,0.0,0.0,0.0,0.0,0.0,0.0,0.0,1.673188141363996e-06,7.967792962999029e-06,0.0,0.0,0.0,0.0,0.0,5.1293701545719505e-05,0.0,0.0,0.0,0.0,0.0,0.0,1.3787088605979838e-05,0.0,3.545294317368442e-05,4.0057749491887206e-05,2.125758795013217e-06,0.0,4.266383890378141e-06,6.322707887054579e-05,0.0,8.975442715722044e-06,1.462580210549758e-06,0.0,6.592124672552367e-05,5.312065402663061e-06,0.0,9.968228950364006e-06,7.646780345921338e-06
1981-03,0.0,0.0,0.0,0.0001301869943749094,0.0,0.0,0.0,0.0,0.0,0.0,0.0,0.0,0.0,0.0,0.0,0.0,6.295058851930185e-08,0.0,0.0,0.0,0.0,0.0,0.0,0.0,0.0,0.0,0.0,2.915193371317842e-05,0.0,0.0,0.0,0.0,0.0,0.0,1.011185953463653e-06,0.0,0.0,0.0,0.0,0.0,0.0,0.0,0.0,3.3377544027107796e-07,4.570693967502031e-07,0.0,0.0,0.0,5.604320783882926e-05,0.0,0.0,0.0,0.0,6.0475957368657074e-05,0.0,0.0,0.0,0.0
1981-04,0.0,0.0,0.0,0.00014166774235958973,0.0,0.0,0.0,1.5495851106697685e-05,1.8802847193602757e-06,0.0,0.0,0.0,0.0,1.206944203564521e-06,0.0,0.0,9.01119217479869e-06,2.796147741441525e-07,2.4457806471436804e-08,3.097891906013759e-06,0.0,0.0,0.0,0.0,0.0,0.0,0.0,3.085106103359563e-05,2.845168166995406e-06,0.0,0.0,0.0,0.0,0.0,5.203221442806855e-06,0.0,0.0,0.0,0.0,0.0,0.0,2.9794345826463925e-06,0.0,7.833176552581023e-05,1.2338914640590455e-06,1.5911075651309036e-06,0.0,6.380743668574065e-05,1.915216910882516e-06,0.0,2.8947409368148616e-06,0.0,0.0,2.5298568099693594e-06,2.629626634836818e-06,0.0,7.209142793299553e-06,5.082687094358181e-05
1981-05,0.0,0.0,0.0,0.0001472157519679765,0.0,0.0,0.0,0.0,6.199393077866086e-07,0.0,0.0,0.0,0.0,1.7072721161876665e-06,0.0,0.0,9.577631940388687e-07,8.695729380013527e-07,2.3549061624426187e-07,0.0,0.0,0.0,0.0,0.0,0.0,0.0,0.0,3.0185528490940104e-05,1.9745659661325536e-06,0.0,0.0,0.0,0.0,0.0,1.8337477379127e-06,0.0,0.0,0.0,0.0,0.0,0.0,5.457395737264725e-07,0.0,0.0,1.2577222758222152e-06,8.6616019726171e-07,0.0,0.0,0.0,0.0,4.619559391391831e-07,0.0,0.0,1.0033688751986958e-07,0.0,0.0,0.0,0.0
1981-06,0.0,0.0,0.0,1.4636889342050791e-06,0.0,0.0,0.0,1.5691795861512426e-06,4.036787264296987e-07,0.0,0.0,0.0,0.0,5.300250554664057e-07,0.0,0.0,0.00010222788885631857,1.9323105473127017e-07,1.8886696991680246e-07,3.2738145454402903e-07,0.0,0.0,0.0,0.0,0.0,0.0,0.0,1.7808299072434967e-06,4.5233230341278077e-07,0.0,0.0,0.0,0.0,0.0,5.632112393703994e-07,0.0,0.0,0.0,0.0,0.0,0.0,4.029274402964564e-07,0.0,8.098825042344829e-05,1.998626691072994e-07,1.1803914882863205e-07,0.0,6.038340769642293e-05,3.220523621613007e-07,0.0,3.63547870177873e-07,1.534734981013721e-07,0.0,3.445653856908801e-07,3.4842486349275644e-07,0.0,3.5658324284715967e-07,2.766368186106802e-06
1981-07,0.0,0.0,0.0,1.0429909832377822e-05,0.0,0.0,0.0,1.4577855918372823e-05,2.6155809662957163e-06,0.0,0.0,0.0,0.0,2.2671478417783454e-06,0.0,0.0,2.122941668732038e-06,6.735835286051165e-07,1.5407194214990366e-07,2.581080901809172e-06,0.0,0.0,0.0,0.0,0.0,0.0,0.0,5.647761160726579e-07,3.226207263320756e-06,0.0,0.0,0.0,0.0,0.0,7.469492966768895e-06,0.0,0.0,0.0,0.0,0.0,0.0,1.5259236025177912e-06,0.0,1.8501864576715571e-06,7.096373249523401e-07,3.785340626176886e-07,0.0,1.1874881802147567e-06,5.2141746772147396e-05,0.0,1.359158386129159e-06,5.392223885783264e-07,0.0,5.715550307467164e-05,1.4054549157577895e-06,0.0,1.312798844497056e-06,4.367929382056951e-05
1981-08,0.0,0.0,0.0,6.1385645882469786e-06,0.0,0.0,0.0,2.1774782874245698e-05,5.671543128368088e-05,0.0,0.0,0.0,0.0,5.819527318031918e-06,0.0,0.0,3.135542903253491e-06,1.9246337112416455e-06,5.685539570625715e-06,2.9227383464257606e-06,0.0,0.0,0.0,0.0,0.0,0.0,0.0,2.6979395878868276e-06,3.839808507904246e-06,0.0,0.0,0.0,0.0,0.0,5.217575564457948e-06,0.0,0.0,0.0,0.0,0.0,0.0,6.154518003799477e-05,0.0,5.276604517338472e-06,1.0455093658504177e-06,5.836576569241639e-07,0.0,4.191083209582593e-06,2.809555448758362e-06,0.0,5.3695530254219765e-05,8.173721551326465e-07,0.0,3.3746822388855473e-06,3.971255996005497e-06,0.0,4.624747814912591e-06,1.4410052900522968e-06
1981-09,0.0,0.0,0.0,0.0,0.0,0.0,0.0,0.0,1.6279879180077888e-06,0.0,0.0,0.0,0.0,0.0,0.0,0.0,0.0,0.0,1.2655253675657104e-06,5.362581898616173e-07,0.0,0.0,0.0,0.0,0.0,0.0,0.0,1.6042272801760601e-06,0.0,0.0,0.0,0.0,0.0,0.0,0.0,0.0,0.0,0.0,0.0,0.0,0.0,1.8650555478978288e-06,0.0,0.0,0.0,0.0,0.0,1.5154702640411688e-06,2.285817595058595e-07,0.0,5.122694235023158e-07,0.0,0.0,7.4456721619632624e-09,0.0,0.0,0.0,0.0
1981-10,0.0,0.0,0.0,1.955819480646451e-06,0.0,0.0,0.0,0.0,3.6262079631573032e-06,0.0,0.0,0.0,0.0,0.0,0.0,0.0,8.934386007304688e-07,8.784932075841072e-07,2.809325567129097e-05,4.244900163630222e-06,0.0,0.0,0.0,0.0,0.0,0.0,0.0,1.7023554307578591e-06,0.0,0.0,0.0,0.0,0.0,0.0,3.685177641679447e-06,0.0,0.0,0.0,0.0,0.0,0.0,4.0878974333221975e-06,0.0,2.9677243332585507e-07,1.1543806479103781e-07,7.509044657059947e-07,0.0,2.966796702787211e-06,2.6743687851807538e-06,0.0,5.151866932680137e-05,5.856082894411911e-07,0.0,3.1592273387757962e-06,5.735381592058795e-07,0.0,1.3297578212993698e-06,1.3469000097436658e-06
1981-11,0.0,0.0,0.0,0.0,0.0,0.0,0.0,9.59679232391833e-07,0.0,0.0,0.0,0.0,0.0,2.928640238443747e-07,0.0,0.0,1.6761295756897444e-06,1.716057399042445e-06,0.0,4.060929380302683e-07,0.0,0.0,0.0,0.0,0.0,0.0,0.0,4.4088596125134267e-07,0.0,0.0,0.0,0.0,0.0,0.0,0.0,0.0,0.0,0.0,0.0,0.0,0.0,2.653454627655448e-07,0.0,5.266132039944901e-08,4.179903451842285e-07,1.2127617348360425e-07,0.0,1.0709936641199389e-07,1.0985749432679722e-06,0.0,2.0313417997425697e-06,8.030082498453866e-07,0.0,6.804607911055916e-07,9.170377211168701e-07,0.0,0.0,5.741165289914612e-07
1981-12,0.0,0.0,0.0,0.0,0.0,0.0,0.0,0.00021863862490787672,6.706018247875784e-07,0.0,0.0,0.0,0.0,2.257110349317186e-06,0.0,0.0,0.0,0.0,0.0,0.0,0.0,0.0,0.0,0.0,0.0,0.0,0.0,0.0,0.0,0.0,0.0,0.0,0.0,0.0,4.146461768263436e-06,0.0,0.0,0.0,0.0,0.0,0.0,9.885795383984645e-07,0.0,9.972044509824716e-07,1.0630348225094104e-06,6.937472024871163e-07,0.0,9.474907727484161e-07,0.0,0.0,5.698860858266862e-05,4.443166946136723e-07,0.0,4.505989991671171e-07,0.0,0.0,2.7284546493948693e-07,1.1643085635034237e-06
1982-01,0.0,0.0,0.0,4.600799425186188e-06,0.0,0.0,0.0,2.825415961293376e-06,3.113731472587731e-06,0.0,0.0,0.0,0.0,7.6204326437648155e-06,0.0,0.0,2.491669053302219e-06,1.7005594212781001e-06,0.0,6.836531822956258e-07,0.0,0.0,0.0,0.0,0.0,0.0,0.0,4.791721908528283e-07,3.1308936992570576e-06,0.0,0.0,0.0,0.0,0.0,0.0,0.0,0.0,0.0,0.0,0.0,0.0,4.142915888565156e-06,0.0,4.4305509772504735e-06,2.382817275837581e-06,1.0695226730678817e-06,0.0,3.916317280280721e-06,3.137124120371544e-06,0.0,5.4568193604300136e-05,1.9412260797872523e-06,0.0,3.967480519720928e-06,4.628737849125788e-06,0.0,4.803170867383411e-06,2.9745768511559683e-06
1982-02,0.0,0.0,0.0,2.5242579242558543e-06,0.0,0.0,0.0,4.826484291973562e-06,5.334619743689977e-07,0.0,0.0,0.0,0.0,3.3227751050221647e-06,0.0,0.0,3.5759017101726075e-06,3.268760974833494e-05,0.0,2.206614118229585e-06,0.0,0.0,0.0,0.0,0.0,0.0,0.0,8.85756239640996e-09,3.321366830425776e-06,0.0,0.0,0.0,0.0,0.0,5.627139032435488e-07,0.0,0.0,0.0,0.0,0.0,0.0,5.317849479144522e-07,0.0,0.0,1.1251734338769607e-06,3.021474132472845e-07,0.0,0.0,0.0,0.0,0.0,9.231585589597451e-07,0.0,0.0,0.0,0.0,1.7439556821087013e-06,0.0
1982-03,0.0,0.0,0.0,3.098018423717132e-06,0.0,0.0,0.0,0.00022521650510912023,2.1617168403361803e-06,0.0,0.0,0.0,0.0,3.269734724192043e-06,0.0,0.0,2.9921292471265933e-06,7.413200808911533e-07,2.6925504180489933e-07,2.727245924046797e-06,0.0,0.0,0.0,0.0,0.0,0.0,0.0,1.1684229104946264e-06,2.7834656022233533e-06,0.0,0.0,0.0,0.0,0.0,1.0037751602621075e-06,0.0,0.0,0.0,0.0,0.0,0.0,2.4788612554793205e-06,0.0,0.0,1.5829101372792468e-06,9.163414612570302e-07,0.0,2.537107694448794e-06,1.654223432559533e-06,0.0,0.0,1.2459411489336454e-06,0.0,2.147046901058471e-06,6.010086902132144e-05,0.0,2.609125160313544e-06,0.0
1982-04,0.0,0.0,0.0,1.5535240717951537e-06,0.0,0.0,0.0,0.0,4.4832443829151416e-07,0.0,0.0,0.0,0.0,9.840002719250022e-07,0.0,0.0,2.5127634277267304e-06,1.579822486480243e-06,0.0,3.005354166503091e-07,0.0,0.0,0.0,0.0,0.0,0.0,0.0,1.4037628267267126e-06,1.106993687718154e-06,0.0,0.0,0.0,0.0,0.0,6.568106830290299e-08,0.0,0.0,0.0,0.0,0.0,0.0,0.0,0.0,0.0,1.6119384998350036e-06,8.527538511759556e-07,0.0,5.87597809121241e-07,2.5440923650872638e-08,0.0,0.0,1.119629292336834e-06,0.0,0.0,0.0,0.0,7.072957372197472e-08,0.0
1982-05,0.0,0.0,0.0,6.583119557006315e-06,0.0,0.0,0.0,0.0002684074092812426,3.9501531128619925e-06,0.0,0.0,0.0,0.0,5.4184014382393715e-06,0.0,0.0,5.301367043591847e-06,2.346452580833847e-06,0.0,5.682240199748869e-06,0.0,0.0,0.0,0.0,0.0,0.0,0.0,3.5998591018028757e-06,7.276163338075188e-06,0.0,0.0,0.0,0.0,0.0,4.415619819903134e-06,0.0,0.0,0.0,0.0,0.0,0.0,4.774976754596719e-06,0.0,0.0,1.8847503770997864e-06,1.8648315293538567e-06,0.0,2.4066001917492954e-06,3.898614255935459e-06,0.0,2.473405045723933e-06,2.1102330754407175e-06,0.0,3.7946866179465224e-06,0.0,0.0,5.250218046967906e-06,4.858454858883832e-05
1982-06,0.0,0.0,0.0,5.412499222457387e-07,0.0,0.0,0.0,0.000279158828084076,1.2248297426380485e-06,0.0,0.0,0.0,0.0,1.857212321605406e-07,0.0,0.0,9.642345147732463e-07,0.0,0.0,0.0,0.0,0.0,0.0,0.0,0.0,0.0,0.0,1.4950535742637352e-06,7.871106752514387e-07,0.0,0.0,0.0,0.0,0.0,0.0,0.0,0.0,0.0,0.0,0.0,0.0,9.46092875781443e-07,0.0,6.827217231735887e-05,1.1940101833325563e-06,9.158128633932946e-07,0.0,8.858706090641398e-07,8.79329307076536e-07,0.0,6.263688511202181e-07,1.3346025568901199e-06,0.0,1.0130288889461346e-06,0.0,0.0,1.8387995129819992e-06,0.0
1982-07,0.0,0.0,0.0,4.825151354040852e-06,0.0,0.0,0.0,0.0,8.279405378725721e-07,0.0,0.0,0.0,0.0,5.116825810712912e-06,0.0,0.0,3.479487270608622e-06,0.0,5.384566229609741e-07,1.488350142061487e-06,0.0,0.0,0.0,0.0,0.0,0.0,0.0,1.0335963706935257e-06,4.267390310678028e-06,0.0,0.0,0.0,0.0,0.0,2.778083309437303e-06,0.0,0.0,0.0,0.0,0.0,0.0,4.2845514060558395e-06,0.0,0.0,1.1960264174503444e-06,8.065288331914923e-07,0.0,2.2654742429112814e-06,1.824772322063864e-06,0.0,1.429689469131662e-06,1.0801505303098501e-06,0.0,2.0459796125759343e-06,4.898479499012113e-07,0.0,6.437261219867635e-06,0.0
1982-08,0.0,0.0,0.0,9.048140609759176e-06,0.0,0.0,0.0,0.00027505251890330153,5.590222888940309e-06,0.0,0.0,0.0,0.0,7.917136246376522e-06,0.0,0.0,7.556968943094794e-06,1.412083669761737e-06,3.18289136869292e-06,5.4850162997039275e-06,0.0,0.0,0.0,0.0,0.0,0.0,0.0,2.2158935139712875e-06,6.695150079649021e-06,0.0,0.0,0.0,0.0,0.0,8.36510406733621e-05,0.0,0.0,0.0,0.0,0.0,0.0,7.3256685688307745e-06,0.0,2.709215044189195e-06,9.981610412994681e-07,3.896078633414853e-07,0.0,4.5342678140563585e-06,4.506630641322e-06,0.0,1.1367234053681706e-05,2.0110576251458396e-06,0.0,4.996768773695059e-06,4.910745316091751e-06,0.0,6.1733585523778695e-06,7.611698757101424e-07
1982-09,0.0,0.0,0.0,0.0,0.0,0.0,0.0,0.00026868620385710353,4.221674078768306e-07,0.0,0.0,0.0,0.0,0.0,0.0,0.0,0.0,0.0,0.0,0.0,0.0,0.0,0.0,0.0,0.0,0.0,0.0,1.1717684317882337e-06,0.0,0.0,0.0,0.0,0.0,0.0,1.9185139639472453e-06,0.0,0.0,0.0,0.0,0.0,0.0,7.622267127415511e-07,0.0,3.713786360039426e-07,6.74862942927925e-07,0.0,0.0,1.9397587513158772e-06,1.2079018448911128e-06,0.0,0.0,0.0,0.0,8.496073571057118e-07,2.5316108301566902e-06,0.0,1.1453843347443912e-06,0.0
1982-10,0.0,0.0,0.0,5.821163007617494e-07,0.0,0.0,0.0,0.000252373932095973,1.2268995879939383e-06,0.0,0.0,0.0,0.0,2.367219785404932e-06,0.0,0.0,9.476261543816048e-07,0.0,6.449112231785535e-07,2.413808727797541e-06,0.0,0.0,0.0,0.0,0.0,0.0,0.0,1.374284178663608e-06,2.9535602177951856e-06,0.0,0.0,0.0,0.0,0.0,3.296856875115467e-06,0.0,0.0,0.0,0.0,0.0,0.0,1.730762685831312e-06,0.0,1.73041977879293e-06,0.0,0.0,0.0,1.8418287124822852e-06,1.7814608598829412e-06,0.0,7.275164198565056e-05,1.318658133600721e-06,0.0,1.788030639669716e-06,2.5955852334776722e-06,0.0,3.2275850767397307e-06,0.0
1982-11,0.0,0.0,0.0,6.55351889044415e-06,0.0,0.0,0.0,0.0,2.6111420747875135e-06,0.0,0.0,0.0,0.0,5.25070028263238e-06,0.0,0.0,5.6225158333104224e-06,1.090514571239678e-06,0.0,0.0,0.0,0.0,0.0,0.0,0.0,0.0,0.0,0.0,5.62019246236347e-06,0.0,0.0,0.0,0.0,0.0,2.2112263248982857e-07,0.0,0.0,0.0,0.0,0.0,0.0,4.015715678852859e-06,0.0,2.3062298521247873e-06,0.0,2.8404071618659765e-05,0.0,2.4276268353209153e-06,1.1694305745332465e-06,0.0,5.29667883731176e-07,0.0,0.0,2.890623900511095e-06,2.95381492949761e-06,0.0,3.0643339852916495e-06,2.9945192282167487e-06
1982-12,0.0,0.0,0.0,3.4770220724798725e-06,0.0,0.0,0.0,0.000258876522284757,1.8872294812721375e-06,0.0,0.0,0.0,0.0,3.566442699735037e-06,0.0,0.0,8.896660503774502e-06,9.6170820690911e-07,1.236212596620264e-06,1.8313550031015987e-06,0.0,0.0,0.0,0.0,0.0,0.0,0.0,7.831003129494963e-07,3.0434155682954947e-06,0.0,0.0,0.0,0.0,0.0,6.346756877756869e-06,0.0,0.0,0.0,0.0,0.0,0.0,3.7706003791572184e-06,0.0,2.176781213530446e-06,1.267581874836915e-06,7.891462932023141e-07,0.0,1.6812569613799192e-06,1.7921591523549358e-06,0.0,2.3661770491746823e-06,3.942459309527389e-06,0.0,1.9401301788578367e-06,2.181679918567797e-06,0.0,2.277461902768077e-06,1.4254835603815483e-06
1983-01,0.0,0.0,0.0,6.658595294621719e-06,0.0,0.0,0.0,3.7748891280522943e-07,1.4781551107607358e-06,0.0,0.0,0.0,0.0,0.0,0.0,0.0,0.0,9.493236464768462e-07,0.0,0.0,0.0,0.0,0.0,0.0,0.0,0.0,0.0,2.0115838689398566e-06,0.0,0.0,0.0,0.0,0.0,0.0,0.0,0.0,0.0,0.0,0.0,0.0,0.0,0.0,0.0,8.009191592091291e-07,4.7329151639654135e-05,5.8654415054655575e-08,0.0,2.759436951611436e-06,0.0,0.0,0.0,0.0,0.0,0.0,0.0,0.0,5.003136975955878e-07,0.0
1983-02,0.0,0.0,0.0,6.096652561947469e-06,0.0,0.0,0.0,7.698296772738867e-06,6.242936157953689e-06,0.0,0.0,0.0,0.0,0.0,0.0,0.0,0.0,2.7802154885200604e-06,1.8003156316521787e-06,0.0,0.0,0.0,0.0,0.0,0.0,0.0,0.0,3.4983059277561552e-06,0.0,0.0,0.0,0.0,0.0,0.0,1.1755050051554943e-06,0.0,0.0,0.0,0.0,0.0,0.0,0.0,0.0,9.454095250999301e-07,0.0,2.0344777134295723e-07,0.0,0.0,0.0,0.0,1.676264751632961e-06,4.4534437720950866e-05,0.0,0.0,2.0238330642541464e-06,0.0,4.1367293067970377e-07,3.7415001836610396e-07
1983-03,0.0,0.0,0.0,2.3413581855092485e-06,0.0,0.0,0.0,0.00028082602096002774,0.0,0.0,0.0,0.0,0.0,7.869658483550257e-08,0.0,0.0,0.0,0.0,3.391313734932115e-07,6.641611315000504e-07,0.0,0.0,0.0,0.0,0.0,0.0,0.0,6.440312564002515e-07,7.457324034020885e-07,0.0,0.0,0.0,0.0,0.0,0.0,0.0,0.0,0.0,0.0,0.0,0.0,0.0,0.0,0.0,2.677955943148673e-06,9.878884489354819e-08,0.0,2.080047066464589e-06,1.3270000883227607e-06,0.0,3.3514451213635456e-06,2.262905398082167e-06,0.0,2.14316740559873e-06,0.0,0.0,4.333230714133073e-06,1.9594383755135377e-06
1983-04,0.0,0.0,0.0,0.0,0.0,0.0,0.0,0.0,0.0,0.0,0.0,0.0,0.0,3.2756348292867914e-06,0.0,0.0,0.0,0.0,0.0,7.51691202791064e-07,0.0,0.0,0.0,0.0,0.0,0.0,0.0,0.0,1.131734435250782e-06,0.0,0.0,0.0,0.0,0.0,0.0,0.0,0.0,0.0,0.0,0.0,0.0,9.529556005483934e-05,0.0,5.16168833496896e-06,1.5222966789162385e-06,3.10071500786672e-06,0.0,0.0,0.0,0.0,0.0,2.543173452366345e-06,0.0,0.0,0.0,0.0,0.0,1.693729671964739e-06
1983-05,0.0,0.0,0.0,0.0,0.0,0.0,0.0,0.0,0.0,0.0,0.0,0.0,0.0,8.68169946630161e-06,0.0,0.0,0.0,0.0,0.0,6.800938178868548e-05,0.0,0.0,0.0,0.0,0.0,0.0,0.0,0.0,7.135462562607671e-06,0.0,0.0,0.0,0.0,0.0,9.651671556664062e-07,0.0,0.0,0.0,0.0,0.0,0.0,0.0,0.0,0.000100151435914905,0.0,0.0,0.0,1.0635146673143164e-06,0.0,0.0,0.0,0.0,0.0,0.0,0.0,0.0,0.0,5.6915324954429094e-05
1983-06,0.0,0.0,0.0,0.0,0.0,0.0,0.0,2.2503536829550364e-06,0.0,0.0,0.0,0.0,0.0,3.2240379575138728e-06,0.0,0.0,0.0,4.1286764531144966e-05,0.0,4.569376440285919e-06,0.0,0.0,0.0,0.0,0.0,0.0,0.0,4.909811094613081e-05,2.1471638321131916e-06,0.0,0.0,0.0,0.0,0.0,2.507790029649473e-06,0.0,0.0,0.0,0.0,0.0,0.0,0.0,0.0,0.0,1.2791565419500266e-06,0.0,0.0,0.0,0.0,0.0,2.708408882618113e-06,0.0,0.0,0.0,0.0,0.0,0.0,0.0
1983-07,0.0,0.0,0.0,0.0,0.0,0.0,0.0,0.0,0.0,0.0,0.0,0.0,0.0,0.0,0.0,0.0,0.00011960785755540315,4.2003539264607264e-05,0.0,0.0,0.0,0.0,0.0,0.0,0.0,0.0,0.0,8.063052678048896e-07,0.0,0.0,0.0,0.0,0.0,0.0,0.0,0.0,0.0,0.0,0.0,0.0,0.0,0.0,0.0,0.0,2.11113138861262e-06,7.504160590954302e-07,0.0,0.0,0.0,0.0,0.0,0.0,0.0,0.0,0.0,0.0,0.0,0.0
1983-08,0.0,0.0,0.0,0.0,0.0,0.0,0.0,0.0,0.00010696453074441711,0.0,0.0,0.0,0.0,0.0,0.0,0.0,0.0,0.0,0.0,0.0,0.0,0.0,0.0,0.0,0.0,0.0,0.0,0.0,0.0,0.0,0.0,0.0,0.0,0.0,4.801445613186947e-07,0.0,0.0,0.0,0.0,0.0,0.0,0.0,0.0,0.0,0.0,0.0,0.0,8.359492717589617e-05,7.704307723088832e-05,0.0,0.0,0.0,0.0,8.603177474962126e-05,0.0,0.0,0.0,0.0
1983-09,0.0,0.0,0.0,1.1607315083011216e-06,0.0,0.0,0.0,9.427314048002511e-07,1.2917581547834401e-06,0.0,0.0,0.0,0.0,4.395227472306446e-06,0.0,0.0,0.0,0.0,0.0,5.5809743957185204e-05,0.0,0.0,0.0,0.0,0.0,0.0,0.0,1.7042623271745095e-06,3.2882634282052766e-06,0.0,0.0,0.0,0.0,0.0,2.9108728575057973e-06,0.0,0.0,0.0,0.0,0.0,0.0,2.17839827322628e-06,0.0,1.7952765568798392e-06,6.407815478578225e-05,0.0,0.0,2.0719800463222747e-05,4.519914533690605e-06,0.0,0.0,0.0,0.0,1.1923853886567935e-05,0.0,0.0,0.0,0.0
1983-10,0.0,0.0,0.0,0.0,0.0,0.0,0.0,0.0,2.6872816434705544e-06,0.0,0.0,0.0,0.0,0.0,0.0,0.0,0.0,0.0,0.0,0.0,0.0,0.0,0.0,0.0,0.0,0.0,0.0,1.4789436480276506e-06,0.0,0.0,0.0,0.0,0.0,0.0,0.0,0.0,0.0,0.0,0.0,0.0,0.0,0.0,0.0,0.0,0.0,3.375365735962983e-06,0.0,0.0,0.0,0.0,9.50259048566533e-05,9.738404712257079e-07,0.0,0.0,0.0,0.0,0.0,2.2742418352043327e-06
1983-11,0.0,0.0,0.0,0.0,0.0,0.0,0.0,0.0,0.0,0.0,0.0,0.0,0.0,0.0,0.0,0.0,0.0,4.5273217253176303e-05,0.0,0.0,0.0,0.0,0.0,0.0,0.0,0.0,0.0,1.7520546157603346e-06,0.0,0.0,0.0,0.0,0.0,0.0,0.00010453862188765248,0.0,0.0,0.0,0.0,0.0,0.0,0.0,0.0,2.388226457619644e-07,0.0,3.8623393601048855e-05,0.0,0.0,0.0,0.0,8.965599595983282e-05,1.2687304397313511e-06,0.0,0.0,0.0,0.0,0.0,0.0
1983-12,0.0,0.0,0.0,3.0098132893326136e-07,0.0,0.0,0.0,0.0,0.0,0.0,0.0,0.0,0.0,0.0,0.0,0.0,0.0,0.0,0.0,0.0,0.0,0.0,0.0,0.0,0.0,0.0,0.0,0.0,0.0,0.0,0.0,0.0,0.0,0.0,0.0,0.0,0.0,0.0,0.0,0.0,0.0,0.0,0.0,0.00010733851270971731,0.0,8.850291833423195e-07,0.0,0.0,0.0,0.0,0.0,0.0,0.0,0.0,1.177305843813932e-06,0.0,8.411275447888777e-07,0.0
1984-01,0.0,0.0,0.0,1.666064620958585e-06,0.0,0.0,0.0,0.00034360774909889045,3.1653484786845626e-07,0.0,0.0,0.0,0.0,7.895118055086387e-07,0.0,0.0,0.00013121000196687554,1.268167481541231e-06,0.0,0.0,0.0,0.0,0.0,0.0,0.0,0.0,0.0,1.917524946452904e-06,0.0,0.0,0.0,0.0,0.0,0.0,0.0,0.0,0.0,0.0,0.0,0.0,0.0,0.0,0.0,0.0,0.0,0.0,0.0,0.0,5.899549258009882e-07,0.0,0.0,0.0,0.0,0.0,4.3665580747297155e-06,0.0,0.0,0.0
1984-02,0.0,0.0,0.0,0.0,0.0,0.0,2.232119259290007e-05,0.0,0.0,0.0,0.0,0.0,0.0,4.2136957933876365e-06,0.0,0.0,0.0,4.719579881365083e-06,3.939039313619955e-07,0.0,0.0,0.0,0.0,7.105887689755839e-05,0.0,0.0,0.0,3.918993381308422e-07,1.8497391794213974e-06,0.0,0.0,0.0,0.0,0.0,0.00010216384365395218,0.0,0.0,0.0,0.0,0.0,0.0,0.0,0.0,0.0,3.3532333214826574e-07,0.0,0.0,0.0,2.233645477991042e-06,0.0,0.0,4.731822113702683e-05,0.0,1.1639006743424593e-06,1.0223719381245166e-06,0.0,5.187898974439304e-07,0.0
1984-03,0.0,0.0,0.0,2.798910644384478e-06,0.0,0.0,7.796021274866331e-07,6.433977311303351e-06,1.9810279086929854e-06,0.0,0.0,0.0,0.0,5.919762185492173e-06,0.0,0.0,2.3535738379801828e-06,1.108440021272583e-06,3.02232426276328e-06,9.859014124773378e-07,0.0,0.0,0.0,2.5758263694769386e-06,0.0,0.0,0.0,2.5129301456093157e-05,2.4119412946849856e-06,0.0,0.0,0.0,0.0,0.0,9.705505864284668e-05,0.0,0.0,0.0,0.0,0.0,0.0,1.5902457990430857e-06,0.0,4.332182901918419e-06,1.1530725139280162e-06,1.6097541467198843e-06,0.0,7.99091559622326e-07,1.1636958688044029e-06,0.0,1.4157661310365208e-06,9.309210028345359e-07,0.0,1.0583928354361109e-06,7.201823800666508e-06,0.0,1.4306040400721212e-06,1.2849693927758783e-06
1984-04,0.0,0.0,0.0,3.374992521647219e-06,0.0,0.0,1.4056891639876306e-06,1.084857971683964e-05,2.5826333061644836e-06,0.0,0.0,0.0,0.0,5.904544565024581e-06,0.0,0.0,0.00011805963627986529,1.4753810429286758e-06,2.607545445667239e-06,1.1636940012844827e-06,0.0,0.0,0.0,6.4381571158908525e-06,0.0,0.0,0.0,6.440669222083397e-07,3.0277971091842856e-06,0.0,0.0,0.0,0.0,0.0,2.1312115597781066e-06,0.0,0.0,0.0,0.0,0.0,0.0,5.117457212482718e-06,0.0,2.058107637411405e-06,1.3955433909170062e-06,1.6292765100874192e-06,0.0,1.0505619821079248e-06,1.4654193329407644e-06,0.0,7.657777189516853e-05,1.1294822593459694e-06,0.0,1.3595533038940206e-06,3.312435620572249e-06,0.0,5.8083148705387476e-06,6.803848699767664e-05
1984-05,0.0,0.0,0.0,4.831554276252453e-06,0.0,0.0,0.0,0.0,0.0,0.0,0.0,0.0,0.0,1.6226906815520886e-06,0.0,0.0,4.822871969543375e-06,0.0,0.0,5.835241314261861e-06,0.0,0.0,0.0,0.0,0.0,0.0,0.0,2.3499664757259763e-06,7.419012546533953e-06,0.0,0.0,0.0,0.0,0.0,6.164424899138904e-06,0.0,0.0,0.0,0.0,0.0,0.0,2.631519430179585e-07,0.0,1.1250461553483915e-06,4.180486101792585e-06,1.3986603462692836e-06,0.0,0.0,6.124983473003987e-05,0.0,7.19412020409594e-05,1.1244502722836703e-06,0.0,2.3323350110867266e-06,2.56577204349448e-07,0.0,8.37852136364066e-07,3.1566554085255655e-06
1984-06,0.0,0.0,0.0,1.4518130825381948e-06,0.0,0.0,4.3518799491544525e-07,3.16946160687101e-06,1.1204380923840532e-06,0.0,0.0,0.0,0.0,1.4186420993202166e-06,0.0,0.0,0.00010560199346096752,6.46672010379247e-07,4.290104538571538e-07,4.591812770666573e-07,0.0,0.0,0.0,1.397142741767915e-06,0.0,0.0,0.0,2.5526177533202744e-07,1.3409109661136273e-06,0.0,0.0,0.0,0.0,0.0,9.28276634804659e-07,0.0,0.0,0.0,0.0,0.0,0.0,8.187431517099122e-07,0.0,8.569100271723848e-07,6.609218280367105e-07,4.012310767426697e-07,0.0,4.2250244522623434e-06,6.45890821232768e-05,0.0,7.526927963937871e-05,4.899232787211501e-07,0.0,1.291170108332837e-06,7.838524245283793e-07,0.0,7.778978180542837e-07,6.470550556440802e-07
1984-07,0.0,0.0,0.0,7.68265750370406e-06,0.0,0.0,2.348335918688688e-06,0.0,9.784642717133736e-05,0.0,0.0,0.0,0.0,4.687121454588522e-06,0.0,0.0,2.8270531206130018e-06,1.4315957910099042e-06,2.237349651330458e-06,4.948474075705929e-06,0.0,0.0,0.0,7.960551174827635e-07,0.0,0.0,0.0,2.8260248135265083e-06,2.988013871127966e-06,0.0,0.0,0.0,0.0,0.0,2.3563649387644897e-06,0.0,0.0,0.0,0.0,0.0,0.0,1.8034416538061093e-07,0.0,0.0,2.0563727863361324e-06,2.21547869882123e-06,0.0,1.291069159199132e-06,6.061050211576448e-05,0.0,1.9081206719734832e-06,1.81052101250501e-06,0.0,1.1760238466109532e-06,0.0,0.0,0.0,2.6167517260843633e-06
1984-08,0.0,0.0,0.0,3.6311572118712665e-06,0.0,0.0,4.0496707095412936e-05,4.770061305511997e-06,0.0,0.0,0.0,0.0,0.0,2.110258317529867e-06,0.0,0.0,2.921152244846778e-06,4.07314054110524e-07,4.748001845768936e-06,1.931710980452514e-06,0.0,0.0,0.0,6.931340001260986e-07,0.0,0.0,0.0,2.2756672606517905e-06,2.7030409169837567e-06,0.0,0.0,0.0,0.0,0.0,0.0,0.0,0.0,0.0,0.0,0.0,0.0,7.096881482918557e-05,0.0,0.0,2.4423675265848147e-06,2.4757501414665944e-06,0.0,2.2148873138459515e-06,6.602868867056771e-08,0.0,6.989478115354145e-05,2.3471226046189174e-06,0.0,4.8112499219923724e-05,2.663338548623828e-07,0.0,1.1268197307883754e-06,1.7528494568398827e-06
1984-09,0.0,0.0,0.0,3.230708484231973e-06,0.0,0.0,4.9183418273875584e-05,6.5840384512790565e-06,2.059707164570393e-06,0.0,0.0,0.0,0.0,2.9515418262033857e-06,0.0,0.0,2.451207986356653e-06,1.3422983279742889e-06,1.2385558219946621e-06,9.669072331277007e-07,0.0,0.0,0.0,0.00011609744832728947,0.0,0.0,0.0,5.807521308287146e-07,2.728850726738938e-06,0.0,0.0,0.0,0.0,0.0,4.528457529614949e-06,0.0,0.0,0.0,0.0,0.0,0.0,2.664359130493517e-06,0.0,1.775125545851991e-06,1.3597769175790649e-06,8.346743931053266e-07,0.0,3.6651519817504835e-05,1.1959818211375178e-06,0.0,4.404430136300229e-06,1.0069509401114744e-06,0.0,3.3983045292859566e-06,1.6594376414433358e-06,0.0,1.5111656884078047e-06,5.8881649452997824e-05
1984-10,0.0,0.0,0.0,0.0,0.0,0.0,5.821722739889692e-07,0.0,0.0,0.0,0.0,0.0,0.0,0.0,0.0,0.0,0.0,0.0,7.756088358980843e-06,0.0,0.0,0.0,0.0,0.0,0.0,0.0,0.0,4.0217950454767527e-07,1.7807833062949212e-06,0.0,0.0,0.0,0.0,0.0,0.0,0.0,0.0,0.0,0.0,0.0,0.0,0.0,0.0,0.0,0.0,0.0,0.0,4.703268106617496e-07,1.8954188354707336e-06,0.0,0.0,0.0,0.0,0.0,0.0,0.0,0.0,7.004332609373207e-07
1984-11,0.0,0.0,0.0,3.1607860932388876e-06,0.0,0.0,4.521662413498745e-07,1.8618175939890402e-06,0.0,0.0,0.0,0.0,0.0,3.857873613701039e-06,0.0,0.0,0.0,8.517382264067869e-07,1.996690765104871e-06,0.0,0.0,0.0,0.0,1.858470122426778e-06,0.0,0.0,0.0,0.0,1.1403838330798575e-05,0.0,0.0,0.0,0.0,0.0,9.245252434204995e-05,0.0,0.0,0.0,0.0,0.0,0.0,0.0,0.0,0.0,6.490406190336022e-07,0.0,0.0,3.6160898364255896e-05,2.6895408890096824e-07,0.0,0.0,4.6233329055777803e-07,0.0,0.0,0.0,0.0,0.0,0.0
1984-12,0.0,0.0,0.0,1.8215535772036614e-05,0.0,0.0,4.143458199917391e-06,3.29699284522399e-05,1.067143093666037e-05,0.0,0.0,0.0,0.0,1.2748805992037628e-05,0.0,0.0,1.4091474756105157e-05,4.7107467327041005e-06,6.253923134570967e-06,3.56466736448215e-06,0.0,0.0,0.0,1.1219525589726249e-05,0.0,0.0,0.0,2.9656750505499804e-06,1.547582703161983e-05,0.0,0.0,0.0,0.0,0.0,7.1288434585474596e-06,0.0,0.0,0.0,0.0,0.0,0.0,7.21818823229433e-06,0.0,1.8553687972089756e-06,5.655795247426435e-06,3.4024398433308274e-06,0.0,1.0215077409887926e-06,5.472085171907105e-06,0.0,7.612149545509564e-05,4.135331142460383e-06,0.0,3.4924833863677894e-06,3.3453969197017805e-06,0.0,7.184748926889033e-05,6.497083135161122e-05
1985-01,0.0,0.0,0.0,1.3571037282391202e-06,0.0,0.0,3.8085082071818334e-05,2.8772886692804978e-06,8.958371336937887e-07,0.0,0.0,0.0,0.0,1.2085297181928385e-06,0.0,0.0,1.0516389960880806e-06,5.306188896949324e-07,7.955849757510028e-07,4.377565653744947e-07,0.0,0.0,0.0,1.0871691254009524e-06,0.0,0.0,0.0,2.6929500293197165e-07,1.343086135259075e-06,0.0,0.0,0.0,0.0,0.0,8.9600090953567e-07,0.0,0.0,0.0,0.0,0.0,0.0,6.829248050894201e-07,0.0,7.134183854878365e-07,5.088558705675754e-07,2.915873739598625e-07,0.0,3.278887535447042e-07,4.817164345494694e-07,0.0,7.309547089780396e-05,3.62236527257781e-07,0.0,4.209905806637701e-07,6.550765813438456e-07,0.0,7.259545615610508e-05,6.149784784170016e-05
1985-02,0.0,0.0,0.0,5.845027994724015e-06,0.0,0.0,4.1661484488791676e-05,4.2271553838496016e-06,2.7065752996158073e-06,0.0,0.0,0.0,0.0,3.907752215150523e-06,0.0,0.0,4.738289243277821e-06,2.737737156186408e-06,0.0,2.1323133651158614e-06,0.0,0.0,0.0,4.402507716944837e-06,0.0,0.0,0.0,1.9781749570609386e-06,6.182794849659848e-06,0.0,0.0,0.0,0.0,0.0,1.6957325929256029e-06,0.0,0.0,0.0,0.0,0.0,0.0,1.8811015580691912e-06,0.0,1.6280332599746247e-05,3.194290181437125e-06,2.1709334493627985e-06,0.0,0.0,3.672379955255149e-06,0.0,4.66360674706684e-06,3.1356533399396134e-06,0.0,1.5809665032735613e-06,1.042743621161648e-05,0.0,7.330004348586871e-05,7.515098179641446e-06
1985-03,0.0,0.0,0.0,9.761763456390126e-06,0.0,0.0,1.0280160155525104e-06,1.1454400212903864e-05,6.576790509631482e-06,0.0,0.0,0.0,0.0,8.483576772967613e-06,0.0,0.0,8.209353984465179e-06,6.916034650581903e-06,3.968278161428654e-06,4.656978942973861e-06,0.0,0.0,0.0,7.00192152538854e-06,0.0,0.0,0.0,2.2661083667164326e-06,8.77647823023181e-06,0.0,0.0,0.0,0.0,0.0,5.7064577462533e-06,0.0,0.0,0.0,0.0,0.0,0.0,5.397534040824305e-06,0.0,6.63747979105387e-06,4.695696997709109e-06,3.5477103946403837e-06,0.0,6.594055751120223e-07,5.156696912978282e-06,0.0,7.609413134886625e-05,4.09415582533975e-06,0.0,3.899005245167793e-06,9.104806412497443e-05,0.0,6.506632385504877e-07,5.303596851122427e-06
1985-04,0.0,0.0,0.0,4.7141841699722034e-05,0.0,0.0,5.281677356866136e-06,2.405801691223991e-05,1.0366217651082387e-05,0.0,0.0,0.0,0.0,2.35664019300757e-05,0.0,0.0,9.407719490901926e-06,7.16425213646616e-05,3.613527572983097e-06,1.6953611430281582e-06,0.0,0.0,0.0,9.896903921403245e-06,0.0,0.0,0.0,1.0106003531091673e-06,3.048505640843196e-05,0.0,0.0,0.0,0.0,0.0,7.571415989580645e-06,0.0,0.0,0.0,0.0,0.0,0.0,6.592836169989978e-06,0.0,5.511729895314073e-06,9.528188298095906e-06,6.192954982973307e-06,0.0,4.96322361693569e-06,5.642588644315241e-06,0.0,7.777566599712455e-05,6.1789961648888625e-06,0.0,4.729736027795813e-06,9.076719716629197e-06,0.0,7.692267288978468e-05,2.815800637180704e-06
1985-05,0.0,0.0,0.0,1.6193684103604154e-06,0.0,0.0,1.60750847496852e-06,3.6024720865992233e-06,2.3380566486258455e-06,0.0,0.0,0.0,0.0,3.3637092494814837e-06,0.0,0.0,3.5603035304114377e-06,4.546069750196807e-06,1.6525992365258243e-06,0.0,0.0,0.0,0.0,7.526927910735739e-07,0.0,0.0,0.0,2.338402628884576e-06,1.8281245625118362e-06,4.957125784346528e-05,0.0,0.0,0.0,0.0,2.6388119831406013e-07,0.0,0.0,0.0,0.0,0.0,0.0,4.300873034010222e-07,0.0,2.092089858789177e-06,1.9735330316267424e-06,1.622554269979407e-06,0.0,0.0,3.0612047571571198e-06,0.0,4.872080803655993e-06,1.3114415370998091e-06,0.0,1.157329583855067e-06,2.6177168469556296e-06,0.0,7.072330461759368e-05,5.4442387345938756e-06
1985-06,0.0,0.0,0.0,3.436690790829908e-06,0.0,0.0,3.685506466556735e-05,3.996765096372257e-06,1.2832591508911834e-06,0.0,0.0,0.0,0.0,1.6379569816239657e-06,0.0,0.0,1.747237982980078e-06,9.490969537121683e-07,1.149955897672271e-06,2.2203511863935037e-06,0.0,0.0,0.0,1.63861202431774e-06,0.0,0.0,0.0,3.1565692600839767e-07,1.637259887292672e-06,5.414633572972179e-06,0.0,0.0,0.0,0.0,6.398107616719204e-06,0.0,0.0,0.0,0.0,0.0,0.0,1.0513280137689624e-06,0.0,1.4824028519643818e-06,7.850217133584976e-07,4.616026865167933e-07,0.0,5.078637515830396e-07,6.942076766449645e-07,0.0,9.58682462787623e-07,5.591503796253048e-07,0.0,6.393075121733615e-07,1.1715304246199681e-06,0.0,7.0020202919342e-05,1.3277831256011328e-06
1985-07,0.0,0.0,0.0,0.0,0.0,0.0,3.774365541171566e-05,7.739523566590968e-06,5.536968955994204e-07,0.0,0.0,0.0,0.0,0.0,0.0,0.0,0.0,6.525091680336e-07,0.0,0.0,0.0,0.0,0.0,3.923699207820722e-07,0.0,0.0,0.0,1.8829296640736453e-06,0.0,0.0,0.0,0.0,0.0,0.0,0.0,0.0,0.0,0.0,0.0,0.0,0.0,0.0,0.0,0.00010006576800863284,0.0,0.0,0.0,0.0,0.0,0.0,1.383447063222354e-07,3.8174729666655414e-08,0.0,4.3692989137693666e-07,2.4237651664697353e-06,0.0,0.0,0.0
1985-08,0.0,0.0,0.0,0.00010489854668496138,0.0,0.0,5.85154430946741e-08,3.6419063285814236e-05,7.895374477889412e-06,0.0,0.0,0.0,0.0,0.00012032891604598999,0.0,0.0,0.00013531224358688803,5.287156070965547e-06,6.7987808694196514e-06,3.504707933888067e-06,0.0,0.0,0.0,7.778831507248917e-06,0.0,0.0,0.0,4.054213139759781e-06,0.00011954894440415292,2.726820768960303e-06,0.0,0.0,0.0,0.0,2.9200624378851183e-06,0.0,0.0,0.0,0.0,0.0,0.0,7.110699421921281e-06,0.0,2.8321582998923414e-06,2.5037711522030855e-06,1.700208852309381e-06,0.0,3.4697860259249628e-06,3.282406369628465e-06,0.0,6.889790999255366e-06,1.044459346335104e-06,0.0,4.071374401849612e-06,6.530893768200832e-06,0.0,5.841374356452528e-06,5.563703447864888e-06
1985-09,0.0,0.0,0.0,0.0,0.0,0.0,0.0,7.957596331541666e-06,3.661922170081655e-06,0.0,0.0,0.0,0.0,0.00011788993761692023,0.0,0.0,0.00014299643760091335,0.0,9.176357527437381e-05,5.399287247737812e-07,0.0,0.0,0.0,8.299216805539092e-07,0.0,0.0,0.0,6.238273760849275e-07,0.0,4.9284815645642205e-06,0.0,0.0,0.0,0.0,3.212463645467581e-07,0.0,0.0,0.0,0.0,0.0,0.0,2.295239889777305e-06,0.0,0.0,3.7539124310172965e-06,9.64675425636271e-07,0.0,2.0002632801266254e-06,8.495428769866274e-07,0.0,2.3474954229275177e-06,0.0,0.0,1.0312314943315241e-06,2.1453770797796868e-07,0.0,2.2436953158235657e-06,2.9256148119284413e-06
1985-10,0.0,0.0,0.0,0.0,0.0,0.0,0.0,0.0,0.0,0.0,0.0,0.0,0.0,0.00012385534853109897,0.0,0.0,0.00014826940898332092,0.0,0.00010708683058001426,0.0,0.0,0.0,0.0,0.0,0.0,0.0,0.0,1.8885491394117788e-06,1.7774343242045465e-07,0.0,0.0,0.0,0.0,0.0,0.0,0.0,0.0,0.0,0.0,0.0,0.0,0.0,0.0,0.00011228050725107788,0.0,0.0,0.0,0.0,0.0,0.0,0.0,0.0,0.0,0.0,0.0,0.0,0.0,3.891289187221279e-06
1985-11,0.0,0.0,0.0,2.4470428816157354e-06,0.0,0.0,5.583994222847326e-07,5.203667344358814e-06,1.590945138287267e-06,0.0,0.0,0.0,0.0,1.5634846103451325e-06,0.0,0.0,1.721010541836085e-06,8.951522465649106e-07,1.6986205270141247e-05,6.772589701523508e-07,0.0,0.0,0.0,2.2853216210396157e-06,0.0,0.0,0.0,1.8546404615213656e-06,4.601652122856431e-06,1.2691731977699793e-06,0.0,0.0,0.0,0.0,1.3860563836741931e-06,0.0,0.0,0.0,0.0,0.0,0.0,1.192796696601592e-06,0.0,1.4579203521986536e-06,9.037775137715337e-07,7.562320757645292e-08,0.0,3.641548806096781e-05,1.6044653329316019e-06,0.0,9.76392712818845e-07,6.583999399162425e-07,0.0,6.948720112433145e-07,1.9974360696857e-06,0.0,1.3246180591506147e-06,8.098670829776059e-05
1985-12,0.0,0.0,0.0,0.0,0.0,0.0,8.694501643301718e-07,7.56276979113682e-06,0.0,0.0,0.0,0.0,0.0,0.0,0.0,0.0,2.517556228343057e-06,1.918360364743979e-06,0.0,0.0,0.0,0.0,0.0,0.0,0.0,0.0,0.0,2.4949951137923933e-05,0.0,0.0,0.0,0.0,0.0,0.0,0.0,0.0,0.0,0.0,0.0,0.0,0.0,0.0,0.0,0.00010413588410511487,2.8236373150700224e-06,1.7677476867461045e-06,0.0,3.620907971441656e-07,0.0,0.0,2.4812577686892794e-06,4.994186995297933e-05,0.0,1.5492836557251638e-06,0.0,0.0,8.079605627193204e-05,7.405497292571159e-05
1986-01,0.0,0.0,0.0,0.0,0.0,0.0,5.594216110759338e-07,1.564651607537973e-05,0.0,0.0,0.0,0.0,0.0,0.0,0.0,0.0,7.4964102530123e-06,3.678392967861096e-06,3.692340919668372e-05,0.0,0.0,0.0,0.0,0.0,0.0,0.0,0.0,5.025866898545947e-07,0.0,0.0,0.0,0.0,0.0,0.0,0.0,0.0,0.0,0.0,0.0,0.0,0.0,8.94232619814887e-05,0.0,0.0,7.188573876379834e-05,2.1620514284295817e-06,0.0,0.0,0.0,0.0,0.0,0.0,0.0,0.0,0.0,0.0,0.0,0.0
1986-02,0.0,0.0,0.0,0.0,0.0,0.0,3.984951170519556e-05,0.0,0.0,0.0,0.0,0.0,0.0,0.0,0.0,0.0,0.0,1.4297737153637254e-06,0.0,2.791755158297292e-07,0.0,0.0,0.0,0.0,0.0,0.0,0.0,0.0,0.0,0.0,0.0,0.0,7.030427214786214e-05,0.0,0.0,0.0,0.0,0.0,0.0,2.303584887510357e-05,0.0,8.745023859923499e-05,0.0,0.0,0.0,8.525920490191804e-07,0.0,0.0,0.0,0.0,0.0,0.0,0.0,0.0,0.0,0.0,6.998743598160476e-05,0.0
1986-03,0.0,0.0,0.0,0.0,0.0,0.0,1.299567032236184e-06,6.1200559273268395e-06,0.0001001913913581225,0.0,0.0,0.0,0.0,0.0,0.0,0.0,0.0,3.714830994337573e-06,1.1561856184546144e-06,4.399296717127608e-05,0.0,0.0,0.0,0.0,0.0,0.0,0.0,0.0,0.0,0.0,0.0,0.0,0.0,0.0,0.0,0.0,0.0,0.0,0.0,2.113147667615122e-06,0.0,1.2154876754936206e-06,0.0,2.0423490352319414e-06,5.148424020708434e-06,4.240533251348585e-06,0.0,2.809743710526476e-06,5.5191525952598714e-05,0.0,5.228144359590393e-06,1.8264940986101735e-06,0.0,1.5246716153795443e-06,1.3900814926322974e-06,0.0,7.196452793366914e-05,3.1898572222972546e-06
1986-04,0.0,0.0,0.0,0.0,0.0,0.0,1.919024161757186e-06,0.0,0.0,0.0,0.0,0.0,0.0,0.0,0.0,0.0,0.0,0.0,0.0,1.6952612194038909e-06,0.0,0.0,0.0,3.926655173710603e-06,0.0,0.0,0.0,3.676732456760406e-06,0.0,0.0,0.0,0.0,0.0,0.0,3.440303747793541e-06,0.0,0.0,0.0,0.0,8.217418291793302e-07,0.0,3.082395790742411e-06,0.0,3.5339274373139414e-06,8.226247656356955e-05,2.5667487208833504e-06,0.0,0.0,5.517722041235385e-05,0.0,4.145192244578305e-06,7.032286170452832e-07,0.0,7.870566727490626e-07,4.7217402612755105e-06,0.0,0.0,0.0
1986-05,0.0,0.0,0.0,1.2807859994784303e-06,0.0,0.0,3.105082558340737e-07,0.0003431240344252407,1.4649013455241208e-06,0.0,0.0,0.0,0.0,2.5240823505669406e-06,0.0,0.0,3.6815823772273495e-06,8.497134483886198e-07,6.358849480939503e-07,6.378540760119609e-07,0.0,0.0,0.0,0.00011439986355426766,0.0,0.0,0.0,3.160638167501381e-07,2.2751269575905995e-06,1.4887127144494126e-06,0.0,0.0,1.9775119159476662e-06,0.0,1.8634697194440386e-06,0.0,0.0,0.0,0.0,1.1383552450123133e-06,0.0,1.2412930435586264e-06,0.0,6.186230516689526e-07,8.799258646668546e-05,4.0218643519749495e-08,0.0,4.6904234683746784e-07,5.767863652862778e-05,0.0,1.0053008922047414e-06,7.47890108316801e-07,0.0,6.814247148985257e-07,8.51510388021913e-07,0.0,2.775893065812579e-06,6.56462427511304e-05
1986-06,0.0,0.0,0.0,1.2805365915960695e-06,0.0,0.0,5.414810253980342e-07,4.919571326039151e-06,1.5530698661389633e-06,0.0,0.0,0.0,0.0,1.7276996152303173e-06,0.0,0.0,4.1747202817604825e-06,3.2317322629122314e-06,5.342417671899934e-07,6.295678831952853e-07,0.0,0.0,0.0,9.3925500207863e-05,0.0,0.0,0.0,1.7735201854773078e-06,1.87756490852678e-06,1.636384765058077e-06,0.0,0.0,1.9669668506188814e-06,0.0,1.3435304855067276e-06,0.0,0.0,0.0,0.0,5.5319999409438105e-05,0.0,9.106954235586836e-05,0.0,1.2186316007881878e-06,1.240162326158853e-06,6.545193040230837e-07,0.0,4.516197736046928e-07,7.654738563561414e-07,0.0,9.137349207393869e-07,7.8573554112122e-07,0.0,6.77231698023615e-07,1.0763653258690428e-06,0.0,1.0030064914397299e-06,1.557532196886577e-06
1986-07,0.0,0.0,0.0,2.857745538145315e-07,0.0,0.0,6.41584653265314e-07,1.0489976848360727e-06,3.163223103986104e-07,0.0,0.0,0.0,0.0,1.8021692879584273e-06,0.0,0.0,4.602214813320016e-06,1.916634474705553e-07,1.773111230912592e-06,3.78690956886682e-09,0.0,0.0,0.0,2.648744275114481e-07,0.0,0.0,0.0,1.9647652812611068e-06,4.42016356469397e-06,3.5302858151031736e-07,0.0,0.0,4.3875313396492253e-07,0.0,1.7309021151988153e-06,0.0,0.0,0.0,0.0,1.8221522880569607e-07,0.0,8.396850907934736e-05,0.0,2.844560439070887e-07,2.6489611180569723e-07,1.0832782476851328e-06,0.0,7.39713366046205e-07,1.5477526834320812e-07,0.0,2.0278991838471733e-07,1.7021368094318966e-07,0.0,1.0174417076499256e-06,2.531615471408136e-07,0.0,2.1106128812038022e-07,1.247282695311221e-05
1986-08,0.0,0.0,0.0,2.9245089982012084e-08,0.0,0.0,1.3571681170648082e-08,1.1126197429206508e-07,3.328196490976626e-08,0.0,0.0,0.0,0.0,1.1937195745745505e-06,0.0,0.0,3.937077005643573e-06,1.9895594065254265e-08,2.4522352861145943e-07,5.682537821773797e-07,0.0,0.0,0.0,2.1543269618781306e-06,0.0,0.0,0.0,6.320877961466469e-07,3.0441575438076784e-06,3.481667123433202e-08,0.0,0.0,4.651711091704924e-08,0.0,3.078518723650947e-08,0.0,0.0,0.0,0.0,1.980431005767225e-08,0.0,2.673069024324709e-08,0.0,8.540648833630912e-05,2.916991368051569e-08,5.594113286381541e-07,0.0,1.1873584852823677e-06,2.4900890497005916e-07,0.0,1.696446505222462e-06,1.924175795362318e-08,0.0,1.1787402048232463e-06,7.69432010460723e-05,0.0,2.329362230617943e-08,1.3934173248749093e-06
1986-09,0.0,0.0,0.0,1.5233549244928688e-06,0.0,0.0,3.0345346630862234e-07,2.58087213072683e-06,0.0,0.0,0.0,0.0,0.0,0.0,0.0,0.0,0.0,0.0,0.0,0.0,0.0,0.0,0.0,6.010978704845161e-06,0.0,0.0,0.0,2.0403048635906023e-05,0.0,0.0,0.0,0.0,0.0,0.0,0.0,0.0,0.0,0.0,0.0,4.532377370956946e-06,0.0,1.0028623895750918e-05,0.0,2.456305054400455e-06,0.0,2.2152870148317956e-06,0.0,7.845309141715884e-06,3.888859196476982e-06,0.0,0.0,1.0126778941566089e-05,0.0,1.0351510838737842e-05,0.0,0.0,0.0,0.0
1986-10,0.0,0.0,0.0,2.414468817947775e-06,0.0,0.0,1.6674729156336417e-06,5.1245566279585486e-06,2.7550208202567754e-05,0.0,0.0,0.0,0.0,0.0,0.0,0.0,0.0,0.0,0.0,0.0,0.0,0.0,0.0,3.1113106451029773e-06,0.0,0.0,0.0,0.0,0.0,0.0,0.0,0.0,0.0,0.0,0.0,0.0,0.0,0.0,0.0,0.0,0.0,0.0,0.0,9.170789277967845e-05,9.103190335471717e-07,0.0,0.0,0.0,1.3081483189515131e-06,0.0,0.0,0.0,0.0,6.57625833681695e-07,2.9253906929607235e-06,0.0,1.0264366657939186e-06,0.0
1986-11,0.0,0.0,0.0,7.623384038807982e-07,0.0,0.0,1.2982394606764063e-06,0.0,0.0,0.0,0.0,0.0,0.0,0.0,0.0,0.0,0.0,6.004354387171359e-05,1.0840109228937023e-06,0.0,0.0,0.0,0.0,0.0,0.0,0.0,0.0,0.0,0.0,0.0,0.0,0.0,0.0,0.0,0.0,0.0,0.0,0.0,0.0,0.0,0.0,0.0,0.0,0.0,0.0,1.2198714068813143e-06,0.0,0.0,6.301774768435742e-08,0.0,0.0,0.0,0.0,0.0,0.0,0.0,0.0,0.0
1986-12,0.0,0.0,0.0,0.0,0.0,0.0,3.217455254072785e-07,0.0,8.158145083318552e-06,0.0,0.0,0.0,0.0,0.0,0.0,0.0,0.0,0.0,1.0859337907615786e-06,0.0,0.0,0.0,0.0,0.0,0.0,0.0,0.0,0.0,0.0,0.0,0.0,0.0,0.0,0.0,0.0,0.0,0.0,0.0,0.0,1.1330814163521414e-06,0.0,0.0,0.0,0.0,0.0,1.871562990623861e-06,0.0,0.0,0.0,0.0,7.170949175665429e-05,8.423258009485138e-07,0.0,7.025213942768174e-05,0.0,0.0,0.0,0.0
1987-01,0.0,0.0,0.0,0.0,0.0,0.0,3.19104092296325e-06,8.514480550679549e-07,3.1293434150207746e-06,0.0,0.0,0.0,0.0,0.0,0.0,0.0,0.0,0.0,3.382180202727625e-05,0.0,0.0,0.0,0.0,0.0,0.0,0.0,0.0,1.9753213425023098e-07,0.0,0.0,0.0,0.0,6.168607098134827e-07,0.0,7.167063061221806e-08,0.0,0.0,0.0,0.0,2.3682411037433473e-07,0.0,1.4957505790450381e-06,0.0,0.0,0.0,1.7426620472493355e-06,0.0,7.724182822401623e-07,2.0467593330668747e-06,0.0,0.0,1.3514323566714872e-06,0.0,7.276841475895622e-05,0.0,0.0,0.0,5.585937343134395e-07
1987-02,0.0,0.0,0.0,9.195329915991854e-07,0.0,0.0,1.1013378528153608e-07,3.318458353325088e-06,6.287555250441314e-07,0.0,0.0,0.0,0.0,1.2548945573481393e-06,0.0,0.0,1.1656420568120634e-06,5.778840223439434e-07,3.5341320553605726e-07,2.5049512558419673e-06,0.0,0.0,0.0,9.573579777261976e-07,0.0,0.0,0.0,2.6037524942682078e-05,9.208007988837711e-07,7.880526691230579e-06,0.0,0.0,1.318153344971422e-06,0.0,8.631763733777664e-07,0.0,0.0,0.0,0.0,5.353001378148662e-07,0.0,8.288457090543586e-07,0.0,9.44665037217154e-05,8.377849166720034e-07,5.787270840878593e-07,0.0,4.653836099834836e-07,1.3953838123952762e-07,0.0,6.001410621643312e-07,4.534388007721088e-07,0.0,7.869970543864652e-07,2.815056626946477e-06,1.3964608556359267e-05,7.354823393361312e-07,5.328499536824197e-07
1987-03,0.0,0.0,0.0,0.0,0.0,0.0,1.4755728977937054e-06,0.0,0.0,0.0,0.0,0.0,0.0,0.0,0.0,0.0,0.0,6.673766433465713e-07,6.03772860940724e-08,3.145175693081495e-07,0.0,0.0,0.0,0.0,0.0,0.0,0.0,0.0,0.0,0.0,0.0,0.0,2.2849377484042004e-06,0.0,8.373102861228068e-07,0.0,0.0,0.0,0.0,9.457294811458482e-07,0.0,4.075592177345342e-06,0.0,0.0,2.167368642033013e-08,2.9020629310691044e-06,0.0,7.434910530589173e-07,6.397471838924358e-05,0.0,4.3049512133705795e-07,0.0,0.0,5.361595002242314e-07,0.0,1.0664482766552622e-06,0.0,5.832659868519816e-07
1987-04,0.0,0.0,0.0,1.1925289205646297e-06,0.0,0.0,6.250513995136424e-07,6.146711818641459e-06,1.0423290758413244e-06,0.0,0.0,0.0,0.0,1.2625209180316122e-06,0.0,0.0,1.4879074615029644e-06,7.609701401661111e-07,1.5561703657693427e-06,2.2142931997447615e-06,0.0,0.0,0.0,1.2225885009251452e-06,0.0,0.0,0.0,2.032702314115648e-05,1.1418018142463348e-06,1.4926290417952639e-06,0.0,0.0,1.6428250729509792e-06,0.0,1.0663395370050371e-06,0.0,0.0,0.0,0.0,7.068569316945814e-07,0.0,1.1049996119492505e-06,0.0,1.0674114957489946e-06,1.040083837631052e-06,5.825784716965494e-05,0.0,5.353177499286543e-07,6.722206332151752e-05,0.0,5.6019563401645684e-08,5.799893804425312e-07,0.0,9.666231456773104e-07,2.201554489734012e-06,4.4962170757369486e-07,9.03188656592245e-07,6.921963428049953e-07
1987-05,0.0,0.0,0.0,1.3952927499753382e-06,0.0,0.0,7.067968598400872e-07,4.468748485066288e-06,4.4833682200343155e-06,0.0,0.0,0.0,0.0,1.4281528913327735e-06,0.0,0.0,1.735480429143517e-06,8.784463600951254e-07,5.24364709623493e-07,6.545665498476315e-07,0.0,0.0,0.0,1.3637642456658454e-06,0.0,0.0,0.0,3.745527932535568e-07,1.3168837628765931e-06,1.326965672839596e-06,0.0,0.0,0.00011335614377540245,0.0,7.38817451705111e-05,0.0,0.0,0.0,0.0,2.1331208281495095e-06,0.0,2.736398974743898e-06,0.0,1.126882247511174e-06,1.2620368352498703e-06,9.211553950792067e-06,0.0,4.0869422700187673e-07,1.0981981864026796e-06,0.0,8.834991892978788e-07,1.0140836049255218e-06,0.0,6.895325637466957e-05,1.5606725582019214e-06,4.6604837997617394e-07,7.194573970095951e-07,1.974859977577976e-06
1987-06,0.0,0.0,0.0,0.0,0.0,0.0,1.5586315238170155e-06,0.0,3.666408799400802e-06,0.0,0.0,0.0,0.0,0.0,0.0,0.0,0.0,6.318297723008765e-07,0.0,2.2924716187758613e-07,0.0,0.0,0.0,1.052739470257469e-06,0.0,0.0,0.0,1.44912256501286e-07,0.0,0.0,0.0,0.0,0.00012353531312344902,0.0,8.147049303112617e-05,0.0,0.0,0.0,0.0,0.0,0.0,0.0,0.0,1.4099049241967227e-06,0.0,0.0,0.0,1.3289187968613496e-06,5.755722623846174e-07,0.0,0.0,0.0,0.0,0.0,0.0,0.0,1.312435215465639e-06,9.821825460026545e-07
1987-07,0.0,0.0,0.0,1.8712853062021613e-07,0.0,0.0,4.4551874893193314e-05,6.207142508913855e-07,2.0054554528828212e-06,0.0,0.0,0.0,0.0,1.9224488877602615e-07,0.0,0.0,2.2771598730801647e-07,1.261937576995595e-07,6.245855798059363e-08,9.944826357479592e-08,0.0,0.0,0.0,1.695489680621845e-07,0.0,0.0,0.0,4.754663594395449e-08,1.749729583784415e-07,1.9087791070009768e-07,0.0,0.0,0.00012599157869400615,0.0,8.250089801078649e-05,0.0,0.0,0.0,0.0,1.0934099697362116e-07,0.0,1.7986265612673913e-07,0.0,1.822269702057358e-07,1.7031034549082335e-07,1.0031116661018275e-07,0.0,9.468384652170509e-08,5.225890441015735e-07,0.0,1.1669783720633445e-07,8.709038237528916e-08,0.0,3.419565172224498e-07,4.973037871413358e-07,1.0159187474777353e-06,2.628909359394735e-08,2.08595467216301e-06
1987-08,0.0,0.0,0.0,3.9718894304039754e-06,0.0,0.0,4.811140876609739e-05,7.03569276394922e-07,0.0,0.0,0.0,0.0,0.0,5.902068454952926e-06,0.0,0.0,5.894568388386402e-06,2.0905263044021516e-06,2.154895193068515e-06,1.8444962514469026e-06,0.0,0.0,0.0,6.067393697076013e-06,0.0,0.0,0.0,2.744992026381933e-06,5.412064264401357e-06,0.0,0.0,0.0,5.016834930831979e-06,0.0,3.3332929329430163e-06,0.0,0.0,0.0,0.0,0.0,0.0,2.100806425144604e-06,0.0,1.401662150596658e-06,3.1380902427465067e-06,0.0,0.0,4.044286938773727e-06,1.8936687884910513e-06,0.0,0.0,0.0,0.0,1.419385243003593e-05,0.0,0.0,4.831688278495932e-06,0.0
1987-09,0.0,0.0,0.0,1.5888241498458397e-06,0.0,0.0,6.108025774751423e-06,8.482758017066216e-06,0.0,0.0,0.0,0.0,0.0,1.9737636190738857e-06,0.0,0.0,3.9645172223726214e-08,1.3838803717646785e-06,0.0,0.0,0.0,0.0,0.0,2.9888805980411023e-06,0.0,0.0,0.0,1.2864911252079402e-06,1.625060204070536e-06,1.1593752103868441e-06,0.0,0.0,4.468923558699843e-06,0.0,3.2864781130779104e-06,0.0,0.0,0.0,0.0,2.6041419998245054e-06,0.0,3.5435631133267156e-06,0.0,0.0,3.5698089302337033e-06,2.6423829023295538e-06,0.0,4.68099791275067e-05,3.1863891383382278e-06,0.0,0.0,3.9128908591746635e-05,0.0,5.110905397713271e-06,0.0,2.7967620671717417e-08,1.0181979392385673e-06,0.0
1987-10,0.0,0.0,0.0,2.0137240727733514e-07,0.0,0.0,1.333403966122356e-06,0.0,0.0,0.0,0.0,0.0,0.0,1.6153657917816546e-06,0.0,0.0,0.0,0.0,0.0,0.0,0.0,0.0,0.0,8.909091683712498e-05,0.0,0.0,0.0,0.0,7.958770384006511e-07,0.0,0.0,0.0,0.0,0.0,0.0,0.0,0.0,0.0,0.0,0.0,0.0,0.0,0.0,0.0,0.0,0.0,0.0,0.0,0.0,0.0,0.0,3.9943059101207896e-05,0.0,0.0,0.0,0.0,0.0,0.0
1987-11,0.0,0.0,0.0,0.0,0.0,0.0,1.3916493547926103e-06,2.1689553597187273e-07,1.4740614717538465e-06,0.0,0.0,0.0,0.0,0.0,0.0,0.0,0.0,0.0,0.0,0.0,0.0,0.0,0.0,9.582336294885881e-05,0.0,0.0,0.0,0.0,0.0,0.0,0.0,0.0,0.0,0.0,0.0,0.0,0.0,0.0,0.0,4.623746611719083e-05,0.0,0.0,0.0,0.0,0.0,1.1389628869340716e-06,0.0,0.0,2.472994853289806e-06,0.0,0.0,4.02767872899701e-05,0.0,0.0,0.0,0.0,0.0,0.0
1987-12,0.0,0.0,0.0,0.0,0.0,0.0,8.725699564530974e-07,4.702547181376915e-06,5.265504759962049e-07,0.0,0.0,0.0,0.0,0.0,0.0,0.0,0.0,5.678438523886074e-06,0.0,0.0,0.0,0.0,0.0,0.0,0.0,0.0,0.0,2.5505461493738163e-05,0.0,5.946706700957763e-05,0.0,0.0,0.0,0.0,0.0,0.0,0.0,0.0,0.0,4.999681297019114e-05,0.0,0.0,0.0,0.0,0.0,6.37484576038367e-07,0.0,0.0,1.0176465302893464e-05,0.0,1.1692033365075343e-06,3.937683626750913e-05,0.0,1.8990446632649386e-06,0.0,8.154407092331624e-07,0.0,9.265597694298536e-07
1988-01,0.0,0.0,0.0,0.0,0.0,0.0,2.479430237826926e-06,4.879758659842775e-06,1.8532815834654583e-06,0.0,0.0,0.0,0.0,0.0,0.0,0.0,0.0,0.0,0.0,0.0,0.0,0.0,0.0,1.0972511178878459e-07,0.0,0.0,0.0,2.285672406109867e-07,0.0,6.658101167856951e-05,0.0,0.0,4.6015810503249877e-07,0.0,6.971036523142904e-08,0.0,0.0,0.0,0.0,0.0,0.0,0.0,0.0,9.555610647847614e-07,3.0242168884616686e-06,2.689832592007151e-06,0.0,2.3992909030277553e-06,0.0,0.0,0.0,0.0,0.0,0.0,2.47215302866817e-07,1.5708414754825577e-06,1.0933711318381403e-06,1.8096685983786562e-06
1988-02,0.0,0.0,0.0,1.7057206089149403e-06,0.0,0.0,1.0499638531850028e-06,5.410484603857152e-06,8.620568525370582e-07,0.0,0.0,0.0,0.0,1.8292933984735276e-06,0.0,0.0,2.58564309855365e-06,1.2222137760580024e-06,3.0789091514955817e-05,9.703485180595287e-07,0.0,0.0,0.0,9.193891427804344e-05,0.0,0.0,0.0,1.9714679979644605e-06,1.6663842160176481e-06,6.617279796685743e-05,0.0,0.0,2.5651852177575597e-06,0.0,1.7172386571064278e-06,0.0,0.0,0.0,0.0,4.6654368720251594e-05,1.4451185548202924e-05,7.081723407890608e-05,0.0,1.5341723185898632e-06,1.5228575813975645e-06,8.557506341774282e-07,0.0,2.726678781711369e-06,1.1361299557357575e-06,0.0,1.862669795638372e-06,3.722722971295092e-05,0.0,1.968806819104725e-06,1.4349808523437188e-06,5.299921318226291e-07,1.4657558678765962e-06,1.580895501634136e-06
1988-03,0.0,0.0,0.0,0.0,0.0,0.0,3.882437113063613e-06,9.099774547499745e-06,8.501925241370216e-07,0.0,0.0,0.0,0.0,0.0,0.0,0.0,0.0,0.0,3.0589987024587965e-05,0.0,0.0,0.0,0.0,8.970707451575793e-05,0.0,0.0,0.0,2.2679322739091316e-05,0.0,0.0,0.0,0.0,0.0,0.0,0.0,0.0,0.0,0.0,0.0,5.108189080944831e-05,2.9647226386461277e-05,0.0,0.0,0.0,7.904782781175204e-05,1.4007829774796525e-06,0.0,0.0,0.0,0.0,0.0,0.0,0.0,0.0,0.0,0.0,0.0,0.0
1988-04,0.0,0.0,0.0,4.408299103920988e-06,0.0,0.0,7.100041880002697e-06,9.860888911653043e-08,1.3081636683875963e-07,0.0,0.0,0.0,0.0,1.5671218283622654e-06,0.0,0.0,0.0,0.0,3.073173630878161e-05,1.924017512325432e-07,0.0,0.0,0.0,0.0,0.0,0.0,0.0,2.5104162152725372e-05,1.0088387058154597e-06,0.0,0.0,0.0,0.0,0.0,0.0,0.0,0.0,0.0,0.0,5.290976719800349e-05,3.0906231913661396e-05,0.0,0.0,0.0,9.205048737667351e-05,6.151194907201042e-07,0.0,0.0,0.0,0.0,0.0,0.0,0.0,0.0,0.0,0.0,6.919927526179053e-05,0.0
1988-05,0.0,0.0,0.0,3.1339185702737583e-07,0.0,0.0,0.0,0.0,0.0,0.0,0.0,0.0,0.0,1.043207136061007e-06,0.0,0.0,0.0,0.0,3.07917436985639e-05,2.5056160980143833e-07,0.0,0.0,0.0,0.0,0.0,0.0,0.0,0.0,8.249626974638976e-07,0.0,0.0,0.0,0.0,0.0,0.0,0.0,0.0,0.0,0.0,0.0,3.138404103159093e-05,6.509306357467021e-05,0.0,0.0,9.787686226101776e-05,4.9206654574807764e-05,0.0,0.0,0.0,0.0,0.0,0.0,0.0,0.0,0.0,0.0,0.0,0.0
1988-06,0.0,0.0,0.0,1.8146763625922977e-06,0.0,0.0,1.3038908801895482e-07,9.73288484992757e-07,4.9370258249517016e-05,0.0,0.0,0.0,0.0,1.044489397891417e-06,0.0,0.0,0.0,0.0,3.1216184856612386e-05,0.0,0.0,0.0,0.0,9.073967438639352e-05,0.0,0.0,0.0,0.0,1.1437992873332831e-06,0.0,0.0,0.0,4.687824540994826e-06,0.0,2.0917091949729515e-06,0.0,0.0,0.0,0.0,0.0,0.0,6.883661046658409e-05,0.0,4.6254188050458277e-07,0.0,0.0,0.0,1.268927231759122e-06,3.086603821914856e-06,0.0,0.0,4.477222525555789e-05,0.0,1.250732073740181e-05,0.0,0.0,7.615506616082196e-05,6.032535158940964e-07
1988-07,0.0,0.0,0.0,5.052825276143508e-07,0.0,0.0,8.664898656796163e-07,3.2064190177977794e-06,5.109572974967072e-07,0.0,0.0,0.0,0.0,8.187879003422252e-05,0.0,0.0,1.0164203235357994e-06,2.1789405337209885e-06,3.2597694285345545e-07,5.498702688532635e-07,0.0,0.0,0.0,1.7636011311177613e-05,0.0,0.0,0.0,3.7884289941753184e-06,7.260845636083071e-05,6.652832432526672e-07,0.0,0.0,0.00011905787981388717,0.0,7.646196673983224e-05,0.0,0.0,0.0,0.0,5.547101216494648e-07,2.63184129158394e-05,2.441379382433694e-05,0.0,7.319652310080818e-07,1.0169133118086775e-06,5.72763015295595e-07,0.0,9.630792651227564e-06,9.322433020882402e-06,0.0,2.947551105313036e-05,3.3849976470870776e-05,0.0,2.022917346784229e-05,7.876595740829786e-07,2.212408092220013e-05,1.9131360464825916e-06,4.817672833861003e-07
1988-08,0.0,0.0,0.0,4.0135046062391155e-06,0.0,0.0,3.206267240888329e-06,3.279260757617086e-07,7.410187081193578e-07,0.0,0.0,0.0,0.0,0.0,0.0,0.0,0.0,0.0,2.302669459992128e-07,2.3133683660941303e-06,0.0,0.0,0.0,0.0,0.0,0.0,0.0,6.350629173760211e-07,7.724357662555262e-07,0.0,0.0,0.0,0.0,0.0,0.0,0.0,0.0,0.0,0.0,0.0,2.913287289308278e-05,0.0,0.0,0.0,0.0,0.0,0.0,0.0,0.0,0.0,6.355061512595753e-07,0.0,0.0,0.0,3.159394466950086e-07,0.0,0.0,4.1404622413477365e-05
1988-09,0.0,0.0,0.0,2.617090321048385e-06,0.0,0.0,3.870705007578516e-06,2.177937084953757e-06,1.9579234790041006e-06,0.0,0.0,0.0,0.0,1.788161635998209e-06,0.0,0.0,2.6351496854537527e-07,0.0,2.7240569670050197e-05,1.6538027403640333e-06,0.0,0.0,0.0,0.0,0.0,0.0,0.0,1.5967491467898803e-06,2.3489206486057637e-06,1.40284086201517e-06,0.0,0.0,0.0,0.0,0.0,0.0,0.0,0.0,0.0,1.2689039027723969e-06,0.0,0.0,0.0,0.0,1.2952808073510639e-06,1.3846923882290112e-07,0.0,7.037698577970243e-07,0.0,0.0,7.813587075656739e-07,9.142009391105433e-07,0.0,0.0,1.6422780733887228e-07,0.0,0.0,0.0
1988-10,0.0,0.0,0.0,1.5708344173903863e-06,0.0,0.0,4.005616996084198e-06,6.02631739696019e-07,8.97333953397455e-07,0.0,0.0,0.0,0.0,2.3760729440988755e-06,0.0,0.0,4.209829839477895e-06,0.0,3.0545472390451896e-05,1.0919965161199572e-06,0.0,0.0,0.0,0.0,0.0,0.0,0.0,6.970166180471256e-07,2.290424573756167e-06,2.4006140567582256e-07,0.0,0.0,0.0,0.0,0.0,0.0,0.0,0.0,0.0,1.883384900862449e-06,3.5503628247516605e-07,1.0800639158689598e-06,0.0,1.7997736123728515e-06,2.888591090817162e-06,2.3447459901664233e-06,0.0,2.430290405448843e-06,0.0,0.0,1.1326010679037786e-06,2.0243843157660735e-06,0.0,0.0,1.722958126673474e-06,1.4943124104251222e-06,0.0,4.439964613147421e-05
1988-11,0.0,0.0,0.0,0.0,0.0,0.0,3.583489161140631e-06,0.0,0.0,0.0,0.0,0.0,0.0,0.0,0.0,0.0,0.0,0.0,3.0191995979251346e-05,0.0,0.0,0.0,0.0,9.081116225739469e-08,0.0,0.0,0.0,0.0,0.0,6.030190540117857e-05,0.0,0.0,0.0,0.0,0.0,0.0,0.0,0.0,0.0,5.342105644541686e-05,0.0,1.762073004943701e-07,0.0,3.302833412525269e-07,0.0,0.0,0.0,9.007105137330898e-07,0.0,0.0,1.844924380832013e-07,4.078920307550792e-05,0.0,0.0,4.806574819401568e-07,0.0,0.0,0.0
1988-12,0.0,0.0,0.0,0.0,0.0,0.0,7.514274596737813e-06,0.0,0.0,0.0,0.0,0.0,0.0,0.0,0.0,0.0,0.0,0.0,0.0,0.0,0.0,0.0,0.0,3.281707019576058e-07,0.0,0.0,0.0,0.0,0.0,0.0,0.0,0.0,0.0,0.0,0.0,0.0,0.0,0.0,0.0,0.0,1.2041474198879603e-06,8.76885623982037e-07,0.0,0.0,0.0,0.0,0.0,1.0516128381028618e-06,0.0,0.0,1.2136925588691685e-06,6.861918152901575e-07,0.0,0.0,0.0,0.0,0.0,4.672117146658676e-05
1989-01,0.0,0.0,0.0,9.985266812353088e-05,0.0,0.0,4.947570662489298e-06,6.57319290803629e-06,1.8173351799247764e-06,0.0,0.0,0.0,0.0,2.3280106432698246e-06,0.0,0.0,9.078910974212518e-05,1.3368183066749772e-06,3.615450450549868e-05,1.2276583379650825e-06,0.0,0.0,0.0,1.2681931446577623e-06,0.0,0.0,0.0,1.3965485949966363e-06,2.10080600577095e-06,1.5031691965079266e-06,0.0,0.0,2.9451196091021537e-06,0.0,1.9245889317782775e-06,0.0,0.0,0.0,0.0,3.3101976267121135e-06,2.6494279612447185e-06,8.251452380425989e-07,0.0,1.8747310287858464e-06,2.001162913237514e-06,1.0805016771011956e-06,0.0,9.440212073577106e-07,2.2625540666256043e-06,0.0,1.083675565495915e-06,9.024612779791088e-07,0.0,1.2339797154916518e-06,1.7931826188037139e-06,2.7955996260506352e-05,2.2594094155127394e-06,4.605919387471298e-05
1989-02,0.0,0.0,0.0,9.799079468993558e-05,0.0,0.0,5.276253788501668e-07,4.074227843459039e-06,4.693031259483526e-05,0.0,0.0,0.0,0.0,8.294456187737456e-07,0.0,0.0,4.007094770608941e-06,7.4020896580846535e-06,3.3458162130288237e-06,5.296984280845655e-05,0.0,0.0,0.0,1.5559113986534402e-06,0.0,0.0,0.0,3.881349534892113e-07,5.903784013134434e-07,0.0,0.0,0.0,0.00013021947444874689,0.0,1.8045494775591407e-06,0.0,0.0,0.0,0.0,0.0,0.0,9.222362436572957e-07,0.0,1.96290377526942e-06,2.5485743435206612e-06,3.1887788532717376e-06,0.0,3.995531046617184e-05,3.3762953162627676e-07,0.0,6.472620225239298e-07,0.0,0.0,1.177259011113669e-06,3.410764655729072e-06,1.1235914193330216e-06,0.0,4.3299350844874854e-05
1989-03,0.0,0.0,0.0,0.0,0.0,0.0,0.0,0.0,0.0,0.0,0.0,0.0,0.0,0.0,0.0,0.0,0.0,5.5973324647184965e-08,3.426248300658703e-05,0.0,0.0,0.0,0.0,1.0401961045023237e-07,0.0,0.0,0.0,0.0,0.0,0.0,0.0,0.0,0.0,0.0,9.020886078171196e-05,0.0,0.0,0.0,0.0,0.0,6.665223157102836e-08,1.0095101522922256e-07,0.0,5.221637819315117e-07,4.475518273660481e-07,9.301293391588208e-08,0.0,4.699128120182886e-05,4.941031285062222e-07,0.0,4.928554720820735e-07,0.0,0.0,1.2772230711642977e-07,0.0,0.0,0.0,0.0
1989-04,0.0,0.0,0.0,0.00010425632175910996,0.0,0.0,4.1504852581513914e-07,4.521409247910752e-06,0.0,0.0,0.0,0.0,0.0,3.609575527922862e-06,0.0,0.0,2.060455360147373e-06,1.956764656185564e-07,0.0,6.017153466488234e-07,0.0,0.0,0.0,1.4596011190581987e-06,0.0,0.0,0.0,1.1651461441134805e-07,2.754087388614393e-06,0.0,0.0,0.0,4.299609830904424e-06,0.0,0.0001030185640862375,0.0,0.0,0.0,0.0,3.858704803030171e-06,0.0,1.143960582222655e-06,0.0,3.6273839432012996e-06,2.117273246296271e-06,1.80430641371606e-06,0.0,4.531535336546855e-05,1.6879387079216657e-06,0.0,1.3464272750114414e-06,6.463065213298258e-09,0.0,1.6995751902419143e-06,3.130829757787543e-06,0.0,2.5194919176816307e-06,0.0
1989-05,0.0,0.0,0.0,0.0,0.0,0.0,2.9181095110328746e-06,3.5415717914223653e-06,0.0,0.0,0.0,0.0,0.0,2.631176193304212e-06,0.0,0.0,1.7273272257103332e-06,1.8696042573108293e-06,3.664276952907468e-05,1.693021451174094e-06,0.0,0.0,0.0,8.928671200928856e-07,0.0,0.0,0.0,1.3323309125362007e-06,2.2982425766405955e-06,0.0,0.0,0.0,0.0001520217507401915,0.0,0.0,0.0,0.0,0.0,0.0,0.0,0.0,3.4162872754757086e-07,0.0,8.322480210770763e-05,2.0837661281312497e-06,1.276866687411088e-06,0.0,0.0,8.301225020764559e-07,0.0,4.973826390337315e-07,1.9983463997274783e-07,0.0,8.997771568194091e-07,1.5630012544044017e-06,0.0,5.633937504111106e-07,0.0
1989-06,0.0,0.0,0.0,0.0,0.0,0.0,2.2136439390969545e-06,6.144391366804391e-07,0.0,0.0,0.0,0.0,0.0,3.948746874925823e-06,0.0,0.0,2.363047991436308e-06,3.978144014134197e-07,0.0,8.550817229231421e-07,0.0,0.0,0.0,3.648882235386633e-06,0.0,0.0,0.0,1.6537605487978307e-06,2.86207713427878e-06,0.0,0.0,0.0,0.0,0.0,0.0,0.0,0.0,0.0,0.0,0.0,0.0,9.74201738149487e-07,0.0,8.942181824595337e-05,2.2366850101977544e-06,2.2129339301874692e-06,0.0,3.762527513835566e-07,4.535023889785216e-05,0.0,1.222587694971052e-06,3.635896792494062e-05,0.0,4.994313779593601e-05,2.879291700393617e-06,0.0,6.922482035367283e-06,1.6149239887490106e-07
1989-07,0.0,0.0,0.0,2.139705760567351e-06,0.0,0.0,0.0,1.6099248825580948e-06,0.0,0.0,0.0,0.0,0.0,2.1815832123012054e-06,0.0,0.0,2.879315435384784e-06,0.0,3.418379513037265e-05,1.1339479423507596e-06,0.0,0.0,0.0,6.31054507819934e-05,0.0,0.0,0.0,2.253856850881385e-06,2.541259414171701e-06,0.0,0.0,0.0,0.0,0.0,0.0,0.0,0.0,0.0,0.0,0.0,4.143133788293181e-07,3.561216796630526e-05,0.0,0.0,0.0,8.487267203149338e-07,0.0,1.1878165606649325e-06,0.0,0.0,1.8656453821047025e-05,0.0,0.0,0.0,1.6092035407803337e-06,0.0,0.0,3.3576922677575063e-06
1989-08,0.0,0.0,0.0,0.00010283325470860227,0.0,0.0,0.0,2.217841044399038e-07,0.0,0.0,0.0,0.0,0.0,0.0,0.0,0.0,0.0,0.0,2.1486067950716796e-06,0.0,0.0,0.0,0.0,0.0,0.0,0.0,0.0,0.0,3.199215353005408e-07,0.0,0.0,0.0,0.0,0.0,0.0,0.0,0.0,0.0,0.0,0.0,2.016915181635586e-06,7.695597298703304e-07,0.0,0.0,1.7593275829979119e-06,2.0143830650282484e-07,0.0,2.5622325187258795e-06,1.8209482566921772e-07,0.0,8.395942682886248e-07,0.0,0.0,1.316306853175544e-06,0.0,5.91095436663757e-07,1.9472546020361732e-06,1.2136871995485737e-06
1989-09,0.0,0.0,0.0,9.902405082947865e-05,0.0,0.0,1.9229060858227745e-06,1.255283342546737e-06,0.0,0.0,0.0,0.0,0.0,7.837867039527033e-07,0.0,0.0,8.247640040400795e-07,0.0,0.0,4.493329594858861e-06,0.0,0.0,0.0,0.0,0.0,0.0,0.0,0.0,1.748843266002595e-06,0.0,0.0,0.0,0.0,0.0,0.0,0.0,0.0,0.0,0.0,4.292036143951374e-06,5.177806704514718e-06,0.0,0.0,0.0,2.9917479628843445e-06,1.2155482776407302e-06,0.0,1.9440028266037408e-06,0.0,0.0,0.0,4.595757661321691e-06,0.0,0.0,4.994304491660537e-07,4.686772878943795e-06,7.768474803925761e-05,5.542380563182668e-05
1989-10,0.0,0.0,0.0,0.0001023956104331684,0.0,0.0,2.1402432200144893e-06,0.0,2.1148649681345527e-06,0.0,0.0,0.0,0.0,0.0,0.0,0.0,0.0,0.0,4.876502512599773e-07,0.0,0.0,0.0,0.0,0.0,0.0,0.0,0.0,0.0,0.0,0.0,0.0,0.0,4.781861133106302e-07,0.0,1.4224982968764761e-06,0.0,0.0,0.0,0.0,0.0,0.0,0.0,0.0,0.0,3.062576374469092e-06,0.0,0.0,0.0,0.0,0.0,0.0,4.8959591522943003e-05,0.0,6.417070370984199e-07,1.737377528579262e-06,0.0,0.0,0.0
1989-11,0.0,0.0,0.0,9.892345369995056e-05,0.0,0.0,1.7403402789775737e-06,0.0,0.0,0.0,0.0,0.0,0.0,0.0,0.0,0.0,0.0,5.9616745857582164e-05,1.4359278358425584e-06,5.003145984525185e-07,0.0,0.0,0.0,0.0,0.0,0.0,0.0,0.0,0.0,4.075175516579655e-09,0.0,0.0,0.0,0.0,0.0,0.0,0.0,0.0,0.0,0.0,0.0,0.0,0.0,9.312600871535158e-05,3.5068211041199004e-07,1.853819508728441e-07,0.0,1.4966393731684e-07,0.0,0.0,3.7558349659516654e-11,5.041725360046485e-05,0.0,3.8524765310955084e-07,9.402614116740329e-07,0.0,0.0,0.0
1989-12,0.0,0.0,0.0,0.0,0.0,0.0,7.614723954798703e-07,0.0,2.2396514341863487e-06,0.0,0.0,0.0,0.0,0.0,0.0,0.0,0.0,6.426385252568406e-05,0.0,0.0,0.0,0.0,0.0,0.0,0.0,0.0,0.0,0.0,0.0,0.0,0.0,0.0,0.0,0.0,0.0,0.0,0.0,0.0,0.0,0.0,0.0,0.0,0.0,9.642989473429327e-05,0.0,0.0,0.0,0.0,0.0,0.0,0.0,0.0,0.0,0.0,0.0,0.0,0.0,2.4933871032390213e-06
1990-01,0.0,0.0,0.0,0.0,0.0,0.0,1.3741040895406779e-06,0.0,2.8174739531008837e-06,0.0,0.0,0.0,0.0,0.00010787356177239191,0.0,0.0,1.195509254007056e-06,8.193488371090427e-06,6.166214190514441e-09,1.0366392509490174e-06,0.0,0.0,0.0,4.816001587954616e-07,0.0,0.0,0.0,0.0,0.0,0.0,0.0,0.0,0.0,0.0,0.0,0.0,0.0,0.0,0.0,1.214781947636613e-06,0.0,0.0,0.0,0.0,0.0,0.0,0.0,1.1179089479945656e-06,0.0,0.0,3.5379665518357575e-07,0.0,0.0,5.02914672166295e-07,1.6425764288525435e-06,0.0,0.0,0.0
1990-02,0.0,0.0,0.0,0.00010187375477170802,0.0,0.0,0.0,1.0925270748696204e-07,6.006197659540399e-07,0.0,0.0,0.0,0.0,0.0,0.0,0.0,0.0,1.0619387039652685e-05,0.0,7.943210514744317e-05,0.0,0.0,0.0,5.846642591946088e-07,0.0,0.0,0.0,0.0,9.652188637857665e-05,2.7913070869651813e-06,0.0,0.0,0.0,0.0,0.0,0.0,0.0,0.0,0.0,0.0,5.3213778085568074e-08,0.0,0.0,0.00010478724974699198,0.0,0.0,0.0,0.0,6.264101564154752e-07,0.0,8.00510482146093e-07,0.0,1.578226716733737e-05,1.2461043162576706e-07,5.970773460464749e-06,6.940624400894532e-07,0.0,0.0
1990-03,0.0,0.0,0.0,0.0,0.0,0.0,6.073951257596598e-07,0.0,0.0,0.0,0.0,0.0,0.0,0.0,0.0,0.0,0.0,3.8116236259865335e-07,3.058536366906013e-07,0.0,0.0,0.0,0.0,0.0,0.0,0.0,0.0,0.0,0.0,0.0,0.0,0.0,0.0,0.0,0.0,0.0,0.0,0.0,0.0,5.5526383968706395e-05,0.0,0.0,0.0,0.0,0.0,0.0,0.0,0.0,2.0405072925105615e-07,0.0,0.0,0.0,0.0,0.0,0.0,0.0,0.0,3.546651357697328e-07
1990-04,0.0,0.0,0.0,0.0,0.0,0.0,4.452165936099098e-06,0.0,0.0,0.0,0.0,0.0,0.0,0.0,0.0,0.0,2.6099604248326774e-06,4.8260270821298e-07,0.0,0.0,0.0,0.0,0.0,1.408553270492302e-07,0.0,0.0,0.0,0.0,0.0,0.0,0.0,0.0,0.0,0.0,0.0,0.0,0.0,0.0,0.0,0.0,0.0,0.0,0.0,0.00011548621461798892,0.0,2.0552405337008336e-06,0.0,0.0,0.0,0.0,0.0,6.70470926519947e-07,0.0,0.0,0.0,0.0,0.0,0.0
1990-05,0.0,0.0,0.0,0.0,0.0,0.0,5.756344825835702e-05,5.308439817512001e-06,0.0,0.0,0.0,0.0,0.0,0.0,0.0,0.0,1.9449151654415964e-08,0.0,0.0,0.0,0.0,0.0,0.0,0.0,0.0,0.0,0.0,5.986871375175326e-08,0.0,0.0,0.0,0.0,0.00015828851557660626,0.0,0.00010990057285888216,0.0,0.0,0.0,0.0,1.0560244346278293e-06,5.024357241549287e-05,3.874121394368749e-05,0.0,0.0,0.0,1.0022995955857931e-05,0.0,1.006437013373867e-06,0.0,0.0,0.0,4.64126270724341e-07,3.04031352619881e-05,0.0,3.0153940439072576e-07,4.830883217846298e-07,0.0,4.205815570611824e-06
1990-06,0.0,0.0,0.0,0.0,0.0,0.0,8.5345935257157e-08,1.4899645540106532e-06,0.0,0.0,0.0,0.0,0.0,0.0,0.0,0.0,0.0,1.7700177365214883e-07,0.0,0.0,0.0,0.0,0.0,3.92482376990088e-07,0.0,0.0,0.0,0.0,0.0,0.0,0.0,0.0,0.0,0.0,0.00011834612071986051,0.0,0.0,0.0,0.0,3.968198482223045e-08,5.2596816502108e-05,0.0,0.0,0.0,0.0,0.0,0.0,0.0,0.0,0.0,2.645669927870877e-07,0.0,0.0,0.0,2.9894787761720886e-07,1.6423581796243363e-06,0.0,0.0
1990-07,0.0,0.0,0.0,0.0,0.0,0.0,4.771771390035174e-05,0.0,0.0,0.0,0.0,0.0,0.0,0.0,0.0,0.0,0.0,0.0,1.5597201632741656e-06,0.0,0.0,0.0,0.0,1.5489603329021905e-06,0.0,0.0,0.0,2.995741832311147e-05,0.0,0.0,0.0,0.0,0.0,0.0,0.00011513637753121361,0.0,0.0,0.0,0.0,6.854996170175855e-07,0.0,0.0,0.0,0.0,7.455046482109651e-07,1.5862322812247935e-06,0.0,5.182988938749222e-05,0.0,0.0,5.233844525630218e-07,0.0,0.0,0.0,5.488464614930161e-07,4.393480228448014e-05,0.0,0.0
1990-08,0.0,0.0,0.0,4.374567982313865e-07,0.0,0.0,0.0,4.111069928217886e-06,0.0,0.0,0.0,0.0,0.0,0.0,0.0,0.0,0.0,0.0,3.85714306615935e-05,2.2637268499430123e-06,0.0,0.0,0.0,3.1458160174541693e-06,0.0,0.0,0.0,1.2870607157746962e-06,0.0,6.656689278501668e-05,0.0,0.0,0.0,0.0,0.0,0.0,0.0,0.0,0.0,2.5922568448786403e-06,9.41847803121676e-07,8.830694855448685e-07,0.0,0.0,9.197401105701663e-07,7.994318866941005e-06,0.0,0.0,1.6324808891620379e-06,0.0,1.3635137139299e-06,2.569590892011548e-06,1.2153536917053932e-06,7.099374133461151e-07,0.0,4.909228045198484e-05,1.0398814246723349e-06,0.0
1990-09,0.0,0.0,0.0,0.0,0.0,0.0,4.6290568140157864e-05,7.0965503734084505e-06,2.428213025182119e-06,0.0,0.0,0.0,0.0,0.0,0.0,0.0,1.3457986720624148e-06,4.913666609764992e-07,0.0,1.1881840832487841e-05,0.0,0.0,0.0,2.9327579027099323e-06,0.0,0.0,0.0,1.6591546543673446e-06,0.0,4.0310891542114785e-07,0.0,0.0,0.0,0.0,1.2956432127358558e-06,0.0,0.0,0.0,0.0,3.2205523799996825e-06,1.6488786424172737e-05,3.377245071916876e-05,0.0,4.6915481984347726e-07,9.149986821574766e-07,5.723012106368733e-06,0.0,9.650059127179408e-07,1.1674365366527787e-06,0.0,1.8945169382400522e-06,1.8550835698308913e-06,2.3036135010623823e-06,1.1570901759878316e-06,8.464485584696452e-07,7.460714384663454e-06,3.3759814937501485e-06,0.0
1990-10,0.0,0.0,0.0,0.0,0.0,0.0,0.0,1.9249257024731016e-06,1.8203475307397022e-06,0.0,0.0,0.0,0.0,0.0,0.0,0.0,0.0,1.51475022455589e-06,5.374610135951869e-07,0.00010492752588168949,0.0,0.0,0.0,9.794584930495031e-07,0.0,0.0,0.0,1.7414175826742547e-07,0.0,1.8978080805151059e-06,0.0,0.0,3.0815908007878617e-06,0.0,2.96291635248748e-06,0.0,0.0,0.0,0.0,2.4340330106091823e-06,4.59478076037868e-06,0.0,0.0,5.316052857979384e-07,8.67041651555212e-05,1.3668795528397408e-06,0.0,1.0292420452215622e-06,6.496259851024381e-07,0.0,0.0,2.5130143155852014e-06,4.548837384191928e-06,4.302337206971291e-07,0.0,1.4187699786255264e-05,5.569203082407722e-07,0.0
1990-11,0.0,0.0,0.0,6.093897907078344e-07,0.0,0.0,0.0,0.0,0.0,0.0,0.0,0.0,0.0,0.0,0.0,0.0,8.808308167143661e-05,1.1390611195930234e-06,0.0,0.0,0.0,0.0,0.0,0.0,0.0,0.0,0.0,3.492096048995606e-07,0.0,6.0468144728304915e-06,0.0,0.0,8.652469188586559e-07,0.0,2.2212688277582771e-07,0.0,0.0,0.0,0.0,5.493150817390061e-07,0.0,0.0,0.0,4.287718476690586e-06,8.363410639099116e-05,8.114768012640259e-07,0.0,4.698883545041395e-07,0.0,0.0,0.0,0.0,0.0,0.0,2.991451526082947e-07,0.0,1.8001899238839075e-07,0.0
1990-12,0.0,0.0,0.0,0.0,0.0,0.0,0.0,0.0,0.0,0.0,0.0,0.0,0.0,0.0,0.0,0.0,0.0,1.6674809035372129e-06,3.4540277423532536e-05,2.981275684670326e-07,0.0,0.0,0.0,8.691539707971936e-07,0.0,0.0,0.0,0.0,0.0,1.1241956577463171e-06,0.0,0.0,0.0,0.0,0.0,0.0,0.0,0.0,0.0,2.3140660224864745e-06,0.0,0.0,0.0,5.572799958368652e-07,0.0,1.174301798456963e-06,0.0,8.649500633227426e-07,2.6687139535678425e-06,0.0,5.124397022703026e-07,4.5147109880928907e-07,0.0,1.5242555550689618e-06,1.0882048815791385e-06,0.0,2.008293412922309e-06,0.0
1991-01,0.0,0.0,0.0,0.0,0.0,0.0,0.0,0.0,0.0,0.0,0.0,0.0,0.0,0.0,0.0,0.0,0.0,3.9872789890348625e-05,0.0,1.2335760412374137e-05,0.0,0.0,0.0,0.0,0.0,0.0,0.0,8.995618827602192e-08,0.0,0.0,0.0,0.0,0.0,0.0,0.0,0.0,0.0,0.0,0.0,7.923794295044452e-07,0.0,0.0,0.0,0.0,0.0,0.0,0.0,6.670207064722774e-07,3.446244470707398e-07,0.0,4.992517967169035e-07,0.0,0.0,6.107231023404214e-08,0.0,0.0,0.0,0.0
1991-02,5.330296159509376e-05,0.0,0.0,0.0,0.0,0.0,8.701548134736719e-07,0.0,0.0,0.0,0.0,0.0,0.0,0.0,0.0,0.0,7.750393531154518e-07,0.0,0.0,0.0,0.0,0.0,0.0,0.0,0.0,0.0,0.0,1.2016059902436645e-06,0.0,8.112710254125066e-05,0.0,0.0,0.0001677576040286119,0.0,0.00011379865480044741,0.0,0.0,0.0,0.0,3.17348748598914e-08,1.3948871487235742e-06,0.0,0.0,3.476587717373553e-07,0.0,1.6661212301887843e-06,0.0,1.146240050061663e-07,1.7480126758809869e-06,0.0,4.09355366009629e-07,2.659948902949023e-06,0.0,9.975289561499623e-07,0.0,1.8935038903034295e-06,7.72153917797079e-08,2.746277483975032e-07
1991-03,7.031385840493981e-07,0.0,0.0,6.354329903886444e-07,0.0,0.0,3.874842948207828e-05,1.8070395836052854e-06,5.097369234819654e-06,0.0,0.0,0.0,0.0,6.36849030766537e-07,0.0,0.0,5.466402012144558e-07,2.4518625180016544e-07,1.2287114605421916e-06,2.7716871157287825e-06,0.0,0.0,0.0,3.375948417084114e-07,0.0,0.0,0.0,1.8160619504515274e-07,5.99642114515228e-07,3.429626745424429e-06,0.0,0.0,1.1682055553437349e-06,0.0,7.799349525741822e-07,0.0,0.0,0.0,0.0,3.4864058557389567e-07,1.7681033960050516e-07,2.293833528858244e-07,0.0,7.708586506450164e-07,5.083239547888502e-07,4.4735447882938987e-07,0.0,4.164999991415504e-05,2.953343296670831e-07,0.0,1.106301164320589e-07,3.3647813351431534e-07,8.500867588759828e-07,2.8045468242609076e-07,7.907809196786922e-07,1.4574458687542646e-07,3.6974185673836755e-07,3.499515262550223e-06
1991-04,1.836148024738117e-06,0.0,0.0,1.533385597395201e-06,0.0,0.0,6.760645821426194e-07,4.743224976080318e-06,1.19507729996398e-06,0.0,0.0,0.0,0.0,1.5045425970742765e-06,0.0,0.0,1.359262517648556e-06,6.728938306453207e-07,1.4878970200970996e-06,3.5355481372762245e-06,0.0,0.0,0.0,9.279714734968525e-07,0.0,0.0,0.0,4.858513616549342e-07,1.4424484097002935e-06,2.5302308527025906e-06,0.0,0.0,3.0826360607319193e-06,0.0,2.05672938397284e-06,0.0,0.0,0.0,0.0,9.55340440906175e-07,5.096910839600208e-07,7.18878565095657e-07,0.0,2.01568448722534e-06,1.2961055837600183e-06,1.2102540345274582e-06,0.0,7.126370127434785e-07,7.628385243688037e-07,0.0,3.143838782891789e-07,8.5777645361277e-07,4.084641151790558e-05,7.233736995031319e-07,2.1160306645392966e-06,4.000490834338167e-07,1.0381171684314336e-06,2.1522282647457278e-06
1991-05,0.0,0.0,0.0,0.0,0.0,0.0,1.313480056119469e-06,0.0,1.1625608140332366e-06,0.0,0.0,0.0,0.0,8.715898263572369e-05,0.0,0.0,0.0,0.0,0.0,0.0,0.0,0.0,0.0,0.0,0.0,0.0,0.0,1.4655928096313255e-06,1.3612620695697964e-07,0.0,0.0,0.0,0.0,0.0,0.0,0.0,0.0,0.0,0.0,1.9341757614666986e-07,0.0,0.0,0.0,0.0,8.738547619989018e-07,4.6947097272188877e-07,0.0,1.0143234516443827e-06,0.0,0.0,0.0,4.525229854394491e-07,4.002885172752632e-05,9.70284744825252e-08,0.0,0.0,0.0,0.0
1991-06,1.7895831857274724e-06,0.0,0.0,9.197672096034476e-07,0.0,0.0,1.8072569173918952e-06,3.5796879058758726e-06,0.0,0.0,0.0,0.0,0.0,3.976444026797116e-07,0.0,0.0,3.4091944952673176e-06,0.0,1.3578966426736617e-06,7.303812812824775e-05,0.0,0.0,0.0,3.0202683990078888e-06,0.0,0.0,0.0,8.631495341334342e-07,9.08920031224636e-05,0.0,0.0,0.0,2.3111766911941834e-06,0.0,1.365941745870597e-06,0.0,0.0,0.0,0.0,0.0,0.0,5.955871745949616e-07,0.0,4.212253344579669e-06,2.8546793654626244e-06,1.9804182691873855e-06,0.0,2.8002553545639005e-06,4.962242231954107e-06,0.0,5.327141836410643e-07,7.2852770636256845e-06,4.9870128280222194e-05,3.77230183676577e-06,3.637474662439626e-06,0.0,4.084422838039975e-06,1.6462250904467347e-06
1991-07,3.800322278889323e-08,0.0,0.0,9.171201890019394e-05,0.0,0.0,2.4460394122814735e-06,3.2708837831207374e-06,0.0,0.0,0.0,0.0,0.0,2.644313942862124e-06,0.0,0.0,1.732129802309003e-06,8.376560171226011e-07,7.509054453702993e-07,0.0,0.0,0.0,0.0,2.2082704425741364e-05,0.0,0.0,0.0,0.0,0.0,0.0,0.0,0.0,4.286835366071704e-06,0.0,3.1278052204329404e-06,0.0,0.0,0.0,0.0,0.0,0.0,1.4642057809625943e-05,0.0,2.4887832730277822e-06,1.3221178732032712e-07,0.0,0.0,7.936352852032432e-06,8.004318460820607e-06,0.0,1.1481649568772933e-05,1.0619859919230313e-06,0.0,8.483231245088423e-06,5.19785080758306e-06,6.653098751777873e-07,4.5782666433017395e-06,4.824663156408906e-06
1991-08,0.0,0.0,0.0,1.0518376059731466e-06,0.0,0.0,6.189587106462079e-07,0.0,0.0,0.0,0.0,0.0,0.0,0.0,0.0,0.0,0.0,0.0,1.8870409308958948e-08,6.602379877001446e-05,0.0,0.0,0.0,0.0,0.0,0.0,0.0,3.9816131541521456e-05,0.0,0.0,0.0,0.0,0.0,0.0,0.0,0.0,0.0,0.0,0.0,0.0,0.0,0.0,0.0,0.00014432470753760702,0.0,0.0,0.0,0.0,0.0,0.0,0.0,1.3440855724897172e-08,8.118756726988758e-07,0.0,0.0,0.0,0.0,0.0
1991-09,0.0,0.0,0.0,0.0,0.0,0.0,0.0,5.5193981003325845e-06,2.628878481936065e-06,0.0,0.0,0.0,0.0,0.0,0.0,0.0,0.0,0.0,0.0,0.0,0.0,0.0,0.0,0.0,0.0,0.0,0.0,4.158616625315921e-07,0.0,0.0,0.0,0.0,0.0,0.0,0.0,0.0,0.0,0.0,0.0,1.6328641577561082e-06,0.0,0.0,0.0,0.0,1.2978542033412476e-06,0.0,0.0,0.0,0.0,0.0,0.0,2.7308468878645273e-06,2.79155166374296e-07,3.43930864937686e-06,1.2219144710581554e-06,0.0,0.0,0.0
1991-10,0.0,0.0,0.0,2.471906926341111e-06,0.0,0.0,1.7645811087952378e-06,0.0,2.2913177236125183e-07,0.0,0.0,0.0,0.0,0.0,0.0,0.0,0.0,0.0,6.26650593446302e-07,6.532465864771322e-05,0.0,0.0,0.0,0.00010952864351683492,0.0,0.0,0.0,0.0,0.0,0.0,0.0,0.0,0.0,0.0,0.0,0.0,0.0,0.0,0.0,0.0,3.250616108111085e-05,0.0,0.0,0.00015171306002108304,1.265499362291804e-06,0.0,0.0,0.0,0.0,0.0,0.0,0.0,0.0,1.153730263400779e-07,0.0,2.8634737796550207e-05,0.0,0.0
1991-11,0.0,0.0,0.0,9.417162731789609e-08,0.0,0.0,0.0,0.0,6.842550521452748e-05,0.0,0.0,0.0,0.0,0.0,0.0,0.0,0.0,4.8098618694033816e-05,2.028453421893707e-07,0.0,0.0,0.0,0.0,6.754365132806465e-06,0.0,0.0,0.0,0.0,0.0,0.0,0.0,0.0,0.0,0.0,0.0,0.0,0.0,0.0,0.0,0.0,0.0,0.0,0.0,0.00014597166515515795,0.0,0.0,0.0,0.0,0.0,0.0,0.0,0.0,0.0,1.1726552971699014e-06,0.0,0.0,8.277381139629949e-05,0.0
1991-12,1.4723591750734135e-06,0.0,0.0,0.0,0.0,0.0,0.0,1.822597746097557e-05,0.0,0.0,0.0,0.0,0.0,0.0,0.0,0.0,0.0,0.0,4.5578458155950615e-07,0.0,0.0,0.0,0.0,0.0,0.0,0.0,0.0,0.0,0.0,0.0,0.0,0.0,0.0,0.0,0.0,0.0,0.0,0.0,0.0,0.0,3.186383654933092e-05,0.0,0.0,0.0,0.0,0.0,0.0,1.0154648940083263e-06,0.0,0.0,8.200999900296879e-07,1.6747286569738368e-06,0.0,1.2622335621550324e-06,0.0,0.0,0.0,0.0
1992-01,3.1081359704407326e-06,0.0,0.0,0.00010530875443152721,0.0,0.0,0.0,0.0,0.0,0.0,0.0,0.0,0.0,0.00010462345151872065,0.0,0.0,0.0,5.134905286098262e-07,4.9604586997690945e-06,0.0,0.0,0.0,0.0,8.223448478925464e-06,0.0,0.0,0.0,0.0,5.89139007641383e-07,8.179166056376739e-07,0.0,0.0,0.0,0.0,0.0,0.0,0.0,0.0,0.0,5.040520114419737e-07,1.8472798058889046e-07,0.0,0.0,0.0,2.5394400290165223e-06,0.0,0.0,2.115335172674086e-06,7.989126545063746e-05,0.0,1.8737113534626032e-06,7.530505592649236e-06,1.1724751852702429e-07,2.8995318421255536e-06,0.00012621120891229742,6.492535213962775e-07,1.0380922150836427e-06,6.88459387406231e-07
1992-02,0.00012249622677968248,0.0,0.0,9.312701755131337e-05,0.0,0.0,5.184551719560233e-07,4.056648493795723e-06,7.211707610920437e-07,0.0,0.0,0.0,0.00012433667752925968,9.152463082321902e-05,0.0,0.0,1.2156277396471876e-06,2.8850722150120836e-07,1.4804299273656756e-07,6.124116036874492e-06,0.0,0.0,0.0,1.3741158463384356e-05,0.0,0.0,0.0,3.7687520934632203e-07,1.82430963381814e-06,2.96669424878062e-06,0.0,0.0,7.998302929118586e-06,0.0,3.725963888692119e-06,0.0,0.0,0.0,0.0,5.3145742750907085e-05,3.516776314770216e-07,8.298010544237136e-07,0.0,4.664140090378903e-06,1.0829109862263362e-06,7.158990514210842e-05,2.2964616967891024e-05,7.585727868714767e-07,1.1420467472336438e-06,0.0,4.793890332744034e-05,1.0211013478802836e-06,5.001436906155494e-05,9.865260937391638e-07,6.270709901932042e-06,2.5944034520384924e-05,8.872625014358044e-06,6.448345193297184e-05
1992-03,9.897769437723456e-06,0.0,0.0,1.4089897989901652e-07,0.0,0.0,2.1133995002270423e-07,0.0003336736521794669,9.684908991599433e-08,0.0,0.0,0.0,3.958772514769116e-07,1.4103717149492602e-07,0.0,0.0,1.5370110617386746e-07,2.0367349852223187e-07,1.2605442333567217e-06,9.634570768659798e-08,0.0,0.0,0.0,1.2486070198599457e-07,0.0,0.0,0.0,2.6777951337483496e-07,1.611360234069978e-07,1.3076895591664777e-07,0.0,0.0,3.0613118691098787e-07,0.0,2.1243764329038906e-07,0.0,0.0,0.0,0.0,5.061017446420164e-05,4.519798514006183e-08,1.0857372430857909e-07,0.0,1.9223715422791998e-07,1.3890898331522795e-07,1.0323769551767725e-07,4.740805449574764e-05,1.0118150802280319e-07,1.388712519071883e-07,0.0,7.048789228242606e-08,1.3356920365868026e-07,7.252338053759591e-08,1.299304901797166e-07,1.9696299548625784e-07,4.087035335316111e-08,9.65941747586123e-08,1.0058848142411453e-07
1992-04,0.00015558518725036882,0.0,0.0,8.946867257627961e-05,0.0,0.0,1.30152298742231e-06,0.0003361367975228703,4.6241107932810945e-07,0.0,0.0,0.0,1.7970547066676197e-06,9.064971835724427e-05,0.0,0.0,6.881821981554806e-07,1.4792305833577838e-07,1.2135087339806838e-07,4.4570134495900904e-07,0.0,0.0,0.0,5.494335888526283e-07,0.0,0.0,0.0,2.438900952773382e-07,7.326623864162274e-07,5.852099714374337e-07,0.0,0.0,1.3831419615653456e-06,0.0,9.576350787025845e-07,0.0,0.0,0.0,0.0,3.959563759747091e-07,2.0458186482189521e-07,4.805142936809282e-07,0.0,1.319653828340331e-06,6.170199749505681e-07,4.738119614486197e-07,4.5901788584344986e-05,4.593084277626225e-07,6.427705386458371e-07,0.0,4.362435134749153e-05,6.217079853771193e-07,3.192420307810244e-07,5.94147957446306e-07,1.4382165160073192e-06,1.9275900623329927e-07,4.192317160102849e-07,4.7142724460850353e-07
1992-05,0.0,0.0,0.0,0.0,0.0,0.0,2.67772371590147e-06,0.0003284940629266675,0.0,0.0,0.0,0.0,0.0,0.0,0.0,0.0,0.0,1.9034483852707271e-06,2.7175442943491133e-06,0.0,0.0,0.0,0.0,0.0,0.0,0.0,0.0,0.0,0.0,0.0,0.0,0.0,0.0,0.0,0.0,0.0,0.0,0.0,0.0,3.868005914527198e-07,0.0,0.0,0.0,0.0,9.590179396685648e-07,6.357767696182655e-05,0.0,0.0,0.0,0.0,4.225835787141606e-07,0.0,3.5547053438486597e-06,0.0,0.0,0.0,0.0,0.0
1992-06,6.279056996514584e-06,0.0,0.0,0.0,0.0,0.0,1.5915067111460234e-06,0.0,0.0,0.0,0.0,0.0,0.0,0.0,0.0,0.0,0.0,0.0,1.851490877551737e-07,5.533004141795591e-05,0.0,0.0,0.0,0.0,0.0,0.0,0.0,4.0370561958569946e-07,9.851447389618815e-05,0.0,0.0,0.0,0.0,0.0,0.0,0.0,0.0,0.0,0.0,1.5966377735955086e-06,0.0,0.0,0.0,0.0,1.2726833238103017e-06,0.0,5.621121471358452e-07,0.0,0.0,0.0,1.501556306628505e-06,0.0,7.064320861630697e-07,0.0,0.0,0.0,5.219797513404192e-07,0.0
1992-07,6.127873005226798e-07,0.0,0.0,0.0,0.0,0.0,0.0,0.0,0.0,0.0,0.0,0.0,0.0,0.0,0.0,0.0,0.0,0.0,2.4364835736253482e-06,0.0,0.0,0.0,0.0,0.0,0.0,0.0,0.0,0.0,4.258419425675203e-07,0.0,0.0,0.0,0.0,0.0,0.0,0.0,0.0,0.0,0.0,4.26332669108076e-07,4.60386289149713e-07,5.927426211036517e-05,0.0,0.0,0.0,0.0,0.0,6.124561122576773e-05,0.0,0.0,1.1464260108387353e-06,0.0,9.95738756544913e-07,7.687897783925116e-05,0.00011516763488509232,0.0,8.121939796803048e-08,6.386077229568528e-05
1992-08,0.00016987036954388708,0.0,0.0,7.021637571719072e-07,0.0,0.0,3.1019284518279955e-07,0.0003375509549867053,4.2945374529658467e-07,0.0,0.0,0.0,1.7992201105281881e-06,1.1228060819586037e-06,0.0,0.0,6.795881165935769e-07,2.1775738391157339e-07,3.5735671943332784e-06,5.4670610272421624e-05,0.0,0.0,0.0,4.5426556857813135e-07,0.0,0.0,0.0,2.758664403333701e-07,5.0807195332556175e-06,5.784439013492293e-07,0.0,0.0,3.1976816911773175e-06,0.0,1.059693545226878e-06,0.0,0.0,0.0,0.0,5.73359334498262e-05,2.8116954213636715e-05,5.738228267678176e-05,0.0,2.929812645913993e-06,6.341100518413925e-07,4.5822834705636086e-07,3.552314139061603e-07,5.932080840405022e-05,8.066076475285058e-05,0.0,4.195708765721146e-07,7.975603546829765e-05,3.694755610157592e-07,7.457976798578944e-05,8.471362249349857e-07,2.091453563058416e-07,7.232577057984177e-07,6.029234802527595e-05
1992-09,0.0,0.0,0.0,0.0,0.0,0.0,0.0,0.00032594913301844605,0.0,0.0,0.0,0.0,4.521860096701288e-06,0.0,0.0,0.0,2.2507745357981597e-06,7.554023954662783e-07,3.379319490030886e-06,1.7450983412158963e-06,0.0,0.0,0.0,0.0,0.0,0.0,0.0,0.0,0.0,0.0,0.0,0.0,0.0,0.0,0.0,0.0,0.0,0.0,0.0,0.0,0.0,0.0,0.0,0.00011213282836275673,0.0,8.893730966462732e-07,9.756051906267514e-07,0.0,0.0,0.0,1.3129062599361341e-06,6.6752071528619614e-09,1.8289851716924711e-06,0.0,0.0,2.6207990367383888e-05,8.177434138858485e-07,6.0117327289445695e-05
1992-10,0.0,0.0,0.0,0.0,0.0,0.0,7.398250096608169e-07,9.764985783335456e-06,1.8120199400922208e-06,0.0,0.0,0.0,4.693501283605697e-06,0.0,0.0,0.0,2.2973851360856766e-06,1.271790250406026e-06,5.952945600216052e-07,0.0,0.0,0.0,0.0,0.0,0.0,0.0,0.0,2.1855536814156635e-06,0.0,0.0,0.0,0.0,0.0,0.0,0.0,0.0,0.0,0.0,0.0,0.0,7.954764118146655e-08,1.0774989800731057e-06,0.0,0.00010993056425362582,1.2348089416046523e-06,2.031449210955605e-06,2.606939871232665e-06,2.9069847562235296e-07,1.0147271952598291e-06,0.0,0.0,1.6097759285860561e-06,1.7112790804761635e-06,6.978202894210306e-07,0.0,0.0,0.0,0.0
1992-11,0.0,0.0,0.0,7.839376798023756e-05,0.0,0.0,9.344913984017343e-07,7.0478407385503875e-06,0.0,0.0,0.0,0.0,0.0,0.0,0.0,0.0,2.1791970459247855e-07,3.137003737704396e-05,5.9810136944899975e-06,0.0,0.0,0.0,0.0,0.0,0.0,0.0,0.0,0.0,0.0,0.0,0.0,0.0,0.0,0.0,0.0,0.0,0.0,0.0,0.0,0.0,0.0,3.057576849244785e-07,0.0,0.0,2.1081224543528787e-08,0.0,5.301394530249436e-05,0.0,0.0,0.0,0.0,7.435583372121807e-05,8.109133798973635e-07,0.0,0.0,0.0,5.647358446542565e-05,0.0
1992-12,2.8954230498313695e-06,0.0,0.0,1.42762920346165e-06,0.0,0.0,7.550375909890217e-07,2.3231958892398042e-05,1.5971753031453206e-06,0.0,7.733312924512557e-05,0.0,4.795757191873432e-06,1.6985981952132023e-06,4.996697111920413e-05,0.0,1.9014953604002682e-06,1.8151764812823387e-06,3.478418755689744e-06,6.422067947800616e-06,0.0,0.0,0.0,1.5713063052490984e-06,0.0,0.0,0.0,6.880899020822902e-07,3.7861144807509185e-06,1.459378168065892e-06,0.0,0.0,3.3922154281430808e-06,0.0,2.3953206741020514e-06,0.0,0.0,0.0,0.0,1.477620495063784e-06,5.055884555772126e-07,1.097974300483473e-06,0.0,0.00010949490178579558,7.225183847786448e-07,1.1784206925211926e-06,1.0034330037535753e-06,1.2875734957508607e-06,1.4031982384979172e-06,0.0,8.80879724136082e-07,1.4848354101048011e-06,9.371815131652938e-07,1.4544940345722137e-06,2.746989014664858e-06,4.4886855520581865e-07,5.615869844724815e-05,1.630865211381144e-06
1993-01,0.0,0.0,0.0,0.0,0.0,0.0,2.8694418424717733e-07,0.0,0.0,0.0,0.0,0.0,0.0,0.0,0.0,0.0,0.0,1.0497850320516853e-06,1.5189224378241855e-07,2.4747441169726375e-06,0.0,0.0,0.0,5.997197166574716e-05,0.0,0.0,0.0,3.054070114819063e-09,8.006146944312568e-05,0.0,0.0,0.0,0.0,0.0,0.0,0.0,0.0,0.0,0.0,2.414962062822594e-06,3.8364825987855476e-07,0.0,0.0,0.0,3.2181139887297804e-06,2.84647822892576e-06,5.2478706700902504e-05,5.922543534105829e-05,0.0,0.0,0.0,7.368968408183509e-05,1.9569987823588943e-06,0.0,0.0,2.3600275694032146e-05,5.0180202995451324e-05,0.0
1993-02,0.0,0.0,0.0,0.0,0.0,0.0,7.352298832643163e-07,0.0,5.2707346849959204e-05,0.0,0.0,0.0,0.0,0.0,0.0,0.0,3.4070777032062934e-07,3.5774790279446775e-06,0.0,3.2767089048390543e-06,2.8368683483769354e-05,0.0,0.0,0.0,0.0,0.0,0.0,9.745389261478707e-07,7.623960127785471e-05,0.0,0.0,0.0,0.0,0.0,0.0,0.0,0.0,0.0,0.0,9.893518272523979e-07,0.0,0.0,0.0,0.0,1.2643412795334195e-06,5.712346055690744e-07,4.899869711540717e-05,5.62299573800507e-05,6.18420923838861e-07,0.0,0.0,0.0,2.5217464613459357e-06,0.0,0.0,0.0,0.0,0.0
1993-03,0.0,0.0,0.0,6.548102405355625e-07,0.0,0.0,1.6253048608623998e-06,0.0,0.0,0.0,1.7047389917436498e-05,0.0,0.0,0.0,1.998655239253619e-06,0.0,0.0,1.210323815236126e-06,7.287175078782085e-07,1.478762906970987e-05,0.0,0.0,0.0,0.0,0.0,0.0,0.0,0.0,0.0,0.0,0.0,0.0,0.0,0.0,0.0,0.0,0.0,0.0,0.0,0.0,1.0776725743106598e-06,1.6236598052657356e-06,0.0,1.8112131059621408e-06,2.5182848844007913e-06,2.3502952897959674e-06,2.0037226858927554e-06,3.9567797203102566e-07,2.783095091252033e-06,0.0,8.119349430835143e-07,6.757177106002562e-05,3.0345629748114307e-06,0.0,0.0,0.0,0.0,0.0
1993-04,0.0,0.0,0.0,0.0,0.0,0.0,1.1287721143237971e-06,0.0,4.972918642233229e-05,0.0,3.7473694974073243e-06,0.0,0.0,0.0,1.8483446151874582e-06,0.0,7.628743130551965e-07,4.0379891425358984e-07,1.2553922804150985e-06,1.0911806230080537e-06,0.0,0.0,0.0,0.0,0.0,0.0,0.0,3.588454594826939e-06,0.0,0.0,0.0,0.0,0.0,0.0,0.0,0.0,0.0,0.0,0.0,2.512837101525528e-07,0.0,0.0,0.0,0.0,2.8907925067957265e-06,0.0,2.018566622263681e-06,2.5412211805568226e-07,0.0,0.0,0.0,7.114134961644319e-05,1.0283850855094812e-06,0.0,0.0,0.0,5.001544701301357e-05,2.16724928029461e-06
1993-05,0.0,0.0,0.0,0.0,0.0,0.0,5.79478965954984e-07,0.0,0.0,0.0,6.044162763315028e-06,0.0,0.0,0.0,2.8801343490262933e-06,0.0,0.0,3.0377827279957567e-07,0.0,0.0,0.0,0.0,0.0,0.0,0.0,0.0,0.0,8.856599492738059e-07,0.0,0.0,0.0,0.0,0.0,0.0,0.0,0.0,0.0,0.0,0.0,2.0195732005795254e-06,0.0,0.0,0.0,0.0,9.579238847238342e-05,6.546249145650302e-05,1.290635528953435e-06,5.770799467918059e-07,0.0,0.0,0.0,1.2635970788500844e-06,0.0,7.182811826041581e-05,9.283379398346351e-07,2.356070133976885e-05,0.0,0.0
1993-06,0.0,0.0,0.0,0.0,0.0,0.0,1.6150273801237187e-06,0.0,4.9770730157163795e-05,0.0,6.076689702231298e-07,0.0,0.0,0.0,4.890001705782146e-06,0.0,0.0,6.620404871668277e-06,0.0,1.076488413479567e-06,6.765951332132064e-07,0.0,0.0,0.0,0.0,0.0,0.0,0.0,0.0,0.0,0.0,0.0,0.0,0.0,0.0,0.0,0.0,0.0,0.0,1.1196811662724654e-06,1.7699155099810613e-07,1.7015533932267581e-07,0.0,0.0,8.313775748304276e-07,0.0,1.0022468673741258e-06,0.0,0.0,0.0,2.122968827442836e-06,6.38225656598261e-07,1.5194531125673274e-07,7.652569032136247e-05,0.0,0.0,0.0,0.0
1993-07,2.598918714943471e-06,0.0,0.0,0.0,0.0,0.0,1.6023599032349462e-06,0.0,5.097154486663057e-05,0.0,0.0,0.0,0.0,7.32259217467204e-05,0.0,0.0,0.0,2.8322526084807998e-05,1.9684322427459752e-07,1.30911197246222e-06,0.0,0.0,0.0,0.0,0.0,0.0,0.0,3.094186745863836e-05,7.097169080779697e-05,0.0,0.0,0.0,0.0,0.0,0.0,0.0,0.0,0.0,0.0,3.829702318205897e-06,8.267635811947672e-07,9.588244258456163e-07,0.0,0.0,0.0,0.0,0.0,5.894849039674628e-05,7.806490435260332e-05,0.0,4.580170626204934e-05,0.0,0.0,7.77644558093791e-05,8.445662854015338e-07,1.1816110995172165e-07,4.8048678790969604e-05,0.0
1993-08,0.0,0.0,0.0,0.0,0.0,0.0,0.0,0.0,0.0,0.0,1.0940693343577668e-06,0.0,0.0,0.0,0.0,0.0,0.0,0.0,3.540999549845216e-05,0.0,9.081667269917118e-08,0.0,0.0,5.68399342817906e-05,0.0,0.0,0.0,5.953533290407234e-07,0.0,1.018345418658563e-06,0.0,0.0,0.0,0.0,0.0,0.0,0.0,0.0,0.0,5.715408097064466e-07,1.3162950777837122e-06,8.232427203599575e-07,0.0,6.856186545131648e-07,4.543095793339884e-06,6.731582404176886e-06,0.0,0.0,3.0864023198880904e-07,0.0,0.0,2.53871478389589e-06,0.0,0.0,0.0,1.108784861018416e-06,5.179981085035546e-05,0.0
1993-09,0.0,0.0,0.0,0.0,0.0,0.0,0.0,0.0,5.016878313364645e-05,0.0,2.6415345672557016e-06,0.0,5.747253187225743e-08,0.0,0.0,0.0,0.0,0.0,0.0,0.0,0.0,0.0,0.0,0.0,0.0,0.0,0.0,2.691401384168277e-07,0.0,2.4844792318159047e-06,0.0,0.0,0.0,0.0,0.0,0.0,0.0,0.0,0.0,0.0,6.0850572995932074e-06,7.341978713080247e-07,0.0,3.3507775497728513e-07,2.0385468557800048e-07,0.0,0.0,0.0,0.0,0.0,2.153290287609459e-06,0.0,0.0,0.0,0.0,1.1881294192672073e-06,0.0,0.0
1993-10,6.203443478523322e-06,0.0,0.0,4.1929399428102535e-06,0.0,0.0,7.325587392857034e-06,1.2089759058865363e-05,4.9875328141932225e-06,0.0,6.9405051263658895e-06,0.0,7.919608686619977e-06,7.937874032798213e-06,1.0531949810290903e-05,0.0,6.062581383810072e-06,2.292462394737167e-06,1.5620180358137462e-06,2.8389082469195518e-06,1.923566548638834e-06,0.0,0.0,6.048410051816281e-06,0.0,0.0,0.0,2.967174789285047e-05,7.557263028103671e-06,2.572834535564207e-06,0.0,0.00019304768877174497,9.466424032666065e-06,0.0,5.67842853204377e-06,0.0,0.0,0.0,0.0,2.9387862357660027e-06,4.0257950631888975e-07,2.81214644554946e-06,0.0,3.1255082044651453e-06,7.713443266732817e-06,2.3100251946414212e-06,1.5071398780772231e-06,3.403479416424139e-06,7.576901896536096e-06,0.0,4.682111798354552e-05,3.5806029417441397e-06,1.0221189800681805e-05,4.750740791113668e-06,7.232809294587403e-06,3.6161469032513545e-06,4.696686972074222e-06,2.5964936311642616e-06
1993-11,0.0,0.0,0.0,0.0,0.0,0.0,3.553740505444158e-05,0.0,0.0,0.0,0.0,0.0,0.0,0.0,0.0,0.0,0.0,5.686061197571688e-07,0.0,1.0586748668642582e-06,0.0,0.0,0.0,0.0,0.0,0.0,0.0,0.0,0.0,0.0,0.0,0.0,0.0,0.0,0.0,0.0,0.0,0.0,0.0,0.0,2.855629091231236e-06,5.240155683280801e-05,0.0,0.0,0.0,0.0,0.0,0.0,0.0,0.0,7.702939709720164e-08,0.0,3.8216106824061364e-05,0.0,0.0,2.7023258695709397e-06,0.0,0.0
1993-12,0.0,0.0,0.0,5.755094260870963e-05,0.0,0.0,0.0,0.0,0.0,0.0,0.0,0.0,0.0,0.0,0.0,0.0,1.6915571062159353e-07,1.9301149292697786e-05,2.686914110291097e-05,6.766858685538796e-07,0.0,0.0,0.0,6.9431589772858165e-06,0.0,0.0,0.0,2.9678277184855446e-07,0.0,8.445250145102528e-08,0.0,1.3664257180028283e-06,0.0,0.0,0.0,0.0,0.0,0.0,0.0,0.0,2.484443573012241e-06,0.0,0.0,8.320999830357045e-05,0.0,0.0,0.0,1.0953545374459348e-06,0.0,0.0,1.8207200531327392e-06,0.0,0.0,0.0,0.0,3.129636837886134e-06,0.0,0.0
1994-01,0.00011543120023280942,0.0,0.0,0.0,0.0,0.0,0.0,0.0,0.0,0.0,1.1089410193161897e-06,0.0,0.0,3.962654085821367e-07,0.0,0.0,2.8857244600511633e-06,2.1899076757358202e-05,2.734550412160086e-07,7.026158505275617e-07,0.0,0.0,0.0,1.4687499323683025e-06,0.0,0.0,0.0,2.195020255282721e-07,5.630522426588776e-05,1.4853633063789813e-06,0.0,9.392417457633361e-06,0.0,0.0,0.0,0.0,0.0,0.0,0.0,3.5897967252751865e-07,2.9591420737251976e-06,1.0305231433468849e-06,0.0,0.0,0.0,1.6389466556723278e-06,0.0,3.472371115392954e-06,0.0,0.0,2.09965491978718e-06,0.0,0.0,0.0,0.0,2.1585361070045295e-06,6.178309516437705e-07,0.0
1994-02,1.4255428522601115e-06,0.0,0.0,0.0,0.0,0.0,3.903233116062475e-07,0.0,5.197390538570611e-06,0.0,2.6477807731060815e-06,0.0,0.0,0.0,0.0,0.0,0.0,0.0,2.540241438183352e-05,0.0,0.0,0.0,0.0,0.0,0.0,1.5023988206037796e-05,0.0,8.209445676885668e-08,0.0,0.0,0.0,0.0,0.0,0.0,0.0,0.0,0.0,0.0,0.0,0.0,0.0,0.0,0.0,0.0,0.0,0.0,0.0,0.0,0.0,1.0127143274054514e-05,2.8239298986468264e-07,0.0,0.0,0.0,0.0,1.6624501596889663e-06,1.6817619203987264e-07,0.0
1994-03,7.136471420254794e-07,0.0,0.0,0.0,0.0,0.0,0.0,0.0,0.0,0.0,0.0,0.0,0.0,6.012673210280848e-05,0.0,0.0,0.0,0.0,0.0,0.0,0.0,0.0,0.0,0.0,0.0,0.0,0.0,0.0,0.0,4.940967120237657e-07,0.0,0.0,0.0,0.0,0.0,0.0,0.0,0.0,0.0,0.0,0.0,0.0,0.0,0.0,0.0,7.770449782903664e-07,0.0,4.13450485758915e-09,0.0,0.0,5.791196548950647e-07,0.0,1.286144505623036e-07,0.0,0.0,9.654697289455081e-07,0.0,0.0
1994-04,6.287647859773149e-07,0.0,0.0,7.021509398388165e-08,0.0,0.0,4.091866450022658e-08,1.9669139091620103e-07,5.176772091746232e-08,0.0,2.2985211814488537e-07,0.0,0.0001967430098716636,7.78336032403043e-08,1.1719989640539275e-07,0.0,1.175835899341962e-07,2.6323673456500608e-08,5.926083109299759e-07,1.9451919435507375e-05,6.21391603741403e-08,0.0,0.0,5.335636486536108e-08,0.0,3.530312284494471e-08,0.0,2.8726138447212955e-05,7.803500225008614e-08,7.539667389867752e-05,0.0,0.0004016965489240234,0.00013629495088654184,0.0,1.2632907758637625e-07,0.0,0.0,0.0,0.0,4.911381394517855e-08,5.4631875525231604e-08,5.69464218264891e-08,0.0,1.0177730918133065e-07,8.553306639168257e-08,2.1558533589147168e-06,5.5970789764173135e-08,2.7635631990706456e-07,6.96704945748576e-08,3.924747729620228e-07,1.6234198131096535e-06,2.173505781476671e-06,2.5580706848334077e-08,7.411440275799374e-08,9.131995840730907e-05,5.11604176146041e-08,5.585572712412182e-08,4.648078622355347e-05
1994-05,9.638517254718856e-07,0.0,0.0,6.182752079248566e-05,0.0,0.0,2.99451994881926e-07,0.0,0.0,0.0,0.0,0.0,0.0,6.857552219726407e-05,0.0,0.0,0.0,0.0,7.820109032279313e-07,2.1528252602339045e-07,0.0,0.0,0.0,1.8983455049161811e-06,0.0,3.0999648521009625e-05,0.0,0.0,0.0,7.97255248472295e-05,0.0,0.0,0.0,0.0,0.0001022620203511269,0.0,0.0,0.0,0.0,0.0,0.0,0.0,0.0,0.0,0.0,0.0,4.813273569681425e-05,0.0,0.0,1.927407313100218e-05,1.7395871841271241e-06,0.0,1.945000911902082e-06,0.0,0.0,3.0165149808918795e-07,0.0,0.0
1994-06,0.0,0.0,0.0,0.0,0.0,0.0,2.2395671317784436e-06,0.0,0.0,0.0,0.00018144276797603666,0.0,0.0,0.0,0.0,0.0,1.8902790990119601e-06,2.1221981380154644e-05,8.501759208362265e-06,1.9582484317335683e-05,2.0050568408380361e-07,0.0,0.0,0.0,0.0,3.273815629335917e-05,0.0,1.0716313082901469e-07,0.0,0.0,0.0,0.0,0.0,0.0,0.0,0.0,0.0,0.0,0.0,0.0,0.0,0.0,0.0,1.1084046263952486e-07,0.0,0.0,1.0289330459225533e-06,0.0,0.0,3.744754019549164e-07,3.6281664076887044e-07,0.0,9.519833206651785e-07,0.0,0.0,2.7330223497228948e-06,0.0,8.364579057685943e-07
1994-07,0.0,0.0,0.0,6.468789188618654e-05,0.0,0.0,0.0,0.0,0.0,0.0,0.0,0.0,0.0,7.356933819251604e-05,9.156595145645286e-05,0.0,0.0,3.044154155422089e-07,9.228771386709227e-06,6.685453979475738e-08,5.205240168298833e-05,0.0,0.0,0.0,0.0,0.0,0.0,3.027387523529383e-05,0.0,8.155307005070797e-05,0.0,0.0,0.0,0.0,0.0,0.0,0.0,0.0,0.0,0.0,0.0,2.57667036726382e-07,0.0,0.0,7.05394377376322e-05,0.0,1.319090585750412e-06,0.0,5.8199726583106394e-05,0.0,1.0624545479923156e-06,0.0,9.637065423265136e-07,5.9222717207630155e-05,0.0,3.246864030420016e-06,0.0,1.1738503314521684e-07
1994-08,2.4646082371043432e-06,0.0,0.0,2.3321229030549146e-07,0.0,0.0,1.0546959525676546e-06,5.777087821086796e-07,1.4517384008593676e-07,0.0,6.699347251207244e-07,0.0,6.477403331812543e-07,2.6284015249377485e-07,3.365829307069995e-07,0.0,3.626673469512773e-07,7.81154353032363e-08,8.169992518131525e-07,6.152419746394133e-08,5.740174415957798e-05,0.0,0.0,1.610965337054855e-07,0.0,1.1342905453582547e-07,0.0,1.2011852602304003e-07,2.400287708307566e-07,8.783333673964108e-05,0.0,1.4329820052030596e-06,4.567263448406883e-07,0.0,3.560833094230359e-07,0.0,0.0,0.0,0.0,1.6101333980301362e-07,1.9127621107121323e-07,4.487919678272128e-05,0.0,2.853220839343501e-07,2.5473168801357777e-07,3.5888150444547986e-05,1.5088039903406876e-06,1.6329514296888095e-06,1.969943100417898e-07,6.366929899539845e-08,2.274364450104687e-06,1.9330107402297166e-07,7.889407708724234e-08,1.940447553968501e-07,9.925932951386565e-07,4.470304177693825e-05,1.6119698794475613e-07,1.542375617579264e-07
1994-09,0.0,0.0,0.0,0.0,0.0,0.0,0.0,0.0,0.0,0.0,0.0,0.0,0.0,0.0,0.0,0.0,0.0,0.0,0.0,1.693697994675069e-07,0.0,0.0,0.0,2.349296943234519e-06,0.0,3.24345600062186e-05,0.0,0.0,0.0,0.0,0.0,0.0,0.0,0.0,0.0,0.0,0.0,0.0,0.0,0.0,0.0,0.0,0.0,0.0,7.251581101148241e-05,3.68766415217817e-05,2.1419726637837352e-07,0.0,1.8120945188224192e-06,1.7887015282595395e-06,0.0,0.0,0.0,4.0238468059916254e-07,0.0,2.4087624782463333e-07,0.0,1.1476791463645685e-06
1994-10,0.0,0.0,0.0,0.0,0.0,0.0,5.056686140584663e-07,0.00016478385486220853,1.107348973633692e-06,0.0,0.0,0.0,0.0,0.0,0.0,0.0,0.0,1.6365970637874373e-07,0.0,1.705207229713704e-05,5.203308820902614e-05,0.0,0.0,4.3960884250216283e-07,0.0,0.0,0.0,0.0,0.0,8.324542013372285e-05,0.0,0.0,0.0,0.0,0.0,0.0,0.0,0.0,0.0,0.0,0.0,0.0,0.0,2.382664468036859e-06,0.0,0.0,0.0,1.17430452334856e-06,2.3154629709297887e-06,1.0271818456667356e-06,0.0,0.0,3.7610420214570505e-07,1.974116724021355e-06,0.0,0.0,0.0,1.8416768549225186e-06
1994-11,0.0,0.0,0.0,0.0,0.0,0.0,0.0,0.0001693887040452064,0.0,0.0,0.0,0.0,0.0,0.0,0.0,0.0,0.0,3.825840537732498e-07,0.0,0.0,0.0,0.0,0.0,0.0,0.0,3.250103932154636e-05,0.0,0.0,0.0,0.0,0.0,0.0,0.0,0.0,0.0,0.0,0.0,0.0,0.0,0.0,0.0,0.0,0.0,0.0,0.0,0.0,1.4062082061536557e-06,0.0,2.7924677306462656e-07,0.0,0.0,0.0,2.083835894906388e-05,8.37165736677463e-08,0.0,3.801528142694001e-07,0.0,8.465448596927938e-07
1994-12,0.0,0.0,0.0,0.0,0.0,0.0,3.0103270059972895e-05,0.0,0.0,0.0,0.0,0.0,3.033585533595548e-06,0.0,0.0,0.0,0.0,1.2807714711993626e-06,1.183506027540882e-06,0.0,0.0,0.0,0.0,0.0,0.0,1.3394379252938335e-07,0.0,7.420840146311128e-07,0.0,0.0,0.0,9.92939956265454e-07,2.4215872711443115e-06,0.0,8.79433065061136e-07,0.0,0.0,0.0,0.0,0.0,4.648642782378937e-05,1.298632109314083e-06,0.0,1.0483093455226008e-06,7.151326917537825e-05,1.1852633482984793e-06,3.575404196251814e-06,4.6590535710825527e-07,2.129782214929637e-06,1.6942399659197861e-06,7.673077905716204e-07,9.194708325633572e-07,0.0,6.650616164421592e-07,1.1645079551871606e-06,1.0468714670669525e-06,0.0,1.9999501488697223e-06
1995-01,0.0,0.0,0.0,0.0,0.0,0.0,3.3427684032091105e-05,0.0,2.9436401527817674e-06,0.0,0.0,0.0,1.2246975543531159e-06,3.626026800559179e-07,0.0,0.0,0.0,0.0,0.0,0.0,0.0,0.0,0.0,0.0,0.0,0.0,0.0,9.891201437811117e-07,0.0,6.926685752730664e-06,0.0,4.212427806774138e-06,3.0590224848771468e-06,0.0,2.0779170805116585e-06,0.0,0.0,0.0,0.0,0.0,0.0,0.0,0.0,2.5981119997915347e-06,0.0,3.475939867187448e-05,1.4963436197264063e-06,2.0277664513577014e-06,1.597577073067999e-07,1.1744262837730737e-07,0.0,2.059281675484935e-07,0.0,0.0,0.0,6.998062312765091e-07,0.0,4.3487687704182875e-07
1995-02,0.0,0.0,0.0,0.0,0.0,0.0,0.0,0.0,4.868019134152135e-08,0.0,0.0,0.0,0.0,6.553034193041637e-07,0.0,0.0,0.0,0.0,0.0,0.0,0.0,0.0,0.0,0.0,0.0,3.2520606352971895e-05,0.0,0.0,0.0,0.0,0.0,0.0,1.2246844422557358e-06,0.0,0.0,0.0,0.0,0.0,0.0,0.0,0.0,0.0,0.0,1.512649350516912e-06,0.0,0.0,1.0811989162835128e-07,0.0,0.0,1.6082474223492027e-06,3.1860503693907294e-07,2.5399094394637153e-07,0.0,1.9779435399860588e-07,0.0,0.0,4.637152441378287e-05,4.5453828927105587e-07
1995-03,0.0,0.0,0.0,0.0,0.0,0.0,4.3798925337383557e-07,0.0,3.905406842955396e-06,0.0,0.0,0.0,0.0,0.0,0.0,0.0,0.0,3.0507631513581983e-07,0.0,0.0,0.0,4.060367237736524e-05,0.0,0.0,0.0,0.0,0.0,0.0,0.0,0.00010163151754525438,0.0,0.0,0.0,0.0,0.0,0.0,0.0,0.0,0.0,0.0,0.0,0.0,0.0,6.356932001119267e-07,0.0,0.0,0.0,6.600813633462835e-07,0.0,0.0,0.0,0.0,0.0,0.0,0.0,0.0,0.0,4.16330386513529e-07
1995-04,0.0,0.0,0.0,0.0,0.0,0.0,0.0,0.00015860053508210615,0.0,0.0,0.0,0.0,0.0,0.0,0.0,0.0,7.386759684913043e-06,0.0,0.0,9.272740940681635e-07,5.273028336310368e-05,8.276217820023726e-05,0.0,8.456948179625737e-07,0.0,1.1205002629754747e-06,0.0,0.0,6.474265854103656e-07,0.0,0.0,0.0,0.00013681479478865624,0.0,0.0001017841924230907,0.0,0.0,0.0,0.0,0.0,0.0,0.0,0.0,0.0,0.0,7.388468516178644e-07,2.187936429748835e-07,0.0,0.0,0.0,0.0,0.0,0.0,0.0,0.0,0.0,7.378593134630962e-07,0.0
1995-05,0.0,0.0,0.0,0.0,0.0,0.0,0.0,0.0,2.9506390980530708e-06,0.0,0.00016607863880465645,0.0,0.00017977430128252007,0.0,9.963906787852639e-07,0.0,5.868979750895815e-07,6.564292786963664e-07,0.0,5.043160667326935e-07,0.0,0.0,0.0,0.0,0.0,0.0,0.0,0.0,0.0,0.0,0.0,0.0003854125571599321,0.0,0.0,0.0,0.0,0.0,0.0,0.0,0.0,2.141837230867895e-06,0.0,0.0,0.0,0.0,3.632103302452795e-05,0.0,0.0,0.0,0.0,5.523853391979429e-05,0.0,0.0,4.5234798056823997e-07,0.0,0.0,4.872246502865109e-05,0.0
1995-06,0.0001044372263520612,0.0,0.0,1.977319485825576e-06,0.0,0.0,3.213564084425502e-05,0.0,0.0,0.0,0.0,0.0,0.0,0.0,9.393337305011465e-05,0.0,0.0,1.0132119555022329e-07,7.150721471744044e-07,1.1409006294190537e-06,0.0,0.0,0.0,0.0,0.0,1.5414733785885094e-06,0.0,5.624200319345602e-07,0.0,0.0,0.0,0.0,0.0,0.0,1.6540080661588964e-06,0.0,0.0,0.0,0.0,0.0,0.0,0.0,0.0,0.0,0.0,3.148476543665541e-05,0.0,0.0,4.4609603632004766e-07,1.6027147559516743e-07,1.1481616180842106e-07,1.1433583335207532e-06,2.2675340670782273e-05,2.1514767342025524e-06,0.0,0.0,0.0,0.0
1995-07,0.0,0.0,0.0,1.2871150534618132e-06,0.0,0.0,0.0,0.0,1.447853076577521e-06,0.0,0.0,0.0,0.0,0.0,0.0,0.0,0.0,1.049446798626964e-06,1.4383629935925386e-05,0.0,4.152612991588263e-07,0.0,0.0,6.117867613907403e-06,0.0,2.0136750695439273e-06,0.0,2.372912528975403e-07,0.0,0.0,0.0,0.0,0.0,0.0,0.0,0.0,0.0,0.0,0.0,0.0,0.0,0.0,0.0,5.637008989404154e-07,0.0,0.0,0.0,0.0,1.4190661103094526e-07,1.2504013003443544e-06,0.0,3.788667731896914e-07,0.0,3.4957000417302346e-07,6.844134562305394e-05,3.678330421385943e-05,5.767746622500534e-06,0.0
1995-08,0.00010702904477450311,0.0,0.0,0.0,0.0,0.0,1.8848439364118828e-07,0.0,0.0,0.0,0.0,0.0,0.0,0.0,0.0,0.0,0.0,0.0,3.557024003324905e-07,3.7610667464012694e-07,0.0,0.0,0.0,0.0,0.0,3.9098819683432846e-07,0.0,1.2338967644612461e-07,0.0,0.0,0.0,0.0,0.0,0.0,0.0,0.0,0.0,0.0,0.0,4.0289273700544196e-05,4.630790716596678e-05,5.491883993891893e-05,0.0,7.442559555074294e-07,9.711181906269657e-08,0.0,0.0,0.0,0.0,0.0,4.778402024766228e-06,5.335700124216439e-05,0.0,5.416734267307196e-07,0.0,0.0,2.136463814768688e-08,0.0
1995-09,2.254614242117592e-07,0.0,0.0,1.2780115088294186e-07,0.0,0.0,6.850543875342591e-08,3.4571963591174817e-07,1.3774801271430916e-06,0.0,3.4273973471452004e-07,0.0,3.9785595664344756e-07,2.923258205287313e-07,2.0702557142327634e-07,0.0,1.5765015940547717e-07,5.063833626236386e-08,3.182377734130427e-07,3.9356938911236026e-08,1.2171352452679946e-07,2.0005189707138216e-07,0.0,7.905413052638338e-08,0.0,1.2188747511011934e-06,0.0,6.935764841561193e-08,1.3385600274221782e-07,2.2864050138725333e-07,0.0,8.334781165093009e-07,3.1126824732444215e-07,0.0,9.042613580374018e-07,0.0,0.0,0.0,0.0,8.910966908024648e-08,4.765697142967665e-05,1.3205130965805376e-07,0.0,9.660343688408512e-08,4.0231415325193977e-07,7.025802912798834e-08,9.074756260719561e-08,9.391821530703448e-08,1.2318820800900562e-07,4.063883971845185e-08,5.546975986804523e-07,5.790775858575037e-05,4.1019679792335047e-08,1.2881589551010444e-07,6.532267711277057e-05,4.0484216455017986e-05,1.0553289334515673e-07,4.154456720992446e-05
1995-10,0.0,0.0,0.0,4.4119910650523495e-06,0.0,0.0,0.0,0.0,6.509354874629329e-07,0.0,0.0,0.0,0.0,0.0,0.0,0.0,6.839915103535165e-05,0.0,1.594400300363088e-07,0.0,2.3669080110620965e-06,0.0,0.0,1.6144220227036142e-07,0.0,0.0,0.0,0.0,0.0,0.0,0.0,0.0,0.0,0.0,0.0,0.0,0.0,0.0,0.0,0.0,0.0,1.3220163084391202e-06,0.0,3.705524423952417e-07,9.982077049370057e-07,0.0,0.0,0.0,5.813502567867343e-05,5.287691422516637e-07,1.0783540874907683e-08,5.629888293005787e-05,7.651176725804766e-07,6.211125647515867e-05,6.35699871829301e-05,0.0,8.078180993399721e-07,0.0
1995-11,0.0,0.0,0.0,8.76985986226203e-05,0.0,0.0,0.0,0.0,0.0,0.0,0.0,0.0,0.0,3.2814490749175433e-06,0.0,0.0,0.0,0.0,0.0,4.817531337336835e-07,2.2270679945798552e-07,0.0,0.0,2.796369906207033e-07,0.0,0.0,0.0,0.0,1.838499848365486e-06,0.0,0.0,0.0,0.0,0.0,0.0,0.0,0.0,0.0,0.0,2.7384381610730953e-08,0.0,2.3358262123896605e-06,0.0,4.453889705383074e-07,6.739255540145761e-07,0.0,0.0,1.411266081159969e-07,0.0,1.3993677556487817e-07,3.108558388832873e-06,0.0,0.0,0.0,0.0,0.0,1.5739465528716996e-07,0.0
1995-12,9.948795302769088e-05,0.0,0.0,0.0,0.0,0.0,6.920828823634255e-07,7.499299891191955e-06,0.0,0.0,0.0,0.0,0.0,1.8347571440981078e-06,0.0,0.0,0.0,2.413746975088522e-05,8.402453180200191e-07,7.993580820482571e-08,0.0,0.0,0.0,0.0,0.0,0.0,0.0,0.0,1.9766716702505036e-06,0.0,0.0,2.4165419327628334e-06,0.0,0.0,0.0,0.0,0.0,0.0,0.0,1.1300715592943745e-06,0.0,0.0,0.0,2.0671069553688528e-06,6.357033888281377e-07,3.0074639299540566e-05,0.0,4.181301842299308e-05,0.0,0.0,1.7191436980299734e-06,5.460941292203034e-05,0.0,0.0,0.0,0.0,0.0,0.0
1996-01,0.0,0.0,0.0,0.0,0.0,0.0,1.2285919327796324e-06,5.516929272418009e-06,0.0,0.0,0.0,0.0,3.279368972042007e-07,1.3490161826764102e-06,0.0,0.0,1.2953378915264018e-07,2.257006150780834e-05,8.546240808272564e-07,4.6086726322651286e-07,7.149547650632527e-07,0.0,0.0,0.0,0.0,3.545663997629355e-05,0.0,0.0,8.621537134729517e-07,0.0,0.0,6.159669431795495e-06,0.0,0.0,0.0,0.0,0.0,0.0,0.0,1.839599639070589e-06,1.0313649239118706e-08,1.985074657269829e-06,0.0,1.0596680037404314e-06,1.308344081425758e-06,0.0,0.0,0.0,2.6451313924293617e-06,2.095238439564839e-05,2.9397049757162036e-06,5.44013533529176e-05,1.8595595769367764e-07,2.564705181509197e-07,6.114871549575973e-05,1.4610619421710422e-07,0.0,0.0
1996-02,0.0001025708254699175,0.0,0.0,0.0,0.0,0.0,1.2822725362377808e-07,1.9013613806499742e-07,0.0,0.0,0.0,0.0,3.6872003979991076e-06,8.32132051972051e-08,0.0,0.0,4.185826750452218e-07,2.5658991954767605e-05,1.1940679419750622e-06,0.0,0.0,0.0,0.0,0.0,0.0,0.0,0.0,0.0,2.060496989160013e-07,0.0,0.0,0.0,0.0,0.0,0.0,0.0,0.0,0.0,0.0,0.0,0.0,9.455173415856555e-08,0.0,7.111537901941107e-07,7.228537848716029e-05,0.0,3.639599606212304e-05,0.0,0.0,0.0,0.0,5.736699630790977e-05,3.034750799678892e-07,0.0,0.0,0.0,0.0,0.0
1996-03,0.0,0.0,0.0,0.0,0.0,0.0,0.0,0.0,0.0,0.0,0.0,0.0,0.0,7.830256639835687e-05,0.0,0.0,0.0,0.0,0.0,2.1464746204285296e-06,0.0,0.0,0.0,6.060145341988364e-07,0.0,0.0,3.854695339809823e-05,0.0,0.0,1.0887253863638286e-06,0.0,0.0,0.0,0.0,4.8635063727611726e-08,0.0,0.0,0.0,0.0,0.0,2.2260491405453227e-06,2.4591501813874957e-06,0.0,0.0,0.0,0.0,3.843486989685896e-05,0.0,5.895073555934362e-07,0.0,1.999430182344289e-07,0.0,0.0,8.804756928921173e-07,0.0,2.9782835864411546e-06,0.0,0.0
1996-04,0.0,0.0,0.0,4.103050482976455e-06,0.0,0.0,0.0,0.0,0.0,0.0,0.0,0.0,0.0,0.0,0.0,0.0,6.021520416636048e-07,0.0,0.0,0.0,0.0,0.0,0.0,0.0,0.0,0.0,0.0,0.0,6.685233359452116e-05,0.0,0.0,0.0,0.0,0.0,0.0,0.0,0.0,0.0,0.0,0.0,1.9476390109971798e-06,1.0234785504155236e-06,0.0,0.0,7.081018304119035e-05,3.092253651638321e-05,3.7363717010566725e-05,0.0,0.0,0.0,6.561066810386109e-08,5.4154265362462585e-05,0.0,0.0,0.0,3.2575225329798466e-06,0.0,0.0
1996-05,0.0,0.0,0.0,6.650831863408813e-06,0.0,0.0,0.0,4.039428041535384e-06,0.0,0.0,0.0,0.0,2.2277998718432668e-06,0.0,5.878474319121682e-07,0.0,1.4971467526277357e-06,0.0,0.0,0.0,2.0410837571686185e-07,0.0,0.0,4.006340909217303e-06,0.0,0.0,0.0,8.545066974925408e-07,0.0,0.0,0.0,8.042375737013802e-06,0.0,0.0,0.0,0.0,0.0,0.0,0.0,1.0198921555811849e-06,2.0255010433485253e-06,5.402870754642662e-06,0.0,2.137889198559777e-06,2.3017970030125847e-08,4.194647164114697e-07,3.877423572056348e-05,4.309917763983348e-05,0.0,0.0,1.3171398432748303e-06,2.1359133369276695e-07,0.0,4.6529793578574395e-08,7.808054450209254e-07,6.10806590125048e-07,5.777595835212649e-06,0.0
1996-06,0.0,0.0,0.0,0.0,0.0,0.0,0.0,0.0,0.0,0.0,0.0,0.0,0.0001767857659959332,0.0,0.0,0.0,1.922604527586566e-07,2.0743873711481978e-06,0.0,2.335460190461112e-05,0.0,0.0,0.0,0.0,0.0,0.0,0.0,0.0,0.0,0.0,0.0,0.0003809653360784906,0.00012638458069961722,0.0,8.716781985565328e-05,0.0,0.0,0.0,0.0,0.0,0.0,2.013808335230922e-06,0.0,5.566967788433117e-07,1.1244275235086157e-06,0.0,0.0,4.240898905591009e-05,0.0,0.0,0.0,0.0,0.0,5.390624208073472e-07,0.0,1.5110680257428982e-08,0.0,1.0943333155704997e-06
1996-07,2.3028686623154105e-07,0.0,0.0,2.507865016692784e-07,0.0,0.0,6.632065144742544e-08,3.659858660804566e-07,2.9459633631858185e-05,0.0,3.065575694462114e-07,0.0,3.975493829677379e-07,7.056012435217099e-07,1.867954473160488e-07,0.0,1.251150913567263e-07,6.133807932177417e-08,1.5111738991370636e-05,2.1400882208772426e-05,1.2436253499251495e-07,1.8512345343427854e-07,0.0,6.797484036324963e-08,0.0,7.85413136736371e-08,1.6582119307866072e-07,8.541296193211034e-08,1.371494037883947e-07,2.239873460020761e-07,0.0,8.509218482404268e-07,2.8271792126166596e-07,0.0,1.871940032735775e-07,0.0,0.0,0.0,0.0,8.857694643855593e-08,3.9255515101210146e-07,9.771039896759627e-07,0.0,2.2415385305550665e-06,1.4591018582733871e-07,3.425253115303152e-08,3.4206598010767307e-05,8.635123945737594e-08,1.160678886295563e-07,2.021393044612064e-06,1.1805025648524772e-06,1.1168492881952902e-07,4.0142508241093264e-08,1.2912777454391137e-07,2.7591241221725654e-07,2.3590036620133625e-06,7.877699500487973e-08,8.156918249963701e-08
1996-08,1.6239483544879252e-06,0.0,0.0,1.7968614739931402e-06,0.0,0.0,4.567485108297447e-07,0.00017857011887945437,4.778569816024994e-07,0.0,3.1915714289548757e-06,0.0,2.8342487010682703e-06,1.2063553857572657e-06,1.3401774937968347e-06,0.0,9.157110584356621e-07,4.2713192334559863e-07,1.3754948548397879e-05,2.395848233249014e-05,8.91058818902949e-07,1.2372632586426722e-06,0.0,4.4015091760785284e-07,0.0,5.112108972678241e-07,6.87463934887064e-05,6.409224399999795e-07,1.0245484146084311e-06,3.887631217469358e-06,0.0,6.07843409259129e-06,2.0148012818528987e-06,0.0,1.3337506523692227e-06,0.0,0.0,0.0,0.0,6.098516505226234e-07,1.5523333811729747e-06,6.423246174561241e-07,0.0,3.7908643415697983e-06,1.410368063423373e-07,3.751189264632367e-08,5.468459715125586e-07,5.946441041618233e-07,8.273557788886568e-07,1.1164204796438628e-07,5.396537190828707e-07,8.27028112183402e-07,5.287306235569004e-07,9.106479079484739e-07,1.951389246968329e-06,1.0478046428291157e-06,5.13749243414123e-07,5.104000249969151e-06
1996-09,0.0,0.0,0.0,0.00012252580994815982,0.0,0.0,0.0,0.0,0.0,0.0,0.0,0.0,0.0,0.0,9.820017513627878e-07,0.0,0.0,1.966564909066347e-07,1.5536687036414262e-05,1.1761514682516444e-06,0.0,8.433876112736369e-07,0.0,0.0,0.0,0.0,6.364603785568485e-05,0.0,0.0,0.0,0.0,0.0,0.0,0.0,0.0,0.0,0.0,0.0,0.0,3.337121286928896e-06,1.9204600091306605e-07,2.121261349869036e-07,0.0,0.0,8.161522633231215e-06,1.0885553983426278e-06,0.0,0.0,2.278138492551828e-06,1.322594438735553e-06,0.0,2.3660840141244316e-06,0.0,2.2809108048889237e-06,5.725896432400938e-05,1.6126956387140686e-06,0.0,0.0
1996-10,0.0,0.0,0.0,0.00012607691730367004,0.0,0.0,8.219578663492058e-08,6.957591382004136e-07,0.0,0.0,0.0,0.0,0.0,1.1259740402150762e-06,0.0,0.0,6.730493649298175e-07,1.2610650608147445e-07,2.404451211016059e-07,0.0,0.0,1.7549138580969724e-06,0.0,0.0,0.0,0.0,0.0,1.1560486053209425e-06,0.0,1.3587869677957748e-06,0.0,0.0,0.0,0.0,0.0,0.0,0.0,0.0,0.0,1.1298182782099458e-06,1.820442764065601e-07,0.0,0.0,6.345917253040538e-05,3.950548702901332e-06,2.6915395947108464e-06,0.0,4.593713853656631e-07,0.0,0.0,0.0,2.4350195080561943e-06,1.8486291346780515e-05,0.0,0.0,2.234549974811432e-06,3.343657193826063e-05,7.857429268967077e-07
1996-11,0.0,0.0,0.0,0.00012791751537506916,0.0,0.0,1.3814243331815648e-08,0.00018437924034390445,0.0,0.0,3.3028039284752064e-07,0.0,0.0,0.0,0.0,0.0,2.0855891452858934e-07,3.170653171121639e-05,0.0,2.5395288156698697e-06,0.0,7.808900006254643e-07,0.0,2.602459713011779e-05,0.0,0.0,0.0,2.3722241777964643e-07,6.611125223844328e-07,2.4065847144730465e-06,0.0,0.00039746448114087263,0.0,0.0,0.0,0.0,0.0,0.0,0.0,2.9553537313115745e-07,6.726582919729766e-07,0.0,0.0,0.0,1.3588151504919099e-06,2.606769575965277e-07,0.0,5.097738008503217e-07,0.0,1.9010017361033304e-07,3.1477820571988515e-05,0.0,2.324626124251681e-05,5.033169371934325e-05,5.3608862290160545e-05,0.0,0.0,0.0
1996-12,0.0,0.0,0.0,0.0,0.0,0.0,6.296229368148964e-07,0.0,0.0,0.0,2.377684627000068e-06,0.0,0.0,1.8973388068839818e-06,0.0,0.0,1.0463626207641124e-06,0.0,0.0,0.0,0.0,1.0365785876899624e-06,0.0,2.8533656556910767e-05,0.0,0.0,0.0,1.0823932492810829e-07,1.5490388077096414e-06,4.270110262283945e-06,0.0,0.0003843250368998624,0.0,0.0,0.0,0.0,0.0,0.0,0.0,1.6403624443900277e-06,0.0,0.0,0.0,0.0,2.1425514641872855e-06,9.005781273309817e-07,3.7534468590472174e-05,1.6247254425557841e-06,0.0,2.437988480225393e-06,0.0,1.3799680707438748e-06,0.0,5.036785713240355e-05,0.0,0.0,0.0,5.912527770711857e-07
1997-01,2.8251309338887114e-07,0.0,0.0,0.0,0.0,0.0,1.0050160610012136e-06,0.00018008993641058357,0.0,0.0,0.0,0.0,0.0,6.771894489003214e-07,1.3875685235012412e-06,0.0,1.01443218705613e-06,1.755378531866832e-06,1.1870238503166112e-07,2.768890006109737e-07,0.0,0.0,0.0,2.8678155394727717e-05,0.0,3.228879691407531e-05,0.0,0.0,8.505559810892266e-07,0.0,0.0,0.0,0.0,0.0,0.0,0.0,0.0,0.0,0.0,0.0,0.0,3.3803669576419546e-05,0.0,0.0,7.142107143865796e-06,2.074605695150299e-06,3.25349875403121e-05,2.754418157537377e-06,0.0,0.0,1.7283127361629977e-07,3.499546487299856e-06,0.0,4.8623336291853975e-05,5.261886668449844e-05,0.0,0.0,0.0
1997-02,3.335390766953085e-06,0.0,0.0,9.530031993693067e-09,0.0,0.0,1.2127534959875657e-06,0.00018440106218652364,7.87937643028749e-07,0.0,0.0,0.0,0.0,5.228385162199742e-07,1.1146789140284163e-06,0.0,2.060529578467498e-06,0.0,1.3172211781490687e-06,0.0,0.0,0.0,0.0,0.0,0.0,1.67411855287921e-06,0.0,9.633649932731316e-07,1.5732242458145994e-06,1.9298103892362307e-06,0.0,0.0,0.0,0.0,0.0,0.0,0.0,0.0,0.0,0.0,0.0,3.6912727376834486e-05,0.0,0.0,0.0,3.646578264570114e-08,3.4244629503810474e-05,7.351117603257573e-08,1.1380720061588238e-06,4.5327253929757817e-07,0.0,1.8252162068905855e-06,7.081207175482825e-07,5.096665642182426e-05,0.0,0.0,4.7012811487096367e-07,0.0
1997-03,0.0,0.0,0.0,1.7135992536223692e-06,0.0,0.0,5.122540502750777e-07,0.0001836104853442586,5.5784120519515936e-08,0.0,0.0,0.0,0.0,4.202010559896871e-07,2.6526252238970248e-06,0.0,1.2859668584979527e-07,3.549076693646659e-08,2.7332643541854424e-06,0.0,4.3284109997747403e-07,0.0,0.0,3.074741284951388e-05,0.0,0.0,0.0,0.0,6.089613529100778e-07,0.0,0.0,0.0,0.0,0.0,0.0,0.0,0.0,0.0,0.0,4.977521359809503e-05,0.0,4.63019903085133e-07,0.0,0.0,0.0,0.0,6.498128531189154e-07,0.0,3.949358951704983e-06,1.430482802703836e-06,3.722774418552406e-07,3.5416973812535322e-06,0.0,3.2677029127218054e-07,0.0,0.0,0.0,0.0
1997-04,0.0,0.0,0.0,0.0,0.0,0.0,3.393293607240932e-05,0.0,7.816340444690758e-07,0.0,0.0,0.0,8.34867003266973e-07,3.757615255199423e-07,3.5049994383315674e-06,0.0,1.2673472397868626e-06,5.824976471898481e-07,5.367310772597997e-07,0.0,4.1576694946616756e-06,0.0,0.0,0.0,0.0,5.45778998371129e-07,6.180103926939787e-05,0.0,0.0,0.0,0.0,0.0,1.1268372703044095e-06,0.0,6.438783760098835e-07,0.0,0.0,0.0,0.0,0.0,0.0,5.616908181113982e-07,0.0,0.0,0.0,0.0,1.7760724717006196e-07,7.348493154874652e-08,3.693010546052089e-06,1.4906204495335866e-05,3.28795568068984e-07,0.0,0.0,2.7097040102370477e-06,0.0,0.0,0.0,0.0
1997-05,5.913395954315754e-07,0.0,0.0,0.0,0.0,0.0,3.131270053949404e-05,0.0,3.26317536240477e-07,0.0,0.0,0.0,0.00018394271304702608,1.4007749566045045e-06,8.675437671953196e-07,0.0,1.4035795521100992e-06,7.033524403928393e-07,1.465839807824736e-06,0.0,0.0,0.0,0.0,3.185906496957929e-05,0.0,0.0,0.0,0.0,8.203087895675421e-07,1.5999945608777267e-07,0.0,0.00037586349622284676,0.00013118552876228734,0.0,8.681381791280655e-05,0.0,0.0,0.0,0.0,0.0,0.0,3.607482271267032e-05,0.0,1.0438877580564062e-06,0.0,1.4288845653345865e-06,0.0,0.0,1.2700148448608478e-08,1.615384556574162e-05,0.0,0.0,1.3814938886118274e-06,4.2791905767233796e-07,0.0,8.457835964486519e-07,0.0,0.0
1997-06,0.0001102207412766377,0.0,0.0,0.0,0.0,0.0,8.563594529370534e-07,0.0,4.70493654457305e-07,0.0,0.0,0.0,0.0,7.825783093174527e-08,7.024566953181884e-06,0.0,0.0,1.3986445518141683e-07,1.8933240749498581e-06,4.785247906367307e-07,1.3010866864743773e-06,2.1154815329151728e-06,0.0,0.0,0.0,0.0,6.324313250796607e-05,0.0,0.0,3.1340584016053066e-06,0.0,0.0,0.0,0.0,0.0,0.0,0.0,0.0,0.0,1.520186149635859e-06,0.0,0.0,0.0,0.0,0.0,5.430561585340887e-07,0.0,5.583143035631302e-07,0.0,0.0,0.0,0.0,2.2354497560576545e-08,0.0,0.0,4.5977662222180734e-08,0.0,3.8565475291653385e-07
1997-07,0.0,0.0,0.0,1.720758983094345e-07,0.0,5.9333159027576856e-05,3.77713975095017e-05,0.0,0.0,0.0,0.0,0.0,0.0,1.7488729382601764e-07,0.0,0.0,0.0,7.752260050849069e-07,1.1679768306672046e-06,0.0,0.0,1.2841457074968047e-06,0.0,0.0,0.0,0.0,0.0,0.0,0.0,2.1921545480296163e-06,0.0,0.0,0.0,0.0,0.0,0.0,0.0,0.0,0.0,9.31548470484319e-07,0.0,1.9594102111985743e-07,0.0,2.3948408700756317e-06,0.0,0.0,0.0,6.086212608992365e-07,0.0,1.4849154163131587e-05,0.0,6.005162696262999e-05,7.667633776623946e-07,3.736384220959614e-05,0.0,2.624248778502966e-07,5.063663732317488e-08,0.0
1997-08,0.0,0.0,0.0,0.0,0.0,0.0,1.8082494870876285e-06,0.0,8.776708774646848e-07,0.0,0.0,0.0,0.0,2.3462089513396277e-06,0.0,0.0,0.0,1.5434234297991827e-06,0.0,1.1460127592544683e-06,0.0,3.7668580221437223e-06,0.0,2.6344661697148948e-05,0.0,0.0,0.0,0.0,1.7441229308289667e-06,2.5632933933878095e-06,0.0,0.0,0.0,0.0,0.0,0.0,0.0,0.0,0.0,2.7679230156122947e-06,0.0,0.0,0.0,0.0,2.218113970250263e-08,1.1974487210040173e-06,0.0,1.5862737063867816e-06,0.0,1.4923345444573089e-05,3.1572975678181506e-05,0.0,1.2604682884287278e-06,3.7123215034834716e-05,3.475133949633856e-07,8.493882318902808e-07,0.0,0.0
1997-09,0.0,0.0,0.0,0.0,0.0,0.0,0.0,8.23785788261991e-07,3.226037282403754e-07,0.0,1.457711551495211e-07,0.0,0.0,0.0,0.0,0.0,0.0,1.1354768715983577e-06,0.0,0.0,0.0,0.0,0.0,0.0,0.0,0.0,0.0,0.0,0.0,8.229774894863568e-07,0.0,0.0,0.0,0.0,0.0,0.0,0.0,0.0,0.0,0.0,0.0,0.0,0.0,0.0,0.0,0.0,0.0,4.484808608028919e-07,2.0803549707378923e-06,1.119831579524437e-06,0.0,0.0,4.404557879704053e-07,3.7066179836707084e-05,4.681205124187106e-07,2.9892164184477243e-05,0.0,1.7693102311435936e-07
1997-10,0.0,0.0,0.0,0.0,0.0,0.0,0.0,4.851375089198764e-06,4.586103508518024e-07,0.0,3.4489634341104692e-06,0.0,0.0,0.0,0.0,0.0,0.0,0.0,0.0,1.0726634488680744e-06,0.0,1.1505381772633077e-06,0.0,0.0,0.0,2.0536493390467537e-07,1.0914359476804983e-06,0.0,0.0,5.397014421385932e-07,0.0,0.0,0.0,0.0,0.0,0.0,0.0,0.0,0.0,0.0,0.0,1.2596874764299673e-07,0.0,0.0,0.0,4.002634318424035e-05,0.0,0.0,0.0,5.36626476623666e-07,0.0,0.0,0.0,0.0,4.0646840331877083e-07,0.0,3.349403424585968e-07,3.16295816192263e-05
1997-11,0.0,0.0,0.0,0.0,0.0,0.0,0.0,0.0,2.783196489973602e-07,0.0,1.0275595293936513e-06,0.0,0.0,0.0,0.0,0.0,0.0,1.682346446309579e-06,4.546760715590133e-07,2.1308840292927643e-05,0.0,0.0,0.0,0.0,0.0,1.1361102815656346e-06,0.0,0.0,0.0,0.0,0.0,0.0,0.0,0.0,0.0,0.0,0.0,0.0,0.0,6.630640635230146e-07,2.5304592737938892e-08,3.396098620227005e-05,0.0,0.0,0.0,3.6193442434867955e-05,1.0438285951977455e-06,4.63514646551896e-05,1.7341873693504373e-06,8.69774330847629e-07,0.0,0.0,0.0,3.856634878837084e-05,3.8373951001748063e-07,0.0,5.733421014699966e-08,0.0
1997-12,2.9014556478557106e-07,0.0,0.0,0.0,0.0,0.0,1.0601662341778832e-06,1.3735308270465542e-06,5.484257745746492e-07,0.0,9.041830630465709e-08,0.0,0.0,8.385272459644766e-09,0.0,0.0,3.830940677413373e-07,0.0,0.0,0.0,0.0,0.0,0.0,0.0,0.0,0.0,0.0,9.429023818005692e-07,0.0,0.0,0.0,0.0,0.0,0.0,0.0,0.0,0.0,0.0,0.0,3.1658214162196346e-07,3.6980643129995374e-05,0.0,0.0,0.0,0.0,3.9111472323531935e-05,3.0457161396168802e-05,0.0,1.0399173437679183e-06,1.3445357274696001e-05,9.624096350413536e-07,0.0,0.0,0.0,2.124163352938864e-07,0.0,4.2263774035314687e-07,0.0
1998-01,1.0067453561496756e-06,0.0,0.0,9.934618139700532e-05,0.0,0.0,8.458870337425124e-08,5.574446498786301e-06,2.097030758906833e-06,0.0,4.066492370422836e-06,0.0,0.0,1.791166395174272e-06,0.0,0.0,1.39387681011122e-06,0.0,0.0,0.0,0.0,0.0,0.0,3.6888997201376706e-07,0.0,1.2651124147435004e-06,0.0,7.37455525132491e-07,1.4247398903888751e-06,0.0,0.0,0.0,0.0,0.0,0.0,0.0,0.0,0.0,0.0,0.0,0.0,0.0,0.0,0.0,1.5074615590261741e-06,1.1528769506447164e-06,6.290366173960193e-08,4.993801418687334e-05,0.0,1.9132103831962042e-07,9.50215430329875e-07,0.0,0.0,0.0,3.0441507642131433e-06,1.4625520045591714e-07,1.2807782589977362e-06,1.8175117054323817e-06
1998-02,0.0,0.0,0.0,0.00010191371487010334,0.0,0.0,1.2836624753910266e-06,2.8844751009611536e-07,4.98075589418244e-07,0.0,0.0,0.0,0.0,1.3208102297728452e-06,0.0,0.0,0.0,3.502048410404693e-05,0.0,0.0,8.949017461916883e-07,0.0,0.0,2.3246741281096605e-08,0.0,0.0,0.0,1.7712874751405379e-06,9.793240850290466e-07,0.0,0.0,0.0,0.0,0.0,0.0,0.0,0.0,0.0,0.0,2.9371881444352697e-06,6.037283130542678e-08,0.0,0.0,0.0,0.0,0.0,0.0,0.0,0.0,4.501348497807419e-07,3.569610765945357e-07,0.0,3.082952356593182e-05,0.0,5.657430486414274e-05,6.35233812501022e-07,0.0,3.1515716882618214e-07
1998-03,0.0,0.0,0.0,0.0,0.0,0.0,5.076315237695015e-08,0.0,1.4571783425663434e-06,0.0,0.0,0.0,5.924829360660633e-07,1.7593473116606502e-06,0.0,0.0,9.556088674817984e-08,0.0,0.0,9.253862229098922e-08,2.6992465793248338e-06,7.180255703199065e-07,0.0,2.6139446418181296e-05,0.0,0.0,0.0,4.138370344695479e-05,9.57108117374119e-07,1.1971293377455588e-06,0.0,0.0,0.0,0.0,0.0,0.0,0.0,0.0,0.0,0.0,1.0194287403841421e-06,3.1531518879606084e-05,0.0,0.0,0.0,8.898836438405791e-07,7.744494637135918e-07,5.578826579148967e-05,1.9283710610347623e-07,1.471785566115416e-05,2.7697966030468034e-05,0.0,0.0,3.4517651400244334e-05,0.0,1.1634819227182067e-06,4.318738815343292e-07,1.1303113052628187e-06
1998-04,0.0,0.0,0.0,0.0,0.0,0.0,3.5470485304333124e-07,0.0,2.0117432846010475e-07,0.0,0.0,0.0,1.3840056774008513e-06,5.054170162046637e-06,0.0,0.0,6.6138476805419175e-06,0.0,2.5215114814320685e-08,8.236615324870057e-08,0.0,1.1891851273786378e-06,0.0,0.0,0.0,0.0,0.0,0.0,5.848136251000745e-06,1.3720864465259845e-06,0.0,6.346673186119756e-07,0.0,0.0,0.0,0.0,0.0,0.0,0.0,1.1396047058906955e-06,5.524780221430603e-07,0.0,0.0,2.668208145971608e-06,0.0,0.0,0.0,0.0,2.756599639583302e-05,0.0,0.0,0.0,0.0,0.0,2.5117201947578093e-06,3.9121550439158437e-07,7.573883200427365e-07,0.0
1998-05,0.0,0.0,0.0,0.0,0.0,9.235177088988967e-07,4.3910371638485396e-07,9.196878296943698e-06,3.5148012749374075e-06,0.0,9.580483409999813e-07,0.0,2.1309608144001595e-06,0.0,0.0,0.0,1.3711562798671383e-06,0.0,4.921633190541358e-07,7.968567632910695e-07,0.0,0.0,0.0,0.0,0.0,6.514411293470218e-07,0.0,0.0,1.057388439537621e-08,0.0,0.0,3.2474358616260967e-06,1.2040689222439088e-06,0.0,0.0,0.0,0.0,0.0,0.0,4.288064073337244e-06,1.1371025986069844e-06,1.3434798906209953e-07,0.0,0.0,0.0,0.0,0.0,0.0,0.0,1.4392717865509284e-05,8.66535436961198e-07,0.0,2.0783218711416773e-07,0.0,0.0,7.572359179581957e-07,1.1674997510922585e-06,0.0
1998-06,0.0,0.0,0.0,0.0,0.0,0.0,0.0,0.0,0.0,0.0,0.0,0.0,8.75402907537269e-06,0.0,1.4290858571496672e-07,0.0,7.062799398501949e-08,0.0,1.3370860676939617e-05,8.389754371169282e-07,1.1780485091964638e-07,5.953456088870421e-07,2.9744430870755634e-05,0.0,0.0,0.0,0.0,0.0,0.0,6.181747655287714e-07,0.0,0.0,5.915731400716919e-06,0.0,4.9042488446310316e-08,0.0,0.0,0.0,0.0,5.170834390541383e-07,6.544534936658159e-08,1.967598613854347e-07,0.0,5.153842923502259e-05,0.0,8.536508719717388e-07,5.3796031353799815e-09,0.0,0.0,0.0,0.0,0.0,0.0,0.0,0.0,3.456642061903069e-07,3.349429979208913e-07,0.0
1998-07,0.0,0.0,0.0,0.0,0.0,0.0,3.5952199294758164e-05,0.0,0.0,0.0,2.9115010468800107e-06,0.0,1.9243945997553247e-07,0.0,5.839419693831019e-06,0.0,4.1639054551343215e-07,2.225566324706354e-07,5.579796361925813e-07,0.0,0.0,0.0,0.0,2.138513841255643e-06,0.0,2.353563842634656e-07,0.0,0.0,0.0,1.0921164007690471e-06,0.0,0.0,0.0,0.0,0.0,0.0,0.0,0.0,0.0,4.651633148207279e-07,1.0737189689152428e-06,0.0,0.0,0.0,0.0,0.0,9.72199735933193e-07,0.0,2.8647471323025674e-05,1.5264386537709492e-05,2.279979625971762e-07,4.162616237794065e-05,3.347150541050427e-07,3.318912749723393e-05,0.0,1.298056174090994e-06,1.2761514580313695e-06,0.0
1998-08,1.8510709266599396e-06,0.0,0.0,0.0,0.0,4.128739845333005e-06,0.0,0.0,0.0,0.0,1.6360073351675553e-06,0.0,3.04737163065108e-06,7.962127291602503e-05,1.6878907305265187e-06,0.0,1.938457528760984e-06,3.212353038146692e-07,0.0,0.0,0.0,0.0,0.0,1.3648521672531122e-06,0.0,1.2387975865852524e-06,4.717465385890512e-05,0.0,0.0,0.0,0.0,0.0,2.436627148015361e-06,0.0,1.2545138838281207e-06,0.0,0.0,0.0,0.0,4.949735708798842e-07,1.279252131128351e-06,9.041489995676756e-07,0.0,0.0,3.944083496212336e-07,0.0,0.0,4.5761025142289486e-05,2.733940596650051e-05,1.2273806184082783e-05,2.005669883905258e-06,0.0,5.974069701099767e-07,3.238452020853498e-05,4.2027612815028274e-07,5.129248704935935e-07,1.512096630395707e-06,5.45370625714553e-07
1998-09,3.226165309779254e-06,0.0,0.0,0.0,0.0,6.188235302707672e-06,3.559170006279984e-07,1.147586753262167e-06,2.889556258297909e-06,0.0,0.0,0.0,0.0,6.967071329540761e-07,9.319042854356863e-07,0.0,4.35871235271526e-06,3.7055991397803856e-07,0.0,9.227216491329935e-07,0.0,4.2813549718146246e-05,5.295007084737524e-05,1.043396182673623e-06,0.0,2.5499921561316417e-06,0.0,1.8041959149362012e-06,1.1798630057031912e-06,0.0,0.0,1.0411030191766729e-05,0.0,0.0,6.638023560346512e-07,0.0,0.0,0.0,0.0,0.0,1.8162386982307922e-06,2.0987611124064116e-06,0.0,1.5048287211915125e-06,3.2843795840757014e-06,1.8007266547508757e-06,1.608173501548042e-06,5.815892675192086e-08,5.697520181844433e-07,2.771694037282174e-07,1.7817281513009906e-06,0.0,1.4568802651999634e-06,5.353847569191471e-07,2.6698372649198442e-06,1.7425966723437768e-06,1.5899546041028487e-06,2.0909733252450438e-06
1998-10,0.0,0.0,0.0,0.0,0.0,0.0,1.2584398261290888e-06,0.0,9.077069237237167e-07,0.0,0.0,0.0,0.0,0.0,0.0,0.0,0.0,1.4941634748116463e-06,6.395947267291095e-07,9.609456608610027e-07,5.692258501630328e-05,3.572842726877919e-07,0.0,0.0,0.0,3.7654902163579073e-07,0.0,1.2000229846530902e-06,7.149425142531277e-05,9.498395306188241e-07,0.0,1.478467779685494e-06,0.0,0.0,0.0,0.0,0.0,0.0,0.0,0.0,0.0,0.0,0.0,0.0,0.0,0.0,0.0,0.0,4.365095539957623e-07,2.4006812937682477e-08,0.0,2.0545960032629373e-07,5.189547963866376e-06,6.154876275303589e-08,3.504124635066545e-07,5.317372945154945e-07,0.0,0.0
1998-11,0.0,0.0,0.0,0.0,0.0,0.0,0.0,0.0,9.75090665574132e-07,0.0,0.0,0.0,0.0,0.0,0.0,0.0,6.78646559490205e-05,4.454031066322972e-07,0.0,0.0,6.005114450118354e-05,4.598773109772621e-05,6.279636484448963e-05,0.0,0.0,0.0,0.0,0.0,7.653011965152801e-05,3.198556421650702e-06,0.0,0.0,0.0,0.0,0.0,0.0,0.0,0.0,0.0,0.0,0.0,0.0,0.0,0.0,0.0,0.0,0.0,0.0,0.0,0.0,0.0,5.730686091720838e-07,1.6459877720758597e-06,0.0,0.0,0.0,0.0,0.0
1998-12,0.0,0.0,0.0,9.849508946953666e-05,0.0,0.0,1.2550592654655448e-06,0.0,1.619844038770614e-06,0.0,0.0,0.0,0.0,0.0,0.0,0.0,0.0,0.0,0.0,0.0,0.0,0.0,6.466436243611208e-05,0.0,0.0,0.0,0.0,0.0,0.0,7.538394708335763e-07,0.0,2.6222972169468726e-06,0.0,0.0,0.0,0.0,0.0,0.0,0.0,0.0,2.8092418086505048e-08,0.0,0.0,0.0,0.0,3.0222592890140598e-05,7.110192882439758e-07,0.0,0.0,8.871904107637221e-07,8.169804352126803e-07,0.0,1.2925049828338455e-06,0.0,0.0,8.71213988710505e-07,0.0,6.582304476716976e-07
1999-01,0.0,0.0,0.0,0.00010309444535668308,0.0,0.0,1.5883032278624816e-06,0.0,2.1986388678551654e-06,0.0,0.0,0.0,0.0,0.0,0.0,0.0,0.0,8.540049799899905e-09,0.0,0.0,0.0,2.8879226419172706e-07,6.491467545734825e-05,0.0,0.0,2.2881926469913576e-07,1.4606091162950448e-07,5.266549405842854e-07,7.238718419428076e-05,6.758345656954247e-07,0.0,7.873832199021824e-06,0.0,0.0,1.8694946656402437e-06,0.0,0.0,0.0,0.0,5.794424116684488e-07,5.726270968672461e-07,1.0460852631116735e-06,0.0,1.0772201019606e-06,0.0,0.0,1.4271176380347782e-06,1.0446749979284402e-06,0.0,1.1353987404122396e-06,2.223871262026828e-06,4.340255909179821e-05,1.0540965506857583e-06,1.8214151680450915e-07,8.844880402776625e-07,3.6433352056009645e-07,2.4709772509666667e-07,1.5636084505165557e-06
1999-02,0.0,0.0,0.0,0.0,0.0,0.0,3.647108993720255e-07,0.0,5.253602042610967e-07,0.0,0.0,0.0,0.0,2.944065583849534e-07,0.0,0.0,0.0,2.5621695494792567e-05,7.486941828594059e-07,2.5156477013587038e-05,0.0,0.0,0.0,0.0,0.0,0.0,3.380522383651941e-07,1.1427714833693003e-06,0.0,1.0613450064090279e-06,0.0,0.0,0.0,0.0,0.0,0.0,0.0,0.0,0.0,3.4667192955359016e-07,0.0,0.0,0.0,0.0,0.0,0.0,4.5818251257918016e-07,8.156243232388151e-07,3.592936628098436e-07,5.979386443334088e-07,0.0,4.417576101929535e-05,8.399767062908028e-07,6.199004684140519e-07,0.0,0.0,0.0,3.2133984296158736e-06
1999-03,0.0,0.0,0.0,0.00010426427011360292,0.0,0.0,1.2128282454244646e-06,0.0,1.5975394514725385e-06,0.0,2.465022681080259e-06,0.0,0.0,1.6140832717949846e-06,1.719547413810793e-06,0.0,0.0,6.543015905606902e-07,3.811524751880782e-07,0.0,0.0,0.0,0.0,4.821733838887392e-07,0.0,0.0,0.0,1.3865252492133614e-06,7.557648164211307e-05,0.0,0.0,2.8295254287156735e-06,0.0,0.0,2.4478629922570354e-06,0.0,0.0,0.0,0.0,5.836652053414389e-07,1.2495629628829827e-06,7.151906894634231e-07,0.0,5.3068628659753155e-05,3.494813162283547e-07,0.0,7.882545409217505e-07,9.976024960506176e-07,7.325049410501859e-07,7.818052831074229e-07,5.996358111377866e-07,4.6356821005830054e-05,1.5629542669607192e-06,1.3708764925384512e-06,0.0,3.0625097323519825e-07,1.5016264138549615e-06,0.0
1999-04,0.0,0.0,0.0,0.0,0.0,0.0,7.534889047512358e-07,0.0,0.0,0.0,0.0,0.0,0.0,0.0,0.0,0.0,0.0,0.0,0.0,0.0,0.0,4.059911730120848e-05,1.796789638343066e-07,0.0,0.0,3.7794270548100915e-05,0.0,5.799342436082142e-07,0.0,5.154276071788061e-07,0.0,0.0,0.0,0.0,2.0352837530390743e-07,0.0,0.0,0.0,0.0,6.830999752894598e-07,6.1143151583649376e-06,0.0,0.0,5.366805578448704e-05,1.9483068108631235e-07,0.0,0.0,0.0,0.0,3.290299614461447e-07,0.0,4.244121794064651e-05,1.8650841168636398e-07,0.0,0.0,4.072066832055484e-06,0.0,0.0
1999-05,8.643154536146242e-05,0.0,0.0,0.0,0.0,0.0,1.1619691639904484e-06,2.474321576522401e-06,0.0,0.0,0.0,0.0,0.0,8.582738429501758e-05,0.0,0.0,0.0,0.0,0.0,0.0,1.7449740191314706e-06,4.05182538758168e-05,1.7188412870671465e-06,1.7246015507067208e-06,1.3074133080842926e-05,0.0,1.6212283219286666e-06,1.384545847138428e-06,0.0,1.4265740523991058e-06,0.0,0.0,0.0,0.0,0.0,0.0,0.0,0.0,0.0,0.0,1.3455117555092113e-07,1.935284208447151e-07,0.0,0.0,0.0,7.311679335533887e-07,5.122014640109098e-07,0.0,0.0,1.1009549557426667e-06,0.0,0.0,0.0,0.0,0.0,2.333528137147363e-05,0.0,1.3508219656185767e-06
1999-06,0.0,0.0,0.0,0.0,0.0,0.0,1.5909544204898188e-06,0.0,0.0,0.0,0.0,0.0,0.00019151118539894495,0.0,0.0,0.0,0.0,0.0,1.7393637008336875e-05,0.0,0.0,0.0,0.0,4.2334615104063985e-07,0.0,0.0,1.9516592624976501e-07,1.3641849193720552e-08,0.0,0.0,0.0,0.0,0.00013605997584346298,0.0,9.603033156043364e-05,0.0,0.0,0.0,0.0,2.3265765373861255e-07,0.0,2.7407545744207244e-07,0.0,5.7413548010613716e-05,0.0,0.0,0.0,0.0,0.0,2.059069506848768e-07,0.0,0.0,0.0,0.0,1.0241406573899582e-06,0.0,7.157701431186707e-07,0.0
1999-07,0.0,0.0,0.0,0.0,0.0,0.00012372821231772067,9.338474619824365e-07,0.00015235284499461255,1.5760334308158388e-06,0.0,0.0,0.0,0.0,0.0,0.0,0.0,0.0,0.0,5.317584868786132e-07,6.895911937124226e-07,0.0,0.0,1.5995549626069e-06,0.0,0.0,1.4601808862395766e-06,4.061753601058197e-05,4.019653131039216e-06,0.0,6.094765145599757e-07,0.0,0.00037894837782335674,0.0,0.0,0.0,0.0,0.0,0.0,0.0,0.0,2.5243130043847824e-05,6.782517037205415e-07,0.0,0.0,8.643137172140402e-07,0.0,3.3169438940580586e-05,1.1822372139010003e-06,0.0,0.0,0.0,0.0,0.0,1.4026432063430315e-07,7.265812709782646e-07,0.0,3.353962959265853e-07,8.588148707068897e-07
1999-08,0.0,0.0,0.0,0.0001095868275994104,0.0,0.0,0.0,0.0,8.556086081853813e-07,0.0,0.0,0.0,0.0,0.0,0.0001252301016668015,0.0,0.0,0.0,1.4739384796073498e-05,0.0,0.0,0.0,1.3582307223317103e-07,3.616720085988701e-05,0.0,0.0,0.0,0.0,0.0,0.0,0.0,0.0,0.0,0.0,0.0,0.0,0.0,0.0,0.0,0.0,0.0,1.3422943266137196e-06,0.0,0.0,1.2737897996753027e-06,3.0660326142861003e-05,3.0167520362421112e-05,1.3127782885767394e-06,0.0,0.0,0.0,0.0,4.489871289717756e-07,7.7057585695668e-07,6.550748726263337e-05,0.0,2.164900751406261e-07,0.0
1999-09,0.0,0.0,0.0,0.00010780750621714197,0.0,0.0,0.0,0.0,1.197261211953231e-06,0.0,0.00014838545380388546,0.0,0.0,0.0,0.0,0.0,0.0,1.2798286532226135e-06,0.0,0.0,0.0,0.0,1.1372473495991077e-06,0.0,0.0,0.0,0.0,2.5269735123056097e-06,0.0,0.0,0.0,0.0,0.0,0.0,0.0,0.0,0.0,0.0,0.0,0.0,1.3431063820880488e-06,0.0,0.0,0.0,0.0,0.0,3.0921735783587525e-05,1.3266479849353975e-07,3.017715998455216e-05,1.8102422880328005e-05,0.0,0.0,8.978779645632262e-07,0.0,0.0,7.67844013429244e-07,0.0,0.0
1999-10,1.864421010542433e-08,0.0,0.0,2.6181589298734932e-08,0.0,2.985122234765158e-08,8.108649134995483e-09,3.517173245570771e-08,1.269608234899175e-08,0.0,3.490476459069858e-08,0.0,4.734479733961572e-08,2.1749018005612352e-08,3.076988280192872e-08,0.0,1.2664973894859628e-08,2.4325642219352014e-05,2.7296885688408727e-07,9.474235619622018e-07,1.3523465055297751e-08,8.730976816143793e-09,3.003866157986063e-07,3.8492916025230925e-05,6.929121105316016e-09,8.98064330656298e-09,1.324945386462599e-07,3.045877618086384e-05,1.845962615026897e-08,1.1467024594910558e-08,0.0,9.516322763827856e-08,3.3764682800363486e-08,0.0,2.370523573513167e-08,0.0,0.0,0.0,0.0,8.809926811521422e-07,1.411896197645396e-06,1.3991296853655376e-06,0.0,1.458370059890038e-08,8.379466772637432e-06,7.205731681130326e-09,7.558135468856143e-09,9.24010644277537e-09,7.292238411324426e-09,1.606192332177817e-05,5.134102329581656e-07,4.404634211970554e-05,1.2319267592642362e-07,8.132611068446816e-09,1.7210721952175268e-08,1.1885394909946986e-06,1.410086216955403e-07,5.943571740246733e-09
1999-11,0.0,0.0,0.0,0.0,0.0,3.052041075019066e-07,0.0,0.0,0.0,0.0,0.0,0.0,0.0,0.0,0.0,0.0,0.0,2.383115116362888e-05,4.10257188836749e-08,1.7552547272624199e-06,0.0,0.0,0.0,0.0,9.679054206466995e-07,0.0,7.135551128038473e-08,0.0,7.696794503739279e-08,0.0,0.0,0.0,0.0,0.0,0.0,0.0,0.0,0.0,0.0,7.544107333102915e-07,0.0,1.310958711046268e-06,0.0,0.0,5.431950644529977e-05,0.0,0.0,0.0,2.9731859004690906e-05,1.667658233199628e-05,4.889479207986353e-07,0.0,1.3367158345593544e-06,0.0,0.0,0.0,1.643653693466255e-06,0.0
1999-12,0.0,0.0,0.0,0.0,0.0,3.778206975214797e-06,0.0,0.0,1.3454103858282288e-06,0.0,0.0,0.0,4.684284748397577e-07,0.0,0.0,0.0,0.0,0.0,1.9193678488364674e-05,0.0,0.0,0.0,0.0,3.184824719419735e-07,1.418318923257403e-06,0.0,0.0,2.5633920714281326e-05,1.90937533155159e-06,0.0,0.0,0.0,9.841381904737295e-07,0.0,2.403358313195346e-06,0.0,0.0,0.0,0.0,0.0,1.626956596823565e-07,1.2561297616836483e-06,0.0,0.0,5.004505793212119e-05,0.0,4.46546559493154e-07,0.0,0.0,1.457638015367577e-05,1.3566974757175493e-06,0.0,1.0464889317807723e-06,0.0,0.0,1.5220311283133635e-07,1.7107765012223281e-06,2.4710533219213357e-05
2000-01,0.0,0.0,0.0,1.3006137579668135e-06,0.0,5.5341503366374555e-06,1.3673164200455196e-06,0.0,1.1325035125278466e-06,0.0,3.5105321657353946e-06,0.0,7.3003117971195686e-06,1.6166878917034805e-06,0.0,0.0,0.0,4.834753971751094e-07,7.768971011112413e-08,3.9268931247377247e-07,0.0,0.0,0.0,1.3627707979557667e-06,3.576329776881736e-06,0.0,0.0,0.0,2.309531218985042e-06,0.0,0.0,0.0,5.436920195657599e-06,0.0,4.045423872713893e-06,0.0,0.0,0.0,0.0,1.180889951472107e-06,0.0,5.572269260264162e-07,0.0,0.0,0.0,0.0,0.0,1.3512830430432997e-07,2.9084096619279175e-05,0.0,1.1262935317728865e-06,0.0,2.6061312283468876e-06,1.1554906654793613e-06,0.0,0.0,8.503173407732445e-07,0.0
2000-02,1.1123190703917069e-06,0.0,0.0,1.026993907411395e-05,0.0,0.0,5.942476317829931e-07,0.0,2.774955221251693e-06,0.0,0.0,0.0,0.0,3.3392472703834763e-06,0.0,0.0,0.0,7.834668649388654e-07,8.401905783723138e-07,0.0,0.0,0.0,0.0,0.0,0.0,0.0,0.0,0.0,2.638123464782753e-06,0.0,0.0,0.0,6.359085986422375e-08,0.0,0.0,0.0,0.0,0.0,0.0,1.2651913961442778e-06,9.06558280603799e-07,0.0,0.0,0.0,7.187357822650148e-08,0.0,1.6083846782377446e-07,0.0,6.691382180780067e-08,1.7617713399972347e-05,0.0,0.0,0.0,0.0,0.0,1.259134346529002e-06,0.0,0.0
2000-03,2.081574885748068e-06,0.0,0.0,2.525399264202019e-06,0.0,0.0,1.0866975737111457e-06,0.0,0.0,0.0,2.0193462280601036e-06,0.0,9.562478893330034e-07,2.1250229654563023e-06,0.0,0.0,0.0,2.376476218563233e-05,1.4076639644615399e-05,1.0654213529949496e-06,4.980548392699777e-05,0.0,0.0,1.4165262163212122e-06,1.6897418825291017e-06,0.0,2.3173114642716273e-06,1.3653869960781502e-06,2.0473647590468492e-06,0.0,0.0,3.0513306469351078e-06,9.116848149235551e-07,0.0,0.0,0.0,0.0,0.0,0.0,1.0091386795885369e-05,2.0488064414722913e-06,0.0,0.0,0.0,5.036598885386408e-05,2.6082014727665595e-05,1.902204657423209e-06,8.065804005375349e-07,0.0,0.0,1.9683580912637345e-06,0.0,1.630481528345596e-06,3.308623895588386e-05,6.317025149451817e-07,1.1842963033058819e-06,4.888389610955366e-07,0.0
2000-04,7.542867756756606e-05,0.0,0.0,0.0,0.0,0.0,0.0,0.0,0.0,0.0,0.0,0.0,0.0,0.0,0.0,0.0,0.0,0.0,0.0,3.132395983884706e-08,5.0445082280813153e-05,2.1194555134698355e-07,0.0,0.0,3.955761918592628e-07,0.0,0.0,2.718943962387311e-05,0.0,0.0,0.0,0.0,0.0,0.0,0.0,0.0,0.0,0.0,0.0,0.0,7.34549472508443e-08,0.0,0.0,0.0,5.2574417648016535e-05,2.860150632519213e-05,0.0,1.2896006551332517e-06,0.0,0.0,0.0,1.5836046098996817e-07,0.0,0.0,0.0,0.0,0.0,0.0
2000-05,0.0,0.0,0.0,0.0,0.0,0.0,1.2074992654847807e-06,0.0001351080344181404,0.0,0.0,0.0,0.0,0.0,1.4560966151957663e-06,0.0,0.0,0.0,0.0,0.0,2.9640840706532257e-05,4.7125305369641324e-05,0.0,0.0,1.4686576669107368e-06,0.0,0.0,0.0,3.9454766363850384e-08,1.317892477365211e-06,0.0,0.0,0.0,0.0,0.0,0.0,0.0,0.0,0.0,0.0,0.0,0.0,0.0,0.0,3.30216695011331e-07,0.0,2.8276980459391757e-05,1.9190180215231113e-07,0.0,0.0,0.0,0.0,0.0,0.0,0.0,0.0,0.0,1.5057023724561e-06,0.0
2000-06,0.0,0.0,0.0,0.0,0.0,0.0,0.0,0.0,4.62097883916093e-05,0.0,9.331124044786865e-08,0.0,0.0,0.0,0.0,0.0,0.0,0.0,9.70263444565171e-07,0.0,0.0,0.0,0.0,1.6569020792586119e-06,3.4468208486448593e-07,5.747738688364445e-07,8.224318929410043e-09,2.179647553775865e-06,5.83906414049637e-07,0.0,0.0,1.1745794753814098e-06,0.0,0.0,0.0,0.0,0.0,0.0,0.0,0.0,2.477812048842185e-06,8.965354468821324e-07,0.0,9.192921312744379e-07,0.0,0.0,5.428764562528596e-08,0.0,0.0,4.3385403430375434e-06,2.3992719918151594e-07,1.624179488745582e-06,1.3180792098911945e-07,0.0,0.0,6.389767633626486e-07,0.0,0.0
2000-07,0.0,0.0,0.0,0.0,0.0,0.0,3.755549481804111e-07,0.0,3.6558376587156164e-05,0.0,2.2771886587457936e-06,0.0,0.0,0.0,0.0,0.0,0.0,0.0,1.610281126617025e-06,2.6986048379049923e-07,0.0,0.0,0.0,9.009389605588412e-07,0.0,3.424999604397518e-05,0.0,1.8386553928923001e-06,0.0,0.0,0.0,1.43159436674406e-06,0.0001422455022995903,0.0,0.00010430144966414163,0.0,0.0,0.0,0.0,0.0,5.758474581787406e-07,1.762378170063592e-06,0.0,8.722049231577045e-08,5.2266214215076284e-05,0.0,2.3666769230852244e-07,1.7164427474203671e-07,0.0,1.195330573655496e-07,1.7065274691008582e-06,3.026774174161653e-08,1.9060768723782144e-06,2.4007217662257336e-06,5.619587332682425e-07,1.6530442073917958e-06,7.810972992442055e-07,0.0
2000-08,0.0,0.0,0.0,5.043423821840393e-07,0.0,4.60660305585716e-06,5.703428598561599e-07,0.00013776909708095356,3.849763839243889e-05,0.0,8.766286453004563e-07,0.0,0.00019744271157915103,1.4549653874734863e-06,0.00011715427675383172,0.0,4.4862500329488884e-05,0.0,2.0245317770174917e-07,1.380731840933458e-06,0.0,0.0,0.0,2.5300055409112864e-06,0.0,0.0,0.0,3.6039884534705413e-06,1.1991981891284754e-06,0.0,0.0,5.003953933365446e-07,0.0,0.0,0.0,0.0,0.0,0.0,0.0,2.5320877181029996e-06,0.0,2.335366613994052e-06,0.0,2.6085390049574236e-07,0.0,0.0,0.0,6.30222749470926e-07,1.101518323504554e-06,0.0,1.8110010937338015e-06,1.8680475400145794e-06,6.19753502361653e-07,3.686253340274159e-05,1.0763446814880396e-06,0.0,2.0369220006496087e-06,0.0
2000-09,0.0,0.0,0.0,1.7642967760534284e-06,0.0,0.00013859022868666865,2.4578675220843555e-06,0.0,0.0,0.0,3.245599838280655e-06,0.0,0.0,2.3362660543384954e-06,0.00011995034380248209,0.0,0.0,2.241640234811137e-05,1.5243404534953515e-06,1.7461590302631225e-06,4.7473581386094463e-05,0.0,0.0,1.1700742313283246e-06,0.0,0.0,0.0,0.0,2.1822732360015015e-06,0.0,0.0,5.786431956191746e-06,0.0,0.0,8.605727469452527e-07,0.0,0.0,0.0,0.0,0.0,8.002423740578087e-07,2.404732879887662e-07,0.0,1.8469647653846026e-06,0.0,0.0,0.0,4.3894514882997923e-07,0.0,4.902692705833385e-07,1.925304572560932e-06,0.0,0.0,7.340165853946916e-07,6.625495492638264e-05,8.469996602559846e-07,6.728639208062396e-07,4.340106602720613e-07
2000-10,0.0,0.0,0.0,0.0,0.0,0.0,0.0,0.0001351856991822132,0.0,1.2517479729543934e-05,0.0001524235230975528,0.0,0.0,1.7018871923015627e-07,0.00012878809570673847,0.0,0.0,0.0,0.0,7.51159372127698e-07,0.0,0.0,2.079971114040055e-07,0.0,0.0,0.0,0.0,0.0,0.0,0.0,0.0,0.0,0.0,0.0,0.0,0.0,0.0,0.0,0.0,0.0,0.0,0.0,0.0,0.0,4.8617238314373104e-05,4.3931421185323255e-08,0.0,8.189655057275722e-08,0.0,7.545514119523932e-07,0.0,0.0,0.0,7.487386530682233e-08,0.0,0.0,4.247106835060521e-08,0.0
2000-11,3.9349428242879336e-07,0.0,0.0,1.2045936601461222e-06,0.0,0.0,3.8765117635003455e-07,0.0,0.0,0.0,0.0,0.0,0.0,1.8314752569354303e-06,0.0,9.698709623143544e-06,0.0,0.0,4.09655457017058e-07,1.2069078901323708e-06,5.6531580611592084e-09,0.0,0.0,0.0,2.3698690382193724e-07,9.896683556035736e-07,0.0,0.0,1.8745771293934497e-06,0.0,0.0,0.00036004614763916857,0.0,0.0,4.3059444712523904e-07,0.0,0.0,0.0,0.0,0.0,1.1241307682799407e-07,0.0,0.0,0.0,0.0,8.220491644319525e-07,3.190068870308745e-05,1.2826219303315682e-06,0.0,0.0,0.0,0.0,0.0,0.0,7.20643000228552e-05,3.945275318406622e-07,9.080778305604713e-07,0.0
2000-12,3.483720993944783e-07,0.0,1.5477954590085344e-05,1.9041166634591045e-06,0.0,0.0,1.333543793200097e-06,0.0,0.0,0.0,0.0,0.0,0.0,0.0,0.0,1.8527751731685625e-05,0.0,0.0,1.16951143575163e-06,0.0,4.631778571178379e-05,0.0,0.0,4.1327566725384705e-07,1.640718059314286e-05,4.7247360258085256e-07,2.7894128366544043e-05,0.0,0.0,3.950114512158623e-05,0.0,0.0,0.0,0.0,0.0,0.0,0.0,0.0,0.0,0.0,0.0,0.0,0.0,0.0,0.0,9.079291037779446e-07,0.0,1.27481358517487e-07,1.365135782922463e-06,2.402485543527658e-06,1.1035442851591513e-06,0.0,4.691828526264472e-07,3.860467111954058e-05,6.706737696849724e-05,3.0286609245868716e-07,2.8332034823231114e-07,0.0
2001-01,0.0,0.0,3.1367259243328186e-05,0.0,0.0,0.0,0.0,0.0,0.0,0.0,0.0,0.0,0.0,1.1169413732468048e-06,0.0,0.0,6.414075225341411e-07,0.0,8.713986743403516e-07,1.831551586754016e-06,0.0,0.0,0.0,6.327047249872834e-07,0.0,1.212861435952636e-06,0.0,0.0,0.0,0.0,0.0,0.0,0.0,0.0,0.0,0.0,0.0,0.0,0.0,1.5281328167557495e-06,0.0,0.0,0.0,0.0,0.0,1.2724210842893648e-06,0.0,6.392535756056736e-07,0.0,4.3751792255539e-06,0.0,0.0,1.094757048901638e-06,0.0,6.939564851241198e-05,0.0,0.0,0.0
2001-02,0.0,0.0,0.0,0.0,0.0,0.0,3.287632752178202e-05,0.0,3.317422811544209e-05,0.0,0.0,0.0,0.0,4.6883266157725366e-08,0.0,2.095813939653486e-05,1.7400777839913367e-07,4.498207700252485e-07,2.350003932768633e-07,0.0,0.0,0.0,0.0,3.125780208328745e-07,0.0,3.0261537921025953e-07,3.252689600183264e-05,0.0,0.0,0.0,0.0,0.0,0.0,0.0,0.0,0.0,0.0,0.0,0.0,1.1197024799206416e-06,0.0,0.0,0.0,5.6462514422438386e-05,7.303191157485497e-07,0.0,0.0,1.1659305374085369e-07,0.0,9.420079101780778e-07,4.316478047481503e-07,0.0,9.109472911303477e-07,3.556933969022782e-05,0.0,0.0,4.1527485323237387e-07,0.0
2001-03,1.0059818050281098e-06,0.0,0.0,0.0,0.0,0.0,0.0,0.0,6.525806725406723e-08,0.0,0.0,0.0,0.0,0.0,0.0,1.9246972265267677e-05,9.718494280747878e-07,1.0985013775975417e-06,4.1363933055122913e-07,1.4181870470083828e-06,2.839906530366469e-07,0.0,0.0,1.0679319117415202e-06,1.047455170651382e-06,1.2640723534007303e-06,2.884426931425581e-05,0.0,0.0,0.0,0.0,0.0,0.0,0.0,0.0,0.0,0.0,0.0,0.0,9.73495869733762e-09,0.0,0.0,0.0,5.958066950214866e-05,8.245627506755365e-07,7.805859898128952e-07,6.781488435844783e-07,0.0,1.0604549131176984e-07,5.353469275304855e-07,8.902593347238052e-07,0.0,0.0,0.0,0.0,0.0,1.0940778272485984e-06,0.0
2001-04,1.9296717810160444e-06,0.0,7.841653300295383e-07,0.0,0.0,0.0,0.0,1.961247860048691e-06,2.0353197341965185e-06,0.0,0.0,0.0,0.0,0.0,4.5705866054547575e-08,5.25425181557208e-07,2.239694940177058e-06,8.088744381565469e-07,1.1915986062198177e-06,0.0,1.931080944634723e-06,3.2510865264160416e-05,0.0,1.8008394715548111e-06,1.4796353787845706e-06,6.830990685602924e-07,0.0,1.2937740720962172e-06,0.0,1.2857421616171704e-06,0.0,0.0,0.0,0.0,1.0788401431963066e-06,0.0,0.0,0.0,0.0,1.1108140339182769e-06,0.0,1.7120992819839413e-06,0.0,5.877457714228655e-05,1.8567030155055668e-06,1.3107303701577165e-06,1.5962043980572386e-06,2.020364594995227e-07,3.034732193031132e-05,4.84225475692178e-07,9.809509536423018e-07,0.0,1.5498563704661617e-06,6.257379223587496e-07,0.0,3.7261739550074633e-07,1.9553554746203644e-06,0.0
2001-05,0.0,0.0,0.0,0.0,0.0,0.0,0.0,0.0,0.0,2.184677559907002e-06,0.0,0.0,0.0,0.0,0.00012741904759158877,0.0,0.0,0.0,0.0,3.975464519474494e-06,0.0,3.763505839918768e-05,0.0,0.0,3.824219821960875e-07,0.0,0.0,1.9440876259977507e-07,0.0,0.0,0.0,0.0,0.0,0.0,0.0,0.0,0.0,0.0,0.0,2.3903346076751317e-07,1.6613174269944283e-06,0.0,2.0690726437578423e-05,6.573022782232346e-05,0.0,0.0,0.0,1.389822389038231e-07,3.588035736025942e-05,1.2743949050069392e-07,0.0,2.1584333243930553e-08,0.0,0.0,0.0,0.0,0.0,2.160144213788866e-05
2001-06,0.0,0.0,0.0,0.0,0.0,0.0,2.245419527075153e-07,0.0,1.360047748084228e-06,2.6178822035732398e-05,0.0,0.0,0.0,0.0,0.0,0.0,0.0,0.0,4.2306455706724726e-07,9.962955617776933e-07,0.0,0.0,0.0,0.0,0.0,0.0,3.090443148110544e-05,0.0,0.0,0.0,0.0,0.0,0.0,0.0,0.0,0.0,0.0,0.0,0.0,5.504671211414205e-07,0.0,6.500293860125864e-07,0.0,0.0,0.0,6.696161657796674e-07,0.0,6.456562661572729e-07,0.0,9.111918710258934e-07,0.0,0.0,0.0,0.0,0.0,0.0,0.0,2.150201304080928e-05
2001-07,0.0,0.0,0.0,5.7321461772966155e-08,0.0,0.00014002161486930182,0.0,0.0,1.2914729179927116e-06,0.0,0.0,0.0,0.0,0.0,0.0,1.0055354289939533e-08,0.0,6.99081274538188e-08,6.237014276399728e-07,0.0,0.0,0.0,0.0,0.0,0.0,0.0,3.0428992295560313e-05,1.1396021064333049e-06,0.0,0.0,0.0,0.0,0.0,0.0,0.0,0.0,0.0,0.0,0.0,5.606859294972145e-07,3.9564168692481867e-07,7.7398267464528e-07,0.0,0.0,0.0,1.0996225136011978e-06,1.1240072042505556e-06,0.0,4.6957105898408697e-07,1.1167160546141629e-06,0.0,0.0,0.0,0.0,0.0,1.6491034704275456e-05,1.5317069850309327e-07,0.0
2001-08,0.0,0.0,0.0,0.0,0.0,0.00014492193940642548,0.0,0.0,0.0,0.0,0.0,0.0,0.0,0.0,0.00012880394468900007,5.610353307683776e-07,0.0,0.0,1.3661241708364524e-06,0.0,0.0,0.0,0.0,6.649501001719238e-07,0.0,0.0,0.0,1.944351836209493e-05,0.0,0.0,0.0,0.0,0.0,0.0,0.0,0.0,0.0,0.0,0.0,1.4187226395974902e-05,1.6255259132396184e-07,0.0,0.0,7.395318125848274e-07,0.0,1.8894334712045088e-07,5.854527043632832e-07,3.2612692520193086e-05,5.503443396928237e-07,0.0,3.8229616802740694e-05,3.7657145537774746e-05,8.213271130821238e-08,3.9244391143967834e-05,2.645040125929851e-06,1.7972037212081815e-05,0.0,0.0
2001-09,0.0,0.0,1.6288228818716194e-06,0.00011012972302090732,0.0,0.0,0.0,1.152184053094113e-07,9.433470503787487e-07,0.0,0.0,0.0,0.0,7.487574177959383e-05,0.0,8.850775684881972e-07,0.0,0.0,1.8787144561159715e-07,2.6630656112122966e-05,7.528349699978815e-07,3.527300704945918e-05,4.062975821601624e-06,4.2168228123530895e-07,5.051621856042706e-07,2.2190847742725677e-06,1.566506277546868e-06,0.0,7.464994042590758e-05,1.1333878320222043e-06,0.0,0.0,0.0,0.0,0.0,0.0,0.0,0.0,0.0,0.0,0.0,0.0,2.0852860355182643e-06,0.0,0.0,1.633072732351828e-06,3.1476676860088537e-07,2.5394936072723984e-05,0.0,9.099177993945596e-06,0.0,0.0,1.4849242773963736e-06,3.3480919993799124e-05,1.4314174142264492e-07,1.7837339214508715e-05,0.0,0.0
2001-10,0.0,0.0,2.206821554147082e-06,0.0,0.0,3.66102194644613e-06,0.0,6.564187803774303e-06,2.0162845944459996e-06,0.0,4.0572867244337976e-06,0.0,0.0,2.1897573259815894e-07,1.6814427875982488e-06,1.381022264096721e-06,0.0,1.0352126996424644e-06,1.4950995992045955e-06,2.1484015271412603e-05,2.1124523330910415e-06,5.796850818385185e-07,1.5344444184592562e-06,3.1689983121237357e-06,1.810033081253929e-06,1.7826867963190736e-06,2.0635462032757743e-06,7.682729127200596e-07,0.0,2.301557238858408e-06,0.0,0.0,0.0,0.0,0.0,0.0,0.0,0.0,0.0,1.0785790360387013e-06,1.5777569227476625e-05,8.868498884028985e-07,1.8888995500273946e-06,6.258170656818101e-05,5.226749513210994e-05,3.467970569423495e-08,1.6445407448793768e-06,4.759056574437561e-07,0.0,7.460978493641825e-07,1.2538055636793915e-06,4.000447905082652e-07,1.2315894535715587e-06,2.0165664538365248e-07,6.171960929053581e-05,8.0227029455198e-07,1.140664904672026e-06,0.0
2001-11,0.0,0.0,0.0,0.0,0.0,0.0,0.0,2.0789667237635227e-06,1.8557177225783528e-06,1.5231260402496766e-06,0.0,0.0,0.0,1.302490582924455e-06,0.0,2.201929477414797e-06,6.18027333202225e-06,2.728147864436887e-05,1.1003804249478093e-06,0.0,6.859849264793973e-07,5.877089502941135e-08,4.793205317610294e-08,1.1587426486201966e-06,0.0,0.0,0.0,7.360835800934024e-08,0.0,8.3438577492366e-07,0.0,0.0,0.0,0.0,0.0,0.0,0.0,0.0,0.0,8.476615702507568e-07,3.286938497166214e-07,1.3663186745755605e-06,1.0134367105349118e-06,0.0,0.0,1.68955288568471e-06,9.707962747430854e-07,3.464852499265106e-07,0.0,3.9377560972402463e-07,3.492651038962635e-06,1.0411101807718208e-06,1.7300087748066598e-06,1.297450420339928e-06,0.0,1.0475948763244867e-06,0.0,1.7060523783102474e-07
2001-12,6.169692625621169e-05,0.0,0.0,0.0,0.0,0.0,3.677904934146459e-06,0.0,4.242141660204467e-06,0.0,0.0,0.0,0.0,0.0,0.0,0.0,1.1475294345094159e-07,2.809883609503875e-05,0.0,4.1889073482255166e-07,0.0,0.0,0.0,5.798243045035331e-07,1.5215410684559748e-06,0.0,3.2577282128747085e-05,0.0,0.0,0.0,0.0,0.0,0.0,0.0,0.0,0.0,0.0,0.0,0.0,0.0,4.6685433414445435e-07,0.0,0.0,7.50945081253302e-05,5.180871656049747e-05,0.0,1.5085423289403072e-06,0.0,3.3405450801227656e-05,8.417581123428084e-08,2.4933249771667865e-06,0.0,0.0,0.0,0.0,8.354874985770185e-07,0.0,5.463946749478168e-07
2002-01,6.029085185541444e-05,0.0,2.2732467821885706e-07,0.00011201666476186404,0.0,0.0,0.0,0.0,0.0,0.0,0.00015154564601329017,0.0,0.0,7.294745905870409e-05,0.00012776230484066298,0.0,2.920094422837978e-06,0.0,0.0,0.0,0.0,0.0,0.0,6.574743218771724e-07,0.0,0.0,0.0,0.0,7.309890270396464e-05,0.0,0.0,0.0,0.0,0.0,0.0,0.0,0.0,0.0,0.0,1.9844497356485152e-06,0.0,0.0,0.0,0.0,0.0,0.0,0.0,0.0,0.0,2.9552331379310065e-07,0.0,1.585805656899985e-06,0.0,2.424479089104467e-07,0.0,0.0,0.0,0.0
2002-02,5.858047590573287e-06,0.0,4.356018420018299e-06,1.1321284070128481e-05,1.2747811561321279e-05,1.5603542211988175e-05,3.082656988432566e-06,1.137078195915954e-05,2.7178312953820336e-06,1.4384623740622046e-06,0.00012668679918800997,0.0,2.3510189977302976e-05,6.801316461414131e-06,1.5655328462136957e-05,3.072363837007555e-06,2.931570066892368e-06,1.1531978635973967e-06,1.0534209198643282e-06,2.048655742038594e-05,3.942693165421365e-06,4.645046098755785e-06,7.070188767519886e-06,3.0690801207538117e-06,1.9737800382868675e-06,1.9677579145549426e-06,2.736969878838448e-05,1.2512669163056398e-06,6.869364619028731e-06,4.600754115384936e-06,0.00012941086201890203,3.512667596594277e-05,1.6333199034035836e-05,8.823092867823644e-05,1.4294775952968977e-05,0.00012941086201890203,0.0,0.0,0.0,1.0256112840282888e-06,1.211348600358121e-06,2.05055403622424e-06,5.99643593827463e-06,6.745664565601935e-06,4.498551012431913e-05,3.9656700718590426e-06,5.84719078419765e-06,1.3771990543918947e-06,2.9345958858796407e-05,2.435215143443527e-07,3.23442359555811e-06,4.216821687664284e-06,1.7534161222827437e-06,2.2215590102063997e-06,7.723481091404663e-06,7.701846891019822e-07,2.68484469278224e-06,6.922132240012921e-07
2002-03,4.6418529301777147e-05,0.0,0.0,0.0,0.0,0.0,1.8292246195747258e-07,0.0,0.0,0.0,0.00010953083845858822,0.0,0.0,0.0,0.0,0.0,0.0,2.2358436630617396e-05,0.0,4.6468629789060345e-07,0.0,2.9339329549355844e-05,0.0,1.5829060474245941e-07,0.0,3.857219212098674e-07,0.0,0.0,0.0,0.0,0.0,0.0,0.0,0.0,0.0,0.0,0.0,0.0,0.0,0.0,0.0,0.0,0.0,0.0,0.0,1.2411391377447483e-07,0.0,0.0,0.0,0.0,8.839876860554045e-07,3.5853665776016885e-07,0.0,0.0,0.0,2.8816556820853224e-07,0.0,0.0
2002-04,7.572193641224162e-07,0.0,7.098444662645819e-07,8.377249312015855e-05,4.3126047096684986e-07,0.00010738074250359641,7.804554105802601e-07,1.7780491472602842e-06,5.73299012845854e-07,1.8364436440146924e-05,1.8413062273995932e-06,0.0,2.375735668383325e-06,9.522831882991384e-07,1.5682836909319404e-06,3.721996404225606e-07,8.504538344174494e-07,3.6678839340002074e-07,2.5344858633551055e-06,2.880255227665132e-07,7.574756923189978e-07,9.8589638206344e-07,1.114866843998398e-06,6.940079645001915e-07,1.933551905117315e-07,1.7743806439365092e-06,2.3307422978236315e-05,1.4470668896086298e-05,5.7887371988130474e-05,5.598237798274779e-07,4.192910378057441e-06,4.589308949502186e-06,1.6377765980882183e-06,0.00017948456829961705,7.097466060262875e-05,0.0002662379459728551,0.0,0.0,0.0,4.5160780770152e-07,1.6267666380355385e-05,4.55860320877138e-07,3.35600668534949e-05,5.788888870915228e-05,6.360393598593417e-07,3.074403247162533e-05,7.396322014742856e-07,3.601336055211908e-07,4.240401635928707e-07,1.6021207151251755e-06,5.114046767316516e-07,2.8494613550939067e-05,3.8920046044218195e-07,2.9084441374479464e-05,8.075161137970147e-07,1.2863006125658252e-06,4.5896090297323394e-07,1.944544511200965e-05
2002-05,0.0,0.0,0.0,0.0,0.0,0.00010428994670887967,0.0,0.0,0.0,0.0,0.00011371369641332993,0.0,0.0,5.750674634142948e-05,9.84387039607862e-05,0.0,0.0,0.0,0.0,1.710592884013473e-05,0.0,0.0,0.0,1.6121941105255444e-06,2.4495638101196e-07,0.0,0.0,1.3974325184102954e-05,0.0,0.0,0.0,0.0,0.0,0.00017903213968090216,6.920046647216302e-05,0.0002681008806503654,0.0,0.0,0.0,0.0,1.4262650571959628e-05,0.0,3.158807143674838e-05,0.0,0.0,1.6302287802480268e-07,0.0,2.150677916255749e-05,0.0,3.7411208010406947e-07,8.999986805662518e-08,2.5823247201578797e-05,2.710471130703274e-07,0.0,0.0,0.0,1.7073070435672556e-06,7.35091107505555e-07
2002-06,0.0,0.0,1.1360722901046506e-07,0.0,2.8840206045211566e-07,0.0,0.0,0.00010934306424845164,0.0,7.861257115702103e-07,0.0,0.0,0.0,0.0,0.0,0.0,5.415326242879069e-07,0.0,3.664498915047941e-07,0.0,0.0,0.0,4.416111718333199e-07,0.0,4.148503993329179e-07,0.0,2.2316661377565857e-05,0.0,0.0,0.0,0.0,0.0,0.0,0.0,0.0,0.0,0.0,0.0,0.0,0.0,9.18559438379974e-08,0.0,0.0,2.9643515217817747e-07,0.0,0.0,0.0,7.207928355380585e-07,0.0,0.0,2.1578267874902256e-06,0.0,7.363656496317365e-08,0.0,0.0,0.0,0.0,1.165604120724726e-06
2002-07,0.0,0.0,1.1386297047884746e-06,0.0,1.2578246010327732e-06,0.0,0.0,0.0,1.8523375179631908e-05,1.2642480958860439e-06,0.0,0.0,0.0,9.944143385683598e-07,0.0,1.0184952519802904e-06,4.790870647211382e-05,0.0,1.1500824405956573e-06,6.327650365827408e-08,4.239333829805549e-07,2.7355579731847378e-05,6.618742072504808e-05,0.0,9.060526703376293e-07,2.6987370229479383e-07,0.0,1.4216775062184887e-07,4.770023960033628e-07,8.054735072080526e-07,1.5679277865697366e-06,0.0,0.0,0.0,0.0,0.0,0.0,0.0,0.0,5.518728827141702e-07,9.64513500568663e-08,0.0,2.7933228911195334e-07,6.137352312272603e-07,0.0,1.1166392011910214e-07,2.6295798663026747e-05,0.0,0.0,1.407209173967779e-07,7.194394401818967e-07,2.5734727864513315e-05,0.0,0.0,0.0,1.5318814978142102e-05,3.1022027483649446e-05,6.051765875890319e-07
2002-08,0.0,0.0,1.3827266515054008e-06,0.0,1.344040635414311e-06,0.0,0.0,9.869915322910906e-05,1.6483712216860325e-05,1.9883822751693452e-06,1.1994081350517119e-06,0.0,0.0,0.0,9.318429110986223e-07,7.095308865449501e-07,0.0,0.0,6.196278447132588e-07,1.0971493348219926e-06,1.3470818942350541e-06,0.0,7.227353256429174e-05,4.368839473515397e-05,6.452812027710198e-07,1.0738431715900942e-06,1.1687124099232972e-06,1.5013647057927592e-05,0.0,1.3681435974280277e-06,4.3567544597270105e-06,0.0,0.0,0.0,0.0,0.0,0.0,0.0,0.0,1.8788818262278298e-07,1.4440233420409794e-05,0.0,1.2493108887309604e-06,8.09143813556918e-07,0.0,1.2176449735348903e-06,2.7380102451243993e-05,2.1712126050836027e-05,0.0,4.5738531520823304e-07,3.7148000280366744e-08,0.0,0.0,0.0,0.0,1.540531322755882e-05,0.0,0.0
2002-09,0.0,0.0,4.179070309839085e-07,0.0,8.335067543974919e-07,0.0,2.137033170522395e-07,9.914322897271492e-05,1.6387539854556377e-05,1.3907082383843583e-06,8.299072065482346e-07,0.0,0.0,0.0,1.2559866706181103e-06,5.62494127369563e-07,4.5614129766188396e-05,1.1861505221777302e-06,0.0,1.1563336862465716e-06,6.156703112251416e-07,5.021662359592748e-07,7.186582560675304e-05,2.7812185819411986e-06,3.6269761918658694e-07,7.821334886828641e-07,4.860222810883462e-07,0.0,0.0,4.971112134222986e-07,5.1067349289989765e-06,0.0,0.0,7.111068933464415e-08,0.0,2.7698310431719246e-06,0.0,0.0,0.0,1.0536115742594554e-07,1.5410973206934647e-05,0.0,7.792934974280661e-07,0.0,0.0,1.1140205808481182e-06,0.0,2.1263365119016428e-05,0.0,7.346485753919035e-06,0.0,0.0,4.003304441778377e-08,0.0,9.930743709229e-07,1.610686440492525e-05,3.5019623431166434e-07,1.1376715493006672e-06
2002-10,6.838726832700745e-07,0.0,1.8169794782606714e-06,0.0,1.734378464386812e-06,1.6654784827852057e-06,1.6798602868361123e-07,0.0,1.2777452092876863e-07,3.5388479091701465e-07,1.5076172000497504e-06,0.0,0.0,0.0,4.963332033782818e-06,1.5264813730961162e-06,6.397585105517162e-08,1.430079321951888e-06,1.8770436915115963e-07,1.1606271345000716e-06,1.7758736005921914e-06,1.578235925771422e-06,6.960577233579773e-05,3.2261191367815474e-06,9.783219509631936e-07,1.3021208358093545e-06,1.3004188509173342e-06,0.0,0.0,1.8335325242984524e-06,8.885254878543539e-06,2.7489037895724877e-06,0.0,7.066536490828307e-07,0.0,8.028213231844342e-06,0.0,0.0,0.0,4.808492412293067e-07,1.542770963376188e-05,0.0,1.8401407680446997e-06,5.398554746893261e-05,5.630377922903034e-06,3.01537248964831e-05,2.7329465569099022e-05,1.307282617267324e-07,0.0,0.0,6.02575107126184e-07,2.3884714978205867e-07,1.0512770063621242e-06,0.0,1.3942523429469264e-06,0.0,3.6516612724617897e-07,1.8732411728326816e-06
2002-11,0.0,0.0,0.0,0.0,0.0,4.842089331361862e-07,0.0,0.0,0.0,6.689371783697544e-07,0.0,0.0,0.0,0.0,0.0,0.0,0.0,0.0,1.7186791159941157e-05,0.0,0.0,0.0,7.349769993748067e-05,0.0,9.223594680123244e-08,6.204399984192262e-07,0.0,1.0122340730882774e-06,0.0,0.0,0.0,0.0,0.0,0.0,0.0,0.0,0.0,0.0,0.0,1.0545291843665472e-05,0.0,2.7317878493488464e-05,0.0,0.0,0.0,3.38652175581499e-05,4.335789738059287e-07,0.0,0.0,0.0,0.0,0.0,6.318432974182411e-07,0.0,0.0,2.4256801123962066e-07,2.195395325620131e-07,8.094955891779533e-07
2002-12,0.0,0.0,4.666921611307731e-07,0.0,6.511273402775749e-07,0.0,0.0,0.0,0.0,0.0,0.0,0.0,6.825921331619078e-07,0.0,0.0,0.0,0.0,0.0,2.2991285326764976e-07,0.0,5.461670851817507e-08,0.0,0.0,0.0,1.100473750435503e-06,0.0,0.0,0.0,0.0,5.455972268238185e-07,0.0,0.0,0.0,0.0,0.0,0.0,0.0,0.0,0.0,1.0458108867876726e-05,0.0,2.8650667176573108e-05,1.4513861587547826e-06,0.0,0.0,0.0,1.4175114558671563e-06,1.7370920970041088e-07,0.0,0.0,0.0,0.0,0.0,0.0,4.9800092079096075e-05,0.0,0.0,1.8746269476203524e-05
2003-01,0.0,0.0,5.957890798285649e-07,0.0,0.0,0.0,0.0,0.0,0.0,5.054677888663185e-07,0.0,0.0,0.0,0.0,5.101105330652528e-07,7.436606233924368e-07,4.771880196293216e-05,2.488053497241446e-05,1.6058990422006285e-06,7.620011215101058e-07,0.0,0.0,0.0,2.446185000348957e-07,2.6578965561490676e-07,3.3148658205841425e-07,0.0,0.0,0.0,0.0,2.1484191766696636e-06,0.0,0.0,0.0,0.0,1.2726790590499026e-06,0.0,0.0,0.0,3.8247485567895984e-07,4.4335439462917307e-07,0.0,0.0,5.9140096679482724e-05,0.0,0.0,0.0,0.0,2.377924061360611e-07,4.892054014800796e-08,0.0,0.0,6.289885035096182e-07,0.0,0.0,0.0,0.0,1.623064859049873e-05
2003-02,0.0,0.0,7.536965574779144e-07,0.0,7.478557565329096e-07,2.9183497130487805e-06,1.0890825450561373e-06,0.0,0.0,9.34282894327473e-07,1.3391740506675936e-06,0.0,0.0,0.0,2.9146487265770267e-06,6.02483711103545e-07,0.0,2.6602050311515317e-05,0.0,4.1061147172847744e-07,1.1594654948760951e-06,4.553901774886227e-07,0.0,3.055367653579163e-07,2.2987014400449764e-07,7.7379421264075e-07,4.2340645817319676e-07,3.144184509888629e-07,0.0,1.8321365981242498e-07,4.9052054716297174e-06,7.358004533263296e-06,0.0,1.0522465532415982e-06,0.0,4.591609163347526e-06,0.0,0.0,0.0,0.0,5.313483694248181e-07,2.77968141849143e-05,1.734160152482532e-07,0.0,0.0,0.0,2.8017065957690843e-07,1.920321846484805e-07,5.657902021422215e-07,6.118662857299683e-07,0.0,0.0,0.0,6.363874816960567e-08,0.0,0.0,4.6275033297715417e-07,0.0
2003-03,0.0,0.0,1.2723858858722515e-06,0.0,1.406352163647477e-06,2.0544034027705772e-06,0.0,0.0,0.0,8.062146284177826e-07,3.887623942655516e-08,0.0,0.0,0.0,2.1986145611423356e-06,8.070713431377469e-07,0.0,2.6751322705895523e-05,8.446120770492158e-07,0.0,0.0,8.966317421896883e-07,3.988865400199951e-07,4.125654922322135e-07,2.3633402080950208e-07,3.4185360917613105e-07,1.6441133577229893e-06,0.0,0.0,5.459619331573823e-07,2.6729285303353224e-06,2.4051448990748125e-06,0.0,0.0,0.0,2.3924157332534945e-06,0.0,0.0,0.0,1.2597982121321126e-06,3.031926988675288e-07,0.0,8.379936272451902e-07,0.0,0.0,0.0,0.0,9.838897935104777e-08,0.0,2.2535179870488474e-06,0.0,0.0,0.0,4.906501576760862e-08,4.537932473385815e-05,5.841593954651354e-07,7.12494081194632e-07,4.8781727674672604e-08
2003-04,0.0,0.0,1.9913189090650825e-07,0.0,2.7375609347842814e-07,0.0,0.0,0.0,0.0,0.0,9.543367076232657e-08,0.0,0.0,0.0,0.0,3.9294647543902316e-07,1.3024399638812446e-06,0.0,1.8212540262193982e-05,9.13685249006712e-09,0.0,0.0,0.0,2.6603050506458436e-08,0.0,3.999979441520595e-07,0.0,0.0,0.0,3.1164675147281504e-07,0.0,0.0,0.0,0.0,0.0,0.0,0.0,0.0,0.0,1.2130095697552457e-06,0.0,0.0,4.1107084702673995e-08,5.524210172636597e-05,0.0,3.216066776748216e-05,2.6064521071853176e-05,2.0291255396027303e-07,0.0,5.682052297134189e-07,0.0,0.0,2.324686851191908e-05,0.0,4.841796069144204e-05,0.0,2.543280940246769e-05,5.445162903578004e-07
2003-05,0.0,0.0,1.065009332358733e-06,0.0,0.0,0.0,0.0,3.678721050084724e-07,2.28691249996733e-07,0.0,0.0,0.0,0.0,0.0,0.0,0.0,1.2314311171516857e-06,0.0,2.007442402422397e-05,0.0,0.0,0.0,1.6675855744333752e-07,3.858448181044711e-07,0.0,4.6330164185148966e-07,0.0,0.0,0.0,0.0,0.0,0.0,0.0,0.0,0.0,0.0,0.0,0.0,0.0,7.528635997774347e-07,3.0652717481155156e-08,0.0,0.0,0.0,0.0,3.3574171758205004e-05,0.0,0.0,0.0,0.0,9.598964946758333e-08,0.0,2.4866210659602475e-06,0.0,0.0,4.8523242431883566e-08,2.7322152879434386e-05,1.708589484266773e-05
2003-06,0.0,0.0,0.0,0.0,0.0,0.0,9.206730848599276e-07,4.165672612291449e-06,1.651221716371285e-05,3.9176574813773285e-07,0.0,0.0,0.0,0.0,0.0,0.0,1.2248987256788074e-06,0.0,1.655840112876251e-05,0.0,0.0,0.0,6.817638184444771e-05,0.0,1.3981913729622415e-05,0.0,5.248819976367281e-07,2.0444269222025855e-07,0.0,0.0,1.0335455696734718e-06,0.0,0.0,0.0,0.0,2.221827550714095e-07,0.0,0.0,0.0,0.0,2.6451391011873306e-08,0.0,0.0,0.0,1.825052320885215e-08,3.197716045237422e-05,2.7149925252744048e-05,5.876039262735152e-07,0.0,0.0,3.054293079328245e-07,0.0,0.0,0.0,0.0,0.0,9.507918110939866e-07,0.0
2003-07,2.0531372378902735e-08,0.0,9.705081918302723e-07,0.0,7.741497456467995e-07,0.0,0.0,1.9499791944510638e-06,1.3522173875566561e-07,0.0,0.0,0.0,0.0,0.0,0.0,0.0,5.78310498974976e-05,0.0,1.8459923424576812e-05,1.867702450504896e-08,0.0,1.2932962998384381e-07,0.0,0.0,0.0,0.0,2.6905055879385263e-05,6.150406330163718e-07,0.0,3.231500582491941e-05,0.0,0.0,0.0,0.0,0.0,0.0,0.0,0.0,0.0,0.0,0.0,3.1197935374465504e-05,3.199531601988136e-05,0.0,0.0,0.0,2.5826023171700513e-05,0.0,0.0,1.550523626251679e-08,0.0,0.0,0.0,0.0,0.0,0.0,2.7045191462317327e-05,0.0
2003-08,1.3713180570088315e-07,0.0,1.1671580853532277e-06,2.046268432018966e-07,9.9294385463777e-07,2.979605963268489e-07,3.698822829249077e-08,1.829660396157659e-06,5.749905233734705e-08,6.537659870084478e-08,3.0836205507293185e-07,0.0,4.042299602380631e-06,1.5056695495035272e-07,3.0692612417264345e-07,2.7864171283360335e-05,1.6943343889744626e-07,7.475741642534035e-08,5.32090490379146e-08,4.933825498473245e-08,3.513579686631273e-05,3.1542694236553706e-05,1.8910112304201116e-07,7.21557424073864e-08,4.1777455293086006e-08,6.513461251813971e-07,7.607658076391396e-08,4.942937642689327e-08,1.4352111138765666e-07,8.845610222052783e-08,7.515391381153757e-07,7.470073472116701e-07,4.297658550821537e-06,4.5076404296799655e-07,2.178110639369891e-06,7.467443158957199e-07,0.0,0.0,0.0,3.8361699955794495e-08,4.6488064186757384e-08,8.814698402984447e-08,9.04863520021712e-08,1.2519210156431184e-06,1.333666965808583e-07,3.546783240881689e-05,2.788397802234782e-05,2.3017353204062508e-05,7.85734375076657e-08,3.653312614564563e-07,4.115071867722992e-08,8.099091305328599e-07,8.093885104555488e-07,7.480018353802145e-08,6.401838600805329e-06,4.916846762892738e-08,2.8429670003037807e-05,1.676184112513402e-05
2003-09,5.570393165765103e-08,0.0,2.262544095299121e-08,8.122068708524971e-08,2.5771778109819176e-05,1.2149520427950228e-07,7.186781064920326e-07,3.630471288511433e-07,2.0633178771246047e-05,2.603336612157052e-08,1.2511910432555508e-07,0.0,1.3970852150212153e-07,5.951440957114099e-08,1.2360884451110415e-07,5.4784488348386464e-08,6.302025246979907e-05,5.560444211358956e-08,2.0638543575857844e-08,1.9188234777329054e-05,3.622194366496856e-08,3.334516395590674e-08,6.87209437682655e-05,2.6629462121311136e-05,6.548666471669837e-08,3.117213232796853e-05,2.4781109728727604e-07,1.7448943000859462e-08,1.627343177893967e-08,3.645822046270675e-08,0.000285082516024064,3.021166714561041e-07,9.644357312212082e-08,1.8220970710444706e-07,6.424258653179097e-08,3.018560054295905e-07,0.0,0.0,0.0,1.059727069496353e-07,2.067777605517518e-08,9.268369035873546e-07,3.741743184036694e-08,4.338164612553409e-06,1.4163895517218874e-06,3.41650780933591e-08,2.812370708823661e-08,2.5559185049161616e-05,5.865528254129331e-07,1.3290413503753637e-07,1.6564190855539868e-08,3.151420695693338e-07,2.4992202914559878e-08,3.50245199174648e-08,1.7556810020326295e-06,2.0636393030435545e-08,2.6563200947324284e-05,1.8259055416852116e-05
2003-10,0.0,0.0,1.8461423819076898e-05,0.0,3.0529197659852176e-07,0.0,1.3484099221133639e-05,0.0,1.763787088691453e-07,0.0,0.0,0.0,0.0,0.0,0.00011217714756170752,0.0,0.0,1.2794377461626122e-06,0.0,1.8502106604217396e-07,4.939377089637833e-07,0.0,7.0553158777008e-05,1.1836836343501015e-07,0.0,9.22861503611424e-08,0.0,7.733967378915534e-07,0.0,0.0,0.0,0.0,3.7441688222158986e-08,0.0,2.4055183503535193e-07,6.551882073189658e-06,0.0,0.0,0.0,0.0,0.0,0.0,0.0,5.73682903988685e-07,0.0,0.0,1.116922027388778e-08,9.620250838034312e-07,6.133828582792281e-07,3.2734485918991825e-07,1.5144534411216708e-05,0.0,0.0,1.875372025288093e-06,0.0,4.387085718850388e-08,1.965130320695091e-07,1.750700599583591e-05
2003-11,0.0,0.0,0.0,0.0,0.0,0.0,3.37668271746497e-07,0.0,1.1136658376415219e-06,0.0,0.0,0.0,0.0,3.2794188108051933e-07,0.0,0.0,0.0,1.6056925408836163e-06,1.7673178578519565e-05,1.0467214898954216e-06,0.0,0.0,7.248221910820013e-05,1.454841594563435e-07,0.0,1.6114416146481222e-07,0.0,1.6215555711497685e-05,1.5184063483073447e-06,0.0,3.2249733108577763e-06,3.815807058071594e-06,0.0,0.0,0.0,7.812811479688486e-06,0.0,0.0,0.0,0.0,2.595488962409201e-07,0.0,0.0,5.158762012751027e-07,0.0,8.58575060172494e-07,0.0,0.0,5.856895513350894e-06,4.199822152049933e-07,0.0,0.0,0.0,2.7631536365597884e-06,8.610323003248182e-07,4.845179363632069e-07,3.3627927408442886e-07,0.0
2003-12,0.0,0.0,0.0,0.0,0.0,0.0,1.3190486145503867e-05,0.0,0.0,3.677498702347425e-07,1.5912539330957403e-06,0.0,0.0,0.0,0.0,0.0,0.0,1.5183299845427898e-06,0.0,0.0,1.140778015358921e-07,0.0,0.0,0.0,0.0,7.343480829384245e-07,0.0,0.0,0.0,0.0,2.400373124265998e-06,1.705170678897139e-06,0.0,0.0,0.0,2.6725862782422116e-06,0.0,0.0,0.0,1.846322191077004e-07,0.0,3.0285580996933322e-05,0.0,1.0326651969209538e-06,0.0,0.0,0.0,3.846140390304457e-07,0.0,4.599046313778937e-07,2.1398174942537357e-07,0.0,0.0,0.0,2.551962085077731e-06,0.0,2.553723221404691e-05,2.7670356366811014e-07
2004-01,0.0,0.0,2.0354002791613326e-07,0.0,0.0,0.0,1.4171395552072994e-05,0.0,0.0,3.611082213798942e-07,6.314163001587755e-07,0.0,0.0,2.34792555212901e-07,0.0,0.0,0.0,1.470828872724381e-06,0.0,3.565605356050956e-08,5.8069362560767e-09,3.148235287847058e-08,0.0,2.5162365439883826e-05,0.0,0.0,0.0,0.0,3.558160940774768e-07,0.0,4.624364483026084e-06,4.283108373431391e-06,0.0,7.486673642915221e-07,0.0,4.016696333874692e-06,0.0,0.0,0.0,2.5761923714718964e-07,0.0,0.0,0.0,1.8184488173312932e-06,0.0,0.0,5.799462663031389e-07,0.0,0.0,0.0,0.0,0.0,0.0,0.0,0.0,0.0,0.0,5.549320019497938e-07
2004-02,0.0,0.0,1.0557092477854816e-08,0.0,0.0,0.0,5.931943173669019e-08,0.0,0.0,2.3185995594949448e-05,4.512010345451081e-07,0.0,0.0,6.494714887300655e-07,0.0,0.0,0.0,7.266922642217271e-07,9.135726379555596e-07,0.0,6.002476076954078e-07,0.0,7.139230496443266e-05,0.0,0.0,0.0,0.0,0.0,8.51538424494508e-07,0.0,2.258479747984765e-06,2.5998944538512537e-06,0.0,7.088837019452732e-07,0.0,1.9012646268067867e-06,0.0,0.0,0.0,0.0,0.0,0.0,0.0,1.065188903064604e-06,0.0,0.0,1.3313827506291881e-06,2.1596083635413987e-07,0.0,3.582889744311994e-07,1.6137659593778367e-05,0.0,0.0,0.0,7.134442872908966e-07,7.971308217320609e-08,0.0,0.0
2004-03,0.0,0.0,0.0,4.320178995594892e-07,1.588511303572439e-07,1.23357294184457e-06,1.5788558650582478e-07,5.998523779159395e-07,2.438229020833727e-07,0.0,1.2349488608992473e-06,0.0,0.0,1.5258141432524103e-06,0.0,0.0,1.6549499373123313e-06,1.3818274890808215e-06,1.9100730790333497e-05,0.0,6.33869747149839e-07,6.416311615853703e-07,0.0,0.0,8.915724022325834e-07,3.3882883792080326e-07,0.0,1.674906804632597e-07,1.7474349394415619e-06,6.448695503161028e-07,7.1962368008553215e-06,5.832105148037128e-06,0.0,1.761359692430381e-06,0.0,6.411543384086393e-06,0.0,0.0,0.0,1.5147524176188536e-05,0.0,1.4881104196966602e-07,0.0,0.0,2.4923481456606834e-08,1.3876145679620617e-08,2.3677489611138686e-06,2.1218141574583445e-06,0.0,8.829087509495193e-06,1.6369193578049195e-05,2.871803498629873e-07,0.0,7.787525307331508e-07,0.0,0.0,5.265512412702053e-07,0.0
2004-04,2.9307911776758485e-06,0.0,0.0,1.3892516300101702e-06,5.25120773058314e-07,7.526491218481298e-07,2.446693756572183e-07,7.838415597608423e-07,1.6183704641200895e-05,6.940856461171928e-06,1.739031224503862e-07,0.0,0.0,2.1679173793174926e-06,6.542699451153322e-07,0.0,1.341286177057685e-06,5.723796018029786e-07,0.0,0.0,7.322047837038988e-07,7.39513996556189e-07,0.0,0.0,6.592098166553787e-07,0.0,0.0,1.6148607950291354e-08,1.6902679152231946e-06,8.887312194354752e-07,2.379811895419942e-06,1.7507879867177667e-06,0.0,4.6228240224717444e-07,0.0,1.8289259260508006e-06,1.2099498843501434e-05,0.0,0.0,1.4714955370972589e-06,0.0,3.1379338252147254e-07,6.144319110855616e-07,4.3382140173812283e-07,0.0,4.333180225651059e-06,0.0,0.0,3.1636940600806607e-07,0.0,1.696050014430974e-05,0.0,0.0,3.038674020554213e-07,2.8933699001160858e-08,0.0,0.0,1.887090820699354e-05
2004-05,0.0,0.0,0.0,0.0,0.0,2.1419363066983027e-07,4.991967633836813e-07,0.0,0.0,9.519336106258471e-08,4.412614971857701e-07,0.0,0.0,0.0,5.112284752564339e-07,9.112743158026966e-08,0.0,4.384095937768652e-08,1.7670661355018586e-05,6.763695438423076e-08,0.0,8.003705099935439e-07,7.177004713486918e-05,0.0,4.0463034321532035e-07,0.0,0.0,0.0,0.0,3.4023934488939395e-07,0.0,0.0,0.0,1.2154976315906924e-06,4.945698579143028e-05,0.0,0.0,0.0,0.0,0.0,1.3859421758673218e-07,2.5477919218162143e-07,2.7642060763438497e-07,5.292204950522784e-06,0.0,0.0,0.0,0.0,5.378389614012456e-07,0.0,0.0,0.0,1.473822202323713e-06,7.113927567243758e-07,1.553714344908804e-06,0.0,3.165896859481151e-07,0.0
2004-06,0.0,0.0,0.0,0.0,0.0,0.0,1.5312449353360235e-05,0.0,1.8825210424209426e-05,2.486663214546648e-07,0.00010799091900931952,0.0,0.00010580668753513456,2.204703271240574e-07,0.0,0.0,0.0,9.47520745251014e-07,2.049894823889079e-05,0.0,0.0,0.0,0.0,0.0,0.0,0.0,0.0,0.0,0.0,0.0,0.0,0.00026512589460523284,7.400699376454045e-05,0.00015384534259958222,0.0,0.0,0.0,0.0,0.0,0.0,9.086169738529732e-07,0.0,0.0,3.4003301081889614e-06,0.0,0.0,0.0,0.0,0.0,2.4591015994649553e-07,0.0,0.0,0.0,0.0,1.3649299140871298e-06,3.2998207695488465e-07,2.4199559859725976e-05,0.0
2004-07,0.0,0.0,0.0,0.0,0.0,0.0,1.510431766027864e-05,0.0,1.7417476854530474e-05,7.772963559474524e-07,0.0,0.0,0.0,0.0,0.0,0.0,0.0,0.0,5.522635399885824e-08,0.0,0.0,0.0,0.0,0.0,0.0,0.0,0.0,1.9222539927863978e-05,0.0,0.0,0.0,0.0,0.0,0.0,0.0,0.0,0.0,0.0,0.0,1.9025593853543456e-07,0.0,0.0,0.0,6.1595135807287e-07,0.0,0.0,0.0,0.0,1.2826013981352777e-06,0.0,1.439464098563687e-05,0.0,0.0,0.0,0.0,0.0,0.0,2.0455527726756343e-07
2004-08,0.0,0.0,0.0,0.0,0.0,0.0,1.7195276458911635e-05,0.0,0.0,8.070216043968466e-07,0.00011705741489413908,0.0,0.00010915881153866883,0.0,0.0,0.0,0.0,0.0,1.5373845572744788e-05,1.2885539160292226e-06,0.0,0.0,0.0,2.4858418543003456e-05,0.0,0.0,0.0,2.101166057278981e-05,0.0,0.0,0.0,0.00027336830413684626,7.734416718598577e-05,0.0001647309349176046,5.272979814962116e-05,0.0,0.0,0.0,0.0,6.03415115445977e-08,6.05500307472643e-07,3.831994234045535e-07,0.0,1.1466607563346728e-06,0.0,1.332522734261852e-06,5.943046751219414e-07,6.343686135211729e-07,0.0,9.963489092245734e-06,4.704280588166705e-07,0.0,1.7018663655912877e-05,0.0,1.7228274176350755e-07,1.8596076826750443e-06,2.7250593096836417e-07,4.773124336533204e-07
2004-09,0.0,0.0,0.0,0.0,0.0,0.0,1.4962776541844494e-05,0.0,6.357797452700605e-07,0.0,0.0,0.0,0.0,0.0,0.0,0.0,3.476794644360487e-07,4.443064969674983e-06,1.7242891935421417e-05,3.8426562924334834e-07,0.0,0.0,7.907158948716588e-05,0.0,4.893986470271873e-08,3.0215419090471806e-07,0.0,1.9982898299019296e-05,0.0,0.0,0.0,0.0,0.0,0.0,0.0,0.0,0.0,0.0,0.0,1.0341038877862297e-07,0.0,2.48612781017159e-05,0.0,0.0,0.0,3.524763832451778e-07,0.0,7.268910628669429e-07,0.0,8.950358607781425e-06,1.6641166084347195e-07,0.0,2.003280599132415e-05,0.0,0.0,0.0,1.1799433311631726e-07,0.0
2004-10,9.922737571944097e-07,0.0,0.0,0.0,2.3941392968379086e-07,0.0,2.281230982684422e-07,0.0,0.0,9.319649049862807e-08,0.0,0.0,0.0,0.0,0.0,0.0,4.3801187725915277e-07,3.5025034138011173e-06,3.1918270517856603e-07,0.0,0.0,8.980781975844801e-07,0.0,0.0,5.559863914899841e-07,9.916647289308252e-07,1.3140695876915492e-07,0.0,0.0,4.2002269084560897e-07,0.0,0.0,0.0,0.0,0.0,0.0,0.0,0.0,0.0,5.4982799781865166e-08,2.927378323082947e-07,1.3022828553775623e-07,1.4139823912305214e-06,0.0,0.0,0.0,7.252299028374602e-07,0.0,0.0,1.0798294422399027e-05,0.0,0.0,0.0,0.0,0.0,1.2858231718506433e-06,6.806164935110048e-07,9.555754971051263e-07
2004-11,0.0,0.0,0.0,0.0,6.2131566755547e-08,0.0,1.367396725611628e-05,1.0179440832797023e-06,1.0109345532569644e-07,0.0,0.0,0.0,0.0,0.0,0.00011206353680892007,0.0,0.0,0.0,0.0,4.6147839164581515e-07,0.0,1.448361052528921e-08,0.0,0.0,9.49781582367578e-08,5.77635018200285e-07,0.0,0.0,0.0,0.0,0.00029195473647246323,0.0,0.0,0.0,0.0,0.0,0.0,0.0,0.0,4.90226728613586e-07,0.0,2.7875137906142355e-07,2.6745027084563307e-07,0.0,0.0,9.873714902889839e-08,0.0,0.0,1.8232618036785873e-05,0.0,0.0,0.0,1.712388241685549e-05,1.9892656587773645e-05,0.0,3.9244458976853833e-08,0.0,0.0
2004-12,0.0,0.0,0.0,0.0,4.5711727903959517e-07,3.813383976954951e-06,0.0,0.0,9.33335439398649e-07,3.8571635756017625e-06,0.0,0.0,0.0,0.0,0.0,0.0,0.0,8.919376903573292e-07,1.3646930593609868e-06,0.0,2.5107410813597977e-07,5.786768416525187e-08,0.0,1.6921038527605882e-07,5.392650516191956e-07,5.744779042333066e-07,0.0,2.200522721339058e-07,0.0,5.821857394269943e-07,0.0,0.0,0.0,0.0,0.0,0.0,0.0,0.0,0.0,4.4421026451326764e-07,0.0,9.52940556818764e-07,7.690560264750831e-07,0.0,0.0,9.920600050817435e-08,0.0,1.778767941277196e-05,0.0,6.034986054084023e-07,0.0,0.0,0.0,0.0,0.0,0.0,1.2292504867397295e-06,1.0660380923044488e-06
2005-01,0.0,0.0,0.0,0.0,0.0,0.0,0.0,0.0,0.0,0.0,1.57992997763709e-06,0.0,0.0,0.0,0.0,0.0,2.153328017135792e-06,2.3373151753196223e-05,7.058197800991466e-07,0.0,0.0,0.0,0.0,0.0,0.0,0.0,0.0,0.0,0.0,0.0,0.0,0.0,0.0,0.0,0.0,0.0,0.0,0.0,0.0,1.4097621109597277e-05,1.8398953997362556e-07,0.0,0.0,0.0,0.0,0.0,0.0,0.0,0.0,8.605113204107533e-06,0.0,3.097419682880718e-07,0.0,0.0,0.0,0.0,0.0,6.631651966937033e-08
2005-02,0.0,0.0,0.0,0.0,0.0,0.0,0.0,3.178248238681625e-07,1.416979278750022e-07,5.927758442646151e-07,0.0,0.0,0.0,0.0,2.1917318435486777e-07,0.0,9.631428786083181e-07,0.0,1.2271676180775765e-07,0.0,0.0,0.0,0.0,0.0,7.25016596289322e-08,0.0,0.0,0.0,0.0,0.0,0.0,0.0002577645541253767,0.0,0.0,0.0,0.0,0.0,0.0,0.0,0.0,0.0,1.9006222178705699e-07,0.0,0.0,0.0,0.0,0.0,0.0,0.0,0.0,0.0,7.291528018891457e-07,0.0,0.0,0.0,0.0,8.103837904421297e-08,0.0
2005-03,0.0,0.0,0.0,0.0,0.0,0.0,0.0,0.0,0.0,5.021375047412329e-07,0.0,0.0,0.00010125790999160298,0.0,3.3929705686959466e-07,0.0,1.6306298623441212e-07,0.0,1.1196282991203302e-06,1.1628171842322649e-07,0.0,0.0,0.0,0.0,5.389591861944318e-07,0.0,0.0,3.495845950923747e-07,0.0,0.0,0.0,0.0,0.0,0.0,0.0,0.0,0.0,0.0,0.0,0.0,0.0,0.0,0.0,0.0,0.0,0.0,0.0,8.342271799385882e-07,8.394778707465009e-07,0.0,0.0,5.872337246531287e-07,0.0,9.610331784870012e-07,0.0,0.0,1.1099160602498839e-07,0.0
2005-04,0.0,0.0,0.0,0.0,0.0,2.250497828376226e-06,0.0,1.535595911501743e-06,2.232348656189126e-07,0.0,2.2311138714868617e-07,0.0,0.0,0.0,8.184490550917356e-07,0.0,6.8249074031475e-05,4.201532621487935e-07,5.3004206708675074e-08,0.0,0.0,0.0,0.0,0.0,9.296140612826028e-08,3.37521331936973e-05,0.0,2.16442234381704e-07,0.0,0.0,0.0,0.0,7.337638968757532e-05,9.218669161164677e-07,0.0,0.0,0.0,0.0,0.0,0.0,9.620685135048828e-07,0.0,0.0,5.049070716676186e-07,4.061359378125087e-05,2.2644770175202516e-05,0.0,1.8286381303130733e-08,3.5684641684109037e-07,1.479015655637163e-07,0.0,3.6410280983260956e-05,0.0,2.642664931117068e-07,0.0,0.0,0.0,0.0
2005-05,0.0,0.0,0.0,0.0,0.0,0.0,0.0,1.0185380445908997e-06,1.91188229961253e-05,0.0,0.0,0.0,0.00010721731672223595,0.0,0.0,0.0,7.23106584877532e-05,0.0,0.0,0.0,0.0,0.0,0.0,0.0,7.478345073035682e-07,0.0,9.220940249791976e-10,0.0,0.0,0.0,0.0,0.0,7.774043248834314e-05,0.0,0.0,0.0,0.0,0.0,0.0,0.0,0.0,0.0,0.0,8.255825445791579e-07,3.908514586994014e-05,2.1448234772993904e-05,0.0,0.0,4.969674764531903e-07,0.0,0.0,3.826335742727617e-05,0.0,0.0,0.0,0.0,0.0,0.0
2005-06,0.0,0.0,0.0,0.0,0.0,0.0,1.3912046163299122e-05,0.0,1.6375246766072398e-05,0.0,0.0,0.0,0.0,0.0,0.0,0.0,6.948006117944173e-05,0.0,0.0,0.0,0.0,0.0,0.0,0.0,0.0,3.350815216158474e-05,0.0,2.061417684219821e-05,5.563605565270304e-05,0.0,0.0,0.0002795611268807241,0.0,0.0,0.0,0.0,0.0,0.0,0.0,0.0,0.0,0.0,0.0,2.724718141764865e-07,0.0,0.0,0.0,0.0,1.9559041060033493e-05,4.556121829977621e-08,2.344831242536319e-06,0.0,0.0,2.034057299180333e-05,3.073299665610417e-05,0.0,0.0,1.1766518498146101e-07
2005-07,0.0,0.0,0.0,0.0,0.0,0.0,1.4340406433082983e-05,7.887674925360425e-07,1.818659742362564e-05,0.0,0.0,0.0,0.0,5.82685642773039e-05,0.0,0.0,0.0,0.0,1.7597304816099717e-08,0.0,0.0,0.0,0.0,0.0,2.382959753930929e-05,3.470106716739793e-05,0.0,2.234257828499634e-05,0.0,1.660420154857463e-07,0.0,0.0,0.0,0.0,0.0,0.0,7.595883015100447e-08,1.590072956007825e-05,0.0,0.0,0.0,0.0,3.700484291150931e-05,0.0,0.0,0.0,1.8741793710353067e-07,1.843014767121485e-05,1.6906327317676876e-05,0.0,2.1409367540683456e-05,0.0,3.660340591863176e-07,0.0,0.0,0.0,0.0,1.5717959403157524e-05
2005-08,0.0,0.0,0.0,6.879067928891495e-05,0.0,0.0,1.438682834100868e-05,0.0,0.0,0.0,0.0,0.0,0.0,6.060283314412392e-05,0.0,0.0,0.0,0.0,2.0305687520700417e-07,1.5020214001380061e-05,0.0,0.0,0.0,0.0,2.6210324907472293e-05,3.616450456588254e-05,0.0,0.0,0.0,2.824420695588456e-07,0.0,0.0002801684672622149,0.0,0.0,0.0,0.0,0.0,0.0,0.0,0.0,9.36233014947661e-07,0.0,3.976506390119147e-05,8.812201341503248e-08,0.0,0.0,7.090896136120964e-07,0.0,1.7321176446314593e-05,1.0649647363260816e-07,0.0,0.0,0.0,0.0,0.0,5.351335237368787e-07,0.0,1.7486895795762473e-05
2005-09,0.0,0.0,0.0,6.74797700854709e-05,0.0,0.0,0.0,0.0,1.6350324909564698e-05,0.0,0.0,0.0,0.00010659619081765442,0.0,0.0,0.0,0.0,0.0,4.3680029529545844e-07,0.0,0.0,0.0,0.0,1.506073170520218e-06,0.0,0.0,0.0,0.0,0.0,2.838347357109507e-07,0.0,0.0,0.0,0.0,0.0,0.0,0.0,0.0,0.0,0.0,4.443110125994268e-06,0.0,0.0,5.587212027493259e-07,0.0,2.0864609382741678e-05,7.819689058880842e-08,1.684206644581218e-05,2.502980276147815e-08,1.2760746277374436e-05,2.0512371955510506e-05,0.0,1.73031288473598e-07,1.6564740696574702e-05,0.0,1.1641125204769032e-06,1.7675572604914854e-08,0.0
2005-10,0.0,0.0,0.0,6.439145190147391e-05,6.13490499548966e-10,0.0,0.0,3.0874744992318017e-07,1.7517971372144462e-05,0.0,0.0,0.0,0.0,5.819148374012853e-05,0.0,0.0,0.0,1.229410950728746e-07,3.2674292738131205e-07,1.620557513693259e-05,1.602186586683506e-06,9.274632689678479e-07,0.0,2.7520847442253006e-05,0.0,1.9070340723292729e-06,3.5884373156883264e-07,0.0,0.0,2.990804323789214e-06,0.0,0.0,7.453125021920257e-05,0.0,0.0,0.0,0.0,1.1126050696425027e-06,0.0,5.30230669847729e-08,0.0,2.615488043351561e-07,1.1783095333608337e-06,1.0220433639868929e-06,1.356708544487939e-07,2.168784791548211e-05,9.361684970508981e-07,1.7372624955588896e-05,3.6414351058691035e-07,2.740109916969675e-07,2.1367449282894028e-05,0.0,0.0,1.6708278637781342e-05,2.902499538729173e-05,0.0,0.0,9.120694052332286e-07
2005-11,0.0,0.0,3.953718181740826e-07,0.0,1.5020446181765406e-06,0.0,2.55580634719128e-08,9.106406848366708e-07,0.0,0.0,0.0,0.0,0.0,0.0,0.0,0.0,0.0,2.2725255735176165e-06,0.0,0.0,1.3462466569626012e-06,0.0,0.0,0.0,1.066305868685044e-06,0.0,0.0,0.0,0.0,1.504734800126608e-06,0.0002783423937646383,0.0,0.0,0.0,0.0,0.0,9.174214746714913e-07,1.5096422954884413e-06,0.0,1.7023075452858513e-05,0.0,1.5960825713958424e-07,2.156262842527155e-06,6.745161882995478e-07,2.2064137773240844e-07,0.0,8.715931028886026e-07,0.0,0.0,0.0,0.0,2.625650347352244e-07,0.0,0.0,0.0,0.0,0.0,5.604467602431801e-08
2005-12,5.654921954950824e-05,0.0,0.0,0.0,3.066405180978775e-07,0.0,1.4403762363306236e-07,0.0,0.0,1.4793799573476208e-05,0.0,0.0,0.0,0.0,0.0,0.0,0.0,0.0,1.3777810908562064e-05,0.0,5.256605001584501e-07,0.0,0.0,0.0,6.557638596727394e-07,9.221183240742565e-07,2.259800665857549e-07,6.836458077128099e-07,0.0,7.595163316684861e-07,0.0,0.0,0.0,0.0,0.0,0.0002668439310536902,0.0,3.407967507959193e-07,0.0,0.0,5.880808408722221e-07,6.971630251628291e-07,6.181938497722e-07,0.0,7.173149937702121e-07,1.5166246397971956e-08,8.791205317939497e-07,2.2262291661475415e-07,6.566946068951689e-08,0.0,0.0,9.676099470873335e-08,0.0,0.0,0.0,0.0,1.098131315145582e-07,2.2316113684831745e-05
2006-01,0.0,0.0,5.157957950988768e-07,0.0,6.212646970828566e-07,0.0,0.0,0.0,0.0,1.5792219285250298e-05,0.0,0.0,0.0,0.0,3.182902028828136e-07,3.756227322734927e-07,0.0,0.0,0.0,4.914172464613696e-07,5.679687526055355e-07,4.169245431029783e-07,0.0,1.762915857355385e-07,3.1210230708763747e-05,1.363053040632646e-06,3.0219853426426926e-05,3.5927675239268397e-06,4.2863203513410916e-07,2.05574389753729e-06,0.0,0.0,0.0,1.8879538312033539e-06,0.0,0.0,7.659970142776564e-07,2.251367612432796e-06,0.0,0.0,0.0,0.0,4.9123163667379776e-05,0.0,0.0,6.340877035282636e-07,4.1279225337821636e-07,0.0,0.0,3.9067936839965596e-07,8.422262003665963e-07,1.3446344031012304e-08,0.0,0.0,0.0,0.0,0.0,0.0
2006-02,5.810084793212522e-05,0.0,0.0,0.0,0.0,0.0,3.690930112357762e-07,0.0,0.0,1.4937832231794861e-05,0.0,0.0,6.500443314894633e-07,0.0,1.2691278136608698e-06,0.0,0.0,0.0,6.690392018615342e-07,1.616176598867849e-05,5.839009110051932e-06,0.0,0.0,5.8111414999501356e-08,3.478284044546729e-05,4.621605694318104e-08,0.0,3.400020239846714e-06,0.0,5.164756595868562e-07,0.0,0.0,0.0,1.1450108140405175e-06,4.7603062349394377e-05,0.0,4.79350562009314e-07,1.6947491042045952e-06,0.0,8.963894849409355e-07,0.0,0.0,5.377974889312932e-05,0.0,2.3804241163781633e-06,1.2178687153757677e-06,6.634462407514949e-07,0.0,0.0,7.496640405882374e-07,0.0,1.7682121812674264e-06,1.743949369583876e-05,0.0,0.0,0.0,2.1543340640966776e-05,2.0706223556349323e-07
2006-03,5.787179893360688e-05,0.0,1.1964994093819835e-07,0.0,6.025181333706026e-07,0.0,3.1644934716445596e-07,0.0,1.562469304723475e-05,0.0,0.0,0.0,5.112002601995735e-07,0.0,0.0,0.0,0.0,2.9212699602156055e-07,0.0,0.0,0.0,0.0,0.0,0.0,0.0,0.0,0.0,0.0,0.0,1.3640968465671033e-08,0.0002535800298073828,0.0,0.0,9.715306330486118e-07,4.90369249364231e-05,0.0,2.924780401475577e-07,9.737723501525957e-07,0.0,0.0,4.162365159794002e-07,0.0,0.0,0.0,0.0,0.0,0.0,1.5871852924179483e-05,1.408151123863092e-05,7.350244125566426e-06,0.0,8.648899058338183e-09,0.0,1.5627454959653506e-05,0.0,0.0,2.3106269617800103e-05,0.0
2006-04,0.0,0.0,3.3402518428186057e-07,0.0,5.213889990106462e-07,0.0,3.8326279335166095e-08,0.0,0.0,0.0,0.0,0.0,1.3361599998215346e-06,0.0,8.34573112813812e-07,0.0,0.0,1.077458477019495e-06,0.0,3.98376607024519e-07,0.0,0.0,0.0,0.0,0.0,3.1358927713270176e-07,0.0,0.0,6.233491798150747e-08,4.0433445800763107e-07,0.00025577133955753076,0.0,5.467177295440176e-07,0.00015625545560888623,4.7327445452999624e-05,0.0,6.169493803625491e-07,8.180894414647755e-07,0.0,2.0648088188227227e-07,0.0,0.0,0.0,0.0,0.0,1.8386807433228015e-06,9.68701495483816e-07,0.0,0.0,0.0,1.9241443597534242e-05,0.0,0.0,0.0,2.3873658022363516e-05,0.0,4.257043887829527e-08,9.84681770908413e-07
2006-05,0.0,0.0,3.474009155254679e-06,0.0,3.4487140115063154e-06,0.00010355794951894363,0.0,6.277575738898797e-07,1.0459223984707854e-07,0.0,0.00010588351626281092,0.0,0.0,0.0,0.00011471094833520105,0.0,0.0,0.0,0.0,0.0,3.285272934008498e-06,1.756336826762503e-07,3.2069483744085054e-06,0.0,0.0,0.0,0.0,0.0,0.0,2.9981433005578234e-06,0.0,0.0,0.0,0.0,0.0,0.0,3.6814932348070187e-06,4.852863457192796e-06,0.0,8.027394410646954e-07,2.5010542589094883e-07,0.0,0.0,2.4361703127704104e-05,2.824982126168614e-06,2.1721485351584823e-06,6.344977155604904e-06,1.599902061078799e-05,0.0,2.4028563248907394e-07,2.0543064230222106e-05,7.878748645247999e-07,1.736031281330333e-05,0.0,0.0,0.0,0.0,0.0
2006-06,5.658762138871619e-05,0.0,0.0,6.126705865403747e-05,0.0,0.0,6.570357553610804e-07,3.9841320633407505e-07,0.0,0.0,0.0,0.0,3.3208553272408293e-07,5.7040409509235254e-05,0.0,0.0,0.0,5.342419550477436e-07,3.4124917872179526e-07,3.619565514935072e-08,0.0,3.1724424159421466e-07,0.0,0.0,3.2601272590601724e-05,0.0,0.0,0.0,0.0,0.0,0.0,0.0,2.1721403966453585e-07,0.0,0.0,0.0,0.0,0.0,0.0,0.0,3.5263109809584566e-07,0.0,0.0,0.0,1.1693250460129145e-07,0.0,1.8396680120552674e-06,0.0,0.0,1.7784465346830284e-07,0.0,2.3580004281232822e-06,1.965403232066048e-05,0.0,5.213937381998226e-07,2.9989756437056455e-08,2.1996851382446274e-05,0.0
2006-07,5.4195077047174906e-05,0.0,0.0,0.0,0.0,0.0,1.677283228624153e-05,0.0,3.271870265842943e-07,0.0,0.0,0.0,1.8896562946896927e-07,0.0,0.0,0.0,0.0,1.2169191979861713e-06,5.1102144379739855e-08,3.023545063647864e-07,0.0,7.885090804158473e-09,8.148887035897001e-05,6.982481236185272e-07,3.3571364344732974e-05,0.0,0.0,0.0,5.140099910367589e-05,0.0,0.0,0.0,1.2183841929946926e-07,0.0,0.0,0.0,0.0,0.0,0.0,0.0,4.1254878103099987e-07,0.0,0.0,2.6457085889259346e-05,0.0,0.0,0.0,0.0,0.0,3.8848238187168177e-07,0.0,0.0,0.0,0.0,2.600248468430956e-05,0.0,0.0,2.225925648508577e-05
2006-08,5.558149895135187e-05,0.0,1.4577040777134786e-07,2.58883184171995e-07,2.022218150982587e-07,5.043757885005717e-07,1.6149548706240225e-05,3.007239765593361e-07,6.494036247525065e-08,5.862019383108281e-08,5.046098596224319e-07,0.0,1.968307748675249e-06,2.511614003968994e-07,5.469490512543182e-07,1.5227097456584764e-07,2.5680191747401784e-07,5.13768552709893e-07,5.845190265215891e-08,2.5448307596077044e-07,2.905456339305362e-07,1.770079475452782e-07,8.289382967831819e-05,1.3038473835305653e-07,3.265776187660294e-05,1.5123174645318912e-07,1.3607302847318953e-07,7.003312072185151e-08,2.2863210720440106e-07,2.571813689088015e-07,1.1644347929413435e-06,1.1279109513365193e-06,3.415390734181567e-06,7.468259202498412e-07,1.2861714190058535e-06,1.1339746715428035e-06,1.9485392954285766e-07,2.697660111791143e-07,0.0,6.412741315632749e-08,3.251874307229688e-07,8.11468476404828e-08,2.478545504857287e-07,1.0768894076848036e-07,4.588462986315281e-07,7.151338740501653e-08,6.012769277195622e-07,7.270848314441281e-08,5.96000286645906e-08,9.307984489342145e-07,9.159692889308159e-08,6.488803522334309e-07,8.046074847787265e-08,6.553493303088162e-08,1.0411192238265858e-07,7.48459027703624e-08,9.43036746359465e-08,9.382486084449221e-08
2006-09,6.087266566527985e-08,0.0,3.862904747620535e-08,6.802095661384566e-08,5.3578527409205155e-08,1.323587037472193e-07,3.856423370139951e-07,7.938771587390203e-08,1.668811966162951e-08,1.5371189136671737e-08,1.3175740961880734e-07,0.0,1.2365754337349128e-07,6.482489098919367e-08,1.418807459796778e-07,4.023126705838057e-08,6.438216648105636e-08,5.172656355998361e-07,1.5789075135768695e-08,4.120756427394507e-07,7.47722386277433e-08,4.593159249515963e-08,8.830329600095776e-08,3.1991607582689333e-08,3.8567037597778824e-08,4.064482804900377e-08,3.59447577404047e-08,1.246043996644553e-06,5.141267513113519e-05,6.755839940785283e-08,2.9973848507378056e-07,2.9184710993340744e-07,8.943849124893461e-08,1.935670669302725e-07,6.050657894474121e-08,2.9256725395404584e-07,5.1816807422510465e-08,7.110597002818812e-08,0.0,1.7883099751090856e-08,1.0971365261105386e-05,7.462374527937924e-09,6.483788698224622e-08,2.8234792661691737e-08,3.82963487270023e-08,6.775621016157519e-07,2.0994019924568813e-08,1.752440041799964e-08,1.3760742722183916e-08,3.3658400741882644e-07,2.2528595905830715e-08,4.1648951038985445e-08,1.9166323029007336e-08,1.4641245378589544e-07,2.8189839982740994e-08,1.6621419941842014e-05,2.4511581530557715e-08,2.6215370654971564e-08
2006-10,5.299295255416338e-05,0.0,1.0053897805988033e-07,1.699011568404331e-07,1.3839663874027143e-07,0.00011963925161911397,4.83144046310776e-08,4.602863554631909e-07,2.93274346539793e-07,3.810859557549628e-08,3.365854207357313e-07,0.0,4.813515581674643e-06,1.629679587952064e-07,3.604704740826914e-07,1.0311215625207968e-07,1.6211224255983925e-07,4.96080616913374e-08,1.3938342027745831e-05,6.401806981336921e-07,1.9163264976351098e-07,1.1714012865629564e-07,2.236347925885923e-07,8.060190773128035e-08,1.6895517612063038e-07,4.54162667221477e-07,9.200924062491637e-08,2.1046535169332895e-07,5.174286588346984e-05,1.7556967037880843e-07,1.7202184727871938e-06,7.429273350094689e-07,2.787671030584554e-06,4.922092253049071e-07,4.5165608220340203e-07,7.435253212208504e-07,1.3482855252238897e-07,1.8188148100752727e-07,0.0,4.127508925067056e-08,2.707535872382462e-08,5.4574843245863704e-08,1.6880383532035317e-07,2.3796843336608088e-05,9.279858001092282e-08,4.3577419049063184e-08,5.3471025961248155e-08,1.5004972815937407e-05,3.7991194205611036e-08,8.201570115690545e-07,6.883993553629935e-07,2.63348201091522e-07,5.375679087697358e-08,1.709270213670856e-07,6.985413359079581e-08,4.471782335261666e-08,6.541308673102889e-08,2.1110423205096546e-05
2006-11,5.400497208395062e-05,0.0,1.3492926581093987e-06,4.63789475321913e-08,3.7665418576558057e-08,9.494463020787159e-08,1.751945247552277e-05,5.277154793070782e-08,3.7378343922361663e-07,1.0343536108480857e-08,8.99813606289393e-08,0.0,1.070746183039574e-06,4.3871372501794185e-08,1.3914371382306445e-06,2.8850865375535523e-08,4.368819216313616e-08,1.3032271513487535e-06,1.3890431358624837e-05,1.1142121097755532e-08,5.2667463372083055e-08,3.254652297829744e-08,6.120900580260797e-08,4.301983071163685e-07,3.4220005722089734e-05,3.5157249861978573e-07,2.5963038528645926e-08,1.593737656640064e-05,4.165458645348855e-08,4.836426110150019e-08,1.293479026147376e-06,1.9896917170728058e-07,8.922017256749238e-05,1.315979507087589e-07,5.771148071955795e-05,1.9902232464044657e-07,3.704012153535677e-08,5.033534031499698e-08,0.0,1.1279656561099215e-08,2.9656687719566664e-07,1.9857726719218948e-05,4.665376882839745e-08,1.7121501249965295e-08,2.4972254739494966e-08,5.4343010067512896e-08,1.3851181603821011e-08,1.5945641346593272e-05,1.481681213899496e-05,6.435282404006377e-09,1.8157195791640089e-06,2.4210101300813427e-08,1.4178158411088175e-08,1.27637038893208e-08,1.829491456212598e-08,2.742825801507892e-07,4.075485299332316e-07,2.0728372667886075e-05
2006-12,7.905105161428588e-08,0.0,1.3912273254390942e-07,8.845364712780496e-08,2.3329589005381332e-07,1.772304827598742e-07,2.7873280014301116e-08,9.590373500684146e-08,1.465546893172718e-07,1.982058674700367e-08,1.6750104680148676e-07,0.0,0.0001250900018485582,8.412105218118943e-08,7.933040493736943e-07,5.520248614162074e-08,8.131005079023771e-08,4.402354315125728e-08,1.4362329815364346e-05,1.0308847459257389e-07,9.622038621405483e-08,6.189836923319037e-08,7.908152054822253e-05,2.4372011331774345e-07,4.890703515929643e-08,4.982111349681115e-08,4.90839581424353e-08,2.6616712784704663e-08,7.976205552853375e-08,9.079347544834956e-08,3.7179633537723356e-07,3.6853023854654943e-07,1.3998576004455033e-07,1.6596638140871368e-06,9.121132985263208e-08,3.6852328066143417e-07,6.83707558586412e-08,9.162146626370132e-08,0.0,2.127515569288075e-08,1.0414587912273794e-05,1.0222812308076438e-06,8.726492870405126e-08,3.079780314498709e-08,7.167984168216963e-07,1.0616768072068215e-06,2.4238916063644424e-08,2.3798827395071084e-08,2.2094937191572893e-08,1.3870942789818293e-07,8.875366106726509e-07,9.910033327639542e-07,2.6698052210167094e-08,1.6257442354725187e-05,2.31755962898567e-05,2.1796858654970186e-08,7.573082583503359e-08,1.914079667619746e-05
2007-01,0.0,0.0,0.0,0.0,0.0,0.0,1.8919389473998323e-05,6.0622238859721664e-05,0.0,0.0,0.0,0.0,0.00013068408017825664,7.97996834636893e-07,2.542037816265129e-06,8.435774764775257e-07,0.0,0.0,0.0,0.0,0.0,0.0,8.36488674325725e-05,0.0,0.0,2.792600569805383e-07,0.0,0.0,0.0,0.0,0.0,0.0,9.217240406167673e-05,0.0,5.921023860891321e-05,0.0,0.0,0.0,0.0,0.0,1.000489478849118e-05,0.0,0.0,2.362066907668686e-06,0.0,0.0,0.0,0.0,1.4668272580112611e-05,4.935915169872853e-07,1.2846227021646659e-08,0.0,0.0,0.0,1.7748441710041079e-06,2.211746988645272e-07,0.0,0.0
2007-02,0.0,0.0,0.0,0.0,0.0,0.0,0.0,0.0,1.0432671485638857e-07,0.0,0.0,0.0,0.0,5.21696106331522e-07,0.0,0.0,3.039222205245273e-07,0.0,1.3345006451810765e-05,6.609983198067829e-07,0.0,0.0,8.163445151809959e-05,0.0,0.0,0.0,0.0,0.0,5.1792502251195916e-05,0.0,0.0,0.0,0.0,1.3107221820345683e-06,0.0,0.0,0.0,0.0,0.0,0.0,0.0,0.0,0.0,5.987130120401352e-07,0.0,0.0,5.335058534797124e-07,0.0,1.5239618722572338e-05,0.0,0.0,0.0,1.7380957654794338e-05,0.0,7.320693081026963e-07,4.454908733939958e-07,0.0,1.958361201827015e-05
2007-03,4.68166888122866e-08,0.0,3.5459022315831316e-08,5.227518680173473e-08,4.270233530519543e-08,1.0403790960738374e-07,1.876210605817382e-05,5.219962376096579e-08,1.3162555053693702e-08,1.3898477269693128e-05,9.71089590750679e-08,0.0,0.00013279248006377775,5.191674240646871e-08,1.123891651626241e-07,3.196604930432237e-08,4.711379635068125e-08,1.4895331792253234e-07,1.2398221340460988e-08,1.9912897619761213e-07,5.7691679203761285e-08,3.757371317696101e-08,7.290928341310149e-08,2.4049405722259554e-08,2.8134742730105688e-08,3.195217071702908e-07,2.906130668480986e-08,1.3863549287374509e-08,5.394830806012602e-05,5.351691062267794e-08,2.1945442739568222e-07,2.1776598398431934e-07,9.362436866645106e-05,1.7796253400070572e-06,5.3686108452358915e-08,2.1736318367097941e-07,4.104483990756414e-08,5.441359513131891e-08,0.0,1.3226247176260226e-08,1.0608808739562048e-05,4.0637307084556533e-07,5.1407094593062395e-08,2.4755137613106243e-08,8.192230319719815e-08,5.227433208819521e-08,1.3325213104924127e-08,1.4104400165700083e-08,1.4553993486253817e-08,7.128145269540663e-09,1.5339319771332307e-08,8.950508559627119e-07,1.8014816175620182e-05,1.5148395664717554e-08,3.0987969370922406e-05,1.3284313418039478e-08,1.8931748831139267e-08,1.7876281434672444e-08
2007-04,0.0,0.0,0.0,0.0,0.0,0.0,6.556839143899308e-07,5.9319695328023904e-05,3.134622862824019e-07,8.554640116059491e-08,0.0,0.0,0.0,0.0,0.0,0.0,1.3041565058789888e-06,0.0,0.0,5.029319708669561e-07,0.0,0.0,8.109691358006605e-05,0.0,0.0,0.0,0.0,1.0427267922772776e-07,0.0,0.0,0.0,0.00023485497327352574,0.0,1.6600597439020564e-06,5.879765905716865e-05,0.0,0.0,0.0,0.0,5.3479473587488176e-08,1.066853086875317e-05,0.0,0.0,2.8671424122685055e-05,0.0,0.0,0.0,0.0,0.0,0.0,0.0,0.0,1.754090252835068e-05,0.0,0.0,0.0,0.0,0.0
2007-05,0.0,0.0,0.0,0.0,0.0,0.0,0.0,0.0,7.436121219924815e-07,0.0,0.0,0.0,6.199711566687513e-06,0.0,0.0,0.0,2.83377299146885e-06,0.0,2.530445483020227e-07,6.161033674276315e-07,0.0,0.0,0.0,5.393921269589379e-07,0.0,0.0,0.0,5.105451631430879e-07,5.088706768353173e-05,0.0,0.0,0.0002187877363095091,3.183172175133732e-06,4.929272909874147e-06,6.727075106247663e-07,0.0,0.0,0.0,0.0,1.575577022738351e-05,7.562936907371757e-08,0.0,0.0,4.793742908111038e-07,3.10946916559104e-05,1.453571082954782e-05,6.327432842375743e-07,0.0,0.0,0.0,0.0,0.0,1.8191810323498113e-05,0.0,0.0,0.0,0.0,0.0
2007-06,0.0,0.0,0.0,6.652591593318096e-07,0.0,0.0,0.0,0.0,1.3334005306018907e-08,6.673196437811547e-07,6.583293855728298e-07,0.0,1.063631609867277e-06,4.573153689770501e-07,1.3293616369175684e-06,0.0,1.451438721538731e-06,3.079773321773213e-07,5.265115259126809e-07,0.0,0.0,0.0,0.0,0.0,0.0,0.0,0.0,7.984121820216183e-08,0.0,0.0,0.0,0.0,1.2844843751493932e-06,1.33334853460014e-06,1.1365604980963889e-06,0.0,0.0,0.0,0.0,1.6202417282843802e-05,0.0,0.0,0.0,2.657490550380434e-06,0.0,1.5220188673137587e-05,1.576528287243327e-05,0.0,0.0,0.0,0.0,0.0,1.948429351446417e-05,0.0,4.0125846563290707e-07,4.913962871141726e-07,0.0,7.812993542063302e-08
2007-07,0.0,0.0,0.0,0.0,0.0,0.0,0.0,0.0,0.0,0.0,2.5966398960688974e-07,0.0,7.147702855795219e-07,0.0,0.0,0.0,8.694472657582269e-07,1.288485068717437e-05,4.2081488330867733e-07,0.0,0.0,0.0,0.0,2.6912442164521293e-06,0.0,0.0,0.0,2.2984150881520237e-07,0.0,0.0,0.0,0.0,5.905391569408919e-07,4.424016935331981e-07,3.4669620796973224e-07,0.0,0.0,0.0,0.0,0.0,0.0,7.010952920359663e-07,0.0,3.405815531084269e-05,2.9858873811164123e-05,0.0,1.5851247091387788e-05,0.0,0.0,1.3513136939054477e-07,1.2039610259274165e-07,0.0,0.0,0.0,3.099299834523847e-05,0.0,1.0010870126890282e-06,1.8830962487055372e-05
2007-08,0.0,0.0,0.0,0.0,0.0,0.00011015233511123145,2.791970476445291e-08,0.0,1.7418587271623233e-05,2.895474917277083e-07,0.0,0.0,0.0,0.0,0.0,0.0,0.0,0.0,1.546699287555583e-05,0.0,0.0,0.0,0.0,0.0,0.0,0.0,0.0,0.0,0.0,0.0,0.0,0.00022139659451055787,0.0,0.0,0.0,0.0,0.0,4.3031093664868197e-07,0.0,0.0,0.0,6.327066437652072e-07,0.0,3.747713395412946e-05,3.194435277955722e-05,0.0,0.0,0.0,7.115762898555842e-07,2.474228470123771e-07,2.5014612767639e-07,0.0,3.4191730106287836e-07,0.0,3.4111793662920634e-05,0.0,5.993679832095745e-07,2.1266071580153764e-05
2007-09,0.0,0.0,0.0,0.0,0.0,0.0,4.916652492093117e-07,0.0,1.7874477823998716e-05,8.361045434130791e-07,0.0,0.0,0.0,0.0,0.0,0.0,0.0,0.0,1.5975351768179545e-05,2.9570970938670293e-07,0.0,0.0,0.0,1.7562555404579995e-06,0.0,0.0,0.0,0.0,0.0,0.0,0.0,0.0,0.0,0.0,0.0,0.0,0.0,2.5975702744543415e-07,0.0,1.6390920570224163e-05,1.0320556045608828e-05,3.9708956354733535e-08,0.0,0.0,3.118799487526653e-05,1.4828132017350201e-05,1.5797645980741383e-05,1.9167297414215272e-08,0.0,4.512639417783085e-07,1.4417853383887088e-06,3.0357928083327743e-05,2.3636929329450578e-05,0.0,3.201348606323142e-05,0.0,3.437511664506067e-06,1.8178539968438948e-05
2007-10,1.3787092636140392e-06,0.0,0.0,0.0,0.0,0.0,0.0,5.159961328125747e-07,2.051653925376996e-05,0.0,0.0,0.0,3.11879483518851e-08,0.0,0.0,4.298523836170767e-06,0.0,0.0,1.680295614159043e-05,1.0358978575675829e-06,0.0,0.0,0.0,4.815698999991451e-06,0.0,0.0,1.541347401504533e-07,0.0,5.147983196389565e-05,0.0,0.0,0.0,9.51575115137257e-08,1.7256042721010418e-06,6.242314418356723e-05,0.0,0.0,0.0,0.0,1.7634941597401386e-05,0.0,0.0,0.0,0.0,2.1101340979124557e-07,1.605279273330013e-05,1.5909684802426553e-05,7.713230271311367e-07,5.135857063070376e-08,0.0,0.0,3.177711376459015e-05,0.0,0.0,0.0,1.721842732327492e-05,2.2492043426472016e-06,6.233098109485226e-07
2007-11,1.1509962474213035e-06,0.0,0.0,0.0,0.0,0.0,2.458905866849406e-07,1.40376327447048e-06,0.0,0.0,1.905519016081346e-06,0.0,2.289703420600975e-06,0.0,0.0,4.261503964423447e-06,5.297513452513537e-07,0.0,1.585201839085696e-05,8.035854150193304e-07,0.0,0.0,0.0,0.0,0.0,0.0,1.0354547965059878e-07,1.3770483312536276e-07,0.0,0.0,0.0,0.0,1.281014035116275e-06,4.583627100721452e-06,6.599331057906842e-05,0.0,0.0,0.0,0.0,0.0,0.0,2.672290858128732e-08,0.0,0.0,7.068126443668457e-07,0.0,0.0,0.0,0.0,0.0,0.0,0.0,0.0,0.0,1.5003449294252563e-07,7.820210257275373e-07,0.0,9.860467840875864e-07
2007-12,4.067953707246122e-08,0.0,0.0,1.1471406186857324e-06,0.0,0.0,3.8369472056962175e-07,8.071828768982659e-07,0.0,0.0,0.0,0.0,0.0,0.0,0.0,0.0,0.0,0.0,4.3091562854164455e-07,1.7829850587094617e-07,0.0,5.9136773428593304e-08,0.0,6.794108453850589e-07,0.0,2.963022367010267e-05,3.113496796390477e-05,1.0084888254219618e-07,0.0,0.0,0.0,0.0,0.0,0.0,0.0,0.0,0.0,0.0,0.0,0.0,0.0,1.6736911846385627e-05,0.0,0.0,0.0,1.5265359257032804e-05,2.4225002664590887e-07,0.0,3.360701099378721e-08,4.835534427733487e-08,1.9241230188433843e-05,0.0,0.0,0.0,4.968362574057344e-07,0.0,0.0,5.675930841486359e-07
2008-01,0.0,0.0,0.0,0.0,0.0,0.00011201680301417547,0.0,0.0,0.0,0.0,0.0,0.0,0.0,4.857014574710765e-07,0.00011719580380705021,0.0,6.430906032315108e-05,0.0,0.0,7.537730681155064e-07,0.0,6.292958873722298e-07,0.0,9.69321777840532e-07,0.0,0.0,0.0,0.0,1.759135632901955e-07,0.0,0.0,0.0,0.0,0.0,0.0,0.0,0.0,5.240614550749387e-05,0.0,0.0,2.0458384651885366e-07,1.8071470552720426e-05,0.0,2.766613261561256e-07,6.591027777865591e-07,1.6026049091065396e-05,3.214329305651744e-07,0.0,1.320512128510953e-06,7.999607014427639e-08,2.047011288119236e-05,0.0,0.0,1.3570774058389856e-07,1.6801811640845995e-07,0.0,0.0,6.525153924242244e-07
2008-02,0.0,0.0,3.388598664256212e-05,1.8032084259182596e-06,3.661554040224357e-05,0.0,0.0,0.0,0.0,9.133665921525133e-07,0.00010577275192186203,0.0,0.0,2.7277412753103047e-06,0.0,0.0,0.0,7.592380904967314e-07,2.0540309192887066e-05,1.562851003787517e-06,5.124875985519789e-05,3.945124799494766e-05,8.344401898356807e-07,4.040584676158301e-06,2.968606618389692e-05,2.5456433269395796e-07,1.689332484143234e-07,1.6763619370700563e-05,0.0,5.316881748142631e-05,0.0,0.0,0.0,0.00017825197523224773,0.0,0.00022856386167355557,3.755962981486519e-05,0.0,0.0,0.0,0.0,0.0,5.2580243750646194e-05,1.1492672664909863e-06,1.1795911670283882e-06,4.4881820731255614e-08,0.0,0.0,0.0,0.0,0.0,2.259953971101212e-06,0.0,0.0,1.3631886306359457e-06,0.0,0.0,4.4254966146286756e-08
2008-03,0.0,0.0,4.481396492097712e-07,3.8993855471696654e-06,5.008476390748161e-07,0.0,4.598259136450646e-07,0.0,0.0,3.685833834390466e-07,9.85177283927635e-07,0.0,0.0,2.774235148092566e-06,4.2611040623383095e-06,8.105161287021504e-09,0.0,1.2630179056708264e-06,2.2691173640388557e-07,1.1449674158753822e-06,5.772699730339538e-07,7.230007213304898e-07,3.86444512959392e-06,3.627231059716172e-06,6.323039343149335e-07,1.7910417773093387e-06,2.097141881296477e-06,0.0,1.410747500722353e-06,6.221660379283692e-07,1.0480156912592035e-05,1.0125253867074678e-05,0.0,0.0,0.0,8.795934700967372e-07,5.299788251144911e-07,0.0,0.0,4.794874580527886e-06,0.0,0.0,8.606409342427277e-07,3.237135233332981e-05,0.0,5.816979734078066e-07,0.0,1.694337514281519e-06,0.0,0.0,2.7567012091395464e-06,5.650843541327109e-06,9.474545382056541e-07,2.0201937244694427e-07,1.8851534651791786e-06,0.0,0.0,1.7019763897785401e-06
2008-04,0.0,0.0,6.833039602624665e-08,9.567300362493813e-09,5.776993185901275e-08,0.0,0.0,0.0,0.0,2.430295237678612e-07,0.0,0.0,0.0,0.0,0.0,5.245302375527609e-07,0.0,9.340080078824031e-07,0.0,6.337919452370396e-07,8.151184589672011e-08,7.768287969124599e-08,0.0,1.0414724164140368e-08,0.0,2.712344459880507e-07,0.0,0.0,0.0,1.2413266113926736e-07,0.0,0.0,0.0,0.0,0.0,0.0,0.0,0.0,0.0,0.0,1.3145715351592283e-07,0.0,2.7300976450025244e-07,0.0,0.0,0.0,0.0,0.0,1.9554698391455184e-07,8.4923077663552e-06,0.0,0.0,2.7251316971438466e-06,0.0,4.588482410473223e-07,0.0,0.0,5.731197454022698e-07
2008-05,0.0,0.0,0.0,0.0,0.0,0.0,1.4711845029952865e-06,0.0,0.0,0.0,0.0,0.0,0.0,0.0,0.0,3.8394824886657346e-07,0.0,0.0,0.0,4.1642987560002247e-07,0.0,0.0,0.0,1.3248822722779566e-07,3.1788583390380744e-05,0.0,0.0,8.444378147458471e-08,0.0,0.0,0.0,0.0,0.0,0.0,0.0,0.0,0.0,0.0,0.0,0.0,0.0,1.6870974844451248e-07,0.0,0.0,0.0,0.0,0.0,9.58739532264141e-07,0.0,0.0,0.0,0.0,1.989057938405467e-06,3.9411139917163753e-07,0.0,3.080120125800532e-07,4.984962516391204e-07,0.0
2008-06,0.0,0.0,0.0,1.2258371397517038e-06,0.0,0.0,2.0480340470793725e-08,0.0,5.609397228161558e-07,0.0,0.0,0.0,0.0,0.0,0.0,0.0,0.0,0.0,0.0,0.0,0.0,1.9678554729544996e-07,0.0,0.0,0.0,5.725934714080616e-08,0.0,1.284383510082773e-05,0.0,0.0,0.0,0.0,0.0,0.00016478113837035808,0.0,0.0002379389086791443,0.0,0.0,0.0,0.0,7.243472778201881e-07,6.955784970552083e-08,0.0,3.0973669234660857e-07,0.0,0.0,0.0,8.28223604157876e-07,0.0,3.5558513848485406e-07,0.0,3.2764221501441203e-07,0.0,5.096362297789519e-07,0.0,1.812431493111024e-06,1.21197176383191e-07,4.176014370827208e-07
2008-07,0.0,0.0,3.7238535063667186e-08,2.9576194001679767e-06,0.0,7.411353915092664e-07,1.2172403743201197e-06,3.710410721974415e-07,8.313487979962064e-08,1.6291006492509703e-07,0.00010528503160076223,0.0,0.0,2.4610026210796015e-06,0.0,0.0,0.0,0.0,2.1908633669919658e-08,7.772394389286945e-07,0.0,0.0,0.0,0.0,2.9470137475958444e-05,0.0,2.832146427707641e-07,1.4778875170031232e-05,0.0,0.0,3.1439920835916598e-06,3.6637833376308854e-06,0.0,0.0,1.6068091359372483e-06,0.0,0.0,0.0,0.0,0.0,0.0,1.808517464348602e-06,0.0,0.0,0.0,0.0,0.0,0.0,1.5242437609733589e-06,2.208007434567e-07,1.6279942944561095e-07,0.0,0.0,1.2603249002918413e-06,0.0,1.557525906751775e-07,0.0,0.0
2008-08,0.0,0.0,0.0,7.848629458208698e-05,0.0,0.0,0.0,0.0,2.0247269403964728e-05,5.566160511545227e-07,0.0,0.0,0.0,0.0,0.0,0.0,0.0,0.0,0.0,0.0,0.0,0.0,0.0,0.0,0.0,0.0,0.0,0.0,0.0,0.0,0.0,0.0,0.0,0.0,2.5493351781549073e-07,0.0,0.0,0.0,0.0,5.418627616475521e-07,0.0,0.0,0.0,0.0,0.0,0.0,0.0,0.0,0.0,4.230913284597178e-07,0.0,0.0,2.9587791510065145e-08,0.0,0.0,0.0,1.3807412127857157e-07,4.539599892750337e-08
2008-09,0.0,0.0,0.0,2.3717706263019777e-06,0.0,0.0,0.0,5.455221322348909e-05,0.0,2.0236962780368794e-05,0.00012007680834051777,0.0,0.0,0.0,9.503174146443111e-07,2.2400271537174943e-05,0.0,0.0,0.0,0.0,0.0,0.0,0.0,0.0,0.0,0.0,0.0,0.0,0.0,0.0,0.0,0.0,0.0,0.0,0.0,0.0,0.0,0.0,0.0,9.021678044808966e-07,5.36002008584776e-07,0.0,0.0,0.0,0.0,3.489730075310841e-07,0.0,0.0,0.0,9.279672992185289e-07,0.0,0.0,0.0,0.0,0.0,0.0,1.5220373054375656e-05,0.0
2008-10,4.2570113122216795e-05,0.0,8.599188097451523e-07,0.0,2.9797841335906657e-07,0.0,0.0,0.0,9.300092875996966e-07,2.2187231706848657e-05,0.0,0.0,0.0,0.0,0.0,9.146173853640319e-08,0.0,9.330631789166953e-07,1.838970752223052e-05,1.4938152616365275e-06,0.0,0.0,0.0,6.985023867883819e-07,0.0,9.300826188605831e-07,0.0,0.0,5.693601796879465e-07,0.0,0.0,0.0,0.0,0.00016186721290233153,1.806276514817115e-06,0.0002529092835694093,8.106607842815438e-07,0.0,0.0,9.480839947277956e-06,7.751809783354546e-07,9.628293916753772e-07,0.0,0.0,0.0,1.3640324776382335e-05,1.4117118122280729e-05,6.577015934669892e-07,7.180272792042314e-07,8.616048142856668e-06,7.399637745257705e-07,1.415516752132476e-05,0.0,7.968514114552314e-07,4.4796318288295445e-07,5.584777070024504e-07,3.5535316534963515e-07,0.0
2008-11,0.0,0.0,9.588899702325411e-07,6.952098224826433e-07,1.0407403640158869e-06,1.3911599270403917e-06,1.0766860976716402e-06,0.0,1.4345653933670765e-06,2.150573066085667e-05,0.0,0.0,0.0,5.734158161083439e-05,0.0,1.3628639175916135e-06,3.3878958478653076e-07,1.3099065830214587e-06,3.6724166182797e-07,1.1107013477416103e-06,0.0,0.0,5.6300278476509166e-05,7.910576617368879e-07,4.1567043143309577e-07,7.30916360660562e-07,0.0,1.2143589310654399e-05,5.432302702052586e-05,0.0,0.000240721256344329,1.5279830319993305e-06,1.902011406348686e-06,0.0,1.5877347779242185e-06,0.0,8.223500111334582e-07,5.861312967774899e-07,0.0,0.0,9.630207357670166e-06,1.1637693077001296e-06,0.0,1.131957335238968e-06,2.3578492399486375e-05,6.290147542251699e-07,1.0879319753516367e-06,1.2926136715795887e-05,5.625764518811857e-07,3.1027402598725764e-07,1.188679132804164e-05,5.956791060483463e-07,0.0,1.4337446804752173e-05,1.2536380437432447e-06,1.2400507112527074e-05,1.311030722610046e-06,8.604513167269277e-07
2008-12,0.0,0.0,1.158353497595084e-06,0.0,1.0437842011895986e-06,0.0,0.0,0.0,0.0,0.0,1.373981010506571e-06,0.0,5.929143598399342e-06,0.0,6.67062366395585e-06,2.717805242697597e-07,0.0,6.734100733933758e-07,3.6856384546398415e-07,7.288576808858853e-07,0.0,0.0,0.0,4.4203388999396534e-07,1.2397327041956934e-06,1.1236957821896698e-06,1.0911086034589968e-06,0.0,0.0,0.0,0.0,2.0888510513495523e-06,9.292988714044749e-06,0.0,1.1187055793091303e-05,0.0,1.1428305550904103e-06,1.216229115956209e-06,0.0,2.561152068733174e-07,6.341767339499253e-07,1.2410466222681433e-05,0.0,1.2564891293039127e-06,2.3769235742859142e-05,0.0,6.885289439743977e-07,0.0,1.3480138214044647e-05,3.5491005876452314e-07,2.9582668133364395e-07,0.0,8.493153678184725e-07,0.0,1.2103332484044942e-06,7.073647825979823e-07,1.7574924379281514e-07,0.0
2009-01,0.0,0.0,4.3913211900632395e-07,0.0,9.952681365976851e-07,3.2131468878920724e-06,7.674839488920442e-08,0.0,9.790950537310467e-08,3.1816988319832185e-07,0.0,0.0,0.0,1.2699670269388335e-06,6.444119003784207e-06,2.0934093133707227e-07,9.585291879817757e-07,9.438243888924428e-07,8.8632245353335e-07,2.0288544248639376e-06,5.608653600661442e-08,0.0,8.163074949612132e-07,0.0,3.4682159801583714e-07,2.886763344506042e-07,0.0,4.130107113679794e-07,4.8941296434284676e-05,0.0,0.0,5.585091732672187e-06,8.969904841004198e-07,0.0,2.9712783156303975e-06,3.225961601689559e-07,8.764318861756593e-07,1.1071370147928347e-06,0.0,4.173723085391379e-07,1.0538356154871364e-06,0.0,6.228301034299743e-07,3.302865056095984e-07,0.0,0.0,9.725492849075937e-07,1.0532669352578908e-07,2.819566836468543e-07,7.824717773165674e-07,5.642935621570384e-07,0.0,0.0,0.0,1.1325983778192294e-06,1.349848544132037e-06,0.0,5.021131327128115e-07
2009-02,0.0,0.0,1.0658801786553751e-06,0.0,1.1531135510249383e-06,0.0,1.7994950359027234e-07,1.732619459257241e-07,9.543015896636315e-08,5.547090307274896e-07,0.0,0.0,0.0,0.0,9.436997717409829e-07,7.651894467632674e-07,0.0,0.0,0.0,1.410925263082741e-06,9.54610872604551e-07,9.530894074771812e-07,8.235257943407133e-07,1.0523099434467419e-05,5.459459557786237e-07,1.1321397939732906e-06,1.265726207835053e-06,1.6781380190804882e-07,3.842391157168842e-05,8.229010436431248e-07,0.0,2.110714754839163e-06,0.0,0.0,0.0,1.5606796426196196e-06,1.0504424578851277e-06,1.0723199406251425e-06,0.0,5.400497412005358e-08,0.0,0.0,8.478906935069399e-07,7.685387461909554e-07,0.0,0.0,0.0,2.7018159807355203e-07,1.5788582457826452e-05,9.245494949911399e-07,2.441082831293956e-07,0.0,1.4970806307596348e-05,0.0,8.587248470556339e-07,9.96116210311677e-07,2.980214768046659e-07,7.611436266406792e-07
2009-03,0.0,0.0,4.4369880951718006e-07,0.0,3.639119498513067e-07,1.3315094363867409e-06,1.3761958440886293e-05,0.0,6.182620184617378e-07,0.0,2.357790177722481e-06,0.0,0.0,2.0884617309215383e-07,2.8248499445888005e-06,0.0,1.9741685630320395e-06,0.0,1.2337741050241768e-07,0.0,1.9387884909307512e-07,3.8399540293156815e-07,0.0,0.0,1.4089811985374886e-07,2.5322559975099293e-07,4.848701469290403e-07,0.0,0.0,2.970510271921353e-07,0.0,0.0,3.8130315195171463e-07,0.0,3.303650824584906e-07,0.0,4.555907621907121e-07,3.42065679570739e-07,0.0,0.0,0.0,0.0,1.435999655115816e-07,0.0,2.2176626298290352e-05,1.3784689731498498e-07,0.0,1.442632089540992e-07,1.3156097014427273e-05,2.3823722046969554e-07,3.0170906773500667e-07,0.0,7.849307621787122e-08,7.273160909187366e-08,0.0,2.7105694021231644e-07,3.665516800024681e-07,1.5899650228357044e-09
2009-04,0.0,0.0,0.0,8.065743558750248e-07,5.54256996170786e-07,0.0,1.5136490708765716e-05,1.4137309463567624e-06,0.0,1.1689152881672396e-07,0.0,0.0,0.0,0.0,0.0,6.996676356197523e-08,5.041594922581886e-05,0.0,4.238186865788297e-07,0.0,7.292671877244996e-07,0.0,0.0,0.0,0.0,0.0,0.0,4.852929446947096e-07,0.0,0.0,3.70504405698506e-06,4.872402714564753e-06,0.0,0.0,0.0,5.0254190941145665e-06,1.4936789423544705e-07,7.561986569723563e-07,0.0,0.0,0.0,0.0,0.0,9.165802994467853e-07,2.250709063604484e-05,0.0,5.175475902832391e-08,1.0761106953286263e-08,1.5247048693693664e-05,8.381225733617368e-07,5.608957579497434e-07,0.0,0.0,0.0,1.8788854047645539e-06,6.874388967871397e-09,4.5984757490895833e-07,7.844059979586413e-07
2009-05,2.4023599123874065e-06,0.0,3.2006672171970217e-06,1.7754476628799068e-06,3.1182135827906803e-06,6.265948954286394e-06,1.3773187301084168e-05,1.5651231650792053e-06,1.6271639916329157e-06,4.074599326414916e-07,3.7062173206296596e-06,0.0,7.553462463901983e-06,3.636268651246853e-06,5.3125224848493345e-06,1.58406233676852e-06,4.9297236851299e-05,6.602368464207597e-07,6.044149477761641e-07,6.596585823774401e-07,2.065839337396767e-06,3.389315673003183e-06,2.130606437917102e-06,6.232837035802163e-07,2.900609882231562e-06,1.8718468982257975e-06,3.1890008026476575e-06,8.76360945256614e-07,1.4215302347861148e-06,2.955222493976468e-06,8.388452205625201e-06,8.36845142380159e-06,5.514063186085251e-06,5.272236146699139e-06,3.0384501999775464e-06,8.368713636327255e-06,3.4480502733473115e-06,2.9619892475576914e-06,0.0,4.159578179369792e-07,4.342376576915632e-07,5.004310953731538e-07,2.367383757317397e-06,1.2432710364840941e-06,8.221447645026993e-07,4.82725184932491e-07,1.4728344627439198e-06,5.316569035515662e-07,2.0259422989818317e-06,1.9097400444941783e-07,4.5934698420491486e-07,8.435409229650511e-07,1.1994317515302816e-06,1.0112523800848323e-06,1.2194740778788092e-06,4.1617701583563335e-07,4.6933443066121426e-07,5.912741123308054e-07
2009-06,2.955246862308256e-06,0.0,1.1776385030152146e-06,4.9899656104006805e-06,1.7858747179849665e-06,3.364055400102456e-06,1.4273431477856855e-05,5.11013876116078e-06,8.946186134539437e-07,1.9526863007165475e-08,3.549528834507279e-06,0.0,4.227519733912388e-06,3.5713419454916146e-06,2.6345668508299114e-06,2.644719120263166e-06,1.8819876395487767e-06,1.7122854048537252e-06,1.7813742956912134e-06,7.930242760733896e-07,1.6114240354456691e-06,9.119853341796064e-07,2.957657738881514e-06,1.412155010395169e-06,8.835298143446482e-07,1.5626600662226164e-06,8.71702729012427e-07,1.5660983585427775e-05,2.6853588429042625e-06,1.754596306552678e-06,9.311111916373919e-06,9.290545277699181e-06,2.612305289337022e-06,5.294534071640267e-06,1.5483583754722085e-06,9.284210688622701e-06,1.7402595028340375e-06,2.516032320183069e-06,0.0,6.534274896436145e-07,2.6972318876681607e-06,1.0138280891120655e-06,1.7002022973878102e-06,1.4045615012573016e-06,1.5942239960625004e-06,1.527235817450402e-05,7.811571080707462e-07,8.784069367946211e-07,1.762373563049759e-06,3.4873067802725434e-07,1.8669734750149797e-06,1.032408946711791e-06,6.0465410232433e-07,1.471685472868344e-06,1.3250332815970788e-06,1.8898418287976067e-06,1.2420151151955528e-06,5.513841900403743e-07
2009-07,8.585354826319731e-08,0.0,6.511458467932212e-08,1.4464181703465265e-07,7.208054467315595e-08,2.5075967194378155e-07,1.312088340188791e-05,1.1374232668064435e-07,4.557757453809569e-08,9.975750802442034e-07,2.671953318390888e-07,0.0,3.112881983068083e-07,1.232714054715499e-07,1.9661009743842523e-07,5.03154138320576e-08,1.3791186338083655e-07,1.9816056150667295e-07,4.54471678137643e-08,5.854925906069973e-08,8.954987894623824e-08,6.811144615226709e-08,1.2023367474689462e-07,2.5984931743598672e-08,6.739795978566097e-08,6.744940819204854e-08,6.567941871556647e-08,4.472040834364779e-08,1.1650601932499185e-07,8.085637386005991e-08,6.898803725225166e-07,6.866846078908278e-07,1.9239619114103448e-07,3.950988378485232e-07,1.1544264612017158e-07,6.885667641560595e-07,6.845883709125436e-08,7.88937317473086e-08,0.0,3.820346282785124e-08,3.4429436595127126e-08,1.5579713058131752e-07,8.78326698113812e-08,1.0535477964404919e-07,6.680860358652085e-08,1.1737971990982442e-05,4.250594915115695e-08,4.06363817454505e-08,4.4865368445570766e-08,1.7548069266797202e-08,3.381425018814544e-08,4.396448446918142e-08,4.4469611649920055e-08,4.49059232693139e-08,6.281012835359264e-07,3.7258536969638975e-08,9.168868231622211e-08,1.3736804871147898e-06
2009-08,5.560915073551092e-07,0.0,1.0162376928803015e-06,9.168253072994563e-07,8.673034743246852e-07,1.5576701644298488e-06,1.4915066329097171e-05,1.5738094429019952e-06,2.976308219070564e-07,2.7493995914051796e-07,1.6881440083996447e-06,0.0,1.9579005576029275e-06,7.82626224083087e-07,1.2226244067991207e-06,9.866661230123077e-07,8.7582720109744e-07,2.8128998602135884e-07,3.030535486299151e-07,3.390643996858001e-07,1.204932921806236e-06,1.1243376986149727e-06,7.506263061074769e-07,4.117205700176953e-08,1.1731124746175488e-06,7.487188764157601e-07,1.3372435434854703e-06,2.9159883672672494e-07,7.397678594081061e-07,1.1998615238196266e-06,4.327677785575732e-06,4.301300750994511e-06,1.2136542685664415e-06,2.487584006776844e-06,7.258247674981032e-07,4.316756569280114e-06,9.78801698890773e-07,1.0747641799924071e-06,0.0,5.734944142810435e-07,3.121660484213442e-07,4.144941898695173e-08,1.6079594648654456e-06,6.557898320540718e-07,4.29350218867839e-07,2.544583015561186e-07,1.3294718127725181e-06,2.5336462918662105e-07,2.661336233711082e-07,5.360626047804929e-07,3.343041436652686e-07,2.816246359892052e-07,3.1020617248061524e-07,2.7619439642996223e-07,5.49574665493123e-07,2.2776292584726198e-07,6.686393280357604e-08,4.093596604167263e-08
2009-09,3.070954810622655e-05,0.0,1.419234703997751e-07,1.8494674128940528e-06,0.0,5.1294220671299764e-06,1.2347591415597816e-06,1.0441303487460328e-06,1.0063493673773223e-06,1.71333503758457e-06,3.7929220229534556e-06,0.0,5.764049806577222e-06,4.395476150724573e-05,3.1355603255291064e-06,1.7379113670393235e-05,3.7648608430941935e-06,4.6823741155125126e-07,1.5976098193594265e-06,3.0280117405056497e-06,0.0,0.0,2.2072142569710617e-06,1.7150591652605654e-06,3.1243255821507973e-07,4.1854825497666426e-07,9.426552462988778e-08,5.896010099580903e-07,4.182471378968653e-05,0.0,2.3506158102871654e-05,2.3840096946800392e-05,3.625981671422897e-06,7.071392547068859e-06,2.2885983113741238e-06,2.3847578312751058e-05,0.0,0.0,0.0,1.36808689868719e-05,6.911501105784776e-07,1.699740083380247e-06,0.0,3.3954131798197354e-06,1.4738598639404098e-06,1.5038351390352944e-05,0.0,1.4324278571878954e-06,8.404627698048087e-07,2.355625409460149e-06,1.0433828444653778e-06,4.567054211584319e-07,5.727520865687324e-07,9.984290464538074e-07,5.9728845524064935e-06,5.81796086414065e-07,1.9856861099689547e-06,3.347311846958288e-06
2009-10,0.0,0.0,6.674664705209801e-07,2.9320037315440604e-06,2.833165321648983e-05,4.350315843653585e-06,0.0,1.3979097909465783e-06,4.7242580469270167e-07,6.849502443213966e-07,4.6599253877410775e-06,0.0,5.29708912872507e-06,0.0,3.5623597289659653e-06,0.0,1.5870817439159191e-06,1.0297796803380037e-06,4.6803293034415084e-07,2.1799323729587098e-06,3.442191134508778e-05,2.593279258123848e-05,2.3256794741791135e-06,1.0080229389670907e-06,2.574612765349447e-05,1.4826434764764856e-06,3.4710501917267595e-07,0.0,0.0,7.79112283028285e-07,1.3492627124181145e-05,1.3308645380039397e-05,3.222199086413094e-06,6.9008336376386036e-06,1.8651755482297534e-06,1.3244782301417125e-05,2.6643235312895016e-05,5.454655974855855e-07,0.0,0.0,9.702163062863769e-07,4.2751089976149525e-07,1.0045270840093115e-06,2.088033042696294e-06,6.148888749421405e-07,0.0,1.572935893370507e-05,1.1111257295091546e-06,1.0278453332204974e-06,0.0,4.895947005000238e-07,1.76427739344669e-05,1.4150579222922817e-06,1.718972973315177e-05,2.2514057222025145e-06,6.868879288645978e-07,1.245538046350624e-06,4.1098055533941165e-07
2009-11,0.0,0.0,2.561288647359262e-05,5.785139505724607e-05,0.0,0.0,0.0,4.480921909227316e-05,2.0595769579225875e-05,0.0,0.0,0.0,0.0,0.0,0.0,0.0,0.0,1.9344005297782026e-05,2.0942799629477803e-05,0.0,0.0,0.0,4.979320644087889e-05,0.0,0.0,2.637078618696798e-05,2.4409115735267286e-05,0.0,0.0,3.133445424787171e-05,0.0,0.0,0.0,0.0,0.0,0.0,0.0,3.101391148325813e-05,0.0,0.0,1.5280465019572565e-05,0.0,3.415126581999119e-05,5.723973912960568e-07,0.0,0.0,0.0,1.8964205035947286e-05,0.0,0.0,0.0,0.0,0.0,0.0,0.0,0.0,0.0,3.138730210114002e-08
2009-12,4.203216611317756e-07,0.0,3.331501020679417e-07,6.888907498691643e-07,3.437677019187992e-07,1.1990921615250005e-06,2.0522801466478154e-07,5.572707674769729e-07,2.4880352417200844e-07,2.2704031499014808e-07,1.2322517522084727e-06,0.0,1.477986963985177e-06,5.895496388155439e-07,9.147875992947669e-07,2.467084173282709e-07,7.042322598911008e-07,2.146733760784881e-07,2.5184715562662044e-07,3.4007124713323833e-06,4.3202500957552e-07,3.2350202183998106e-07,6.090181782000583e-07,1.324681494538721e-05,3.3511969767907257e-07,2.987181082829936e-07,3.150154859105289e-07,1.1523889644697322e-07,5.658721881130445e-07,4.0702343799361997e-07,3.4566791352483586e-06,3.4912633850993082e-06,9.223713274395112e-07,1.8452975342501122e-06,5.530438208413806e-07,3.473038594301453e-06,3.296264436561322e-07,3.894195159233893e-07,0.0,6.432573361729536e-07,1.7791891227842295e-07,1.7271843746678507e-05,4.500542156006884e-07,9.009145830698313e-08,6.54577526839532e-07,5.602219330282984e-07,5.584128279400667e-07,3.367654947458495e-07,2.188454918029166e-07,4.146330210988538e-07,1.5529407505721834e-05,6.222937616299565e-07,1.9932059593951615e-05,6.310858479975073e-07,3.5297352547254e-07,1.7641722762684262e-07,7.093765236956124e-07,8.953700087491676e-07
2010-01,0.0,0.0,0.0,3.2729618039822883e-08,0.0,9.903423201411113e-05,0.0,0.0,0.0,8.004840779132702e-07,3.297344106775582e-06,0.0,0.00012369174602276916,8.091284959591167e-07,7.750397315306008e-05,0.0,5.594154618827904e-05,0.0,7.983382410796554e-08,2.604227896931578e-07,0.0,0.0,0.0,1.2710927989654225e-05,0.0,0.0,0.0,0.0,7.459597768675087e-07,0.0,8.367387080381123e-06,8.119352101225302e-06,7.694014135648158e-05,4.538771533204242e-06,4.599407125454648e-05,7.883769772543875e-06,0.0,0.0,0.0,3.690774296155469e-07,0.0,1.7892772708243007e-05,0.0,8.343392065599357e-07,0.0,0.0,0.0,0.0,0.0,0.0,0.0,0.0,1.9599067845203847e-05,0.0,2.404495730605857e-06,1.496828747299543e-05,0.0,0.0
2010-02,0.0,0.0,0.0,0.0,0.0,0.00010638581222660026,0.0,0.0,0.0,0.0,0.0,0.0,0.0001341291483825179,0.0,8.595772128520088e-05,0.0,0.0,5.575108082254282e-08,6.876962317525424e-08,2.2767764118157875e-05,0.0,0.0,0.0,0.0,0.0,0.0,0.0,6.403575148880864e-07,0.0,0.0,0.0,0.0,8.442205005757211e-05,0.0,0.0,0.0,0.0,0.0,0.0,3.4483507210533726e-07,7.309450721451876e-08,0.0,0.0,4.727773241528628e-05,0.0,0.0,0.0,0.0,2.496529688454652e-07,3.853116265552939e-07,1.5055105573961451e-05,0.0,2.065123591174599e-05,0.0,0.0,0.0,3.3308458975711986e-07,0.0
2010-03,6.664261875083712e-07,0.0,5.28153709612178e-07,1.0252550261632479e-06,5.548624770167193e-07,1.956877599300022e-06,7.651262065334983e-08,8.962412395385408e-07,1.5972736923467664e-06,3.5356012788949e-07,2.1222025548171542e-06,0.0,2.506130337331325e-06,8.879433538358725e-07,1.6188420526564926e-06,3.7400794086245307e-07,5.8252642439814275e-05,8.948695698171357e-07,3.7352043619428947e-07,4.5172367095628124e-07,7.971308097568484e-07,8.262760712690193e-07,9.996456607854545e-07,2.566098161511802e-07,6.967699071744032e-07,5.19642632268575e-07,1.2398430853482988e-06,3.0496494474959063e-07,8.760104652907538e-07,7.021020392105823e-07,5.86775863544034e-06,5.928073002756745e-06,1.5750936354959334e-06,3.1799906977797583e-06,1.3488396066912538e-06,5.928825268911809e-06,5.133960937683032e-07,6.386667751323919e-07,0.0,1.0727546523990016e-06,2.8881083619853014e-07,1.6923121033859334e-05,8.348937417319846e-07,9.415746131748899e-07,5.582653514123424e-07,3.262886582778256e-07,4.77820712976973e-07,3.756344899163624e-07,3.2181026313517216e-07,1.5365078859970806e-07,1.5261970829319034e-05,8.217639152041379e-07,3.754941570084363e-07,3.5890281950827845e-07,1.0281414988939259e-06,3.0668868404201256e-07,3.0004105730247007e-07,1.2755127226671063e-06
2010-04,5.820442504035281e-08,0.0,0.0,2.4135388148799586e-06,0.0,9.778293679652606e-05,1.0331214285888543e-06,0.0,0.0,1.3854490647602532e-06,1.3244171563218318e-06,0.0,0.0,2.2525254538076704e-06,8.218013582440827e-05,5.434410718513881e-08,9.504844166661648e-07,0.0,7.166853435393618e-07,0.0,0.0,0.0,0.0,5.090838736673325e-07,0.0,0.0,0.0,1.8411408091202602e-06,1.563499389410989e-06,0.0,7.978636789485988e-06,6.898248368585963e-06,7.878104601340128e-05,1.6374408853751244e-06,0.0,6.439432715277666e-06,0.0,0.0,0.0,0.0,0.0,1.6423101917361434e-05,0.0,0.0,0.0,0.0,0.0,0.0,8.962618356849524e-07,1.9044636616502974e-06,1.473952816372717e-05,0.0,1.8247473611736556e-05,3.747948490151528e-07,5.400900414248074e-05,0.0,1.0489405001563513e-06,0.0
2010-05,0.0,0.0,0.0,0.0,0.0,0.00010181136543123031,0.0,0.0,0.0,1.5739254891529095e-07,0.0,0.0,0.0,2.1054541474317679e-07,8.578820018031022e-05,0.0,7.552717437777842e-08,3.3092076526146725e-08,1.6740152621215998e-07,0.0,0.0,6.526405694746648e-08,0.0,0.0,0.0,0.0,5.130939170135719e-07,5.845043494090854e-07,1.7465232346684443e-07,0.0,0.0,0.0,8.219546434249045e-05,0.0,4.9267405648381314e-05,0.0,0.0,0.0,0.0,1.2966876097952573e-06,0.0,0.0,0.0,0.0,0.0,0.0,0.0,0.0,0.0,4.660819229889736e-09,0.0,4.068226837855397e-08,0.0,0.0,0.0,0.0,0.0,2.50389262921772e-05
2010-06,5.9571961619511033e-08,0.0,0.0,5.6254826295378705e-05,0.0,0.0,0.0,0.0,0.0,3.6450829251351465e-07,0.0,0.0,0.0,4.736336476180686e-05,0.0,2.1559865789477598e-07,0.0,0.0,2.1676402430340774e-05,1.969027960128718e-05,0.0,0.0,0.0,0.0,0.0,0.0,0.0,1.450445686142912e-05,4.646625669581521e-05,0.0,0.0,0.0,0.0,0.0,0.0,0.0,1.1116735680101984e-07,0.0,0.0,0.0,4.791795760947072e-07,0.0,0.0,0.0,0.0,0.0,0.0,1.8440896741826658e-05,1.866896684873865e-05,0.0,0.0,0.0,0.0,1.8962435171815896e-05,0.0,1.4350207777475206e-05,0.0,0.0
2010-07,0.0,0.0,0.0,0.0,0.0,0.0,0.0,0.0,0.0,0.0,0.0,0.0,0.0,0.0,0.0,0.0,0.0,0.0,2.441154937442805e-05,1.8748433519480412e-07,0.0,0.0,0.0,0.0,0.0,2.4791911116674505e-05,0.0,1.663651865449494e-05,4.9956311084723554e-05,0.0,0.0,0.0,0.0,0.0,4.3417266690105873e-07,0.0,2.1114384079950858e-07,0.0,0.0,0.0,0.0,0.0,0.0,0.0,0.0,0.0,2.3478558567222724e-07,0.0,0.0,0.0,1.7682349775435542e-05,0.0,4.633829739899061e-07,0.0,5.629234221613022e-05,0.0,0.0,0.0
2010-08,0.0,0.0,0.0,8.270539607510042e-07,0.0,0.0,0.0,0.0,0.0,0.0,0.0,0.0,0.0,0.0,0.0,0.0,0.0,0.0,0.0,3.5030982291561764e-07,0.0,0.0,0.0,1.5213108066344954e-05,0.0,0.0,0.0,1.055781428540431e-06,0.0,0.0,0.0,0.0,0.0,0.0,0.0,0.0,0.0,0.0,0.0,0.0,0.0,1.991368938311842e-05,0.0,0.0,0.0,0.0,0.0,1.9735745337100425e-05,2.064960420411204e-05,2.3202052223925996e-07,0.0,0.0,0.0,2.0931529256676774e-05,5.6743955103447905e-05,0.0,1.7864713327765485e-05,0.0
2010-09,0.0,0.0,0.0,0.0,1.452537371823895e-07,0.0,1.707390305765844e-05,0.0,0.0,2.3729883965931113e-05,0.0,0.0,0.0,0.0,1.4615331400132104e-06,5.224397053128077e-09,0.0,4.087441760492298e-07,0.0,4.851784425639154e-07,0.0,0.0,0.0,0.0,0.0,0.0,0.0,1.56317158028088e-05,0.0,0.0,0.0,0.0,0.0,0.0,1.3537611872681994e-06,0.0,2.6658645782815357e-05,0.0,0.0,0.0,1.4548234915367966e-05,0.0,0.0,0.0,0.0,0.0,0.0,0.0,0.0,4.004689101355383e-07,0.0,0.0,0.0,0.0,0.0,0.0,0.0,5.233131058614942e-07
2010-10,0.0,0.0,0.0,0.0,0.0,0.0,0.0,3.27157820303247e-07,7.554567013822022e-07,0.0,0.0,0.0,0.0,2.9659730169685416e-07,0.0,0.0,0.0,0.0,0.0,0.0,0.0,0.0,0.0,0.0,2.103689056126637e-07,0.0,0.0,1.6323049412735154e-05,0.0,0.0,5.768470611035803e-06,3.6887527687600176e-06,0.0,0.0,0.0,4.815343526005156e-06,2.7967971766392942e-05,0.0,0.0,1.0102855071663849e-07,1.6357655843121066e-05,5.744062207759076e-07,0.0,0.0,0.0,0.0,0.0,0.0,0.0,5.822874059335662e-07,9.56305497349149e-07,0.0,0.0,0.0,0.0,1.5411576259087986e-05,5.294919833996533e-07,2.6779039575324654e-07
2010-11,0.0,0.0,0.0,0.0,0.0,0.0,0.0,1.0392194525594665e-06,2.7822212114731113e-06,2.3982122051819e-05,0.0,0.0,3.630748122653571e-07,0.0,0.0,0.0,0.0,0.0,0.0,1.7429929101707604e-07,0.0,0.0,0.0,0.0,4.017842856441859e-07,0.0,0.0,1.0036725678806554e-06,0.0,0.0,4.88303991825681e-06,4.576044382551853e-06,0.0,0.0,0.0,5.149452922381781e-06,0.0,0.0,0.0,8.111321459540848e-07,0.0,1.7957661090282403e-06,0.0,5.425784198217904e-07,0.0,7.079753453053308e-07,0.0,1.7774290099944677e-07,0.0,7.262435714247571e-07,3.7533013105489447e-07,0.0,1.2500741281250613e-06,6.180466467460912e-08,0.0,1.5914532167623737e-05,0.0,2.375775024815706e-05
2010-12,0.0,0.0,0.0,0.0,5.4351304082479045e-08,0.0,0.0,6.645692218097896e-07,0.0,0.0,0.0,0.0,1.6889470977295915e-06,0.0,0.0,4.5331560980400175e-08,0.0,7.64170282932953e-08,0.0,0.0,0.0,3.4735853450498096e-07,0.0,0.0,0.0,2.453332492007142e-05,1.0139143862219861e-07,0.0,0.0,0.0,0.0,0.0,0.0,0.0,0.0,0.0,2.6821203657904122e-05,0.0,0.0,6.927542973319719e-07,0.0,0.0,0.0,0.0,0.0,1.7072005480497348e-06,0.0,2.4817425747177857e-07,0.0,7.91973758010921e-08,0.0,0.0,0.0,6.911025159455319e-08,0.0,0.0,5.270256153565343e-07,0.0
2011-01,5.249503494768534e-07,0.0,4.299153031931419e-07,8.170009156634878e-07,3.960181174801278e-07,1.4827375814441268e-06,2.785687549134424e-07,4.5159035551441476e-07,2.3121056193383465e-06,2.43735645789718e-05,1.4991717641639202e-06,0.0,2.2674562682512696e-07,7.062670557784756e-07,1.2090826932060414e-06,2.304625245909929e-07,8.109659537815298e-07,2.925754611961366e-07,2.016664553636591e-06,2.0555112008026144e-05,5.343826540474238e-07,7.196701702043163e-07,7.078322825481257e-07,2.107401734620521e-07,4.2406299800432783e-07,2.4111987573075407e-05,9.102339388878216e-07,7.143045232455769e-07,7.071814202612124e-07,5.02526683338611e-07,2.6906022295531405e-06,3.404806745293115e-06,1.1664947152669816e-06,1.084553923969167e-06,6.73396403013532e-07,2.200713042050162e-06,4.158148123649657e-07,4.471271358511674e-07,0.0,9.942465124691164e-07,3.170500530625415e-07,4.962249110465039e-07,5.354564112637315e-07,7.133817784228183e-07,4.659820539327387e-07,7.809876418641108e-07,8.55546760707664e-07,1.316801587030807e-06,3.224253405903054e-07,1.7196292340051177e-07,2.406377849356644e-07,2.958061076695565e-07,2.833681813397045e-07,1.0595816279869043e-06,8.042550113053979e-07,1.6677358445184487e-05,2.425738107774134e-07,2.729976537893484e-05
2011-02,1.2695634387873083e-06,0.0,1.764078526993701e-06,4.864156940171958e-05,1.0241210411569332e-06,3.959030055546688e-06,1.735050563880005e-05,1.703545445834967e-06,3.7110800316048294e-06,6.369122745810164e-06,3.629327520460482e-06,0.0,4.548796246894631e-06,4.114662276938072e-06,3.130968749051444e-06,7.754999221803831e-07,1.9737744345892095e-06,1.3744600063888696e-06,2.439513218791968e-06,1.5983259199525354e-05,2.3004554971598098e-06,2.998037352712023e-06,2.1710603821185824e-06,1.2327945402201409e-06,2.622670486897561e-06,2.1630633649934787e-05,2.5057088330287785e-06,1.921308893931509e-06,2.951680129309152e-06,3.4660684331339272e-06,1.1405797552441116e-05,1.1425134306823682e-05,2.878412901147938e-06,5.60148461852994e-06,1.6363640217930513e-06,1.1306946341334695e-05,2.5027561996611567e-05,1.1273111765244052e-06,0.0,1.768704522864286e-06,1.981263710452462e-06,2.391382226988431e-06,3.433057652614483e-06,4.015403978471679e-06,1.1402510361522186e-06,1.1513328488453324e-06,1.9882460490563734e-06,1.9502435254261687e-06,1.9927478045855837e-06,5.036788135432783e-07,1.5654034797390427e-06,1.0960230963943073e-06,1.7114410834548096e-05,2.2640283966432456e-06,1.9890676611102435e-06,9.723244068348376e-07,1.5170787287335923e-06,2.9902648471448414e-06
2011-03,0.0,0.0,0.0,0.0,0.0,0.0,0.0,0.0,2.9199968029472445e-07,0.0,0.0,0.0,0.0,3.757837854279485e-05,0.0,0.0,0.0,0.0,0.0,3.926056360106442e-07,0.0,0.0,0.0,6.244671276482593e-07,0.0,0.0,0.0,0.0,0.0,0.0,0.0,0.0,0.0,0.0,0.0,0.0,0.0,0.0,0.0,5.199599218368486e-07,0.0,0.0,0.0,0.0,0.0,9.10672251415506e-07,0.0,0.0,0.0,4.6186685767839014e-07,1.5501625065133736e-07,0.0,1.431351162987794e-05,0.0,0.0,0.0,0.0,2.1406539198424338e-05
2011-04,1.0089840308178875e-07,0.0,7.788061551377603e-08,1.3758026183282798e-07,7.770464166845237e-08,2.732427995785353e-07,6.388805863497375e-07,1.3448914473339694e-07,3.796893953267079e-07,5.7945771944427004e-08,2.749863732175867e-07,0.0,3.450582794928825e-07,1.2468675076719726e-07,2.2364529026530634e-07,5.973467096514508e-08,1.4853066196594476e-07,5.163172014895773e-08,5.7927119950267756e-08,4.473821717905849e-08,9.444896735498823e-08,1.5734445363494928e-07,1.3619924875855547e-07,4.2367154816076467e-07,7.392313428205947e-08,1.9070680674772266e-05,2.48424801201394e-07,1.6031386780740886e-07,1.2714103494141164e-07,8.538555819546067e-08,8.704610390153634e-07,8.703121515819534e-07,2.187476084460141e-07,4.2467751978703116e-07,1.259959259255171e-07,0.00027007191441863216,6.757205080845653e-08,8.43411942282931e-08,0.0,4.0351655837058116e-07,8.07547638492453e-07,5.0199321470540194e-08,9.381566182348894e-08,1.3273303339010265e-07,8.794821045411336e-08,1.161541951431571e-06,4.6903686116412e-08,2.266907734443692e-07,5.2096527530454825e-08,4.033925689444357e-08,9.45118070117216e-08,5.3302226842443996e-08,1.578588965538709e-05,3.2885091113533244e-08,5.878866856497551e-07,2.73112596597104e-07,1.667302099479613e-07,2.2467673784546423e-05
2011-05,4.6185948874774564e-10,0.0,0.0,0.0,0.0,0.0,0.0,0.0,0.0,0.0,0.0,0.0,5.230476227813252e-07,0.0,0.0,4.117416173831587e-07,0.0,0.0,0.0,1.4018506892551518e-06,0.0,0.0,0.0,2.33296990164061e-07,0.0,0.0,0.0,7.951392638632943e-07,0.0,0.0,0.0,0.0,0.0,0.0,0.0,0.0,0.0,0.0,0.0,1.5428283868302791e-07,3.350401308161218e-07,1.0039419902039756e-07,0.0,0.0,3.0704964092582306e-07,2.3897494573140107e-06,4.011463428701956e-08,7.212326450055199e-07,1.8759043646902636e-07,0.0,5.964898178194836e-07,0.0,0.0,6.077820593203787e-07,0.0,6.548271217116791e-09,3.6015822921277743e-07,2.063000707757978e-05
2011-06,1.6417158080799244e-06,0.0,6.322046285136776e-07,9.019590248169757e-07,5.109200142432696e-07,1.8007270033271809e-06,2.963254481347863e-07,8.613617091761776e-07,2.924520588049352e-07,5.71516040102726e-07,1.816895337187638e-06,0.0,2.2967600068990943e-06,1.4134545876411838e-06,1.4817566417045583e-06,4.056014052647994e-07,9.685965081896314e-07,5.95275461689148e-07,3.673298887375033e-07,2.6165237514501686e-07,6.125263616241789e-07,9.025237959006099e-07,1.7446410181179603e-06,3.206450351711139e-07,4.800865920591476e-07,1.876496915860086e-05,8.961411783913482e-07,2.348680061749946e-07,2.072022257840745e-06,8.337483915550892e-07,5.580318591740186e-06,5.614656229255916e-06,1.4577324932680616e-06,0.00013067127441873406,8.459111433964037e-07,5.683707946681243e-06,4.35607856620477e-07,5.579544602083483e-07,0.0,2.812686005505775e-07,2.863384079987508e-07,8.846976831541803e-07,1.1726653937790284e-06,7.369264013225088e-07,1.5571437435426481e-06,2.608376708721581e-07,2.914669153596091e-07,3.652462298458243e-07,3.228217842387287e-07,2.664075495247406e-07,2.7524234215898797e-07,3.506959876418223e-07,3.445024681914405e-07,3.556099740148616e-07,8.832206586650328e-07,2.858025829471367e-07,2.5660783051332985e-07,4.4898418408743055e-07
2011-07,4.2174305422874525e-07,0.0,1.0869445257409051e-07,1.865150932450245e-07,1.0782419666906067e-07,3.803304652651926e-07,6.604852466879796e-08,1.834644822622418e-07,5.4605653645700175e-08,2.7179646087140823e-07,8.11413154345153e-05,0.0,4.86344044079115e-07,5.058959035201191e-07,3.138041223745142e-07,8.173882799186218e-08,2.0759858487344463e-07,5.66738936930971e-07,7.705270404960267e-08,5.570229708008051e-08,1.2906640653575704e-07,9.63139013727271e-08,2.1568501628506724e-07,3.5655357967791584e-08,9.960427190278294e-08,8.708463442419489e-08,8.892708068840815e-08,5.693104486434132e-07,6.118943390932206e-07,1.130454583709601e-07,1.1813321622407003e-06,1.1892176121728605e-06,3.0782873526868233e-07,6.206893677992293e-07,1.7644203027454216e-07,1.2053664192955283e-06,9.178572116652975e-08,1.1469115826070672e-07,0.0,5.798075503928978e-08,5.9303987356992305e-08,5.8107866069931004e-08,1.235270147382176e-07,1.318307502039942e-06,1.1256879455143892e-07,5.018293760712146e-08,6.295598692748934e-08,7.26749088715813e-08,5.9645293687013e-07,5.243325674017703e-08,5.1142615395308175e-08,6.972310485278254e-08,6.686516411905357e-08,1.0453029427570735e-07,5.12144274850232e-07,5.588616810211274e-08,7.84891426151361e-07,9.76927750675552e-08
2011-08,0.0,0.0,5.119341433778915e-07,7.853701344755181e-07,1.5544135908419633e-06,0.0,1.537104351831846e-05,5.573491751269532e-07,1.7282141102393503e-06,0.0,8.616615230167465e-05,0.0,3.3037648832122125e-06,8.392496491463342e-08,0.0,1.5733199020669925e-06,5.527219296595464e-07,0.0,1.3726199322592233e-06,1.3417360586130307e-06,7.382929388814897e-07,5.455209933877097e-07,6.111713613589365e-08,1.0240227419099583e-06,2.8930345541195756e-07,6.980754374903229e-07,5.197377049935541e-07,0.0,0.0,5.953747187023902e-07,6.746248186866574e-06,5.59897568545259e-06,0.0,0.00014665626437409754,0.0,0.0002735954048042036,2.1809125039223675e-06,2.074936853366403e-06,0.0,6.953640258882694e-07,0.0,1.252950938970151e-06,8.473341234350104e-07,6.849586330079024e-08,0.0,1.0009740079247944e-08,3.7914918223860924e-07,1.6946731246170614e-06,1.3766237629097878e-06,1.5737139001555691e-06,9.200400481539535e-07,1.4578404982711842e-06,1.81737939922824e-07,1.6429094342198039e-06,0.0,7.680672124422911e-07,1.2445044884376111e-05,2.3396269909877568e-05
2011-09,2.4460759949496617e-06,0.0,2.2516539398052885e-05,4.909957806280316e-06,2.539081583115048e-05,2.1310271374076347e-06,1.9253512857526765e-05,3.4952905491290287e-06,7.190200940606238e-07,7.92716757699619e-07,0.0,0.0,6.297253287303816e-06,2.896334919975367e-06,2.410013073629147e-06,2.1597418952616615e-06,3.2527574818009415e-06,1.831196119792049e-06,0.0,1.1718647597974505e-06,2.6576162311187336e-06,1.9981347175678738e-06,3.219789669872408e-06,0.0,1.9550877877525278e-06,2.089453021881701e-06,1.9803890135348094e-06,4.8633418299031016e-08,1.7098324190709842e-06,2.2209820097742803e-06,1.838306485885996e-05,1.7909687547749936e-05,2.529779319549584e-06,0.0,0.0,2.436978923896216e-06,2.327172879238089e-05,2.9224914254580615e-05,0.0,1.9963938038591545e-06,8.258953502840909e-07,0.0,2.314573096996486e-06,3.1047112177882108e-06,0.0,1.1226509914863924e-06,1.517817536741627e-06,1.0157220833131066e-06,5.052790519915959e-07,1.198309985605695e-06,5.816358231371406e-07,1.4608782307726534e-06,4.656335041911524e-07,6.173186394950736e-07,3.112079918324476e-06,1.4300362198032624e-06,0.0,1.2306179144787929e-06
2011-10,9.694256297412136e-08,1.8795320898995414e-05,0.0,0.0,0.0,0.0,1.8722077151564974e-05,4.759686282265909e-05,2.1169993885257303e-07,2.3706115876129773e-07,0.0,0.0,0.0,4.166872291953575e-05,0.0,2.3153278882928666e-05,0.0,5.29147708499201e-07,1.2047644430766314e-07,7.602732218988306e-07,3.4570443600320684e-05,2.3844489009236144e-05,4.231661515680232e-05,0.0,6.574512999604782e-07,2.41188572396974e-05,2.177721694092896e-05,3.109787492859232e-07,0.0,2.3239628682098988e-07,0.0,0.0,0.0,0.0,0.0,0.0,0.0,0.0,0.0,2.7175247610157817e-06,3.138089147637409e-07,1.0717960193035829e-06,0.0,0.0,0.0,1.1364575068149211e-06,1.5419391687107705e-05,1.1769652369877145e-06,2.0477787613501532e-05,4.339126574122365e-07,1.4916598970460503e-05,2.3997525161768108e-05,2.832649243117349e-07,1.6743778798630865e-06,0.0,1.5567396387372045e-05,3.319981578890864e-07,0.0
2011-11,2.5973806028822824e-07,2.9969581993895613e-07,9.987896067570578e-07,4.0287289690661005e-07,2.3118991386871304e-07,7.143059056354262e-07,1.5033804416781857e-07,5.295726151292525e-05,5.2625150733691744e-08,1.5852311166364256e-07,7.602837703323192e-07,0.0,9.958694221056107e-07,4.505879779987664e-05,6.046939988858801e-07,2.156880929353993e-07,4.1650988879696206e-07,3.2761528445354047e-07,1.3060012568002176e-07,1.2490360720008794e-07,3.94841265912836e-05,2.8494989459180495e-05,3.439540578281837e-07,1.2523491568000068e-07,2.1735197972676258e-07,2.707148158055375e-05,2.553690017634345e-05,9.748414623798538e-08,3.009929317350155e-07,2.2954616976817237e-07,2.373118507377259e-06,2.3690924879530563e-06,5.869031564540994e-07,1.3107654429642123e-06,3.3640820018879593e-07,2.381978040204763e-06,3.525781969803219e-07,8.624595533320984e-07,0.0,1.6027603666616576e-07,6.898555444528887e-07,1.3149637548205176e-07,2.5133083009035164e-07,3.2103795617305017e-07,2.1579565658675325e-07,1.1671780875441642e-07,2.026671521741505e-05,9.742351366041485e-07,1.769706864867878e-07,1.1770058303603274e-07,1.2297263911584776e-07,2.2796481223643847e-07,1.9344599338498525e-05,2.384088643532941e-05,3.843086099010115e-07,1.8692734780370984e-05,1.0274116220358645e-07,2.1423309390215807e-07
2011-12,0.0,0.0,0.0,5.953055652079611e-07,0.0,0.0,7.785241187962741e-08,0.0,4.5627907380114963e-07,2.9970842717091594e-07,0.0,0.0,4.9998176097918596e-06,0.0,0.0,0.0,0.0,2.7864183122832015e-07,0.0,0.0,0.0,0.0,7.549533014464955e-09,0.0,2.6091047265747353e-07,2.6387721020586474e-05,0.0,9.335887542371787e-08,0.0,0.0,0.0,0.0,3.750935016482611e-06,0.0,0.0,0.0,0.0,0.0,0.0,2.0544165654054993e-05,9.176774505000336e-07,0.0,0.0,0.0,8.572400082017436e-08,0.0,1.9628473587856603e-05,2.539941259745702e-05,0.0,4.4638789652070176e-07,0.0,0.0,2.5089143330774523e-07,0.0,0.0,0.0,0.0,0.0
2012-01,6.211371616663893e-08,0.0,0.0,9.042222186780371e-07,0.0,0.0,9.589943245357649e-07,5.148971990881056e-05,1.6739404604052848e-05,0.0,4.0276532885405447e-07,0.0,1.3528372550511008e-06,4.288460619324715e-05,0.0,0.0,0.0,0.0,1.7922545879497806e-05,0.0,3.6790535047537036e-05,2.6962836030308178e-05,6.151456982624072e-07,0.0,0.0,0.0,2.3591298890520446e-05,1.258809851863543e-05,6.896569308874785e-07,0.0,0.0,0.0,1.2348959669939637e-06,0.0,4.369664238388152e-08,0.0,0.0,1.2524819875003173e-07,0.0,0.0,3.2555705315056616e-07,0.0,0.0,0.0,6.793993300563181e-07,1.3894012036495644e-07,0.0,0.0,0.0,1.1324899306181967e-06,0.0,2.8900577678199654e-07,5.592710966154275e-07,0.0,0.0,0.0,0.0,0.0
2012-02,4.1356703265722774e-07,1.0676294221024369e-07,8.384846868375093e-07,5.6974520340598856e-05,8.504801012868511e-08,2.6851274535810014e-07,5.1569965718808316e-08,5.165133302226187e-05,4.8169501840510804e-08,5.484593999641185e-08,2.7885728741710444e-07,0.0,3.9795698001428294e-07,1.245592516549883e-07,1.028709773971931e-06,8.582475704559823e-07,1.5313953981913041e-07,3.1409324563141385e-06,4.832695014163335e-08,4.389574212895244e-08,3.7163082469018346e-05,2.8347636429865068e-05,1.3018566250257158e-07,1.5944970708199313e-05,8.340004935114901e-08,7.646107569554175e-08,2.49711073374992e-05,3.662512263433344e-08,5.500017961862016e-07,8.684046234126719e-08,8.540281544049122e-07,8.534283910106577e-07,6.435773441515538e-07,4.80481663252888e-07,2.0474706811873486e-06,8.632412330065731e-07,3.737471555822387e-07,2.9619817994240227e-07,0.0,4.202662515560094e-07,5.728229653841066e-08,1.71739814134457e-05,9.608521759423699e-08,1.2170626139692415e-07,8.256100356845119e-08,7.392290859791883e-08,5.718005629004076e-08,7.468320593002378e-08,6.31088407145649e-08,1.219805210696215e-06,1.1129003960964022e-07,8.236312464079271e-08,1.3218829958032835e-06,6.335033436475311e-08,1.4430523902510956e-07,2.71669201075438e-07,3.8042697660016845e-08,2.6829869765729545e-05
2012-03,5.195582392130658e-07,5.662732115479171e-07,8.398711821776539e-07,8.53885352370902e-07,6.770057370452526e-07,1.396847904998555e-06,2.727050809073258e-07,5.144193108694161e-05,2.4264021529990694e-07,2.019729886417354e-05,1.940023460543984e-06,0.0,2.06870356362035e-06,6.636923568162402e-07,1.2107701215956779e-06,1.682189259050726e-06,7.647525351723791e-08,2.597111037107962e-07,2.3644741019084037e-07,2.8294448280543307e-07,5.518361257278726e-07,4.101611907911494e-07,6.93422346259024e-07,2.2902122282169973e-07,4.6404010976383927e-07,9.99503431465109e-07,3.572544020229544e-07,1.3782011651670537e-05,5.850704795876474e-07,4.734390557064733e-07,4.462920341317206e-06,4.454160256528228e-06,1.2949729886761533e-06,2.5093776217714887e-06,7.141083209392836e-07,4.512401780189273e-06,4.686425126081105e-07,5.439396829754542e-07,0.0,9.416609853992245e-07,3.2143565973023756e-07,2.5526471007510965e-07,5.166406228630759e-07,6.431466823635518e-07,4.2436184939132796e-07,7.197906609826737e-07,3.0531724975240217e-07,8.694171596003736e-07,6.629151804871392e-07,2.1131142547586857e-07,2.238854699506132e-07,1.3619646767196771e-06,2.896835859990173e-07,3.6285131202573423e-07,7.612152844892576e-07,2.8293526894345235e-07,1.982816756413413e-07,2.631699859111316e-05
2012-04,9.328947065700283e-08,1.355425483969136e-07,2.7674129934525907e-05,5.9325676950270876e-05,1.0809965563306212e-07,3.2760135377632447e-07,6.143685163322032e-08,1.696155698051212e-07,5.9455189007573404e-08,2.1821409658840192e-05,3.416713123436943e-07,0.0,4.0412422826785477e-07,1.5718458738357352e-07,9.517082005049416e-07,8.63360777996463e-08,4.346416996453238e-07,5.45002290158244e-08,4.795135479470445e-07,5.495670900382797e-08,1.2914484076377923e-07,9.849048231133292e-08,1.6463903379843743e-07,1.6368079537045834e-05,1.1555799789111573e-07,3.01086931119696e-05,8.692099577779777e-08,4.239780293550152e-08,1.3868488967126379e-07,1.1587317032029158e-07,1.0568947876225532e-06,1.0550070917755839e-06,9.357616095717614e-07,5.944625361592737e-07,8.189738528279651e-07,1.0688662843603426e-06,1.0041406921259925e-07,3.681127491451373e-05,0.0,6.857549465958887e-08,7.743390112270772e-08,5.920055702550268e-08,1.2525049524898455e-07,4.0357440162416505e-05,9.809886557823021e-08,4.664665966396236e-08,7.133198500709412e-08,9.633842621994613e-08,2.5021560305468746e-05,8.929079514390274e-07,5.756500058142801e-08,9.934826864625192e-08,7.009226500681414e-08,5.036865084391117e-07,4.757764669149248e-05,1.9623350028609093e-05,4.647498632113015e-08,2.4739197662581583e-05
2012-05,1.1105938031972379e-08,0.0,2.672212077491898e-05,5.843254938388017e-05,0.0,0.0,0.0,0.0,0.0,1.9915204921567426e-07,5.051933079084775e-07,0.0,1.7699200421595203e-06,0.0,1.0721642885343983e-06,0.0,0.0,5.343106334833435e-07,2.1513312025780648e-07,2.416918522814247e-07,3.852566431701193e-05,2.9908885166004593e-05,0.0,1.5331888887725256e-05,0.0,2.7206631609896386e-05,2.6208811787962054e-05,2.5343437628901675e-07,4.202533461626562e-05,0.0,0.00030050859996542473,0.0,6.076057209065122e-07,0.0,2.644751287040094e-07,0.0,0.0,3.612018952087092e-05,0.0,0.0,0.0,0.0,2.3398624392441046e-07,3.895122753669242e-05,0.0,1.3157055978376905e-05,0.0,0.0,0.0,0.0,0.0,0.0,0.0,2.593824777900587e-05,0.0,0.0,0.0,0.0
2012-06,3.5602405621772047e-05,1.9894474506167854e-07,5.3175330225209084e-08,2.582782574347381e-06,4.647195522729207e-07,6.354312421396821e-07,8.481624504351158e-07,2.422367336861988e-06,9.429813014184699e-07,0.0,0.0,0.0,4.89186637030091e-06,1.0887114344294534e-06,0.0,1.2702681961700747e-06,0.0,1.341215767052685e-05,1.4294812581494721e-06,0.0,0.0,0.0,5.032301226032231e-07,1.6086539317080544e-07,0.0,4.0737391530109617e-07,0.0,6.855589598632099e-07,8.025889898805039e-08,1.2697507981449391e-06,0.0,0.0,2.8440679206496735e-06,0.0,0.0,0.0,9.977656454246072e-07,2.9918813168192464e-07,0.0,0.0,1.7649880201055253e-06,5.448048133815109e-07,1.2980865013565504e-06,0.0,4.430524937077546e-08,5.56767254069281e-07,4.7430362909015383e-07,0.0,0.0,1.6666452252101383e-07,6.224239320332314e-07,6.836125040209432e-08,6.312534491403204e-07,2.1863527465928137e-05,4.386943316956176e-05,1.8487760891646219e-06,2.1976476358158674e-07,2.4601335633864194e-05
2012-07,4.178171118551624e-05,0.0,0.0,0.0,0.0,0.0,0.0,3.240857139974115e-07,0.0,0.0,1.6308275654325633e-06,0.0,0.0,0.0,0.0,0.0,0.0,5.522528021975129e-07,0.0,0.0,0.0,0.0,0.0,1.7437478896837943e-05,0.0,0.0,2.6487603478921145e-05,1.2726278376816219e-05,0.0,0.0,0.00028949105284091395,0.0,0.0,0.0,0.0,0.0,0.0,0.0,0.0,0.0,0.0,1.8428073701567053e-05,0.0,3.815394279195645e-05,0.0,0.0,0.0,0.0,0.0,5.116249351452308e-08,1.6803190892102728e-05,0.0,0.0,2.5405746744590627e-05,0.0,0.0,1.4936164034973663e-05,4.577770792252717e-07
2012-08,0.0,0.0,0.0,0.0,0.0,0.0,0.0,3.3054582212887797e-06,0.0,2.333042100393577e-05,4.549693114329553e-07,0.0,2.2477006589846638e-08,0.0,0.0,0.0,5.670766366892455e-05,0.0,0.0,0.0,3.8013408474408706e-05,2.92768861094132e-05,0.0,8.127343442726822e-08,0.0,0.0,0.0,0.0,0.0,0.0,0.0,0.0,0.0,0.0,0.0,0.0,0.0,3.8640483249290996e-05,0.0,0.0,0.0,2.1062627028139403e-06,0.0,0.0,0.0,8.011863114344015e-08,2.1790832201120865e-07,0.0,3.3476288975284563e-06,1.0837404361539955e-06,0.0,0.0,0.0,8.327580552171966e-07,0.0,0.0,5.126886460584948e-07,0.0
2012-09,1.9344343435069577e-08,4.065882428873149e-05,2.8068500474741832e-05,2.9740643879689472e-08,3.2237276391887794e-05,4.764783788673704e-08,4.6679726020115893e-07,6.371285950448077e-05,8.873704645764868e-09,2.4202234414464114e-05,6.37074711597678e-07,0.0,7.59835123997632e-08,2.1676914332195015e-08,4.492054623032177e-08,2.7333996014045712e-05,2.9257891956950555e-08,1.763594511926205e-05,1.8708568136448396e-07,1.6382583289190355e-05,1.9729100875876675e-08,1.5797266650109667e-08,2.3078594043355465e-08,8.465742828284162e-09,1.619431375709038e-08,2.6394491658607715e-05,1.3053190134464446e-08,1.300415507440346e-07,1.966330496315505e-08,1.7567264346571993e-08,1.4062033322681522e-07,1.4685964881672177e-07,4.8868719082148516e-08,8.470091192633312e-08,2.6343824766406066e-08,1.4926893099390104e-07,3.0431643276186947e-05,1.9824023341084157e-08,0.0,9.10270991280257e-09,1.3570252831198708e-06,8.527888290220387e-09,1.9059387383474347e-08,1.7825666679495422e-08,2.8342236938879853e-05,7.065887753184875e-09,9.591016488995699e-09,1.3488069114976631e-08,1.0857718987834097e-06,6.605604156360162e-09,4.664653868256888e-07,1.292235253356859e-08,1.0227576395759053e-08,1.0874629008353706e-06,2.2907909724576014e-08,2.152239769529605e-05,7.529319733006606e-09,1.265357165579177e-08
2012-10,1.7987919757979365e-07,1.9667015663388937e-07,1.3408147584212383e-07,6.318242424349359e-05,1.4440915802454296e-07,4.418402101264152e-07,9.424820415591257e-08,3.014353234121747e-07,7.488896568209718e-08,1.1328000186105331e-07,8.448465288689935e-07,0.0,7.011139567801028e-07,2.0432758070726075e-07,4.134626566367414e-07,1.3885904934561253e-07,2.7119976893705614e-07,6.504066544881382e-08,8.045478436334054e-08,7.086758018305661e-08,1.8347283600550837e-07,1.4725863738490955e-07,4.6127209874070014e-05,7.89789265804846e-08,1.5096244800083884e-07,1.214545527989056e-07,1.2453917893560407e-07,5.3172950456470244e-08,1.8416867799724014e-07,1.6629111218647436e-07,1.2971939825701383e-06,1.3551529223615466e-06,4.5024324435689876e-07,9.742254701532172e-07,2.398783660684488e-07,1.375548882260047e-06,1.3741257955451544e-07,1.8390867911526055e-07,0.0,1.897593148425931e-05,4.066042641959356e-07,7.442703746534523e-08,1.809478900381377e-07,1.614407560588428e-07,2.956138463044239e-05,1.488546480708014e-05,2.1146039150489258e-05,2.5392708565381336e-05,9.304832734707315e-08,6.87170243544805e-08,7.16212593094897e-08,2.7006075586208183e-05,9.556935426553031e-08,9.9465900553335e-08,4.546708314528949e-05,9.186672621889873e-08,7.05075001218589e-08,2.6543372051937012e-05
2012-11,1.4958726377779785e-07,1.6742797210230613e-07,1.1142717228700139e-07,2.4222068888387487e-07,1.2227636919910634e-07,3.6554213378918455e-07,7.414682633235907e-08,2.458163849600806e-07,6.154417722187972e-08,9.432506221552714e-08,5.451198489404424e-07,0.0,5.791848732853988e-07,1.7069625324457952e-07,3.3840710620235136e-07,6.990275399357728e-07,2.1963533275925345e-07,1.4557567802745564e-05,2.156503321018629e-07,4.441072499385551e-07,1.5338887779664524e-07,1.2098527113083014e-07,1.6188693541394074e-07,6.431852003845225e-08,1.1830498714055296e-07,1.0137991862254128e-07,1.0094626504944873e-07,2.4109149189777393e-07,1.5397473184007235e-07,1.3516247117782016e-07,1.0748049916302627e-06,1.1218962759882712e-06,3.7182196599640227e-07,9.78940768037312e-07,1.986890489158559e-07,1.1400389344222994e-06,1.1590760847488523e-07,1.5287974039217277e-07,0.0,1.8563600408414123e-05,9.017497552669431e-08,6.16324343880939e-08,1.4629132844481974e-07,1.3484125091090677e-07,1.042917748582898e-07,1.3418813746479721e-05,2.027313386585769e-05,2.4792221667134154e-05,7.636162185845931e-08,5.7520201084471263e-08,6.231048526062801e-08,2.4590346537757904e-05,4.4422872283742325e-08,7.961516035422459e-08,1.725400200431118e-07,2.0041638692305258e-05,5.596517628554069e-08,1.0554894509135285e-07
2012-12,4.841114470150593e-09,5.396730012419832e-09,3.6570528950067433e-09,7.73649637082069e-09,4.0868025881247995e-09,5.685025132184177e-07,2.026190853226921e-05,7.964080853462008e-09,2.097856686957e-09,2.9000742723123835e-09,1.0010133789591091e-07,0.0,1.8715322677290148e-08,5.501365962255061e-09,1.0967849765362859e-08,1.7826856433345723e-07,6.833711846964547e-09,1.6541074827745813e-05,4.953139164550523e-07,2.121634648384954e-09,5.0247832464878076e-09,3.9740427012005535e-09,5.281238419210798e-09,2.0316901440178837e-09,3.853965538747755e-09,3.443269505356075e-09,3.26306230072522e-09,6.471576290242257e-08,4.969230995990198e-09,4.368576978039385e-09,3.455208341868188e-08,3.6094079736120886e-08,1.2053028010244881e-08,2.078084175881345e-08,6.477415777791929e-09,3.667919728503333e-08,3.8499824308695085e-09,4.998592473430541e-09,0.0,2.006522130590679e-05,3.0557300144378604e-09,1.962206466551639e-09,4.6949329006416855e-09,4.262566157747089e-09,2.890450463756848e-05,1.4016042328551242e-05,2.1148725579027292e-05,3.0049984083829058e-09,2.23797618960353e-09,8.447435303991086e-08,1.9039239666177737e-09,2.5575526395425087e-05,2.2107494371951738e-08,2.3776174641262914e-09,5.5702534627055655e-09,2.6036956246363456e-09,1.7667407395107957e-09,2.8723495954622384e-05
2013-01,1.7442977161029327e-07,2.0008294498815445e-07,1.3536772972302414e-07,2.8293087584504994e-07,1.5124974508021194e-07,2.185609733571868e-06,7.818860489167134e-08,2.870418902802818e-07,2.1921721791043349e-07,1.0053829440144664e-07,7.743263192643915e-07,0.0,8.37307790855961e-06,4.579123892249496e-05,3.9423599684117185e-07,9.830242161766988e-07,4.286027866065127e-07,6.247024450309509e-08,1.002667520757965e-07,8.34907383014236e-07,1.8173070261129008e-07,1.4636296511653935e-07,1.911906363531689e-07,6.771764024284931e-08,1.3823718159251126e-07,8.378633348926166e-07,1.219285122997689e-07,5.187079724520722e-08,4.1407984087032625e-05,1.589211676574151e-07,1.246696019597815e-06,1.302173826698394e-06,3.3549932340756416e-06,1.008500494298098e-06,3.0976391676589694e-07,1.3236707512973012e-06,1.4120086633457112e-07,1.8072726989013313e-07,0.0,8.463802975657367e-08,3.488160770773255e-07,6.566075352732858e-08,1.7047886577567854e-07,1.5986912308662768e-07,2.991470670674448e-05,5.542375871559792e-08,9.150056462232589e-08,1.0740762561885567e-07,7.829332700067839e-08,5.434097295040153e-07,6.301868826809592e-08,1.0819110704580852e-07,4.449427700221366e-08,8.411671109753543e-08,2.038730886693603e-07,9.639464464623881e-08,5.742389191695351e-08,1.206137691703007e-07
2013-02,0.0,0.0,0.0,0.0,0.0,1.9847156478749253e-06,1.8194779825353064e-05,0.0,1.7251434405477015e-05,0.0,0.0,0.0,4.644925410096104e-06,0.0,0.0,0.0,1.0861479372517822e-06,1.4505663440732953e-05,3.3989573515347956e-08,0.0,0.0,5.861711496687565e-07,0.0,0.0,0.0,7.387666639275138e-07,0.0,3.89734983993942e-07,0.0,0.0,0.0,0.0,1.9221772160877767e-06,0.0,9.373407378670193e-07,0.0,0.0,0.0,0.0,0.0,7.133437022699852e-07,0.0,0.0,0.0,2.9967564587750242e-05,1.3254877769327742e-05,2.0904992660220168e-05,2.599813507983837e-05,0.0,1.529237705968667e-05,0.0,0.0,2.1083922717132456e-05,0.0,0.0,0.0,8.687989161346426e-08,0.0
2013-03,3.8440692125126144e-05,5.421371978404436e-07,0.0,6.120184740904792e-05,0.0,0.0,0.0,6.313223782042282e-05,0.0,0.0,1.4318485284166987e-07,0.0,5.244695567659663e-07,4.473273527492544e-05,0.0,0.0,7.292065224837503e-07,0.0,4.358790463898183e-07,0.0,0.0,0.0,0.0,4.075704682585156e-07,0.0,3.9896874238381717e-07,0.0,3.4123506544700247e-07,4.050755486378721e-05,0.0,0.0,0.0,0.0,1.4238982782898286e-06,0.0,0.0,0.0,0.0,0.0,0.0,0.0,0.0,0.0,0.0,0.0,0.0,0.0,2.5349346494673296e-05,0.0,1.6436712335166964e-05,0.0,2.443940981896166e-05,2.222558193884268e-05,1.0046659743024114e-07,0.0,0.0,6.015486313709637e-07,2.5681933756338906e-05
2013-04,3.869412250910102e-05,0.0,0.0,0.0,0.0,1.217452066262656e-06,0.0,0.0,0.0,0.0,5.891100953152734e-07,0.0,3.4220010259479046e-06,0.0,0.0,0.0,1.643534898124962e-06,1.545086235422916e-05,3.5852587999674057e-07,0.0,0.0,3.379123336749411e-07,0.0,3.174556437748272e-07,0.0,1.024567157460434e-06,0.0,9.495393564163549e-07,0.0,0.0,0.0,0.0,1.0298010490269182e-06,2.1480967642842354e-07,1.8773866100423725e-07,0.0,0.0,0.0,0.0,0.0,0.0,0.0,0.0,5.177539578016255e-07,0.0,6.7158991244034225e-09,1.8720633946772876e-07,0.0,4.077860345838066e-07,1.7361494051059356e-05,0.0,0.0,0.0,3.2873007993628605e-07,0.0,0.0,1.342072646695718e-05,2.6178601976152363e-05
2013-05,0.0,0.0,0.0,0.0,0.0,5.204324968461141e-07,1.939287236030887e-05,0.0,0.0,0.0,0.0,0.0,2.267887886266001e-06,0.0,0.0,0.0,9.63145584410234e-07,0.0,4.229408649495756e-07,0.0,0.0,0.0,0.0,0.0,0.0,1.9752622930251686e-06,0.0,2.627420784887657e-07,0.0,0.0,0.0,0.0,9.562460534154188e-07,0.0,0.0,0.0,0.0,0.0,0.0,0.0,0.0,3.9961117744765146e-07,0.0,8.47680993095467e-07,2.3528066707042585e-07,8.71287210323598e-07,8.349067490396982e-07,0.0,0.0,0.0,0.0,0.0,1.43939273588925e-07,0.0,0.0,0.0,1.4829635072928758e-05,0.0
2013-06,1.009081697551234e-09,0.0,0.0,0.0,0.0,0.00010653468977604332,0.0,6.42341887655546e-05,3.015998178541712e-07,2.0800274152302074e-05,0.0,0.0,0.00018725828024334536,4.557633654843065e-05,8.484352894613962e-05,0.0,8.149638745459411e-07,8.838239991232345e-08,3.5014997753711044e-07,1.0036132292939402e-06,0.0,0.0,0.0,0.0,0.0,0.0,0.0,3.507995377712431e-07,4.116235504385487e-05,0.0,0.0,0.0,0.00011043020447909416,0.0,5.3048338795339925e-05,0.0,0.0,0.0,0.0,0.0,3.127207084306482e-07,0.0,0.0,6.694639611684803e-07,3.9713050393864505e-07,3.7135177569225936e-07,0.0,0.0,0.0,0.0,0.0,2.3536829602259674e-05,0.0,0.0,2.348500983943812e-07,2.1260962466365788e-05,0.0,0.0
2013-07,3.5889521951427156e-05,0.0,0.0,0.0,0.0,0.0,1.8599189965320644e-05,6.600733370497824e-05,0.0,0.0,0.0,0.0,0.0,0.0,0.0,0.0,0.0,0.0,1.1950368470146017e-06,3.605929543687757e-07,0.0,0.0,0.0,1.5673840030450165e-05,0.0,0.0,0.0,2.5129976801241926e-08,0.0,0.0,0.0,0.0,0.0,0.0,0.0,0.0,0.0,0.0,0.0,3.4027703112642084e-07,0.0,2.597194215547332e-07,0.0,0.0,6.863789234482047e-07,5.988811702867368e-07,2.900908302027223e-07,0.0,0.0,2.792039306706356e-07,2.601143834809897e-07,2.4181547005041432e-05,6.174275738420593e-07,0.0,0.0,0.0,1.391646769895381e-05,0.0
2013-08,0.0,0.0,0.0,1.4180361337163863e-06,0.0,0.0,0.0,0.0,0.0,0.0,0.0,0.0,0.0,0.0,0.0,0.0,1.7892861598967774e-08,0.0,3.7998758028870256e-07,0.0,0.0,0.0,0.0,1.1410085108082114e-06,0.0,0.0,0.0,5.543612468829739e-07,0.0,0.0,0.0002687508391510998,0.00027463054519783354,0.0,0.0,0.0,0.00027660601652880706,0.0,0.0,0.0,0.0,0.0,1.40191562462191e-05,0.0,0.0,0.0,7.201045687020395e-08,3.419737896807069e-07,8.091150259461524e-07,0.0,1.4953236431252708e-05,1.596897612526437e-05,2.5047054280638787e-05,3.505824588671807e-07,2.119875015164934e-05,3.5055481723680545e-07,7.116994239426567e-07,8.375668967261453e-07,0.0
2013-09,0.0,0.0,0.0,0.0,0.0,0.0,0.0,0.0,0.0,0.0,8.314065237372457e-05,0.0,0.0,0.0,0.0,0.0,1.6105777328149704e-07,0.0,1.8622033048502559e-07,0.0,0.0,0.0,0.0,3.523763891757903e-08,0.0,0.0,0.0,1.198061946038366e-07,0.0,0.0,0.0,0.0,0.0,0.0001519643522556241,0.0,0.0,0.0,0.0,0.0,0.0,0.0,0.0,0.0,0.0,0.0,1.506048372562378e-07,0.0,0.0,1.8589463857402385e-06,1.6982232486126458e-05,1.8262125485710543e-05,1.0502765482060459e-08,0.0,2.3014989741380826e-05,0.0,3.029333487192219e-07,9.918910175315751e-08,3.1255066271162514e-07
2013-10,0.0,0.0,3.35289655322743e-07,6.806449845741491e-05,4.928389589244978e-07,0.0,2.0905523755549318e-05,0.0,0.0,0.0,8.325577708472601e-05,0.0,0.0,0.0,0.0,0.0,0.0,0.0,1.7500319673232657e-07,0.0,0.0,0.0,0.0,0.0,1.2878527724148255e-07,0.0,0.0,5.803360795790178e-08,0.0,0.0,0.0,0.00027435485233687863,0.0,0.00015024352390284802,0.0,0.00027422892358435505,7.900624839025927e-08,0.0,0.0,0.0,2.2314986868889827e-05,0.0,3.539178343939242e-07,0.0,0.0,0.0,0.0,6.515320221435715e-07,0.0,1.677069084296411e-05,3.3585486781087005e-07,2.3912246417600217e-05,7.916471256291871e-07,0.0,0.0,0.0,0.0,7.958096954397143e-07
2013-11,0.0,0.0,5.323656513526384e-07,0.0,5.755363543197764e-07,0.0,0.0,0.0,7.470348032101778e-07,0.0,0.0,0.0,0.0,0.0,0.0,0.0,1.2152489326482246e-06,0.0,9.180305032058922e-07,0.0,0.0,0.0,0.0,1.135603334583863e-07,0.0,0.0,0.0,9.61045400376002e-07,0.0,0.0,0.0,0.0,0.0,0.0,0.0,0.0,9.981061656939295e-07,0.0,0.0,0.0,2.2690173443979558e-05,3.850094700279302e-07,0.0,0.0,0.0,0.0,0.0,5.359231828245322e-07,0.0,0.0,1.7829668016051212e-05,0.0,1.6233838199183407e-06,0.0,0.0,0.0,0.0,0.0
2013-12,0.0,0.0,4.2071017398531696e-07,0.0,0.0,0.0,0.0,0.0,4.271565831377288e-08,0.0,0.0,0.0,0.0,2.087807691006149e-06,0.0,0.0,1.5596972611487265e-06,0.0,0.0,0.0,0.0,0.0,0.0,5.313642577905627e-07,0.0,5.312048166118012e-07,0.0,7.07391598329929e-07,0.0,0.0,0.0002673184357106454,0.0,0.0,0.0,3.948051781806662e-07,0.0,0.0,0.0,0.0,3.991241946684314e-07,0.0,3.9236761653909867e-07,0.0,0.0,0.0,7.200343610148061e-08,0.0,6.282684535218603e-07,2.8760416212130975e-07,0.0,1.8940629666350586e-05,0.0,0.0,0.0,0.0,0.0,2.2136293560962115e-07,0.0
2014-01,1.0434014212785946e-06,0.0,1.7752607537030452e-07,0.0,0.0,0.0,0.0,2.0535619577998627e-08,3.113271445668673e-07,0.0,7.979774534581498e-05,0.0,0.0,4.8218386924626935e-08,0.0,0.0,1.5016112606880232e-06,0.0,1.033603046752308e-06,1.8164915493437092e-05,0.0,0.0,0.0,1.176042692211203e-06,0.0,4.458315606350946e-07,0.0,1.0491569581097503e-06,0.0,0.0,0.00026343277831507105,0.0,0.0,0.00014254220091299797,1.3756079163983436e-06,0.0002597495254286861,0.0,0.0,0.0,6.162500303042717e-07,0.0,3.701028872243059e-07,0.0,0.0,3.0747049413214384e-07,2.616708772042991e-07,1.3963617940349927e-07,1.8895892852287248e-06,0.0,1.7120623439188555e-05,0.0,0.0,0.0,1.3184706615475274e-07,9.863135693379682e-08,0.0,1.0625034684317806e-06,0.0
2014-02,0.0,0.0,8.136824620211085e-08,0.0,0.0,0.0,0.0,0.0,1.413464783698304e-07,2.436692200545259e-05,8.537326293832018e-05,0.0,0.0,5.462051950757773e-05,0.0,2.6333646688951297e-05,0.0,0.0,1.192535650776077e-07,0.0,0.0,0.0,4.0614670982803344e-05,3.9986736752189133e-07,0.0,0.0,0.0,2.765923512979638e-07,0.0,0.0,0.0002706134229458375,0.0,0.0,0.0001524431702949681,0.0,0.0002710039503330738,0.0,0.0,0.0,2.1078486657444612e-05,2.3020030844154853e-05,0.0,0.0,0.0,0.0,0.0,2.1107846798291107e-07,5.4757033217431305e-08,2.430373013721041e-07,1.544430652223731e-06,1.6247665229564262e-06,0.0,5.038632472655937e-08,0.0,4.3919694810725526e-05,0.0,4.397272480553263e-07,0.0
2014-03,4.3739678322014117e-08,3.988162628913855e-07,4.943858621942066e-07,7.864216859015255e-08,4.212897375831942e-08,1.2182988677264528e-07,2.3340430286150627e-08,6.90879168164446e-08,7.120396844174059e-07,2.389599881073151e-08,9.384426690989267e-08,0.0,2.1485279934137237e-07,5.7484424922348176e-05,9.177869640061148e-08,2.635665610289625e-05,6.916035115986027e-08,1.6898399927221115e-08,2.2796946217141973e-05,2.1731894203303946e-08,5.121880461756573e-08,2.8106635395031344e-07,4.7785427621765965e-08,2.275787084215185e-08,4.6113225222688125e-08,3.195103746170096e-08,2.982199444369442e-07,2.3986972824808705e-08,5.174816038755817e-08,4.9827869596501264e-08,3.0389281690992864e-07,3.0367048332147206e-07,1.2650036531733356e-07,1.725494369911318e-07,6.469526213600044e-08,3.036377432683035e-07,3.874276516592848e-08,5.086794265311834e-08,0.0,2.2537145051069413e-05,2.7941561554814877e-08,1.9048913497455438e-08,5.215350831411919e-08,3.6630958650746696e-05,2.9300293192499257e-08,1.4319829245460978e-08,2.5376017078729622e-08,3.449602328233631e-08,1.0743570936008421e-06,4.159972504636841e-07,3.5402948269015136e-06,2.7180070413341737e-08,1.741320375292909e-07,2.5248538611825564e-08,5.058492913115331e-08,2.5902460005495024e-08,2.0320701606608635e-08,4.2942002560363705e-07
2014-04,0.0,0.0,0.0,0.0,0.0,0.0,0.0,9.378942025590683e-08,0.0,7.474345493926633e-07,0.0,0.0,0.0,0.0,0.0,0.0,0.0,2.4783016831759605e-07,0.0,0.0,0.0,0.0,0.0,2.0492204342455432e-05,0.0,0.0,0.0,0.0,0.0,0.0,0.0,0.0,0.0,0.0,0.0,0.00026423276886946266,0.0,0.0,0.0,0.0,0.0,0.0,0.0,0.0,0.0,9.038283696147058e-08,5.54362140841029e-07,0.0,4.2093350239393903e-07,0.0,0.0,0.0,2.99029811257941e-05,0.0,0.0,0.0,1.8684384894813513e-05,3.238421044494377e-06
2014-05,0.0,2.1363433842806756e-07,0.0,0.0,7.77655414785812e-08,0.0,0.0,7.508738147287905e-08,0.0,7.767587756785585e-07,0.0,0.0,0.0,0.0,0.0,0.0,0.0,2.388299850068082e-07,2.583024255701193e-07,9.412513082832242e-07,0.0,0.0,0.0,1.883835753508177e-05,0.0,0.0,0.0,0.0,0.0,0.0,0.0,0.0,0.0,0.0,0.0,0.0,0.0,0.0,0.0,0.0,2.407562025995389e-05,0.0,0.0,0.0,0.0,7.547961507187876e-07,0.0,0.0,4.956751858762997e-07,4.549896380545426e-07,0.0,0.0,0.0,1.3507893857827268e-07,0.0,0.0,1.7103110050967534e-05,0.0
2014-06,4.044321853311679e-05,0.0,0.0,0.0,3.909155583568802e-07,0.00010123272938883114,0.0,0.0,4.1679314380690077e-07,0.0,0.0,0.0,0.00019266648819624477,0.0,0.0,0.0,0.0,0.0,0.0,6.497651280793146e-07,0.0,0.0,4.1734714606312354e-05,0.0,0.0,0.0,0.0,0.0,0.0,0.0,0.0,0.0,0.00011094990426338745,0.0,5.682267474732821e-05,0.00026246826937731003,1.9375981622711537e-07,0.0,0.0,2.5470068755399473e-07,0.0,0.0,0.0,0.0,0.0,4.866977580860023e-07,0.0,0.0,7.104559543794422e-08,0.0,0.0,2.3126632470564692e-05,3.0497926610280495e-05,0.0,1.8790336452614716e-06,0.0,7.670964469649878e-08,0.0
2014-07,0.0,0.0,0.0,0.0,0.0,0.0,0.0,0.0,2.0035348791962286e-05,0.0,0.0,0.0,0.0,0.0,7.734776732144381e-05,0.0,0.0,0.0,0.0,2.117849561378526e-05,0.0,5.950071331762043e-07,0.0,1.1321621359028506e-06,0.0,0.0,3.0893408394359543e-07,1.1883550893221143e-06,0.0,0.0,0.0,0.0,0.0,0.0,0.0,0.0,0.0,0.0,0.0,0.0,0.0,1.5684792518330486e-07,0.0,0.0,2.4808009395327954e-05,1.4632869969556902e-05,2.156141885830472e-05,0.0,0.0,0.0,6.210420588972053e-09,0.0,0.0,0.0,0.0,0.0,1.4459999531631004e-06,1.6272838706159372e-07
2014-08,0.0,1.154431887096588e-07,0.0,0.0,0.0,0.0,0.0,0.0,2.939705141130171e-07,3.291917957986019e-07,0.0,0.0,0.0,0.0,0.0,5.994120844821718e-07,1.1981772248724487e-07,1.267619814020099e-05,0.0,0.0,0.0,0.0,4.015329467145014e-05,5.198954440616636e-07,0.0,9.33984835630522e-08,0.0,1.3507698723072282e-06,1.3739893638832872e-06,0.0,0.0,0.0,0.0,3.893164207659783e-07,0.0,0.0,0.0,0.0,0.0,4.0821793560044674e-07,2.310352243541709e-05,7.359439309096985e-07,0.0,0.0,2.4684949371616765e-05,0.0,0.0,0.0,0.0,9.671210898002346e-09,0.0,0.0,6.772585493950486e-07,0.0,3.482008330278827e-07,2.1804040353725288e-05,5.913313377392928e-07,0.0
2014-09,0.0,6.642059614290694e-08,1.3890106324378273e-06,0.0,0.0,0.0,0.0,0.0,0.0,1.1740047809309876e-06,0.0,0.0,1.4317027800929417e-06,5.359273500660003e-05,0.0,0.0,3.550252737056642e-07,1.3220639266467007e-05,0.0,0.0,0.0,0.0,3.9992787002049886e-05,5.85896514872725e-07,4.4732498178073555e-07,0.0,0.0,5.186517756573111e-07,2.089472428486554e-07,0.0,0.0,0.0,1.8131555471166683e-08,1.686383779575959e-06,0.0,0.0,0.0,3.6021017130812015e-07,0.0,4.63673340866012e-07,0.0,1.7183585877512866e-07,0.0,0.0,0.0,1.3675794592488675e-05,2.1183882549742966e-05,4.652175365271079e-07,0.0,0.0,0.0,2.2111513026830093e-05,1.5271315065711974e-06,1.8028521349824285e-05,0.0,0.0,0.0,0.0
2014-10,3.953420338580178e-05,0.0,2.772923123956685e-07,0.0,5.096939656034951e-07,0.0,8.232717532772118e-08,2.2059122849896996e-06,0.0,0.0,0.0,0.0,0.0,0.0,0.0,0.0,0.0,0.0,0.0,2.1013810552846986e-05,0.0,0.0,1.0184700474301436e-06,7.534345482576267e-07,0.0,1.97324025516225e-07,0.0,9.387361247383159e-07,4.979617960733228e-05,0.0,0.0,0.0,0.0,0.0,4.548752756259947e-07,0.0,1.5805756541319855e-08,9.800078479333535e-08,0.0,3.2605688712766987e-07,0.0,1.1469168690156992e-06,0.0,2.3788872666984824e-06,5.231061494694669e-07,6.332760000495371e-07,1.6844356731601992e-06,6.096179513124089e-07,1.4785556458398435e-05,0.0,0.0,5.963846941462736e-07,1.0618624893490095e-06,4.936240647868164e-07,3.9706713638918563e-07,0.0,1.4835638859737625e-06,0.0
2014-11,1.8843054243621038e-08,0.0,1.6852475765433174e-06,7.285002843516152e-07,9.819775719274726e-07,0.0,5.215360834933507e-07,2.8619061861432234e-06,0.0,0.0,0.0,0.0,0.0,2.783266492431269e-07,0.0,0.0,0.0,0.0,0.0,0.0,4.25215012855488e-05,7.621556939277664e-07,4.320384044491908e-05,0.0,0.0,1.0781937847202643e-06,0.0,1.4199055302886906e-07,0.0,1.3234478371389643e-06,0.0,0.0,0.0,0.0,0.0,0.0,1.1201059872576296e-06,2.4748215615690814e-06,0.0,0.0,2.9780884352313165e-07,1.6575156464722697e-07,6.2002666618486e-07,1.3221761302901342e-07,4.943727831347947e-07,5.494926159756147e-07,1.3227407805259488e-06,0.0,1.7833754107977696e-05,3.0002081048751374e-08,0.0,4.2973242806048153e-07,7.10332968657218e-07,0.0,2.5482894320322596e-07,1.411568622596813e-06,0.0,0.0
2014-12,2.085644795533477e-05,2.0958896722057067e-05,1.7329377981062837e-05,9.85024871593428e-05,1.7462301441121555e-05,4.66926260621529e-05,1.2540938827462078e-05,3.450364107076514e-05,8.819080815022814e-06,8.98157541360213e-06,4.094423654125317e-05,0.0,9.480841903899383e-05,2.83053570279415e-05,3.854318172420622e-05,1.3322762493731227e-05,2.4971823074988084e-05,5.814844853857095e-06,5.770054082114932e-06,1.0118563476193731e-05,6.584840452786595e-05,1.9094348552859088e-05,2.033436466741729e-05,9.404833370373942e-06,2.031298292145189e-05,1.33701541335436e-05,1.648839886904227e-05,1.0504947777261033e-05,2.7162373069284905e-05,2.341107992670826e-05,0.00011885316653423164,0.0001189188904423761,5.301076787252428e-05,7.39345579413021e-05,2.83664769523776e-05,0.00012071380852153337,1.646976668916154e-05,2.343905898013383e-05,0.0,9.917989949831287e-06,8.096932405164586e-06,8.235459017100452e-06,2.316291504582858e-05,1.883654889032862e-05,1.2450459845485401e-05,7.435399937645118e-06,1.364222075396794e-05,1.1156770744064562e-05,6.5174353870171975e-06,4.432364515444145e-06,6.794602889923096e-06,1.0985204203969915e-05,2.125622376813953e-05,9.430335406277674e-06,2.3799052731614756e-05,8.811680500362282e-06,9.754010271452551e-06,9.67716239176725e-06
