month,nav_start,nav_end,gross_return,collateral_income,rebalance_cost,liquidation_cost,cost,net_return,turnover,rebalance_turnover,source_switch_extra_turnover,terminal_turnover,gross_exposure,net_exposure,held_instruments,cost_cash,rebalance_instruments,end_gross_before_liquidation,forecast_vol_annual,forecast_after_cost,gross_after_cost,gross_limit_breach,risk_limit_breach,limit_override,gross_override,risk_override,band_skipped_resizes,net_skipped_resizes,target_distance_l1,forecast_tracking_risk,drifted_gross_before
1976-01,1.0,1.0,0.0,0.0,0.0,0.0,0.0,0.0,0.0,0.0,0.0,0.0,0.0,0.0,0,0.0,0,0.0,0.0,0.0,0.0,False,False,False,False,False,0,0,0.0,0.0,0.0
1976-02,1.0,0.9930285923323631,-0.006971407667636957,0.0,0.0,0.0,0.0,-0.006971407667636957,0.6533355370305345,0.6533355370305345,0.0,0.0,0.6533355370305345,-0.02330295411363182,11,0.0,11,0.6804671327520301,0.09999999999999999,0.09999999999999999,0.6533355370305345,False,False,False,False,False,0,0,0.0,0.0,0.0
1976-03,0.9930285923323631,0.9874074354695874,-0.005660619347901237,0.0,0.0,0.0,0.0,-0.005660619347901237,0.3349056545085437,0.3349056545085437,0.0,0.0,0.7234878050110253,0.26487153340449554,11,0.0,11,0.7082006270787401,0.1,0.1,0.7234878050110253,False,False,False,False,False,0,0,0.0,0.0,0.6804671327520302
1976-04,0.9874074354695874,0.9782384974569659,-0.009285870941675673,0.0,0.0,0.0,0.0,-0.009285870941675673,0.3144396310452829,0.3144396310452829,0.0,0.0,0.6661164815421164,-0.03381021888338873,11,0.0,11,0.6992794101701616,0.09999999999999999,0.09999999999999999,0.6661164815421164,False,False,False,False,False,0,0,0.0,0.0,0.70820062707874
1976-05,0.9782384974569659,0.9617443846923751,-0.01686103420328374,0.0,0.0,0.0,0.0,-0.01686103420328374,0.4324624115324675,0.4324624115324675,0.0,0.0,0.8944829878561102,0.23698572433403425,11,0.0,11,0.9447748169826246,0.1,0.1,0.8944829878561102,False,False,False,False,False,0,0,0.0,0.0,0.6992794101701616
1976-06,0.9617443846923751,0.9967843014179264,0.036433710748162255,0.0,0.0,0.0,0.0,0.036433710748162255,0.8291165392468822,0.8291165392468822,0.0,0.0,0.7185324609280318,0.22674323832707216,11,0.0,11,0.7191052579091439,0.1,0.1,0.7185324609280318,False,False,False,False,False,0,0,0.0,0.0,0.9447748169826247
1976-07,0.9967843014179264,0.973730285369192,-0.023128389979597465,0.0,0.0,0.0,0.0,-0.023128389979597465,0.2673530477830245,0.2673530477830245,0.0,0.0,0.6663474086935929,0.1523910569219732,11,0.0,11,0.6367892531421582,0.1,0.1,0.6663474086935929,False,False,False,False,False,0,0,0.0,0.0,0.7191052579091441
1976-08,0.973730285369192,1.0007550374823049,0.027753837504259714,0.0,0.0,0.0,0.0,0.027753837504259714,0.6748051901631241,0.6748051901631241,0.0,0.0,0.8142435828129977,-0.4580438370745243,11,0.0,11,0.771879241844653,0.1,0.1,0.8142435828129977,False,False,False,False,False,0,0,0.0,0.0,0.6367892531421581
1976-09,1.0007550374823049,0.9961285041308351,-0.004623042780887876,0.0,0.0,0.0,0.0,-0.004623042780887876,0.3949175895333402,0.3949175895333402,0.0,0.0,0.9525517001277477,-0.28761177796394133,11,0.0,11,0.9355196464712929,0.1,0.1,0.9525517001277477,False,False,False,False,False,0,0,0.0,0.0,0.7718792418446528
1976-10,0.9961285041308351,1.0231010329483297,0.027077358699848987,0.0,0.0,0.0,0.0,0.027077358699848987,0.3325298549331694,0.3325298549331694,0.0,0.0,0.8383099371423333,-0.4868496121765881,11,0.0,11,0.8091790682571063,0.09999999999999994,0.09999999999999994,0.8383099371423333,False,False,False,False,False,0,0,7.563394355258879e-16,9.073060247421815e-17,0.9355196464712928
1976-11,1.0231010329483297,1.0126920304059146,-0.010173973251125368,0.0,0.0,0.0,0.0,-0.010173973251125368,0.425621925522249,0.425621925522249,0.0,0.0,0.9927156258293584,-0.2872247659899819,11,0.0,11,0.9933445860878993,0.1,0.1,0.9927156258293584,False,False,False,False,False,0,0,0.0,0.0,0.8091790682571061
1976-12,1.0126920304059146,1.013313954050422,0.0006141290993058081,0.0,0.0,0.0,0.0,0.0006141290993058081,0.045331061193576196,0.045331061193576196,0.0,0.0,0.9945296860391317,-0.28623197380089715,11,0.0,11,0.9890227850664836,0.1,0.1,0.9945296860391317,False,False,False,False,False,0,0,0.0,0.0,0.9933445860878992
1977-01,1.013313954050422,0.8856766509142042,-0.1259602738381579,0.0,0.0,0.0,0.0,-0.1259602738381579,0.3863288787339833,0.3863288787339833,0.0,0.0,0.974843443484958,-0.29215618117103015,11,0.0,11,1.2663264765684397,0.1,0.1,0.974843443484958,False,False,False,False,False,0,0,0.0,0.0,0.9890227850664833
1977-02,0.8856766509142042,0.9160293046027138,0.034270581320145814,0.0,0.0,0.0,0.0,0.034270581320145814,1.1071930446498421,1.1071930446498421,0.0,0.0,0.8930642570970966,0.24730476347353114,13,0.0,13,0.8975479771701037,0.1,0.1,0.8930642570970966,False,False,False,False,False,0,0,0.0,0.0,1.2663264765684399
1977-03,0.9160293046027138,0.9534388506262202,0.040838809234090084,0.0,0.0,0.0,0.0,0.040838809234090084,0.10610131457294959,0.10610131457294959,0.0,0.0,0.9115177673297447,0.29302558546184626,13,0.0,13,0.9056172308172142,0.1,0.1,0.9115177673297447,False,False,False,False,False,0,0,0.0,0.0,0.8975479771701038
1977-04,0.9534388506262202,0.9678656919398576,0.015131375550893382,0.0,0.0,0.0,0.0,0.015131375550893382,0.0631875158253373,0.0631875158253373,0.0,0.0,0.9184073076186142,0.2882540001393193,13,0.0,13,0.9119722219011382,0.1,0.1,0.9184073076186142,False,False,False,False,False,0,0,0.0,0.0,0.9056172308172143
1977-05,0.9678656919398576,0.9811499420215258,0.013725303203012776,0.0,0.0,0.0,0.0,0.013725303203012776,0.42620608923272824,0.42620608923272824,0.0,0.0,1.1297948703692096,0.0894055073219064,13,0.0,13,1.084217051256523,0.1,0.1,1.1297948703692096,False,False,False,False,False,0,0,0.0,0.0,0.9119722219011382
1977-06,0.9811499420215258,0.950779488787151,-0.030953936736520218,0.0,0.0,0.0,0.0,-0.030953936736520218,0.3753092896203045,0.3753092896203045,0.0,0.0,1.1869232484646184,-0.18974239730853354,13,0.0,13,1.1553648073197735,0.09666134412626848,0.09666134412626848,1.1869232484646184,False,False,False,False,False,0,0,0.0,0.0,1.084217051256523
1977-07,0.950779488787151,0.9820400442827486,0.03287887029985749,0.0,0.0,0.0,0.0,0.03287887029985749,0.34019413117212194,0.34019413117212194,0.0,0.0,1.1419967993443083,-0.4790618904224615,13,0.0,13,1.0314864502269177,0.1,0.1,1.1419967993443083,False,False,False,False,False,0,0,0.0,0.0,1.1553648073197733
1977-08,0.9820400442827486,0.9923363990335977,0.010484658757850542,0.0,0.0,0.0,0.0,0.010484658757850542,0.22481889639641722,0.22481889639641722,0.0,0.0,1.0649336094210875,-0.5702301146818041,13,0.0,13,1.0323454078569834,0.1,0.1,1.0649336094210875,False,False,False,False,False,0,0,0.0,0.0,1.0314864502269177
1977-09,0.9923363990335977,0.9723886115377961,-0.020101839976068715,0.0,0.0,0.0,0.0,-0.020101839976068715,0.5512958604346104,0.5512958604346104,0.0,0.0,1.0159528490891305,-0.24199953628366166,13,0.0,13,1.0636594375233714,0.1,0.1,1.0159528490891305,False,False,False,False,False,0,0,0.0,0.0,1.0323454078569834
1977-10,0.9723886115377961,0.9736860996807419,0.0013343308709611152,0.0,0.0,0.0,0.0,0.0013343308709611152,0.3920536780729305,0.3920536780729305,0.0,0.0,1.0680505453871438,-0.26320523023082504,13,0.0,13,1.100905330256681,0.1,0.1,1.0680505453871438,False,False,False,False,False,0,0,0.0,0.0,1.0636594375233712
1977-11,0.9736860996807419,0.9576025938136972,-0.016518163166053597,0.0,0.0,0.0,0.0,-0.016518163166053597,0.30124986438835455,0.30124986438835455,0.0,0.0,1.0678005508854684,-0.02209979889185411,13,0.0,13,1.1336456490981024,0.1,0.1,1.0678005508854684,False,False,False,False,False,0,0,0.0,0.0,1.1009053302566811
1977-12,0.9576025938136972,0.962594185624339,0.0052125921994034975,0.0,0.0,0.0,0.0,0.0052125921994034975,0.3871608451590162,0.3871608451590162,0.0,0.0,1.1793802195714598,-0.08650440931639637,13,0.0,13,1.2092697148149731,0.1,0.1,1.1793802195714598,False,False,False,False,False,0,0,0.0,0.0,1.1336456490981024
1978-01,0.962594185624339,1.011569736437152,0.05087871041008578,0.0,0.0,0.0,0.0,0.05087871041008578,0.24517816347703109,0.24517816347703109,0.0,0.0,1.2205392054980182,0.11177475788481363,13,0.0,13,1.1869331811747763,0.1,0.1,1.2205392054980182,False,False,False,False,False,0,0,0.0,0.0,1.209269714814973
1978-02,1.011569736437152,1.0543102395306492,0.04225166249440544,0.0,0.0,0.0,0.0,0.04225166249440544,0.5648378854174305,0.5648378854174305,0.0,0.0,1.371930817169456,0.2517236225200339,16,0.0,16,1.3246043328615391,0.09999999999999998,0.09999999999999998,1.371930817169456,False,False,False,False,False,0,0,0.0,0.0,1.1869331811747765
1978-03,1.0543102395306492,1.0115028266596418,-0.04060229263263545,0.0,0.0,0.0,0.0,-0.04060229263263545,0.9012665975336029,0.9012665975336029,0.0,0.0,1.3700975688746937,-0.05108228838040535,17,0.0,17,1.5119684602433,0.1,0.1,1.3700975688746937,False,False,False,False,False,0,0,0.0,0.0,1.3246043328615391
1978-04,1.0115028266596418,0.9801205741472341,-0.031025373024456612,0.0,0.0,0.0,0.0,-0.031025373024456612,0.5270488722324861,0.5270488722324861,0.0,0.0,1.5548575169995444,0.3633728847084465,17,0.0,17,1.5716895150876524,0.1,0.1,1.5548575169995444,False,False,False,False,False,0,0,0.0,0.0,1.5119684602433
1978-05,0.9801205741472341,0.9933369187348472,0.013484406853832488,0.0,0.0,0.0,0.0,0.013484406853832488,0.4796640336623139,0.4796640336623139,0.0,0.0,1.5521057453521763,0.2836889260313977,17,0.0,17,1.6084533589944947,0.1,0.1,1.5521057453521763,False,False,False,False,False,0,0,0.0,0.0,1.5716895150876526
1978-06,0.9933369187348472,0.9733826342199366,-0.020088133380087282,0.0,0.0,0.0,0.0,-0.020088133380087282,0.715513178915991,0.715513178915991,0.0,0.0,1.6459067959047278,0.8943077150827565,17,0.0,17,1.5883234937240016,0.09549960167378425,0.09549960167378425,1.6459067959047278,False,False,False,False,False,0,0,0.0,0.0,1.608453358994495
1978-07,0.9733826342199366,1.0235717017411978,0.05156149879485199,0.0,0.0,0.0,0.0,0.05156149879485199,0.0707437306154587,0.0707437306154587,0.0,0.0,1.627737244815933,0.8851811227401865,17,0.0,17,1.5739393430474355,0.0955076000417209,0.0955076000417209,1.627737244815933,False,False,False,False,False,0,0,0.0,0.0,1.5883234937240016
1978-08,1.0235717017411978,1.036269887356582,0.012405760723731821,0.0,0.0,0.0,0.0,0.012405760723731821,0.5904923438788153,0.5904923438788153,0.0,0.0,1.3389306955807214,1.0804652278457687,17,0.0,17,1.3575733312335223,0.1,0.1,1.3389306955807214,False,False,False,False,False,0,0,0.0,0.0,1.5739393430474355
1978-09,1.036269887356582,1.0632331707619604,0.026019557003782882,0.0,0.0,0.0,0.0,0.026019557003782882,0.34985530598989256,0.34985530598989256,0.0,0.0,1.3896821001134974,1.1381695074314104,17,0.0,17,1.4062341189934313,0.09999999999999999,0.09999999999999999,1.3896821001134974,False,False,False,False,False,0,0,0.0,0.0,1.3575733312335223
1978-10,1.0632331707619604,1.175180914844652,0.10528992808084092,0.0,0.0,0.0,0.0,0.10528992808084092,0.04463775714093323,0.04463775714093323,0.0,0.0,1.3995118770245736,1.1541735889403497,17,0.0,17,1.362607581885631,0.1,0.1,1.3995118770245736,False,False,False,False,False,0,0,0.0,0.0,1.4062341189934313
1978-11,1.175180914844652,1.1164801097882497,-0.049950441089457155,0.0,0.0,0.0,0.0,-0.049950441089457155,0.16925265091261998,0.16925265091261998,0.0,0.0,1.3181888547689018,1.0752552975139036,17,0.0,17,1.311898604817947,0.1,0.1,1.3181888547689018,False,False,False,False,False,0,0,0.0,0.0,1.362607581885631
1978-12,1.1164801097882497,1.1596533822346886,0.03866909232680125,0.0,0.0,0.0,0.0,0.03866909232680125,0.3219577818236786,0.3219577818236786,0.0,0.0,1.4296645665166814,0.9375660391773639,17,0.0,17,1.3990888948893787,0.1,0.1,1.4296645665166814,False,False,False,False,False,0,0,0.0,0.0,1.311898604817947
1979-01,1.1596533822346886,1.1872905410784518,0.02383225821366168,0.0,0.0,0.0,0.0,0.02383225821366168,0.10785607105106171,0.10785607105106171,0.0,0.0,1.4304558607392006,0.9262685483918375,17,0.0,17,1.4230202638624476,0.1,0.1,1.4304558607392006,False,False,False,False,False,0,0,0.0,0.0,1.399088894889379
1979-02,1.1872905410784518,1.260325434043418,0.06151391798222063,0.0,0.0,0.0,0.0,0.06151391798222063,0.5096653261480297,0.5096653261480297,0.0,0.0,1.7128056862012124,1.0643158369046801,19,0.0,19,1.6684889490891592,0.1,0.1,1.7128056862012124,False,False,False,False,False,0,0,0.0,0.0,1.4230202638624476
1979-03,1.260325434043418,1.2358742376081617,-0.01940070062445,0.0,0.0,0.0,0.0,-0.01940070062445,0.07435343834996132,0.07435343834996132,0.0,0.0,1.6906212104175131,1.0468336939088672,19,0.0,19,1.6913672498956787,0.09999999999999999,0.09999999999999999,1.6906212104175131,False,False,False,False,False,0,0,0.0,0.0,1.6684889490891595
1979-04,1.2358742376081617,1.265152370710486,0.02369022042160797,0.0,0.0,0.0,0.0,0.02369022042160797,0.0535708357237726,0.0535708357237726,0.0,0.0,1.6893253681465021,1.0452804798903208,19,0.0,19,1.6766076917197426,0.1,0.1,1.6893253681465021,False,False,False,False,False,0,0,0.0,0.0,1.6913672498956787
1979-05,1.265152370710486,1.2819305092583793,0.013261753237257258,0.0,0.0,0.0,0.0,0.013261753237257258,0.07009587240781587,0.07009587240781587,0.0,0.0,1.6923781049759736,1.0456208722637814,19,0.0,19,1.6810656495424092,0.1,0.1,1.6923781049759736,False,False,False,False,False,0,0,0.0,0.0,1.6766076917197426
1979-06,1.2819305092583793,1.3322090178593238,0.03922093142945134,0.0,0.0,0.0,0.0,0.03922093142945134,0.38986366269053185,0.38986366269053185,0.0,0.0,1.8033532070279614,0.8265720225880673,19,0.0,19,1.8124499976628203,0.09693108536325161,0.09693108536325161,1.8033532070279614,False,False,False,False,False,0,0,0.0,0.0,1.6810656495424092
1979-07,1.3322090178593238,1.3231209293403752,-0.00682181879653678,0.0,0.0,0.0,0.0,-0.00682181879653678,0.8258243595031727,0.8258243595031727,0.0,0.0,1.4688881363158648,0.9657647431901722,19,0.0,19,1.4544418832445314,0.09999999999999994,0.09999999999999994,1.4688881363158648,False,False,False,False,False,0,0,1.2975731600306517e-15,8.81363255790956e-17,1.8124499976628208
1979-08,1.3231209293403752,1.406875454428472,0.06330073331229943,0.0,0.0,0.0,0.0,0.06330073331229943,0.4095974621566394,0.4095974621566394,0.0,0.0,1.6342304389414846,0.8170982484625008,19,0.0,19,1.628008582410628,0.09999999999999992,0.09999999999999992,1.6342304389414846,False,False,False,False,False,0,0,1.4363510381087963e-15,8.908623872763636e-17,1.454441883244531
1979-09,1.406875454428472,1.5417342269032546,0.09585693747821303,0.0,0.0,0.0,0.0,0.09585693747821303,0.2778501312976439,0.2778501312976439,0.0,0.0,1.5656240650744089,0.9757276092712359,19,0.0,19,1.5244808174966171,0.1,0.1,1.5656240650744089,False,False,False,False,False,0,0,0.0,0.0,1.6280085824106276
1979-10,1.5417342269032546,1.4131022420516846,-0.08343330686115841,0.0,0.0,0.0,0.0,-0.08343330686115841,0.6766966434730443,0.6766966434730443,0.0,0.0,1.792018703048292,0.8016349826560245,19,0.0,19,1.8754580410130488,0.09942612753902898,0.09942612753902898,1.792018703048292,False,False,False,False,False,0,0,0.0,0.0,1.5244808174966173
1979-11,1.4131022420516846,1.4624210512348157,0.03490109046287056,0.0,0.0,0.0,0.0,0.03490109046287056,0.9909566415800851,0.9909566415800851,0.0,0.0,1.761477644642527,0.19167404086653278,19,0.0,19,1.785968457726716,0.08551410981249317,0.08551410981249317,1.761477644642527,False,False,False,False,False,0,0,0.0,0.0,1.8754580410130486
1979-12,1.4624210512348157,1.5435634158224643,0.0554849538846114,0.0,0.0,0.0,0.0,0.0554849538846114,0.4145335865116213,0.4145335865116213,0.0,0.0,1.7604508647703394,0.5498379057093139,19,0.0,19,1.7120314441231015,0.092599435639065,0.092599435639065,1.7604508647703394,False,False,False,False,False,0,0,0.0,0.0,1.785968457726716
1980-01,1.5435634158224643,1.6705051982871086,0.08223943452106591,0.0,0.0,0.0,0.0,0.08223943452106591,0.5219747187853251,0.5219747187853251,0.0,0.0,1.6458192294652076,0.8999877694639773,19,0.0,19,1.5730777616295124,0.1,0.1,1.6458192294652076,False,False,False,False,False,0,0,0.0,0.0,1.7120314441231013
1980-02,1.6705051982871086,1.679722795599697,0.005517850122250386,0.0,0.0,0.0,0.0,0.005517850122250386,0.3765742454187967,0.3765742454187967,0.0,0.0,1.6747033040028412,0.7112682058676022,19,0.0,19,1.620915832899747,0.1,0.1,1.6747033040028412,False,False,False,False,False,0,0,0.0,0.0,1.5730777616295126
1980-03,1.679722795599697,1.6496643051564752,-0.017894911304391865,0.0,0.0,0.0,0.0,-0.017894911304391865,0.8668673782324379,0.8668673782324379,0.0,0.0,1.5544451425840693,-0.1385806872493291,19,0.0,19,1.4074462927221925,0.1,0.1,1.5544451425840693,False,False,False,False,False,0,0,0.0,0.0,1.6209158328997473
1980-04,1.6496643051564752,1.5826997893831216,-0.0405928136797515,0.0,0.0,0.0,0.0,-0.0405928136797515,0.12244990847921225,0.12244990847921225,0.0,0.0,1.5275636904604268,-0.1551513246431146,19,0.0,19,1.6144847379455325,0.09999999999999994,0.09999999999999994,1.5275636904604268,False,False,False,False,False,0,0,1.3322676295501878e-15,8.598150914329147e-17,1.4074462927221925
1980-05,1.5826997893831216,1.6110178168041651,0.01789222922186699,0.0,0.0,0.0,0.0,0.01789222922186699,0.5613278146102816,0.5613278146102816,0.0,0.0,1.5979973805384269,-0.045540384714087695,19,0.0,19,1.6192661200137288,0.09999999999999999,0.09999999999999999,1.5979973805384269,False,False,False,False,False,0,0,0.0,0.0,1.6144847379455323
1980-06,1.6110178168041651,1.5662010157138013,-0.027818935720567328,0.0,0.0,0.0,0.0,-0.027818935720567328,0.4765349899661795,0.4765349899661795,0.0,0.0,1.4619723198303947,-0.04671173263944936,19,0.0,19,1.5647812214038361,0.09999999999999999,0.09999999999999999,1.4619723198303947,False,False,False,False,False,0,0,0.0,0.0,1.6192661200137286
1980-07,1.5662010157138013,1.5122716331414263,-0.03443324453968411,0.0,0.0,0.0,0.0,-0.03443324453968411,0.7512565175089616,0.7512565175089616,0.0,0.0,1.455180388309509,-0.4626022237856196,19,0.0,19,1.572014161921058,0.1,0.1,1.455180388309509,False,False,False,False,False,0,0,0.0,0.0,1.5647812214038361
1980-08,1.5122716331414263,1.5538769933694059,0.02751183009467242,0.0,0.0,0.0,0.0,0.02751183009467242,1.0459928327603913,1.0459928327603913,0.0,0.0,1.684473838931426,0.32917646000444345,19,0.0,19,1.6562361222990996,0.09959295142015867,0.09959295142015867,1.684473838931426,False,False,False,False,False,0,0,0.0,0.0,1.5720141619210584
1980-09,1.5538769933694059,1.606326792701287,0.03375415142620119,0.0,0.0,0.0,0.0,0.03375415142620119,0.9218123125676976,0.9218123125676976,0.0,0.0,1.6846135113149627,-0.18148169067498415,19,0.0,19,1.6400316805236559,0.09411925702943742,0.09411925702943742,1.6846135113149627,False,False,False,False,False,0,0,0.0,0.0,1.6562361222990996
1980-10,1.606326792701287,1.6365289913606953,0.018802026335263025,0.0,0.0,0.0,0.0,0.018802026335263025,0.0933918671897598,0.0933918671897598,0.0,0.0,1.6868320518330508,-0.1911935267199349,19,0.0,19,1.6717093503646745,0.09429115727038886,0.09429115727038886,1.6868320518330508,False,False,False,False,False,0,0,0.0,0.0,1.640031680523656
1980-11,1.6365289913606953,1.6442735137970788,0.0047322855123660915,0.0,0.0,0.0,0.0,0.0047322855123660915,0.6215286524742024,0.6215286524742024,0.0,0.0,1.5785985417769341,0.3399425790080893,19,0.0,19,1.5527014164451218,0.1,0.1,1.5785985417769341,False,False,False,False,False,0,0,0.0,0.0,1.6717093503646747
1980-12,1.6442735137970788,1.5888762555245948,-0.03369102391277741,0.0,0.0,0.0,0.0,-0.03369102391277741,0.0549200881355463,0.0549200881355463,0.0,0.0,1.5884181013266712,0.33322362606025946,19,0.0,19,1.5293082494227204,0.1,0.1,1.5884181013266712,False,False,False,False,False,0,0,0.0,0.0,1.5527014164451216
1981-01,1.5888762555245948,1.5305094044461618,-0.036734673877521204,0.0,0.0,0.0,0.0,-0.036734673877521204,0.5459895789050055,0.5459895789050055,0.0,0.0,1.6605480161953619,-0.1329628547901134,19,0.0,19,1.6504537267574915,0.09396939310726019,0.09396939310726019,1.6605480161953619,False,False,False,False,False,0,0,0.0,0.0,1.5293082494227201
1981-02,1.5305094044461618,1.5641734706231984,0.021995334415614704,0.0,0.0,0.0,0.0,0.021995334415614704,1.4681044642918641,1.4681044642918641,0.0,0.0,1.7311449039243025,-0.6982206628281272,23,0.0,23,1.6490784148713067,0.1,0.1,1.7311449039243025,False,False,False,False,False,0,0,0.0,0.0,1.6504537267574915
1981-03,1.5641734706231984,1.5526455937926675,-0.007369947801210215,0.0,0.0,0.0,0.0,-0.007369947801210215,0.6259239682922944,0.6259239682922944,0.0,0.0,1.7323851011599496,-0.7866375850394037,23,0.0,23,1.7524904443340885,0.1,0.1,1.7323851011599496,False,False,False,False,False,0,0,0.0,0.0,1.6490784148713067
1981-04,1.5526455937926675,1.539662472824349,-0.008361934636097097,0.0,0.0,0.0,0.0,-0.008361934636097097,0.9539682788927757,0.9539682788927757,0.0,0.0,2.024147145731125,-0.0963222171533232,23,0.0,23,1.9815505318923659,0.08915303544024365,0.08915303544024365,2.024147145731125,False,False,False,False,False,0,0,0.0,0.0,1.7524904443340885
1981-05,1.539662472824349,1.5546233400602039,0.00971697855856074,0.0,0.0,0.0,0.0,0.00971697855856074,0.3996816811068593,0.3996816811068593,0.0,0.0,2.017259880594702,-0.45965092012621683,23,0.0,23,1.9581034937945234,0.09988963869803745,0.09988963869803745,2.017259880594702,False,False,False,False,False,0,0,0.0,0.0,1.981550531892366
1981-06,1.5546233400602039,1.596866977196256,0.02717290809130408,0.0,0.0,0.0,0.0,0.02717290809130408,0.6714110269591415,0.6714110269591415,0.0,0.0,1.7743428122812597,-0.8832659699996677,23,0.0,23,1.6322510374411416,0.09999999999999999,0.09999999999999999,1.7743428122812597,False,False,False,False,False,0,0,0.0,0.0,1.9581034937945236
1981-07,1.596866977196256,1.6162315806576042,0.012126622779405181,0.0,0.0,0.0,0.0,0.012126622779405181,0.4613559508299632,0.4613559508299632,0.0,0.0,1.4793974832331014,-1.03373268512628,23,0.0,23,1.45223741039341,0.09999999999999992,0.09999999999999992,1.4793974832331014,False,False,False,False,False,0,0,1.3010426069826053e-15,8.803158182216331e-17,1.6322510374411419
1981-08,1.6162315806576042,1.6726955241272126,0.03493555264316427,0.0,0.0,0.0,0.0,0.03493555264316427,0.5304142033702847,0.5304142033702847,0.0,0.0,1.2524412562631824,-1.2011566197142465,23,0.0,23,1.1726863204987776,0.1,0.1,1.2524412562631824,False,False,False,False,False,0,0,0.0,0.0,1.45223741039341
1981-09,1.6726955241272126,1.6940425609171246,0.012762057697888927,0.0,0.0,0.0,0.0,0.012762057697888927,0.08344097446322704,0.08344097446322704,0.0,0.0,1.2417396310051254,-1.1905107827972006,23,0.0,23,1.2146434770946275,0.1,0.1,1.2417396310051254,False,False,False,False,False,0,0,0.0,0.0,1.1726863204987779
1981-10,1.6940425609171246,1.67955625404965,-0.00855132403499468,0.0,0.0,0.0,0.0,-0.00855132403499468,0.32422148774149023,0.32422148774149023,0.0,0.0,1.3688970866860535,-1.1471398196804354,23,0.0,23,1.4019911105710807,0.09999999999999999,0.09999999999999999,1.3688970866860535,False,False,False,False,False,0,0,0.0,0.0,1.2146434770946275
1981-11,1.67955625404965,1.6729706545034353,-0.003921035410594884,0.0,0.0,0.0,0.0,-0.003921035410594884,0.059253732144699485,0.059253732144699485,0.0,0.0,1.398428235177743,-1.1789239232427202,23,0.0,23,1.4083660632259665,0.1,0.1,1.398428235177743,False,False,False,False,False,0,0,0.0,0.0,1.4019911105710807
1981-12,1.6729706545034353,1.7619992209970623,0.05321585662843091,0.0,0.0,0.0,0.0,0.05321585662843091,0.6415108023611666,0.6415108023611666,0.0,0.0,1.379446977802006,-0.8255563528728319,23,0.0,23,1.2598230223085762,0.1,0.1,1.379446977802006,False,False,False,False,False,0,0,0.0,0.0,1.4083660632259667
1982-01,1.7619992209970623,1.7515732886110695,-0.005917103856659587,0.0,0.0,0.0,0.0,-0.005917103856659587,0.32064980540098914,0.32064980540098914,0.0,0.0,1.480002437900992,-0.7626677661061129,23,0.0,23,1.511970160564259,0.09999999999999999,0.09999999999999999,1.480002437900992,False,False,False,False,False,0,0,0.0,0.0,1.2598230223085762
1982-02,1.7515732886110695,1.8284737852300275,0.04390367055662123,0.0,0.0,0.0,0.0,0.04390367055662123,0.16444276602078833,0.16444276602078833,0.0,0.0,1.5271834799626178,-0.8465378470163917,23,0.0,23,1.4081090527697753,0.09999999999999999,0.09999999999999999,1.5271834799626178,False,False,False,False,False,0,0,0.0,0.0,1.511970160564259
1982-03,1.8284737852300275,1.8540783066493334,0.014003220404981,0.0,0.0,0.0,0.0,0.014003220404981,0.6891997752820702,0.6891997752820702,0.0,0.0,1.512266851790554,-1.2174419652288773,23,0.0,23,1.4825534916967968,0.1,0.1,1.512266851790554,False,False,False,False,False,0,0,0.0,0.0,1.4081090527697753
1982-04,1.8540783066493334,1.845722817765797,-0.004506545841980276,0.0,0.0,0.0,0.0,-0.004506545841980276,0.059966123601866365,0.059966123601866365,0.0,0.0,1.523313335703779,-1.2302105624034634,23,0.0,23,1.5453213594454516,0.09999999999999994,0.09999999999999994,1.523313335703779,False,False,False,False,False,0,0,1.349614864309956e-15,8.83764241057528e-17,1.4825534916967968
1982-05,1.845722817765797,1.9251193717414743,0.043016509961005416,0.0,0.0,0.0,0.0,0.043016509961005416,0.8314814610744982,0.8314814610744982,0.0,0.0,1.7777308807850412,-0.7431138484138239,23,0.0,23,1.6616223932682932,0.1,0.1,1.7777308807850412,False,False,False,False,False,0,0,0.0,0.0,1.5453213594454516
1982-06,1.9251193717414743,1.9971301689180143,0.037405886738025265,0.0,0.0,0.0,0.0,0.037405886738025265,0.7459547272360856,0.7459547272360856,0.0,0.0,1.6947577578147814,-1.1242904806398801,23,0.0,23,1.582032958467524,0.1,0.1,1.6947577578147814,False,False,False,False,False,0,0,0.0,0.0,1.661622393268293
1982-07,1.9971301689180143,2.014961070498481,0.008928262092263401,0.0,0.0,0.0,0.0,0.008928262092263401,0.13419254067433078,0.13419254067433078,0.0,0.0,1.7162254991418544,-1.1292247534036208,23,0.0,23,1.6932745364670883,0.09999999999999999,0.09999999999999999,1.7162254991418544,False,False,False,False,False,0,0,0.0,0.0,1.582032958467524
1982-08,2.014961070498481,2.0873117566215713,0.0359067414166923,0.0,0.0,0.0,0.0,0.0359067414166923,0.9564809829669929,0.9564809829669929,0.0,0.0,1.9396131626240327,-0.49966685531852423,23,0.0,23,1.8605844935998426,0.1,0.1,1.9396131626240327,False,False,False,False,False,0,0,0.0,0.0,1.693274536467088
1982-09,2.0873117566215713,2.1747188864005147,0.041875455116688595,0.0,0.0,0.0,0.0,0.041875455116688595,0.615844324338154,0.615844324338154,0.0,0.0,1.8132527590112477,-0.9771365101312847,23,0.0,23,1.6908962215345902,0.1,0.1,1.8132527590112477,False,False,False,False,False,0,0,0.0,0.0,1.8605844935998423
1982-10,2.1747188864005147,2.167607712445146,-0.0032699278972736622,0.0,0.0,0.0,0.0,-0.0032699278972736622,0.7618371545833209,0.7618371545833209,0.0,0.0,1.7832519642383744,-0.6272169591946566,23,0.0,23,1.8012790509315904,0.1,0.1,1.7832519642383744,False,False,False,False,False,0,0,0.0,0.0,1.6908962215345902
1982-11,2.167607712445146,2.0566942939919466,-0.05116858452588009,0.0,0.0,0.0,0.0,-0.05116858452588009,0.21074454394885134,0.21074454394885134,0.0,0.0,1.9294203161003438,-0.6237008830562591,23,0.0,23,2.095485310154816,0.1,0.1,1.9294203161003438,False,False,False,False,False,0,0,0.0,0.0,1.8012790509315901
1982-12,2.0566942939919466,2.0430847770379867,-0.006617180294473651,0.0,0.0,0.0,0.0,-0.006617180294473651,0.8110105922045241,0.8110105922045241,0.0,0.0,1.8111784308168348,-1.1018505553863112,23,0.0,23,1.8315665710116587,0.1,0.1,1.8111784308168348,False,False,False,False,False,0,0,0.0,0.0,2.095485310154816
1983-01,2.0430847770379867,2.057151069430159,0.006884830502513575,0.0,0.0,0.0,0.0,0.006884830502513575,0.22340772049021546,0.22340772049021546,0.0,0.0,1.9613000028800132,-1.0837145469399092,23,0.0,23,1.9688953232859785,0.09999999999999999,0.09999999999999999,1.9613000028800132,False,False,False,False,False,0,0,0.0,0.0,1.8315665710116587
1983-02,2.057151069430159,2.1154459668076857,0.028337684209879012,0.0,0.0,0.0,0.0,0.028337684209879012,0.2376089001885857,0.2376089001885857,0.0,0.0,2.0650369483095394,-1.0413511947279706,23,0.0,23,1.9589382950187681,0.1,0.1,2.0650369483095394,False,False,False,False,False,0,0,0.0,0.0,1.9688953232859785
1983-03,2.1154459668076857,1.985143353830117,-0.0615958124301335,0.0,0.0,0.0,0.0,-0.0615958124301335,0.7048468612408249,0.7048468612408249,0.0,0.0,2.0548401618903966,-0.4422827430113566,23,0.0,23,2.24515223325699,0.1,0.1,2.0548401618903966,False,False,False,False,False,0,0,0.0,0.0,1.9589382950187681
1983-04,1.985143353830117,1.9882342812975502,0.0015570298545289456,0.0,0.0,0.0,0.0,0.0015570298545289456,0.3631681698115849,0.3631681698115849,0.0,0.0,2.1776414495715826,-0.23056193503013886,23,0.0,23,2.1851833683135817,0.0940821260527303,0.0940821260527303,2.1776414495715826,False,False,False,False,False,0,0,0.0,0.0,2.24515223325699
1983-05,1.9882342812975502,2.012475637346694,0.012192404223773651,0.0,0.0,0.0,0.0,0.012192404223773651,0.5634081486190716,0.5634081486190716,0.0,0.0,2.221980609385244,-0.4520317754719224,23,0.0,23,2.1978403408179843,0.09429867131511924,0.09429867131511924,2.221980609385244,False,False,False,False,False,0,0,0.0,0.0,2.185183368313582
1983-06,2.012475637346694,1.9740171996863825,-0.01911001402780512,0.0,0.0,0.0,0.0,-0.01911001402780512,0.30297807306510105,0.30297807306510105,0.0,0.0,2.2378637054707338,-0.2982322992683355,23,0.0,23,2.2592163343095226,0.0955687682748372,0.0955687682748372,2.2378637054707338,False,False,False,False,False,0,0,0.0,0.0,2.1978403408179843
1983-07,1.9740171996863825,1.8977094776721755,-0.03865605731618263,0.0,0.0,0.0,0.0,-0.03865605731618263,0.3995311821837515,0.3995311821837515,0.0,0.0,2.2632145504124916,-0.13701254255681866,23,0.0,23,2.380525964546814,0.09534708486910798,0.09534708486910798,2.2632145504124916,False,False,False,False,False,0,0,0.0,0.0,2.2592163343095226
1983-08,1.8977094776721755,2.0088922369566578,0.058587871638215626,0.0,0.0,0.0,0.0,0.058587871638215626,0.7657272787049937,0.7657272787049937,0.0,0.0,2.3015313449795123,0.5241363733694425,23,0.0,23,2.2223889924839018,0.08868568350608307,0.08868568350608307,2.3015313449795123,False,False,False,False,False,0,0,0.0,0.0,2.3805259645468144
1983-09,2.0088922369566578,1.9881390951266624,-0.010330639667080907,0.0,0.0,0.0,0.0,-0.010330639667080907,0.48215904273924404,0.48215904273924404,0.0,0.0,2.264732654522499,0.22956116306845586,23,0.0,23,2.286220926108282,0.08017449395922924,0.08017449395922924,2.264732654522499,False,False,False,False,False,0,0,0.0,0.0,2.222388992483902
1983-10,1.9881390951266624,1.9394233964352603,-0.024503164195510446,0.0,0.0,0.0,0.0,-0.024503164195510446,0.2911609186315559,0.2911609186315559,0.0,0.0,2.2636659324568438,0.41943553097174074,23,0.0,23,2.2710923816019832,0.08341934329039055,0.08341934329039055,2.2636659324568438,False,False,False,False,False,0,0,0.0,0.0,2.286220926108282
1983-11,1.9394233964352603,1.9328095470444444,-0.0034102142951211046,0.0,0.0,0.0,0.0,-0.0034102142951211046,0.6414637050332631,0.6414637050332631,0.0,0.0,2.278253755819493,0.017353676011316474,23,0.0,23,2.2881396332593753,0.08468625822375565,0.08468625822375565,2.278253755819493,False,False,False,False,False,0,0,0.0,0.0,2.271092381601983
1983-12,1.9328095470444444,1.963146921059083,0.015695997601537615,0.0,0.0,0.0,0.0,0.015695997601537615,0.26979045372474864,0.26979045372474864,0.0,0.0,2.2821885416605445,0.22279080068070872,23,0.0,23,2.2473287458948805,0.08225590793961227,0.08225590793961227,2.2821885416605445,False,False,False,False,False,0,0,0.0,0.0,2.2881396332593757
1984-01,1.963146921059083,1.996596583174317,0.017038797125376974,0.0,0.0,0.0,0.0,0.017038797125376974,1.0631347249239063,1.0631347249239063,0.0,0.0,2.297466363885701,-0.7654034995317819,23,0.0,23,2.196077849769421,0.1,0.1,2.297466363885701,False,False,False,False,False,0,0,0.0,0.0,2.2473287458948805
1984-02,1.996596583174317,1.9523197156992889,-0.022176171114464186,0.0,0.0,0.0,0.0,-0.022176171114464186,0.5938722755238478,0.5938722755238478,0.0,0.0,2.378349818273792,-0.4120811773194642,25,0.0,25,2.472349464792082,0.09856139307588162,0.09856139307588162,2.378349818273792,False,False,False,False,False,0,0,0.0,0.0,2.196077849769421
1984-03,1.9523197156992889,1.9858417256020662,0.017170348500409646,0.0,0.0,0.0,0.0,0.017170348500409646,0.4301552840270928,0.4301552840270928,0.0,0.0,2.300958391371785,-0.6310318093943448,25,0.0,25,2.3042591351642043,0.1,0.1,2.300958391371785,False,False,False,False,False,0,0,0.0,0.0,2.4723494647920816
1984-04,1.9858417256020662,2.052397925989568,0.03351536002564533,0.0,0.0,0.0,0.0,0.03351536002564533,0.7002247794650118,0.7002247794650118,0.0,0.0,2.103565401467806,-0.07382646560256093,25,0.0,25,1.9771145766499136,0.1,0.1,2.103565401467806,False,False,False,False,False,0,0,0.0,0.0,2.304259135164204
1984-05,2.052397925989568,2.0947473591918357,0.02063412395130372,0.0,0.0,0.0,0.0,0.02063412395130372,0.5944850555383835,0.5944850555383835,0.0,0.0,2.324773509586337,-0.38471375200733027,25,0.0,25,2.2803322157020123,0.09861380223973312,0.09861380223973312,2.324773509586337,False,False,False,False,False,0,0,0.0,0.0,1.9771145766499139
1984-06,2.0947473591918357,2.1228978004688974,0.013438585399588348,0.0,0.0,0.0,0.0,0.013438585399588348,0.7381775343539054,0.7381775343539054,0.0,0.0,2.013671587484286,-0.292131363369748,25,0.0,25,1.92282812729572,0.1,0.1,2.013671587484286,False,False,False,False,False,0,0,0.0,0.0,2.280332215702012
1984-07,2.1228978004688974,2.1649795344710645,0.019822779030093884,0.0,0.0,0.0,0.0,0.019822779030093884,0.6129897258009507,0.6129897258009507,0.0,0.0,2.249468330032831,-0.6548891183074307,25,0.0,25,2.087957903290327,0.1,0.1,2.249468330032831,False,False,False,False,False,0,0,0.0,0.0,1.9228281272957202
1984-08,2.1649795344710645,2.1243392945174144,-0.018771650866241954,0.0,0.0,0.0,0.0,-0.018771650866241954,0.5949692868353437,0.5949692868353437,0.0,0.0,2.207132810897459,-1.1480325400415388,25,0.0,25,2.2775335199550892,0.1,0.1,2.207132810897459,False,False,False,False,False,0,0,0.0,0.0,2.087957903290327
1984-09,2.1243392945174144,2.218905360099977,0.04451551869638833,0.0,0.0,0.0,0.0,0.04451551869638833,0.8195901016738179,0.8195901016738179,0.0,0.0,1.9568868214222976,-1.3760302537570377,25,0.0,25,1.8163978703480392,0.09999999999999999,0.09999999999999999,1.9568868214222976,False,False,False,False,False,0,0,0.0,0.0,2.277533519955089
1984-10,2.218905360099977,2.16484914641956,-0.024361658073592342,0.0,0.0,0.0,0.0,-0.024361658073592342,0.1410545266172989,0.1410545266172989,0.0,0.0,1.9563045897439022,-1.3483408919328417,25,0.0,25,2.0343337109382547,0.1,0.1,1.9563045897439022,False,False,False,False,False,0,0,0.0,0.0,1.816397870348039
1984-11,2.16484914641956,2.2485815459352048,0.03867816824748732,0.0,0.0,0.0,0.0,0.03867816824748732,0.3726406261546058,0.3726406261546058,0.0,0.0,2.142639002820706,-1.225531982832547,25,0.0,25,2.0404907746344625,0.09999999999999999,0.09999999999999999,2.142639002820706,False,False,False,False,False,0,0,0.0,0.0,2.0343337109382547
1984-12,2.2485815459352048,2.353232256656893,0.04654076740550797,0.0,0.0,0.0,0.0,0.04654076740550797,0.8772527750233066,0.8772527750233066,0.0,0.0,2.508319457275734,-0.9626546446148267,25,0.0,25,2.347911210227109,0.1,0.1,2.508319457275734,False,False,False,False,False,0,0,0.0,0.0,2.0404907746344625
1985-01,2.353232256656893,2.4290534671854167,0.03222002856455777,0.0,0.0,0.0,0.0,0.03222002856455777,0.7689607736327381,0.7689607736327381,0.0,0.0,2.0438007904372477,-1.2034858069899173,25,0.0,25,1.977221651516352,0.09999999999999994,0.09999999999999994,2.0438007904372477,False,False,False,False,False,0,0,1.85268467234323e-15,8.969420798336783e-17,2.347911210227109
1985-02,2.4290534671854167,2.571471849815893,0.05863122592994985,0.0,0.0,0.0,0.0,0.05863122592994985,0.6810370425015091,0.6810370425015091,0.0,0.0,2.44287149371912,-1.1363835653573688,25,0.0,25,2.198781689087978,0.09999999999999999,0.09999999999999999,2.44287149371912,False,False,False,False,False,0,0,0.0,0.0,1.9772216515163523
1985-03,2.571471849815893,2.366154275730799,-0.07984437943576703,0.0,0.0,0.0,0.0,-0.07984437943576703,0.657429484737029,0.657429484737029,0.0,0.0,2.528051098866855,-1.2019517090613958,25,0.0,25,2.8704902711523896,0.1,0.1,2.528051098866855,False,False,False,False,False,0,0,0.0,0.0,2.198781689087978
1985-04,2.366154275730799,2.4510692900676627,0.03588735324987945,0.0,0.0,0.0,0.0,0.03588735324987945,1.2499605733546535,1.2499605733546535,0.0,0.0,2.0533671499947994,-1.3418954496508775,25,0.0,25,1.9446460937141596,0.1,0.1,2.0533671499947994,False,False,False,False,False,0,0,0.0,0.0,2.87049027115239
1985-05,2.4510692900676627,2.5054580372417856,0.022189804015137177,0.0,0.0,0.0,0.0,0.022189804015137177,0.5788022341462018,0.5788022341462018,0.0,0.0,2.3886869040173,-1.2387073584575727,26,0.0,26,2.3359395179066187,0.1,0.1,2.3886869040173,False,False,False,False,False,0,0,0.0,0.0,1.9446460937141592
1985-06,2.5054580372417856,2.51629704338536,0.004326157525873817,0.0,0.0,0.0,0.0,0.004326157525873817,0.531566839141333,0.531566839141333,0.0,0.0,2.0127719051503976,-1.2560081444895368,26,0.0,26,1.9890802904304015,0.1,0.1,2.0127719051503976,False,False,False,False,False,0,0,0.0,0.0,2.3359395179066187
1985-07,2.51629704338536,2.500894004223708,-0.00612131195009047,0.0,0.0,0.0,0.0,-0.00612131195009047,0.4738980867358196,0.4738980867358196,0.0,0.0,2.2040794748490824,-1.5156044197398848,26,0.0,26,2.200384005176721,0.1,0.1,2.2040794748490824,False,False,False,False,False,0,0,0.0,0.0,1.9890802904304012
1985-08,2.500894004223708,2.526097829297801,0.010077926146220936,0.0,0.0,0.0,0.0,0.010077926146220936,1.3174501741050233,1.3174501741050233,0.0,0.0,2.4886074469267676,-0.7392150023743749,26,0.0,26,2.4384509260907024,0.09506266864354075,0.09506266864354075,2.4886074469267676,False,False,False,False,False,0,0,0.0,0.0,2.200384005176721
1985-09,2.526097829297801,2.381279374477272,-0.057328917803941656,0.0,0.0,0.0,0.0,-0.057328917803941656,0.8166573739839489,0.8166573739839489,0.0,0.0,2.5266554619533936,-1.4744036304088115,26,0.0,26,2.743475671805915,0.09982405750006512,0.09982405750006512,2.5266554619533936,False,False,False,False,False,0,0,0.0,0.0,2.4384509260907024
1985-10,2.381279374477272,2.3786906003513923,-0.0010871358285913495,0.0,0.0,0.0,0.0,-0.0010871358285913495,1.1608357895133092,1.1608357895133092,0.0,0.0,2.5136777322576798,-0.5368077491657978,26,0.0,26,2.591520386969633,0.09566190731290262,0.09566190731290262,2.5136777322576798,False,False,False,False,False,0,0,0.0,0.0,2.7434756718059146
1985-11,2.3786906003513923,2.474344137971368,0.040212685754862434,0.0,0.0,0.0,0.0,0.040212685754862434,0.4002012459856772,0.4002012459856772,0.0,0.0,2.4520399269198054,-0.44856929165941345,26,0.0,26,2.3846634078536835,0.09999999999999999,0.09999999999999999,2.4520399269198054,False,False,False,False,False,0,0,0.0,0.0,2.591520386969632
1985-12,2.474344137971368,2.6124815829353,0.05582790317808663,0.0,0.0,0.0,0.0,0.05582790317808663,0.7974608639072389,0.7974608639072389,0.0,0.0,2.5293421912963643,-0.5091175281875984,26,0.0,26,2.446711677642342,0.09319503744536678,0.09319503744536678,2.5293421912963643,False,False,False,False,False,0,0,0.0,0.0,2.384663407853684
1986-01,2.6124815829353,2.7585679547419577,0.05591862264633458,0.0,0.0,0.0,0.0,0.05591862264633458,0.5459771211812716,0.5459771211812716,0.0,0.0,2.5016365364076423,-0.19549064827449864,26,0.0,26,2.322799186736012,0.08791344896701499,0.08791344896701499,2.5016365364076423,False,False,False,False,False,0,0,0.0,0.0,2.4467116776423414
1986-02,2.7585679547419577,2.9508715880886363,0.06971139971959384,0.0,0.0,0.0,0.0,0.06971139971959384,0.7019981909995472,0.7019981909995472,0.0,0.0,2.412838539963979,-0.44280997193035976,28,0.0,28,2.3063845344297347,0.1,0.1,2.412838539963979,False,False,False,False,False,0,0,0.0,0.0,2.322799186736012
1986-03,2.9508715880886363,3.045957326107784,0.032222933184543334,0.0,0.0,0.0,0.0,0.032222933184543334,0.7633251072828284,0.7633251072828284,0.0,0.0,2.500013658118924,0.061333828307639476,28,0.0,28,2.460803625771648,0.1,0.1,2.500013658118924,False,False,False,False,False,0,0,0.0,0.0,2.3063845344297347
1986-04,3.045957326107784,3.044722178227127,-0.0004055040003580722,0.0,0.0,0.0,0.0,-0.0004055040003580722,0.4488947585274674,0.4488947585274674,0.0,0.0,2.4625697847368118,-0.22191257125274216,28,0.0,28,2.511168441300366,0.1,0.1,2.4625697847368118,False,False,False,False,False,0,0,0.0,0.0,2.460803625771648
1986-05,3.044722178227127,2.88759909987826,-0.051605062515213074,0.0,0.0,0.0,0.0,-0.051605062515213074,1.4763067410212045,1.4763067410212045,0.0,0.0,2.3867003759967984,1.1083646195178327,28,0.0,28,2.429295102054745,0.1,0.1,2.3867003759967984,False,False,False,False,False,0,0,0.0,0.0,2.511168441300366
1986-06,2.88759909987826,2.951800464266564,0.022233475689547862,0.0,0.0,0.0,0.0,0.022233475689547862,0.6267026597215589,0.6267026597215589,0.0,0.0,2.318664221142807,1.1809121073627207,28,0.0,28,2.311058327143273,0.1,0.1,2.318664221142807,False,False,False,False,False,0,0,0.0,0.0,2.429295102054744
1986-07,2.951800464266564,3.050388480214764,0.033399281943908746,0.0,0.0,0.0,0.0,0.033399281943908746,0.3124051322234754,0.3124051322234754,0.0,0.0,2.2653780475085545,0.9786345687657022,28,0.0,28,2.207629297395795,0.1,0.1,2.2653780475085545,False,False,False,False,False,0,0,0.0,0.0,2.3110583271432725
1986-08,3.050388480214764,3.335504043646228,0.09346860745139936,0.0,0.0,0.0,0.0,0.09346860745139936,0.4034755195444893,0.4034755195444893,0.0,0.0,2.2165381069136307,1.2692462011241186,28,0.0,28,2.104363919092385,0.1,0.1,2.2165381069136307,False,False,False,False,False,0,0,0.0,0.0,2.2076292973957945
1986-09,3.335504043646228,3.286045577629461,-0.014827883693015027,0.0,0.0,0.0,0.0,-0.014827883693015027,0.3174631962569505,0.3174631962569505,0.0,0.0,2.267870654004133,1.1832305184613996,28,0.0,28,2.309273578910271,0.1,0.1,2.267870654004133,False,False,False,False,False,0,0,0.0,0.0,2.104363919092385
1986-10,3.286045577629461,3.224350846112308,-0.018774764396803915,0.0,0.0,0.0,0.0,-0.018774764396803915,0.37137562639270344,0.37137562639270344,0.0,0.0,2.332123156984067,1.000948275741971,28,0.0,28,2.390746053319217,0.1,0.1,2.332123156984067,False,False,False,False,False,0,0,0.0,0.0,2.3092735789102714
1986-11,3.224350846112308,3.2525052742143634,0.008731812834822796,0.0,0.0,0.0,0.0,0.008731812834822796,0.19644015075505794,0.19644015075505794,0.0,0.0,2.3719120860432823,1.1245829834362029,28,0.0,28,2.3806317849469125,0.096767492345253,0.096767492345253,2.3719120860432823,False,False,False,False,False,0,0,0.0,0.0,2.390746053319218
1986-12,3.2525052742143634,3.312760248601628,0.01852571150766813,0.0,0.0,0.0,0.0,0.01852571150766813,0.4074281441508748,0.4074281441508748,0.0,0.0,2.276408363487767,1.3433877408459294,28,0.0,28,2.214853229621879,0.1,0.1,2.276408363487767,False,False,False,False,False,0,0,0.0,0.0,2.3806317849469125
1987-01,3.312760248601628,3.4570182772935585,0.0435461723355392,0.0,0.0,0.0,0.0,0.0435461723355392,0.36444120047665807,0.36444120047665807,0.0,0.0,2.3624988687547335,1.1675543985592305,28,0.0,28,2.3485995538501214,0.09556388480707888,0.09556388480707888,2.3624988687547335,False,False,False,False,False,0,0,0.0,0.0,2.214853229621879
1987-02,3.4570182772935585,3.5073390353816807,0.014556115719329568,0.0,0.0,0.0,0.0,0.014556115719329568,0.48476046042398596,0.48476046042398596,0.0,0.0,2.147597942392621,1.2857582147874784,29,0.0,29,2.1126668064317795,0.1,0.1,2.147597942392621,False,False,False,False,False,0,0,0.0,0.0,2.348599553850121
1987-03,3.5073390353816807,3.5841580453099526,0.02190236220488794,0.0,0.0,0.0,0.0,0.02190236220488794,0.28504154457179687,0.28504154457179687,0.0,0.0,2.2638256922698106,1.217011542785889,29,0.0,29,2.2651864523468377,0.09680419589626553,0.09680419589626553,2.2638256922698106,False,False,False,False,False,0,0,0.0,0.0,2.1126668064317795
1987-04,3.5841580453099526,3.713618206437704,0.03612010393826138,0.0,0.0,0.0,0.0,0.03612010393826138,0.4667299505553192,0.4667299505553192,0.0,0.0,2.0943059083051287,1.3248844393007835,29,0.0,29,2.0987837403339973,0.09999999999999999,0.09999999999999999,2.0943059083051287,False,False,False,False,False,0,0,0.0,0.0,2.265186452346838
1987-05,3.713618206437704,3.737349837477881,0.0063904337282267125,0.0,0.0,0.0,0.0,0.0063904337282267125,0.6674422475368418,0.6674422475368418,0.0,0.0,2.046540670540472,1.0270385285436903,29,0.0,29,2.024965965148561,0.1,0.1,2.046540670540472,False,False,False,False,False,0,0,0.0,0.0,2.0987837403339973
1987-06,3.737349837477881,3.7953063445591226,0.015507380791612797,0.0,0.0,0.0,0.0,0.015507380791612797,0.47024794025724875,0.47024794025724875,0.0,0.0,2.054311756688331,1.443353216720773,29,0.0,29,2.0190301064455065,0.09999999999999994,0.09999999999999994,2.054311756688331,False,False,False,False,False,0,0,1.8492152253912764e-15,9.084828418250749e-17,2.024965965148561
1987-07,3.7953063445591226,3.9626190342037777,0.04408410664517544,0.0,0.0,0.0,0.0,0.04408410664517544,0.5709016196102704,0.5709016196102704,0.0,0.0,1.9677532392555224,1.069670484740423,29,0.0,29,1.8906141301308925,0.1,0.1,1.9677532392555224,False,False,False,False,False,0,0,0.0,0.0,2.0190301064455065
1987-08,3.9626190342037777,4.073940567620886,0.02809291846029713,0.0,0.0,0.0,0.0,0.02809291846029713,0.4145683002154139,0.4145683002154139,0.0,0.0,2.2191230544870386,1.1104482823167456,29,0.0,29,2.1751824741380004,0.1,0.1,2.2191230544870386,False,False,False,False,False,0,0,0.0,0.0,1.8906141301308923
1987-09,4.073940567620886,4.145303878217867,0.01751702299345424,0.0,0.0,0.0,0.0,0.01751702299345424,0.34535342778674166,0.34535342778674166,0.0,0.0,2.3307919083922854,1.1628133690240376,29,0.0,29,2.285250258903348,0.0952400313117878,0.0952400313117878,2.3307919083922854,False,False,False,False,False,0,0,0.0,0.0,2.1751824741380004
1987-10,4.145303878217867,4.028697510676864,-0.028129751392588907,0.0,0.0,0.0,0.0,-0.028129751392588907,0.3551088326957716,0.3551088326957716,0.0,0.0,2.2229165200622103,1.396109006965747,29,0.0,29,2.292858304861933,0.1,0.1,2.2229165200622103,False,False,False,False,False,0,0,0.0,0.0,2.2852502589033477
1987-11,4.028697510676864,4.325650363305463,0.07370939412592126,0.0,0.0,0.0,0.0,0.07370939412592126,0.46259607990769325,0.46259607990769325,0.0,0.0,2.2929214572853627,1.0516865214101585,29,0.0,29,2.2226407447202785,0.08843998166322045,0.08843998166322045,2.2929214572853627,False,False,False,False,False,0,0,0.0,0.0,2.292858304861933
1987-12,4.325650363305463,4.401327351052743,0.017494938654600705,0.0,0.0,0.0,0.0,0.017494938654600705,0.46369727385932497,0.46369727385932497,0.0,0.0,2.1858095932786434,1.0852346237172938,29,0.0,29,2.1647174802691183,0.1,0.1,2.1858095932786434,False,False,False,False,False,0,0,0.0,0.0,2.222640744720278
1988-01,4.401327351052743,4.215660901678247,-0.04218419457713958,0.0,0.0,0.0,0.0,-0.04218419457713958,0.26524641210194067,0.26524641210194067,0.0,0.0,2.2634487740940816,1.2603691827920591,29,0.0,29,2.3633184881469864,0.09991485683107709,0.09991485683107709,2.2634487740940816,False,False,False,False,False,0,0,0.0,0.0,2.1647174802691183
1988-02,4.215660901678247,4.196384161084577,-0.004572649708613064,0.0,0.0,0.0,0.0,-0.004572649708613064,0.952504674137326,0.952504674137326,0.0,0.0,2.152796057315436,1.2148544654341271,30,0.0,30,2.158394525524871,0.09999999999999994,0.09999999999999994,2.152796057315436,False,False,False,False,False,0,0,1.870031907102998e-15,8.757664646697687e-17,2.363318488146986
1988-03,4.196384161084577,4.331017377036932,0.032083148440241425,0.0,0.0,0.0,0.0,0.032083148440241425,0.7268040200717406,0.7268040200717406,0.0,0.0,2.2672081946069746,0.9939296778220029,30,0.0,30,2.2218402598816436,0.09331289863169906,0.09331289863169906,2.2672081946069746,False,False,False,False,False,0,0,0.0,0.0,2.1583945255248715
1988-04,4.331017377036932,4.334698917279374,0.0008500405151828597,0.0,0.0,0.0,0.0,0.0008500405151828597,0.7010565346989999,0.7010565346989999,0.0,0.0,2.323284933073882,1.0046247893967712,30,0.0,30,2.330428939398385,0.08964656706404957,0.08964656706404957,2.323284933073882,False,False,False,False,False,0,0,0.0,0.0,2.221840259881644
1988-05,4.334698917279374,4.390571085402643,0.012889515324939057,0.0,0.0,0.0,0.0,0.012889515324939057,0.6032898260038738,0.6032898260038738,0.0,0.0,2.3341721300636262,0.5757914610058071,30,0.0,30,2.373796791786497,0.08321390692720819,0.08321390692720819,2.3341721300636262,False,False,False,False,False,0,0,0.0,0.0,2.330428939398385
1988-06,4.390571085402643,4.945870288936303,0.12647539300294375,0.0,0.0,0.0,0.0,0.12647539300294375,0.8303098627714146,0.8303098627714146,0.0,0.0,2.3113057315067187,1.0317927836753487,30,0.0,30,2.1620940846050374,0.0963008204701961,0.0963008204701961,2.3113057315067187,False,False,False,False,False,0,0,0.0,0.0,2.3737967917864973
1988-07,4.945870288936303,4.775318753017507,-0.03448362491436785,0.0,0.0,0.0,0.0,-0.03448362491436785,1.195500323296453,1.195500323296453,0.0,0.0,1.9355546999442885,0.7044125290763631,30,0.0,30,1.938564068540202,0.1,0.1,1.9355546999442885,False,False,False,False,False,0,0,0.0,0.0,2.162094084605037
1988-08,4.775318753017507,4.934994137465954,0.03343763897384811,0.0,0.0,0.0,0.0,0.03343763897384811,0.2457023153166018,0.2457023153166018,0.0,0.0,2.028580715841272,0.6996861969060514,30,0.0,30,1.9472882644612624,0.1,0.1,2.028580715841272,False,False,False,False,False,0,0,0.0,0.0,1.9385640685402015
1988-09,4.934994137465954,5.049155650781897,0.023133059561153406,0.0,0.0,0.0,0.0,0.023133059561153406,0.16402743863521466,0.16402743863521466,0.0,0.0,2.034906349847365,0.6375723894778939,30,0.0,30,1.9725828042753017,0.1,0.1,2.034906349847365,False,False,False,False,False,0,0,0.0,0.0,1.9472882644612624
1988-10,5.049155650781897,4.932742547487579,-0.02305595456861987,0.0,0.0,0.0,0.0,-0.02305595456861987,0.2608220993330574,0.2608220993330574,0.0,0.0,2.080735247847692,0.8108904646117812,30,0.0,30,2.1803038797138163,0.1,0.1,2.080735247847692,False,False,False,False,False,0,0,0.0,0.0,1.9725828042753015
1988-11,4.932742547487579,4.84626788517233,-0.017530747141728177,0.0,0.0,0.0,0.0,-0.017530747141728177,0.47510373018902236,0.47510373018902236,0.0,0.0,2.111695966580072,1.1004238672771207,30,0.0,30,2.1690110678740284,0.1,0.1,2.111695966580072,False,False,False,False,False,0,0,0.0,0.0,2.1803038797138163
1988-12,4.84626788517233,4.8532866285311735,0.001448278040988524,0.0,0.0,0.0,0.0,0.001448278040988524,0.2005466810007872,0.2005466810007872,0.0,0.0,2.0917914962889372,0.9931857468939962,30,0.0,30,2.106145032032428,0.1,0.1,2.0917914962889372,False,False,False,False,False,0,0,0.0,0.0,2.1690110678740284
1989-01,4.8532866285311735,4.929985028103919,0.015803393750094062,0.0,0.0,0.0,0.0,0.015803393750094062,0.7644129641805719,0.7644129641805719,0.0,0.0,1.9125559269444512,0.7426263784423609,30,0.0,30,1.8480072569207093,0.09999999999999999,0.09999999999999999,1.9125559269444512,False,False,False,False,False,0,0,0.0,0.0,2.106145032032428
1989-02,4.929985028103919,4.877925008876894,-0.010559873697435404,0.0,0.0,0.0,0.0,-0.010559873697435404,1.0785295991044475,1.0785295991044475,0.0,0.0,2.14933594897788,0.5888532453839838,30,0.0,30,2.178882534225369,0.0810273404921576,0.0810273404921576,2.14933594897788,False,False,False,False,False,0,0,0.0,0.0,1.8480072569207096
1989-03,4.877925008876894,5.05914969032683,0.037152002361688835,0.0,0.0,0.0,0.0,0.037152002361688835,0.4062967115535871,0.4062967115535871,0.0,0.0,2.1847153758543465,0.3925884864765611,30,0.0,30,2.102360330663748,0.08785888019243242,0.08785888019243242,2.1847153758543465,False,False,False,False,False,0,0,0.0,0.0,2.17888253422537
1989-04,5.05914969032683,5.154443168336412,0.01883586844480683,0.0,0.0,0.0,0.0,0.01883586844480683,0.6594404731594264,0.6594404731594264,0.0,0.0,2.2175117193082343,0.29788409677606686,30,0.0,30,2.172755356755963,0.0891472700983441,0.0891472700983441,2.2175117193082343,False,False,False,False,False,0,0,0.0,0.0,2.102360330663748
1989-05,5.154443168336412,5.2858998164446005,0.02550355951458004,0.0,0.0,0.0,0.0,0.02550355951458004,0.6420938572343899,0.6420938572343899,0.0,0.0,2.2371960282530003,0.5140569738156064,30,0.0,30,2.13184870141362,0.09657469397711481,0.09657469397711481,2.2371960282530003,False,False,False,False,False,0,0,0.0,0.0,2.172755356755963
1989-06,5.2858998164446005,5.423543391843561,0.02603976242053371,0.0,0.0,0.0,0.0,0.02603976242053371,0.5673862304800072,0.5673862304800072,0.0,0.0,2.2522961977369635,0.43700483668404944,30,0.0,30,2.2324532323485853,0.0910187578486806,0.0910187578486806,2.2522961977369635,False,False,False,False,False,0,0,0.0,0.0,2.131848701413619
1989-07,5.423543391843561,5.547519651294511,0.022858904316576167,0.0,0.0,0.0,0.0,0.022858904316576167,0.4032890785475722,0.4032890785475722,0.0,0.0,2.291803208488846,0.10416165472197336,30,0.0,30,2.2354066340360466,0.0929137285878063,0.0929137285878063,2.291803208488846,False,False,False,False,False,0,0,0.0,0.0,2.2324532323485857
1989-08,5.547519651294511,5.592355429028057,0.008082130492874283,0.0,0.0,0.0,0.0,0.008082130492874283,0.3000767061505439,0.3000767061505439,0.0,0.0,2.2801784992273197,0.31125947908694224,30,0.0,30,2.2175185118953,0.08554774324867942,0.08554774324867942,2.2801784992273197,False,False,False,False,False,0,0,0.0,0.0,2.2354066340360466
1989-09,5.592355429028057,5.588800896260143,-0.0006356056608031527,0.0,0.0,0.0,0.0,-0.0006356056608031527,0.599693496469096,0.599693496469096,0.0,0.0,2.330667411480844,0.07858812957167834,30,0.0,30,2.362746866931627,0.1,0.1,2.330667411480844,False,False,False,False,False,0,0,0.0,0.0,2.2175185118953
1989-10,5.588800896260143,5.658420920177657,0.012457059252925218,0.0,0.0,0.0,0.0,0.012457059252925218,0.40170600257659,0.40170600257659,0.0,0.0,2.3624243042015225,0.40338863722410323,30,0.0,30,2.320768717064098,0.09440865144834772,0.09440865144834772,2.3624243042015225,False,False,False,False,False,0,0,0.0,0.0,2.362746866931627
1989-11,5.658420920177657,5.532986521557394,-0.022167739090064992,0.0,0.0,0.0,0.0,-0.022167739090064992,0.6628398960382138,0.6628398960382138,0.0,0.0,2.3545214054286037,-0.22421426567576902,30,0.0,30,2.4388025896020293,0.1,0.1,2.3545214054286037,False,False,False,False,False,0,0,0.0,0.0,2.320768717064099
1989-12,5.532986521557394,5.703084323805531,0.030742493513296918,0.0,0.0,0.0,0.0,0.030742493513296918,0.4011351902813439,0.4011351902813439,0.0,0.0,2.3728128077355324,0.09782330215552973,30,0.0,30,2.3265367099689516,0.1,0.1,2.3728128077355324,False,False,False,False,False,0,0,0.0,0.0,2.43880258960203
1990-01,5.703084323805531,5.717928235456059,0.0026027866339914715,0.0,0.0,0.0,0.0,0.0026027866339914715,0.33829168812005267,0.33829168812005267,0.0,0.0,2.388473754625529,0.31335174578672487,30,0.0,30,2.379721565323907,0.09599614568693926,0.09599614568693926,2.388473754625529,False,False,False,False,False,0,0,0.0,0.0,2.3265367099689516
1990-02,5.717928235456059,5.597948422023361,-0.020983091863364105,0.0,0.0,0.0,0.0,-0.020983091863364105,0.9005683643413059,0.9005683643413059,0.0,0.0,2.391931401691243,0.6898950878023957,31,0.0,31,2.4404482673989976,0.08680972526630862,0.08680972526630862,2.391931401691243,False,False,False,False,False,0,0,0.0,0.0,2.379721565323907
1990-03,5.597948422023361,5.733588892833003,0.024230389525563896,0.0,0.0,0.0,0.0,0.024230389525563896,0.18988100731348065,0.18988100731348065,0.0,0.0,2.390956001678028,0.5844821319007857,31,0.0,31,2.341031537331008,0.08963258585106265,0.08963258585106265,2.390956001678028,False,False,False,False,False,0,0,0.0,0.0,2.440448267398997
1990-04,5.733588892833003,5.602030546595362,-0.022945200414018034,0.0,0.0,0.0,0.0,-0.022945200414018034,0.309090421028807,0.309090421028807,0.0,0.0,2.3995354681306074,0.8258844673733879,31,0.0,31,2.4657662630539536,0.09514366112389117,0.09514366112389117,2.3995354681306074,False,False,False,False,False,0,0,0.0,0.0,2.341031537331008
1990-05,5.602030546595362,5.670836550869275,0.01228233293296316,0.0,0.0,0.0,0.0,0.01228233293296316,1.0262408591401537,1.0262408591401537,0.0,0.0,2.4781379983777336,0.27755992462146084,31,0.0,31,2.469718506859571,0.08621207132944783,0.08621207132944783,2.4781379983777336,False,False,False,False,False,0,0,0.0,0.0,2.465766263053953
1990-06,5.670836550869275,5.750699070133473,0.014083022592487992,0.0,0.0,0.0,0.0,0.014083022592487992,0.4098732740953135,0.4098732740953135,0.0,0.0,2.4700825201586465,0.6196562078315884,31,0.0,31,2.433780949732379,0.08643013209878142,0.08643013209878142,2.4700825201586465,False,False,False,False,False,0,0,0.0,0.0,2.4697185068595706
1990-07,5.750699070133473,6.073822264724582,0.056188506936358934,0.0,0.0,0.0,0.0,0.056188506936358934,0.6392574241737315,0.6392574241737315,0.0,0.0,2.4693689446314244,0.22523155880545231,31,0.0,31,2.3547727065707824,0.0778178491610073,0.0778178491610073,2.4693689446314244,False,False,False,False,False,0,0,0.0,0.0,2.4337809497323795
1990-08,6.073822264724582,6.417303112727407,0.05655102059829553,0.0,0.0,0.0,0.0,0.05655102059829553,0.46821488498820085,0.46821488498820085,0.0,0.0,2.4500435145154085,0.23656057478550707,31,0.0,31,2.2993125970463413,0.08332981215156315,0.08332981215156315,2.4500435145154085,False,False,False,False,False,0,0,0.0,0.0,2.354772706570783
1990-09,6.417303112727407,6.647035258559114,0.03579886157723802,0.0,0.0,0.0,0.0,0.03579886157723802,0.40932213463713935,0.40932213463713935,0.0,0.0,2.4518053495590566,0.2666869762958848,31,0.0,31,2.3864558237353855,0.09526292996600559,0.09526292996600559,2.4518053495590566,False,False,False,False,False,0,0,0.0,0.0,2.2993125970463417
1990-10,6.647035258559114,6.637184764861564,-0.0014819379338881066,0.0,0.0,0.0,0.0,-0.0014819379338881066,0.530780134057315,0.530780134057315,0.0,0.0,2.4185096094761267,0.18383262035551684,31,0.0,31,2.3928364813011216,0.1,0.1,2.4185096094761267,False,False,False,False,False,0,0,0.0,0.0,2.3864558237353855
1990-11,6.637184764861564,6.752257370443048,0.017337562484428592,0.0,0.0,0.0,0.0,0.017337562484428592,0.43356912107027257,0.43356912107027257,0.0,0.0,2.3837212586667147,0.18211926196933537,31,0.0,31,2.312262591584181,0.1,0.1,2.3837212586667147,False,False,False,False,False,0,0,0.0,0.0,2.3928364813011216
1990-12,6.752257370443048,6.7516451467694445,-9.066948133271916e-05,0.0,0.0,0.0,0.0,-9.066948133271916e-05,0.16902884122310502,0.16902884122310502,0.0,0.0,2.3752887991890725,0.1371874069965508,31,0.0,31,2.3774990369260425,0.09999999999999999,0.09999999999999999,2.3752887991890725,False,False,False,False,False,0,0,0.0,0.0,2.31226259158418
1991-01,6.7516451467694445,6.866526986686832,0.017015384757351593,0.0,0.0,0.0,0.0,0.017015384757351593,0.20124447850608687,0.20124447850608687,0.0,0.0,2.2876835261266897,0.07334970961271392,31,0.0,31,2.2450604305516593,0.1,0.1,2.2876835261266897,False,False,False,False,False,0,0,0.0,0.0,2.377499036926043
1991-02,6.866526986686832,6.895352234193566,0.0041979369720124985,0.0,0.0,0.0,0.0,0.0041979369720124985,0.966793853163753,0.966793853163753,0.0,0.0,2.487246729546769,0.9631745227382275,32,0.0,32,2.495534662477378,0.1,0.1,2.487246729546769,False,False,False,False,False,0,0,0.0,0.0,2.245060430551659
1991-03,6.895352234193566,6.610303358652298,-0.04133927693029665,0.0,0.0,0.0,0.0,-0.04133927693029665,0.3834050791689401,0.3834050791689401,0.0,0.0,2.277236819404042,0.7107103741007796,32,0.0,32,2.3523363789937988,0.1,0.1,2.277236819404042,False,False,False,False,False,0,0,0.0,0.0,2.4955346624773784
1991-04,6.610303358652298,6.776529638706237,0.025146543363454607,0.0,0.0,0.0,0.0,0.025146543363454607,0.15453049089353965,0.15453049089353965,0.0,0.0,2.2861860669885137,0.7664819248495361,32,0.0,32,2.2372792401308503,0.09999999999999999,0.09999999999999999,2.2861860669885137,False,False,False,False,False,0,0,0.0,0.0,2.3523363789937983
1991-05,6.776529638706237,6.684227354061715,-0.013620878172997154,0.0,0.0,0.0,0.0,-0.013620878172997154,0.3839125014453738,0.3839125014453738,0.0,0.0,2.360333384083082,0.5273198172803033,32,0.0,32,2.395204076219935,0.1,0.1,2.360333384083082,False,False,False,False,False,0,0,0.0,0.0,2.2372792401308508
1991-06,6.684227354061715,6.760372491714324,0.011391763568056733,0.0,0.0,0.0,0.0,0.011391763568056733,0.6876936467894229,0.6876936467894229,0.0,0.0,2.6500079151199505,0.6088813742775988,32,0.0,32,2.5743338209724658,0.1,0.1,2.6500079151199505,False,False,False,False,False,0,0,0.0,0.0,2.395204076219935
1991-07,6.760372491714324,6.383116234891579,-0.05580406364961678,0.0,0.0,0.0,0.0,-0.05580406364961678,0.4783564260568647,0.4783564260568647,0.0,0.0,2.838575863605608,0.30820128369827343,32,0.0,32,3.0537026004284833,0.09232974612761041,0.09232974612761041,2.838575863605608,False,False,False,False,False,0,0,0.0,0.0,2.5743338209724653
1991-08,6.383116234891579,6.595062448588374,0.03320419147911604,0.0,0.0,0.0,0.0,0.03320419147911604,0.7156457529969302,0.7156457529969302,0.0,0.0,2.8675474946152795,-0.06430308019184805,32,0.0,32,2.7570500628479215,0.08633444419898041,0.08633444419898041,2.8675474946152795,False,False,False,False,False,0,0,0.0,0.0,3.0537026004284833
1991-09,6.595062448588374,6.473043569519861,-0.01850155021574204,0.0,0.0,0.0,0.0,-0.01850155021574204,0.15193865217025698,0.15193865217025698,0.0,0.0,2.896255060882474,-0.055691745040758564,32,0.0,32,3.0227201907089656,0.08360173580987496,0.08360173580987496,2.896255060882474,False,False,False,False,False,0,0,0.0,0.0,2.7570500628479224
1991-10,6.473043569519861,6.355510032291956,-0.018157383920810354,0.0,0.0,0.0,0.0,-0.018157383920810354,0.9185514780460668,0.9185514780460668,0.0,0.0,2.8861537000589705,0.48267483903760133,32,0.0,32,2.9576152046286195,0.09276436997893778,0.09276436997893778,2.8861537000589705,False,False,False,False,False,0,0,0.0,0.0,3.022720190708966
1991-11,6.355510032291956,6.447979660863218,0.014549521297492905,0.0,0.0,0.0,0.0,0.014549521297492905,0.7632638797025735,0.7632638797025735,0.0,0.0,2.8813776140452574,0.254810168724671,32,0.0,32,2.819460055659365,0.08331241635890412,0.08331241635890412,2.8813776140452574,False,False,False,False,False,0,0,0.0,0.0,2.9576152046286195
1991-12,6.447979660863218,6.679170695763614,0.035854802133393614,0.0,0.0,0.0,0.0,0.035854802133393614,0.2063841285056166,0.2063841285056166,0.0,0.0,2.9596267678033112,0.37308144382875724,32,0.0,32,2.8622231179936244,0.07930573022422385,0.07930573022422385,2.9596267678033112,False,False,False,False,False,0,0,0.0,0.0,2.819460055659365
1992-01,6.679170695763614,6.489646016889619,-0.02837548065573537,0.0,0.0,0.0,0.0,-0.02837548065573537,0.9893787742544565,0.9893787742544565,0.0,0.0,2.886497888328509,0.6099009923393524,32,0.0,32,2.984172041124806,0.07594652901444876,0.07594652901444876,2.886497888328509,False,False,False,False,False,0,0,0.0,0.0,2.862223117993624
1992-02,6.489646016889619,6.485299420739597,-0.000669773996718602,0.0,0.0,0.0,0.0,-0.000669773996718602,1.8574332414701478,1.8574332414701478,0.0,0.0,2.9727850214128795,0.3864971094600781,34,0.0,34,2.945541558466337,0.07774620757774643,0.07774620757774643,2.9727850214128795,False,False,False,False,False,0,0,0.0,0.0,2.984172041124806
1992-03,6.485299420739597,6.40698467608506,-0.012075733065475915,0.0,0.0,0.0,0.0,-0.012075733065475915,0.9410427026594254,0.9410427026594254,0.0,0.0,2.9999999999999996,-0.508105460143385,34,0.0,34,3.0212204231634856,0.07946610839161486,0.07946610839161486,2.9999999999999996,False,False,False,False,False,0,0,0.0,0.0,2.945541558466337
1992-04,6.40698467608506,6.592632803541597,0.028975896906620287,0.0,0.0,0.0,0.0,0.028975896906620287,1.6140520714243418,1.6140520714243418,0.0,0.0,3.0,0.8470195606930722,34,0.0,34,2.8758147217767944,0.07697853533032274,0.07697853533032274,3.0,False,False,False,False,False,0,0,0.0,0.0,3.0212204231634865
1992-05,6.592632803541597,6.788294707253628,0.029678871786537348,0.0,0.0,0.0,0.0,0.029678871786537348,0.9170264567922235,0.9170264567922235,0.0,0.0,3.0,0.04414128199871824,34,0.0,34,2.948920454212992,0.07678993303836154,0.07678993303836154,3.0,False,False,False,False,False,0,0,0.0,0.0,2.875814721776794
1992-06,6.788294707253628,6.833928339565968,0.006722399995919108,0.0,0.0,0.0,0.0,0.006722399995919108,0.42630757645663675,0.42630757645663675,0.0,0.0,3.0,0.15124262782730596,34,0.0,34,3.0213744479100426,0.08576628878511891,0.08576628878511891,3.0,False,False,False,False,False,0,0,0.0,0.0,2.948920454212992
1992-07,6.833928339565968,6.625171948617305,-0.030547055891710077,0.0,0.0,0.0,0.0,-0.030547055891710077,0.8311258288830328,0.8311258288830328,0.0,0.0,2.999999999999998,0.9047581569225525,34,0.0,34,3.0976919664955958,0.08237376177735876,0.08237376177735876,2.999999999999998,False,False,False,False,False,0,0,2.661065812148422e-15,7.413086614783704e-17,3.0213744479100417
1992-08,6.625171948617305,6.934122831314204,0.0466328851678149,0.0,0.0,0.0,0.0,0.0466328851678149,2.2870750929099426,2.2870750929099426,0.0,0.0,2.999999999999998,0.8530528874036581,34,0.0,34,2.858285332491576,0.07905479931489642,0.07905479931489642,2.999999999999998,False,False,False,False,False,0,0,2.654126918244515e-15,7.077068781033537e-17,3.097691966495596
1992-09,6.934122831314204,7.149729331411279,0.031093550740607812,0.0,0.0,0.0,0.0,0.031093550740607812,1.1959366385354333,1.1959366385354333,0.0,0.0,2.9999999999999996,0.5221184520999892,34,0.0,34,2.9042472447105827,0.080180879541777,0.080180879541777,2.9999999999999996,False,False,False,False,False,0,0,0.0,0.0,2.858285332491576
1992-10,7.149729331411279,6.828685839810934,-0.04490288746874482,0.0,0.0,0.0,0.0,-0.04490288746874482,0.40355870618210876,0.40355870618210876,0.0,0.0,2.999999999999998,0.3770483296737638,34,0.0,34,3.087863904239381,0.08124775832051244,0.08124775832051244,2.999999999999998,False,False,False,False,False,0,0,2.6402491304367004e-15,7.154904035394589e-17,2.9042472447105827
1992-11,6.828685839810934,6.830945610487243,0.00033092321558197014,0.0,0.0,0.0,0.0,0.00033092321558197014,0.7102364506538306,0.7102364506538306,0.0,0.0,3.0,-0.25391056231642,34,0.0,34,3.0133262468853346,0.08341671512746238,0.08341671512746238,3.0,False,False,False,False,False,0,0,0.0,0.0,3.0878639042393807
1992-12,6.830945610487243,7.01218447408297,0.0265320314243871,0.0,0.0,0.0,0.0,0.0265320314243871,0.8645717317923649,0.8645717317923649,0.0,0.0,2.9999999999999996,0.3466954228102358,36,0.0,36,2.9459163750631623,0.08435314463626406,0.08435314463626406,2.9999999999999996,False,False,False,False,False,0,0,0.0,0.0,3.0133262468853346
1993-01,7.01218447408297,7.333305678746473,0.045794745681658505,0.0,0.0,0.0,0.0,0.045794745681658505,0.8644698099010705,0.8644698099010705,0.0,0.0,2.9999999999999996,0.3723791315849245,36,0.0,36,2.8721476382317634,0.07307086067199484,0.07307086067199484,2.9999999999999996,False,False,False,False,False,0,0,0.0,0.0,2.945916375063162
1993-02,7.333305678746473,7.81778865083304,0.06606610897057036,0.0,0.0,0.0,0.0,0.06606610897057036,0.6164558090861401,0.6164558090861401,0.0,0.0,3.0,0.47439198171728275,37,0.0,37,2.8490841714302237,0.08548404654500776,0.08548404654500776,3.0,False,False,False,False,False,0,0,0.0,0.0,2.872147638231763
1993-03,7.81778865083304,7.828395105711856,0.0013567078047939229,0.0,0.0,0.0,0.0,0.0013567078047939229,0.3459338413284787,0.3459338413284787,0.0,0.0,3.0,0.34813630226816344,37,0.0,37,3.054112214235134,0.08460778143509143,0.08460778143509143,3.0,False,False,False,False,False,0,0,0.0,0.0,2.849084171430224
1993-04,7.828395105711856,7.841350106354526,0.001654873121211987,0.0,0.0,0.0,0.0,0.001654873121211987,0.47397713183985135,0.47397713183985135,0.0,0.0,2.999999999999998,0.4908512399722102,37,0.0,37,3.0059777621629262,0.07749965284255604,0.07749965284255604,2.999999999999998,False,False,False,False,False,0,0,2.6645352591003757e-15,6.956949414706544e-17,3.0541122142351336
1993-05,7.841350106354526,7.913047345911256,0.009143481490340073,0.0,0.0,0.0,0.0,0.009143481490340073,0.6268299278211511,0.6268299278211511,0.0,0.0,3.0,0.9308118769225879,37,0.0,37,2.9682717483941494,0.07372811155703196,0.07372811155703196,3.0,False,False,False,False,False,0,0,0.0,0.0,3.0059777621629262
1993-06,7.913047345911256,7.897346317486628,-0.0019841949300027258,0.0,0.0,0.0,0.0,-0.0019841949300027258,0.3503162021742191,0.3503162021742191,0.0,0.0,2.999999999999997,0.8897272918862636,37,0.0,37,3.0303796148842816,0.07771913913320999,0.07771913913320999,2.999999999999997,False,False,False,False,False,0,0,2.6922908347160046e-15,6.928924147100816e-17,2.9682717483941494
1993-07,7.897346317486628,8.085372088472017,0.023808728074778004,0.0,0.0,0.0,0.0,0.023808728074778004,1.240261057039825,1.240261057039825,0.0,0.0,3.0,0.8804263198952829,37,0.0,37,2.9939170140048335,0.07531560490417423,0.07531560490417423,3.0,False,False,False,False,False,0,0,0.0,0.0,3.030379614884281
1993-08,8.085372088472017,8.177770686946149,0.011427872145287097,0.0,0.0,0.0,0.0,0.011427872145287097,0.43912485444625543,0.43912485444625543,0.0,0.0,3.0,1.1533692957879402,37,0.0,37,2.9628462255831356,0.08524106544785842,0.08524106544785842,3.0,False,False,False,False,False,0,0,0.0,0.0,2.993917014004834
1993-09,8.177770686946149,7.899643369323977,-0.034010163438079215,0.0,0.0,0.0,0.0,-0.034010163438079215,0.22064459283921126,0.22064459283921126,0.0,0.0,2.9999999999999996,1.2801799161945053,37,0.0,37,3.0863496017059333,0.07366129714379795,0.07366129714379795,2.9999999999999996,False,False,False,False,False,0,0,0.0,0.0,2.962846225583136
1993-10,7.899643369323977,7.9645951368573105,0.008222113897641978,0.0,0.0,0.0,0.0,0.008222113897641978,1.088457228859768,1.088457228859768,0.0,0.0,2.9999999999999996,1.4759656166808561,38,0.0,38,3.002683389618142,0.05731559387528332,0.05731559387528332,2.9999999999999996,False,False,False,False,False,0,0,0.0,0.0,3.0863496017059333
1993-11,7.9645951368573105,8.172606407642503,0.026116992415922132,0.0,0.0,0.0,0.0,0.026116992415922132,0.31795873017055337,0.31795873017055337,0.0,0.0,2.9999999999999996,1.7202611916762802,38,0.0,38,2.922317832483052,0.06293402435677545,0.06293402435677545,2.9999999999999996,False,False,False,False,False,0,0,0.0,0.0,3.002683389618142
1993-12,8.172606407642503,8.561597919354899,0.047596995659626495,0.0,0.0,0.0,0.0,0.047596995659626495,0.5180739320720996,0.5180739320720996,0.0,0.0,2.9999999999999973,1.5558410746455067,38,0.0,38,2.9125114302636397,0.0642883231740481,0.0642883231740481,2.9999999999999973,False,False,False,False,False,0,0,2.6680047060523293e-15,5.72349524951929e-17,2.9223178324830514
1994-01,8.561597919354899,8.595366116414061,0.003944146569044469,0.0,0.0,0.0,0.0,0.003944146569044469,0.5469872976134287,0.5469872976134287,0.0,0.0,3.0,1.9487843155546751,38,0.0,38,3.00199874537279,0.06883489949632292,0.06883489949632292,3.0,False,False,False,False,False,0,0,0.0,0.0,2.91251143026364
1994-02,8.595366116414061,8.402833739136021,-0.022399555140574123,0.0,0.0,0.0,0.0,-0.022399555140574123,0.2158168152498947,0.2158168152498947,0.0,0.0,3.0,2.005688639479816,40,0.0,40,3.0326796403201275,0.0695707504783384,0.0695707504783384,3.0,False,False,False,False,False,0,0,0.0,0.0,3.001998745372789
1994-03,8.402833739136021,8.166528228510328,-0.028122121413054223,0.0,0.0,0.0,0.0,-0.028122121413054223,0.2191968141434235,0.2191968141434235,0.0,0.0,3.0,2.1047524021248534,40,0.0,40,3.0464764080330933,0.07468130370816732,0.07468130370816732,3.0,False,False,False,False,False,0,0,0.0,0.0,3.032679640320128
1994-04,8.166528228510328,8.178309857998801,0.0014426729644235522,0.0,0.0,0.0,0.0,0.0014426729644235522,2.0957900433950707,2.0957900433950707,0.0,0.0,3.0,0.10091114590718056,40,0.0,40,2.977892480685104,0.06772293761177677,0.06772293761177677,3.0,False,False,False,False,False,0,0,0.0,0.0,3.046476408033093
1994-05,8.178309857998801,8.405418246467251,0.02776959939300002,0.0,0.0,0.0,0.0,0.02776959939300002,0.9092832832998329,0.9092832832998329,0.0,0.0,2.999999999999998,-0.20055662365874352,40,0.0,40,2.9313934240603254,0.07569583847141857,0.07569583847141857,2.999999999999998,False,False,False,False,False,0,0,2.633310236532793e-15,6.75031856941713e-17,2.9778924806851044
1994-06,8.405418246467251,8.311129336388978,-0.011217634543992107,0.0,0.0,0.0,0.0,-0.011217634543992107,0.667225377267964,0.667225377267964,0.0,0.0,2.9999999999999996,-0.5243837283111673,40,0.0,40,3.021563967015893,0.07746369014357674,0.07746369014357674,2.9999999999999996,False,False,False,False,False,0,0,0.0,0.0,2.931393424060325
1994-07,8.311129336388978,8.15851719475666,-0.01836238319191233,0.0,0.0,0.0,0.0,-0.01836238319191233,1.2818709649070625,1.2818709649070625,0.0,0.0,3.0,-1.0480495490627413,40,0.0,40,3.0878860836805564,0.06922911290747043,0.06922911290747043,3.0,False,False,False,False,False,0,0,0.0,0.0,3.0215639670158936
1994-08,8.15851719475666,8.375678100773703,0.026617692998993393,0.0,0.0,0.0,0.0,0.026617692998993393,0.682355412042257,0.682355412042257,0.0,0.0,2.9999999999999996,-0.8386372954508257,40,0.0,40,2.916880977710447,0.05996929145854001,0.05996929145854001,2.9999999999999996,False,False,False,False,False,0,0,0.0,0.0,3.087886083680557
1994-09,8.375678100773703,8.680674495683848,0.03641453160454816,0.0,0.0,0.0,0.0,0.03641453160454816,0.40341322133102153,0.40341322133102153,0.0,0.0,3.0,-0.6904336549169042,40,0.0,40,2.8626849520448094,0.062308639940365645,0.062308639940365645,3.0,False,False,False,False,False,0,0,0.0,0.0,2.9168809777104476
1994-10,8.680674495683848,8.671519410166136,-0.0010546514009094452,0.0,0.0,0.0,0.0,-0.0010546514009094452,0.7751013006155432,0.7751013006155432,0.0,0.0,2.999999999999998,-0.6425303730024038,40,0.0,40,3.02322817038176,0.07516489417349355,0.07516489417349355,2.999999999999998,False,False,False,False,False,0,0,2.6575963651964685e-15,6.633487419421577e-17,2.86268495204481
1994-11,8.671519410166136,8.926126546056139,0.029361306115686252,0.0,0.0,0.0,0.0,0.029361306115686252,0.5117308789518811,0.5117308789518811,0.0,0.0,3.0,-0.9688045714153456,40,0.0,40,2.8771804405764674,0.07454626684270324,0.07454626684270324,3.0,False,False,False,False,False,0,0,0.0,0.0,3.0232281703817603
1994-12,8.926126546056139,8.99330037135313,0.007525529125135525,0.0,0.0,0.0,0.0,0.007525529125135525,0.4646096641837017,0.4646096641837017,0.0,0.0,2.9999999999999982,-1.0946984405864622,40,0.0,40,3.0083265605154867,0.07500795688652193,0.07500795688652193,2.9999999999999982,False,False,False,False,False,0,0,2.6402491304367004e-15,6.580622196123489e-17,2.8771804405764674
1995-01,8.99330037135313,8.910730941354316,-0.00918121563712315,0.0,0.0,0.0,0.0,-0.00918121563712315,0.2590531811880183,0.2590531811880183,0.0,0.0,3.0,-1.1144733443518196,40,0.0,40,3.021666448253234,0.07462667973447293,0.07462667973447293,3.0,False,False,False,False,False,0,0,0.0,0.0,3.0083265605154867
1995-02,8.910730941354316,8.904003353640718,-0.0007549984123498186,0.0,0.0,0.0,0.0,-0.0007549984123498186,0.24249735164867958,0.24249735164867958,0.0,0.0,3.0,-1.280784623752845,40,0.0,40,3.0264030926305407,0.07635863674692346,0.07635863674692346,3.0,False,False,False,False,False,0,0,0.0,0.0,3.021666448253234
1995-03,8.904003353640718,9.167423404992208,0.029584451048503005,0.0,0.0,0.0,0.0,0.029584451048503005,0.41590455502095564,0.41590455502095564,0.0,0.0,3.0,-1.1123995941688287,41,0.0,41,2.9461157917781753,0.07275195519303657,0.07275195519303657,3.0,False,False,False,False,False,0,0,0.0,0.0,3.0264030926305407
1995-04,9.167423404992208,9.25322499155662,0.0093594004306257,0.0,0.0,0.0,0.0,0.0093594004306257,1.2195254708098018,1.2195254708098018,0.0,0.0,3.0,-0.043479080690092584,41,0.0,41,3.0084138800983595,0.0597314864669412,0.0597314864669412,3.0,False,False,False,False,False,0,0,0.0,0.0,2.9461157917781757
1995-05,9.25322499155662,9.53749267904098,0.030720931107127376,0.0,0.0,0.0,0.0,0.030720931107127376,1.8575764819657088,1.8575764819657088,0.0,0.0,2.9999999999999982,1.7115582291850195,41,0.0,41,2.94502967445181,0.05826918349663345,0.05826918349663345,2.9999999999999982,False,False,False,False,False,0,0,2.633310236532793e-15,5.168037730836468e-17,3.008413880098359
1995-06,9.53749267904098,9.723552807226186,0.019508285295367064,0.0,0.0,0.0,0.0,0.019508285295367064,0.711238710932488,0.711238710932488,0.0,0.0,2.9999999999999996,1.5789758415805735,41,0.0,41,2.9572990513477593,0.06278412622984442,0.06278412622984442,2.9999999999999996,False,False,False,False,False,0,0,0.0,0.0,2.945029674451809
1995-07,9.723552807226186,9.636134107926855,-0.00899040721354068,0.0,0.0,0.0,0.0,-0.00899040721354068,0.3664942571999037,0.3664942571999037,0.0,0.0,3.0,1.5969441958444244,41,0.0,41,3.0529233229261745,0.06655311382233972,0.06655311382233972,3.0,False,False,False,False,False,0,0,0.0,0.0,2.957299051347759
1995-08,9.636134107926855,9.517103345202509,-0.012352543187047293,0.0,0.0,0.0,0.0,-0.012352543187047293,0.6988552087293932,0.6988552087293932,0.0,0.0,2.9999999999999973,1.621703321724497,41,0.0,41,3.0423883565386682,0.0724038903164964,0.0724038903164964,2.9999999999999973,False,False,False,False,False,0,0,2.6402491304367004e-15,6.407152214846075e-17,3.052923322926174
1995-09,9.517103345202509,9.8807872391984,0.03821371701077718,0.0,0.0,0.0,0.0,0.03821371701077718,0.5666868113559008,0.5666868113559008,0.0,0.0,2.9999999999999996,1.8561428263229196,41,0.0,41,2.925641768068418,0.06882349078234062,0.06882349078234062,2.9999999999999996,False,False,False,False,False,0,0,0.0,0.0,3.0423883565386687
1995-10,9.8807872391984,10.136988326442905,0.025929218091866522,0.0,0.0,0.0,0.0,0.025929218091866522,0.7378138226604224,0.7378138226604224,0.0,0.0,2.999999999999998,1.9969865669758187,41,0.0,41,2.937300083101338,0.075884138781051,0.075884138781051,2.999999999999998,False,False,False,False,False,0,0,2.654126918244515e-15,6.672189340213922e-17,2.9256417680684184
1995-11,10.136988326442905,10.408112739615955,0.026746051632101184,0.0,0.0,0.0,0.0,0.026746051632101184,0.2730926610876234,0.2730926610876234,0.0,0.0,2.9999999999999996,1.8038628694888885,41,0.0,41,2.941938422418509,0.07501008403611877,0.07501008403611877,2.9999999999999996,False,False,False,False,False,0,0,0.0,0.0,2.9373000831013383
1995-12,10.408112739615955,10.766121605951094,0.03439709727321296,0.0,0.0,0.0,0.0,0.03439709727321296,0.5975091972971691,0.5975091972971691,0.0,0.0,3.0,1.7317139021839063,41,0.0,41,2.9308468692072838,0.06950787564925412,0.06950787564925412,3.0,False,False,False,False,False,0,0,0.0,0.0,2.941938422418509
1996-01,10.766121605951094,10.71165690288878,-0.005058897257133555,0.0,0.0,0.0,0.0,-0.005058897257133555,0.5150185489712277,0.5150185489712277,0.0,0.0,2.9999999999999996,1.558567754524797,41,0.0,41,3.0141773061590285,0.0743012872270591,0.0743012872270591,2.9999999999999996,False,False,False,False,False,0,0,0.0,0.0,2.9308468692072838
1996-02,10.71165690288878,10.592032754953973,-0.011167660523419758,0.0,0.0,0.0,0.0,-0.011167660523419758,0.6603685758355627,0.6603685758355627,0.0,0.0,3.0,2.010605430140457,41,0.0,41,3.028182266178395,0.07431635743736356,0.07431635743736356,3.0,False,False,False,False,False,0,0,0.0,0.0,3.014177306159028
1996-03,10.592032754953973,10.759161363877489,0.015778709600888348,0.0,0.0,0.0,0.0,0.015778709600888348,0.4331842984101434,0.4331842984101434,0.0,0.0,3.0,1.9256014418327239,42,0.0,42,2.9679407698706077,0.07765858624282011,0.07765858624282011,3.0,False,False,False,False,False,0,0,0.0,0.0,3.028182266178395
1996-04,10.759161363877489,11.34319484702226,0.05428243553494701,0.0,0.0,0.0,0.0,0.05428243553494701,0.594293337544567,0.594293337544567,0.0,0.0,3.0,1.371771351682559,42,0.0,42,2.877144638137213,0.0824045450158133,0.0824045450158133,3.0,False,False,False,False,False,0,0,0.0,0.0,2.9679407698706073
1996-05,11.34319484702226,11.000245383605993,-0.030233939206844904,0.0,0.0,0.0,0.0,-0.030233939206844904,0.3694718118666166,0.3694718118666166,0.0,0.0,3.0,1.518512982580926,42,0.0,42,3.0875648237253173,0.08495149579772035,0.08495149579772035,3.0,False,False,False,False,False,0,0,0.0,0.0,2.8771446381372128
1996-06,11.000245383605993,10.849877842258012,-0.013669471553068966,0.0,0.0,0.0,0.0,-0.013669471553068966,1.8415566569571595,1.8415566569571595,0.0,0.0,3.0,-0.0977471072245605,42,0.0,42,3.0288531611409364,0.07063306716998108,0.07063306716998108,3.0,False,False,False,False,False,0,0,0.0,0.0,3.087564823725317
1996-07,10.849877842258012,10.360722000226872,-0.045083995335503245,0.0,0.0,0.0,0.0,-0.045083995335503245,0.2919831798243567,0.2919831798243567,0.0,0.0,3.0,-0.28131078406144594,42,0.0,42,3.1197951217719218,0.06605090929988924,0.06605090929988924,3.0,False,False,False,False,False,0,0,0.0,0.0,3.028853161140936
1996-08,10.360722000226872,10.644562868602542,0.0273958579691121,0.0,0.0,0.0,0.0,0.0273958579691121,0.7136171368198791,0.7136171368198791,0.0,0.0,3.0,-0.7950977015087176,42,0.0,42,2.9531695863574816,0.06580347774171556,0.06580347774171556,3.0,False,False,False,False,False,0,0,0.0,0.0,3.119795121771922
1996-09,10.644562868602542,10.82274592472354,0.01673934931105265,0.0,0.0,0.0,0.0,0.01673934931105265,0.6611217513376012,0.6611217513376012,0.0,0.0,2.999999999999999,-0.3139001352567464,42,0.0,42,2.946200122273541,0.06577915126237972,0.06577915126237972,2.999999999999999,False,False,False,False,False,0,0,0.0,0.0,2.953169586357482
1996-10,10.82274592472354,10.596908600485628,-0.020866915458304117,0.0,0.0,0.0,0.0,-0.020866915458304117,0.5923237172068815,0.5923237172068815,0.0,0.0,3.0,-0.5651810968205783,42,0.0,42,3.053869820710006,0.06515407697921537,0.06515407697921537,3.0,False,False,False,False,False,0,0,0.0,0.0,2.946200122273541
1996-11,10.596908600485628,10.94866357824642,0.03319411264382059,0.0,0.0,0.0,0.0,0.03319411264382059,1.9423605654969704,1.9423605654969704,0.0,0.0,2.9999999999999996,0.48619510139719024,42,0.0,42,2.9630920406028327,0.06183459350287354,0.06183459350287354,2.9999999999999996,False,False,False,False,False,0,0,0.0,0.0,3.053869820710006
1996-12,10.94866357824642,11.165168308914298,0.01977453495767708,0.0,0.0,0.0,0.0,0.01977453495767708,1.0981252809695057,1.0981252809695057,0.0,0.0,3.0,-0.07902876131727252,42,0.0,42,2.9155509037723815,0.06419859128515445,0.06419859128515445,3.0,False,False,False,False,False,0,0,0.0,0.0,2.9630920406028327
1997-01,11.165168308914298,11.387350071088822,0.019899544371143465,0.0,0.0,0.0,0.0,0.019899544371143465,0.9291006769989266,0.9291006769989266,0.0,0.0,3.0,-0.7192188512233656,42,0.0,42,2.9317916049406287,0.06073768329733164,0.06073768329733164,3.0,False,False,False,False,False,0,0,0.0,0.0,2.9155509037723815
1997-02,11.387350071088822,11.225548651622626,-0.014208873746403164,0.0,0.0,0.0,0.0,-0.014208873746403164,0.7315067623839299,0.7315067623839299,0.0,0.0,2.999999999999999,-0.11978389953502816,42,0.0,42,3.079778903907539,0.06273929799117184,0.06273929799117184,2.999999999999999,False,False,False,False,False,0,0,0.0,0.0,2.9317916049406287
1997-03,11.225548651622626,11.425159921164393,0.017781872025730703,0.0,0.0,0.0,0.0,0.017781872025730703,0.6799725974898159,0.6799725974898159,0.0,0.0,3.0,-0.313047833611649,42,0.0,42,2.9224539072456652,0.06069096359349584,0.06069096359349584,3.0,False,False,False,False,False,0,0,0.0,0.0,3.079778903907539
1997-04,11.425159921164393,11.688717699322359,0.02306819160314249,0.0,0.0,0.0,0.0,0.02306819160314249,0.3494048905379259,0.3494048905379259,0.0,0.0,2.9999999999999996,-0.4236027238742922,42,0.0,42,2.954764227725853,0.05820280208507263,0.05820280208507263,2.9999999999999996,False,False,False,False,False,0,0,0.0,0.0,2.9224539072456652
1997-05,11.688717699322359,11.918869528308516,0.019690083626495776,0.0,0.0,0.0,0.0,0.019690083626495776,1.9322933726616391,1.9322933726616391,0.0,0.0,3.0,1.0494861428342028,42,0.0,42,2.984645702110979,0.06578584906292537,0.06578584906292537,3.0,False,False,False,False,False,0,0,0.0,0.0,2.9547642277258532
1997-06,11.918869528308516,11.912073276695903,-0.0005702094142796604,0.0,0.0,0.0,0.0,-0.0005702094142796604,0.4849471831663565,0.4849471831663565,0.0,0.0,2.9999999999999973,0.9704359426695285,42,0.0,42,2.978871744919943,0.06794437460604143,0.06794437460604143,2.9999999999999973,False,False,False,False,False,0,0,2.6107588313450947e-15,5.901589988685987e-17,2.9846457021109796
1997-07,11.912073276695903,12.540531968164485,0.05275812840222057,0.0,0.0,0.0,0.0,0.05275812840222057,0.5278438749023496,0.5278438749023496,0.0,0.0,2.999999999999998,1.1194218457008283,43,0.0,43,2.9029714703042697,0.06948076809339754,0.06948076809339754,2.999999999999998,False,False,False,False,False,0,0,2.662800535624399e-15,6.175303064653314e-17,2.978871744919943
1997-08,12.540531968164485,12.42396257771343,-0.009295410334025617,0.0,0.0,0.0,0.0,-0.009295410334025617,0.3749070501499156,0.3749070501499156,0.0,0.0,2.999999999999998,1.3292791544731273,43,0.0,43,2.9984244562384847,0.06749132239867028,0.06749132239867028,2.999999999999998,False,False,False,False,False,0,0,2.645453300864631e-15,5.956029129447676e-17,2.9029714703042693
1997-09,12.42396257771343,12.702177730488403,0.02239343132552948,0.0,0.0,0.0,0.0,0.02239343132552948,0.1997380833186683,0.1997380833186683,0.0,0.0,3.0,1.185446079579323,43,0.0,43,2.9735657142694056,0.06823728730115333,0.06823728730115333,3.0,False,False,False,False,False,0,0,0.0,0.0,2.998424456238485
1997-10,12.702177730488403,12.75763531041818,0.0043659899197179206,0.0,0.0,0.0,0.0,0.0043659899197179206,0.2600571570889031,0.2600571570889031,0.0,0.0,2.999999999999998,1.197756299417257,43,0.0,43,2.9788348750750697,0.062683497217094,0.062683497217094,2.999999999999998,False,False,False,False,False,0,0,2.645453300864631e-15,5.476458989747355e-17,2.9735657142694056
1997-11,12.75763531041818,12.814294473300805,0.004441196311385174,0.0,0.0,0.0,0.0,0.004441196311385174,0.43331144367988406,0.43331144367988406,0.0,0.0,2.9999999999999996,1.3268876927302682,43,0.0,43,2.967661251812646,0.06533119730240258,0.06533119730240258,2.9999999999999996,False,False,False,False,False,0,0,0.0,0.0,2.9788348750750706
1997-12,12.814294473300805,13.25235463682137,0.03418527367490132,0.0,0.0,0.0,0.0,0.03418527367490132,0.31800513909467265,0.31800513909467265,0.0,0.0,2.9999999999999996,1.241054833766139,43,0.0,43,2.8658754122114214,0.06366635939167997,0.06366635939167997,2.9999999999999996,False,False,False,False,False,0,0,0.0,0.0,2.967661251812646
1998-01,13.25235463682137,13.330688373696127,0.005910929719395619,0.0,0.0,0.0,0.0,0.005910929719395619,0.44895507744001484,0.44895507744001484,0.0,0.0,2.9999999999999973,0.9288667949201804,43,0.0,43,3.0169792630851537,0.06516588453102751,0.06516588453102751,2.9999999999999973,False,False,False,False,False,0,0,2.6402491304367004e-15,5.745455754758516e-17,2.8658754122114214
1998-02,13.330688373696127,13.465627970613026,0.010122477784655174,0.0,0.0,0.0,0.0,0.010122477784655174,0.5321159571166165,0.5321159571166165,0.0,0.0,2.9999999999999996,1.0304670165184182,43,0.0,43,2.955710701033231,0.06385420304705297,0.06385420304705297,2.9999999999999996,False,False,False,False,False,0,0,0.0,0.0,3.0169792630851533
1998-03,13.465627970613026,13.891585764040322,0.03163296909411824,0.0,0.0,0.0,0.0,0.03163296909411824,0.5868761231885238,0.5868761231885238,0.0,0.0,2.999999999999998,0.8338539766551113,43,0.0,43,2.912741282226806,0.07011641618768326,0.07011641618768326,2.999999999999998,False,False,False,False,False,0,0,2.63504496000877e-15,6.130922372321697e-17,2.955710701033231
1998-04,13.891585764040322,14.240306462058816,0.025103015878949617,0.0,0.0,0.0,0.0,0.025103015878949617,0.17587789108776558,0.17587789108776558,0.0,0.0,3.0,0.7342800994278837,43,0.0,43,2.919725799416507,0.07416330418861126,0.07416330418861126,3.0,False,False,False,False,False,0,0,0.0,0.0,2.912741282226806
1998-05,14.240306462058816,14.263308556024263,0.0016152808246600193,0.0,0.0,0.0,0.0,0.0016152808246600193,0.1529802830094451,0.1529802830094451,0.0,0.0,2.999999999999998,0.6796540170406405,43,0.0,43,2.9466263659831036,0.07342965535581576,0.07342965535581576,2.999999999999998,False,False,False,False,False,0,0,2.6489227478165844e-15,6.507528648804659e-17,2.919725799416507
1998-06,14.263308556024263,14.523189567284295,0.01822024744394013,0.0,0.0,0.0,0.0,0.01822024744394013,0.2979423768453729,0.2979423768453729,0.0,0.0,2.999999999999998,0.6499801648045725,44,0.0,44,2.9367773835147077,0.07102387439882274,0.07102387439882274,2.999999999999998,False,False,False,False,False,0,0,2.6957602816679582e-15,6.338804573450698e-17,2.9466263659831036
1998-07,14.523189567284295,14.844056552635715,0.02209342402816405,0.0,0.0,0.0,0.0,0.02209342402816405,0.40950252601105885,0.40950252601105885,0.0,0.0,3.0,0.6411881990555678,44,0.0,44,2.879084607308685,0.06437520337153718,0.06437520337153718,3.0,False,False,False,False,False,0,0,0.0,0.0,2.9367773835147064
1998-08,14.844056552635715,15.618390438149895,0.052164573933578186,0.0,0.0,0.0,0.0,0.052164573933578186,0.6134358686672778,0.6134358686672778,0.0,0.0,2.9999999999999996,0.4947686056573336,44,0.0,44,2.7849649551011497,0.07002220327892662,0.07002220327892662,2.9999999999999996,False,False,False,False,False,0,0,0.0,0.0,2.879084607308685
1998-09,15.618390438149895,15.50520644794903,-0.007246840873205322,0.0,0.0,0.0,0.0,-0.007246840873205322,0.41316798846954406,0.41316798846954406,0.0,0.0,2.9999999999999982,0.26037537301378993,44,0.0,44,3.1073278096989414,0.07835035583787801,0.07835035583787801,2.9999999999999982,False,False,False,False,False,0,0,2.6575963651964685e-15,6.876219643810513e-17,2.7849649551011497
1998-10,15.50520644794903,14.992047633556618,-0.03309590337381741,0.0,0.0,0.0,0.0,-0.03309590337381741,0.4403836576232491,0.4403836576232491,0.0,0.0,2.9999999999999973,0.2728489068485179,44,0.0,44,3.1326044625285587,0.08263993333179073,0.08263993333179073,2.9999999999999973,False,False,False,False,False,0,0,2.652392194768538e-15,7.297222070644682e-17,3.107327809698942
1998-11,14.992047633556618,15.368182188009696,0.025088938058813084,0.0,0.0,0.0,0.0,0.025088938058813084,0.7409683229791436,0.7409683229791436,0.0,0.0,3.0,0.5719605194983385,44,0.0,44,2.907355200246749,0.07257329191172972,0.07257329191172972,3.0,False,False,False,False,False,0,0,0.0,0.0,3.1326044625285583
1998-12,15.368182188009696,16.077732236084557,0.046170070044357914,0.0,0.0,0.0,0.0,0.046170070044357914,0.5026472969820598,0.5026472969820598,0.0,0.0,3.0,0.1925316923095654,44,0.0,44,2.857072383062894,0.07684297673776339,0.07684297673776339,3.0,False,False,False,False,False,0,0,0.0,0.0,2.9073552002467493
1999-01,16.077732236084557,15.902729412518507,-0.010884795255718891,0.0,0.0,0.0,0.0,-0.010884795255718891,0.7436490882930222,0.7436490882930222,0.0,0.0,2.9999999999999987,0.7675251882315226,44,0.0,44,3.0324939926488614,0.07754359820567867,0.07754359820567867,2.9999999999999987,False,False,False,False,False,0,0,0.0,0.0,2.8570723830628935
1999-02,15.902729412518507,16.010581745604803,0.006782001396653048,0.0,0.0,0.0,0.0,0.006782001396653048,0.29029268092883853,0.29029268092883853,0.0,0.0,3.0,0.6880717257853832,44,0.0,44,2.8950513274017076,0.07358768613317176,0.07358768613317176,3.0,False,False,False,False,False,0,0,0.0,0.0,3.0324939926488623
1999-03,16.010581745604803,15.5984656984825,-0.02574022941017968,0.0,0.0,0.0,0.0,-0.02574022941017968,0.6939649711930128,0.6939649711930128,0.0,0.0,3.0,0.5245909513185144,44,0.0,44,3.122612375010727,0.06892428541439256,0.06892428541439256,3.0,False,False,False,False,False,0,0,0.0,0.0,2.8950513274017076
1999-04,15.5984656984825,15.409621830078569,-0.012106566892813194,0.0,0.0,0.0,0.0,-0.012106566892813194,0.47843021301484645,0.47843021301484645,0.0,0.0,2.9999999999999996,0.35166247731130346,44,0.0,44,3.0508711120827723,0.06663252297777211,0.06663252297777211,2.9999999999999996,False,False,False,False,False,0,0,0.0,0.0,3.1226123750107266
1999-05,15.409621830078569,15.374379061097029,-0.002287062548981533,0.0,0.0,0.0,0.0,-0.002287062548981533,0.6213332904160024,0.6213332904160024,0.0,0.0,3.0,0.48545210298636415,45,0.0,45,2.9570125681175408,0.06332114539131034,0.06332114539131034,3.0,False,False,False,False,False,0,0,0.0,0.0,3.0508711120827723
1999-06,15.374379061097029,15.4556352819948,0.005285170905105491,0.0,0.0,0.0,0.0,0.005285170905105491,1.1080667248398515,1.1080667248398515,0.0,0.0,2.9999999999999996,-0.2682780145240466,45,0.0,45,2.998013510902486,0.059497598421248334,0.059497598421248334,2.9999999999999996,False,False,False,False,False,0,0,0.0,0.0,2.9570125681175408
1999-07,15.4556352819948,15.4833366092761,0.001792312433353631,0.0,0.0,0.0,0.0,0.001792312433353631,1.6291455812489246,1.6291455812489246,0.0,0.0,2.9999999999999996,-0.8560081009274934,45,0.0,45,2.9736101217267787,0.06915040021267438,0.06915040021267438,2.9999999999999996,False,False,False,False,False,0,0,0.0,0.0,2.998013510902486
1999-08,15.4833366092761,15.295540739586059,-0.012128901827112164,0.0,0.0,0.0,0.0,-0.012128901827112164,0.906417469754254,0.906417469754254,0.0,0.0,2.9999999999999996,-0.7362294580012754,45,0.0,45,3.0534654813747872,0.069229400919018,0.069229400919018,2.9999999999999996,False,False,False,False,False,0,0,0.0,0.0,2.9736101217267783
1999-09,15.295540739586059,15.20916024391118,-0.005647430002348321,0.0,0.0,0.0,0.0,-0.005647430002348321,0.7488845304267624,0.7488845304267624,0.0,0.0,2.9999999999999996,-1.088286620748093,45,0.0,45,3.044218241743433,0.07657108976941995,0.07657108976941995,2.9999999999999996,False,False,False,False,False,0,0,0.0,0.0,3.0534654813747863
1999-10,15.20916024391118,15.53473287205889,0.021406351364997446,0.0,0.0,0.0,0.0,0.021406351364997446,0.39874454865255576,0.39874454865255576,0.0,0.0,2.9999999999999996,-1.0072490503746885,45,0.0,45,2.9222330421417215,0.08231069483360948,0.08231069483360948,2.9999999999999996,False,False,False,False,False,0,0,0.0,0.0,3.0442182417434327
1999-11,15.53473287205889,16.073343130653694,0.034671356310449264,0.0,0.0,0.0,0.0,0.034671356310449264,0.3510787187426427,0.3510787187426427,0.0,0.0,3.0,-0.9836508806667259,45,0.0,45,2.8969338996788134,0.08434082988227505,0.08434082988227505,3.0,False,False,False,False,False,0,0,0.0,0.0,2.922233042141722
1999-12,16.073343130653694,16.9895474528954,0.05700147845997281,0.0,0.0,0.0,0.0,0.05700147845997281,0.3962355859413814,0.3962355859413814,0.0,0.0,2.9999999999999982,-1.1085727627808897,45,0.0,45,2.8425639878568867,0.08787620166589981,0.08787620166589981,2.9999999999999982,False,False,False,False,False,0,0,2.654126918244515e-15,7.763018666146068e-17,2.896933899678814
2000-01,16.9895474528954,16.994808972588004,0.00030969157402174416,0.0,0.0,0.0,0.0,0.00030969157402174416,0.24185003505642574,0.24185003505642574,0.0,0.0,2.9999999999999996,-1.059563004784398,45,0.0,45,2.9897762085801287,0.087864178559763,0.087864178559763,2.9999999999999996,False,False,False,False,False,0,0,0.0,0.0,2.8425639878568867
2000-02,16.994808972588004,17.437312074788682,0.026037544930008878,0.0,0.0,0.0,0.0,0.026037544930008878,0.14597409459178257,0.14597409459178257,0.0,0.0,3.0,-1.0375563936624264,45,0.0,45,2.9456438314428173,0.08510570440341107,0.08510570440341107,3.0,False,False,False,False,False,0,0,0.0,0.0,2.9897762085801287
2000-03,17.437312074788682,16.953987433081856,-0.02771784089393163,0.0,0.0,0.0,0.0,-0.02771784089393163,0.5443171275523996,0.5443171275523996,0.0,0.0,3.0,-1.0033528097789828,45,0.0,45,3.13835802936702,0.07654090136990888,0.07654090136990888,3.0,False,False,False,False,False,0,0,0.0,0.0,2.9456438314428173
2000-04,16.953987433081856,17.334881448611124,0.022466338201126774,0.0,0.0,0.0,0.0,0.022466338201126774,0.6139593167033047,0.6139593167033047,0.0,0.0,2.9999999999999982,-1.0674102478360454,45,0.0,45,2.872190069158435,0.07885089291286333,0.07885089291286333,2.9999999999999982,False,False,False,False,False,0,0,2.643718577388654e-15,6.941941936612734e-17,3.13835802936702
2000-05,17.334881448611124,17.424251386111898,0.005155497472867608,0.0,0.0,0.0,0.0,0.005155497472867608,0.6160154451773008,0.6160154451773008,0.0,0.0,2.999999999999997,-1.56985537930465,45,0.0,45,2.987271998114412,0.06804596079397213,0.06804596079397213,2.999999999999997,False,False,False,False,False,0,0,2.661065812148422e-15,6.025943670115411e-17,2.872190069158435
2000-06,17.424251386111898,17.6607551639325,0.013573253311135503,0.0,0.0,0.0,0.0,0.013573253311135503,0.18423893513826597,0.18423893513826597,0.0,0.0,3.0,-1.490056220460616,45,0.0,45,2.9727910697631628,0.06532013082954,0.06532013082954,3.0,False,False,False,False,False,0,0,0.0,0.0,2.987271998114412
2000-07,17.6607551639325,18.066528364892886,0.022975982464729133,0.0,0.0,0.0,0.0,0.022975982464729133,0.8513705747422375,0.8513705747422375,0.0,0.0,3.0,-1.012363986562223,45,0.0,45,2.9072189652782146,0.05723088457787051,0.05723088457787051,3.0,False,False,False,False,False,0,0,0.0,0.0,2.972791069763163
2000-08,18.066528364892886,18.797336925887297,0.040450968013009535,0.0,0.0,0.0,0.0,0.040450968013009535,1.3067521983640302,1.3067521983640302,0.0,0.0,2.9999999999999996,-0.17623613317726855,45,0.0,45,2.9058578865918516,0.056488867412117005,0.056488867412117005,2.9999999999999996,False,False,False,False,False,0,0,0.0,0.0,2.9072189652782146
2000-09,18.797336925887297,18.520021145350174,-0.01475292918515545,0.0,0.0,0.0,0.0,-0.01475292918515545,0.9526328131756486,0.9526328131756486,0.0,0.0,3.0,-0.20936895696656208,45,0.0,45,3.0228442935865125,0.061603956828153776,0.061603956828153776,3.0,False,False,False,False,False,0,0,0.0,0.0,2.9058578865918516
2000-10,18.520021145350174,19.080502459681323,0.030263535334670494,0.0,0.0,0.0,0.0,0.030263535334670494,1.0496338821791686,1.0496338821791686,0.0,0.0,2.9999999999999996,-0.035708039386339104,46,0.0,46,2.8791447262592684,0.057551591301029305,0.057551591301029305,2.9999999999999996,False,False,False,False,False,0,0,0.0,0.0,3.022844293586513
2000-11,19.080502459681323,19.462717314363225,0.020031697566117765,0.0,0.0,0.0,0.0,0.020031697566117765,1.0744613100823677,1.0744613100823677,0.0,0.0,2.9999999999999996,0.811749453369645,47,0.0,47,2.9616186326133196,0.05707107470178152,0.05707107470178152,2.9999999999999996,False,False,False,False,False,0,0,0.0,0.0,2.8791447262592684
2000-12,19.462717314363225,19.413016153647945,-0.0025536598981787534,0.0,0.0,0.0,0.0,-0.0025536598981787534,0.6400203910890551,0.6400203910890551,0.0,0.0,2.9999999999999996,0.4345303329505069,48,0.0,48,3.049053536755179,0.06675848647511551,0.06675848647511551,2.9999999999999996,False,False,False,False,False,0,0,0.0,0.0,2.961618632613319
2001-01,19.413016153647945,19.23105458166916,-0.009373173675775993,0.0,0.0,0.0,0.0,-0.009373173675775993,0.3323055870040666,0.3323055870040666,0.0,0.0,3.0,0.5394622647145045,48,0.0,48,3.0173429603469595,0.07023885056454048,0.07023885056454048,3.0,False,False,False,False,False,0,0,0.0,0.0,3.049053536755179
2001-02,19.23105458166916,19.897822095684123,0.034671396266043555,0.0,0.0,0.0,0.0,0.034671396266043555,0.4858126016900641,0.4858126016900641,0.0,0.0,2.999999999999998,0.4337979504416722,48,0.0,48,2.8691435578249687,0.06213728922149979,0.06213728922149979,2.999999999999998,False,False,False,False,False,0,0,2.6680047060523293e-15,5.5330452590367433e-17,3.01734296034696
2001-03,19.897822095684123,20.7917362291883,0.0449252249419834,0.0,0.0,0.0,0.0,0.0449252249419834,0.3591170217898399,0.3591170217898399,0.0,0.0,2.999999999999999,0.4624305110254721,48,0.0,48,2.797462193848478,0.06785034969864161,0.06785034969864161,2.999999999999999,False,False,False,False,False,0,0,0.0,0.0,2.8691435578249687
2001-04,20.7917362291883,19.46537505125795,-0.06379270895464456,0.0,0.0,0.0,0.0,-0.06379270895464456,0.440600693016721,0.440600693016721,0.0,0.0,2.9999999999999996,0.21816954709705846,48,0.0,48,3.2454067764340495,0.07970030956750986,0.07970030956750986,2.9999999999999996,False,False,False,False,False,0,0,0.0,0.0,2.7974621938484785
2001-05,19.46537505125795,19.824131608772028,0.018430498080276723,0.0,0.0,0.0,0.0,0.018430498080276723,0.8993273880848185,0.8993273880848185,0.0,0.0,3.0,0.12088490171563956,49,0.0,49,2.932999905602414,0.07290813644736689,0.07290813644736689,3.0,False,False,False,False,False,0,0,0.0,0.0,3.245406776434049
2001-06,19.824131608772028,20.10947009811001,0.014393492485276048,0.0,0.0,0.0,0.0,0.014393492485276048,0.23731973680182347,0.23731973680182347,0.0,0.0,3.0,0.271656343614852,49,0.0,49,2.934758021457419,0.06639956392306165,0.06639956392306165,3.0,False,False,False,False,False,0,0,0.0,0.0,2.932999905602414
2001-07,20.10947009811001,19.700426169588933,-0.020340860625637378,0.0,0.0,0.0,0.0,-0.020340860625637378,0.4614813551660183,0.4614813551660183,0.0,0.0,2.9999999999999996,-0.11183757558426838,49,0.0,49,3.0921036927301864,0.07233033586233793,0.07233033586233793,2.9999999999999996,False,False,False,False,False,0,0,0.0,0.0,2.9347580214574185
2001-08,19.700426169588933,20.23910091962145,0.027343304423741735,0.0,0.0,0.0,0.0,0.027343304423741735,1.075863835895552,1.075863835895552,0.0,0.0,2.9999999999999973,0.4973974658944532,49,0.0,49,2.9038154215907497,0.07948521887676945,0.07948521887676945,2.9999999999999973,False,False,False,False,False,0,0,2.626371342628886e-15,6.986161311196459e-17,3.0921036927301864
2001-09,20.23910091962145,21.690781771550405,0.07172654841211715,0.0,0.0,0.0,0.0,0.07172654841211715,0.9550015468727578,0.9550015468727578,0.0,0.0,3.0,0.8200912921059701,49,0.0,49,2.735013044465547,0.07924546395493019,0.07924546395493019,3.0,False,False,False,False,False,0,0,0.0,0.0,2.90381542159075
2001-10,21.690781771550405,22.233977895600525,0.02504271767477618,0.0,0.0,0.0,0.0,0.02504271767477618,0.7064183196805839,0.7064183196805839,0.0,0.0,2.9999999999999996,0.6122929251009682,49,0.0,49,2.9518650796879684,0.09537006693919202,0.09537006693919202,2.9999999999999996,False,False,False,False,False,0,0,0.0,0.0,2.7350130444655476
2001-11,22.233977895600525,21.006162237105514,-0.055222491641406246,0.0,0.0,0.0,0.0,-0.055222491641406246,0.22486957426635507,0.22486957426635507,0.0,0.0,3.0,0.593903032299152,49,0.0,49,3.2037294965192578,0.09440453816456014,0.09440453816456014,3.0,False,False,False,False,False,0,0,0.0,0.0,2.951865079687969
2001-12,21.006162237105514,20.826869316643375,-0.008535253533624235,0.0,0.0,0.0,0.0,-0.008535253533624235,0.7848913383430556,0.7848913383430556,0.0,0.0,2.9999999999999973,0.6943320495795294,49,0.0,49,3.004288363292766,0.08676948918553919,0.08676948918553919,2.9999999999999973,False,False,False,False,False,0,0,2.652392194768538e-15,7.697127069368925e-17,3.203729496519258
2002-01,20.826869316643375,21.32913694672854,0.024116328885003757,0.0,0.0,0.0,0.0,0.024116328885003757,1.2858707677866952,1.2858707677866952,0.0,0.0,3.0,-0.5372665298203203,49,0.0,49,2.9118865244508916,0.08240803220187083,0.08240803220187083,3.0,False,False,False,False,False,0,0,0.0,0.0,3.004288363292767
2002-02,21.32913694672854,21.575686468851323,0.011559282625385314,0.0,0.0,0.0,0.0,0.011559282625385314,1.8861550397042661,1.8861550397042661,0.0,0.0,3.0,0.6654768176456287,53,0.0,53,2.978936808161908,0.07103989307656787,0.07103989307656787,3.0,False,False,False,False,False,0,0,0.0,0.0,2.9118865244508916
2002-03,21.575686468851323,20.496131575411432,-0.05003571473836706,0.0,0.0,0.0,0.0,-0.05003571473836706,0.5128137291601703,0.5128137291601703,0.0,0.0,2.9999999999999996,0.6358975133885483,53,0.0,53,3.166420212080191,0.058957152627027685,0.058957152627027685,2.9999999999999996,False,False,False,False,False,0,0,0.0,0.0,2.9789368081619076
2002-04,20.496131575411432,20.803872925407667,0.015014606481421115,0.0,0.0,0.0,0.0,0.015014606481421115,2.243525011253386,2.243525011253386,0.0,0.0,2.999999999999998,-0.24496184543151237,53,0.0,53,2.9533946418263373,0.041751377442757975,0.041751377442757975,2.999999999999998,False,False,False,False,False,0,0,2.624636619152909e-15,3.733341252257763e-17,3.1664202120801916
2002-05,20.803872925407667,21.295514747764756,0.02363222579371988,0.0,0.0,0.0,0.0,0.02363222579371988,2.129749036317826,2.129749036317826,0.0,0.0,2.9999999999999996,1.360199047042492,53,0.0,53,2.9590682156204897,0.0721833096931462,0.0721833096931462,2.9999999999999996,False,False,False,False,False,0,0,0.0,0.0,2.953394641826337
2002-06,21.295514747764756,22.07917622364385,0.036799367620890686,0.0,0.0,0.0,0.0,0.036799367620890686,0.3925063584150502,0.3925063584150502,0.0,0.0,3.0,1.545817202693071,53,0.0,53,2.9101809503626086,0.07426156720044283,0.07426156720044283,3.0,False,False,False,False,False,0,0,0.0,0.0,2.95906821562049
2002-07,22.07917622364385,22.819143727340208,0.03351427137503225,0.0,0.0,0.0,0.0,0.03351427137503225,0.6570747272768289,0.6570747272768289,0.0,0.0,2.999999999999998,1.6718504630112934,53,0.0,53,2.9136166894882645,0.07486359480303316,0.07486359480303316,2.999999999999998,False,False,False,False,False,0,0,2.63504496000877e-15,6.651286091062819e-17,2.9101809503626086
2002-08,22.819143727340208,23.693822280931766,0.03833091039886764,0.0,0.0,0.0,0.0,0.03833091039886764,0.7760488253656618,0.7760488253656618,0.0,0.0,2.999999999999998,1.599392730443521,53,0.0,53,2.9100413311726467,0.07563244530146838,0.07563244530146838,2.999999999999998,False,False,False,False,False,0,0,2.589942149633373e-15,6.612709802006987e-17,2.913616689488264
2002-09,23.693822280931766,25.338787036182886,0.06942589235907912,0.0,0.0,0.0,0.0,0.06942589235907912,0.7054836470381548,0.7054836470381548,0.0,0.0,3.0,1.652698680535861,53,0.0,53,2.814098394903196,0.07864642883505403,0.07864642883505403,3.0,False,False,False,False,False,0,0,0.0,0.0,2.910041331172647
2002-10,25.338787036182886,24.79246161094423,-0.021560835743973106,0.0,0.0,0.0,0.0,-0.021560835743973106,0.6064558586460128,0.6064558586460128,0.0,0.0,2.999999999999999,1.9596781824399414,53,0.0,53,3.083656555421542,0.07438742043472403,0.07438742043472403,2.999999999999999,False,False,False,False,False,0,0,0.0,0.0,2.8140983949031964
2002-11,24.79246161094423,24.01491294519225,-0.03136230189457035,0.0,0.0,0.0,0.0,-0.03136230189457035,0.4298200642593006,0.4298200642593006,0.0,0.0,3.0,2.0019905032141763,53,0.0,53,3.105357872069592,0.0739877798008684,0.0739877798008684,3.0,False,False,False,False,False,0,0,0.0,0.0,3.0836565554215416
2002-12,24.01491294519225,25.45064201880202,0.05978489603049765,0.0,0.0,0.0,0.0,0.05978489603049765,0.32906243743957225,0.32906243743957225,0.0,0.0,2.9999999999999996,2.0517458965652855,53,0.0,53,2.844313352360378,0.07504847027000217,0.07504847027000217,2.9999999999999996,False,False,False,False,False,0,0,0.0,0.0,3.105357872069592
2003-01,25.45064201880202,26.506069765911867,0.04146959225351303,0.0,0.0,0.0,0.0,0.04146959225351303,0.4856844053344404,0.4856844053344404,0.0,0.0,2.9999999999999996,1.9291367722095791,53,0.0,53,2.9030436814867797,0.07728606837706237,0.07728606837706237,2.9999999999999996,False,False,False,False,False,0,0,0.0,0.0,2.8443133523603783
2003-02,26.506069765911867,27.19767094786746,0.026092181453661864,0.0,0.0,0.0,0.0,0.026092181453661864,0.2695158255584637,0.2695158255584637,0.0,0.0,2.999999999999998,2.0544128237139203,53,0.0,53,2.9252495259722417,0.08126072233642748,0.08126072233642748,2.999999999999998,False,False,False,False,False,0,0,2.7495367094232392e-15,7.332825249092857e-17,2.9030436814867797
2003-03,27.19767094786746,26.63531982979663,-0.020676443918626265,0.0,0.0,0.0,0.0,-0.020676443918626265,0.24311363380558076,0.24311363380558076,0.0,0.0,2.9999999999999973,1.8846906913298087,53,0.0,53,3.035134597398001,0.08166821007606134,0.08166821007606134,2.9999999999999973,False,False,False,False,False,0,0,2.7885679876327174e-15,7.472748974025885e-17,2.925249525972242
2003-04,26.63531982979663,26.276253545699152,-0.0134808324582532,0.0,0.0,0.0,0.0,-0.0134808324582532,0.5422164301303103,0.5422164301303103,0.0,0.0,2.9999999999999996,1.9254781017887996,53,0.0,53,3.081563817127331,0.0838451570950893,0.0838451570950893,2.9999999999999996,False,False,False,False,False,0,0,0.0,0.0,3.035134597398001
2003-05,26.276253545699152,27.0076219544897,0.027833816092486943,0.0,0.0,0.0,0.0,0.027833816092486943,0.30690196103964285,0.30690196103964285,0.0,0.0,3.0,2.1423867573235227,53,0.0,53,2.9860103129502913,0.0832359797714402,0.0832359797714402,3.0,False,False,False,False,False,0,0,0.0,0.0,3.081563817127331
2003-06,27.0076219544897,26.375905869211913,-0.0233902890947706,0.0,0.0,0.0,0.0,-0.0233902890947706,0.4535789475757751,0.4535789475757751,0.0,0.0,2.999999999999997,2.21339040337363,53,0.0,53,3.0698314280939654,0.07703512428821883,0.07703512428821883,2.999999999999997,False,False,False,False,False,0,0,2.7261179424975523e-15,6.965277706219254e-17,2.9860103129502913
2003-07,26.375905869211913,25.258239086670795,-0.04237453636979152,0.0,0.0,0.0,0.0,-0.04237453636979152,0.5839469323337754,0.5839469323337754,0.0,0.0,2.999999999999997,2.1284799811094843,53,0.0,53,3.117879206128113,0.05777853346920422,0.05777853346920422,2.999999999999997,False,False,False,False,False,0,0,2.7139748781657147e-15,5.2256444603128174e-17,3.0698314280939654
2003-08,25.258239086670795,25.470397885928044,0.008399587894043341,0.0,0.0,0.0,0.0,0.008399587894043341,0.5844544394455453,0.5844544394455453,0.0,0.0,2.9999999999999973,2.368134405917668,53,0.0,53,3.020546180256413,0.056331258535318986,0.056331258535318986,2.9999999999999973,False,False,False,False,False,0,0,2.6940255581919814e-15,5.0481787765454925e-17,3.1178792061281126
2003-09,25.470397885928044,27.004782237670714,0.06024186817240056,0.0,0.0,0.0,0.0,0.06024186817240056,1.3194663654033283,1.3194663654033283,0.0,0.0,2.9999999999999996,1.9242895998771907,53,0.0,53,2.8758509873843257,0.06299435996058107,0.06299435996058107,2.9999999999999996,False,False,False,False,False,0,0,0.0,0.0,3.0205461802564133
2003-10,27.004782237670714,27.970915180425653,0.03577636487685555,0.0,0.0,0.0,0.0,0.03577636487685555,0.6516624528170084,0.6516624528170084,0.0,0.0,2.9999999999999996,1.7612539927060435,53,0.0,53,2.9230985406780396,0.06992882493866961,0.06992882493866961,2.9999999999999996,False,False,False,False,False,0,0,0.0,0.0,2.8758509873843257
2003-11,27.970915180425653,28.56272342922737,0.021157986608027313,0.0,0.0,0.0,0.0,0.021157986608027313,0.3612957861763437,0.3612957861763437,0.0,0.0,3.0,1.5386563693301756,53,0.0,53,2.951990474243952,0.06869271421912922,0.06869271421912922,3.0,False,False,False,False,False,0,0,0.0,0.0,2.923098540678039
2003-12,28.56272342922737,29.54509385270689,0.03439344381545543,0.0,0.0,0.0,0.0,0.03439344381545543,0.2260790669537519,0.2260790669537519,0.0,0.0,2.9999999999999996,1.6754313653076256,53,0.0,53,2.9350627195402534,0.07189000590234615,0.07189000590234615,2.9999999999999996,False,False,False,False,False,0,0,0.0,0.0,2.9519904742439524
2004-01,29.54509385270689,30.033659906729113,0.016536283704425055,0.0,0.0,0.0,0.0,0.016536283704425055,0.18338472268031492,0.18338472268031492,0.0,0.0,2.999999999999998,1.699440872013099,53,0.0,53,2.987283773661997,0.0746148940207728,0.0746148940207728,2.999999999999998,False,False,False,False,False,0,0,2.6922908347160046e-15,6.607836471767806e-17,2.935062719540253
2004-02,30.033659906729113,31.68749045190718,0.05506590106947045,0.0,0.0,0.0,0.0,0.05506590106947045,0.29539251552562706,0.29539251552562706,0.0,0.0,3.0,1.9292750972282466,53,0.0,53,2.89760088084655,0.0713437772377398,0.0713437772377398,3.0,False,False,False,False,False,0,0,0.0,0.0,2.9872837736619964
2004-03,31.68749045190718,32.6978345238912,0.031884635153340626,0.0,0.0,0.0,0.0,0.031884635153340626,0.2628306383617336,0.2628306383617336,0.0,0.0,2.9999999999999982,1.9435665429940878,53,0.0,53,2.9458525834912894,0.0757284244351461,0.0757284244351461,2.9999999999999982,False,False,False,False,False,0,0,2.7009644520958886e-15,6.690997084524596e-17,2.89760088084655
2004-04,32.6978345238912,31.274569546104736,-0.04352780538865768,0.0,0.0,0.0,0.0,-0.04352780538865768,0.23491956439539968,0.23491956439539968,0.0,0.0,3.0,1.9914508825626336,54,0.0,54,3.0802371495249803,0.07107527952154087,0.07107527952154087,3.0,False,False,False,False,False,0,0,0.0,0.0,2.9458525834912894
2004-05,31.274569546104736,30.939856804663947,-0.010702393231899143,0.0,0.0,0.0,0.0,-0.010702393231899143,0.4039842075811032,0.4039842075811032,0.0,0.0,2.9999999999999996,1.6821374255840191,54,0.0,54,3.0273518145383176,0.07030412854349,0.07030412854349,2.9999999999999996,False,False,False,False,False,0,0,0.0,0.0,3.0802371495249794
2004-06,30.939856804663947,30.44737584915156,-0.015917363762270216,0.0,0.0,0.0,0.0,-0.015917363762270216,1.6643529698363937,1.6643529698363937,0.0,0.0,3.0,0.2890680672520292,54,0.0,54,3.0396902083546258,0.08254524900372874,0.08254524900372874,3.0,False,False,False,False,False,0,0,0.0,0.0,3.027351814538318
2004-07,30.44737584915156,29.869979952668775,-0.018963732682364284,0.0,0.0,0.0,0.0,-0.018963732682364284,0.21841616164334868,0.21841616164334868,0.0,0.0,3.0,0.22547834943506012,54,0.0,54,3.0431468890567963,0.08397039996846946,0.08397039996846946,3.0,False,False,False,False,False,0,0,0.0,0.0,3.0396902083546258
2004-08,29.869979952668775,30.010451931726067,0.004702781162889177,0.0,0.0,0.0,0.0,0.004702781162889177,1.861635596776915,1.861635596776915,0.0,0.0,2.9999999999999996,1.6548580144466776,54,0.0,54,3.027968997666518,0.07261025564809656,0.07261025564809656,2.9999999999999996,False,False,False,False,False,0,0,0.0,0.0,3.0431468890567963
2004-09,30.010451931726067,30.640706891633652,0.02100118189960666,0.0,0.0,0.0,0.0,0.02100118189960666,0.44234662399010405,0.44234662399010405,0.0,0.0,3.0,1.8330138790723316,54,0.0,54,2.9531480353655564,0.07100564440182677,0.07100564440182677,3.0,False,False,False,False,False,0,0,0.0,0.0,3.027968997666518
2004-10,30.640706891633652,31.276351194896318,0.020745092647853736,0.0,0.0,0.0,0.0,0.020745092647853736,0.12375023110007938,0.12375023110007938,0.0,0.0,3.0,1.8746630269628208,54,0.0,54,2.9572561956623478,0.06759169148748313,0.06759169148748313,3.0,False,False,False,False,False,0,0,0.0,0.0,2.953148035365556
2004-11,31.276351194896318,32.975071911526385,0.05431326391127312,0.0,0.0,0.0,0.0,0.05431326391127312,1.0303903586024978,1.0303903586024978,0.0,0.0,2.999999999999999,2.618687109502114,54,0.0,54,2.889139662816885,0.06732528289021864,0.06732528289021864,2.999999999999999,False,False,False,False,False,0,0,0.0,0.0,2.957256195662348
2004-12,32.975071911526385,32.90026289644543,-0.002268653584188319,0.0,0.0,0.0,0.0,-0.002268653584188319,0.18342972717539577,0.18342972717539577,0.0,0.0,2.9999999999999996,2.5802415696884133,54,0.0,54,3.016511015408505,0.07087665319025498,0.07087665319025498,2.9999999999999996,False,False,False,False,False,0,0,0.0,0.0,2.889139662816886
2005-01,32.90026289644543,32.917774746488064,0.0005322708240281266,0.0,0.0,0.0,0.0,0.0005322708240281266,0.1778153051654861,0.1778153051654861,0.0,0.0,2.9999999999999996,2.5782598683714197,54,0.0,54,2.9857751571717412,0.06475301874499977,0.06475301874499977,2.9999999999999996,False,False,False,False,False,0,0,0.0,0.0,3.0165110154085055
2005-02,32.917774746488064,32.77827905740935,-0.004237701064334525,0.0,0.0,0.0,0.0,-0.004237701064334525,0.5899192831715757,0.5899192831715757,0.0,0.0,3.0,2.040969192764318,54,0.0,54,3.0486151597807707,0.06341094085893363,0.06341094085893363,3.0,False,False,False,False,False,0,0,0.0,0.0,2.9857751571717412
2005-03,32.77827905740935,32.59742777443752,-0.005517412389316568,0.0,0.0,0.0,0.0,-0.005517412389316568,0.2769978254325986,0.2769978254325986,0.0,0.0,2.999999999999998,1.8453871378364282,54,0.0,54,3.011792997919703,0.06357326622375752,0.06357326622375752,2.999999999999998,False,False,False,False,False,0,0,2.7009644520958886e-15,5.716740968908701e-17,3.0486151597807707
2005-04,32.59742777443752,32.35961537438529,-0.0072954345262393775,0.0,0.0,0.0,0.0,-0.0072954345262393775,0.6404373653844245,0.6404373653844245,0.0,0.0,2.9999999999999973,1.2690121839426276,54,0.0,54,3.012445621926347,0.05870926522235693,0.05870926522235693,2.9999999999999973,False,False,False,False,False,0,0,2.7183116868556567e-15,5.257291829455242e-17,3.0117929979197036
2005-05,32.35961537438529,32.576268963078995,0.006695184296448574,0.0,0.0,0.0,0.0,0.006695184296448574,0.8184759886220695,0.8184759886220695,0.0,0.0,2.999999999999998,1.9898090923271496,54,0.0,54,2.9943493891548822,0.06161082898734436,0.06161082898734436,2.999999999999998,False,False,False,False,False,0,0,2.733924198139448e-15,5.557581470287025e-17,3.012445621926347
2005-06,32.576268963078995,33.09306971326613,0.01586433212388036,0.0,0.0,0.0,0.0,0.01586433212388036,1.1780366591857845,1.1780366591857845,0.0,0.0,3.0,2.2696662549138478,54,0.0,54,2.9622970750502082,0.061923444762300404,0.061923444762300404,3.0,False,False,False,False,False,0,0,0.0,0.0,2.994349389154882
2005-07,33.09306971326613,32.97263280536816,-0.0036393392617094815,0.0,0.0,0.0,0.0,-0.0036393392617094815,0.6465802158739276,0.6465802158739276,0.0,0.0,3.0,2.074769511408976,55,0.0,55,3.0255030365483937,0.05189683350962249,0.05189683350962249,3.0,False,False,False,False,False,0,0,0.0,0.0,2.962297075050208
2005-08,32.97263280536816,33.23809861841611,0.00805109542252672,0.0,0.0,0.0,0.0,0.00805109542252672,1.2033329655698255,1.2033329655698255,0.0,0.0,2.9999999999999996,1.7148579255986234,55,0.0,55,2.9860537233943587,0.05744254977805473,0.05744254977805473,2.9999999999999996,False,False,False,False,False,0,0,0.0,0.0,3.0255030365483933
2005-09,33.23809861841611,33.40450964206936,0.0050066348729420245,0.0,0.0,0.0,0.0,0.0050066348729420245,0.6065894561619405,0.6065894561619405,0.0,0.0,2.999999999999998,1.4638501749367165,55,0.0,55,3.0046217973000084,0.05838096008131801,0.05838096008131801,2.999999999999998,False,False,False,False,False,0,0,2.5569824035898137e-15,5.0652823689952855e-17,2.9860537233943587
2005-10,33.40450964206936,32.71258683751594,-0.020713454918733807,0.0,0.0,0.0,0.0,-0.020713454918733807,0.8359348828053618,0.8359348828053618,0.0,0.0,2.9999999999999996,1.4288560902195884,55,0.0,55,3.0299423013799647,0.056348490762802815,0.056348490762802815,2.9999999999999996,False,False,False,False,False,0,0,0.0,0.0,3.0046217973000084
2005-11,32.71258683751594,34.03078617799534,0.04029639560536497,0.0,0.0,0.0,0.0,0.04029639560536497,0.6671145257643147,0.6671145257643147,0.0,0.0,2.9999999999999996,0.9314422119010521,55,0.0,55,2.910253494705633,0.06135750162416372,0.06135750162416372,2.9999999999999996,False,False,False,False,False,0,0,0.0,0.0,3.0299423013799647
2005-12,34.03078617799534,34.761173731467146,0.021462553043928266,0.0,0.0,0.0,0.0,0.021462553043928266,0.8507020962309989,0.8507020962309989,0.0,0.0,2.9999999999999996,0.16882800386944957,55,0.0,55,2.972206842888204,0.05861766668566474,0.05861766668566474,2.9999999999999996,False,False,False,False,False,0,0,0.0,0.0,2.910253494705633
2006-01,34.761173731467146,35.62207904209932,0.02476629003619774,0.0,0.0,0.0,0.0,0.02476629003619774,0.3494015839242767,0.3494015839242767,0.06599933390645987,0.0,2.9999999999999996,0.05898912105194914,55,0.0,55,2.963802853593704,0.04944096981490576,0.04944096981490576,2.9999999999999996,False,False,False,False,False,0,0,0.0,0.0,2.9722068428882045
2006-02,35.62207904209932,35.4722010601671,-0.004207446223312542,0.0,0.0,0.0,0.0,-0.004207446223312542,0.6278597739485375,0.6278597739485375,0.0,0.0,2.999999999999998,0.2957674190651994,55,0.0,55,2.9934876088828775,0.06172296430532916,0.06172296430532916,2.999999999999998,False,False,False,False,False,0,0,2.6038199374411874e-15,5.4306487587224787e-17,2.9638028535937035
2006-03,35.4722010601671,36.200290474278916,0.020525633942952946,0.0,0.0,0.0,0.0,0.020525633942952946,0.9639346834691298,0.9639346834691298,0.0,0.0,3.0,0.6154580463818229,55,0.0,55,2.9337093136479306,0.054210375388064676,0.054210375388064676,3.0,False,False,False,False,False,0,0,0.0,0.0,2.993487608882878
2006-04,36.200290474278916,36.52179457827044,0.008881257574989974,0.0,0.0,0.0,0.0,0.008881257574989974,1.0978697606092658,1.0978697606092658,0.0,0.0,2.999999999999998,-0.4226641870686342,55,0.0,55,3.0071065982131913,0.05914787324369937,0.05914787324369937,2.999999999999998,False,False,False,False,False,0,0,2.615963001773025e-15,5.179704872569109e-17,2.9337093136479306
2006-05,36.52179457827044,35.38837899360984,-0.031033951035225153,0.0,0.0,0.0,0.0,-0.031033951035225153,0.9802886569046093,0.9802886569046093,0.0,0.0,2.999999999999998,-1.0401572515733386,55,0.0,55,3.073232887144667,0.0685252048678022,0.0685252048678022,2.999999999999998,False,False,False,False,False,0,0,2.643718577388654e-15,5.98901347224516e-17,3.0071065982131913
2006-06,35.38837899360984,35.47866956129302,0.002551418580079049,0.0,0.0,0.0,0.0,0.002551418580079049,0.6023410293080991,0.6023410293080991,0.0,0.0,3.0,-0.7407301080387739,55,0.0,55,2.989316674369729,0.06581965667555564,0.06581965667555564,3.0,False,False,False,False,False,0,0,0.0,0.0,3.0732328871446666
2006-07,35.47866956129302,34.89800038409297,-0.016366712291645748,0.0,0.0,0.0,0.0,-0.016366712291645748,0.6573018585427414,0.6573018585427414,0.0,0.0,3.0,-0.6689701940763378,55,0.0,55,3.059958491880797,0.06809044504035126,0.06809044504035126,3.0,False,False,False,False,False,0,0,0.0,0.0,2.989316674369729
2006-08,34.89800038409297,34.988747265908096,0.0026003461750345866,0.0,0.0,0.0,0.0,0.0026003461750345866,0.48298249277795313,0.48298249277795313,0.0,0.0,2.999999999999998,-0.5334993370991158,55,0.0,55,3.0050706191677508,0.06080014538429141,0.06080014538429141,2.999999999999998,False,False,False,False,False,0,0,2.6922908347160046e-15,5.436686085810269e-17,3.0599584918807974
2006-09,34.988747265908096,35.00950724133029,0.000593332915420579,0.0,0.0,0.0,0.0,0.000593332915420579,0.22419399392479428,0.22419399392479428,0.0,0.0,3.0,-0.6822661612442867,55,0.0,55,2.9853703298796326,0.059958434245479,0.059958434245479,3.0,False,False,False,False,False,0,0,0.0,0.0,3.0050706191677508
2006-10,35.00950724133029,35.47485685903446,0.013292092759157846,0.0,0.0,0.0,0.0,0.013292092759157846,0.701464505842923,0.701464505842923,0.0,0.0,3.0,-0.5403025325354102,55,0.0,55,2.9981102763703755,0.054506764124331517,0.054506764124331517,3.0,False,False,False,False,False,0,0,0.0,0.0,2.985370329879633
2006-11,35.47485685903446,35.986939707835326,0.014435092742888598,0.0,0.0,0.0,0.0,0.014435092742888598,0.8203122403561987,0.8203122403561987,0.0,0.0,3.0,0.05214084320585054,55,0.0,55,2.9890317094396512,0.0556047084084199,0.0556047084084199,3.0,False,False,False,False,False,0,0,0.0,0.0,2.998110276370375
2006-12,35.986939707835326,36.36488428986522,0.010502270687596283,0.0,0.0,0.0,0.0,0.010502270687596283,0.6432182966242532,0.6432182966242532,0.0,0.0,2.999999999999998,0.1363940458475833,55,0.0,55,2.953367820940039,0.05795394301770762,0.05795394301770762,2.999999999999998,False,False,False,False,False,0,0,2.600350490489234e-15,5.1044300466619874e-17,2.9890317094396512
2007-01,36.36488428986522,36.763015160431735,0.010948223219768896,0.0,0.0,0.0,0.0,0.010948223219768896,1.0094664410727439,1.0094664410727439,0.0,0.0,2.9999999999999996,-0.4626874344077495,55,0.0,55,2.953596064343009,0.061294514672985585,0.061294514672985585,2.9999999999999996,False,False,False,False,False,0,0,0.0,0.0,2.9533678209400396
2007-02,36.763015160431735,36.18224715926218,-0.015797616126836087,0.0,0.0,0.0,0.0,-0.015797616126836087,0.45778130724740534,0.45778130724740534,0.0,0.0,2.999999999999998,-0.7200242085860209,55,0.0,55,3.0687049892272924,0.058714471014599236,0.058714471014599236,2.999999999999998,False,False,False,False,False,0,0,2.615963001773025e-15,5.137342878706034e-17,2.953596064343008
2007-03,36.18224715926218,36.54605735253407,0.010054936380001904,0.0,0.0,0.0,0.0,0.010054936380001904,0.8212921102711989,0.8212921102711989,0.0,0.0,3.0,0.006088076257152374,55,0.0,55,2.9718891397210054,0.054439208906635825,0.054439208906635825,3.0,False,False,False,False,False,0,0,0.0,0.0,3.068704989227292
2007-04,36.54605735253407,38.0612714632523,0.041460398753879885,0.0,0.0,0.0,0.0,0.041460398753879885,1.020868638379611,1.020868638379611,0.0,0.0,3.0,0.875047741444377,55,0.0,55,2.9052937838717128,0.05402204482181795,0.05402204482181795,3.0,False,False,False,False,False,0,0,0.0,0.0,2.9718891397210045
2007-05,38.0612714632523,39.15645584767936,0.028774245902017465,0.0,0.0,0.0,0.0,0.028774245902017465,0.8594164701521805,0.8594164701521805,0.0,0.0,2.999999999999998,0.262715391689832,55,0.0,55,2.925301610870878,0.048571311032751724,0.048571311032751724,2.999999999999998,False,False,False,False,False,0,0,2.6506574712925612e-15,4.277279864453699e-17,2.9052937838717123
2007-06,39.15645584767936,39.22963514482867,0.0018688948109599462,0.0,0.0,0.0,0.0,0.0018688948109599462,0.23557202829309845,0.23557202829309845,0.0,0.0,2.999999999999999,0.2518719294199774,55,0.0,55,2.989295580637943,0.04968546718966488,0.04968546718966488,2.999999999999999,False,False,False,False,False,0,0,0.0,0.0,2.925301610870878
2007-07,39.22963514482867,38.03215075162136,-0.030524994402482103,0.0,0.0,0.0,0.0,-0.030524994402482103,0.34501513630015973,0.34501513630015973,0.0,0.0,2.9999999999999996,0.1398279664458954,55,0.0,55,3.100529640070868,0.05514536461740718,0.05514536461740718,2.9999999999999996,False,False,False,False,False,0,0,0.0,0.0,2.9892955806379424
2007-08,38.03215075162136,38.17555982950993,0.0037707327893480988,0.0,0.0,0.0,0.0,0.0037707327893480988,1.1175976313788518,1.1175976313788518,0.0,0.0,3.0,0.5451410675043254,55,0.0,55,2.992007477871275,0.050770197302123725,0.050770197302123725,3.0,False,False,False,False,False,0,0,0.0,0.0,3.1005296400708686
2007-09,38.17555982950993,39.77015820267174,0.041770137236577534,0.0,0.0,0.0,0.0,0.041770137236577534,0.5160801028646161,0.5160801028646161,0.0,0.0,3.0,0.33745219173518315,55,0.0,55,2.9472318965599826,0.05063302447626708,0.05063302447626708,3.0,False,False,False,False,False,0,0,0.0,0.0,2.9920074778712755
2007-10,39.77015820267174,41.070425071423465,0.03269453599167179,0.0,0.0,0.0,0.0,0.03269453599167179,0.6549512212629075,0.6549512212629075,0.0,0.0,2.9999999999999996,0.5556787198995888,55,0.0,55,2.929830699511142,0.06090421775823187,0.06090421775823187,2.9999999999999996,False,False,False,False,False,0,0,0.0,0.0,2.947231896559983
2007-11,41.070425071423465,40.06446736004139,-0.024493481857873776,0.0,0.0,0.0,0.0,-0.024493481857873776,0.28034437981075744,0.28034437981075744,0.0,0.0,2.9999999999999996,0.6364235554459017,55,0.0,55,3.0718925412595692,0.05694772315945997,0.05694772315945997,2.9999999999999996,False,False,False,False,False,0,0,0.0,0.0,2.9298306995111427
2007-12,40.06446736004139,40.47606968428412,0.010273500469726513,0.0,0.0,0.0,0.0,0.010273500469726513,0.3587888167117488,0.3587888167117488,0.0,0.0,3.0,0.38708300208350094,55,0.0,55,2.981119100333028,0.047216472318599705,0.047216472318599705,3.0,False,False,False,False,False,0,0,0.0,0.0,3.071892541259569
2008-01,40.47606968428412,40.784410717327106,0.007617860020700219,0.0,0.0,0.0,0.0,0.007617860020700219,0.8552978363227585,0.8552978363227585,0.0,0.0,3.0,0.9879085737339768,55,0.0,55,2.9793324961339063,0.048364959381013345,0.048364959381013345,3.0,False,False,False,False,False,0,0,0.0,0.0,2.981119100333029
2008-02,40.784410717327106,45.32181132779131,0.11125330808167107,0.0,0.0,0.0,0.0,0.11125330808167107,1.9306679862211784,1.9306679862211784,0.0,0.0,2.9999999999999982,1.4378319621194104,55,0.0,55,2.7726246064935927,0.0725621194200951,0.0725621194200951,2.9999999999999982,False,False,False,False,False,0,0,2.699229728619912e-15,6.488314519034414e-17,2.9793324961339063
2008-03,45.32181132779131,44.47562558726638,-0.01867060728012101,0.0,0.0,0.0,0.0,-0.01867060728012101,0.4022972147148039,0.4022972147148039,0.0,0.0,3.0,1.3527344198735007,55,0.0,55,3.0000928438336123,0.08382203073323181,0.08382203073323181,3.0,False,False,False,False,False,0,0,0.0,0.0,2.7726246064935927
2008-04,44.47562558726638,42.69453144363283,-0.040046522564113854,0.0,0.0,0.0,0.0,-0.040046522564113854,0.09785938937880823,0.09785938937880823,0.0,0.0,3.0,1.3537956474201112,55,0.0,55,3.153360749652369,0.08423868790185123,0.08423868790185123,3.0,False,False,False,False,False,0,0,0.0,0.0,3.0000928438336123
2008-05,42.69453144363283,41.65895358757476,-0.024255515192274382,0.0,0.0,0.0,0.0,-0.024255515192274382,0.223986969793732,0.223986969793732,0.0,0.0,2.999999999999998,1.420107633985879,55,0.0,55,3.0680926934046964,0.08234133778291094,0.08234133778291094,2.999999999999998,False,False,False,False,False,0,0,2.6836172173361206e-15,7.364518507465829e-17,3.153360749652369
2008-06,41.65895358757476,44.53007286124882,0.06891962054779999,0.0,0.0,0.0,0.0,0.06891962054779999,0.9546129087808981,0.9546129087808981,0.0,0.0,2.999999999999998,0.5642362594184632,55,0.0,55,2.794877418912179,0.07073248597958186,0.07073248597958186,2.999999999999998,False,False,False,False,False,0,0,2.661065812148422e-15,6.309009565023402e-17,3.068092693404697
2008-07,44.53007286124882,43.0167188923974,-0.03398498748400603,0.0,0.0,0.0,0.0,-0.03398498748400603,0.5332117947518277,0.5332117947518277,0.0,0.0,2.9999999999999982,0.3499587766222075,55,0.0,55,3.076759955335921,0.0781238497946245,0.0781238497946245,2.9999999999999982,False,False,False,False,False,0,0,2.6471880243406076e-15,6.90297197884095e-17,2.7948774189121783
2008-08,43.0167188923974,41.80880066025813,-0.028080203772881222,0.0,0.0,0.0,0.0,-0.028080203772881222,0.3282880171180243,0.3282880171180243,0.0,0.0,2.9999999999999987,0.14076335764167106,55,0.0,55,3.052784959877379,0.07512276991480663,0.07512276991480663,2.9999999999999987,False,False,False,False,False,0,0,0.0,0.0,3.076759955335921
2008-09,41.80880066025813,42.21018651130726,0.009600511009890726,0.0,0.0,0.0,0.0,0.009600511009890726,0.5649839278238827,0.5649839278238827,0.0,0.0,2.9999999999999982,0.12244665295159801,55,0.0,55,2.8649224782543756,0.08028637135569662,0.08028637135569662,2.9999999999999982,False,False,False,False,False,0,0,2.6836172173361206e-15,7.24269324600297e-17,3.0527849598773784
2008-10,42.21018651130726,45.20208016973229,0.07088084431049746,0.0,0.0,0.0,0.0,0.07088084431049746,1.2444331580523083,1.2444331580523083,0.0,0.0,2.9999999999999982,0.7693864568873764,55,0.0,55,2.637783255388132,0.0773380119022029,0.0773380119022029,2.9999999999999982,False,False,False,False,False,0,0,2.6211671722009555e-15,6.762585737410918e-17,2.864922478254376
2008-11,45.20208016973229,49.420856345651806,0.09333146085485798,0.0,0.0,0.0,0.0,0.09333146085485798,1.2255245913440571,1.2255245913440571,0.0,0.0,2.7427919149476288,0.7140416356890362,55,0.0,55,2.518443820156059,0.1,0.1,2.7427919149476288,False,False,False,False,False,0,0,0.0,0.0,2.637783255388132
2008-12,49.420856345651806,51.099240638471564,0.03396105241643446,0.0,0.0,0.0,0.0,0.03396105241643446,0.3597667014771797,0.3597667014771797,0.0,0.0,2.4486902089951443,0.5281618512894115,55,0.0,55,2.4104807076399792,0.1,0.1,2.4486902089951443,False,False,False,False,False,0,0,0.0,0.0,2.5184438201560595
2009-01,51.099240638471564,52.34191442361543,0.02431883076180738,0.0,0.0,0.0,0.0,0.02431883076180738,0.25381656685772247,0.25381656685772247,0.0,0.0,2.4293893462029454,0.6052261782716934,55,0.0,55,2.310737045091764,0.1,0.1,2.4293893462029454,False,False,False,False,False,0,0,0.0,0.0,2.410480707639979
2009-02,52.34191442361543,54.41391294876782,0.039585837621131215,0.0,0.0,0.0,0.0,0.039585837621131215,0.24929150199206782,0.24929150199206782,0.0,0.0,2.3939750953995818,0.49166490946765273,55,0.0,55,2.257901474627487,0.09999999999999992,0.09999999999999992,2.3939750953995818,False,False,False,False,False,0,0,2.123301534595612e-15,8.873650587422387e-17,2.3107370450917637
2009-03,54.41391294876782,52.71554533779362,-0.031212010291802785,0.0,0.0,0.0,0.0,-0.031212010291802785,0.1757462499608084,0.1757462499608084,0.0,0.0,2.2120494227033722,0.36321704539585997,55,0.0,55,2.3414800398754965,0.09999999999999999,0.09999999999999999,2.2120494227033722,False,False,False,False,False,0,0,0.0,0.0,2.257901474627488
2009-04,52.71554533779362,49.575446357621765,-0.05956684996902817,0.0,0.0,0.0,0.0,-0.05956684996902817,0.35142735486634824,0.35142735486634824,0.0,0.0,2.4598380817980803,0.42555019646124337,55,0.0,55,2.6541827866290055,0.1,0.1,2.4598380817980803,False,False,False,False,False,0,0,0.0,0.0,2.3414800398754965
2009-05,49.575446357621765,45.981534332111195,-0.07249379056691105,0.0,0.0,0.0,0.0,-0.07249379056691105,0.4988364801549166,0.4988364801549166,0.0,0.0,2.280056275548568,0.4802207360448716,55,0.0,55,2.530610341763358,0.09999999999999994,0.09999999999999994,2.280056275548568,False,False,False,False,False,0,0,2.0365653607967715e-15,8.807588438880605e-17,2.654182786629005
2009-06,45.981534332111195,46.95118839538041,0.021087901422899194,0.0,0.0,0.0,0.0,0.021087901422899194,0.3035562952005255,0.3035562952005255,0.0,0.0,2.317620092668417,0.5928743280232127,55,0.0,55,2.247904958334751,0.1,0.1,2.317620092668417,False,False,False,False,False,0,0,0.0,0.0,2.530610341763358
2009-07,46.95118839538041,45.554916612429295,-0.029738795346200435,0.0,0.0,0.0,0.0,-0.029738795346200435,0.11977000285373599,0.11977000285373599,0.0,0.0,2.2138885422067083,0.5154789331820219,55,0.0,55,2.3230360181433993,0.09999999999999999,0.09999999999999999,2.2138885422067083,False,False,False,False,False,0,0,0.0,0.0,2.247904958334751
2009-08,45.554916612429295,46.24100912523824,0.015060778590510202,0.0,0.0,0.0,0.0,0.015060778590510202,0.10254053433731937,0.10254053433731937,0.0,0.0,2.2682491218485845,0.5714660909875282,55,0.0,55,2.244246494130773,0.09999999999999999,0.09999999999999999,2.2682491218485845,False,False,False,False,False,0,0,0.0,0.0,2.3230360181433984
2009-09,46.24100912523824,46.52390119584836,0.006117774589303151,0.0,0.0,0.0,0.0,0.006117774589303151,0.788741725419713,0.788741725419713,0.0,0.0,2.736232986971523,1.0405959432921972,55,0.0,55,2.749287653459261,0.09999999999999999,0.09999999999999999,2.736232986971523,False,False,False,False,False,0,0,0.0,0.0,2.2442464941307727
2009-10,46.52390119584836,45.66177102380164,-0.01853090884226308,0.0,0.0,0.0,0.0,-0.01853090884226308,0.6418454312562746,0.6418454312562746,0.0,0.0,3.0,1.5515526498463563,55,0.0,55,3.0777889493576858,0.07449041325872151,0.07449041325872151,3.0,False,False,False,False,False,0,0,0.0,0.0,2.749287653459261
2009-11,45.66177102380164,47.78183857241262,0.04642981428613159,0.0,0.0,0.0,0.0,0.04642981428613159,0.9621825709754895,0.9621825709754895,0.0,0.0,2.999999999999998,2.4237272140462904,55,0.0,55,2.925309891981099,0.08802622726142859,0.08802622726142859,2.999999999999998,False,False,False,False,False,0,0,2.6020852139652106e-15,7.88890777371814e-17,3.0777889493576853
2009-12,47.78183857241262,47.46124513111728,-0.006709525017742471,0.0,0.0,0.0,0.0,-0.006709525017742471,0.21996735579998328,0.21996735579998328,0.0,0.0,2.853399959514346,2.439153616863729,55,0.0,55,2.859451648558686,0.1,0.1,2.853399959514346,False,False,False,False,False,0,0,0.0,0.0,2.9253098919811
2010-01,47.46124513111728,45.88758257734499,-0.03315679033335213,0.0,0.0,0.0,0.0,-0.03315679033335213,1.2636258410163386,1.2636258410163386,0.0,0.0,2.9999999999999996,1.467409055713544,55,0.0,55,3.0806017998357498,0.09661001021216853,0.09661001021216853,2.9999999999999996,False,False,False,False,False,0,0,0.0,0.0,2.8594516485586854
2010-02,45.88758257734499,46.61669092461921,0.01588901193575154,0.0,0.0,0.0,0.0,0.01588901193575154,1.132947732758724,1.132947732758724,0.0,0.0,3.0,2.4168382567188234,55,0.0,55,2.977926887762878,0.09722342074470706,0.09722342074470706,3.0,False,False,False,False,False,0,0,0.0,0.0,3.080601799835749
2010-03,46.61669092461921,47.8485755068893,0.026425826411876515,0.0,0.0,0.0,0.0,0.026425826411876515,0.33704956975479716,0.33704956975479716,0.0,0.0,2.8227743133674155,2.4492552233732994,55,0.0,55,2.7673172861818416,0.1,0.1,2.8227743133674155,False,False,False,False,False,0,0,0.0,0.0,2.977926887762877
2010-04,47.8485755068893,48.06920090415535,0.004610908369347097,0.0,0.0,0.0,0.0,0.004610908369347097,0.9319456511769785,0.9319456511769785,0.0,0.0,2.999999999999998,2.0651240276158886,55,0.0,55,3.0093587469234557,0.09818890739353814,0.09818890739353814,2.999999999999998,False,False,False,False,False,0,0,2.633310236532793e-15,8.807243650117992e-17,2.7673172861818416
2010-05,48.06920090415535,46.23481682431611,-0.03816131837716206,0.0,0.0,0.0,0.0,-0.03816131837716206,0.7425828412593337,0.7425828412593337,0.0,0.0,2.9696287165171995,2.727637089713248,55,0.0,55,3.0357158242488165,0.1,0.1,2.9696287165171995,False,False,False,False,False,0,0,0.0,0.0,3.009358746923456
2010-06,46.23481682431611,45.78314871297687,-0.009769004018237968,0.0,0.0,0.0,0.0,-0.009769004018237968,0.6725557987404521,0.6725557987404521,0.0,0.0,3.0,2.172138342113201,55,0.0,55,3.04515365888208,0.07362753707317463,0.07362753707317463,3.0,False,False,False,False,False,0,0,0.0,0.0,3.035715824248816
2010-07,45.78314871297687,46.25941456172959,0.010402645124705772,0.0,0.0,0.0,0.0,0.010402645124705772,0.4389912845274563,0.4389912845274563,0.0,0.0,2.999999999999998,2.2186194698299024,55,0.0,55,3.0422717745697434,0.07138546179191892,0.07138546179191892,2.999999999999998,False,False,False,False,False,0,0,2.5864727026814194e-15,6.277228719158731e-17,3.04515365888208
2010-08,46.25941456172959,47.19598503725419,0.020246051196234235,0.0,0.0,0.0,0.0,0.020246051196234235,0.4230718292849864,0.4230718292849864,0.0,0.0,3.0,2.55151580096255,55,0.0,55,2.944179024459427,0.09812577165875462,0.09812577165875462,3.0,False,False,False,False,False,0,0,0.0,0.0,3.0422717745697434
2010-09,47.19598503725419,48.9823260113814,0.03784942665604205,0.0,0.0,0.0,0.0,0.03784942665604205,0.3071638224301715,0.3071638224301715,0.0,0.0,2.9999999999999996,2.4421297637511477,55,0.0,55,2.9647743692270536,0.08436725062483312,0.08436725062483312,2.9999999999999996,False,False,False,False,False,0,0,0.0,0.0,2.944179024459427
2010-10,48.9823260113814,50.50366974124998,0.031059034018006384,0.0,0.0,0.0,0.0,0.031059034018006384,0.28783581308232215,0.28783581308232215,0.0,0.0,2.9999999999999973,2.5948951329018066,55,0.0,55,2.9515386417199876,0.09826837844099412,0.09826837844099412,2.9999999999999973,False,False,False,False,False,0,0,2.5500435096859064e-15,8.685618996495222e-17,2.9647743692270536
2010-11,50.50366974124998,50.30060020145065,-0.00402088681554704,0.0,0.0,0.0,0.0,-0.00402088681554704,0.23576579569543643,0.23576579569543643,0.0,0.0,2.999999999999997,2.459707758559878,55,0.0,55,2.998076572091222,0.09318265266622339,0.09318265266622339,2.999999999999997,False,False,False,False,False,0,0,2.5517782331618832e-15,8.236008702733093e-17,2.951538641719987
2010-12,50.30060020145065,52.551810552428954,0.044755138943916306,0.0,0.0,0.0,0.0,0.044755138943916306,0.16088729824023437,0.16088729824023437,0.0,0.0,2.9999999999999996,2.456728219699155,55,0.0,55,2.936963261883363,0.0928797966214817,0.0928797966214817,2.9999999999999996,False,False,False,False,False,0,0,0.0,0.0,2.9980765720912217
2011-01,52.551810552428954,52.69724635927793,0.002767474713433125,0.0,0.0,0.0,0.0,0.002767474713433125,0.3703738947520086,0.3703738947520086,0.0,0.0,3.0,2.5835086158266654,55,0.0,55,3.0106639439301186,0.09944065242561821,0.09944065242561821,3.0,False,False,False,False,False,0,0,0.0,0.0,2.936963261883363
2011-02,52.69724635927793,53.88929314888225,0.02262066563169566,0.0,0.0,0.0,0.0,0.02262066563169566,0.7898711191810401,0.7898711191810401,0.0,0.0,2.4988173536181546,2.366742410550575,55,0.0,55,2.4618382102631586,0.1,0.1,2.4988173536181546,False,False,False,False,False,0,0,0.0,0.0,3.010663943930118
2011-03,53.88929314888225,53.52087018244998,-0.0068366635541945,0.0,0.0,0.0,0.0,-0.0068366635541945,0.2077544103141536,0.2077544103141536,0.0,0.0,2.4939153327518513,2.360547237262546,55,0.0,55,2.506874885407879,0.09999999999999994,0.09999999999999994,2.4939153327518513,False,False,False,False,False,0,0,2.2551405187698492e-15,8.731309784967155e-17,2.4618382102631586
2011-04,53.52087018244998,55.40493894315226,0.0352025061304045,0.0,0.0,0.0,0.0,0.0352025061304045,0.7487282154429706,0.7487282154429706,0.0,0.0,2.4476984944606386,1.802101635398024,55,0.0,55,2.3949357451526265,0.1,0.1,2.4476984944606386,False,False,False,False,False,0,0,0.0,0.0,2.5068748854078784
2011-05,55.40493894315226,55.16331108022924,-0.004361124974272278,0.0,0.0,0.0,0.0,-0.004361124974272278,0.1475205258606199,0.1475205258606199,0.0,0.0,2.4753447918662097,1.7825054749674767,55,0.0,55,2.4780277467372422,0.1,0.1,2.4753447918662097,False,False,False,False,False,0,0,0.0,0.0,2.3949357451526265
2011-06,55.16331108022924,54.47020576727597,-0.01256460678992272,0.0,0.0,0.0,0.0,-0.01256460678992272,0.501356583935339,0.501356583935339,0.0,0.0,2.2926834487123653,1.4164455001227836,55,0.0,55,2.3107907103351693,0.1,0.1,2.2926834487123653,False,False,False,False,False,0,0,0.0,0.0,2.4780277467372422
2011-07,54.47020576727597,55.09958465521981,0.01155455315577213,0.0,0.0,0.0,0.0,0.01155455315577213,0.2777925025519267,0.2777925025519267,0.0,0.0,2.2175598037807034,1.2013534268116852,55,0.0,55,2.22305001278179,0.1,0.1,2.2175598037807034,False,False,False,False,False,0,0,0.0,0.0,2.3107907103351693
2011-08,55.09958465521981,54.714922598730205,-0.006981215174244783,0.0,0.0,0.0,0.0,-0.006981215174244783,1.4336715912778244,1.4336715912778244,0.0,0.0,2.627236087013581,2.5032348153243644,55,0.0,55,2.641867456285401,0.1,0.1,2.627236087013581,False,False,False,False,False,0,0,0.0,0.0,2.2230500127817896
2011-09,54.714922598730205,51.28015248424949,-0.06277574656681359,0.0,0.0,0.0,0.0,-0.06277574656681359,0.5899179741129658,0.5899179741129658,0.0,0.0,2.9999999999999996,2.6659400145866994,55,0.0,55,3.1017702889272925,0.09570134917803087,0.09570134917803087,2.9999999999999996,False,False,False,False,False,0,0,0.0,0.0,2.641867456285401
2011-10,51.28015248424949,50.31050562490434,-0.01890881388550826,0.0,0.0,0.0,0.0,-0.01890881388550826,1.0259037712879375,1.0259037712879375,0.0,0.0,3.0,1.8011828196288515,56,0.0,56,3.131892307519998,0.06702587644112099,0.06702587644112099,3.0,False,False,False,False,False,0,0,0.0,0.0,3.1017702889272925
2011-11,50.31050562490434,50.99867180821934,0.013678379391487472,0.0,0.0,0.0,0.0,0.013678379391487472,0.7592749590833632,0.7592749590833632,0.0,0.0,2.9999999999999996,2.157803982689463,56,0.0,56,2.9294439892295814,0.052182355764406094,0.052182355764406094,2.9999999999999996,False,False,False,False,False,0,0,0.0,0.0,3.131892307519998
2011-12,50.99867180821934,51.400566087913816,0.007880485225297613,0.0,0.0,0.0,0.0,0.007880485225297613,0.3053270727284542,0.3053270727284542,0.0,0.0,3.0,1.9878070933112701,56,0.0,56,2.9815367015155796,0.05350870212118775,0.05350870212118775,3.0,False,False,False,False,False,0,0,0.0,0.0,2.929443989229582
2012-01,51.400566087913816,51.69924122981385,0.005810736430201788,0.0,0.0,0.0,0.0,0.005810736430201788,0.5532315413833365,0.5532315413833365,0.0,0.0,2.9999999999999996,1.5245823060142403,56,0.0,56,3.034843495270135,0.07739250375809759,0.07739250375809759,2.9999999999999996,False,False,False,False,False,0,0,0.0,0.0,2.9815367015155796
2012-02,51.69924122981385,50.56277286257958,-0.021982302645070485,0.0,0.0,0.0,0.0,-0.021982302645070485,0.6271270080948195,0.6271270080948195,0.0,0.0,3.0,1.5708452029994142,56,0.0,56,3.0953714408832917,0.06677744905681297,0.06677744905681297,3.0,False,False,False,False,False,0,0,0.0,0.0,3.0348434952701355
2012-03,50.56277286257958,49.79985627973174,-0.015088503649143273,0.0,0.0,0.0,0.0,-0.015088503649143273,0.3420368719072018,0.3420368719072018,0.0,0.0,3.0,1.4920760506907629,56,0.0,56,3.0260550193742537,0.06959533194962438,0.06959533194962438,3.0,False,False,False,False,False,0,0,0.0,0.0,3.0953714408832917
2012-04,49.79985627973174,50.264607199959705,0.009332374728501238,0.0,0.0,0.0,0.0,0.009332374728501238,0.7463043175250524,0.7463043175250524,0.0,0.0,3.0,1.6411723632661075,56,0.0,56,2.9764101135044907,0.05549150961272667,0.05549150961272667,3.0,False,False,False,False,False,0,0,0.0,0.0,3.026055019374254
2012-05,50.264607199959705,53.59491977959781,0.06625561732512211,0.0,0.0,0.0,0.0,0.06625561732512211,1.3959715258098637,1.3959715258098637,0.0,0.0,3.0,0.5395787821864825,56,0.0,56,2.754660217854205,0.08711064039280929,0.08711064039280929,3.0,False,False,False,False,False,0,0,0.0,0.0,2.9764101135044907
2012-06,53.59491977959781,50.9807593053292,-0.04877627366584379,0.0,0.0,0.0,0.0,-0.04877627366584379,0.5126282325622796,0.5126282325622796,0.0,0.0,2.9791791593918404,0.5197000289855336,56,0.0,56,3.187739210221926,0.1,0.1,2.9791791593918404,False,False,False,False,False,0,0,0.0,0.0,2.7546602178542052
2012-07,50.9807593053292,52.66823242894205,0.033100195968176774,0.0,0.0,0.0,0.0,0.033100195968176774,1.1803876901842776,1.1803876901842776,0.0,0.0,3.0,1.3028815186436113,56,0.0,56,2.9470340344002466,0.0767764777640529,0.0767764777640529,3.0,False,False,False,False,False,0,0,0.0,0.0,3.1877392102219257
2012-08,52.66823242894205,52.02950332709767,-0.012127407212803795,0.0,0.0,0.0,0.0,-0.012127407212803795,0.48210986596015765,0.48210986596015765,0.0,0.0,2.9999999999999973,1.3303588437549994,56,0.0,56,3.071312685051599,0.059331528102187364,0.059331528102187364,2.9999999999999973,False,False,False,False,False,0,0,2.714842239903703e-15,5.266583771383038e-17,2.9470340344002466
2012-09,52.02950332709767,51.5496810757457,-0.009222118618650507,0.0,0.0,0.0,0.0,-0.009222118618650507,0.808117875366489,0.808117875366489,0.0,0.0,2.9999999999999973,1.931995627795001,56,0.0,56,3.038083550717443,0.04930041146962581,0.04930041146962581,2.9999999999999973,False,False,False,False,False,0,0,2.714842239903703e-15,4.344961916991454e-17,3.071312685051598
2012-10,51.5496810757457,51.03792615414095,-0.009927411982487248,0.0,0.0,0.0,0.0,-0.009927411982487248,0.6859412466076114,0.6859412466076114,0.0,0.0,3.0,2.2712727930500587,56,0.0,56,3.0143960098007043,0.08124160833049601,0.08124160833049601,3.0,False,False,False,False,False,0,0,0.0,0.0,3.0380835507174426
2012-11,51.03792615414095,51.28649553941086,0.0048702877252340925,0.0,0.0,0.0,0.0,0.0048702877252340925,0.31774909820375674,0.31774909820375674,0.0,0.0,2.9999999999999996,1.985844467995344,56,0.0,56,3.0020261847187895,0.05457014399339701,0.05457014399339701,2.9999999999999996,False,False,False,False,False,0,0,0.0,0.0,3.0143960098007043
2012-12,51.28649553941086,51.26200560845576,-0.00047751227096963045,0.0,0.0,0.0,0.0,-0.00047751227096963045,0.3895031677148088,0.3895031677148088,0.0,0.0,3.0,2.212102161048142,56,0.0,56,2.9969093323952856,0.07104806108677483,0.07104806108677483,3.0,False,False,False,False,False,0,0,0.0,0.0,3.0020261847187903
2013-01,51.26200560845576,52.0553482895342,0.015476231795105232,0.0,0.0,0.0,0.0,0.015476231795105232,0.35042972697492764,0.35042972697492764,0.0,0.0,2.9999999999999973,2.4551507351161987,56,0.0,56,2.967605892656447,0.08147793690887982,0.08147793690887982,2.9999999999999973,False,False,False,False,False,0,0,2.579533808777512e-15,7.195040443226868e-17,2.9969093323952847
2013-02,52.0553482895342,52.56746377591186,0.009837903370259877,0.0,0.0,0.0,0.0,0.009837903370259877,0.4293742012606172,0.4293742012606172,0.0,0.0,2.999999999999998,2.4212181307537093,56,0.0,56,2.9618511725395127,0.07534990047918472,0.07534990047918472,2.999999999999998,False,False,False,False,False,0,0,2.7495367094232392e-15,6.660596075356567e-17,2.9676058926564464
2013-03,52.56746377591186,53.355398223607196,0.014989013946995656,0.0,0.0,0.0,0.0,0.014989013946995656,0.7725141590412662,0.7725141590412662,0.0,0.0,2.999999999999998,1.6779514091364445,56,0.0,56,2.9717577834031053,0.04828746012470241,0.04828746012470241,2.999999999999998,False,False,False,False,False,0,0,2.7495367094232392e-15,4.30819760810348e-17,2.9618511725395127
2013-04,53.355398223607196,54.706398986496886,0.025320788671237715,0.0,0.0,0.0,0.0,0.025320788671237715,0.2784428868909867,0.2784428868909867,0.0,0.0,3.0,1.8355921395593424,56,0.0,56,2.9365163766901805,0.048208430038322474,0.048208430038322474,3.0,False,False,False,False,False,0,0,0.0,0.0,2.9717577834031057
2013-05,54.706398986496886,54.45155341922247,-0.00465842336537845,0.0,0.0,0.0,0.0,-0.00465842336537845,0.1508136624475961,0.1508136624475961,0.0,0.0,3.0,1.9095902678753451,56,0.0,56,2.9828215872428046,0.05422252026869682,0.05422252026869682,3.0,False,False,False,False,False,0,0,0.0,0.0,2.93651637669018
2013-06,54.45155341922247,53.927196928434036,-0.009629780196561417,0.0,0.0,0.0,0.0,-0.009629780196561417,1.6357164469992345,1.6357164469992345,0.0,0.0,2.9999999999999996,1.1298992177208227,56,0.0,56,2.980875838447524,0.08701336021837061,0.08701336021837061,2.9999999999999996,False,False,False,False,False,0,0,0.0,0.0,2.9828215872428046
2013-07,53.927196928434036,55.522990962324116,0.02959163696210347,0.0,0.0,0.0,0.0,0.02959163696210347,0.41543747278236726,0.41543747278236726,0.0,0.0,3.0,0.7853610234291694,56,0.0,56,2.9556627817869905,0.0651809785010729,0.0651809785010729,3.0,False,False,False,False,False,0,0,0.0,0.0,2.9808758384475245
2013-08,55.522990962324116,55.08598913922569,-0.007870646294882738,0.0,0.0,0.0,0.0,-0.007870646294882738,1.8995171605518497,1.8995171605518497,0.0,0.0,2.9999999999999996,-0.9825808456822215,56,0.0,56,3.0181917158452505,0.06899255109072411,0.06899255109072411,2.9999999999999996,False,False,False,False,False,0,0,0.0,0.0,2.9556627817869905
2013-09,55.08598913922569,55.25017542404087,0.0029805452780417995,0.0,0.0,0.0,0.0,0.0029805452780417995,0.6376415350464398,0.6376415350464398,0.0,0.0,3.0,-1.3276850897259478,56,0.0,56,3.024856281678668,0.0788679679283985,0.0788679679283985,3.0,False,False,False,False,False,0,0,0.0,0.0,3.0181917158452505
2013-10,55.25017542404087,56.03358642600918,0.014179339630248988,0.0,0.0,0.0,0.0,0.014179339630248988,1.9203657520084065,1.9203657520084065,0.0,0.0,2.9999999999999996,0.2976010268021227,56,0.0,56,2.979442788059839,0.06292471625514423,0.06292471625514423,2.9999999999999996,False,False,False,False,False,0,0,0.0,0.0,3.024856281678669
2013-11,56.03358642600918,57.526650017522904,0.026645868785951626,0.0,0.0,0.0,0.0,0.026645868785951626,0.14060595874862147,0.14060595874862147,0.0,0.0,2.9999999999999996,0.3012342017660496,56,0.0,56,2.9261076580887533,0.06365593139857918,0.06365593139857918,2.9999999999999996,False,False,False,False,False,0,0,0.0,0.0,2.979442788059839
2013-12,57.526650017522904,58.778985486885,0.021769657523610816,0.0,0.0,0.0,0.0,0.021769657523610816,0.6627912742910185,0.6627912742910185,0.0,0.0,3.0,0.8722833313051915,56,0.0,56,2.9281847081790375,0.06611601075982011,0.06611601075982011,3.0,False,False,False,False,False,0,0,0.0,0.0,2.9261076580887537
2014-01,58.778985486885,56.53894479129883,-0.038109550156934464,0.0,0.0,0.0,0.0,-0.038109550156934464,1.6494548571289336,1.6494548571289336,0.0,0.0,2.999999999999998,-0.6679512630292335,56,0.0,56,3.1300869521658226,0.07616308903458284,0.07616308903458284,2.999999999999998,False,False,False,False,False,0,0,2.617697725249002e-15,6.770898658712191e-17,2.928184708179037
2014-02,56.53894479129883,56.95524288983733,0.007363032686145303,0.0,0.0,0.0,0.0,0.007363032686145303,2.1370556295492418,2.1370556295492418,0.0,0.0,2.9999999999999996,0.6555713990969645,56,0.0,56,3.0512399585313075,0.050587781606583865,0.050587781606583865,2.9999999999999996,False,False,False,False,False,0,0,0.0,0.0,3.130086952165823
2014-03,56.95524288983733,57.28954899567145,0.005869628305874047,0.0,0.0,0.0,0.0,0.005869628305874047,0.4118958067088021,0.4118958067088021,0.0,0.0,2.9999999999999996,0.9683703982833627,56,0.0,56,2.9889993667651304,0.05789649115592422,0.05789649115592422,2.9999999999999996,False,False,False,False,False,0,0,0.0,0.0,3.0512399585313075
2014-04,57.28954899567145,57.712402835696096,0.007380994394921675,0.0,0.0,0.0,0.0,0.007380994394921675,0.7291170528113203,0.7291170528113203,0.0,0.0,2.999999999999999,0.5867010761435717,56,0.0,56,2.9985464306724854,0.06323751942594408,0.06323751942594408,2.999999999999999,False,False,False,False,False,0,0,0.0,0.0,2.98899936676513
2014-05,57.712402835696096,58.17109879344417,0.007947961533571087,0.0,0.0,0.0,0.0,0.007947961533571087,0.17081484246460163,0.17081484246460163,0.0,0.0,2.9999999999999982,0.5531683980392714,56,0.0,56,2.9845953638576628,0.06436232451814802,0.06436232451814802,2.9999999999999982,False,False,False,False,False,0,0,2.6038199374411874e-15,5.706604317548957e-17,2.9985464306724854
2014-06,58.17109879344417,58.80177213692949,0.010841695559589375,0.0,0.0,0.0,0.0,0.010841695559589375,1.77591990441133,1.77591990441133,0.0,0.0,2.9999999999999996,2.1622112763159183,56,0.0,56,2.9815108414607656,0.061363855886772525,0.061363855886772525,2.9999999999999996,False,False,False,False,False,0,0,0.0,0.0,2.9845953638576628
2014-07,58.80177213692949,58.96801797157234,0.0028272249049860116,0.0,0.0,0.0,0.0,0.0028272249049860116,0.4216705357313527,0.4216705357313527,0.0,0.0,2.999999999999999,2.425780883302507,56,0.0,56,2.9613979606463956,0.07207283755541309,0.07207283755541309,2.999999999999999,False,False,False,False,False,0,0,0.0,0.0,2.9815108414607656
2014-08,58.96801797157234,60.42620816867069,0.024728492617834316,0.0,0.0,0.0,0.0,0.024728492617834316,0.3446403525215472,0.3446403525215472,0.0,0.0,2.999999999999998,2.1773751343626824,56,0.0,56,2.946043882610421,0.05454081289674665,0.05454081289674665,2.999999999999998,False,False,False,False,False,0,0,2.6142282782970483e-15,4.76637477814785e-17,2.9613979606463965
2014-09,60.42620816867069,61.16841943296728,0.012282936275346174,0.0,0.0,0.0,0.0,0.012282936275346174,0.4584423057162479,0.4584423057162479,0.0,0.0,3.0,2.0223431470792352,56,0.0,56,2.9184509284872715,0.05178155593942579,0.05178155593942579,3.0,False,False,False,False,False,0,0,0.0,0.0,2.9460438826104207
2014-10,61.16841943296728,61.45809929128855,0.004735774783893472,0.0,0.0,0.0,0.0,0.004735774783893472,0.3826231321101157,0.3826231321101157,0.0,0.0,3.0,1.7264563017304644,56,0.0,56,2.9991644949790364,0.04975104879061628,0.04975104879061628,3.0,False,False,False,False,False,0,0,0.0,0.0,2.9184509284872715
2014-11,61.45809929128855,63.74607976914723,0.037228298698508425,0.0,0.0,0.0,0.0,0.037228298698508425,0.338188941198355,0.338188941198355,0.0,0.0,2.9999999999999996,1.5652898860855384,56,0.0,56,2.8940658442503815,0.04586953381853816,0.04586953381853816,2.9999999999999996,False,False,False,False,False,0,0,0.0,0.0,2.9991644949790364
2014-12,63.74607976914723,64.1039604746113,0.005614160223814746,0.0,0.0,0.0,0.0,0.005614160223814746,3.302709747242896,0.33908991977181147,0.0,2.9636198274710845,2.999999999999998,1.5083778930448672,56,0.0,56,2.947074479153601,0.04889328481122747,0.04889328481122747,2.999999999999998,False,False,False,False,False,0,0,2.690556111240028e-15,4.365303089353281e-17,2.894065844250381
