month,nav_start,nav_end,gross_return,collateral_income,rebalance_cost,liquidation_cost,cost,net_return,turnover,rebalance_turnover,source_switch_extra_turnover,terminal_turnover,gross_exposure,net_exposure,held_instruments,cost_cash,rebalance_instruments,end_gross_before_liquidation,forecast_vol_annual,forecast_after_cost,gross_after_cost,gross_limit_breach,risk_limit_breach,limit_override,gross_override,risk_override,band_skipped_resizes,net_skipped_resizes,target_distance_l1,forecast_tracking_risk,drifted_gross_before
1976-01,1.0,1.0,0.0,0.0,0.0,0.0,0.0,0.0,0.0,0.0,0.0,0.0,0.0,0.0,0,0.0,0,0.0,0.0,0.0,0.0,False,False,False,False,False,0,0,0.0,0.0,0.0
1976-02,1.0,1.0159055778088457,0.016141098080878824,0.0,0.00023552027203307846,0.0,0.00023552027203307846,0.015905577808845744,0.4710405440661569,0.4710405440661569,0.0,0.0,0.4710405440661569,0.4710405440661569,11,0.00023552027203307846,11,0.4795540577676645,0.09997644797279666,0.09999999999999996,0.4711515097979133,False,False,True,False,True,0,0,0.00011096573175657654,2.355202720334434e-05,0.0
1976-03,1.0159055778088457,1.00286023141358,-0.012833472011248421,0.0,7.629248774868442e-06,0.0,7.629248774868442e-06,-0.01284110126002329,0.015258497549736884,0.015258497549736884,0.0,0.0,0.4811797806920454,0.4811797806920454,11,7.750596384880154e-06,11,0.47443862308145196,0.09999923707512251,0.09999999999999999,0.48118345176030525,False,False,True,False,True,0,0,3.671068259852861e-06,7.629248774925055e-07,0.47955405776766447
1976-04,1.00286023141358,1.0222533762120856,0.01934835949403353,0.0,1.052537614241985e-05,0.0,1.052537614241985e-05,0.019337834117891108,0.0210507522848397,0.0210507522848397,0.0,0.0,0.4832582607566386,0.4832582607566386,11,1.0555481153902145e-05,11,0.4930716818586598,0.09999894746238569,0.09999999999999994,0.4832633472851446,False,False,True,False,True,0,0,5.086528506354632e-06,1.0525376143110391e-06,0.47443862308145196
1976-05,1.0222533762120856,1.0412611407401091,0.018610248905342443,0.0,1.626333353033186e-05,0.0,1.626333353033186e-05,0.018593985571812112,0.03252666706066372,0.03252666706066372,0.0,0.0,0.4844472363383163,0.4844472363383163,11,1.662524760984496e-05,11,0.49387439192590116,0.09999837366664695,0.09999999999999998,0.4844551151934352,False,False,True,False,True,0,0,7.878855118974987e-06,1.6263333530562866e-06,0.4930716818586598
1976-06,1.0412611407401091,1.0611487753871545,0.019111727593323934,0.0,1.2162778190688006e-05,0.0,1.2162778190688006e-05,0.019099564815133245,0.024325556381376012,0.024325556381376012,0.0,0.0,0.512929762860758,0.512929762860758,11,1.2664628293404714e-05,11,0.5220701772653542,0.09999878372218093,0.1,0.5129360015875714,False,False,True,False,True,0,0,6.238726813392881e-06,1.2162778190817408e-06,0.4938743919259012
1976-07,1.0611487753871545,1.0252924141273758,-0.033766311642976825,0.0,2.38241904238199e-05,0.0,2.38241904238199e-05,-0.033790135833400646,0.047648380847639796,0.047648380847639796,0.0,0.0,0.5080626127443703,0.5080626127443703,11,2.5281010492826857e-05,11,0.4908833149933694,0.0999976175809576,0.09999999999999998,0.5080747172131826,False,False,True,False,True,0,0,1.210446881250507e-05,2.3824190423999318e-06,0.5220701772653542
1976-08,1.0252924141273758,1.0105947185098088,-0.01430251647423827,0.0,3.260920800554521e-05,0.0,3.260920800554521e-05,-0.014335125682243814,0.06521841601109041,0.06521841601109041,0.0,0.0,0.5561017310044599,0.5561017310044599,11,3.34339735987872e-05,11,0.5496789310923113,0.09999673907919943,0.09999999999999998,0.5561198656328343,False,False,True,False,True,0,0,1.8134628374608802e-05,3.2609208005855154e-06,0.4908833149933694
1976-09,1.0105947185098088,0.9980364032033536,-0.012407417968929278,0.0,1.924039019342475e-05,0.0,1.924039019342475e-05,-0.012426658359122702,0.038480780386849496,0.038480780386849496,0.0,0.0,0.5533879535818231,0.5533879535818231,11,1.944423671154297e-05,11,0.5477877062923159,0.0999980759609806,0.09999999999999995,0.5533986011868425,False,False,True,False,True,0,0,1.0647605019620254e-05,1.9240390193946965e-06,0.5496789310923114
1976-10,0.9980364032033536,0.9932682319708976,-0.004759490620264397,0.0,1.8061798817542243e-05,0.0,1.8061798817542243e-05,-0.004777552419081939,0.036123597635084485,0.036123597635084485,0.0,0.0,0.5525881995519458,0.5525881995519458,11,1.8026332727242446e-05,11,0.5504585535256824,0.09999819382011826,0.10000000000000002,0.5525981804691085,False,False,True,False,True,0,0,9.98091716254354e-06,1.8061798817501005e-06,0.5477877062923159
1976-11,0.9932682319708976,0.9879169020121984,-0.005370103726285066,0.0,1.7494292510823403e-05,0.0,1.7494292510823403e-05,-0.00538759801879589,0.034988585021646805,0.034988585021646805,0.0,0.0,0.5625004299570152,0.5625004299570152,11,1.7376524991807278e-05,11,0.560148179452581,0.09999825057074888,0.09999999999999996,0.5625102706762308,False,False,True,False,True,0,0,9.840719215940819e-06,1.749429251150527e-06,0.5504585535256825
1976-12,0.9879169020121984,0.9851459333139457,-0.002790784546891906,0.0,1.4075550762726675e-05,0.0,1.4075550762726675e-05,-0.002804860097654633,0.02815110152545335,0.02815110152545335,0.0,0.0,0.5664885283526452,0.5664885283526452,11,1.3905474503628374e-05,11,0.5652832843338524,0.09999859244492369,0.09999999999999996,0.5664965021029175,False,False,True,False,True,0,0,7.973750272501773e-06,1.407555076315447e-06,0.5601481794525809
1977-01,0.9851459333139457,1.0606204338050358,0.0766294948657642,0.0,1.698707496389491e-05,0.0,1.698707496389491e-05,0.07661250779080031,0.03397414992778982,0.03397414992778982,0.0,0.0,0.5660244708108284,0.5660244708108284,11,1.6734747819580212e-05,11,0.5969222547816327,0.09999830129250357,0.09999999999999996,0.5660340860742806,False,False,True,False,True,0,0,9.615263452576739e-06,1.6987074964442307e-06,0.5652832843338524
1977-02,1.0606204338050358,1.085317469598569,0.02341431773714151,0.0,0.00012885669342841495,0.0,0.00012885669342841495,0.023285461043713096,0.2577133868568299,0.2577133868568299,0.0,0.0,0.5933196685011557,0.5933196685011557,13,0.00013666804208272798,13,0.6026998425339216,0.09998711433065717,0.10000000000000002,0.5933961315645623,False,False,True,False,True,0,0,7.646306340657744e-05,1.2885669342833768e-05,0.5969222547816326
1977-03,1.085317469598569,1.1082828489785048,0.02119526603250336,0.0,3.5209161374172645e-05,0.0,3.5209161374172645e-05,0.021160056871129186,0.0704183227483453,0.0704183227483453,0.0,0.0,0.6215413185360453,0.6215413185360453,13,3.821311792930473e-05,13,0.6294180625688753,0.09999647908386251,0.09999999999999994,0.621563203255173,False,False,True,False,True,0,0,2.188471912811102e-05,3.5209161374899417e-06,0.6026998425339216
1977-04,1.1082828489785048,1.113917834481218,0.0051060367786219685,0.0,2.160773787057947e-05,0.0,2.160773787057947e-05,0.005084429040751389,0.04321547574115894,0.04321547574115894,0.0,0.0,0.6367768967474414,0.6367768967474414,13,2.3947485287186548e-05,13,0.6386358349404277,0.0999978392262129,0.09999999999999996,0.6367906563530223,False,False,True,False,True,0,0,1.3759605581149803e-05,2.1607737870954407e-06,0.6294180625688753
1977-05,1.113917834481218,1.0945487260109308,-0.017369080650570124,0.0,1.9193305298340263e-05,0.0,1.9193305298340263e-05,-0.017388273955868463,0.038386610596680526,0.038386610596680526,0.0,0.0,0.6392724591211035,0.6392724591211035,13,2.137976507446407e-05,13,0.6329085660052485,0.09999808066947012,0.09999999999999995,0.6392847291080819,False,False,True,False,True,0,0,1.2269986978664243e-05,1.919330529884541e-06,0.6386358349404277
1977-06,1.0945487260109308,1.053793145876431,-0.03721187236419895,0.0,2.318091938850558e-05,0.0,2.318091938850558e-05,-0.037235053283587456,0.04636183877701116,0.04636183877701116,0.0,0.0,0.656070000671561,0.656070000671561,13,2.5372645784450865e-05,13,0.6427925428922476,0.09999768190806115,0.09999999999999999,0.6560852093299104,False,False,True,False,True,0,0,1.520865834943319e-05,2.3180919388462135e-06,0.6329085660052486
1977-07,1.053793145876431,1.0072269129556213,-0.0441716257411494,0.0,1.753330114138699e-05,0.0,1.753330114138699e-05,-0.04418915904229079,0.03506660228277398,0.03506660228277398,0.0,0.0,0.6585682963189763,0.6585682963189763,13,1.8476472567381013e-05,13,0.6428015296020391,0.09999824666988584,0.09999999999999998,0.6585798433976963,False,False,True,False,True,0,0,1.1547078720097054e-05,1.7533301141633388e-06,0.6427925428922475
1977-08,1.0072269129556213,0.9923353421704755,-0.014733936345682022,0.0,5.0786534138277734e-05,0.0,5.0786534138277734e-05,-0.0147847228798203,0.10157306827655546,0.10157306827655546,0.0,0.0,0.7209321271242799,0.7209321271242799,13,5.115356399981276e-05,13,0.7167958183137813,0.09999492134658618,0.1,0.72096874262794,False,False,True,False,True,0,0,3.661550366000632e-05,5.078653413813513e-06,0.6428015296020392
1977-09,0.9923353421704755,1.012473961577498,0.020335129831941384,0.0,4.096257697445349e-05,0.0,4.096257697445349e-05,0.02029416725496693,0.08192515394890698,0.08192515394890698,0.0,0.0,0.7847852972309379,0.7847852972309379,13,4.064861283812874e-05,13,0.7891061743781227,0.09999590374230251,0.09999999999999996,0.7848174453759551,False,False,True,False,True,0,0,3.214814501741742e-05,4.0962576974841855e-06,0.7167958183137813
1977-10,1.012473961577498,1.0383236043824042,0.025554590310189,0.0,2.3422313897195834e-05,0.0,2.3422313897195834e-05,0.025531167996291806,0.04684462779439167,0.04684462779439167,0.0,0.0,0.795180849433143,0.795180849433143,13,2.3714482940805555e-05,13,0.8003027751432513,0.09999765776861029,0.1,0.7951994748448538,False,False,True,False,True,0,0,1.862541171077786e-05,2.3422313897286055e-06,0.7891061743781227
1977-11,1.0383236043824042,1.074646164238158,0.0350042475226507,0.0,2.2321172860893763e-05,0.0,2.2321172860893763e-05,0.03498192634978981,0.044642345721787526,0.044642345721787526,0.0,0.0,0.7932526932372035,0.7932526932372035,13,2.3176600658965915e-05,13,0.8002622264921858,0.0999977678827139,0.09999999999999999,0.7932703999629265,False,False,True,False,True,0,0,1.770672572322385e-05,2.232117286116764e-06,0.8003027751432512
1977-12,1.074646164238158,1.1006285284484973,0.024195831259178457,0.0,1.823208749301701e-05,0.0,1.823208749301701e-05,0.02417759917168544,0.03646417498603402,0.03646417498603402,0.0,0.0,0.7884437271614008,0.7884437271614008,13,1.9593042890425224e-05,13,0.7934557044381854,0.0999981767912507,0.09999999999999999,0.7884581023985082,False,False,True,False,True,0,0,1.4375237107545902e-05,1.8232087493074122e-06,0.8002622264921856
1978-01,1.1006285284484973,1.1202664930252666,0.017860534211724087,0.0,1.8034159093204614e-05,0.0,1.8034159093204614e-05,0.017842500052630883,0.03606831818640923,0.03606831818640923,0.0,0.0,0.8139114211990883,0.8139114211990883,13,1.9848909984559883e-05,13,0.8171912210069857,0.09999819658409068,0.09999999999999999,0.8139260996718599,False,False,True,False,True,0,0,1.4678472771582907e-05,1.8034159093196922e-06,0.7934557044381854
1978-02,1.1202664930252666,1.1263960495270309,0.005614421474240822,0.0,0.00014290506280966787,0.0,0.00014290506280966787,0.005471516411431154,0.2858101256193357,0.2858101256193357,0.0,0.0,0.8914784915116613,0.8914784915116613,16,0.00016009175354934208,16,0.8922111649543921,0.09998570949371902,0.09999999999999998,0.8916059065097325,False,False,True,False,True,0,0,0.00012741499807144424,1.4290506280988948e-05,0.8171912210069859
1978-03,1.1263960495270309,1.2014108218585295,0.06672402210991457,0.0,0.00012686708349462668,0.0,0.00012686708349462668,0.06659715502641994,0.25373416698925333,0.25373416698925333,0.0,0.0,1.1358935188481443,1.1358935188481443,17,0.00014290258166336348,17,1.1275274224112002,0.09998731329165055,0.1,1.1360376446308587,False,False,True,False,True,0,0,0.00014412578271444376,1.2686708349464701e-05,0.892211164954392
1978-04,1.2014108218585295,1.1732812899249783,-0.023369572335310305,0.0,4.417708475567736e-05,0.0,4.417708475567736e-05,-0.023413749420065983,0.08835416951135472,0.08835416951135472,0.0,0.0,1.137991374132387,1.137991374132387,17,5.307482770363225e-05,17,1.141344966852822,0.09999558229152443,0.09999999999999999,1.1380416494947923,False,False,True,False,True,0,0,5.0275362405233226e-05,4.4177084755692845e-06,1.1275274224112006
1978-05,1.1732812899249783,1.2399387863768856,0.05683333758244742,0.0,2.0451342550558842e-05,0.0,2.0451342550558842e-05,0.05681288623989686,0.040902685101117685,0.040902685101117685,0.0,0.0,1.1303835600244805,1.1303835600244805,17,2.3995177568417272e-05,17,1.123393661323533,0.09999795486574492,0.09999999999999998,1.130406678358681,False,False,True,False,True,0,0,2.3118334201065183e-05,2.0451342550989885e-06,1.1413449668528222
1978-06,1.2399387863768856,1.164851196521156,-0.06051906509824551,0.0,3.8432320749103466e-05,0.0,3.8432320749103466e-05,-0.06055749741899462,0.07686464149820693,0.07686464149820693,0.0,0.0,1.1130742172478731,1.1130742172478731,17,4.765372514729055e-05,17,1.120404015421762,0.09999615676792502,0.09999999999999992,1.11311699691733,False,False,True,False,True,0,0,4.277966945762102e-05,3.843232074984736e-06,1.123393661323533
1978-07,1.164851196521156,1.1858842592071335,0.018084071378665124,0.0,2.76339995451021e-05,0.0,2.76339995451021e-05,0.01805643737912002,0.0552679990902042,0.0552679990902042,0.0,0.0,1.076008489567282,1.076008489567282,17,3.218949743477727e-05,17,1.0746875328076841,0.09999723660004546,0.09999999999999996,1.0760382248070968,False,False,True,False,True,0,0,2.97352398152817e-05,2.763399954552985e-06,1.1204040154217623
1978-08,1.1858842592071335,1.222099340126721,0.03060982813779522,0.0,7.136653126328671e-05,0.0,7.136653126328671e-05,0.03053846160653193,0.14273306252657342,0.14273306252657342,0.0,0.0,1.154999894391959,1.154999894391959,17,8.463244605934549e-05,17,1.1504759566969274,0.09999286334687368,0.1,1.1550823286110756,False,False,True,False,True,0,0,8.243421911647425e-05,7.136653126327682e-06,1.0746875328076841
1978-09,1.222099340126721,1.2758824393733266,0.04404185709336966,0.0,3.30785262945483e-05,0.0,3.30785262945483e-05,0.044008778567075114,0.0661570525890966,0.0661570525890966,0.0,0.0,1.151718645853143,1.151718645853143,17,4.0425245156931865e-05,17,1.1453548356056162,0.0999966921473705,0.09999999999999995,1.1517567442688932,False,False,True,False,True,0,0,3.809841575069112e-05,3.30785262949592e-06,1.1504759566969274
1978-10,1.2758824393733266,1.3880864181221255,0.08796368377592588,0.0,2.142884222682243e-05,0.0,2.142884222682243e-05,0.08794225493369906,0.04285768445364486,0.04285768445364486,0.0,0.0,1.1552266641123161,1.1552266641123161,17,2.734068349330435e-05,17,1.142698835577449,0.09999785711577731,0.09999999999999999,1.1552514198127235,False,False,True,False,True,0,0,2.4755700407573522e-05,2.142884222690318e-06,1.1453548356056165
1978-11,1.3880864181221255,1.3060384765902417,-0.059039385476469475,0.0,6.928417169441931e-05,0.0,6.928417169441931e-05,-0.05910866964816389,0.1385683433888386,0.1385683433888386,0.0,0.0,1.0836101684117312,1.0836101684117312,17,9.617241771986486e-05,17,1.088936362663831,0.09999307158283052,0.09999999999999996,1.0836852506466996,False,False,True,False,True,0,0,7.508223496907607e-05,6.92841716949422e-06,1.1426988355774492
1978-12,1.3060384765902417,1.3279802379755372,0.016837205885730445,0.0,3.6964714750418554e-05,0.0,3.6964714750418554e-05,0.016800241170980026,0.0739294295008371,0.0739294295008371,0.0,0.0,1.0231970869322098,1.0231970869322098,17,4.8277339740229485e-05,17,1.022850163391192,0.09999630352852497,0.10000000000000002,1.0232349105188,False,False,True,False,True,0,0,3.782358659001894e-05,3.696471475044294e-06,1.0889363626638313
1979-01,1.3279802379755372,1.3529464542886902,0.018834342746925123,0.0,3.420129962982681e-05,0.0,3.420129962982681e-05,0.018800141447295297,0.06840259925965361,0.06840259925965361,0.0,0.0,1.0175052176701678,1.0175052176701678,17,4.541865002149006e-05,17,1.0172157602421228,0.09999657987003703,0.10000000000000002,1.0175400188612382,False,False,True,False,True,0,0,3.48011910702925e-05,3.4201299629706863e-06,1.022850163391192
1979-02,1.3529464542886902,1.4065654373141312,0.039770654064603395,0.0,0.00013938642982390485,0.0,0.00013938642982390485,0.03963126763477949,0.2787728596478097,0.2787728596478097,0.0,0.0,1.1680570982294645,1.1680570982294645,19,0.0001885823760062114,19,1.1617847499353735,0.0999860613570176,0.09999999999999999,1.168219932235068,False,False,True,False,True,0,0,0.0001628340056035113,1.3938642982402835e-05,1.0172157602421228
1979-03,1.4065654373141312,1.375529838235651,-0.022041046076771018,0.0,2.3763888802568968e-05,0.0,2.3763888802568968e-05,-0.022064809965573588,0.04752777760513793,0.04752777760513793,0.0,0.0,1.162013323214966,1.162013323214966,19,3.342546464586981e-05,19,1.1656930732782653,0.09999762361111976,0.10000000000000002,1.1620409378265966,False,False,True,False,True,0,0,2.761461163051579e-05,2.3763888802541486e-06,1.1617847499353742
1979-04,1.375529838235651,1.4012163593442724,0.01869178126137209,0.0,1.7870747319833976e-05,0.0,1.7870747319833976e-05,0.018673910514052258,0.03574149463966795,0.03574149463966795,0.0,0.0,1.1694337698663582,1.1694337698663582,19,2.458174617000142e-05,19,1.16634532293869,0.09999821292526799,0.09999999999999998,1.169454668895248,False,False,True,False,True,0,0,2.089902889023526e-05,1.7870747320190473e-06,1.1656930732782653
1979-05,1.4012163593442724,1.4118526067542305,0.00761487697320553,0.0,2.4152429470119554e-05,0.0,2.4152429470119554e-05,0.00759072454373541,0.04830485894023911,0.04830485894023911,0.0,0.0,1.1735502568064964,1.1735502568064964,19,3.3842779291440235e-05,19,1.1722667795642574,0.09999758475705293,0.09999999999999994,1.1735786015808987,False,False,True,False,True,0,0,2.8344774402923323e-05,2.4152429470634748e-06,1.1663453229386898
1979-06,1.4118526067542305,1.4857207317316103,0.05234652027953009,0.0,2.6522693380867355e-05,0.0,2.6522693380867355e-05,0.05231999758614922,0.05304538676173471,0.05304538676173471,0.0,0.0,1.177301157292507,1.177301157292507,19,3.744613378792075e-05,19,1.1685111756810183,0.09999734773066188,0.09999999999999996,1.1773323833183171,False,False,True,False,True,0,0,3.122602581039774e-05,2.652269338110019e-06,1.1722667795642574
1979-07,1.4857207317316103,1.4566367913747158,-0.019525262101110375,0.0,5.038205308885176e-05,0.0,5.038205308885176e-05,-0.019575644154199226,0.10076410617770352,0.10076410617770352,0.0,0.0,1.1769615817702035,1.1769615817702035,19,7.485366078130968e-05,19,1.1805462734252314,0.09999496179469107,0.09999999999999995,1.1770208824987922,False,False,True,False,True,0,0,5.9300728589499474e-05,5.03820530894976e-06,1.168511175681018
1979-08,1.4566367913747158,1.5625281838533958,0.07273307522123909,0.0,3.7264497727322974e-05,0.0,3.7264497727322974e-05,0.07269581072351176,0.07452899545464595,0.07452899545464595,0.0,0.0,1.2275101313242107,1.2275101313242107,19,5.428083840171813e-05,19,1.2121266751927202,0.09999627355022725,0.09999999999999998,1.2275558755773464,False,False,True,False,True,0,0,4.574425313591535e-05,3.7264497727556086e-06,1.1805462734252317
1979-09,1.5625281838533958,1.6875769599115926,0.08006203366533261,0.0,3.22605384182292e-05,0.0,3.22605384182292e-05,0.08002977312691438,0.0645210768364584,0.0645210768364584,0.0,0.0,1.1939085778438137,1.1939085778438137,19,5.040800050476837e-05,19,1.1795699000229705,0.09999677394615816,0.09999999999999998,1.1939470952199482,False,False,True,False,True,0,0,3.851737613490627e-05,3.226053841842094e-06,1.21212667519272
1979-10,1.6875769599115926,1.606083329891858,-0.04819704344839915,0.0,9.327572258780816e-05,0.0,9.327572258780816e-05,-0.04829031917098696,0.1865514451756163,0.1865514451756163,0.0,0.0,1.182562230735455,1.182562230735455,19,0.00015740996035829035,19,1.1919235562455726,0.09999067242774116,0.09999999999999994,1.1826725453717093,False,False,True,False,True,0,0,0.00011031463625506624,9.327572258845663e-06,1.1795699000229707
1979-11,1.606083329891858,1.6964378501771278,0.05628700279734545,0.0,2.932388142427092e-05,0.0,2.932388142427092e-05,0.05625767891592118,0.05864776284854184,0.05864776284854184,0.0,0.0,1.1419581082486867,1.1419581082486867,19,4.709659712324704e-05,19,1.1344249939804825,0.09999706761185757,0.1,1.1419915958748317,False,False,True,False,True,0,0,3.348762614507547e-05,2.9323881424384912e-06,1.1919235562455726
1979-12,1.6964378501771278,1.7468553581322204,0.029737184566232283,0.0,1.7552957076353998e-05,0.0,1.7552957076353998e-05,0.02971963160915593,0.035105914152707994,0.035105914152707994,0.0,0.0,1.1240706239119223,1.1240706239119223,19,2.9777500766861378e-05,19,1.1205067603451284,0.09999824470429236,0.1,1.1240903550216739,False,False,True,False,True,0,0,1.973110975157094e-05,1.7552957076302772e-06,1.1344249939804825
1980-01,1.7468553581322204,1.814711411767808,0.03890181911692646,0.0,5.712981870023109e-05,0.0,5.712981870023109e-05,0.03884468929822623,0.11425963740046217,0.11425963740046217,0.0,0.0,1.130639648271829,1.130639648271829,19,9.9797529905621e-05,19,1.125809737910697,0.09999428701812994,0.09999999999999996,1.1307042452003608,False,False,True,False,True,0,0,6.459692853235527e-05,5.712981870065916e-06,1.1205067603451284
1980-02,1.814711411767808,1.7589156912991237,-0.03067523905056923,0.0,7.109345545196795e-05,0.0,7.109345545196795e-05,-0.0307463325060212,0.1421869109039359,0.1421869109039359,0.0,0.0,1.1455823841436017,1.1455823841436017,19,0.00012901410491069251,19,1.1502738472743088,0.09999289065445477,0.09999999999999996,1.1456638333443006,False,False,True,False,True,0,0,8.144920069931907e-05,7.109345545242232e-06,1.125809737910697
1980-03,1.7589156912991237,1.539278923745687,-0.12485282955688819,0.0,1.771917942699831e-05,0.0,1.771917942699831e-05,-0.12487054873631519,0.03543835885399662,0.03543835885399662,0.0,0.0,1.1271417429087005,1.1271417429087005,19,3.116654273109195e-05,19,1.1453036026893044,0.09999822808205724,0.09999999999999994,1.127161715289377,False,False,True,False,True,0,0,1.997238067727794e-05,1.7719179427711307e-06,1.1502738472743088
1980-04,1.539278923745687,1.5604518637857918,0.01384117153912099,0.0,8.60686052208578e-05,0.0,8.60686052208578e-05,0.013755102933900133,0.1721372104417156,0.1721372104417156,0.0,0.0,0.9887162444764005,0.9887162444764005,19,0.0001324835900126544,19,0.9889542485300726,0.09999139313947784,0.09999999999999994,0.9888013492293691,False,False,True,False,True,0,0,8.510475296933523e-05,8.606860522153224e-06,1.1453036026893044
1980-05,1.5604518637857918,1.6087609212381697,0.030991466934640777,0.0,3.308970205124151e-05,0.0,3.308970205124151e-05,0.030958377232589537,0.06617940410248302,0.06617940410248302,0.0,0.0,0.985734026015937,0.985734026015937,19,5.163488723797635e-05,19,0.9861945112466936,0.09999669102979489,0.10000000000000002,0.9857666447405036,False,False,True,False,True,0,0,3.2618724566564616e-05,3.3089702051293265e-06,0.9889542485300726
1980-06,1.6087609212381697,1.673384036239442,0.04019918850984844,0.0,2.9692751873726107e-05,0.0,2.9692751873726107e-05,0.04016949575797471,0.05938550374745221,0.05938550374745221,0.0,0.0,0.9914260020965617,0.9914260020965617,19,4.7768538858472004e-05,19,0.9917856607154796,0.09999703072481257,0.09999999999999994,0.9914554411369693,False,False,True,False,True,0,0,2.943904040796433e-05,2.9692751874164086e-06,0.9861945112466934
1980-07,1.673384036239442,1.7466062548453025,0.043790893331491776,0.0,3.3921219811281653e-05,0.0,3.3921219811281653e-05,0.043756972111680496,0.06784243962256331,0.06784243962256331,0.0,0.0,1.016257654077602,1.016257654077602,19,5.676322772196782e-05,19,1.0156085906324086,0.09999660787801884,0.09999999999999996,1.0162921279462667,False,False,True,False,True,0,0,3.4473868664987306e-05,3.392121981172138e-06,0.9917856607154795
1980-08,1.7466062548453025,1.7653553382168936,0.010779832255921915,0.0,4.5252942708794693e-05,0.0,4.5252942708794693e-05,0.01073457931321312,0.09050588541758939,0.09050588541758939,0.0,0.0,1.0478969028495757,1.0478969028495757,19,7.903907278533693e-05,19,1.0474329826776692,0.09999547470572906,0.09999999999999994,1.0479443254140957,False,False,True,False,True,0,0,4.742256452072366e-05,4.525294270950814e-06,1.0156085906324086
1980-09,1.7653553382168936,1.777211730398139,0.006741080785639695,0.0,2.4930260827683928e-05,0.0,2.4930260827683928e-05,0.006716150524812011,0.049860521655367855,0.049860521655367855,0.0,0.0,1.0538294683616882,1.0538294683616882,19,4.4010769035291334e-05,19,1.0534951173619707,0.0999975069739172,0.09999999999999996,1.0538557412601925,False,False,True,False,True,0,0,2.627289850488934e-05,2.49302608281808e-06,1.0474329826776687
1980-10,1.777211730398139,1.7953299319341933,0.010217939925674553,0.0,2.3205541384015006e-05,0.0,2.3205541384015006e-05,0.010194734384290537,0.046411082768030014,0.046411082768030014,0.0,0.0,1.0568481783522787,1.0568481783522787,19,4.124116035791093e-05,19,1.0562974463812917,0.09999767944586156,0.09999999999999996,1.056872703655541,False,False,True,False,True,0,0,2.452530326276306e-05,2.3205541384438607e-06,1.0534951173619704
1980-11,1.7953299319341933,1.7728991291776277,-0.012464147772361728,0.0,2.9824704552190004e-05,0.0,2.9824704552190004e-05,-0.012493972476913919,0.059649409104380005,0.059649409104380005,0.0,0.0,1.0607347258482749,1.0607347258482749,19,5.3545184793640706e-05,19,1.061533346490289,0.09999701752954478,0.09999999999999999,1.060766362891647,False,False,True,False,True,0,0,3.1637043372233914e-05,2.9824704552272567e-06,1.0562974463812917
1980-12,1.7728991291776277,1.6415983961389458,-0.07404545822276534,0.0,1.4442240712602103e-05,0.0,1.4442240712602103e-05,-0.07405990046347795,0.028884481425204205,0.028884481425204205,0.0,0.0,1.0631030720726191,1.0631030720726191,19,2.560463598274595e-05,19,1.0681658720093505,0.09999855577592867,0.09999999999999992,1.0631184258848316,False,False,True,False,True,0,0,1.535381221367052e-05,1.444224071357857e-06,1.0615333464902892
1981-01,1.6415983961389458,1.5703610326562576,-0.043366212031432344,0.0,2.8910460304462467e-05,0.0,2.8910460304462467e-05,-0.043395122491736805,0.05782092060892493,0.05782092060892493,0.0,0.0,1.0182190439086036,1.0182190439086036,19,4.745936526744424e-05,19,1.0190757488258264,0.0999971089539695,0.09999999999999995,1.018248481940921,False,False,True,False,True,0,0,2.943803231762049e-05,2.891046030484321e-06,1.0681658720093505
1981-02,1.5703610326562576,1.5159145702345276,-0.03437582471355535,0.0,0.000295477801914126,0.0,0.000295477801914126,-0.03467130251546948,0.5909556038282521,0.5909556038282521,0.0,0.0,1.2994920472376184,1.2994920472376184,23,0.00046400682614086805,23,1.3105548667730729,0.09997045221980859,0.09999999999999999,1.2998761317797973,False,False,True,False,True,0,0,0.00038408454217872534,2.95477801913971e-05,1.0190757488258264
1981-03,1.5159145702345276,1.52393998120772,0.005315988886806241,0.0,2.188384238369643e-05,0.0,2.188384238369643e-05,0.005294105044422545,0.04376768476739286,0.04376768476739286,0.0,0.0,1.280928767250471,1.280928767250471,23,3.3174035522161314e-05,23,1.2794711017234504,0.09999781161576157,0.09999999999999994,1.2809567995071718,False,False,True,False,True,0,0,2.8032256701678027e-05,2.1883842384424573e-06,1.3105548667730726
1981-04,1.52393998120772,1.4657135787460942,-0.03818256430501308,0.0,2.5241238274338646e-05,0.0,2.5241238274338646e-05,-0.03820780554328742,0.05048247654867729,0.05048247654867729,0.0,0.0,1.306271412882451,1.306271412882451,23,3.8466132181455215e-05,23,1.318464483165974,0.09999747587617255,0.09999999999999998,1.3063043856227072,False,False,True,False,True,0,0,3.2972740256709265e-05,2.5241238274633573e-06,1.2794711017234501
1981-05,1.4657135787460942,1.4281317254943713,-0.02561936421170862,0.0,2.1288775810167814e-05,0.0,2.1288775810167814e-05,-0.02564065298751879,0.04257755162033563,0.04257755162033563,0.0,0.0,1.2878522724066042,1.2878522724066042,23,3.1203247779844344e-05,23,1.2954490682160273,0.09999787112241894,0.09999999999999996,1.2878796897885907,False,False,True,False,True,0,0,2.7417381987009798e-05,2.1288775810645456e-06,1.3184644831659742
1981-06,1.4281317254943713,1.3258909863878359,-0.07157064722398504,0.0,1.9905160910004217e-05,0.0,1.9905160910004217e-05,-0.07159055238489505,0.03981032182000843,0.03981032182000843,0.0,0.0,1.2992885712315234,1.2992885712315234,23,2.8427191796647433e-05,23,1.3223884431177386,0.09999800948390895,0.09999999999999995,1.2993144342944107,False,False,True,False,True,0,0,2.5863062888167865e-05,1.9905160910661946e-06,1.2954490682160273
1981-07,1.3258909863878359,1.3149963751582934,-0.008179289575197608,0.0,3.7533181266650244e-05,0.0,3.7533181266650244e-05,-0.008216822756464258,0.07506636253330048,0.07506636253330048,0.0,0.0,1.2671476229331433,1.2671476229331433,23,4.976490673191233e-05,23,1.269398757959374,0.0999962466818733,0.09999999999999996,1.2671951847997147,False,False,True,False,True,0,0,4.75618665717395e-05,3.7533181266996573e-06,1.3223884431177388
1981-08,1.3149963751582934,1.2634878185528984,-0.03914153743277933,0.0,2.8575564068002325e-05,0.0,2.8575564068002325e-05,-0.039170112996847334,0.05715112813600465,0.05715112813600465,0.0,0.0,1.2639059360225289,1.2639059360225289,23,3.757676316752663e-05,23,1.2746943191055535,0.09999714244359315,0.09999999999999995,1.2639420538796677,False,False,True,False,True,0,0,3.611785713981963e-05,2.8575564068747593e-06,1.269398757959374
1981-09,1.2634878185528984,1.248685230439789,-0.011676054560927879,0.0,3.96010201944756e-05,0.0,3.96010201944756e-05,-0.011715655581122354,0.07920204038895119,0.07920204038895119,0.0,0.0,1.2504411428918507,1.2504411428918507,23,5.003540661798725e-05,23,1.2534500777297357,0.09999603989798056,0.1,1.250490663597873,False,False,True,False,True,0,0,4.952070602231781e-05,3.9601020194607286e-06,1.2746943191055535
1981-10,1.248685230439789,1.2730240461898157,0.01952173688909292,0.0,3.018276743940957e-05,0.0,3.018276743940957e-05,0.019491554121653508,0.06036553487881914,0.06036553487881914,0.0,0.0,1.2661960162650052,1.2661960162650052,23,3.76887759153897e-05,23,1.2611362477267534,0.09999698172325601,0.09999999999999995,1.2662342347184354,False,False,True,False,True,0,0,3.8218453431125565e-05,3.018276744004413e-06,1.2534500777297357
1981-11,1.2730240461898157,1.2782303238074957,0.004129735989369544,0.0,4.004292091375894e-05,0.0,4.004292091375894e-05,0.004089693068455785,0.08008584182751788,0.08008584182751788,0.0,0.0,1.3079020549754659,1.3079020549754659,23,5.09756012028922e-05,23,1.306687838767991,0.0999959957079086,0.09999999999999998,1.3079544292912368,False,False,True,False,True,0,0,5.2374315771482743e-05,4.004292091420575e-06,1.261136247726753
1981-12,1.2782303238074957,1.2136851672746805,-0.05045088881009953,0.0,4.482806552035497e-05,0.0,4.482806552035497e-05,-0.050495716875619885,0.08965613104070994,0.08965613104070994,0.0,0.0,1.3235542192613787,1.3235542192613787,23,5.730059270574697e-05,23,1.3408084124297828,0.09999551719344792,0.09999999999999995,1.3236135542965144,False,False,True,False,True,0,0,5.9335035136429126e-05,4.482806552095522e-06,1.3066878387679908
1982-01,1.2136851672746805,1.238413722680106,0.020393372467488204,0.0,1.86030691333493e-05,0.0,1.86030691333493e-05,0.020374769398354853,0.0372061382666986,0.0372061382666986,0.0,0.0,1.3110607132943344,1.3110607132943344,23,2.257826907293149e-05,23,1.304867707133615,0.09999813969308662,0.09999999999999995,1.3110851035011546,False,False,True,False,True,0,0,2.4390206821045535e-05,1.8603069134036667e-06,1.3408084124297828
1982-02,1.238413722680106,1.177674172231818,-0.04900465930886921,0.0,4.1591823457450924e-05,0.0,4.1591823457450924e-05,-0.049046251132326656,0.08318364691490185,0.08318364691490185,0.0,0.0,1.3071586046869492,1.3071586046869492,23,5.150788492099556e-05,23,1.3230443088070247,0.09999584081765418,0.09999999999999992,1.3072129740581875,False,False,True,False,True,0,0,5.436937123927052e-05,4.159182345818542e-06,1.3048677071336152
1982-03,1.177674172231818,1.168645231690803,-0.007641505005875541,0.0,2.5251006871508123e-05,0.0,2.5251006871508123e-05,-0.007666756012747049,0.050502013743016244,0.050502013743016244,0.0,0.0,1.290763474489099,1.290763474489099,23,2.9737458615423277e-05,23,1.2930353560740993,0.09999747489931278,0.09999999999999994,1.2907960683894917,False,False,True,False,True,0,0,3.25939003934031e-05,2.5251006872114044e-06,1.323044308807025
1982-04,1.168645231690803,1.183624973315359,0.012839611257734838,0.0,2.1571001939503483e-05,0.0,2.1571001939503483e-05,0.012818040255795334,0.04314200387900696,0.04314200387900696,0.0,0.0,1.3001063683208511,1.3001063683208511,23,2.520884855939381e-05,23,1.296329574902705,0.09999784289980605,0.1,1.300134413522807,False,False,True,False,True,0,0,2.8045201955484433e-05,2.1571001939328296e-06,1.2930353560740993
1982-05,1.183624973315359,1.1449790059156992,-0.032631554159430254,0.0,1.896291390559733e-05,0.0,1.896291390559733e-05,-0.03265051707333585,0.03792582781119466,0.03792582781119466,0.0,0.0,1.2997634584761362,1.2997634584761362,23,2.244497846549409e-05,23,1.3099008441944537,0.09999810370860944,0.09999999999999999,1.2997881062460903,False,False,True,False,True,0,0,2.4647769954533327e-05,1.8962913905796673e-06,1.296329574902705
1982-06,1.1449790059156992,1.0983017770398928,-0.04074837092020877,0.0,1.8515314946466477e-05,0.0,1.8515314946466477e-05,-0.04076688623515524,0.03703062989293295,0.03703062989293295,0.0,0.0,1.2896713658693764,1.2896713658693764,23,2.1199646901621275e-05,23,1.3020015437616972,0.09999814846850531,0.09999999999999996,1.2896952449830221,False,False,True,False,True,0,0,2.3879113646523703e-05,1.8515314947008678e-06,1.3099008441944535
1982-07,1.0983017770398928,1.0917843422491857,-0.005913446524479301,0.0,2.0655492793774477e-05,0.0,2.0655492793774477e-05,-0.0059341020172730755,0.041310985587548955,0.041310985587548955,0.0,0.0,1.2956535926367612,1.2956535926367612,23,2.268596444103721e-05,23,1.297439283179889,0.09999793445072058,0.09999999999999995,1.2956803555530083,False,False,True,False,True,0,0,2.6762916247983354e-05,2.0655492794407838e-06,1.302001543761697
1982-08,1.0917843422491857,1.082880237054243,-0.008124623768284198,0.0,3.0929348185105844e-05,0.0,3.0929348185105844e-05,-0.008155553116469304,0.061858696370211685,0.061858696370211685,0.0,0.0,1.2894561132538094,1.2894561132538094,23,3.376817806447183e-05,23,1.2918673825432914,0.09999690706518144,0.09999999999999995,1.2894959965244692,False,False,True,False,True,0,0,3.9883270660592135e-05,3.092934818571236e-06,1.2974392831798887
1982-09,1.082880237054243,1.041783525787016,-0.03791235446650421,0.0,3.8944172967061e-05,0.0,3.8944172967061e-05,-0.037951298639471276,0.077888345934122,0.077888345934122,0.0,0.0,1.3335666976383413,1.3335666976383413,23,4.217187525445246e-05,23,1.3467658563849458,0.09999610558270326,0.09999999999999996,1.333618634313108,False,False,True,False,True,0,0,5.193667476717512e-05,3.894417296734569e-06,1.2918673825432911
1982-10,1.041783525787016,1.0512753460547857,0.009135065300028907,0.0,2.3939972337591067e-05,0.0,2.3939972337591067e-05,0.009111125327691316,0.04787994467518213,0.04787994467518213,0.0,0.0,1.34218319242326,1.34218319242326,23,2.4940268789099256e-05,23,1.339117391342278,0.09999760600276623,0.09999999999999999,1.342215325021012,False,False,True,False,True,0,0,3.213259775244198e-05,2.393997233784612e-06,1.3467658563849454
1982-11,1.0512753460547857,1.0951478874441196,0.04176801064806741,0.0,3.5327051920642714e-05,0.0,3.5327051920642714e-05,0.041732683596146763,0.07065410384128543,0.07065410384128543,0.0,0.0,1.3695673163373516,1.3695673163373516,23,3.713845873296905e-05,23,1.3547960520095936,0.0999964672948079,0.09999999999999998,1.369615700822326,False,False,True,False,True,0,0,4.8384484974912934e-05,3.532705192110327e-06,1.3391173913422783
1982-12,1.0951478874441196,1.1019578331689321,0.0062521433192709395,0.0,3.3854627041571354e-05,0.0,3.3854627041571354e-05,0.006218288692229368,0.06770925408314271,0.06770925408314271,0.0,0.0,1.3695318988163128,1.3695318988163128,23,3.707582328478543e-05,23,1.3672818886284355,0.09999661453729577,0.09999999999999992,1.3695782653776913,False,False,True,False,True,0,0,4.6366561379459353e-05,3.385462704220015e-06,1.3547960520095939
1983-01,1.1019578331689321,1.1180867991868866,0.014661958689765173,0.0,2.531331870613264e-05,0.0,2.531331870613264e-05,0.01463664537105904,0.05062663741226528,0.05062663741226528,0.0,0.0,1.3595919537271164,1.3595919537271164,23,2.7894209831724523e-05,23,1.3544296065852304,0.09999746866812939,0.1,1.3596263703827511,False,False,True,False,True,0,0,3.4416655634653126e-05,2.531331870605553e-06,1.3672818886284357
1983-02,1.1180867991868866,1.0807656496867428,-0.03333977473813482,0.0,3.9699491670113064e-05,0.0,3.9699491670113064e-05,-0.03337947422980493,0.07939898334022613,0.07939898334022613,0.0,0.0,1.3609827038984879,1.3609827038984879,23,4.438747757078318e-05,23,1.3734892791589526,0.09999603005083299,0.1,1.361036736365066,False,False,True,False,True,0,0,5.40324665779697e-05,3.969949167005994e-06,1.3544296065852306
1983-03,1.0807656496867428,1.1181503381667528,0.03462503161110712,0.0,3.4102031835455136e-05,0.0,3.4102031835455136e-05,0.034590929579271665,0.06820406367091027,0.06820406367091027,0.0,0.0,1.3677196252065378,1.3677196252065378,23,3.685630459228366e-05,23,1.355458101095014,0.09999658979681643,0.09999999999999996,1.3677662688153802,False,False,True,False,True,0,0,4.6643608842988904e-05,3.4102031835730332e-06,1.3734892791589524
1983-04,1.1181503381667528,1.1267120863531086,0.007754746710812024,0.0,9.768317104400896e-05,0.0,9.768317104400896e-05,0.0076570635397680145,0.19536634208801792,0.19536634208801792,0.0,0.0,1.5429982291674997,1.5429982291674997,23,0.00010922447073605937,23,1.5389689925168775,0.09999023168289557,0.09999999999999996,1.5431489688521705,False,False,True,False,True,0,0,0.0001507396846714068,9.76831710444185e-06,1.3554581010950142
1983-05,1.1267120863531086,1.1287815027949535,0.0018715372578592022,0.0,3.4851145311224156e-05,0.0,3.4851145311224156e-05,0.001836686112547978,0.06970229062244832,0.06970229062244832,0.0,0.0,1.565301413518866,1.565301413518866,23,3.926720664540473e-05,23,1.5642998230159304,0.09999651488546883,0.09999999999999995,1.5653559679671696,False,False,True,False,True,0,0,5.45544483044301e-05,3.4851145311867684e-06,1.5389689925168772
1983-06,1.1287815027949535,1.1106605040232933,-0.015981743620804126,0.0,7.18493259185681e-05,0.0,7.18493259185681e-05,-0.016053592946722695,0.1436986518371362,0.1436986518371362,0.0,0.0,1.6390137822719602,1.6390137822719602,23,8.11021900851657e-05,23,1.6495126431853262,0.09999281506740809,0.09999999999999995,1.6391315527691184,False,False,True,False,True,0,0,0.0001177704971591538,7.184932591909201e-06,1.5642998230159306
1983-07,1.1106605040232933,1.131834858375566,0.019099590284365035,0.0,3.4939767334826774e-05,0.0,3.4939767334826774e-05,0.01906465051703021,0.06987953466965355,0.06987953466965355,0.0,0.0,1.7092543107527385,1.7092543107527385,23,3.8806219598555303e-05,23,1.696019874853092,0.09999650602326647,0.09999999999999995,1.7093140337873811,False,False,True,False,True,0,0,5.9723034643677925e-05,3.493976733539827e-06,1.6495126431853264
1983-08,1.131834858375566,1.1755050479656142,0.03862938641554804,0.0,4.5851664970927537e-05,0.0,4.5851664970927537e-05,0.03858353475057712,0.09170332994185507,0.09170332994185507,0.0,0.0,1.7411293106327086,1.7411293106327086,23,5.189651272865367e-05,23,1.713640393380276,0.09999541483350285,0.09999999999999995,1.7412091479712057,False,False,True,False,True,0,0,7.98373384981281e-05,4.585166497151681e-06,1.6960198748530921
1983-09,1.1755050479656142,1.1734449147529138,-0.0016524430099127147,0.0,0.00010010855612757589,0.0,0.00010010855612757589,-0.0017525515660402906,0.20021711225515176,0.20021711225515176,0.0,0.0,1.7570891710422147,1.7570891710422147,23,0.00011767811307251447,23,1.7585186225982474,0.09998998914438718,0.09999999999999994,1.757265088312939,False,False,True,False,True,0,0,0.0001759172707256687,1.0010855612830448e-05,1.7136403933802764
1983-10,1.1734449147529138,1.1294706823897014,-0.037432887185262755,0.0,4.158802047955498e-05,0.0,4.158802047955498e-05,-0.03747447520574231,0.08317604095910995,0.08317604095910995,0.0,0.0,1.7571787194623398,1.7571787194623398,23,4.880125114637382e-05,23,1.7867015346368886,0.099995841197952,0.09999999999999996,1.7572518000861896,False,False,True,False,True,0,0,7.308062385016564e-05,4.15880204798215e-06,1.7585186225982476
1983-11,1.1294706823897014,1.1312337218097173,0.0016024262518200276,0.0,4.148319459451296e-05,0.0,4.148319459451296e-05,0.0015609430572255147,0.08296638918902591,0.08296638918902591,0.0,0.0,1.752774809129046,1.752774809129046,23,4.6854052106369325e-05,23,1.7516430203694828,0.09999585168054052,0.09999999999999998,1.7528475228439306,False,False,True,False,True,0,0,7.271371488544107e-05,4.148319459495807e-06,1.7867015346368889
1983-12,1.1312337218097173,1.1315608084328554,0.00031803769571165773,0.0,2.8896188672138733e-05,0.0,2.8896188672138733e-05,0.000289141507039519,0.05779237734427747,0.05779237734427747,0.0,0.0,1.7520470071569987,1.7520470071569987,23,3.268834305769929e-05,23,1.751858509843054,0.09999711038113279,0.1,1.7520976361008636,False,False,True,False,True,0,0,5.062894386464664e-05,2.889618867207477e-06,1.7516430203694828
1984-01,1.1315608084328554,1.074867772609155,-0.050062603772280945,0.0,3.9021700429673386e-05,0.0,3.9021700429673386e-05,-0.05010162547271062,0.07804340085934677,0.07804340085934677,0.0,0.0,1.7979860519146822,1.7979860519146822,23,4.415542688462592e-05,23,1.8401162640290272,0.09999609782995701,0.09999999999999998,1.7980562151256645,False,False,True,False,True,0,0,7.016321098300693e-05,3.902170043003619e-06,1.7518585098430541
1984-02,1.074867772609155,1.1079458039592645,0.03091800355477111,0.0,0.00014395655751550367,0.0,0.00014395655751550367,0.030774046997255607,0.2879131150310073,0.2879131150310073,0.0,0.0,1.8771845708718016,1.8771845708718016,25,0.0001547342643291711,25,1.8511356392655205,0.09998560434424845,0.1,1.877454842807863,False,False,True,False,True,0,0,0.0002702719360612553,1.4395655751541873e-05,1.8401162640290272
1984-03,1.1079458039592645,1.1461830841705982,0.03455476217844908,0.0,4.2893389657952406e-05,0.0,4.2893389657952406e-05,0.034511868788791124,0.08578677931590481,0.08578677931590481,0.0,0.0,1.8548423140552044,1.8548423140552044,25,4.752355108911808e-05,25,1.826365780071488,0.09999571066103416,0.09999999999999995,1.8549218779421,False,False,True,False,True,0,0,7.956388689719582e-05,4.289338965879366e-06,1.851135639265521
1984-04,1.1461830841705982,1.0862989847765345,-0.05220257884332444,0.0,4.396031878252068e-05,0.0,4.396031878252068e-05,-0.05224653916210696,0.08792063756504136,0.08792063756504136,0.0,0.0,1.8245023590899507,1.8245023590899507,25,5.0386573763272227e-05,25,1.8700008530486036,0.09999560396812175,0.1,1.824582568321299,False,False,True,False,True,0,0,8.020923134835489e-05,4.396031878248474e-06,1.826365780071488
1984-05,1.0862989847765345,1.088491271291516,0.002051199299231929,0.0,3.307487335617339e-05,0.0,3.307487335617339e-05,0.0020181244258757553,0.06614974671234677,0.06614974671234677,0.0,0.0,1.8260856522195827,1.8260856522195827,25,3.59292013484236e-05,25,1.8244548745725313,0.09999669251266434,0.09999999999999995,1.8261460517689747,False,False,True,False,True,0,0,6.039954939287759e-05,3.307487335658963e-06,1.8700008530486039
1984-06,1.088491271291516,1.0237070968362219,-0.059484697107239484,0.0,3.270662758923859e-05,0.0,3.270662758923859e-05,-0.05951740373482872,0.06541325517847718,0.06541325517847718,0.0,0.0,1.8427143716192182,1.8427143716192182,25,3.5600878644268486e-05,25,1.8960793975279402,0.09999672933724107,0.1,1.8427746425631835,False,False,True,False,True,0,0,6.0270943965420876e-05,3.270662758936578e-06,1.8244548745725322
1984-07,1.0237070968362219,0.9154633682674252,-0.10568980970907582,0.0,4.72013005431729e-05,0.0,4.72013005431729e-05,-0.10573701100961899,0.0944026010863458,0.0944026010863458,0.0,0.0,1.9792150311044618,1.9792150311044618,25,4.832030634594551e-05,25,2.095049492667239,0.09999527986994562,0.09999999999999994,1.97930845703781,False,False,True,False,True,0,0,9.34259333493781e-05,4.720130054371223e-06,1.89607939752794
1984-08,0.9154633682674252,0.9367269284218211,0.023349466933945753,0.0,0.00012236589260252966,0.0,0.00012236589260252966,0.023227101041343224,0.24473178520505934,0.24473178520505934,0.0,0.0,1.8640059439087855,1.8640059439087855,25,0.00011202149220296182,25,1.844512727352472,0.09998776341073976,0.1,1.8642340625738723,False,False,True,False,True,0,0,0.00022811866508705772,1.2236589260261097e-05,2.0950494926672385
1984-09,0.9367269284218211,0.8827912673768149,-0.05753887298928036,0.0,3.997887086206639e-05,0.0,3.997887086206639e-05,-0.05757885186014242,0.07995774172413278,0.07995774172413278,0.0,0.0,1.8882284933993423,1.8882284933993423,25,3.7449284904396096e-05,25,1.9425387726320242,0.09999600211291372,0.09999999999999992,1.8883039856605333,False,False,True,False,True,0,0,7.549226119227606e-05,3.997887086271346e-06,1.844512727352472
1984-10,0.8827912673768149,0.9066530844507917,0.027092334758516218,0.0,6.236974211834658e-05,0.0,6.236974211834658e-05,0.027029965016397872,0.12473948423669316,0.12473948423669316,0.0,0.0,1.8616794901721276,1.8616794901721276,25,5.5059463690620286e-05,25,1.8390620422652295,0.09999376302578816,0.1,1.8617956098841932,False,False,True,False,True,0,0,0.00011611971206580002,6.236974211848719e-06,1.9425387726320242
1984-11,0.9066530844507917,0.888201824890968,-0.020311767133002534,0.0,3.9191658474710763e-05,0.0,3.9191658474710763e-05,-0.020350958791477244,0.07838331694942152,0.07838331694942152,0.0,0.0,1.8738134702385514,1.8738134702385514,25,3.5533238040838526e-05,25,1.8920058359052918,0.09999608083415251,0.09999999999999998,1.8738869109743863,False,False,True,False,True,0,0,7.344073583567118e-05,3.919165847499038e-06,1.8390620422652295
1984-12,0.888201824890968,0.8537998768895181,-0.03870001322438967,0.0,3.2116160362453116e-05,0.0,3.2116160362453116e-05,-0.03873212938475212,0.06423232072490623,0.06423232072490623,0.0,0.0,1.8983601507597943,1.8983601507597943,25,2.852563224242183e-05,25,1.9345909651023199,0.09999678838396368,0.09999999999999994,1.898421120756944,False,False,True,False,True,0,0,6.096999715100859e-05,3.2116160363144987e-06,1.8920058359052918
1985-01,0.8537998768895181,0.8514378819496783,-0.002737569916499558,0.0,2.8880400224272043e-05,0.0,2.8880400224272043e-05,-0.00276645031672383,0.057760800448544085,0.057760800448544085,0.0,0.0,1.9474576894211861,1.9474576894211861,25,2.465808215600348e-05,25,1.9501150158078158,0.09999711195997758,0.10000000000000002,1.947513934403054,False,False,True,False,True,0,0,5.624498186776808e-05,2.8880400224211412e-06,1.9345909651023199
1985-02,0.8514378819496783,0.7712002436664607,-0.09419780903264859,0.0,3.9997370191090635e-05,0.0,3.9997370191090635e-05,-0.09423780640283967,0.07999474038218127,0.07999474038218127,0.0,0.0,1.9979861966989394,1.9979861966989394,25,3.405527615905941e-05,25,2.1018633821594515,0.0999960002629809,0.10000000000000002,1.9980661140889708,False,False,True,False,True,0,0,7.991739003129078e-05,3.9997370191004045e-06,1.950115015807816
1985-03,0.7712002436664607,0.837317154745405,0.08582545554674192,0.0,9.29734554375539e-05,0.0,9.29734554375539e-05,0.08573248209130437,0.18594691087510778,0.18594691087510778,0.0,0.0,1.9159164712843433,1.9159164712843433,25,7.170115148795439e-05,25,1.8436787697236356,0.09999070265445624,0.09999999999999999,1.9160946172218518,False,False,True,False,True,0,0,0.0001781459375084296,9.297345543757459e-06,2.101863382159451
1985-04,0.837317154745405,0.8088206459634463,-0.033938622258916015,0.0,9.44900694983874e-05,0.0,9.44900694983874e-05,-0.034033112328414404,0.1889801389967748,0.1889801389967748,0.0,0.0,1.7899651108837265,1.7899651108837265,25,7.911815614408532e-05,25,1.8178951173550302,0.09999055099305015,0.09999999999999999,1.7901342607944404,False,False,True,False,True,0,0,0.00016914991071422664,9.449006949856798e-06,1.8436787697236356
1985-05,0.8088206459634463,0.8081925751045607,-0.0007029280865314715,0.0,7.359865276497384e-05,0.0,7.359865276497384e-05,-0.0007765267392964453,0.14719730552994767,0.14719730552994767,0.0,0.0,1.8383778801142099,1.8383778801142099,26,5.952810987140552e-05,26,1.8391030647337663,0.09999264013472349,0.09999999999999999,1.8385131922082472,False,False,True,False,True,0,0,0.00013531209403743957,7.359865276513305e-06,1.8178951173550304
1985-06,0.8081925751045607,0.7968685179691901,-0.013968069733670499,0.0,4.3513005635699374e-05,0.0,4.3513005635699374e-05,-0.014011582739306198,0.08702601127139875,0.08702601127139875,0.0,0.0,1.8635511013286827,1.8635511013286827,26,3.516688807525514e-05,26,1.8758668958136304,0.09999564869943639,0.09999999999999995,1.8636321935668243,False,False,True,False,True,0,0,8.109223814214278e-05,4.351300563601835e-06,1.839103064733766
1985-07,0.7968685179691901,0.7849809595722272,-0.01489394208107696,0.0,2.389960660596481e-05,0.0,2.389960660596481e-05,-0.014917841687682924,0.04779921321192962,0.04779921321192962,0.0,0.0,1.9124959632281153,1.9124959632281153,26,1.9044844096141842e-05,26,1.9263388389838345,0.09999761003933935,0.09999999999999995,1.912541672221699,False,False,True,False,True,0,0,4.570899358491767e-05,2.389960660663597e-06,1.8758668958136302
1985-08,0.7849809595722272,0.7693678579420867,-0.01980546926674567,0.0,8.431460603614474e-05,0.0,8.431460603614474e-05,-0.019889783872781813,0.16862921207228948,0.16862921207228948,0.0,0.0,1.9266692507637557,1.9266692507637557,26,6.61853603522072e-05,26,1.9455605605579154,0.09999156853939635,0.09999999999999996,1.9268317108203517,False,False,True,False,True,0,0,0.00016246005659649107,8.431460603652288e-06,1.926338838983834
1985-09,0.7693678579420867,0.8044976094244766,0.045690287416072214,0.0,2.9747896842456075e-05,0.0,2.9747896842456075e-05,0.045660539519229756,0.059495793684912146,0.059495793684912146,0.0,0.0,1.9389344967965412,1.9389344967965412,26,2.2887075671962596e-05,26,1.8979627797039156,0.09999702521031571,0.09999999999999995,1.9389921777358228,False,False,True,False,True,0,0,5.7680939282142574e-05,2.97478968427367e-06,1.9455605605579154
1985-10,0.8044976094244766,0.8504627833967167,0.05719279911322831,0.0,5.75467100261976e-05,0.0,5.75467100261976e-05,0.057135252403202115,0.1150934200523952,0.1150934200523952,0.0,0.0,1.9162099606238001,1.9162099606238001,26,4.6296190646319524e-05,26,1.8667457690497606,0.09999424532899734,0.09999999999999996,1.9163202385488853,False,False,True,False,True,0,0,0.00011027792508581241,5.754671002656312e-06,1.8979627797039156
1985-11,0.8504627833967167,0.8689108018855713,0.021747424757583095,0.0,5.568368553526959e-05,0.0,5.568368553526959e-05,0.021691741072047827,0.11136737107053918,0.11136737107053918,0.0,0.0,1.8699434585921069,1.8699434585921069,26,4.7356902190112865e-05,26,1.8515280170169168,0.09999443163144646,0.09999999999999999,1.8700475897340296,False,False,True,False,True,0,0,0.00010413114192302925,5.5683685535417585e-06,1.8667457690497609
1985-12,0.8689108018855713,0.904076177025056,0.040507228894419454,0.0,3.659017848391042e-05,0.0,3.659017848391042e-05,0.04047063871593554,0.07318035696782084,0.07318035696782084,0.0,0.0,1.898601519349283,1.898601519349283,26,3.179360132759078e-05,26,1.86368425603705,0.09999634098215157,0.09999999999999996,1.8986709920597646,False,False,True,False,True,0,0,6.947271048268755e-05,3.659017848443599e-06,1.8515280170169168
1986-01,0.904076177025056,0.8706198382866382,-0.03692999847288628,0.0,7.610741578889371e-05,0.0,7.610741578889371e-05,-0.03700610588867517,0.15221483157778742,0.15221483157778742,0.0,0.0,1.8873575804210372,1.8873575804210372,26,6.880690150967941e-05,26,1.9215361522678942,0.09999238925842108,0.09999999999999996,1.8875012332621992,False,False,True,False,True,0,0,0.0001436528411623561,7.610741578910519e-06,1.8636842560370501
1986-02,0.8706198382866382,0.908519270016036,0.043674699261274263,0.0,0.0001431484480247797,0.0,0.0001431484480247797,0.043531550813249484,0.2862968960495594,0.2862968960495594,0.0,0.0,1.939724956145713,1.939724956145713,28,0.00012462787867031694,28,1.9006609372388175,0.09998568515519751,0.09999999999999999,1.9400026645163024,False,False,True,False,True,0,0,0.0002777083705898381,1.4314844802498973e-05,1.921536152267894
1986-03,0.908519270016036,0.9364183462803621,0.03077800571016425,0.0,6.971235295939838e-05,0.0,6.971235295939838e-05,0.030708293357204854,0.13942470591879674,0.13942470591879674,0.0,0.0,1.9195913607342816,1.9195913607342816,28,6.333501602177286e-05,28,1.8922612527854386,0.09999302876470405,0.09999999999999999,1.9197251892942626,False,False,True,False,True,0,0,0.00013382855998154627,6.971235295961919e-06,1.9006609372388172
1986-04,0.9364183462803621,0.9707783969899507,0.03676213896266922,0.0,6.908308003576768e-05,0.0,6.908308003576768e-05,0.036693055882633455,0.13816616007153534,0.13816616007153534,0.0,0.0,1.9026614752949655,1.9026614752949655,28,6.469066356304746e-05,28,1.8707790153049906,0.0999930916919964,0.09999999999999996,1.9027929260909702,False,False,True,False,True,0,0,0.0001314507960051628,6.908308003605325e-06,1.8922612527854388
1986-05,0.9707783969899507,0.9072239223582969,-0.06541961699425614,0.0,4.792413430040005e-05,0.0,4.792413430040005e-05,-0.06546754112855653,0.09584826860080009,0.09584826860080009,0.0,0.0,1.8864145759996735,1.8864145759996735,28,4.652371427327347e-05,28,1.9485625584417694,0.0999952075865699,0.09999999999999995,1.8865049851179387,False,False,True,False,True,0,0,9.0409118266261e-05,4.792413430097343e-06,1.8707790153049906
1986-06,0.9072239223582969,0.9382931758508414,0.03432079650853392,0.0,7.428610812362057e-05,0.0,7.428610812362057e-05,0.034246510400410296,0.14857221624724115,0.14857221624724115,0.0,0.0,1.8178145209845247,1.8178145209845247,28,6.739413438864359e-05,28,1.7908064459178126,0.09999257138918757,0.09999999999999994,1.8179495693827992,False,False,True,False,True,0,0,0.00013504839827594914,7.428610812444173e-06,1.9485625584417694
1986-07,0.9382931758508414,0.9500871973613125,0.012630164310422498,0.0,6.050930917363979e-05,0.0,6.050930917363979e-05,0.012569655001248858,0.12101861834727957,0.12101861834727957,0.0,0.0,1.7899919924824785,1.7899919924824785,28,5.677547187307493e-05,28,1.7802450901915263,0.09999394906908261,0.09999999999999998,1.7901003102156012,False,False,True,False,True,0,0,0.0001083177331231179,6.050930917389932e-06,1.7908064459178124
1986-08,0.9500871973613125,1.0148592401853695,0.06820903054670394,0.0,3.419038050758329e-05,0.0,3.419038050758329e-05,0.06817484016619635,0.06838076101516657,0.06838076101516657,0.0,0.0,1.7888297625749505,1.7888297625749505,28,3.2483842793166657e-05,28,1.7385157591174112,0.0999965809619492,0.09999999999999996,1.7888909254363776,False,False,True,False,True,0,0,6.11628614281684e-05,3.419038050811591e-06,1.780245090191526
1986-09,1.0148592401853695,1.020347726384586,0.005489147016874842,0.0,8.102145434484553e-05,0.0,8.102145434484553e-05,0.005408125562529996,0.16204290868969104,0.16204290868969104,0.0,0.0,1.7383298770750488,1.7383298770750488,28,8.222537159512355e-05,28,1.734438960413464,0.09999189785456544,0.09999999999999992,1.73847073050197,False,False,True,False,True,0,0,0.00014085342692258043,8.1021454345629e-06,1.7385157591174114
1986-10,1.020347726384586,1.0306664820090488,0.010176771888230737,0.0,6.379240326096476e-05,0.0,6.379240326096476e-05,0.010112979484969772,0.12758480652192952,0.12758480652192952,0.0,0.0,1.7276796689639924,1.7276796689639924,28,6.509043362793403e-05,28,1.7204574895555853,0.0999936207596739,0.09999999999999999,1.727789888833331,False,False,True,False,True,0,0,0.00011021986933894973,6.3792403261134844e-06,1.734438960413464
1986-11,1.0306664820090488,1.052981877554586,0.02168786263125202,0.0,3.6440046869105334e-05,0.0,3.6440046869105334e-05,0.021651422584382917,0.07288009373821067,0.07288009373821067,0.0,0.0,1.7433770086824611,1.7433770086824611,28,3.755753491082565e-05,28,1.7276586047800746,0.09999635599531304,0.09999999999999995,1.7434405397374426,False,False,True,False,True,0,0,6.353105498263512e-05,3.644004686974617e-06,1.7204574895555853
1986-12,1.052981877554586,1.036423097141501,-0.01568536180622592,0.0,4.0246360498396184e-05,0.0,4.0246360498396184e-05,-0.015725608166724317,0.08049272099679236,0.08049272099679236,0.0,0.0,1.739784124014849,1.739784124014849,28,4.2378688242339936e-05,28,1.7516444362606813,0.09999597536395016,0.1,1.7398541468120563,False,False,True,False,True,0,0,7.002279720736901e-05,4.024636049847269e-06,1.7276586047800748
1987-01,1.036423097141501,1.1037097630947386,0.06495412249201914,0.0,3.211704963077064e-05,0.0,3.211704963077064e-05,0.06492200544238837,0.06423409926154128,0.06423409926154128,0.0,0.0,1.7364317515327732,1.7364317515327732,28,3.3286852049370606e-05,28,1.6915660159322774,0.09999678829503686,0.09999999999999994,1.736487522388713,False,False,True,False,True,0,0,5.577085594080447e-05,3.2117049631365036e-06,1.7516444362606811
1987-02,1.1037097630947386,1.100049311938866,-0.0032402186000802173,0.0,7.627934011104205e-05,0.0,7.627934011104205e-05,-0.0033164979401912593,0.1525586802220841,0.1525586802220841,0.0,0.0,1.665190457193456,1.665190457193456,29,8.419025240298121e-05,29,1.6674804340181058,0.0999923720659889,0.1,1.6653174865124025,False,False,True,False,True,0,0,0.00012702931894648453,7.627934011100583e-06,1.6915660159322774
1987-03,1.100049311938866,1.141382579041679,0.03759340720311718,0.0,1.9394243678198392e-05,0.0,1.9394243678198392e-05,0.03757401295943898,0.038788487356396784,0.038788487356396784,0.0,0.0,1.6695851142850417,1.6695851142850417,29,2.133462441377684e-05,29,1.645355897666354,0.09999806057563215,0.09999999999999998,1.6696174952535943,False,False,True,False,True,0,0,3.238096855299674e-05,1.9394243678585793e-06,1.6674804340181058
1987-04,1.141382579041679,1.2140530441536015,0.06370216469466623,0.0,3.335946992061788e-05,0.0,3.335946992061788e-05,0.06366880522474562,0.06671893984123575,0.06671893984123575,0.0,0.0,1.6617046852370183,1.6617046852370183,29,3.8075917813458146e-05,29,1.6221279043405983,0.09999666405300786,0.09999999999999992,1.6617601206737793,False,False,True,False,True,0,0,5.5435436762455575e-05,3.3359469921547503e-06,1.6453558976663538
1987-05,1.2140530441536015,1.2055955598063284,-0.006904642458328168,0.0,6.167947299188098e-05,0.0,6.167947299188098e-05,-0.006966321931320049,0.12335894598376194,0.12335894598376194,0.0,0.0,1.6365704759879787,1.6365704759879787,29,7.488215194758294e-05,29,1.6410982522759312,0.09999383205270079,0.09999999999999998,1.6366714250189347,False,False,True,False,True,0,0,0.00010094903095652849,6.167947299217385e-06,1.6221279043405983
1987-06,1.2055955598063284,1.2017335749224691,-0.003179846227049246,0.0,2.3537239691169356e-05,0.0,2.3537239691169356e-05,-0.003203383466740415,0.04707447938233871,0.04707447938233871,0.0,0.0,1.6447016036593323,1.6447016036593323,29,2.8376391661771053e-05,29,1.6467970799713392,0.09999764627603087,0.09999999999999999,1.644740316306387,False,False,True,False,True,0,0,3.87126470552078e-05,2.3537239691522152e-06,1.6410982522759312
1987-07,1.2017335749224691,1.208097348569481,0.00532454305239374,0.0,2.9048460406108817e-05,0.0,2.9048460406108817e-05,0.005295494591987631,0.05809692081221763,0.05809692081221763,0.0,0.0,1.6880154773347489,1.6880154773347489,29,3.490851016982695e-05,29,1.6844201824205,0.09999709515395933,0.09999999999999994,1.6880645130099179,False,False,True,False,True,0,0,4.903567517035995e-05,2.90484604068405e-06,1.6467970799713396
1987-08,1.208097348569481,1.22507507855523,0.014129212653342145,0.0,7.593291901224733e-05,0.0,7.593291901224733e-05,0.014053279734329897,0.15186583802449466,0.15186583802449466,0.0,0.0,1.8264759491373743,1.8264759491373743,29,9.173435812783713e-05,29,1.8150970945756755,0.09999240670809871,0.09999999999999994,1.8266146493196076,False,False,True,False,True,0,0,0.0001387001822346877,7.593291901297037e-06,1.6844201824205
1987-09,1.22507507855523,1.219680803571874,-0.004359605121597748,0.0,4.361479347684397e-05,0.0,4.361479347684397e-05,-0.004403219915074592,0.08722958695368793,0.08722958695368793,0.0,0.0,1.8438714282401338,1.8438714282401338,29,5.343139654481476e-05,29,1.8476474210388911,0.09999563852065228,0.09999999999999996,1.843951851819332,False,False,True,False,True,0,0,8.042357919909107e-05,4.361479347725347e-06,1.8150970945756757
1987-10,1.219680803571874,1.2252632604977083,0.004621362570724669,0.0,4.438070015162152e-05,0.0,4.438070015162152e-05,0.004576981870573048,0.08876140030324303,0.08876140030324303,0.0,0.0,1.886926917828657,1.886926917828657,29,5.413028802401213e-05,29,1.8829301432700787,0.0999955619299848,0.09999999999999996,1.8870106646831493,False,False,True,False,True,0,0,8.374685449336061e-05,4.438070015222537e-06,1.8476474210388913
1987-11,1.2252632604977083,1.3193606197772096,0.07684043521712505,0.0,4.2768696643083736e-05,0.0,4.2768696643083736e-05,0.07679766652048196,0.08553739328616747,0.08553739328616747,0.0,0.0,1.8833924258247094,1.8833924258247094,29,5.240291269614217e-05,29,1.8204282215581387,0.09999572313033564,0.09999999999999995,1.8834729795092056,False,False,True,False,True,0,0,8.055368449736561e-05,4.276869664376733e-06,1.8829301432700793
1987-12,1.3193606197772096,1.3378204752746705,0.0140490427939317,0.0,5.7526584680182156e-05,0.0,5.7526584680182156e-05,0.013991516209251518,0.1150531693603643,0.1150531693603643,0.0,0.0,1.8301234959009567,1.8301234959009567,29,7.589831041731126e-05,29,1.8187258070848764,0.09999424734153192,0.09999999999999994,1.8302287827120094,False,False,True,False,True,0,0,0.00010528681105377927,5.752658468072492e-06,1.8204282215581387
1988-01,1.3378204752746705,1.3379510771173129,0.00014501983977636534,0.0,4.739699347078862e-05,0.0,4.739699347078862e-05,9.762284630557672e-05,0.09479398694157723,0.09479398694157723,0.0,0.0,1.8753951610020663,1.8753951610020663,29,6.340866833168088e-05,29,1.8753571031435943,0.09999526030065288,0.09999999999999996,1.8754840533074955,False,False,True,False,True,0,0,8.889230543021945e-05,4.739699347134149e-06,1.8187258070848764
1988-02,1.3379510771173129,1.3329505143601308,-0.003678763074866143,0.0,5.87149560616306e-05,0.0,5.87149560616306e-05,-0.0037374780309277736,0.1174299121232612,0.1174299121232612,0.0,0.0,1.8542297980340137,1.8542297980340137,30,7.855773870555435e-05,30,1.857493375643208,0.09999412850439385,0.1,1.854338675447866,False,False,True,False,True,0,0,0.00010887741385220626,5.871495606157686e-06,1.8753571031435938
1988-03,1.3329505143601308,1.3643756918593897,0.023682839864172196,0.0,0.00010718783455100025,0.0,0.00010718783455100025,0.023575652029621197,0.21437566910200048,0.21437566910200048,0.0,0.0,2.071869044745209,2.071869044745209,30,0.00014287607919790437,30,2.047285787283203,0.09998928121654488,0.09999999999999998,2.072091147708324,False,False,True,False,True,0,0,0.00022210296311582847,1.0718783455132324e-05,1.8574933756432084
1988-04,1.3643756918593897,1.3760675363198878,0.008650354654854052,0.0,8.098147541539775e-05,0.0,8.098147541539775e-05,0.008569373179438655,0.1619629508307955,0.1619629508307955,0.0,0.0,2.202445476217675,2.202445476217675,30,0.00011048915654767747,30,2.1923091159334107,0.0999919018524584,0.09999999999999994,2.2026238479466667,False,False,True,False,True,0,0,0.00017837172899348025,8.098147541613558e-06,2.047285787283203
1988-05,1.3760675363198878,1.4695039499586608,0.06794542341372678,0.0,4.438573017212889e-05,0.0,4.438573017212889e-05,0.06790103768355465,0.08877146034425779,0.08877146034425779,0.0,0.0,2.258506937265919,2.258506937265919,30,6.107776236572071e-05,30,2.178528045750463,0.09999556142698279,0.1,2.2586071871950946,False,False,True,False,True,0,0,0.00010024992917575734,4.438573017216585e-06,2.1923091159334103
1988-06,1.4695039499586608,1.6455202947406575,0.11987169090150512,0.0,9.226139609394615e-05,0.0,9.226139609394615e-05,0.11977942950541118,0.1845227921878923,0.1845227921878923,0.0,0.0,2.230038714677343,2.230038714677343,30,0.00013557848598875444,30,2.0985475743350333,0.09999077386039056,0.09999999999999995,2.230244480146712,False,False,True,False,True,0,0,0.000205765469370435,9.226139609451743e-06,2.178528045750462
1988-07,1.6455202947406575,1.527632194624572,-0.07142744956605734,0.0,0.0002143894880549008,0.0,0.0002143894880549008,-0.07164183905411224,0.4287789761098016,0.4287789761098016,0.0,0.0,2.1656194944848233,2.1656194944848233,30,0.00035278225357339904,30,2.25580183706796,0.09899039539626893,0.09901162244731689,2.1660838800989617,False,False,False,False,False,0,0,0.0,0.0,2.0985475743350337
1988-08,1.527632194624572,1.5022782749621473,-0.01649519090285852,0.0,0.00010168349638484876,0.0,0.00010168349638484876,-0.01659687439924337,0.20336699276969752,0.20336699276969752,0.0,0.0,2.068132619001402,2.068132619001402,30,0.00015533498273948622,30,2.0862628709311934,0.09998983165036145,0.09999999999999994,2.0683429353427907,False,False,True,False,True,0,0,0.00021031634139013003,1.0168349638561523e-05,2.25580183706796
1988-09,1.5022782749621473,1.4770602789144591,-0.016749931760826647,0.0,3.6569427392689885e-05,0.0,3.6569427392689885e-05,-0.016786501188219338,0.07313885478537976,0.07313885478537976,0.0,0.0,2.042009119141661,2.042009119141661,30,5.493745629984365e-05,30,2.0598366375445134,0.09999634305726073,0.09999999999999999,2.0420837969768044,False,False,True,False,True,0,0,7.46778351438486e-05,3.6569427392939613e-06,2.086262870931194
1988-10,1.4770602789144591,1.5480159114185286,0.048075220381470926,0.0,3.680684007020384e-05,0.0,3.680684007020384e-05,0.048038413541400725,0.07361368014040769,0.07361368014040769,0.0,0.0,2.0290573343085327,2.0290573343085327,30,5.4365921460055176e-05,30,1.9819240667631797,0.09999631931599291,0.09999999999999994,2.0291320202462835,False,False,True,False,True,0,0,7.46859377519539e-05,3.6806840070910064e-06,2.059836637544513
1988-11,1.5480159114185286,1.5766418493124477,0.018543142334575394,0.0,5.112446656276723e-05,0.0,5.112446656276723e-05,0.018492017868012627,0.10224893312553446,0.10224893312553446,0.0,0.0,2.029861277486319,2.029861277486319,30,7.91414877019482e-05,30,2.0112130324877513,0.09999488755334368,0.09999999999999995,2.029965058367069,False,False,True,False,True,0,0,0.00010378088075115727,5.112446656329142e-06,1.9819240667631797
1988-12,1.5766418493124477,1.6030622553037233,0.01680440379693623,0.0,4.701149328970085e-05,0.0,4.701149328970085e-05,0.01675739230364653,0.0940229865794017,0.0940229865794017,0.0,0.0,2.0197468306693676,2.0197468306693676,30,7.412028771921368e-05,30,2.002986405490627,0.09999529885067097,0.09999999999999994,2.0198417864479574,False,False,True,False,True,0,0,9.495577859088e-05,4.701149329020668e-06,2.0112130324877513
1989-01,1.6030622553037233,1.5429306676214503,-0.03747566305292692,0.0,3.478763813516835e-05,0.0,3.478763813516835e-05,-0.03751045069106209,0.06957527627033669,0.06957527627033669,0.0,0.0,2.0279124421506065,2.0279124421506065,30,5.5766749645652785e-05,30,2.0680087181484748,0.09999652123618644,0.09999999999999995,2.0279829908890377,False,False,True,False,True,0,0,7.054873843193726e-05,3.4787638135473438e-06,2.0029864054906263
1989-02,1.5429306676214503,1.5524617887582737,0.006211017657383207,0.0,3.373352087930387e-05,0.0,3.373352087930387e-05,0.006177284136503903,0.06746704175860774,0.06746704175860774,0.0,0.0,2.041885529004594,2.041885529004594,30,5.204848389152646e-05,30,2.035522545531967,0.09999662664791203,0.09999999999999996,2.041954411316363,False,False,True,False,True,0,0,6.88823117696892e-05,3.3733520879776705e-06,2.0680087181484748
1989-03,1.5524617887582737,1.5462248897215913,-0.003987343686589016,0.0,3.0081464770734003e-05,0.0,3.0081464770734003e-05,-0.00401742515135975,0.060162929541468006,0.060162929541468006,0.0,0.0,2.0505897058759954,2.0505897058759954,30,4.67003246064427e-05,30,2.054857598789245,0.09999699185352294,0.1,2.050651392473615,False,False,True,False,True,0,0,6.168659761966039e-05,3.008146477068346e-06,2.035522545531967
1989-04,1.5462248897215913,1.5406502218203812,-0.0035591307191964643,0.0,4.621022329342724e-05,0.0,4.621022329342724e-05,-0.0036053409424898915,0.09242044658685447,0.09242044658685447,0.0,0.0,2.0603444321624145,2.0603444321624145,30,7.145139741588964e-05,30,2.0642275455277246,0.0999953789776706,0.09999999999999994,2.0604396455385174,False,False,True,False,True,0,0,9.521337610433195e-05,4.621022329408427e-06,2.0548575987892446
1989-05,1.5406502218203812,1.467501411168348,-0.04745184087978951,0.0,2.734006343787909e-05,0.0,2.734006343787909e-05,-0.04747918094322739,0.054680126875758184,0.054680126875758184,0.0,0.0,2.0824651810948738,2.0824651810948738,30,4.2121474800151715e-05,30,2.1364502481218652,0.0999972659936562,0.09999999999999999,2.0825221173816737,False,False,True,False,True,0,0,5.693628680039295e-05,2.7340063438072345e-06,2.0642275455277246
1989-06,1.467501411168348,1.5209900299470565,0.036486908065006395,0.0,3.81398582871853e-05,0.0,3.81398582871853e-05,0.03644876820671921,0.0762797165743706,0.0762797165743706,0.0,0.0,2.1462578219068176,2.1462578219068176,30,5.5970295858205246e-05,30,2.1059842000183426,0.09999618601417123,0.09999999999999995,2.146339682998163,False,False,True,False,True,0,0,8.186109134660988e-05,3.8139858287604485e-06,2.1364502481218657
1989-07,1.5209900299470565,1.5133046078408776,-0.0050053562354621765,0.0,4.755138053737375e-05,0.0,4.755138053737375e-05,-0.0050529076159995506,0.0951027610747475,0.0951027610747475,0.0,0.0,2.165363681746971,2.165363681746971,30,7.232517570756397e-05,30,2.1713298546710234,0.0999952448619462,0.09999999999999994,2.1654666526758133,False,False,True,False,True,0,0,0.00010297092884376663,4.755138053801669e-06,2.1059842000183426
1989-08,1.5133046078408776,1.4491978981510383,-0.04231133375507266,0.0,5.073225442965516e-05,0.0,5.073225442965516e-05,-0.04236206600950231,0.10146450885931033,0.10146450885931033,0.0,0.0,2.156511504071867,2.156511504071867,30,7.677335439455293e-05,30,2.207723916602674,0.09999492677455699,0.09999999999999995,2.1566209143128003,False,False,True,False,True,0,0,0.00010941024093460289,5.07322544303008e-06,2.171329854671024
1989-09,1.4491978981510383,1.492256610514904,0.02976125111529844,0.0,4.915146431056068e-05,0.0,4.915146431056068e-05,0.02971209965098788,0.09830292862112136,0.09830292862112136,0.0,0.0,2.2684382111471906,2.2684382111471906,30,7.123019876991032e-05,30,2.231885459092347,0.0999950848535689,0.09999999999999995,2.26854971368748,False,False,True,False,True,0,0,0.00011150254029019396,4.91514643110631e-06,2.207723916602674
1989-10,1.492256610514904,1.4736599155669825,-0.01240631490565635,0.0,5.581447402498839e-05,0.0,5.581447402498839e-05,-0.012462129379681339,0.11162894804997678,0.11162894804997678,0.0,0.0,2.299531000995136,2.299531000995136,30,8.328951782620132e-05,30,2.3159868133997032,0.09999441855259744,0.09999999999999995,2.299659355272487,False,False,True,False,True,0,0,0.00012835427735282887,5.581447402570193e-06,2.231885459092347
1989-11,1.4736599155669825,1.5168538963899676,0.029342011130415943,0.0,3.1326645680818475e-05,0.0,3.1326645680818475e-05,0.029310684484735124,0.06265329136163694,0.06265329136163694,0.0,0.0,2.286232598269771,2.286232598269771,30,4.616482202899173e-05,30,2.2496362316100367,0.0999968673354319,0.09999999999999998,2.286304220512006,False,False,True,False,True,0,0,7.162224223507957e-05,3.1326645681049744e-06,2.3159868133997032
1989-12,1.5168538963899676,1.5535758824627808,0.024244813037119464,0.0,3.550312255898751e-05,0.0,3.550312255898751e-05,0.024209309914560478,0.07100624511797501,0.07100624511797501,0.0,0.0,2.278583430904382,2.278583430904382,30,5.385304978761076e-05,30,2.248396125332628,0.09999644968774409,0.09999999999999998,2.2786643306033825,False,False,True,False,True,0,0,8.089969900062707e-05,3.550312255917265e-06,2.2496362316100367
1990-01,1.5535758824627808,1.549689052405431,-0.002447573002189304,0.0,5.4287448417268795e-05,0.0,5.4287448417268795e-05,-0.0025018604506065727,0.10857489683453758,0.10857489683453758,0.0,0.0,2.2851133269812656,2.2851133269812656,30,8.433967058151106e-05,30,2.2883909888897036,0.09999457125515825,0.09999999999999998,2.2852373866880167,False,False,True,False,True,0,0,0.0001240597067516322,5.428744841751803e-06,2.2483961253326274
1990-02,1.549689052405431,1.545386448687675,-0.0026912844748667323,0.0,8.514587487190844e-05,0.0,8.514587487190844e-05,-0.0027764303497386407,0.17029174974381686,0.17029174974381686,0.0,0.0,2.391931401691243,2.391931401691243,31,0.00013194963014647918,31,2.395892144882128,0.0973566668030654,0.09736495702751338,2.3921350821256224,False,False,False,False,False,0,0,0.0,0.0,2.2883909888897036
1990-03,1.545386448687675,1.5558457819499418,0.006799641694140849,0.0,3.153959828717153e-05,0.0,3.153959828717153e-05,0.006768102095853678,0.06307919657434306,0.06307919657434306,0.0,0.0,2.390956001678028,2.390956001678028,31,4.874086779004789e-05,31,2.3816364844899307,0.09724406922018074,0.09724713635579597,2.391031413848313,False,False,False,False,False,0,0,0.0,0.0,2.395892144882127
1990-04,1.5558457819499418,1.5708097220847688,0.0096532938434488,0.0,3.541249014873948e-05,0.0,3.541249014873948e-05,0.009617881353300061,0.07082498029747895,0.07082498029747895,0.0,0.0,2.3995354681306074,2.3995354681306074,31,5.5096373426260185e-05,31,2.3862382060277696,0.09562987541049728,0.09563326202244654,2.3996204446659646,False,False,False,False,False,0,0,0.0,0.0,2.3816364844899303
1990-05,1.5708097220847688,1.605111221687295,0.021914413433786695,0.0,7.758678300600727e-05,0.0,7.758678300600727e-05,0.021836826650780686,0.15517356601201454,0.15517356601201454,0.0,0.0,2.4781379983777336,2.4781379983777336,31,0.00012187407305111753,31,2.4466258668772074,0.09318149555831357,0.09318872577175862,2.4783302840516996,False,False,False,False,False,0,0,0.0,0.0,2.3862382060277696
1990-06,1.605111221687295,1.601791959621897,-0.0020265783260194573,0.0,4.135442564917483e-05,0.0,4.135442564917483e-05,-0.002067932751668632,0.08270885129834966,0.08270885129834966,0.0,0.0,2.4700825201586465,2.4700825201586465,31,6.637845267592342e-05,31,2.4731702916792444,0.0929098094837387,0.09291365187444693,2.470184673227055,False,False,False,False,False,0,0,0.0,0.0,2.446625866877207
1990-07,1.601791959621897,1.6301046472736305,0.01771492449605975,0.0,3.929097719957312e-05,0.0,3.929097719957312e-05,0.017675633518860177,0.07858195439914624,0.07858195439914624,0.0,0.0,2.4693689446314244,2.4693689446314244,31,6.293597136396351e-05,31,2.44388662478612,0.09303149392467809,0.09303514936661061,2.4694659723626398,False,False,False,False,False,0,0,0.0,0.0,2.473170291679245
1990-08,1.6301046472736305,1.5962398577760124,-0.020702443431579124,0.0,7.216729924568908e-05,0.0,7.216729924568908e-05,-0.020774610730824813,0.14433459849137814,0.14433459849137814,0.0,0.0,2.4500435145154085,2.4500435145154085,31,0.00011764024988158453,31,2.480880395571563,0.09258334731218669,0.09259002928453723,2.4502203402999245,False,False,False,False,False,0,0,0.0,0.0,2.4438866247861215
1990-09,1.5962398577760124,1.6281757257279992,0.02008287587042588,0.0,7.594032348244953e-05,0.0,7.594032348244953e-05,0.02000693554694343,0.15188064696489906,0.15188064696489906,0.0,0.0,2.4518053495590566,2.4518053495590566,31,0.00012121897115508962,31,2.423403350786059,0.09444230313409037,0.09444947565782458,2.4519915545908884,False,False,False,False,False,0,0,0.0,0.0,2.480880395571563
1990-10,1.6281757257279992,1.5796178859127243,-0.02974878493143599,0.0,7.467886794190939e-05,0.0,7.467886794190939e-05,-0.029823463799377902,0.1493577358838188,0.1493577358838188,0.0,0.0,2.4623471050012165,2.4623471050012165,31,0.00012159032000786373,31,2.507376986869063,0.09572413612337889,0.09573128522738629,2.462531004028869,False,False,False,False,False,0,0,0.0,0.0,2.423403350786059
1990-11,1.5796178859127243,1.5270443843754586,-0.03323185539798064,0.0,5.0561828441175455e-05,0.0,5.0561828441175455e-05,-0.033282417226421813,0.1011236568823509,0.1011236568823509,0.0,0.0,2.5252251737989657,2.5252251737989657,31,7.986836855013143e-05,31,2.577788345642052,0.09685950097776945,0.09686439861887448,2.5253528602570396,False,False,False,False,False,0,0,0.0,0.0,2.507376986869063
1990-12,1.5270443843754586,1.5302061602860086,0.002119577495637827,0.0,4.905751409633538e-05,0.0,4.905751409633538e-05,0.0020705199815414916,0.09811502819267076,0.09811502819267076,0.0,0.0,2.5240294515544104,2.5240294515544104,31,7.491300141222885e-05,31,2.5209293943669566,0.09302233462158038,0.09302689828995458,2.524153280239537,False,False,False,False,False,0,0,0.0,0.0,2.5777883456420514
1991-01,1.5302061602860086,1.522656351363234,-0.004889951736007699,0.0,4.3899086657601336e-05,0.0,4.3899086657601336e-05,-0.0049338508226653005,0.08779817331520268,0.08779817331520268,0.0,0.0,2.5294719784055184,2.5294719784055184,31,6.71746528343909e-05,31,2.537099698102177,0.09260401170025283,0.09260807711025508,2.529583024789931,False,False,False,False,False,0,0,0.0,0.0,2.5209293943669566
1991-02,1.522656351363234,1.5526030073316959,0.019768248177037755,0.0,0.00010087152855721761,0.0,0.00010087152855721761,0.019667376648480537,0.20174305711443521,0.20174305711443521,0.0,0.0,2.6203598171941653,2.6203598171941653,32,0.00015359267362936524,32,2.589205191646883,0.09317778205817537,0.0931871819916648,2.6206241635593175,False,False,False,False,False,0,0,0.0,0.0,2.537099698102177
1991-03,1.5526030073316959,1.5130866971300208,-0.02541030584897501,0.0,4.1345355532126497e-05,0.0,4.1345355532126497e-05,-0.025451651204507136,0.08269071106425299,0.08269071106425299,0.0,0.0,2.613097621535313,2.613097621535313,32,6.419292333837777e-05,32,2.6552682777459196,0.09343696671991941,0.09344083006425964,2.61320566545263,False,False,False,False,False,0,0,0.0,0.0,2.5892051916468826
1991-04,1.5130866971300208,1.5257262439244028,0.008388864576709464,0.0,3.537973122344189e-05,0.0,3.537973122344189e-05,0.008353484845486023,0.07075946244688378,0.07075946244688378,0.0,0.0,2.60825139755853,2.60825139755853,32,5.353260066222556e-05,32,2.5949632757367795,0.09323687736562586,0.09324017617799826,2.608343680056869,False,False,False,False,False,0,0,0.0,0.0,2.6552682777459196
1991-05,1.5257262439244028,1.5294624700703705,0.002485196749857344,0.0,3.6378581561512194e-05,0.0,3.6378581561512194e-05,0.002448818168295832,0.07275716312302438,0.07275716312302438,0.0,0.0,2.6118120959730713,2.6118120959730713,32,5.5503756605143534e-05,32,2.607910992902211,0.09338023559722618,0.09338363276132709,2.611907113449029,False,False,False,False,False,0,0,0.0,0.0,2.59496327573678
1991-06,1.5294624700703705,1.458490285231275,-0.046348949292322146,0.0,5.4402360909329845e-05,0.0,5.4402360909329845e-05,-0.04640335165323148,0.10880472181865969,0.10880472181865969,0.0,0.0,2.6500683722748324,2.6500683722748324,32,8.320636929404339e-05,32,2.73042006544017,0.09119932011617093,0.09120428184442832,2.6502125500944693,False,False,False,False,False,0,0,0.0,0.0,2.607910992902211
1991-07,1.458490285231275,1.523537415844598,0.04471772254156341,0.0,0.00011877575940622662,0.0,0.00011877575940622662,0.04459894678215718,0.23755151881245323,0.23755151881245323,0.0,0.0,2.838575863605608,2.838575863605608,32,0.0001732332912149488,32,2.7601919330179645,0.09395609656867074,0.09396725760105162,2.8389130576599197,False,False,False,False,False,0,0,0.0,0.0,2.7304200654401702
1991-08,1.523537415844598,1.4945349714501444,-0.018951813563046024,0.0,8.443989081189343e-05,0.0,8.443989081189343e-05,-0.01903625345385792,0.16887978162378686,0.16887978162378686,0.0,0.0,2.8675474946152795,2.8675474946152795,32,0.00012864733304175213,32,2.903874573430265,0.0885078822605008,0.08851535648753778,2.8677896504602356,False,False,False,False,False,0,0,0.0,0.0,2.7601919330179636
1991-09,1.4945349714501444,1.599882000101901,0.07054012042995214,0.0,5.195477027626165e-05,0.0,5.195477027626165e-05,0.07048816565967587,0.1039095405525233,0.1039095405525233,0.0,0.0,2.896255060882474,2.896255060882474,32,7.764822111153151e-05,32,2.7714413633747865,0.08940633844949264,0.08941098377661494,2.896405542967086,False,False,False,False,False,0,0,0.0,0.0,2.903874573430266
1991-10,1.599882000101901,1.62816795646009,0.017758949809181093,0.0,7.892318447537144e-05,0.0,7.892318447537144e-05,0.017680026624705723,0.15784636895074286,0.15784636895074286,0.0,0.0,2.8861537000589705,2.8861537000589705,32,0.00012626778223286854,32,2.8534633420088142,0.09338688004817089,0.09339425101987307,2.886381502478757,False,False,False,False,False,0,0,0.0,0.0,2.7714413633747865
1991-11,1.62816795646009,1.5940277555472921,-0.020895764258646265,0.0,7.271186038042435e-05,0.0,7.271186038042435e-05,-0.020968476119026688,0.1454237207608487,0.1454237207608487,0.0,0.0,2.8813776140452574,2.8813776140452574,32,0.00011838712112600689,32,2.9217464198163827,0.09076021307851756,0.0907668129023445,2.8815871396070265,False,False,False,False,False,0,0,0.0,0.0,2.853463342008814
1991-12,1.5940277555472921,1.6022707281958395,0.005220793747598361,0.0,4.963369730351135e-05,0.0,4.963369730351135e-05,0.00517116005029485,0.0992673946070227,0.0992673946070227,0.0,0.0,2.9596267678033112,2.9596267678033112,32,7.911749111222988e-05,32,2.9495947350922416,0.09194498784999014,0.09194955164620373,2.9597736723138497,False,False,False,False,False,0,0,0.0,0.0,2.9217464198163827
1992-01,1.6022707281958395,1.622929509682742,0.012996836769973596,0.0,0.00010339677674327718,0.0,0.00010339677674327718,0.012893439993230319,0.20679355348655437,0.20679355348655437,0.0,0.0,2.886497888328509,2.886497888328509,32,0.00016566962876555337,32,2.86258614244541,0.09006559771180964,0.09007491116728977,2.8867963737686706,False,False,False,False,False,0,0,0.0,0.0,2.949594735092241
1992-02,1.622929509682742,1.57509575847296,-0.02921631008865684,0.0,0.0002573983653430504,0.0,0.0002573983653430504,-0.02947370845399989,0.5147967306861008,0.5147967306861008,0.0,0.0,2.9727850214128795,2.9727850214128795,34,0.0004177394028593361,34,3.032961329296153,0.08571124683034888,0.08573331444534255,2.9735504084272737,False,False,False,False,False,0,0,0.0,0.0,2.8625861424454095
1992-03,1.57509575847296,1.5509727438784005,-0.01526221849349528,0.0,5.305009560084515e-05,0.0,5.305009560084515e-05,-0.015315268589096126,0.10610019120169029,0.10610019120169029,0.0,0.0,2.9998408497131974,2.9998408497131974,34,8.355898056747622e-05,34,3.0309991980308806,0.08623058489490312,0.08623515967836821,3.0,False,False,True,True,False,0,0,0.00015915028680255072,4.574783465091487e-06,3.032961329296153
1992-04,1.5509727438784005,1.487549341701197,-0.0408544043209062,0.0,3.82563835014904e-05,0.0,3.82563835014904e-05,-0.04089266070440769,0.07651276700298079,0.07651276700298079,0.0,0.0,2.9998852308494937,2.9998852308494937,34,5.9334608090170934e-05,34,3.085192559053735,0.08632709823082364,0.08633040091974907,2.9999999999999982,False,False,True,True,False,0,0,0.00011476915050587927,3.302688925463827e-06,3.03099919803088
1992-05,1.487549341701197,1.5416656648723726,0.03643892143693053,0.0,5.940671825456707e-05,0.0,5.940671825456707e-05,0.03637951471867597,0.11881343650913413,0.11881343650913413,0.0,0.0,2.999821779845235,2.999821779845235,34,8.837042463220972e-05,34,2.929680351802743,0.08759149289545436,0.08759669672773689,2.9999999999999987,False,False,True,True,False,0,0,0.0001782201547646453,5.2038322825627476e-06,3.0851925590537355
1992-06,1.5416656648723726,1.605829012344601,0.041682700761143415,0.0,6.320508563960146e-05,0.0,6.320508563960146e-05,0.04161949567550381,0.12641017127920293,0.12641017127920293,0.0,0.0,2.99981038474308,2.99981038474308,34,9.744111037589144e-05,34,2.919965590248266,0.0833410717854322,0.08334633969797055,2.999999999999999,False,False,True,True,False,0,0,0.0001896152569198506,5.267912538386486e-06,2.9296803518027423
1992-07,1.605829012344601,1.6106498440065462,0.0030663996259880956,0.0,6.431682334505827e-05,0.0,6.431682334505827e-05,0.003002082802643037,0.12863364669011654,0.12863364669011654,0.0,0.0,2.999807049529964,2.999807049529964,34,0.0001032818209093371,34,2.9938855568127627,0.08206386533386882,0.08206914376049014,2.999999999999999,False,False,True,True,False,0,0,0.00019295047003625374,5.278426621353152e-06,2.9199655902482657
1992-08,1.6106498440065462,1.5969683895279831,-0.008423982846047166,0.0,7.038638602003645e-05,0.0,7.038638602003645e-05,-0.008494369232067202,0.1407727720400729,0.1407727720400729,0.0,0.0,2.999788840841937,2.999788840841937,34,0.00011336782166335625,34,3.0169923046014806,0.08169211289459595,0.08169786331194004,2.9999999999999973,False,False,True,True,False,0,0,0.00021115915806287078,5.750417344161896e-06,2.993885556812763
1992-09,1.5969683895279831,1.588177552719308,-0.005449093182385038,0.0,5.5609895221510755e-05,0.0,5.5609895221510755e-05,-0.0055047030776065485,0.11121979044302151,0.11121979044302151,0.0,0.0,2.999833170314334,2.999833170314334,34,8.880724481371591e-05,34,3.010958509706878,0.0790409300074597,0.07904532570974016,2.9999999999999982,False,False,True,True,False,0,0,0.00016682968566605894,4.3957022805095495e-06,3.0169923046014806
1992-10,1.588177552719308,1.507417118441242,-0.05078684202010399,0.0,6.416902698373896e-05,0.0,6.416902698373896e-05,-0.050851011047087724,0.1283380539674779,0.1283380539674779,0.0,0.0,2.999807492919047,2.999807492919047,34,0.00010191180823541378,34,3.107015532042299,0.08011968206757294,0.08012482359954057,2.9999999999999982,False,False,True,True,False,0,0,0.00019250708095338437,5.141531967684035e-06,3.010958509706877
1992-11,1.507417118441242,1.5289180202152655,0.014322578931733835,0.0,5.917332820936962e-05,0.0,5.917332820936962e-05,0.014263405603524465,0.11834665641873923,0.11834665641873923,0.0,0.0,2.999822480015371,2.999822480015371,34,8.919888789794581e-05,34,2.971757673889039,0.08332397878333149,0.0833289096322505,2.999999999999999,False,False,True,True,False,0,0,0.00017751998462943105,4.930848919034587e-06,3.107015532042299
1992-12,1.5289180202152655,1.5653277929776168,0.024071326978723363,0.0,0.00025724912697239037,0.0,0.00025724912697239037,0.02381407785175097,0.5144982539447808,0.5144982539447808,0.0,0.0,2.999228252619081,2.999228252619081,36,0.0003933128259127325,36,2.952977151810155,0.07787112440686168,0.07789116184024394,2.9999999999999982,False,False,True,True,False,0,0,0.0007717473809183348,2.003743338229822e-05,2.971757673889039
1993-01,1.5653277929776168,1.5710084432721416,0.0036767335507429015,0.0,4.768516866641945e-05,0.0,4.768516866641945e-05,0.003629048382076482,0.0953703373328389,0.0953703373328389,0.0,0.0,2.999856944493999,2.999856944493999,36,7.464291982637176e-05,36,2.9926731224914804,0.07849819756552145,0.078501940943816,2.999999999999998,False,False,True,True,False,0,0,0.0001430555060011815,3.7433782945965944e-06,2.952977151810156
1993-02,1.5710084432721416,1.6294993732266145,0.037309176799617136,0.0,7.772193063731683e-05,0.0,7.772193063731683e-05,0.037231454868979816,0.15544386127463364,0.15544386127463364,0.0,0.0,2.9997668342080863,2.9997668342080863,37,0.00012210180925863648,37,2.928060074490643,0.07747168399743039,0.07747770571429985,2.9999999999999982,False,False,True,True,False,0,0,0.00023316579191415276,6.021716869521859e-06,2.9926731224914804
1993-03,1.6294993732266145,1.7242795114568077,0.05825076669189376,0.0,8.557817603896072e-05,0.0,8.557817603896072e-05,0.058165188515854796,0.17115635207792146,0.17115635207792146,0.0,0.0,2.999743265471883,2.999743265471883,37,0.00013944958421736338,37,2.889902318987465,0.07838858335419237,0.07839529228031576,3.0,False,False,True,True,False,0,0,0.00025673452811678793,6.708926123387794e-06,2.928060074490643
1993-04,1.7242795114568077,1.7430066636403319,0.010951283581331399,0.0,9.042717197687601e-05,0.0,9.042717197687601e-05,0.010860856409354523,0.18085434395375202,0.18085434395375202,0.0,0.0,2.999728718484069,2.999728718484069,37,0.0001559217199187085,37,2.978332757645338,0.08091366690027565,0.08092098435604456,2.999999999999999,False,False,True,True,False,0,0,0.00027128151593112937,7.317455768916608e-06,2.889902318987465
1993-05,1.7430066636403319,1.7348929195190583,-0.004587604484680041,0.0,6.742311247652546e-05,0.0,6.742311247652546e-05,-0.004655027597156566,0.1348462249530509,0.1348462249530509,0.0,0.0,2.999797730662569,2.999797730662569,37,0.00011751893432995547,37,3.0092181195703525,0.08090989459663277,0.08091535016138778,2.9999999999999987,False,False,True,True,False,0,0,0.00020226933743125106,5.455564755054051e-06,2.978332757645338
1993-06,1.7348929195190583,1.7770785155559923,0.024365542969805143,0.0,4.957766594727957e-05,0.0,4.957766594727957e-05,0.024315965303857864,0.09915533189455913,0.09915533189455913,0.0,0.0,2.9998512670021564,2.9998512670021564,37,8.601194161821645e-05,37,2.9524257283980186,0.0797884615352475,0.07979241745706532,2.9999999999999982,False,False,True,True,False,0,0,0.00014873299784311927,3.955921817846072e-06,3.0092181195703525
1993-07,1.7770785155559923,1.8928072965453437,0.06519376017393097,0.0,7.070569080158828e-05,0.0,7.070569080158828e-05,0.06512305448312938,0.14141138160317654,0.14141138160317654,0.0,0.0,2.9997878829275946,2.9997878829275946,37,0.00012564956405104746,37,2.8775845478143975,0.08005011975134416,0.08005578015058236,2.999999999999999,False,False,True,True,False,0,0,0.00021211707240541972,5.660399238224798e-06,2.9524257283980186
1993-08,1.8928072965453437,1.8863681050815773,-0.0032943922664243463,0.0,0.00010753431929781866,0.0,0.00010753431929781866,-0.0034019265857221648,0.21506863859563732,0.21506863859563732,0.0,0.0,2.9996773970421056,2.9996773970421056,37,0.00020354174419594793,37,3.0066112756071015,0.08403381089700131,0.0840428483874945,2.9999999999999987,False,False,True,True,False,0,0,0.0003226029578939603,9.037490493213006e-06,2.877584547814398
1993-09,1.8863681050815773,1.8511403217163291,-0.018616566165889824,0.0,5.835908881000454e-05,0.0,5.835908881000454e-05,-0.01867492525469983,0.11671817762000908,0.11671817762000908,0.0,0.0,2.9998249227335685,2.9998249227335685,37,0.00011008672377281574,37,3.0379416905671563,0.0797162956027008,0.07972094804458775,2.9999999999999987,False,False,True,True,False,0,0,0.00017507726643109858,4.652441886980531e-06,3.0066112756071015
1993-10,1.8511403217163291,1.9009591376777992,0.027359557704897133,0.0,0.00044705659570000667,0.0,0.00044705659570000667,0.026912501109197125,0.8941131914000133,0.8941131914000133,0.0,0.0,2.9986588302129,2.9986588302129,38,0.0008275644903895172,38,2.9467149193814564,0.07076621143927123,0.07079786209048024,3.0,False,False,True,True,False,0,0,0.0013411697871000203,3.165065120900816e-05,3.037941690567157
1993-11,1.9009591376777992,1.8982481607873756,-0.001359924836229607,0.0,6.618519248743723e-05,0.0,6.618519248743723e-05,-0.0014261100287170443,0.13237038497487447,0.13237038497487447,0.0,0.0,2.999801444422537,2.999801444422537,38,0.00012581534643795784,38,3.002723734016856,0.07112483926643767,0.0711295469891967,2.9999999999999996,False,False,True,True,False,0,0,0.0001985555774624108,4.707722759026458e-06,2.9467149193814564
1993-12,1.8982481607873756,1.995217543852385,0.051135567538474806,0.0,5.1949986179900905e-05,0.0,5.1949986179900905e-05,0.0510836175522949,0.1038999723598018,0.1038999723598018,0.0,0.0,2.9998441500414588,2.9998441500414588,38,9.861396571892647e-05,38,2.9026993348872527,0.07078100682295026,0.07078468408631029,2.9999999999999982,False,False,True,True,False,0,0,0.00015584995854124942,3.67726336006912e-06,3.0027237340168567
1994-01,1.995217543852385,2.022661685580896,0.01383792035981225,0.0,8.295824399110504e-05,0.0,8.295824399110504e-05,0.013754962115821145,0.1659164879822101,0.1659164879822101,0.0,0.0,2.9997511252680247,2.9997511252680247,38,0.0001655197438182395,38,2.972699674227129,0.07244209012699665,0.07244810029417754,2.999999999999998,False,False,True,True,False,0,0,0.00024887473197489005,6.010167180934051e-06,2.9026993348872527
1994-02,2.022661685580896,1.9512124651200717,-0.03524835542525924,0.0,7.600008617884652e-05,0.0,7.600008617884652e-05,-0.03532435551143809,0.15200017235769303,0.15200017235769303,0.0,0.0,2.999771999741463,2.999771999741463,40,0.00015372246241479904,40,3.073078149379311,0.07521797807331396,0.07522369508062278,2.999999999999999,False,False,True,True,False,0,0,0.0002280002585371109,5.7170073088326456e-06,2.9726996742271297
1994-03,1.9512124651200717,1.8746288826917281,-0.03919483954268903,0.0,5.438820536702216e-05,0.0,5.438820536702216e-05,-0.03924922774805605,0.10877641073404432,0.10877641073404432,0.0,0.0,2.999836835383899,2.999836835383899,40,0.00010612294426764401,40,3.0815921062458655,0.07747664377679775,0.07748085782160496,3.0000000000000004,False,False,True,True,False,0,0,0.00016316461610085473,4.214044807209295e-06,3.073078149379311
1994-04,1.8746288826917281,1.8411242013385838,-0.017810282584493714,0.0,6.241833380006881e-05,0.0,6.241833380006881e-05,-0.017872700918293783,0.12483666760013762,0.12483666760013762,0.0,0.0,2.999812744998599,2.999812744998599,40,0.00011701121135110233,40,3.0362687863399094,0.079467619213505,0.07947257975951638,2.999999999999999,False,False,True,True,False,0,0,0.00018725500140080384,4.960546011398585e-06,3.081592106245866
1994-05,1.8411242013385838,1.8646061972771037,0.01279650326399892,0.0,4.234147445354977e-05,0.0,4.234147445354977e-05,0.012754161789545372,0.08468294890709954,0.08468294890709954,0.0,0.0,2.9998729755766393,2.9998729755766393,40,7.795591333678987e-05,40,2.974729300067476,0.08055045359844389,0.08055386436783415,3.0,False,False,True,True,False,0,0,0.00012702442336109954,3.410769390276757e-06,3.0362687863399094
1994-06,1.8646061972771037,1.8414910535129574,-0.012330009780260692,0.0,6.678681834638898e-05,0.0,6.678681834638898e-05,-0.01239679659860708,0.13357363669277794,0.13357363669277794,0.0,0.0,2.9997996395449587,2.9997996395449587,40,0.00012453111538509706,40,3.0249695621435695,0.08076504234064291,0.0807704367411293,2.999999999999998,False,False,True,True,False,0,0,0.00020036045504045336,5.39440048642255e-06,2.974729300067476
1994-07,1.8414910535129574,1.8988089570752364,0.031183342063163772,0.0,5.7530480785797865e-05,0.0,5.7530480785797865e-05,0.031125811582377975,0.11506096157159573,0.11506096157159573,0.0,0.0,2.999827408557641,2.999827408557641,40,0.00010594186567134587,40,2.939515931590714,0.07772256785097029,0.07772703952492421,2.9999999999999982,False,False,True,True,False,0,0,0.00017259144235917331,4.4716739539716744e-06,3.0249695621435695
1994-08,1.8988089570752364,1.88829442901782,-0.005478054610922867,0.0,5.937874604422164e-05,0.0,5.937874604422164e-05,-0.005537433356967089,0.11875749208844327,0.11875749208844327,0.0,0.0,2.9998218637618663,2.9998218637618663,40,0.00011274889484866381,40,3.0110171157661862,0.07549886074890533,0.07550334404279674,2.999999999999999,False,False,True,True,False,0,0,0.0001781362381336679,4.483293891431959e-06,2.939515931590714
1994-09,1.88829442901782,1.8257625245026443,-0.03307021713046165,0.0,4.533071749821466e-05,0.0,4.533071749821466e-05,-0.033115547847959864,0.09066143499642931,0.09066143499642931,0.0,0.0,2.9998640078475036,2.9998640078475036,40,8.559774131525936e-05,40,3.068405727399701,0.07559466333245318,0.07559809024812562,2.9999999999999982,False,False,True,True,False,0,0,0.0001359921524963885,3.426915672485819e-06,3.0110171157661862
1994-10,1.8257625245026443,1.8622573695504872,0.020038718673480733,0.0,4.989506796592457e-05,0.0,4.989506796592457e-05,0.019988823605514808,0.09979013593184914,0.09979013593184914,0.0,0.0,2.9998503147961015,2.9998503147961015,40,9.109654524969747e-05,40,2.9607079642252416,0.07446541815221318,0.07446913379470523,2.999999999999999,False,False,True,True,False,0,0,0.00014968520389845724,3.7156424920673476e-06,3.0684057273997016
1994-11,1.8622573695504872,1.7907803442510257,-0.03834018325083072,0.0,4.174315105787387e-05,0.0,4.174315105787387e-05,-0.03838192640188859,0.08348630211574773,0.08348630211574773,0.0,0.0,2.9998747705468247,2.9998747705468247,40,7.773649068578483e-05,40,3.079740978884416,0.0746545694413553,0.07465768588841497,2.9999999999999982,False,False,True,True,False,0,0,0.00012522945317527956,3.1164470597127126e-06,2.960707964225242
1994-12,1.7907803442510257,1.8461241905051005,0.03096397950724783,0.0,5.910251786927991e-05,0.0,5.910251786927991e-05,0.03090487698937855,0.11820503573855981,0.11820503573855981,0.0,0.0,2.999822692446391,2.999822692446391,40,0.00010583962729605148,40,2.9399285420053984,0.07622302831953476,0.07622753355869903,2.9999999999999987,False,False,True,True,False,0,0,0.00017730755361001355,4.5052391643388715e-06,3.079740978884416
1995-01,1.8461241905051005,1.8347688797757236,-0.006075665907943995,0.0,7.522620851209095e-05,0.0,7.522620851209095e-05,-0.006150892116456086,0.15045241702418188,0.15045241702418188,0.0,0.0,2.999774321374463,2.999774321374463,40,0.0001388769232941518,40,3.0122265359192846,0.07608058699617401,0.0760863106808462,2.999999999999999,False,False,True,True,False,0,0,0.00022567862553654963,5.723684672200219e-06,2.9399285420053984
1995-02,1.8347688797757236,1.8789426243529186,0.024117168214227554,0.0,4.1250498316114406e-05,0.0,4.1250498316114406e-05,0.02407591771591144,0.0825009966322288,0.0825009966322288,0.0,0.0,2.9998762485050494,2.9998762485050494,40,7.568513058564759e-05,40,2.9528996477760767,0.0761749738402734,0.07617811622552849,2.999999999999998,False,False,True,True,False,0,0,0.0001237514949501521,3.1423852551314914e-06,3.012226535919285
1995-03,1.8789426243529186,1.9412989884054315,0.033272174175367916,0.0,8.522996306788105e-05,0.0,8.522996306788105e-05,0.033186944212300035,0.1704599261357621,0.1704599261357621,0.0,0.0,2.9997443101107946,2.9997443101107946,41,0.00016014221048026676,41,2.9355931192089626,0.0766870716908456,0.0766936082842472,2.9999999999999982,False,False,True,True,False,0,0,0.0002556898892054314,6.536593401654628e-06,2.9528996477760767
1995-04,1.9412989884054315,2.01211551781563,0.03656758832220533,0.0,8.864827579506289e-05,0.0,8.864827579506289e-05,0.036478940046410266,0.17729655159012578,0.17729655159012578,0.0,0.0,2.999734055172613,2.999734055172613,41,0.0001720928081248413,41,2.9294388203959674,0.07623634334746589,0.07624310216701426,2.999999999999998,False,False,True,True,False,0,0,0.00026594482738675,6.758819548412261e-06,2.9355931192089626
1995-05,2.01211551781563,2.083415220972911,0.03550137838661537,0.0,6.61846683716112e-05,0.0,6.61846683716112e-05,0.03543519371824376,0.1323693367432224,0.1323693367432224,0.0,0.0,2.999801445994883,2.999801445994883,41,0.00013317119827200023,41,2.9314271359482555,0.07688723468108652,0.07689232377403582,2.999999999999998,False,False,True,True,False,0,0,0.00019855400511750027,5.08909294937536e-06,2.929438820395967
1995-06,2.083415220972911,2.1144914509517747,0.014989778994223907,0.0,7.377489382596466e-05,0.0,7.377489382596466e-05,0.014916004100397942,0.14754978765192933,0.14754978765192933,0.0,0.0,2.999778675318522,2.999778675318522,41,0.00015370373672267523,41,2.9704610451827285,0.07673620170184128,0.07674186332466007,3.0,False,False,True,True,False,0,0,0.00022132468147792114,5.661622818784012e-06,2.9314271359482555
1995-07,2.1144914509517747,2.1682267271348175,0.02547472303192265,0.0,6.186257374716833e-05,0.0,6.186257374716833e-05,0.025412860458175483,0.12372514749433666,0.12372514749433666,0.0,0.0,2.999814412278758,2.999814412278758,41,0.00013080788332226113,41,2.950313236718058,0.07659920308945027,0.07660394200646196,2.9999999999999996,False,False,True,True,False,0,0,0.00018558772124157089,4.738917011700201e-06,2.9704610451827285
1995-08,2.1682267271348175,2.178521693793865,0.004806840620071415,0.0,5.873631427692342e-05,0.0,5.873631427692342e-05,0.004748104305794492,0.11747262855384684,0.11747262855384684,0.0,0.0,2.999823791057169,2.999823791057169,41,0.00012735364646861573,41,2.990431749809784,0.07654517251032603,0.07654966875572786,2.9999999999999996,False,False,True,True,False,0,0,0.0001762089428316259,4.496245401853261e-06,2.9503132367180567
1995-09,2.178521693793865,2.260008022337344,0.03744007932857696,0.0,3.566477736269466e-05,0.0,3.566477736269466e-05,0.037404414551214266,0.07132955472538931,0.07132955472538931,0.0,0.0,2.999893005667912,2.999893005667912,41,7.769649118895866e-05,41,2.927819703090866,0.07667693034594977,0.07667966510913414,3.0000000000000004,False,False,True,True,False,0,0,0.00010699433208750594,2.734763184348173e-06,2.9904317498097837
1995-10,2.260008022337344,2.290289973353223,0.01346114162482873,0.0,6.209581765469389e-05,0.0,6.209581765469389e-05,0.013399045807174036,0.12419163530938779,0.12419163530938779,0.0,0.0,2.999813712547035,2.999813712547035,41,0.00014033704605320507,41,2.9734336800877736,0.07689062855856761,0.0768954034415182,2.999999999999999,False,False,True,True,False,0,0,0.00018628745296474236,4.7748829506057234e-06,2.9278197030908655
1995-11,2.290289973353223,2.3374056440049844,0.020622613945247222,0.0,5.069021509205411e-05,0.0,5.069021509205411e-05,0.020571923730155168,0.10138043018410822,0.10138043018410822,0.0,0.0,2.9998479293547238,2.9998479293547238,41,0.00011609529137244975,41,2.959586162492356,0.07228011801818642,0.07228378209864866,3.0,False,False,True,True,False,0,0,0.00015207064527618733,3.6640804622486176e-06,2.9734336800877736
1995-12,2.3374056440049844,2.411297502487263,0.03165806008351904,0.0,4.529373643774063e-05,0.0,4.529373643774063e-05,0.0316127663470813,0.09058747287548126,0.09058747287548126,0.0,0.0,2.9998641187906863,2.9998641187906863,41,0.00010586983518764917,41,2.938624140537501,0.07223651614187818,0.07223978815180304,2.999999999999999,False,False,True,True,False,0,0,0.00013588120931370788,3.2720099248776525e-06,2.959586162492356
1996-01,2.411297502487263,2.4085447680248837,-0.0010710315624848392,0.0,7.056729022406106e-05,0.0,7.056729022406106e-05,-0.0011415988527089002,0.1411345804481221,0.1411345804481221,0.0,0.0,2.999788298129326,2.999788298129326,41,0.00017015873067457229,41,3.002144511296604,0.0723846526641508,0.07238976101342548,2.999999999999998,False,False,True,True,False,0,0,0.00021170187067373093,5.108349274722292e-06,2.938624140537501
1996-02,2.4085447680248837,2.3948866676484784,-0.005635245652869814,0.0,3.544004819171493e-05,0.0,3.544004819171493e-05,-0.005670685701061529,0.07088009638342985,0.07088009638342985,0.0,0.0,2.9998936798554237,2.9998936798554237,41,8.535894265070473e-05,41,3.0113347672080697,0.07277464111791236,0.07277722034610869,2.9999999999999987,False,False,True,True,False,0,0,0.00010632014457630928,2.579228196353635e-06,3.002144511296603
1996-03,2.3948866676484784,2.430040914357568,0.014769703783781849,0.0,9.082683149281834e-05,0.0,9.082683149281834e-05,0.014678876952289031,0.18165366298563668,0.18165366298563668,0.0,0.0,2.999727519505521,2.999727519505521,42,0.00021751996780690558,42,2.970887924999197,0.07375507334020541,0.07376177288832216,2.9999999999999996,False,False,True,True,False,0,0,0.00027248049447957216,6.699548116765725e-06,3.01133476720807
1996-04,2.430040914357568,2.5109214582545603,0.033321784524433996,0.0,3.817048356714004e-05,0.0,3.817048356714004e-05,0.033283614040866855,0.07634096713428008,0.07634096713428008,0.0,0.0,2.9998854885492974,2.9998854885492974,42,9.275583678896351e-05,42,2.935503120205066,0.07032231925042962,0.0703250035898235,2.9999999999999987,False,False,True,True,False,0,0,0.00011451145070309927,2.6843393939233455e-06,2.970887924999198
1996-05,2.5109214582545603,2.4961824959375543,-0.005783925901173815,0.0,8.601569678110015e-05,0.0,8.601569678110015e-05,-0.005869941597954915,0.1720313935622003,0.1720313935622003,0.0,0.0,2.999741952909657,2.999741952909657,42,0.00021597865879438208,42,3.0116361553547044,0.07075213501390311,0.07075822133161394,3.0000000000000004,False,False,True,True,False,0,0,0.0002580470903437663,6.086317710840983e-06,2.935503120205065
1996-06,2.4961824959375543,2.4647637756648497,-0.012549190146956362,0.0,3.751788574458752e-05,0.0,3.751788574458752e-05,-0.01258670803270095,0.07503577148917503,0.07503577148917503,0.0,0.0,2.999887446342766,2.999887446342766,42,9.365148968022446e-05,42,3.0254183131806003,0.07092468213147321,0.07092734317543063,2.9999999999999996,False,False,True,True,False,0,0,0.00011255365723439673,2.661043957437987e-06,3.0116361553547044
1996-07,2.4647637756648497,2.4132412179576113,-0.020856728279750124,0.0,4.692107437123079e-05,0.0,4.692107437123079e-05,-0.020903649354121354,0.09384214874246158,0.09384214874246158,0.0,0.0,2.9998592367768846,2.9998592367768846,42,0.00011564936442548602,42,3.042604036397421,0.0705566669470345,0.07055997769699565,2.9999999999999982,False,False,True,True,False,0,0,0.0001407632231149817,3.3107499611839834e-06,3.0254183131806007
1996-08,2.4132412179576113,2.495346542649085,0.03407250855617276,0.0,4.966654580739618e-05,0.0,4.966654580739618e-05,0.034022842010365366,0.09933309161479237,0.09933309161479237,0.0,0.0,2.999851000362577,2.999851000362577,42,0.00011985735549598825,42,2.934097183984971,0.06928940864850903,0.06929285018502687,2.999999999999999,False,False,True,True,False,0,0,0.00014899963742288913,3.4415365178556043e-06,3.0426040363974205
1996-09,2.495346542649085,2.4839652967138233,-0.0044820509109373035,0.0,7.893720864429056e-05,0.0,7.893720864429056e-05,-0.004560988119581594,0.15787441728858112,0.15787441728858112,0.0,0.0,2.9997631883740663,2.9997631883740663,42,0.0001969756906768999,42,3.0090051743149395,0.06945363744088921,0.06945912034996453,2.999999999999999,False,False,True,True,False,0,0,0.00023681162593275872,5.482909075311242e-06,2.934097183984971
1996-10,2.4839652967138233,2.459335794931792,-0.009854421747993763,0.0,6.097514366753222e-05,0.0,6.097514366753222e-05,-0.009915396891661295,0.12195028733506444,0.12195028733506444,0.0,0.0,2.999817074568997,2.999817074568997,42,0.00015146014083228967,42,3.0199062215836023,0.06871319155900904,0.06871738161122525,2.9999999999999996,False,False,True,True,False,0,0,0.00018292543100266803,4.190052216201843e-06,3.0090051743149395
1996-11,2.459335794931792,2.610314358919737,0.06144581996670123,0.0,5.584455176123994e-05,0.0,5.584455176123994e-05,0.06138997541493999,0.11168910352247988,0.11168910352247988,0.0,0.0,2.9998324663447153,2.9998324663447153,42,0.00013734050509833865,42,2.884216317489375,0.0692098363755687,0.06921370158370937,2.999999999999999,False,False,True,True,False,0,0,0.00016753365528466777,3.865208140699603e-06,3.019906221583602
1996-12,2.610314358919737,2.5401645994977304,-0.0267932679510331,0.0,8.079768872286265e-05,0.0,8.079768872286265e-05,-0.026874065639755963,0.1615953774457253,0.1615953774457253,0.0,0.0,2.999757606933829,2.999757606933829,42,0.0002109073670408157,42,3.055066393783137,0.07199862888752165,0.07200444668039119,2.999999999999998,False,False,True,True,False,0,0,0.00024239306617081062,5.8177928695973385e-06,2.8842163174893747
1997-01,2.5401645994977304,2.5149487616550803,-0.009866482257704517,0.0,6.0369666629909495e-05,0.0,6.0369666629909495e-05,-0.009926851924334427,0.12073933325981899,0.12073933325981899,0.0,0.0,2.999818891000109,2.999818891000109,42,0.00015334889005677555,42,3.0199308147622848,0.06988409409965225,0.06988831323382351,2.9999999999999987,False,False,True,True,False,0,0,0.00018110899989043187,4.219134171268634e-06,3.0550663937831364
1997-02,2.5149487616550803,2.6053986988415585,0.03601684414258266,0.0,5.192168946943805e-05,0.0,5.192168946943805e-05,0.035964922453113224,0.1038433789388761,0.1038433789388761,0.0,0.0,2.9998442349315906,2.9998442349315906,42,0.00013058038863420285,42,2.930467058561603,0.0707632541202236,0.07076692845870775,2.9999999999999987,False,False,True,True,False,0,0,0.00015576506840895427,3.674338484155057e-06,3.0199308147622848
1997-03,2.6053986988415585,2.538476777743713,-0.025576596330385504,0.0,0.00010926937899755907,0.0,0.00010926937899755907,-0.02568586570938306,0.21853875799511813,0.21853875799511813,0.0,0.0,2.9996721918630076,2.9996721918630076,42,0.00028469029786346554,42,3.0525017454437484,0.07057398368901399,0.07058169610711622,3.0000000000000004,False,False,True,True,False,0,0,0.00032780813699237465,7.712418102212774e-06,2.9304670585616024
1997-04,2.538476777743713,2.596524843101481,0.022923994921982174,0.0,5.671251597053499e-05,0.0,5.671251597053499e-05,0.02286728240601164,0.11342503194106998,0.11342503194106998,0.0,0.0,2.9998298624520885,2.9998298624520885,42,0.00014396340479862254,42,2.9551769905709375,0.06847061027387445,0.06847449363468829,3.0,False,False,True,True,False,0,0,0.00017013754791152073,3.883360813829385e-06,3.0525017454437484
1997-05,2.596524843101481,2.7091049697564515,0.04341131119085545,0.0,5.331022503519542e-05,0.0,5.331022503519542e-05,0.04335800096582026,0.10662045007039084,0.10662045007039084,0.0,0.0,2.9998400693248946,2.9998400693248946,42,0.00013842132369521544,42,2.91678539647816,0.06776861025856515,0.06777222321103567,3.0,False,False,True,True,False,0,0,0.00015993067510588176,3.612952470522246e-06,2.9551769905709375
1997-06,2.7091049697564515,2.647026272462358,-0.022824780091344823,0.0,9.00563535769294e-05,0.0,9.00563535769294e-05,-0.022914836444921753,0.1801127071538588,0.1801127071538588,0.0,0.0,2.999729830939269,2.999729830939269,42,0.00024397211503340363,42,3.0467201446561685,0.06868762522219138,0.06869381153637165,2.9999999999999996,False,False,True,True,False,0,0,0.00027016906073118983,6.186314180275614e-06,2.916785396478159
1997-07,2.647026272462358,2.7951738602636294,0.05611834831966765,0.0,0.000150793580039234,0.0,0.000150793580039234,0.05596755473962842,0.301587160078468,0.301587160078468,0.0,0.0,2.9995476192598813,2.9995476192598813,43,0.00039915456808250777,43,2.8937119837294527,0.06750065291288998,0.06751083311310653,2.999999999999999,False,False,True,True,False,0,0,0.0004523807401186023,1.0180200216577432e-05,3.046720144656169
1997-08,2.7951738602636294,2.712640067032187,-0.029444698578999604,0.0,8.254994201310067e-05,0.0,8.254994201310067e-05,-0.029527248521012704,0.16509988402620135,0.16509988402620135,0.0,0.0,2.999752350173959,2.999752350173959,43,0.00023074144008129738,43,3.0606811443889086,0.0689099634928637,0.06891565247597939,2.9999999999999982,False,False,True,True,False,0,0,0.00024764982604084766,5.688983115722005e-06,2.8937119837294527
1997-09,2.712640067032187,2.821443131424805,0.04015234001356838,0.0,4.2682372310907705e-05,0.0,4.2682372310907705e-05,0.04010965764125747,0.08536474462181541,0.08536474462181541,0.0,0.0,2.9998719528830664,2.9998719528830664,43,0.00011578191328655343,43,2.922792102316163,0.07060280723100164,0.07060582085493468,2.999999999999999,False,False,True,True,False,0,0,0.00012804711693359914,3.0136239330680457e-06,3.060681144388909
1997-10,2.821443131424805,2.7982242851913477,-0.008158987170331937,0.0,7.043484950244763e-05,0.0,7.043484950244763e-05,-0.008229422019834384,0.14086969900489527,0.14086969900489527,0.0,0.0,2.999788695451491,2.999788695451491,43,0.00019872792234162072,43,3.0164533761163748,0.06899500315287406,0.06899986314785056,2.9999999999999982,False,False,True,True,False,0,0,0.00021130454850925434,4.8599949765529055e-06,2.922792102316163
1997-11,2.7982242851913477,2.744517664410357,-0.019158111492822087,0.0,3.499645968002648e-05,0.0,3.499645968002648e-05,-0.019193107952502113,0.06999291936005296,0.06999291936005296,0.0,0.0,2.9998950106209583,2.9998950106209583,43,9.792794337236991e-05,43,3.0390660213507017,0.06930400443145229,0.06930642991113224,2.9999999999999987,False,False,True,True,False,0,0,0.00010498937904125302,2.4254796799789642e-06,3.016453376116375
1997-12,2.744517664410357,2.645165207755757,-0.03615210897653977,0.0,4.822521804650523e-05,0.0,4.822521804650523e-05,-0.03620033419458627,0.09645043609301046,0.09645043609301046,0.0,0.0,2.99985532434586,2.99985532434586,43,0.00013235496279867474,43,3.0750199657857915,0.06749890922184022,0.06750216452844322,2.9999999999999996,False,False,True,True,False,0,0,0.00014467565413943395,3.2553066029935536e-06,3.0390660213507013
1998-01,2.645165207755757,2.7370959266145105,0.034810458534201755,0.0,5.621385065313132e-05,0.0,5.621385065313132e-05,0.034754244683548624,0.11242770130626265,0.11242770130626265,0.0,0.0,2.9998313584480396,2.9998313584480396,43,0.00014869492194164122,43,2.9327174375692504,0.06982289102153899,0.06982681625575958,2.999999999999999,False,False,True,True,False,0,0,0.00016864155196038774,3.925234220608243e-06,3.0750199657857906
1998-02,2.7370959266145105,2.6975770835779396,-0.01436919083402674,0.0,6.904739222776478e-05,0.0,6.904739222776478e-05,-0.014438238226254506,0.13809478445552956,0.13809478445552956,0.0,0.0,2.9997928578233166,2.9997928578233166,43,0.00018898933600996942,43,3.029159391915056,0.07040828303799246,0.07041314488202512,3.0,False,False,True,True,False,0,0,0.0002071421766834166,4.8618440326621395e-06,2.93271743756925
1998-03,2.6975770835779396,2.7106108313549693,0.0048797026915596824,0.0,4.805289130915878e-05,0.0,4.805289130915878e-05,0.004831649800250523,0.09610578261831756,0.09610578261831756,0.0,0.0,2.9998558413260716,2.9998558413260716,43,0.00012962637839524828,43,2.9902875219097043,0.07056001671262802,0.07056340748837846,2.999999999999999,False,False,True,True,False,0,0,0.00014415867392883475,3.3907757504740557e-06,3.0291593919150555
1998-04,2.7106108313549693,2.691539307259224,-0.006979886651185171,0.0,5.5990234989613506e-05,0.0,5.5990234989613506e-05,-0.0070358768861747845,0.111980469979227,0.111980469979227,0.0,0.0,2.9998320292950305,2.9998320292950305,43,0.00015176773741295635,43,3.0140586885038645,0.06918815375081132,0.06919202782870885,2.999999999999999,False,False,True,True,False,0,0,0.00016797070496912987,3.874077897543949e-06,2.9902875219097047
1998-05,2.691539307259224,2.560557651907059,-0.04861143916446052,0.0,5.277874196210718e-05,0.0,5.277874196210718e-05,-0.04866421790642263,0.10555748392421435,0.10555748392421435,0.0,0.0,2.999841663774113,2.999841663774113,43,0.0001420560585787033,43,3.1021961752715375,0.06822634418967502,0.06822994528035106,2.999999999999999,False,False,True,True,False,0,0,0.0001583362258879093,3.6010906760766342e-06,3.014058688503865
1998-06,2.560557651907059,2.535354150418094,-0.009712538851606185,0.0,0.00013043479524528742,0.0,0.00013043479524528742,-0.009842973646851471,0.26086959049057484,0.26086959049057484,0.0,0.0,2.9996086956142642,2.9996086956142642,44,0.0003339858130402512,44,3.019618178921334,0.06960411509728216,0.06961319508012881,3.0000000000000004,False,False,True,True,False,0,0,0.00039130438573663565,9.079982846664774e-06,3.1021961752715366
1998-07,2.535354150418094,2.389939600742267,-0.057303627192737606,0.0,5.110159410553098e-05,0.0,5.110159410553098e-05,-0.05735472878684314,0.10220318821106195,0.10220318821106195,0.0,0.0,2.9998466952176828,2.9998466952176828,44,0.00012956063870843876,44,3.12158046922357,0.06976744224667683,0.06977100765639042,2.999999999999999,False,False,True,True,False,0,0,0.0001533047823168033,3.5654097135953775e-06,3.0196181789213346
1998-08,2.389939600742267,2.2230538799923365,-0.06975329345405439,0.0,7.513262754994154e-05,0.0,7.513262754994154e-05,-0.06982842608160433,0.15026525509988306,0.15026525509988306,0.0,0.0,2.9997746021173475,2.9997746021173475,44,0.00017956244188942474,44,3.1499794132822485,0.07385595912117252,0.07386150853038322,2.9999999999999973,False,False,True,True,False,0,0,0.00022539788265160503,5.549409210734297e-06,3.12158046922357
1998-09,2.2230538799923365,2.411358717007709,0.08480136704705539,0.0,9.589107540623969e-05,0.0,9.589107540623969e-05,0.08470547597164915,0.19178215081247937,0.19178215081247937,0.0,0.0,2.9997123267737793,2.9997123267737793,44,0.00021317102723847887,44,2.843641672462115,0.07768918775725304,0.07769663817144275,2.999999999999998,False,False,True,True,False,0,0,0.00028767322622155755,7.450414189782316e-06,3.1499794132822485
1998-10,2.411358717007709,2.480859589222435,0.028925113349215735,0.0,0.0001028266755140489,0.0,0.0001028266755140489,0.028822286673701687,0.20565335102809779,0.20565335102809779,0.0,0.0,2.9996915199734557,2.9996915199734557,44,0.000247952000341725,44,2.943770437861072,0.08411064000467165,0.0841192897115793,2.999999999999998,False,False,True,True,False,0,0,0.0003084800265442354,8.649706907704322e-06,2.8436416724621147
1998-11,2.480859589222435,2.431754993998342,-0.01970051558323187,0.0,9.286387178335123e-05,0.0,9.286387178335123e-05,-0.019793379455015223,0.18572774356670246,0.18572774356670246,0.0,0.0,2.9997214083846497,2.9997214083846497,44,0.0002303822268060496,44,3.0401966588886706,0.08466459697395357,0.08467245998642133,2.9999999999999996,False,False,True,True,False,0,0,0.00027859161535029493,7.863012467766749e-06,2.943770437861071
1998-12,2.431754993998342,2.4048538493765155,-0.011015871872774509,0.0,4.656849980392916e-05,0.0,4.656849980392916e-05,-0.011062440372578438,0.09313699960785832,0.09313699960785832,0.0,0.0,2.9998602945005888,2.9998602945005888,44,0.00011324318196121554,44,3.022278194948779,0.08432681859753305,0.08433074575385015,3.0000000000000004,False,False,True,True,False,0,0,0.00013970549941165825,3.927156317100367e-06,3.040196658888671
1999-01,2.4048538493765155,2.4034998955584395,-0.0005140584107398505,0.0,4.895036354673418e-05,0.0,4.895036354673418e-05,-0.0005630087742865847,0.09790072709346835,0.09790072709346835,0.0,0.0,2.99985314890936,2.99985314890936,44,0.00011771847020374355,44,3.001028695986346,0.08396999968736886,0.08397411025059413,3.0,False,False,True,True,False,0,0,0.00014685109063973523,4.11056322526785e-06,3.022278194948779
1999-02,2.4034998955584395,2.1983477480166287,-0.08531059158408201,0.0,4.499670652818685e-05,0.0,4.499670652818685e-05,-0.0853555882906102,0.08999341305637369,0.08999341305637369,0.0,0.0,2.999865009880413,2.999865009880413,44,0.00010814957944097084,44,3.186543733262729,0.0836740384733873,0.08367780369896326,2.9999999999999973,False,False,True,True,False,0,0,0.00013499011958639437,3.765225576015956e-06,3.001028695986346
1999-03,2.1983477480166287,2.2909721981260724,0.04223148469271278,0.0,9.781853684161338e-05,0.0,9.781853684161338e-05,0.04213366615587117,0.19563707368322675,0.19563707368322675,0.0,0.0,2.9997065443894737,2.9997065443894737,44,0.0002150391601800424,44,2.9189518848412357,0.09043805789899954,0.09044690528293618,2.9999999999999987,False,False,True,True,False,0,0,0.0002934556105262595,8.847383936673205e-06,3.1865437332627295
1999-04,2.2909721981260724,2.322693669621783,0.013934310309573306,0.0,8.801766505425625e-05,0.0,8.801766505425625e-05,0.01384629264451905,0.1760353301085125,0.1760353301085125,0.0,0.0,2.999735947004837,2.999735947004837,44,0.00020164602358327383,44,2.972511986460537,0.09091929725973648,0.0909273004684134,3.0,False,False,True,True,False,0,0,0.0002640529951625035,8.003208676908655e-06,2.9189518848412357
1999-05,2.322693669621783,2.206968688975949,-0.04974646674555492,0.0,7.714200638094864e-05,0.0,7.714200638094864e-05,-0.049823608751935866,0.15428401276189727,0.15428401276189727,0.0,0.0,2.999768573980857,2.999768573980857,45,0.0001791772498829526,45,3.104709961652936,0.09365515486426178,0.09366238016819037,3.0,False,False,True,True,False,0,0,0.00023142601914291974,7.22530392859178e-06,2.972511986460537
1999-06,2.206968688975949,2.2374089200934657,0.013857625998006426,0.0,6.484712009617073e-05,0.0,6.484712009617073e-05,0.013792778877910255,0.12969424019234146,0.12969424019234146,0.0,0.0,2.9998054586397096,2.9998054586397096,45,0.00014311556362251184,45,2.972661817509994,0.09615194314541142,0.09615817872637551,2.999999999999998,False,False,True,True,False,0,0,0.00019454136029040808,6.235580964158866e-06,3.1047099616529357
1999-07,2.2374089200934657,2.190139907466901,-0.02105881062570382,0.0,6.78650579660932e-05,0.0,6.78650579660932e-05,-0.021126675683669913,0.1357301159321864,0.1357301159321864,0.0,0.0,2.9997964048261014,2.9997964048261014,45,0.00015184188605599705,45,3.0430266309288005,0.0967871674098189,0.09679373632234517,2.9999999999999996,False,False,True,True,False,0,0,0.0002035951738986047,6.568912526280867e-06,2.972661817509994
1999-08,2.190139907466901,2.2260249244807055,0.016429562945133376,0.0,4.475716562095054e-05,0.0,4.475716562095054e-05,0.016384805779512426,0.08951433124190107,0.08951433124190107,0.0,0.0,2.999865728503137,2.999865728503137,45,9.802445457154938e-05,45,2.9676705852907106,0.09762194199314234,0.09762631147013376,3.0,False,False,True,True,False,0,0,0.000134271496862369,4.369476991416706e-06,3.043026630928801
1999-09,2.2260249244807055,2.2860732304251936,0.027024899305399832,0.0,4.932266916951399e-05,0.0,4.932266916951399e-05,0.02697557663623032,0.09864533833902797,0.09864533833902797,0.0,0.0,2.999852031992492,2.999852031992492,45,0.0001097934909132542,45,2.947369927931651,0.09708293835497397,0.09708772698081226,3.0000000000000004,False,False,True,True,False,0,0,0.00014796800750805847,4.788625838279027e-06,2.9676705852907106
1999-10,2.2860732304251936,2.251136215102954,-0.015211530279782217,0.0,7.101397875912178e-05,0.0,7.101397875912178e-05,-0.01528254425854134,0.14202795751824357,0.14202795751824357,0.0,0.0,2.9997869580637206,2.9997869580637206,45,0.0001623431558272116,45,3.030895218097515,0.09776686522178536,0.09777380852894743,2.999999999999998,False,False,True,True,False,0,0,0.00021304193627891613,6.943307162124031e-06,2.9473699279316508
1999-11,2.251136215102954,2.2451243688251252,-0.002625354130233253,0.0,4.522894576857296e-05,0.0,4.522894576857296e-05,-0.0026705830760018257,0.09045789153714592,0.09045789153714592,0.0,0.0,2.9998643131626936,2.9998643131626936,45,0.0001018165177905621,45,3.0052647682614833,0.09767894321021188,0.09768336132566377,2.999999999999999,False,False,True,True,False,0,0,0.0001356868373072126,4.418115451939539e-06,3.0308952180975153
1999-12,2.2451243688251252,2.2553281393824065,0.0045941114928006255,0.0,4.925388982486052e-05,0.0,4.925388982486052e-05,0.004544857602975765,0.09850777964972104,0.09850777964972104,0.0,0.0,2.999852238330525,2.999852238330525,45,0.00011058110830522223,45,2.9908533472486973,0.09384224623791938,0.09384686856124391,2.9999999999999996,False,False,True,True,False,0,0,0.00014776166947605418,4.622323324569163e-06,3.005264768261484
2000-01,2.2553281393824065,2.234258642309268,-0.009297467952545584,0.0,4.4630301461832085e-05,0.0,4.4630301461832085e-05,-0.009342098254007416,0.08926060292366417,0.08926060292366417,0.0,0.0,2.9998661090956142,2.9998661090956142,45,0.00010065597475598965,45,3.018770289796628,0.09299483059260566,0.0929989811651707,2.9999999999999996,False,False,True,True,False,0,0,0.00013389090438490486,4.150572565025974e-06,2.990853347248696
2000-02,2.234258642309268,2.2840380068039865,0.022339829216794803,0.0,5.979254061673783e-05,0.0,5.979254061673783e-05,0.022280036676178065,0.11958508123347567,0.11958508123347567,0.0,0.0,2.9998206223781474,2.9998206223781474,45,0.00013359200061857442,45,2.9562941103898863,0.09232571770765857,0.0923312384269824,2.9999999999999973,False,False,True,True,False,0,0,0.00017937762185222736,5.520719323900366e-06,3.018770289796628
2000-03,2.2840380068039865,2.401193370927495,0.051365786396061534,0.0,7.26976757725748e-05,0.0,7.26976757725748e-05,0.05129308872028896,0.1453953515451496,0.1453953515451496,0.0,0.0,2.9997819069726823,2.9997819069726823,45,0.0001660442544708742,45,2.9022807493986518,0.0920330018889102,0.09203969296066726,3.0,False,False,True,True,False,0,0,0.00021809302731772007,6.691071757061706e-06,2.956294110389886
2000-04,2.401193370927495,2.249082385360461,-0.06327789607770715,0.0,7.018217734776825e-05,0.0,7.018217734776825e-05,-0.06334807825505491,0.14036435469553651,0.14036435469553651,0.0,0.0,2.9997894534679563,2.9997894534679563,45,0.00016852097900471895,45,3.1351150723308674,0.0939894216930996,0.09399601853834263,2.9999999999999996,False,False,True,True,False,0,0,0.0002105465320436893,6.596845243053115e-06,2.902280749398652
2000-05,2.249082385360461,2.254926196514028,0.002672672587337712,0.0,7.436352066884718e-05,0.0,7.436352066884718e-05,0.002598309066668865,0.14872704133769435,0.14872704133769435,0.0,0.0,2.9997769094379927,2.9997769094379927,45,0.00016724968444969276,45,2.9946685076901307,0.09681070301530825,0.09681790273541943,2.999999999999999,False,False,True,True,False,0,0,0.00022309056200777236,7.199720111218939e-06,3.135115072330867
2000-06,2.254926196514028,2.284449763252987,0.013140885643785606,0.0,4.79663346745248e-05,0.0,4.79663346745248e-05,0.013092919309111082,0.0959326693490496,0.0959326693490496,0.0,0.0,2.999856100995976,2.999856100995976,45,0.00010816054460834515,45,2.974057886708462,0.09550099097792698,0.09550557203015826,2.9999999999999996,False,False,True,True,False,0,0,0.0001438990040245336,4.5810522313117565e-06,2.9946685076901316
2000-07,2.284449763252987,2.2249770793213774,-0.025983518756736018,0.0,5.018305114370414e-05,0.0,5.018305114370414e-05,-0.02603370180787972,0.10036610228740828,0.10036610228740828,0.0,0.0,2.9998494508465683,2.9998494508465683,45,0.00011464065930454745,45,3.0533560941584246,0.0954286934850921,0.09543348262843167,2.999999999999999,False,False,True,True,False,0,0,0.00015054915343173936,4.7891433395843056e-06,2.974057886708461
2000-08,2.2249770793213774,2.2769088648956215,0.023401226774490736,0.0,6.085798737346471e-05,0.0,6.085798737346471e-05,0.02334036878711727,0.12171597474692943,0.12171597474692943,0.0,0.0,2.9998174260378776,2.9998174260378776,45,0.0001354076269995888,45,2.954265017801991,0.09229668820590249,0.09230230553844748,2.999999999999998,False,False,True,True,False,0,0,0.0001825739621219586,5.617332545048529e-06,3.053356094158424
2000-09,2.2769088648956215,2.227243534452699,-0.021750155687376198,0.0,6.245666994768973e-05,0.0,6.245666994768973e-05,-0.021812612357323888,0.12491333989537945,0.12491333989537945,0.0,0.0,2.999812629990156,2.999812629990156,45,0.0001422081454757547,45,3.0444703253428593,0.09242477807132195,0.09243055097573732,2.9999999999999987,False,False,True,True,False,0,0,0.00018737000984357655,5.7729044153913265e-06,2.9542650178019905
2000-10,2.227243534452699,2.1520040983539905,-0.033720108216804726,0.0,6.130586515244817e-05,0.0,6.130586515244817e-05,-0.03378141408195717,0.12261173030489635,0.12261173030489635,0.0,0.0,2.9998160824045423,2.9998160824045423,46,0.00013654309178481923,46,3.0697980947753467,0.09050941036812772,0.09051495946602701,2.9999999999999996,False,False,True,True,False,0,0,0.00018391759545722218,5.549097899298353e-06,3.04447032534286
2000-11,2.1520040983539905,2.196923322084939,0.020943410923252193,0.0,7.020544687513006e-05,0.0,7.020544687513006e-05,0.02087320547637706,0.1404108937502601,0.1404108937502601,0.0,0.0,2.999789383659373,2.999789383659373,47,0.00015108240940205325,47,2.9589696138346975,0.09270391705571886,0.09271042583259441,2.9999999999999982,False,False,True,True,False,0,0,0.00021061634062655848,6.508776875597184e-06,3.069798094775347
2000-12,2.196923322084939,2.287428349925133,0.0412644759870378,0.0,6.821441050622672e-05,0.0,6.821441050622672e-05,0.04119626157653157,0.13642882101245343,0.13642882101245343,0.0,0.0,2.99979535676848,2.99979535676848,48,0.00014986182934340536,48,2.920736411549235,0.09306628788703485,0.09307263678208719,2.9999999999999982,False,False,True,True,False,0,0,0.00020464323152063167,6.348895052409644e-06,2.958969613834697
2001-01,2.287428349925133,2.2622107793850343,-0.01093817582592611,0.0,8.624403882037732e-05,0.0,8.624403882037732e-05,-0.011024419864746487,0.17248807764075463,0.17248807764075463,0.0,0.0,2.999741267883538,2.999741267883538,48,0.0001972770594097748,48,3.022120214180475,0.09458351408880843,0.09459167205664537,2.999999999999999,False,False,True,True,False,0,0,0.0002587321164622177,8.157967836971741e-06,2.920736411549235
2001-02,2.2622107793850343,2.1911328521310844,-0.03137791865871388,0.0,4.175624588181734e-05,0.0,4.175624588181734e-05,-0.0314196749045957,0.08351249176363468,0.08351249176363468,0.0,0.0,2.999874731262353,2.999874731262353,48,9.446142954049913e-05,48,3.0647915672985047,0.09316088896679198,0.09316477917821886,2.9999999999999982,False,False,True,True,False,0,0,0.0001252687376469483,3.890211426936356e-06,3.022120214180475
2001-03,2.1911328521310844,2.0226068189728927,-0.07685689548759955,0.0,5.5845332421579295e-05,0.0,5.5845332421579295e-05,-0.07691274082002113,0.1116906648431586,0.1116906648431586,0.0,0.0,2.999832464002735,2.999832464002735,48,0.00012236454250710355,48,3.166521408942151,0.09378768598129074,0.09379292387830351,2.9999999999999996,False,False,True,True,False,0,0,0.00016753599726461454,5.2378970127721155e-06,3.064791567298505
2001-04,2.0226068189728927,2.1000324368068615,0.038370035856756746,0.0,8.992273359104274e-05,0.0,8.992273359104274e-05,0.038280113123165704,0.17984546718208547,0.17984546718208547,0.0,0.0,2.999730231799228,2.999730231799228,48,0.00018187833414192583,48,2.926089240520386,0.09815505555726385,0.09816388272193813,3.0000000000000013,False,False,True,True,False,0,0,0.0002697682007726538,8.827164674252013e-06,3.1665214089421507
2001-05,2.1000324368068615,2.0732120966210505,-0.01269606198582253,0.0,7.533131065043685e-05,0.0,7.533131065043685e-05,-0.012771393296472967,0.1506626213008737,0.1506626213008737,0.0,0.0,2.942662109588603,2.942662109588603,49,0.00015819819587309158,49,2.967869881107156,0.09999246686893494,0.09999999999999998,2.942883800882415,False,False,True,False,True,0,0,0.00022169129381332045,7.5331310650742e-06,2.926089240520385
2001-06,2.0732120966210505,2.025898137274209,-0.022792903451435927,0.0,2.866865107812129e-05,0.0,2.866865107812129e-05,-0.022821572102514048,0.05733730215624258,0.05733730215624258,0.0,0.0,2.972914891546033,2.972914891546033,49,5.943619420896918e-05,49,3.01902078870297,0.0999971331348922,0.1,2.973000123449227,False,False,True,False,True,0,0,8.523190319396565e-05,2.8668651077985473e-06,2.9678698811071564
2001-07,2.025898137274209,2.0844332340533196,0.028938006396764335,0.0,4.460070072675917e-05,0.0,4.460070072675917e-05,0.028893405696037575,0.08920140145351833,0.08920140145351833,0.0,0.0,2.9723049116547653,2.9723049116547653,49,9.035647652346587e-05,49,2.9169619529451785,0.09999553992992727,0.09999999999999995,2.972437484449438,False,False,True,False,True,0,0,0.00013257279467458923,4.46007007273254e-06,3.01902078870297
2001-08,2.0844332340533196,2.049264612114367,-0.016783177979403215,0.0,8.885292300407523e-05,0.0,8.885292300407523e-05,-0.01687203090240729,0.17770584600815045,0.17770584600815045,0.0,0.0,2.9997334412309855,2.9997334412309855,49,0.00018520798565247512,49,3.0341424077168853,0.09988921033885517,0.09989808657584995,2.999999999999998,False,False,True,True,False,0,0,0.000266558769014923,8.876236994866968e-06,2.916961952945179
2001-09,2.049264612114367,1.9080795238204322,-0.0688078813420872,0.0,8.76080248348528e-05,0.0,8.76080248348528e-05,-0.06889548936692205,0.17521604966970558,0.17521604966970558,0.0,0.0,2.9997371759254934,2.9997371759254934,49,0.00017953202503130045,49,3.1477984062074884,0.0956547808445717,0.09566316170521816,2.999999999999998,False,False,True,True,False,0,0,0.0002628240745066405,8.380860646516568e-06,3.0341424077168857
2001-10,1.9080795238204322,1.9570918942167073,0.025785263171727142,0.0,9.850861857297061e-05,0.0,9.850861857297061e-05,0.02568675455315417,0.19701723714594122,0.19701723714594122,0.0,0.0,2.9997044741442793,2.9997044741442793,49,0.00018796227801892235,49,2.9497209785399603,0.09122667819131593,0.0912356656907077,2.9999999999999982,False,False,True,True,False,0,0,0.00029552585572023907,8.987499391816175e-06,3.1477984062074893
2001-11,1.9570918942167073,2.0093925767448373,0.026809276007674625,0.0,8.560366368259598e-05,0.0,8.560366368259598e-05,0.02672367234399203,0.17120732736519195,0.17120732736519195,0.0,0.0,2.999743189008951,2.999743189008951,49,0.00016753423630846173,49,2.947777037327931,0.09073391190765537,0.09074167972788878,2.999999999999999,False,False,True,True,False,0,0,0.00025681099104880346,7.767820233450674e-06,2.9497209785399607
2001-12,2.0093925767448373,1.9663230047577533,-0.0213522512403908,0.0,8.18739203856858e-05,0.0,8.18739203856858e-05,-0.021434125160776488,0.1637478407713716,0.1637478407713716,0.0,0.0,2.999754378238841,2.999754378238841,49,0.00016451684785199485,49,3.0436398852430817,0.09155768180639356,0.0915651786065369,2.9999999999999982,False,False,True,True,False,0,0,0.00024562176115943204,7.496800143404994e-06,2.9477770373279304
2002-01,1.9663230047577533,1.9310549312849485,-0.017888613789074064,0.0,4.743913176831448e-05,0.0,4.743913176831448e-05,-0.01793605292084238,0.09487826353662895,0.09487826353662895,0.0,0.0,2.999857682604694,2.999857682604694,49,9.328065612177112e-05,49,3.0364306496379947,0.09258032463472664,0.09258471677330538,2.999999999999999,False,False,True,True,False,0,0,0.00014231739530588643,4.392138578770356e-06,3.0436398852430817
2002-02,1.9310549312849485,1.955336229563147,0.013360663509553148,0.0,0.0007865529108240501,0.0,0.0007865529108240501,0.012574110598729097,1.5731058216481002,1.5731058216481002,0.0,0.0,2.9976403412675263,2.9976403412675263,53,0.0015188768771633124,53,2.9736104975039233,0.07175650347508084,0.07181298818997664,2.9999999999999987,False,False,True,True,False,0,0,0.0023596587324733135,5.648471489582583e-05,3.0364306496379956
2002-03,1.955336229563147,1.9708536418259754,0.007985716013331978,0.0,4.978559470752465e-05,0.0,4.978559470752465e-05,0.007935930418624454,0.0995711894150493,0.0995711894150493,0.0,0.0,2.999850643215875,2.999850643215875,53,9.734757704197021e-05,53,2.984154318201523,0.06739939479530345,0.06740275048132108,2.9999999999999973,False,False,True,True,False,0,0,0.000149356784124372,3.3556860176761973e-06,2.9736104975039233
2002-04,1.9708536418259754,1.966306634438736,-0.002261195981091076,0.0,4.59298707437025e-05,0.0,4.59298707437025e-05,-0.0023071258518347786,0.09185974148740499,0.09185974148740499,0.0,0.0,2.9998622103877683,2.9998622103877683,53,9.052105302382239e-05,53,3.0045328498171773,0.06619901144324133,0.06620205209493703,2.9999999999999996,False,False,True,True,False,0,0,0.00013778961223212104,3.040651695710194e-06,2.9841543182015227
2002-05,1.966306634438736,2.0232199840096774,0.02899608199016939,0.0,5.179193177435741e-05,0.0,5.179193177435741e-05,0.028944290058395033,0.10358386354871482,0.10358386354871482,0.0,0.0,2.999844624204677,2.999844624204677,53,0.00010183881905831735,53,2.9436391605059127,0.06600231797896931,0.0660057365435731,3.0,False,False,True,True,False,0,0,0.00015537579532317117,3.4185646037837827e-06,3.0045328498171773
2002-06,2.0232199840096774,2.0580225451441403,0.01727254303465513,0.0,7.09725630694343e-05,0.0,7.09725630694343e-05,0.017201570471585697,0.1419451261388686,0.1419451261388686,0.0,0.0,2.9997870823107897,2.9997870823107897,53,0.0001435931079184667,53,2.966039094834176,0.064874304664746,0.06487890928722727,2.999999999999998,False,False,True,True,False,0,0,0.00021291768921030338,4.604622481306871e-06,2.943639160505913
2002-07,2.0580225451441403,2.0810763987769088,0.01126373387667877,0.0,6.17897156861952e-05,0.0,6.17897156861952e-05,0.011201944160992574,0.12357943137239041,0.12357943137239041,0.0,0.0,2.999814630852939,2.999814630852939,53,0.00012716462794023627,53,2.9777220881709714,0.06495014501270914,0.06495415851169621,2.9999999999999973,False,False,True,True,False,0,0,0.00018536914706137816,4.013498987135694e-06,2.9660390948341764
2002-08,2.0810763987769088,2.125880748481975,0.02158467184780055,0.0,5.526056266045875e-05,0.0,5.526056266045875e-05,0.021529411285140094,0.1105211253209175,0.1105211253209175,0.0,0.0,2.9998342183120177,2.9998342183120177,53,0.0001150014527358132,53,2.9577404789145594,0.0642374022920494,0.06424095228321841,2.999999999999999,False,False,True,True,False,0,0,0.0001657816879828168,3.5499911690446534e-06,2.977722088170972
2002-09,2.125880748481975,2.14591138206112,0.00946924239154713,0.0,4.69671329521789e-05,0.0,4.69671329521789e-05,0.009422275258594952,0.0939342659043578,0.0939342659043578,0.0,0.0,2.9998590986011417,2.9998590986011417,53,9.984652375443052e-05,53,2.9812382931828565,0.06487611243136657,0.06487915961948224,2.9999999999999982,False,False,True,True,False,0,0,0.0001409013988577434,3.0471881157017422e-06,2.9577404789145594
2002-10,2.14591138206112,2.182615650365293,0.017169227757365804,0.0,6.494814404887538e-05,0.0,6.494814404887538e-05,0.01710427961331693,0.12989628809775075,0.12989628809775075,0.0,0.0,2.999805155567853,2.999805155567853,53,0.0001393729615582269,53,2.966239002034495,0.06476202131185979,0.06476622775814973,2.9999999999999996,False,False,True,True,False,0,0,0.00019484443214602253,4.206446289925297e-06,2.9812382931828574
2002-11,2.182615650365293,2.199884986281074,0.007966270394342511,0.0,5.40500669150719e-05,0.0,5.40500669150719e-05,0.007912220327427439,0.10810013383014379,0.10810013383014379,0.0,0.0,2.999837849799253,2.999837849799253,53,0.00011797052195212725,53,2.9841925313858084,0.06474355028116872,0.0647470498635464,2.9999999999999982,False,False,True,True,False,0,0,0.000162150200746578,3.499582377706324e-06,2.966239002034495
2002-12,2.199884986281074,2.2314079668013176,0.014359892195850744,0.0,3.051556169618896e-05,0.0,3.051556169618896e-05,0.014329376634154555,0.061031123392377915,0.061031123392377915,0.0,0.0,2.9999084533149114,2.9999084533149114,53,6.713072602337991e-05,53,2.9716859384601455,0.06495691048036478,0.06495889273746383,3.0,False,False,True,True,False,0,0,9.154668508855584e-05,1.9822570990480102e-06,2.9841925313858084
2003-01,2.2314079668013176,2.2835441747841836,0.023430185140512733,0.0,6.54715791452611e-05,0.0,6.54715791452611e-05,0.023364713561367472,0.1309431582905222,0.1309431582905222,0.0,0.0,2.9998035852625624,2.9998035852625624,53,0.00014609380330379861,53,2.954209511369656,0.06548578772552024,0.06549007546417923,2.9999999999999982,False,False,True,True,False,0,0,0.00019641473743721785,4.287738659012147e-06,2.971685938460146
2003-02,2.2835441747841836,2.286995035034995,0.001575565959928033,0.0,6.437984453892244e-05,0.0,6.437984453892244e-05,0.0015111861153891107,0.12875968907784488,0.12875968907784488,0.0,0.0,2.9998068604663812,2.9998068604663812,53,0.00014701421897036766,53,2.996853622841617,0.06548930564345062,0.06549352210622213,2.999999999999998,False,False,True,True,False,0,0,0.00019313953361965296,4.216462771568202e-06,2.954209511369656
2003-03,2.286995035034995,2.2237347670058005,-0.027620065884474472,0.0,4.08022241553935e-05,0.0,4.08022241553935e-05,-0.027660868108629867,0.081604448310787,0.081604448310787,0.0,0.0,2.9998775933275326,2.9998775933275326,53,9.331448406176987e-05,53,3.0568115896575057,0.06529800634584325,0.06530067075844903,2.9999999999999987,False,False,True,True,False,0,0,0.00012240667246747692,2.6644126058115674e-06,2.996853622841617
2003-04,2.2237347670058005,2.3126209025121733,0.04001983916279819,0.0,4.8284629765646574e-05,0.0,4.8284629765646574e-05,0.03997155453303255,0.09656925953129314,0.09656925953129314,0.0,0.0,2.999855146110703,2.999855146110703,53,0.00010737220992187142,53,2.9230366657850215,0.06433923500981807,0.06434234175596802,3.0,False,False,True,True,False,0,0,0.0001448538892967399,3.106746149937207e-06,3.0568115896575057
2003-05,2.3126209025121733,2.472278204278806,0.06911688003050759,0.0,7.949409613382842e-05,0.0,7.949409613382842e-05,0.06903738593437377,0.15898819226765684,0.15898819226765684,0.0,0.0,2.999761517711598,2.999761517711598,53,0.00018383970834540375,53,2.8706932405921473,0.06287340114138823,0.06287839960293101,2.9999999999999996,False,False,True,True,False,0,0,0.0002384822884024685,4.998461542798352e-06,2.9230366657850215
2003-06,2.472278204278806,2.4671949359194176,-0.001972651839776314,0.0,8.34550945446557e-05,0.0,8.34550945446557e-05,-0.00205610693432097,0.16691018908931138,0.16691018908931138,0.0,0.0,2.999749634716364,2.999749634716364,53,0.00020632421127877936,53,3.003953432359239,0.06847131077974629,0.06847702553638657,2.999999999999998,False,False,True,True,False,0,0,0.00025036528363562346,5.7147566403145475e-06,2.870693240592147
2003-07,2.4671949359194176,2.432006358351303,-0.014239145927906946,0.0,2.3439105732160068e-05,0.0,2.3439105732160068e-05,-0.014262585033639105,0.046878211464320134,0.046878211464320134,0.0,0.0,2.9999296826828012,2.9999296826828012,53,5.7828842964865116e-05,53,3.028890342827034,0.068641958491264,0.06864356743509895,2.999999999999998,False,False,True,True,False,0,0,7.031731719824973e-05,1.608943834985171e-06,3.0039534323592396
2003-08,2.432006358351303,2.5435168332405316,0.045914612850750394,0.0,6.338614391592939e-05,0.0,6.338614391592939e-05,0.04585122670683447,0.1267722878318588,0.1267722878318588,0.0,0.0,2.99980984156825,2.99980984156825,53,0.00015415550503491106,53,2.912196664920828,0.0690743719458193,0.06907875058144518,2.999999999999998,False,False,True,True,False,0,0,0.00019015843175034484,4.3786356259461085e-06,3.028890342827033
2003-09,2.5435168332405316,2.668179755852199,0.04909361767487425,0.0,8.158795976431226e-05,0.0,8.158795976431226e-05,0.04901202971510994,0.1631759195286245,0.1631759195286245,0.0,0.0,2.9997552361207065,2.9997552361207065,53,0.00020752034905027942,53,2.906400277052672,0.07062452654978421,0.07063028913097197,2.9999999999999996,False,False,True,True,False,0,0,0.0002447638792926988,5.762581187752605e-06,2.9121966649208284
2003-10,2.668179755852199,2.7418104434478394,0.027674211860203725,0.0,7.836213001064344e-05,0.0,7.836213001064344e-05,0.027595849730193082,0.15672426002128687,0.15672426002128687,0.0,0.0,2.999764913609967,2.999764913609967,53,0.00020908424891985687,53,2.9461379454432985,0.07244262032552107,0.07244829752843104,2.999999999999999,False,False,True,True,False,0,0,0.0002350863900320039,5.677202909975091e-06,2.906400277052672
2003-11,2.7418104434478394,2.7812334387840787,0.014447649385177468,0.0,6.919538575926503e-05,0.0,6.919538575926503e-05,0.014378453999418202,0.13839077151853005,0.13839077151853005,0.0,0.0,2.99979241384272,2.99979241384272,53,0.00018972063131315477,53,2.971514281818161,0.07173582910756278,0.07174079323942566,2.9999999999999973,False,False,True,True,False,0,0,0.00020758615727969193,4.964131862922204e-06,2.946137945443298
2003-12,2.7812334387840787,2.881272506287205,0.03600823293480591,0.0,3.891582963602736e-05,0.0,3.891582963602736e-05,0.03596931710516988,0.07783165927205472,0.07783165927205472,0.0,0.0,2.999883252511091,2.999883252511091,53,0.00010823400668174373,53,2.930483977970652,0.07193165493004076,0.07193445431901001,2.9999999999999987,False,False,True,True,False,0,0,0.00011674748890833087,2.799388969243976e-06,2.971514281818161
2004-01,2.881272506287205,2.9868026501695466,0.03668035996325533,0.0,5.413191572951967e-05,0.0,5.413191572951967e-05,0.03662622804752581,0.10826383145903934,0.10826383145903934,0.0,0.0,2.9998376042528094,2.9998376042528094,53,0.00015596880050412093,53,2.929231271656432,0.07300107922641261,0.0730050311286055,2.9999999999999982,False,False,True,True,False,0,0,0.00016239574719103568,3.951902192944496e-06,2.9304839779706517
2004-02,2.9868026501695466,3.157360642934479,0.05715685568267705,0.0,5.298484097601264e-05,0.0,5.298484097601264e-05,0.05710387084170104,0.10596968195202527,0.10596968195202527,0.0,0.0,2.999841045477072,2.999841045477072,53,0.00015825526344596653,53,2.89186142013241,0.07378034883831544,0.07378425828550723,3.0,False,False,True,True,False,0,0,0.00015895452292814978,3.909447191793306e-06,2.9292312716564326
2004-03,3.157360642934479,3.282708322085506,0.03977696257489284,0.0,7.681636843108128e-05,0.0,7.681636843108128e-05,0.039700146206461756,0.15363273686216256,0.15363273686216256,0.0,0.0,2.9997695508947064,2.9997695508947064,53,0.0002425369784174506,53,2.923483779972472,0.07444817222599565,0.07445389150355651,2.9999999999999996,False,False,True,True,False,0,0,0.00023044910529451332,5.71927756089571e-06,2.8918614201324098
2004-04,3.282708322085506,3.1057367203667483,-0.05383474920046895,0.0,7.549330512387223e-05,0.0,7.549330512387223e-05,-0.05391024250559282,0.15098661024774446,0.15098661024774446,0.0,0.0,2.9997735200846267,2.9997735200846267,54,0.0002478225009918757,54,3.1138047395059902,0.07063243560254431,0.07063776828113844,2.9999999999999982,False,False,True,True,False,0,0,0.00022647991537378537,5.332678594167195e-06,2.923483779972473
2004-05,3.1057367203667483,3.089850137046262,-0.005047754367032273,0.0,6.748390036673415e-05,0.0,6.748390036673415e-05,-0.005115238267399008,0.13496780073346828,0.13496780073346828,0.0,0.0,2.9997975482988974,2.9997975482988974,54,0.00020958722740253732,54,3.010147415180509,0.07601013663257888,0.07601526643924562,2.9999999999999973,False,False,True,True,False,0,0,0.00020245170110218778,5.129806666785374e-06,3.1138047395059893
2004-06,3.089850137046262,3.0628957115935367,-0.008693384269459337,0.0,3.015384960700694e-05,0.0,3.015384960700694e-05,-0.008723538119066345,0.06030769921401388,0.06030769921401388,0.0,0.0,2.9999095384511776,2.9999095384511776,54,9.317087634068278e-05,54,3.0175397774561556,0.07559394948276012,0.07559622900008024,2.9999999999999987,False,False,True,True,False,0,0,9.046154882243543e-05,2.2795173201599483e-06,3.010147415180509
2004-07,3.0628957115935367,3.0181817474370787,-0.014562002223758908,0.0,3.65895556505673e-05,0.0,3.65895556505673e-05,-0.014598591779409475,0.0731791113011346,0.0731791113011346,0.0,0.0,2.9998902313330467,2.9998902313330467,54,0.00011206999309123563,54,3.02955547272873,0.07453364388674254,0.07453637113944234,2.9999999999999982,False,False,True,True,False,0,0,0.00010976866695334986,2.7272526998387623e-06,3.017539777456156
2004-08,3.0181817474370787,3.145430264786868,0.042206920392081015,0.0,4.626606506969723e-05,0.0,4.626606506969723e-05,0.04216065432701132,0.09253213013939446,0.09253213013939446,0.0,0.0,2.9998612018047908,2.9998612018047908,54,0.00013963939311909638,54,2.9190011247942644,0.07498669354036674,0.07499016304012955,3.0,False,False,True,True,False,0,0,0.00013879819520920544,3.4694997628052558e-06,3.0295554727287306
2004-09,3.145430264786868,3.192928266712315,0.015166633429233314,0.0,6.599601972289814e-05,0.0,6.599601972289814e-05,0.015100637409510417,0.1319920394457963,0.1319920394457963,0.0,0.0,2.9998020119408317,2.9998020119408317,54,0.00020758587779187487,54,2.9701179708291034,0.07579460671493594,0.07579960918743886,3.0000000000000004,False,False,True,True,False,0,0,0.00019798805916870603,5.002472502922891e-06,2.9190011247942644
2004-10,3.192928266712315,3.2521770134276906,0.01860386342331253,0.0,4.762232855632884e-05,0.0,4.762232855632884e-05,0.0185562410947562,0.09524465711265767,0.09524465711265767,0.0,0.0,2.999857133014329,2.999857133014329,54,0.00015205467897416342,54,2.9634701302240947,0.07017872959527698,0.07018207182896039,2.999999999999998,False,False,True,True,False,0,0,0.00014286698567116292,3.3422336834538545e-06,2.9701179708291034
2004-11,3.2521770134276906,3.4018520004520383,0.04605671554813147,0.0,3.3701915612543075e-05,0.0,3.3701915612543075e-05,0.04602301363251893,0.06740383122508614,0.06740383122508614,0.0,0.0,2.9998988942531604,2.9998988942531604,54,0.0001096045952635924,54,2.9119393838416783,0.06970590745685627,0.06970825675864305,2.9999999999999982,False,False,True,True,False,0,0,0.00010110574683875294,2.349301786803411e-06,2.963470130224095
2004-12,3.4018520004520383,3.4345094109160472,0.009666948601653413,0.0,6.705699564898871e-05,0.0,6.705699564898871e-05,0.009599891606004425,0.13411399129797744,0.13411399129797744,0.0,0.0,2.9997988290130513,2.9997988290130513,54,0.0002281179747928159,54,2.9808499412846072,0.07101628719474208,0.07102104965295965,2.9999999999999982,False,False,True,True,False,0,0,0.00020117098694873332,4.762458217606279e-06,2.9119393838416774
2005-01,3.4345094109160472,3.390979076593321,-0.01263510535676928,0.0,3.9291220620183154e-05,0.0,3.9291220620183154e-05,-0.012674396577389464,0.0785824412403663,0.0785824412403663,0.0,0.0,2.999882126338139,2.999882126338139,54,0.0001349460669863977,54,3.0255946069117807,0.06961459491694212,0.06961733026682462,2.9999999999999996,False,False,True,True,False,0,0,0.00011787366186059509,2.7353498825013145e-06,2.980849941284608
2005-02,3.390979076593321,3.5119103235990083,0.03569488872123723,0.0,3.2254339199473996e-05,0.0,3.2254339199473996e-05,0.035662634382037754,0.06450867839894799,0.06450867839894799,0.0,0.0,2.9999032369824015,2.9999032369824015,54,0.0001093737893547601,54,2.9310685013898645,0.06886954058842898,0.06887176200160185,3.0,False,False,True,True,False,0,0,9.676301759850396e-05,2.2214131728675053e-06,3.0255946069117807
2005-03,3.5119103235990083,3.49475386213652,-0.004824010779564991,0.0,6.121118843393589e-05,0.0,6.121118843393589e-05,-0.004885221967998927,0.12242237686787177,0.12242237686787177,0.0,0.0,2.9998163664346973,2.9998163664346973,54,0.00021496820458090366,54,3.0096953856701933,0.06920549912186673,0.06920973553202985,2.999999999999999,False,False,True,True,False,0,0,0.00018363356530314706,4.236410163145097e-06,2.9310685013898654
2005-04,3.49475386213652,3.4612994060104803,-0.009531080561593347,0.0,4.1684058112228425e-05,0.0,4.1684058112228425e-05,-0.009572764619705576,0.08336811622445685,0.08336811622445685,0.0,0.0,2.999874947825661,2.999874947825661,54,0.00014567552307723344,54,3.019246402403167,0.06920236816973956,0.06920525292552418,2.999999999999998,False,False,True,True,False,0,0,0.00012505217433836195,2.8847557846570214e-06,3.0096953856701933
2005-05,3.4612994060104803,3.5109962843770135,0.014396553201417025,0.0,3.868566755523775e-05,0.0,3.868566755523775e-05,0.014357867533861788,0.0773713351104755,0.0773713351104755,0.0,0.0,2.9998839429973336,2.9998839429973336,54,0.00013390267813006334,54,2.971614449570113,0.06949399360963522,0.0694966821351765,2.9999999999999996,False,False,True,True,False,0,0,0.0001160570026668608,2.6885255412992283e-06,3.019246402403167
2005-06,3.5109962843770135,3.5434962034823347,0.00929161442822327,0.0,3.500562748569664e-05,0.0,3.500562748569664e-05,0.009256608800737573,0.07001125497139327,0.07001125497139327,0.0,0.0,2.9998949831175437,2.9998949831175437,54,0.00012290462803456675,54,2.981587211127081,0.06937614555215571,0.06937857419267938,3.000000000000001,False,False,True,True,False,0,0,0.00010501688245679285,2.428640523670438e-06,2.9716144495701133
2005-07,3.5434962034823347,3.594667212442437,0.014491470596344935,0.0,5.0645484181799655e-05,0.0,5.0645484181799655e-05,0.014440825112163136,0.10129096836359931,0.10129096836359931,0.0,0.0,2.9998480635474527,2.9998480635474527,55,0.00017946208092173171,55,2.971429638402528,0.06970284543149413,0.06970637574464428,2.999999999999998,False,False,True,True,False,0,0,0.00015193645254731915,3.5303131501899196e-06,2.9815872111270814
2005-08,3.594667212442437,3.630842437662267,0.01009441559297539,0.0,3.083443736382646e-05,0.0,3.083443736382646e-05,0.010063581155611564,0.06166887472765292,0.06166887472765292,0.0,0.0,2.999907496687907,2.999907496687907,55,0.00011083954100585698,55,2.980012316489172,0.06993567660281022,0.0699378330965442,2.9999999999999987,False,False,True,True,False,0,0,9.2503312092828e-05,2.1564937340099467e-06,2.9714296384025283
2005-09,3.630842437662267,3.7021141003749065,0.019664160205431578,0.0,3.4648890551256115e-05,0.0,3.4648890551256115e-05,0.019629511314880322,0.06929778110251222,0.06929778110251222,0.0,0.0,2.9998960533283463,2.9998960533283463,55,0.00012580466223141584,55,2.9614288131380717,0.06986444067576786,0.06986686148500461,3.0,False,False,True,True,False,0,0,0.00010394667165420854,2.4208092367621317e-06,2.9800123164891708
2005-10,3.7021141003749065,3.5804074047367904,-0.03281634979505642,0.0,5.8567708375167095e-05,0.0,5.8567708375167095e-05,-0.032874917503431585,0.11713541675033419,0.11713541675033419,0.0,0.0,2.999824296874874,2.999824296874874,55,0.00021682433900235162,55,3.067863713575379,0.06987252091011979,0.069876613423237,2.9999999999999996,False,False,True,True,False,0,0,0.00017570312512660106,4.0925131172415275e-06,2.9614288131380713
2005-11,3.5804074047367904,3.6787367536218682,0.027524531869456532,0.0,6.135861297446751e-05,0.0,6.135861297446751e-05,0.027463173256482065,0.122717225948935,0.122717225948935,0.0,0.0,2.999815924161076,2.999815924161076,55,0.00021968883223816237,55,2.946422348584584,0.07255622487922023,0.07256067710172368,2.9999999999999996,False,False,True,True,False,0,0,0.00018407583892359608,4.452222503453447e-06,3.067863713575379
2005-12,3.6787367536218682,3.8109941397698766,0.03599638662539681,0.0,4.453820411603312e-05,0.0,4.453820411603312e-05,0.035951848421280776,0.08907640823206625,0.08907640823206625,0.0,0.0,2.9998663853876524,2.9998663853876524,55,0.00016384432842196382,55,2.9305056761465265,0.07289789262353571,0.07290113950936747,3.0000000000000004,False,False,True,True,False,0,0,0.00013361461234768363,3.2468858317487582e-06,2.9464223485845835
2006-01,3.8109941397698766,3.9524318871710107,0.0372019484680155,0.0,8.886400400359635e-05,0.0,8.886400400359635e-05,0.0371130844640119,0.17772800800719268,0.17772800800719268,0.06507333872053984,0.0,2.9997334079879874,2.9997334079879874,55,0.0003386601984941925,55,2.928258645994727,0.07360150528781179,0.0736080463935412,2.999999999999998,False,False,True,True,False,0,0,0.0002665920120126803,6.541105729458116e-06,2.930505676146526
2006-02,3.9524318871710107,3.8766683716723285,-0.01910613114454544,0.0,6.270405906660697e-05,0.0,6.270405906660697e-05,-0.019168835203612046,0.12540811813321392,0.12540811813321392,0.0,0.0,2.9998118878228,2.9998118878228,55,0.0002478335225099119,55,3.0389590621307625,0.07400527919228654,0.07400991991467638,2.9999999999999996,False,False,True,True,False,0,0,0.00018811217720053099,4.64072238986135e-06,2.9282586459947275
2006-03,3.8766683716723285,3.8529774220183093,-0.006074218471845363,0.0,3.69438414271427e-05,0.0,3.69438414271427e-05,-0.006111162313272506,0.0738876828542854,0.0738876828542854,0.0,0.0,2.999889168475716,2.999889168475716,55,0.000143219021588682,55,3.0122231345026114,0.07537437199167686,0.07537715671340171,2.9999999999999973,False,False,True,True,False,0,0,0.00011083152428352332,2.7847217249014982e-06,3.038959062130762
2006-04,3.8529774220183093,3.9831662632303613,0.033812690559317474,0.0,2.3538183787909063e-05,0.0,2.3538183787909063e-05,0.03378915237552956,0.04707636757581812,0.04707636757581812,0.0,0.0,2.999929385448634,2.999929385448634,55,9.069209069013103e-05,55,2.9345849383665508,0.07340329236752687,0.073405020188383,2.999999999999998,False,False,True,True,False,0,0,7.061455136617156e-05,1.7278208562110063e-06,3.0122231345026114
2006-05,3.9831662632303613,3.8946568501029364,-0.02213987854528053,0.0,8.09897986994917e-05,0.0,8.09897986994917e-05,-0.022220868343980023,0.16197959739898338,0.16197959739898338,0.0,0.0,2.999757030603899,2.999757030603899,55,0.0003225958338456335,55,3.0452860525010017,0.07117958792628419,0.07118535321371132,2.999999999999998,False,False,True,True,False,0,0,0.00024296939610123254,5.765287427196069e-06,2.9345849383665508
2006-06,3.8946568501029364,3.8825470766467123,-0.0030561650359443183,0.0,5.316498266922738e-05,0.0,5.316498266922738e-05,-0.0031093300186135456,0.10632996533845476,0.10632996533845476,0.0,0.0,2.9998405050519907,2.9998405050519907,55,0.0002070593639383103,55,3.006131394601177,0.0679890828989923,0.06799269772958873,2.9999999999999987,False,False,True,True,False,0,0,0.000159494948008888,3.614830596454174e-06,3.0452860525010017
2006-07,3.8825470766467123,3.9208184921956453,0.009876838596404796,0.0,1.9542652941942888e-05,0.0,1.9542652941942888e-05,0.009857295943462853,0.03908530588388578,0.03908530588388578,0.0,0.0,2.999941372041173,2.999941372041173,55,7.587527004966163e-05,55,2.980439139993186,0.06825906854139341,0.06826040253074975,2.9999999999999987,False,False,True,True,False,0,0,5.862795882644045e-05,1.3339893563488852e-06,3.006131394601177
2006-08,3.9208184921956453,3.971135506962721,0.01288418730035829,0.0,5.0893724736034114e-05,0.0,5.0893724736034114e-05,0.012833293575622256,0.10178744947206822,0.10178744947206822,0.0,0.0,2.9998473188257897,2.9998473188257897,55,0.00019954505708175748,55,2.974558128406554,0.06721699166862302,0.06722041276580697,2.999999999999998,False,False,True,True,False,0,0,0.00015268117421026253,3.4210971839943597e-06,2.980439139993186
2006-09,3.971135506962721,3.9199391174620764,-0.012857911666024048,0.0,3.4216897929577304e-05,0.0,3.4216897929577304e-05,-0.012892128563953626,0.0684337958591546,0.0684337958591546,0.0,0.0,2.9998973493062095,2.9998973493062095,55,0.00013587993830626365,55,3.0260516850044317,0.06662038056185118,0.06662266018261445,2.9999999999999982,False,False,True,True,False,0,0,0.00010265069379044103,2.2796207633035057e-06,2.9745581284065534
2006-10,3.9199391174620764,4.068508324915988,0.03795922214728503,0.0,5.832547465984082e-05,0.0,5.832547465984082e-05,0.03790089667262519,0.11665094931968163,0.11665094931968163,0.0,0.0,2.99982502357602,2.99982502357602,55,0.0002286323096636531,55,2.9268538599995866,0.0665500735495296,0.06655395534056534,3.0,False,False,True,True,False,0,0,0.00017497642397932764,3.881791035724137e-06,3.026051685004431
2006-11,4.068508324915988,4.199160561525849,0.032176614167619216,0.0,6.355793771489033e-05,0.0,6.355793771489033e-05,0.032113056229904326,0.12711587542978064,0.12711587542978064,0.0,0.0,2.9998093261868535,2.9998093261868535,55,0.0002585859987075231,55,2.9376490511898865,0.06670629482782162,0.06671053481183811,2.999999999999998,False,False,True,True,False,0,0,0.00019067381314651424,4.239984016539567e-06,2.926853859999587
2006-12,4.199160561525849,4.133394058574588,-0.015614369801677106,0.0,4.745164755157173e-05,0.0,4.745164755157173e-05,-0.015661821449228678,0.09490329510314345,0.09490329510314345,0.0,0.0,2.9998576450573453,2.9998576450573453,55,0.00019925708697798462,55,3.0317256206086935,0.06704039911065096,0.06704358043900055,3.0,False,False,True,True,False,0,0,0.0001423549426551058,3.1813283495960547e-06,2.9376490511898874
2007-01,4.133394058574588,4.075052538641456,-0.014066630769684703,0.0,4.804571805652349e-05,0.0,4.804571805652349e-05,-0.014114676487741227,0.09609143611304698,0.09609143611304698,0.0,0.0,2.9998558628458296,2.9998558628458296,55,0.00019859188555478399,55,3.0285360384909104,0.06514907232243146,0.06515220260678867,2.999999999999999,False,False,True,True,False,0,0,0.0001441371541695555,3.130284357206596e-06,3.031725620608694
2007-02,4.075052538641456,4.157361734352477,0.020226201746717333,0.0,2.788652733564094e-05,0.0,2.788652733564094e-05,0.02019831521938169,0.05577305467128188,0.05577305467128188,0.0,0.0,2.999916340417992,2.999916340417992,55,0.00011363906401299797,55,2.9603484902004205,0.06514304951456727,0.06514486617865874,2.9999999999999987,False,False,True,True,False,0,0,8.365958200855748e-05,1.8166640915037303e-06,3.02853603849091
2007-03,4.157361734352477,4.164599258594798,0.0017712421928965639,0.0,3.0348639536265557e-05,0.0,3.0348639536265557e-05,0.0017408935533602982,0.06069727907253111,0.06069727907253111,0.0,0.0,2.9999089540813904,2.9999089540813904,55,0.00012617027269772713,55,2.9964636719848503,0.062769895702374,0.06277180074112773,2.999999999999999,False,False,True,True,False,0,0,9.104591860962987e-05,1.9050387537526718e-06,2.960348490200421
2007-04,4.164599258594798,4.27169683804758,0.02574761326216813,0.0,3.143439291512722e-05,0.0,3.143439291512722e-05,0.025716178869253002,0.06286878583025443,0.06286878583025443,0.0,0.0,2.999905696821254,2.999905696821254,55,0.00013091164942871636,55,2.9497958328188747,0.06274599575481027,0.06274796819909727,2.999999999999999,False,False,True,True,False,0,0,9.430317874591521e-05,1.972444287007788e-06,2.9964636719848503
2007-05,4.27169683804758,4.311835573365373,0.009474221763523794,0.0,7.778357055984789e-05,0.0,7.778357055984789e-05,0.009396438192963947,0.15556714111969577,0.15556714111969577,0.0,0.0,2.9997666492883184,2.9997666492883184,55,0.0003322678324125531,55,2.9812279469095704,0.05693241753968513,0.05693684629088605,2.999999999999998,False,False,True,True,False,0,0,0.00023335071168169123,4.428751200961995e-06,2.9497958328188747
2007-06,4.311835573365373,4.289590033348234,-0.0051175271897671085,0.0,4.1653775887487406e-05,0.0,4.1653775887487406e-05,-0.0051591809656545955,0.08330755177497481,0.08330755177497481,0.0,0.0,2.9998750386723376,2.9998750386723376,55,0.00017960423263665702,55,3.0102881327180255,0.05719073607962676,0.05719311838896245,3.0,False,False,True,True,False,0,0,0.00012496132766149498,2.382309335661972e-06,2.9812279469095704
2007-07,4.289590033348234,4.314736633966718,0.005885851180037241,0.0,2.361249918681079e-05,0.0,2.361249918681079e-05,0.00586223868085043,0.04722499837362158,0.04722499837362158,0.0,0.0,2.999929162502439,2.999929162502439,55,0.00010128794117418685,55,2.9882969039820866,0.057456886806447165,0.05745824353917601,2.999999999999999,False,False,True,True,False,0,0,7.083749756109543e-05,1.3567327288576886e-06,3.010288132718025
2007-08,4.314736633966718,4.328741501398142,0.0032893952384702324,0.0,4.357315951103182e-05,0.0,4.357315951103182e-05,0.0032458220789592005,0.08714631902206364,0.08714631902206364,0.0,0.0,2.999869280521465,2.999869280521465,55,0.00018800670759992432,55,2.9934424940207482,0.056963070685413265,0.056965552854534425,2.999999999999998,False,False,True,True,False,0,0,0.0001307194785349691,2.4821691211996214e-06,2.988296903982087
2007-09,4.328741501398142,4.63305473801658,0.07033570961784545,0.0,3.50837846448843e-05,0.0,3.50837846448843e-05,0.07030062583320057,0.0701675692897686,0.0701675692897686,0.0,0.0,2.999894748646064,2.999894748646064,55,0.00015186863461842554,55,2.868568310771393,0.0549286648926026,0.05493059206566504,2.9999999999999987,False,False,True,True,False,0,0,0.00010525135393637131,1.927173062479327e-06,2.993442494020748
2007-10,4.63305473801658,4.7512604507056775,0.02561749197194942,0.0,0.00010393355893098135,0.0,0.00010393355893098135,0.025513558413018438,0.2078671178619627,0.2078671178619627,0.0,0.0,2.9996881993232076,2.9996881993232076,55,0.0004815298676441086,55,2.950039681558979,0.059946144767911574,0.05995237583169813,3.000000000000001,False,False,True,True,False,0,0,0.00031180067679238005,6.231063786544682e-06,2.8685683107713933
2007-11,4.7512604507056775,4.735098118655064,-0.0033486252538270254,0.0,5.306830060921876e-05,0.0,5.306830060921876e-05,-0.003401693554436244,0.10613660121843752,0.10613660121843752,0.0,0.0,2.9998407950981725,2.9998407950981725,55,0.0002521413178707411,55,3.0067201102634225,0.059710712527119576,0.05971388144133045,3.0000000000000004,False,False,True,True,False,0,0,0.00015920490182709697,3.168914210860369e-06,2.9500396815589793
2007-12,4.735098118655064,4.790431951690162,0.011744935279925301,0.0,5.9045854087099094e-05,0.0,5.9045854087099094e-05,0.011685889425838203,0.11809170817419819,0.11809170817419819,0.0,0.0,2.999822862437739,2.999822862437739,55,0.00027958791260220434,55,2.976781458745875,0.05781808325922828,0.05782149737892561,3.0000000000000004,False,False,True,True,False,0,0,0.00017713756226100767,3.414119697328147e-06,3.0067201102634225
2008-01,4.790431951690162,4.799984587846453,0.002028564144601783,0.0,3.4456671074235986e-05,0.0,3.4456671074235986e-05,0.0019941074735275468,0.06891334214847197,0.06891334214847197,0.0,0.0,2.9998966299867758,2.9998966299867758,55,0.00016506233806289826,55,2.9959509459597173,0.05780431665211046,0.057806308465067256,2.9999999999999987,False,False,True,True,False,0,0,0.00010337001322381634,1.9918129568176664e-06,2.9767814587458745
2008-02,4.799984587846453,5.1887376248525605,0.0810809311878116,0.0,9.045509536129532e-05,0.0,9.045509536129532e-05,0.0809904760924503,0.18091019072259062,0.18091019072259062,0.0,0.0,2.999728634713916,2.999728634713916,55,0.0004341830636263987,55,2.849987704829923,0.05746227593615351,0.05746747416200901,2.9999999999999996,False,False,True,True,False,0,0,0.00027136528608459436,5.198225855510848e-06,2.9959509459597187
2008-03,5.1887376248525605,4.897892995075501,-0.055912871951948204,0.0,0.00014018966057152612,0.0,0.00014018966057152612,-0.05605306161251973,0.28037932114305225,0.28037932114305225,0.0,0.0,2.9995794310182844,2.9995794310182844,55,0.0007274073664227871,55,3.1184661333770776,0.0616645619395913,0.06167320788567115,2.9999999999999987,False,False,True,True,False,0,0,0.00042056898171516886,8.645946079861723e-06,2.849987704829923
2008-04,4.897892995075501,5.030130537530975,0.027077488103636693,0.0,7.862500302788701e-05,0.0,7.862500302788701e-05,0.026998863100608807,0.15725000605577402,0.15725000605577402,0.0,0.0,2.9997641249909153,2.9997641249909153,55,0.0003850968515680778,55,2.9472687087074516,0.06576439494576972,0.06576956607810175,2.999999999999999,False,False,True,True,False,0,0,0.00023587500908471212,5.171132332056936e-06,3.118466133377078
2008-05,5.030130537530975,4.997973495549114,-0.006325046425371201,0.0,6.78377636035629e-05,0.0,6.78377636035629e-05,-0.0063928841889747635,0.1356755272071258,0.1356755272071258,0.0,0.0,2.9997964867091884,2.9997964867091884,55,0.0003412328063000891,55,3.0127314837519226,0.06585597105052413,0.06586043887540738,2.999999999999999,False,False,True,True,False,0,0,0.00020351329081160635,4.467824883277035e-06,2.947268708707451
2008-06,4.997973495549114,4.9353103666038685,-0.012500221297471917,0.0,3.748603552004219e-05,0.0,3.748603552004219e-05,-0.012537707332991959,0.07497207104008438,0.07497207104008438,0.0,0.0,2.9998875418934374,2.9998875418934374,55,0.0001873542119823835,55,3.0253178706474135,0.06602120181639481,0.06602367678228784,2.9999999999999973,False,False,True,True,False,0,0,0.00011245810656302681,2.4749658930889277e-06,3.012731483751922
2008-07,4.9353103666038685,4.7978872901548595,-0.027802515624429383,0.0,4.2354554135259876e-05,0.0,4.2354554135259876e-05,-0.027844870178564643,0.08470910827051975,0.08470910827051975,0.0,0.0,2.9998729363375936,2.9998729363375936,55,0.00020903287009663282,55,3.0571976936017107,0.06638696095597305,0.0663897728652019,2.999999999999999,False,False,True,True,False,0,0,0.00012706366240781454,2.811909228891368e-06,3.0253178706474135
2008-08,4.7978872901548595,4.63959257712827,-0.032936000022152065,0.0,5.6586809015478493e-05,0.0,5.6586809015478493e-05,-0.03299258683116754,0.11317361803095699,0.11317361803095699,0.0,0.0,2.999830239572953,2.999830239572953,55,0.0002714971317657847,55,3.0681194364668247,0.06717333798785499,0.06717713932780833,2.999999999999999,False,False,True,True,False,0,0,0.00016976042704633203,3.8013399533468468e-06,3.0571976936017107
2008-09,4.63959257712827,4.140255928387807,-0.10756649709090901,0.0,5.8610165714101136e-05,0.0,5.8610165714101136e-05,-0.10762510725662311,0.11722033142820226,0.11722033142820226,0.0,0.0,2.999824169502857,2.999824169502857,55,0.0002719272897914015,55,3.241079165193057,0.06884282493467778,0.06884686006055482,2.999999999999999,False,False,True,True,False,0,0,0.0001758304971436215,4.035125877072462e-06,3.0681194364668256
2008-10,4.140255928387807,3.4142304860815336,-0.1752252403326504,0.0,0.00013238365582219955,0.0,0.00013238365582219955,-0.1753576239884726,0.2647673116443991,0.2647673116443991,0.0,0.0,2.9996028490325335,2.9996028490325335,55,0.0005481022158395128,55,3.424972680109277,0.08047969092995422,0.08049034653628709,3.0000000000000004,False,False,True,True,False,0,0,0.00039715096746740716,1.0655606332890577e-05,3.2410791651930575
2008-11,3.4142304860815336,3.4534173222038054,0.011702893502420417,0.0,0.00022539182758580324,0.0,0.00022539182758580324,0.011477501674834613,0.45078365517160646,0.45078365517160646,0.0,0.0,2.999323824517243,2.999323824517243,55,0.0007695396490570822,55,2.9768598046263173,0.09992931018878172,0.09995183851633549,3.0000000000000004,False,False,True,True,False,0,0,0.0006761754827575069,2.2528327553765143e-05,3.424972680109277
2008-12,3.4534173222038054,3.6297996279844016,0.051227356099913524,0.0,0.00015264102086903967,0.0,0.00015264102086903967,0.051074715079044486,0.3052820417380793,0.3052820417380793,0.0,0.0,2.873572019762896,2.873572019762896,55,0.0005271331455480141,55,2.782675040986839,0.09998473589791308,0.09999999999999999,2.8740107116919176,False,False,True,False,True,0,0,0.00043869192902163366,1.52641020869214e-05,2.9768598046263173
2009-01,3.6297996279844016,3.3685241701785644,-0.07188455935778107,0.0,9.612403628305477e-05,0.0,9.612403628305477e-05,-0.07198068339406412,0.19224807256610954,0.19224807256610954,0.0,0.0,2.796053729616579,2.796053729616579,55,0.00034891099114059133,55,2.93546602049401,0.09999038759637165,0.09999999999999995,2.7963225234242794,False,False,True,False,True,0,0,0.0002687938077022053,9.612403628356558e-06,2.7826750409868386
2009-02,3.3685241701785644,3.190076295057316,-0.05285675669288439,0.0,0.0001183345061166267,0.0,0.0001183345061166267,-0.05297509119900101,0.2366690122332534,0.2366690122332534,0.0,0.0,2.710011632246507,2.710011632246507,55,0.0003986126440200002,55,2.805791960549137,0.09998816654938834,0.1,2.710332358087513,False,False,True,False,True,0,0,0.00032072584100629846,1.1833450611663722e-05,2.93546602049401
2009-03,3.190076295057316,3.406571121881667,0.06794236872559069,0.0,7.727497852675658e-05,0.0,7.727497852675658e-05,0.06786509374706393,0.15454995705351315,0.15454995705351315,0.0,0.0,2.6671936743742086,2.6671936743742086,55,0.00024651307719926924,55,2.561312340964717,0.09999227250214728,0.09999999999999995,2.667399797636293,False,False,True,False,True,0,0,0.0002061232620857445,7.727497852716828e-06,2.8057919605491373
2009-04,3.406571121881667,3.53562154878649,0.037937187944423106,0.0,5.439545672662065e-05,0.0,5.439545672662065e-05,0.037882792487696486,0.1087909134532413,0.1087909134532413,0.0,0.0,2.5747956144748088,2.5747956144748088,55,0.00018530199204646979,55,2.5173678775006816,0.09999456045432727,0.09999999999999992,2.5749356792771247,False,False,True,False,True,0,0,0.00014006480231782033,5.439545672734341e-06,2.561312340964717
2009-05,3.53562154878649,3.802933485146309,0.07568888435647507,0.0,8.352539163717246e-05,0.0,8.352539163717246e-05,0.0756053589648379,0.16705078327434492,0.16705078327434492,0.0,0.0,2.5718860272527775,2.5718860272527775,55,0.00029531417454321785,55,2.461474266135376,0.09999164746083623,0.09999999999999995,2.5721008629846884,False,False,True,False,True,0,0,0.0002148357319127353,8.352539163781649e-06,2.5173678775006803
2009-06,3.802933485146309,3.711958624621546,-0.023846830377456198,0.0,7.54551108640399e-05,0.0,7.54551108640399e-05,-0.023922285488320236,0.1509102217280798,0.1509102217280798,0.0,0.0,2.4770994171968965,2.4770994171968965,55,0.00028695076773028436,55,2.5133783410338117,0.09999245448891357,0.09999999999999998,2.477286341112407,False,False,True,False,True,0,0,0.00018692391551138228,7.545511086437306e-06,2.4614742661353763
2009-07,3.711958624621546,3.8781882155752525,0.04482064562987053,0.0,3.846787306571675e-05,0.0,3.846787306571675e-05,0.04478217775680481,0.0769357461314335,0.0769357461314335,0.0,0.0,2.476785563718264,2.476785563718264,55,0.00014279115319713417,55,2.4135233764823,0.09999615321269344,0.1,2.476880844056172,False,False,True,False,True,0,0,9.528033790780384e-05,3.846787306561005e-06,2.5133783410338117
2009-08,3.8781882155752525,3.9190450504184016,0.010590568723976523,0.0,5.553726803444772e-05,0.0,5.553726803444772e-05,0.010535031455942074,0.11107453606889543,0.11107453606889543,0.0,0.0,2.4518619311122287,2.4518619311122287,55,0.00021538397841643932,55,2.436780936023953,0.0999944462731965,0.09999999999999994,2.4519981083883944,False,False,True,False,True,0,0,0.00013617727616702276,5.553726803509262e-06,2.413523376482301
2009-09,3.9190450504184016,4.023949747241576,0.026798931369064992,0.0,3.100819554225925e-05,0.0,3.100819554225925e-05,0.026767923173522733,0.0620163910845185,0.0620163910845185,0.0,0.0,2.4545644043775314,2.4545644043775314,55,0.00012152251526229706,55,2.416673991993465,0.09999689918044573,0.09999999999999995,2.4546405183507103,False,False,True,False,True,0,0,7.61139731802387e-05,3.10081955427988e-06,2.4367809360239536
2009-10,4.023949747241576,4.0919559981536935,0.01693259838122623,0.0,3.222556749139353e-05,0.0,3.222556749139353e-05,0.016900372813734837,0.06445113498278705,0.06445113498278705,0.0,0.0,2.447529431492374,2.447529431492374,55,0.00012967406416170934,55,2.4235039102744182,0.09999677744325082,0.09999999999999996,2.4476083070590655,False,False,True,False,True,0,0,7.887556669268145e-05,3.222556749184527e-06,2.4166739919934654
2009-11,4.0919559981536935,4.296094302188675,0.04992288855625024,0.0,3.518103273609477e-05,0.0,3.518103273609477e-05,0.049887707523514145,0.07036206547218954,0.07036206547218954,0.0,0.0,2.449943114921901,2.449943114921901,55,0.00014395923792570443,55,2.3810794102684194,0.09999648189672633,0.09999999999999995,2.4500293094832424,False,False,True,False,True,0,0,8.619456134296294e-05,3.5181032736794493e-06,2.4235039102744182
2009-12,4.296094302188675,4.2482118830306455,-0.011104667025800638,0.0,4.090283136840106e-05,0.0,4.090283136840106e-05,-0.01114556985716904,0.08180566273680212,0.08180566273680212,0.0,0.0,2.412544696363444,2.412544696363444,55,0.000175722420785172,55,2.428507125149631,0.09999590971686309,0.09999999999999992,2.4126433803087806,False,False,True,False,True,0,0,9.868394533847982e-05,4.090283136904531e-06,2.381079410268418
2010-01,4.2482118830306455,4.1744608200410065,-0.01733203056626764,0.0,2.8464865759888907e-05,0.0,2.8464865759888907e-05,-0.01736049543202753,0.056929731519777815,0.056929731519777815,0.0,0.0,2.4138121357844224,2.4138121357844224,55,0.0001209247809700322,55,2.4388192150607577,0.09999715351342395,0.09999999999999994,2.4138808465786807,False,False,True,False,True,0,0,6.87107942596004e-05,2.8464865760454473e-06,2.4285071251496313
2010-02,4.1744608200410065,4.259145125354494,0.020323910546821145,0.0,3.762473311083505e-05,0.0,3.762473311083505e-05,0.02028628581371031,0.0752494662216701,0.0752494662216701,0.0,0.0,2.415372174744448,2.415372174744448,55,0.00015706297423568049,55,2.3872672985589776,0.09999623752668887,0.09999999999999996,2.415463055897265,False,False,True,False,True,0,0,9.088115281830414e-05,3.7624733111305047e-06,2.4388192150607586
2010-03,4.259145125354494,4.323616228516595,0.015168365309388558,0.0,3.12658998597721e-05,0.0,3.12658998597721e-05,0.015137099409528785,0.0625317997195442,0.0625317997195442,0.0,0.0,2.4229173263923744,2.4229173263923744,55,0.00013316600497757008,55,2.4017304589891513,0.09999687341001397,0.09999999999999995,2.4229930834514826,False,False,True,False,True,0,0,7.575705910920633e-05,3.1265899860256466e-06,2.387267298558978
2010-04,4.323616228516595,4.404609720800779,0.018776589221289157,0.0,4.377668580390793e-05,0.0,4.377668580390793e-05,0.018732812535485248,0.08755337160781586,0.08755337160781586,0.0,0.0,2.4243889981067293,2.4243889981067293,55,0.00018927358917244838,55,2.398239810541998,0.09999562233141956,0.09999999999999995,2.4244951344684638,False,False,True,False,True,0,0,0.00010613636173573658,4.377668580433414e-06,2.401730458989151
2010-05,4.404609720800779,4.226065666283505,-0.040512924699253494,0.0,2.280169532329284e-05,0.0,2.280169532329284e-05,-0.04053572639457679,0.04560339064658568,0.04560339064658568,0.0,0.0,2.4177814134466886,2.4177814134466886,55,0.0001004325688717133,55,2.4777040210306778,0.09999771983046762,0.09999999999999995,2.4178365442189116,False,False,True,False,True,0,0,5.513077222412191e-05,2.280169532386933e-06,2.3982398105419978
2010-06,4.226065666283505,4.277810053110504,0.01230102962454897,0.0,5.6925790614881e-05,0.0,5.6925790614881e-05,0.01224410383393409,0.113851581229762,0.113851581229762,0.0,0.0,2.395442649243226,2.395442649243226,55,0.00024057212924359235,55,2.378619613340601,0.09999430742093852,0.10000000000000002,2.3955790194728896,False,False,True,False,True,0,0,0.00013637022966339792,5.692579061468059e-06,2.4777040210306773
2010-07,4.277810053110504,4.530880898780678,0.059193307072607275,0.0,3.43349517766092e-05,0.0,3.43349517766092e-05,0.05915897212083067,0.06866990355321839,0.06866990355321839,0.0,0.0,2.4023437066915436,2.4023437066915436,55,0.0001468784018830432,55,2.3240486825459614,0.09999656650482229,0.09999999999999995,2.4024261938790574,False,False,True,False,True,0,0,8.248718751432092e-05,3.433495177684701e-06,2.378619613340601
2010-08,4.530880898780678,4.544140279530981,0.0029785770538147778,0.0,5.213050919877481e-05,0.0,5.213050919877481e-05,0.002926446544616003,0.10426101839754962,0.10426101839754962,0.0,0.0,2.359565670372354,2.359565670372354,55,0.00023619712837243923,55,2.3556505619787425,0.0999947869490801,0.09999999999999996,2.359688682144905,False,False,True,False,True,0,0,0.00012301177255173538,5.2130509199166816e-06,2.324048682545961
2010-09,4.544140279530981,4.817265302670277,0.06014079683056578,0.0,3.591310380578646e-05,0.0,3.591310380578646e-05,0.06010488372675999,0.07182620761157292,0.07182620761157292,0.0,0.0,2.343471167190428,2.343471167190428,55,0.00016319418156685164,55,2.267334110914746,0.09999640868961938,0.09999999999999996,2.343555331536324,False,False,True,False,True,0,0,8.416434589729113e-05,3.5913103806350657e-06,2.3556505619787433
2010-10,4.817265302670277,4.977994035157587,0.03342557352146909,0.0,6.043326269707802e-05,0.0,6.043326269707802e-05,0.03336514025877201,0.12086652539415604,0.12086652539415604,0.0,0.0,2.320651995670112,2.320651995670112,55,0.0002911230595177919,55,2.2780694620703774,0.09999395667373029,0.1,2.320792248717744,False,False,True,False,True,0,0,0.0001402530476324708,6.043326269722395e-06,2.2673341109147467
2010-11,4.977994035157587,4.924278791990436,-0.010749367674148035,0.0,4.117220753556159e-05,0.0,4.117220753556159e-05,-0.010790539881683598,0.08234441507112318,0.08234441507112318,0.0,0.0,2.307002808722114,2.307002808722114,55,0.00020495500352629584,55,2.321301537869763,0.09999588277924643,0.09999999999999998,2.307097797031418,False,False,True,False,True,0,0,9.49883093046295e-05,4.117220753573009e-06,2.278069462070377
2010-12,4.924278791990436,5.182500339911662,0.05246420673936446,0.0,2.5756596932485865e-05,0.0,2.5756596932485865e-05,0.052438450142431973,0.05151319386497173,0.05151319386497173,0.0,0.0,2.300810737755657,2.300810737755657,55,0.00012683266402848607,55,2.236021445412357,0.09999742434030676,0.1,2.3008700003368494,False,False,True,False,True,0,0,5.9262581193066793e-05,2.575659693259975e-06,2.321301537869763
2011-01,5.182500339911662,5.256716015878272,0.01437350728882758,0.0,5.3069064239761917e-05,0.0,5.3069064239761917e-05,0.014320438224587818,0.10613812847952384,0.10613812847952384,0.0,0.0,2.269993349273406,2.269993349273406,55,0.0002750304434613599,55,2.252115574601521,0.09999469309357602,0.09999999999999999,2.270113822089662,False,False,True,False,True,0,0,0.00012047281625658657,5.306906423995422e-06,2.236021445412357
2011-02,5.256716015878272,5.345201886466303,0.016857091401337093,0.0,2.4173221858936e-05,0.0,2.4173221858936e-05,0.016832918179478157,0.048346443717872,0.048346443717872,0.0,0.0,2.2514389834558797,2.2514389834558797,55,0.0001270717625012476,55,2.230746108139712,0.09999758267781411,0.1,2.2514934093055765,False,False,True,False,True,0,0,5.4425849696908626e-05,2.417322185887723e-06,2.2521155746015205
2011-03,5.345201886466303,5.324683453620354,-0.003805781023157112,0.0,3.288275077825199e-05,0.0,3.288275077825199e-05,-0.0038386637739353637,0.06576550155650397,0.06576550155650397,0.0,0.0,2.271129811486013,2.271129811486013,55,0.00017576494149211384,55,2.27606106361502,0.09999671172492217,0.09999999999999999,2.271204494937386,False,False,True,False,True,0,0,7.468345137359202e-05,3.288275077828544e-06,2.2307461081397113
2011-04,5.324683453620354,5.482733462987712,0.029708734974172438,0.0,2.62175543066567e-05,0.0,2.62175543066567e-05,0.02968251741986578,0.0524351086133134,0.0524351086133134,0.0,0.0,2.3052162544861927,2.3052162544861927,55,0.00013960017761104797,55,2.2676164254115143,0.0999973782445693,0.09999999999999996,2.305276693203089,False,False,True,False,True,0,0,6.0438716896978745e-05,2.6217554307090817e-06,2.2760610636150203
2011-05,5.482733462987712,5.441004518565987,-0.007571682437578894,0.0,3.929203408282179e-05,0.0,3.929203408282179e-05,-0.007610974471661715,0.07858406816564359,0.07858406816564359,0.0,0.0,2.307046609813625,2.307046609813625,55,0.00021542775009474074,55,2.3171103954437915,0.09999607079659167,0.09999999999999995,2.3071372619295545,False,False,True,False,True,0,0,9.065211593043548e-05,3.929203408326711e-06,2.2676164254115143
2011-06,5.441004518565987,5.38064345994361,-0.01107251148587319,0.0,2.1222845059685763e-05,0.0,2.1222845059685763e-05,-0.011093734330932876,0.04244569011937152,0.04244569011937152,0.0,0.0,2.3232324730346705,2.3232324730346705,55,0.00011547359586657606,55,2.338098201839638,0.09999787771549401,0.09999999999999998,2.323281779683911,False,False,True,False,True,0,0,4.930664924104357e-05,2.122284506001714e-06,2.3171103954437906
2011-07,5.38064345994361,5.555239368958863,0.03248898467813892,0.0,4.009444502112956e-05,0.0,4.009444502112956e-05,0.03244889023311779,0.08018889004225911,0.08018889004225911,0.0,0.0,2.3109114622607048,2.3109114622607048,55,0.0002157339133830094,55,2.269749591584844,0.09999599055549782,0.09999999999999994,2.3110041206883656,False,False,True,False,True,0,0,9.265842766225177e-05,4.009444502184183e-06,2.3380982018396375
2011-08,5.555239368958863,5.536561400567316,-0.003323687720092898,0.0,3.853794670991795e-05,0.0,3.853794670991795e-05,-0.003362225666802816,0.07707589341983591,0.07707589341983591,0.0,0.0,2.290644925202907,2.290644925202907,55,0.0002140875187617749,55,2.2950376720500603,0.099996146205329,0.09999999999999999,2.290733205357102,False,False,True,False,True,0,0,8.828015419546156e-05,3.853794671026984e-06,2.269749591584844
2011-09,5.536561400567316,5.14013173566737,-0.07155938034732265,0.0,4.276333328851608e-05,0.0,4.276333328851608e-05,-0.07160214368061117,0.08552666657703216,0.08552666657703216,0.0,0.0,2.309716761441092,2.309716761441092,55,0.0002367618204447935,55,2.410773964910789,0.09999572366667114,0.1,2.3098155368527293,False,False,True,False,True,0,0,9.877541163770889e-05,4.276333328867651e-06,2.2950376720500603
2011-10,5.14013173566737,5.425653744897695,0.05566609813125778,0.0,0.00011849275587635343,0.0,0.00011849275587635343,0.05554760537538143,0.23698551175270685,0.23698551175270685,0.0,0.0,2.2979749436397405,2.2979749436397405,56,0.0006090683749267304,56,2.229781991626971,0.09998815072441235,0.09999999999999999,2.2982472692923643,False,False,True,False,True,0,0,0.00027232565262442533,1.1849275587662508e-05,2.4107739649107884
2011-11,5.425653744897695,5.283832078807178,-0.025975350461724486,0.0,0.00016374221883713055,0.0,0.00016374221883713055,-0.026139092680561617,0.3274844376742611,0.3274844376742611,0.0,0.0,2.556128786322579,2.556128786322579,56,0.0008884085828315352,56,2.5980644842035256,0.09998362577811622,0.09999999999999992,2.5565474010665916,False,False,True,False,True,0,0,0.0004186147440154442,1.6374221883806907e-05,2.229781991626971
2011-12,5.283832078807178,5.306247288026645,0.004303024134746166,0.0,6.0798249224171895e-05,0.0,6.0798249224171895e-05,0.004242225885521995,0.12159649844834379,0.12159649844834379,0.0,0.0,2.5650608166194133,2.5650608166194133,56,0.00032124773958599307,56,2.558510063135956,0.09999392017507756,0.09999999999999999,2.565216777308354,False,False,True,False,True,0,0,0.00015596068894159487,6.079824922445124e-06,2.5980644842035256
2012-01,5.306247288026645,5.54497514176098,0.0450299768231522,0.0,4.0016729694930555e-05,0.0,4.0016729694930555e-05,0.044989960093457265,0.0800334593898611,0.0800334593898611,0.0,0.0,2.574211869057696,2.574211869057696,56,0.00021233866341942057,56,2.506475608288716,0.09999599832703049,0.09999999999999998,2.5743148847205877,False,False,True,False,True,0,0,0.00010301566289228938,4.001672969521889e-06,2.5585100631359556
2012-02,5.54497514176098,5.680486956772798,0.024546414425941496,0.0,0.00010774490130565055,0.0,0.00010774490130565055,0.024438669524635845,0.2154898026113011,0.2154898026113011,0.0,0.0,2.694639602220019,2.694639602220019,56,0.0005974427993913225,56,2.654318015843475,0.09998922550986943,0.09999999999999999,2.694929967183359,False,False,True,False,True,0,0,0.0002903649633402682,1.0774490130581104e-05,2.5064756082887154
2012-03,5.680486956772798,5.577120158415682,-0.018130229423916268,0.0,6.659052192878983e-05,0.0,6.659052192878983e-05,-0.018196819945845058,0.13318104385757965,0.13318104385757965,0.0,0.0,2.7745222782920202,2.7745222782920202,56,0.0003782665912611836,56,2.8074792431575393,0.09999334094780714,0.10000000000000002,2.7747070474825115,False,False,True,False,True,0,0,0.00018476919049085702,6.6590521928597525e-06,2.654318015843475
2012-04,5.577120158415682,5.598877435787829,0.003927544140632547,0.0,2.6377094891963985e-05,0.0,2.6377094891963985e-05,0.0039011670457405833,0.05275418978392797,0.05275418978392797,0.0,0.0,2.814039814573109,2.814039814573109,56,0.00014710822764241568,56,2.8070167175982044,0.09999736229051077,0.09999999999999996,2.814114042726251,False,False,True,False,True,0,0,7.422815314265564e-05,2.637709489229468e-06,2.807479243157539
2012-05,5.598877435787829,5.268340114710436,-0.059003520109867404,0.0,3.283581473445378e-05,0.0,3.283581473445378e-05,-0.05903635592460186,0.06567162946890756,0.06567162946890756,0.0,0.0,2.8173802482605694,2.8173802482605694,56,0.00018384370220244278,56,2.931438154405122,0.09999671641852652,0.09999999999999996,2.817472762274211,False,False,True,False,True,0,0,9.251401364237209e-05,3.283581473480689e-06,2.8070167175982057
2012-06,5.268340114710436,5.531258556258631,0.04999886169806428,0.0,9.349571494085734e-05,0.0,9.349571494085734e-05,0.04990536598312342,0.1869914298817147,0.1869914298817147,0.0,0.0,2.8065632255008186,2.8065632255008186,56,0.0004925672255764506,56,2.720780538657425,0.09999065042850593,0.10000000000000002,2.806825651671836,False,False,True,False,True,0,0,0.00026242617101713585,9.349571494075843e-06,2.931438154405121
2012-07,5.531258556258631,5.761017873707938,0.04160522240661817,0.0,6.687898759041998e-05,0.0,6.687898759041998e-05,0.04153834341902775,0.13375797518083996,0.13375797518083996,0.0,0.0,2.7997227438333314,2.7997227438333314,56,0.0003699249723434254,56,2.7280109121213965,0.09999331210124095,0.09999999999999999,2.799909998979407,False,False,True,False,True,0,0,0.00018725514607659428,6.6878987590617404e-06,2.720780538657425
2012-08,5.761017873707938,5.9446012530177414,0.03193211146768741,0.0,6.562826380100406e-05,0.0,6.562826380100406e-05,0.0318664832038864,0.13125652760200812,0.13125652760200812,0.0,0.0,2.8121114219904397,2.8121114219904397,56,0.000378085600778004,56,2.7562127268903382,0.09999343717361989,0.09999999999999998,2.8122959880934326,False,False,True,False,True,0,0,0.00018456610299363678,6.5628263801185165e-06,2.7280109121213965
2012-09,5.9446012530177414,6.000300691184073,0.009417019825182818,0.0,4.726804611159305e-05,0.0,4.726804611159305e-05,0.009369751779071225,0.0945360922231861,0.0945360922231861,0.0,0.0,2.8065870089207765,2.8065870089207765,56,0.0002809896861426764,56,2.7898636983945613,0.09999527319538881,0.09999999999999996,2.8067196770758946,False,False,True,False,True,0,0,0.00013266815511913874,4.726804611186695e-06,2.7562127268903382
2012-10,6.000300691184073,5.912760042176784,-0.014563137911920002,0.0,2.623910645307013e-05,0.0,2.623910645307013e-05,-0.014589377018373071,0.05247821290614026,0.05247821290614026,0.0,0.0,2.8133824649231296,2.8133824649231296,56,0.00015744252858640917,56,2.8402569058395404,0.09999737608935463,0.09999999999999994,2.8134562875021585,False,False,True,False,True,0,0,7.382257903103609e-05,2.6239106453836216e-06,2.7898636983945617
2012-11,5.912760042176784,6.004067839908285,0.015477940479198945,0.0,3.544034724936954e-05,0.0,3.544034724936954e-05,0.015442500131949576,0.07088069449873907,0.07088069449873907,0.0,0.0,2.789334760012413,2.789334760012413,56,0.0002095502690969421,56,2.7621580740683456,0.09999645596527504,0.09999999999999998,2.789433618508482,False,False,True,False,True,0,0,9.885849607006031e-05,3.5440347249779496e-06,2.8402569058395404
2012-12,6.004067839908285,5.9779795209535855,-0.00429458422304213,0.0,5.0523069266236366e-05,0.0,5.0523069266236366e-05,-0.004345107292308366,0.10104613853247273,0.10104613853247273,0.0,0.0,2.84929810012305,2.84929810012305,56,0.00030334393535486845,56,2.85741930937837,0.0999949476930733,0.09999999999999992,2.849442062681753,False,False,True,False,True,0,0,0.0001439625587049062,5.052306926689371e-06,2.762158074068345
2013-01,5.9779795209535855,6.0565412639396605,0.013189895158952972,0.0,4.803966903259394e-05,0.0,4.803966903259394e-05,0.013141855489920378,0.09607933806518787,0.09607933806518787,0.0,0.0,2.923886534463516,2.923886534463516,56,0.0002871801576702347,56,2.8989784734559207,0.0999951960330967,0.09999999999999995,2.9240270037530185,False,False,True,False,True,0,0,0.00014046928950376542,4.803966903300464e-06,2.8574193093783706
2013-02,6.0565412639396605,6.003275056014671,-0.008761903144662032,0.0,3.29197754977146e-05,0.0,3.29197754977146e-05,-0.008794822920159746,0.06583955099542921,0.06583955099542921,0.0,0.0,2.9172562545793204,2.9172562545793204,56,0.00019937997870153826,56,2.934301009205063,0.09999670802245018,0.09999999999999995,2.917352293161859,False,False,True,False,True,0,0,9.603858254081908e-05,3.2919775498469632e-06,2.898978473455922
2013-03,6.003275056014671,6.097895265045144,0.015794550362358013,0.0,3.3118785826465745e-05,0.0,3.3118785826465745e-05,0.015761431576531548,0.06623757165293148,0.06623757165293148,0.0,0.0,2.9067045671598044,2.9067045671598044,56,0.00019882118083751403,56,2.8771510973656906,0.09999668812141732,0.09999999999999996,2.906800836874161,False,False,True,False,True,0,0,9.626971435724996e-05,3.3118785826684416e-06,2.9343010092050625
2013-04,6.097895265045144,6.1619189079492385,0.010528846480117017,0.0,2.954465197727026e-05,0.0,2.954465197727026e-05,0.010499301828139747,0.05908930395454052,0.05908930395454052,0.0,0.0,2.905501306900374,2.905501306900374,56,0.00018016019339960298,56,2.8857319823031746,0.09999704553480226,0.09999999999999999,2.9055871514615537,False,False,True,False,True,0,0,8.584456117977958e-05,2.9544651977357626e-06,2.8771510973656906
2013-05,6.1619189079492385,5.976107630248988,-0.03012597203064503,0.0,2.880288217363692e-05,0.0,2.880288217363692e-05,-0.030154774912818667,0.05760576434727384,0.05760576434727384,0.0,0.0,2.9085058006013287,2.9085058006013287,56,0.00017748102426916738,56,2.9678754445710047,0.09999711971178264,0.1,2.908589576364188,False,False,True,False,True,0,0,8.377576285923012e-05,2.880288217354243e-06,2.8857319823031737
2013-06,5.976107630248988,5.699476077805046,-0.046232973777776895,0.0,5.66129498330892e-05,0.0,5.66129498330892e-05,-0.04628958672760999,0.1132258996661784,0.1132258996661784,0.0,0.0,2.8998710705712045,2.8998710705712045,56,0.00033832508146842754,56,2.992143167444265,0.0999943387050167,0.1,2.900035250121334,False,False,True,False,True,0,0,0.00016417955012895495,5.661294983294727e-06,2.9678754445710043
2013-07,5.699476077805046,5.927121149603384,0.04004801114190925,0.0,0.00010660798647963565,0.0,0.00010660798647963565,0.039941403155429614,0.2132159729592713,0.2132159729592713,0.0,0.0,2.785904555910174,2.785904555910174,56,0.0006076096686436471,56,2.7174151913535427,0.09998933920135206,0.10000000000000002,2.786201587251317,False,False,True,False,True,0,0,0.0002970313411430423,1.0660798647956089e-05,2.9921431674442647
2013-08,5.927121149603384,5.895041795753639,-0.005328456134531832,0.0,8.38431993348465e-05,0.0,8.38431993348465e-05,-0.005412299333866679,0.16768639866969298,0.16768639866969298,0.0,0.0,2.8733073406172314,2.8733073406172314,56,0.0004969488000279811,56,2.8835857135191274,0.09999161568006647,0.09999999999999995,2.8735482680974718,False,False,True,False,True,0,0,0.00024092748024175104,8.384319933530324e-06,2.7174151913535423
2013-09,5.895041795753639,6.0871385431033795,0.03262150213819707,0.0,3.534685629325746e-05,0.0,3.534685629325746e-05,0.03258615528190381,0.07069371258651493,0.07069371258651493,0.0,0.0,2.8892447557211747,2.8892447557211747,56,0.0002083711951972503,56,2.8296585644823797,0.09999646531437066,0.09999999999999999,2.8893468850503017,False,False,True,False,True,0,0,0.00010212932912780082,3.534685629346948e-06,2.883585713519127
2013-10,6.0871385431033795,6.218182322722492,0.021612221680966517,0.0,8.424450561833187e-05,0.0,8.424450561833187e-05,0.021527977175348184,0.16848901123666374,0.16848901123666374,0.0,0.0,2.9893360996614433,2.9893360996614433,56,0.0005128079771940372,56,2.9474947222376193,0.09999157554943813,0.09999999999999996,2.9895879560208005,False,False,True,False,True,0,0,0.0002518563593583087,8.424450561860988e-06,2.8296585644823797
2013-11,6.218182322722492,6.243294105878452,0.004076184956183818,0.0,3.774062427716752e-05,0.0,3.774062427716752e-05,0.00403844433190665,0.07548124855433504,0.07548124855433504,0.0,0.0,2.9998867781271676,2.9998867781271676,56,0.0002346780827287944,56,2.9918804205572096,0.09923909529997847,0.09924284078674481,2.999999999999999,False,False,True,True,False,0,0,0.00011322187283182433,3.745486766344741e-06,2.947494722237619
2013-12,6.243294105878452,6.192723593428731,-0.008069467388081888,0.0,3.050541347264371e-05,0.0,3.050541347264371e-05,-0.008099972801554532,0.06101082694528742,0.06101082694528742,0.0,0.0,2.9999084837595817,2.9999084837595817,56,0.00019045426813114161,56,3.0162707272241405,0.09834097621319143,0.09834397623684908,2.9999999999999996,False,False,True,True,False,0,0,9.151624041786079e-05,3.000023657645087e-06,2.99188042055721
2014-01,6.192723593428731,6.259348430159296,0.01080029577357868,0.0,4.1727960014112445e-05,0.0,4.1727960014112445e-05,0.010758567813564568,0.08345592002822488,0.08345592002822488,0.0,0.0,2.9998748161199575,2.9998748161199575,56,0.0002584097224850448,56,2.9786293262951173,0.0953999426011401,0.09540392361224978,3.0,False,False,True,True,False,0,0,0.00012518388004328744,3.981011109713219e-06,3.0162707272241405
2014-02,6.259348430159296,6.720334366088916,0.07370230532025178,0.0,5.471386992435646e-05,0.0,5.471386992435646e-05,0.07364759145032743,0.10942773984871292,0.10942773984871292,0.0,0.0,2.999835858390227,2.999835858390227,56,0.0003424731758189605,56,2.8627067095252516,0.09543755009744391,0.09544277214086405,3.0,False,False,True,True,False,0,0,0.0001641416097735507,5.222043420149973e-06,2.9786293262951173
2014-03,6.720334366088916,6.763665329179357,0.006543058316311547,0.0,9.531915186009843e-05,0.0,9.531915186009843e-05,0.006447739164451449,0.19063830372019686,0.19063830372019686,0.0,0.0,2.9997140425444186,2.9997140425444186,56,0.0006405765719918677,56,2.986997718685832,0.09846089222328633,0.09847027832669986,2.999999999999999,False,False,True,True,False,0,0,0.0002859574555812601,9.386103413561578e-06,2.862706709525251
2014-04,6.763665329179357,6.903305443935829,0.020678015331912963,0.0,3.238785622383947e-05,0.0,3.238785622383947e-05,0.020645627475689123,0.06477571244767893,0.06477571244767893,0.0,0.0,2.9999028364313283,2.9999028364313283,56,0.00021906062022762887,56,2.9594805194373777,0.0981989929733455,0.0982021735312227,2.9999999999999996,False,False,True,True,False,0,0,9.71635686708907e-05,3.1805578771755985e-06,2.9869977186858323
2014-05,6.903305443935829,6.960499057258089,0.008316550277093115,0.0,3.1589719176310794e-05,0.0,3.1589719176310794e-05,0.008284960557916804,0.06317943835262159,0.06317943835262159,0.0,0.0,2.999905230842471,2.999905230842471,56,0.00021807348036223035,56,2.9835035717035954,0.09730149086962626,0.0973045646934995,2.9999999999999996,False,False,True,True,False,0,0,9.476915752950829e-05,3.0738238732587273e-06,2.9594805194373786
2014-06,6.960499057258089,7.056611435938018,0.013835102922888632,0.0,2.6843214885742054e-05,0.0,2.6843214885742054e-05,0.01380825970800289,0.05368642977148411,0.05368642977148411,0.0,0.0,2.9999194703553433,2.9999194703553433,56,0.00018684217190598388,56,2.972706667576621,0.09673383416603042,0.09673643088283189,3.000000000000001,False,False,True,True,False,0,0,8.052964465667979e-05,2.5967168014498574e-06,2.9835035717035963
2014-07,7.056611435938018,6.843053192553536,-0.030228439349789582,0.0,3.51291240063667e-05,0.0,3.51291240063667e-05,-0.030263568473795948,0.07025824801273339,0.07025824801273339,0.0,0.0,2.9998946126279806,2.9998946126279806,56,0.00024789257819781205,56,3.062343619084652,0.09663190916212702,0.09663530387570027,2.9999999999999996,False,False,True,True,False,0,0,0.00010538737201851167,3.3947135732221635e-06,2.9727066675766216
2014-08,6.843053192553536,6.9719390349626496,0.018893984041934157,0.0,5.943186435301054e-05,0.0,5.943186435301054e-05,0.018834552177581145,0.11886372870602108,0.11886372870602108,0.0,0.0,2.9998217044069406,2.9998217044069406,56,0.00040669540910027747,56,2.9629105942637066,0.09537043472562229,0.09537610310524455,2.9999999999999996,False,False,True,True,False,0,0,0.0001782955930602504,5.668379622307456e-06,3.062343619084652
2014-09,6.9719390349626496,6.653003762046367,-0.04569983489555432,0.0,4.5727611073412246e-05,0.0,4.5727611073412246e-05,-0.04574556250662773,0.09145522214682449,0.09145522214682449,0.0,0.0,2.999862817166779,2.999862817166779,56,0.00031881011661831314,56,3.095781236324345,0.09619624552633826,0.09620064455199735,2.999999999999999,False,False,True,True,False,0,0,0.00013718283322107158,4.399025659112027e-06,2.9629105942637066
2014-10,6.653003762046367,6.741270264154474,0.013366534219965143,0.0,9.936870118945332e-05,0.0,9.936870118945332e-05,0.01326716551877569,0.19873740237890664,0.19873740237890664,0.0,0.0,2.99970189389643,2.99970189389643,56,0.0006611003428430943,56,2.97361695972232,0.08952114725853655,0.0895300437427007,2.9999999999999982,False,False,True,True,False,0,0,0.00029810610357026285,8.896484164204365e-06,3.0957812363243455
2014-11,6.741270264154474,6.753009414809288,0.0018068736168835014,0.0,6.548806270475593e-05,0.0,6.548806270475593e-05,0.0017413855541787455,0.13097612540951187,0.13097612540951187,0.0,0.0,2.999803535811884,2.999803535811884,56,0.0004414727297686548,56,2.996392534754098,0.08418056023984848,0.08418607342270365,2.9999999999999987,False,False,True,True,False,0,0,0.00019646418811537086,5.513182855204011e-06,2.9736169597223205
2014-12,6.753009414809288,6.497080936961847,-0.036378794250891223,0.0,3.7885417410415166e-05,0.0014817537747484379,0.001519639192158853,-0.03789843344305008,3.0392783843177056,0.07577083482083033,0.0,2.9635075494968754,2.9998863437477663,2.9998863437477663,56,0.010262137771761914,56,3.075507314174694,0.08242813179277379,0.0824312547352671,2.999999999999998,False,False,True,True,False,0,0,0.0001136562522336803,3.12294249337739e-06,2.9963925347540976
