month,nav_start,nav_end,gross_return,collateral_income,rebalance_cost,liquidation_cost,cost,net_return,turnover,rebalance_turnover,source_switch_extra_turnover,terminal_turnover,gross_exposure,net_exposure,held_instruments,cost_cash,rebalance_instruments,end_gross_before_liquidation,forecast_vol_annual,forecast_after_cost,gross_after_cost,gross_limit_breach,risk_limit_breach,limit_override,gross_override,risk_override,band_skipped_resizes,net_skipped_resizes,target_distance_l1,forecast_tracking_risk,drifted_gross_before
1976-01,1.0,1.0,0.0,0.0,0.0,0.0,0.0,0.0,0.0,0.0,0.0,0.0,0.0,0.0,0,0.0,0,0.0,0.0,0.0,0.0,False,False,False,False,False,0,0,0.0,0.0,0.0
1976-02,1.0,0.9923802350585526,-0.006966855973048394,0.0,0.0006529089683990336,0.0,0.0006529089683990336,-0.007619764941447427,0.6529089683990336,0.6529089683990336,0.0,0.0,0.6529089683990336,-0.02328773940590085,11,0.0006529089683990336,11,0.6804671327520302,0.09993470910316012,0.10000000000000002,0.6533355370305346,False,False,True,False,True,0,0,0.00042656863150092317,6.529089683988956e-05,0.0
1976-03,0.9923802350585526,0.9862578695787034,-0.00587179790529734,0.0,0.00029757675933196484,0.0,0.00029757675933196484,-0.006169374664629305,0.2975767593319648,0.2975767593319648,0.0,0.0,0.6861589098344465,0.26213902915703186,11,0.0002953092943738176,4,0.6716431784106087,0.09581367928944291,0.09584219970063708,0.6863631555580023,False,False,False,False,False,7,7,0.037328895176578857,0.005944071173267896,0.6804671327520303
1976-04,0.9862578695787034,0.9779253980131858,-0.008171081561517475,0.0,0.0002774913954486309,0.0,0.0002774913954486309,-0.008448572956966107,0.2774913954486309,0.2774913954486309,0.0,0.0,0.6665072684706372,-0.019633341250254288,11,0.00027367807250158825,4,0.6985076316492181,0.09909628966048477,0.09912379566086486,0.6666922698389297,False,False,False,False,False,7,7,0.0229646554674049,0.004301278831158536,0.6716431784106088
1976-05,0.9779253980131858,0.964123522417952,-0.013763532629301729,0.0,0.00034989117917551027,0.0,0.00034989117917551027,-0.01411342380847724,0.34989117917551027,0.34989117917551027,0.0,0.0,0.8189422544448569,0.22719471727498855,11,0.0003421674706565138,11,0.8634658660711996,0.090665436196087,0.09069717033596372,0.8192288954090863,False,False,False,False,False,0,0,0.07554073341125332,0.01068297420930532,0.6985076316492183
1976-06,0.964123522417952,0.9978868250294549,0.03573471441077138,0.0,0.0007150288347705573,0.0,0.0007150288347705573,0.035019685576000825,0.7150288347705572,0.7150288347705572,0.0,0.0,0.7170974920761116,0.23291131608391394,11,0.0006893761188093934,11,0.7199417737676708,0.09992849711652295,0.1,0.7176106043503593,False,False,True,False,True,0,0,0.03277875356489987,0.0035873533790169937,0.8634658660711996
1976-07,0.9978868250294549,0.9738272388549187,-0.023847123693264808,0.0,0.000263412262379251,0.0,0.000263412262379251,-0.02411053595564406,0.263412262379251,0.263412262379251,0.0,0.0,0.653063470004273,0.171015505960724,11,0.00026285562617945653,11,0.6229860857873389,0.09997365877376206,0.09999999999999999,0.6532355402557983,False,False,True,False,True,5,0,0.04234186672165049,0.004314279390979984,0.7199417737676707
1976-08,0.9738272388549187,0.9974444132691712,0.024886139878882274,0.0,0.000634225913092082,0.0,0.000634225913092082,0.02425191396579019,0.634225913092082,0.634225913092082,0.0,0.0,0.7649301583416126,-0.44435038717698655,11,0.0006176264697567019,11,0.7285072208475627,0.09707007987803305,0.0971316833085696,0.7654156047524316,False,False,False,False,False,0,0,0.04931342447138497,0.006349337332388211,0.6229860857873389
1976-09,0.9974444132691712,0.9923839283445258,-0.004718310704778947,0.0,0.00035513986281645633,0.0,0.00035513986281645633,-0.005073450567595403,0.3551398628164563,0.3551398628164563,0.0,0.0,0.8686694470038274,-0.24747768327869274,11,0.00035423227209545425,11,0.8532193400428637,0.09204187717551626,0.0920745765279933,0.8689780557513375,False,False,False,False,False,0,0,0.08388225312392031,0.00946771290601872,0.7285072208475628
1976-10,0.9923839283445258,1.0202418167670317,0.028312111237140117,0.0,0.00024042685488905805,0.0,0.00024042685488905805,0.02807168438225106,0.24042685488905804,0.24042685488905804,0.0,0.0,0.8455484581170285,-0.4818496745970502,11,0.0002385957467343227,11,0.815046956937926,0.09997595731451112,0.10000000000000002,0.8457517995622139,False,False,True,False,True,9,0,0.048977361998174006,0.006164988757541079,0.8532193400428638
1976-11,1.0202418167670317,1.009865086011334,-0.009824794076336536,0.0,0.0003460601125063247,0.0,0.0003460601125063247,-0.01017085418884286,0.3460601125063247,0.3460601125063247,0.0,0.0,0.9120661184766445,-0.23988023416076187,11,0.0003530649978940561,9,0.9121456296337954,0.09222184642129044,0.09225377177192898,0.9123818574448807,False,False,False,False,False,2,2,0.08064950735271396,0.009459276807683192,0.8150469569379258
1976-12,1.009865086011334,1.0080856311780186,-0.0017474821953263903,0.0,1.4589647699461958e-05,0.0,1.4589647699461958e-05,-0.0017620718430258523,0.014589647699461958,0.014589647699461958,0.0,0.0,0.9267352773332573,-0.26223375391212694,11,1.4733575828892213e-05,4,0.9258203341818346,0.09400080582882372,0.09400217728747334,0.9267487982717301,False,False,False,False,False,7,7,0.07527904580127329,0.008053124007096757,0.9121456296337955
1977-01,1.0080856311780186,0.8936183489935493,-0.11317831092133626,0.0,0.0003708545902347706,0.0,0.0003708545902347706,-0.11354916551157103,0.37085459023477063,0.37085459023477063,0.0,0.0,0.9214468114322769,-0.2670376373602938,11,0.0003738531836720842,4,1.1737967883240394,0.09528254683634144,0.09531789591557324,0.9217886609884308,False,False,False,False,False,7,7,0.05345930596332207,0.006169537989937092,0.9258203341818345
1977-02,0.8936183489935493,0.9233168406418555,0.03420663451642539,0.0,0.0009726575264111262,0.0,0.0009726575264111262,0.03323397699001426,0.9726575264111262,0.9726575264111262,0.0,0.0,0.8983150075407665,0.24063593698908875,13,0.0008691846128876602,13,0.9025567280942375,0.0999027342473589,0.10000000000000002,0.8991896110836578,False,False,True,False,True,0,0,0.04200582999431552,0.004327609247538353,1.1737967883240394
1977-03,0.9233168406418555,0.9631998183340215,0.04326907007927247,0.0,7.373784159680291e-05,0.0,7.373784159680291e-05,0.04319533223767567,0.07373784159680291,0.07373784159680291,0.0,0.0,0.9044208000018523,0.2858283226297999,13,6.808339093890965e-05,13,0.8988942071851239,0.09999262621584029,0.09999999999999998,0.9044874949574818,False,False,True,False,True,6,0,0.05763569254407274,0.005847666051764311,0.9025567280942373
1977-04,0.9631998183340215,0.9780354315648849,0.015448947997882052,0.0,4.6522718645996254e-05,0.0,4.6522718645996254e-05,0.015402425279236055,0.046522718645996254,0.046522718645996254,0.0,0.0,0.879252959427405,0.30674834137435664,13,4.4810674148228384e-05,13,0.8752727591892104,0.0999953477281354,0.1,0.8792938665685666,False,False,True,False,True,6,0,0.07362604423197129,0.008620015678541778,0.8988942071851239
1977-05,0.9780354315648849,0.9898899714697852,0.012465878788844911,0.0,0.0003451114604746951,0.0,0.0003451114604746951,0.012120767328370216,0.3451114604746951,0.3451114604746951,0.0,0.0,1.0369194842858134,0.07369747858681454,13,0.00033753123618335615,10,0.9965050344740596,0.09125253169078455,0.0912840348573722,1.0372774606251671,False,False,False,False,False,3,3,0.09287538608339628,0.009457027527205052,0.8752727591892107
1977-06,0.9898899714697852,0.9619679905319193,-0.02788702064433557,0.0,0.00032013544636356773,0.0,0.00032013544636356773,-0.028207156090699136,0.3201354463635677,0.3201354463635677,0.0,0.0,1.0949380748162854,-0.17268162910033213,13,0.000316898867867299,11,1.0636795972265745,0.08970966880224382,0.08973839724410151,1.0952887155581374,False,False,False,False,False,2,2,0.09966909810456996,0.008734292458883372,0.9965050344740596
1977-07,0.9619679905319193,0.995197957104045,0.03483118039954421,0.0,0.00028744620132907896,0.0,0.00028744620132907896,0.03454373419821513,0.28744620132907894,0.28744620132907894,0.0,0.0,1.0975268962917122,-0.47100500687011815,13,0.0002765140446785676,7,0.9942100187484457,0.09802749075195888,0.09805567648368287,1.0978424669384914,False,False,False,False,False,6,6,0.0721540402987098,0.007018378322462676,1.0636795972265745
1977-08,0.995197957104045,1.0037814054637368,0.008811403596035381,0.0,0.00018653826304259306,0.0,0.00018653826304259306,0.008624865332992789,0.18653826304259305,0.18653826304259305,0.0,0.0,1.0412036648644798,-0.5692799073845399,13,0.0001856424983017256,8,1.012476264559933,0.09891379130485918,0.09893224595417838,1.0413979254246246,False,False,False,False,False,5,5,0.07578109844174566,0.006494470503216155,0.9942100187484456
1977-09,1.0037814054637368,0.9859816568752162,-0.017188919678537487,0.0,0.0005437744036938314,0.0,0.0005437744036938314,-0.01773269408223132,0.5437744036938315,0.5437744036938315,0.0,0.0,0.9903617262611893,-0.2160730219832484,13,0.0005458306351949995,6,1.0347597630535839,0.09664222971612449,0.09669480987870657,0.9909005526183092,False,False,False,False,False,7,7,0.041799649025888785,0.00576814260600863,1.0124762645599328
1977-10,0.9859816568752162,0.9869229745622473,0.00131360052171196,0.0,0.0003588995082931674,0.0,0.0003588995082931674,0.0009547010134187925,0.3588995082931674,0.3588995082931674,0.0,0.0,1.046562380097831,-0.2395432954932774,13,0.0003538683318385976,7,1.0787921987969775,0.09657150073452594,0.09660617264238539,1.0469381256763495,False,False,False,False,False,6,6,0.04684552884085778,0.006281664237935857,1.0347597630535839
1977-11,0.9869229745622473,0.9726943578005887,-0.014156609843667569,0.0,0.0002605403579170389,0.0,0.0002605403579170389,-0.014417150201584607,0.2605403579170389,0.2605403579170389,0.0,0.0,1.0588699615608264,0.014656907356688481,13,0.0002571332650289966,3,1.120509854883171,0.09817449591990467,0.09820008100415697,1.059145911815777,False,False,False,False,False,10,10,0.04204557438060372,0.005143807478122477,1.0787921987969773
1977-12,0.9726943578005887,0.9778446856323192,0.0056164820668626395,0.0,0.0003215733522934914,0.0,0.0003215733522934914,0.005294908714569148,0.3215733522934914,0.3215733522934914,0.0,0.0,1.1349967650363235,-0.07052504838989467,13,0.00031279258539490003,3,1.164471337534762,0.09586954039712449,0.09590037940361552,1.1353618671580117,False,False,False,False,False,10,10,0.06003343590577513,0.006574683714891534,1.120509854883171
1978-01,0.9778446856323192,1.0253400379563151,0.048788478439379224,0.0,0.00021700996196614622,0.0,0.00021700996196614622,0.04857146847741308,0.21700996196614622,0.21700996196614622,0.0,0.0,1.1680222027392422,0.13294831063234833,13,0.0002122020380378678,7,1.1385196721788275,0.09514577757149141,0.0951664296347669,1.1682757302110212,False,False,False,False,False,6,6,0.08576504174135248,0.010110974418701218,1.1644713375347622
1978-02,1.0253400379563151,1.069206280710389,0.043280209390110985,0.0,0.0004980677295674993,0.0,0.0004980677295674993,0.042782141660543484,0.4980677295674993,0.4980677295674993,0.0,0.0,1.3799338890372104,0.3052109000707744,16,0.0005106887847395555,8,1.3326379577596565,0.09804178319113097,0.09809063897297607,1.38062153206908,False,False,False,False,False,8,8,0.06467081846475506,0.009054865485496253,1.1385196721788278
1978-03,1.069206280710389,1.0262669962045676,-0.039296490779337744,0.0,0.0008634720645882864,0.0,0.0008634720645882864,-0.04015996284392603,0.8634720645882864,0.8634720645882864,0.0,0.0,1.3736138026102405,-0.03177051345342734,17,0.0009232297546757625,17,1.5154751292517266,0.0999136527935411,0.09999999999999992,1.3748009047858938,False,False,True,False,True,6,0,0.051933096235123474,0.003529231739294711,1.332637957759657
1978-04,1.0262669962045676,0.99659637520503,-0.02846950017370822,0.0,0.00044171017337320387,0.0,0.00044171017337320387,-0.028911210347081422,0.44171017337320384,0.44171017337320384,0.0,0.0,1.5216314798105772,0.34579798621189606,17,0.00045331257282071674,5,1.5360873747438362,0.09881571955287231,0.09885938674973312,1.5223038969288165,False,False,False,False,False,12,12,0.09301768731477858,0.005709115072706987,1.5154751292517268
1978-05,0.99659637520503,1.007851062804831,0.01173383575774743,0.0,0.00044071059713720185,0.0,0.00044071059713720185,0.01129312516061023,0.44071059713720184,0.44071059713720184,0.0,0.0,1.5248370171041616,0.2544311778961026,17,0.0004392105836213796,17,1.58384726842421,0.09995592894028628,0.1,1.5255093252298222,False,False,True,False,True,10,0,0.09720559966534004,0.006031669971574115,1.536087374743836
1978-06,1.007851062804831,0.983392729802605,-0.02362755793299766,0.0,0.0006402470084973002,0.0,0.0006402470084973002,-0.02426780494149496,0.6402470084973002,0.6402470084973002,0.0,0.0,1.612277399634334,0.8729757184863902,17,0.0006452736279716177,9,1.558063429033989,0.09540245598684244,0.09546357625596077,1.6133103167384035,False,False,False,False,False,8,8,0.09844059260673645,0.006685499940058477,1.58384726842421
1978-07,0.983392729802605,1.0329401757456225,0.050389252262647594,0.0,5.0624660003936795e-06,0.0,5.0624660003936795e-06,0.0503841897966472,0.00506246600039368,0.00506246600039368,0.0,0.0,1.563125895034383,0.8654101543095936,17,4.978392259660016e-06,1,1.5140400755590417,0.0930576375517419,0.09305810865525303,1.5631338083461417,False,False,False,False,False,16,16,0.08892858382313483,0.005812478097833592,1.5580634290339894
1978-08,1.0329401757456225,1.0445711106383082,0.011779467339361648,0.0,0.000519439734868382,0.0,0.000519439734868382,0.011260027604493267,0.519439734868382,0.519439734868382,0.0,0.0,1.3247694297286505,1.0755911121816932,17,0.000536550171024206,17,1.342041570802457,0.09994805602651317,0.1,1.3254579252419174,False,False,True,False,True,4,0,0.08622406340730301,0.00538040003385233,1.5140400755590417
1978-09,1.0445711106383082,1.0699303302909076,0.02455000770977584,0.0,0.0002728480273651969,0.0,0.0002728480273651969,0.024277159682410645,0.27284802736519687,0.27284802736519687,0.0,0.0,1.3532700199656726,1.0977918870534766,17,0.00028500916698033523,5,1.3722697517542741,0.09870075101138746,0.09872768866648643,1.3536393577942107,False,False,False,False,False,12,12,0.06871478671268874,0.003988541608536152,1.3420415708024567
1978-10,1.0699303302909076,1.1788711357643298,0.10183203423426024,0.0,1.1567621446610574e-05,0.0,1.1567621446610574e-05,0.10182046661281363,0.011567621446610575,0.011567621446610575,0.0,0.0,1.369176018287074,1.1063072263478606,17,1.2376549035052237e-05,3,1.3363988395612956,0.09896987767789338,0.09897102253721628,1.3691918565801586,False,False,False,False,False,14,14,0.08393803502734966,0.00428424660904749,1.3722697517542737
1978-11,1.1788711357643298,1.1155105639241834,-0.05368695606750088,0.0,5.986147508496074e-05,0.0,5.986147508496074e-05,-0.05374681754258584,0.05986147508496074,0.05986147508496074,0.0,0.0,1.2994149350196673,1.0595098502859164,17,7.05689651219358e-05,6,1.2935633152140875,0.09773052456612052,0.09773637520971004,1.2994927245710224,False,False,False,False,False,11,11,0.08756663531207107,0.005998574076320682,1.336398839561295
1978-12,1.1155105639241834,1.1566867868650144,0.037149214843360284,0.0,0.00023676930274619658,0.0,0.00023676930274619658,0.03691244554061409,0.2367693027461966,0.2367693027461966,0.0,0.0,1.3430029873725344,0.8782289166545978,17,0.00026411865842634544,14,1.3173013598425916,0.09196731370962093,0.09198909390324465,1.343321044559619,False,False,False,False,False,3,3,0.12613682906904505,0.009168962314643644,1.2935633152140875
1979-01,1.1566867868650144,1.180207960892508,0.020393066566575416,0.0,5.8111335312474374e-05,0.0,5.8111335312474374e-05,0.02033495523126294,0.05811133531247437,0.05811133531247437,0.0,0.0,1.3572507034026917,0.8996692980042866,17,6.721661372302143e-05,13,1.352561949022164,0.09465695872049762,0.09466245968243374,1.3573295796370237,False,False,False,False,False,4,4,0.12585279152453321,0.008251539596464063,1.3173013598425916
1979-02,1.180207960892508,1.2518026284083876,0.061123047768307036,0.0,0.0004602918064360481,0.0,0.0004602918064360481,0.060662755961870984,0.46029180643604806,0.46029180643604806,0.0,0.0,1.681267566014604,1.0737753004755082,19,0.0005432400542894173,5,1.63964054290241,0.09936574409960498,0.09941150239962503,1.6820417960714185,False,False,False,False,False,14,14,0.08535196764734279,0.005821103016492307,1.3525619490221645
1979-03,1.2518026284083876,1.225741605474303,-0.02079528386748447,0.0,2.351163801794653e-05,0.0,2.351163801794653e-05,-0.02081879550550242,0.023511638017946528,0.023511638017946528,0.0,0.0,1.6452619017891055,1.061388422510791,19,2.9431930269052037e-05,7,1.647042647996958,0.09983284167043525,0.09983518895925952,1.6453005855009024,False,False,False,False,False,12,12,0.10908772255294744,0.006290124802385493,1.6396405429024103
1979-04,1.225741605474303,1.254853856883402,0.023761883247844204,0.0,1.1158560780981527e-05,0.0,1.1158560780981527e-05,0.023750724687063223,0.011158560780981527,0.011158560780981527,0.0,0.0,1.6512884017763438,1.0629904616265824,19,1.367751220646289e-05,19,1.6394206692280755,0.09999888414392186,0.09999999999999995,1.6513068279839518,False,False,True,False,True,16,0,0.10199914680841193,0.005621620474622406,1.6470426479969582
1979-05,1.254853856883402,1.272941872210034,0.014429779119265452,0.0,1.533936007613785e-05,0.0,1.533936007613785e-05,0.014414439759189313,0.01533936007613785,0.01533936007613785,0.0,0.0,1.6485032978539063,1.0537208410955285,19,1.9248655153664853e-05,7,1.6373863110064812,0.09965023399941415,0.0996517625936828,1.648528585227471,False,False,False,False,False,12,12,0.11768058428945843,0.0063290075454310495,1.6394206692280755
1979-06,1.272941872210034,1.3212243209206693,0.038239240677568814,0.0,0.000309426469470617,0.0,0.000309426469470617,0.0379298142080982,0.309426469470617,0.309426469470617,0.0,0.0,1.7130349175692305,0.8059359118091064,19,0.0003938819093592682,13,1.721228828909428,0.09494175362935278,0.0949711402139708,1.7135651399807028,False,False,False,False,False,6,6,0.14004397950554173,0.007112289947376426,1.6373863110064812
1979-07,1.3212243209206693,1.3130771437983801,-0.005466141286870172,0.0,0.0007002431743332394,0.0,0.0007002431743332394,-0.006166384461203411,0.7002431743332393,0.7002431743332393,0.0,0.0,1.4573756986440944,0.9848356664694492,19,0.0009251783124877681,19,1.4423317958674509,0.09992997568256666,0.09999999999999999,1.4583969311405942,False,False,True,False,True,4,0,0.05739271816619561,0.004059108444267151,1.7212288289094286
1979-08,1.3130771437983801,1.3900204167987993,0.0589047259725626,0.0,0.0003070469528494679,0.0,0.0003070469528494679,0.05859767901971313,0.30704695284946787,0.30704695284946787,0.0,0.0,1.5213250026679117,0.7587502193300633,19,0.0004031763358595752,11,1.521560447765398,0.09152275219923117,0.09155086261262711,1.5217922643455488,False,False,False,False,False,8,8,0.12458170275061017,0.009180626613007862,1.4423317958674506
1979-09,1.3900204167987993,1.5284892306340403,0.0998193490432353,0.0,0.00020296056303360593,0.0,0.00020296056303360593,0.0996163884802017,0.20296056303360593,0.20296056303360593,0.0,0.0,1.5174113525736999,0.9622849883173219,19,0.00028211932642169187,7,1.4791520063370323,0.09725859976993638,0.09727834343729139,1.5177193897555716,False,False,False,False,False,12,12,0.09624737401959926,0.005727581020948931,1.521560447765398
1979-10,1.5284892306340403,1.4066154819767704,-0.0791663045649976,0.0,0.0005684728967413839,0.0,0.0005684728967413839,-0.07973477746173899,0.5684728967413839,0.5684728967413839,0.0,0.0,1.6612628791406359,0.7400869684559939,19,0.0008689047005765422,17,1.733193210857789,0.09461547716659659,0.09466929409444291,1.6622077992232462,False,False,False,False,False,2,2,0.15671060105287338,0.008620733884062613,1.4791520063370325
1979-11,1.4066154819767704,1.4542769835529137,0.03477057449916189,0.0,0.0008867575023784878,0.0,0.0008867575023784878,0.0338838169967834,0.8867575023784878,0.8867575023784878,0.0,0.0,1.7191579775783257,0.17332964999729739,19,0.0012473268316046339,7,1.746649787284708,0.08497775079813631,0.08505317233680706,1.720683806853274,False,False,False,False,False,12,12,0.08113875383561613,0.005475926214241411,1.7331932108577892
1979-12,1.4542769835529137,1.5453023759050442,0.06297251074337565,0.0,0.0003810007479770434,0.0,0.0003810007479770434,0.0625915099953986,0.3810007479770434,0.3810007479770434,0.0,0.0,1.7275278557679041,0.5425613297157802,19,0.0005540806184994586,6,1.6757324895018042,0.09364607911258224,0.09368177193776235,1.7281862960393388,False,False,False,False,False,13,13,0.10580117273286223,0.0075679510581012546,1.746649787284708
1980-01,1.5453023759050442,1.678732862390739,0.08685407187166064,0.0,0.0005081964195842031,0.0,0.0005081964195842031,0.08634587545207643,0.5081964195842031,0.5081964195842031,0.0,0.0,1.5878036694211142,0.8917997863286087,19,0.0007853171346099058,10,1.5199253066868408,0.09909626682289746,0.09914665279686259,1.5886109958413128,False,False,False,False,False,9,9,0.09762511514182629,0.00751257038812247,1.6757324895018042
1980-02,1.678732862390739,1.6888081112444808,0.006313859051965198,0.0,0.00031216034250327267,0.0,0.00031216034250327267,0.006001698709461926,0.3121603425032727,0.3121603425032727,0.0,0.0,1.5799100244839288,0.6975421787175059,19,0.0005240338252953924,19,1.5308871121799952,0.09982572161848287,0.09985689298039693,1.580403363739247,False,False,False,False,False,0,0,0.15983220167793025,0.008649624686308992,1.5199253066868406
1980-03,1.6888081112444808,1.6472138110513894,-0.023827619686726455,0.0,0.0008017623704455791,0.0,0.0008017623704455791,-0.024629382057172033,0.8017623704455791,0.8017623704455791,0.0,0.0,1.5259190976526937,-0.10021361615777742,19,0.0013540227944990962,19,1.3871990824400269,0.09991982376295544,0.1,1.5271435038483498,False,False,True,False,True,9,0,0.08905297560728791,0.007669931598075713,1.5308871121799947
1980-04,1.6472138110513894,1.584307929975204,-0.038140783381323165,0.0,4.847939327279377e-05,0.0,4.847939327279377e-05,-0.03818926277459596,0.04847939327279377,0.04847939327279377,0.0,0.0,1.4356784757128207,-0.13008309581677704,19,7.985592615033771e-05,9,1.5136528135329321,0.09296948404855084,0.09297399137124267,1.4357480799086273,False,False,False,False,False,10,10,0.10895368485950871,0.008049305678185365,1.3871990824400267
1980-05,1.584307929975204,1.6137260540785698,0.01906417928038357,0.0,0.0004957409441403422,0.0,0.0004957409441403422,0.018568438336243227,0.4957409441403422,0.4957409441403422,0.0,0.0,1.5338894855397605,-0.019172817729347397,19,0.0007854063090149388,9,1.5557197082322356,0.09475984545914007,0.09480684509403794,1.534650274515774,False,False,False,False,False,10,10,0.08116156606497194,0.007352202616400851,1.513652813532932
1980-06,1.6137260540785698,1.5703548180708156,-0.026489249769975878,0.0,0.0003872054363689858,0.0,0.0003872054363689858,-0.026876455206344862,0.3872054363689858,0.3872054363689858,0.0,0.0,1.4755264451128427,-0.014508648237671153,19,0.0006248435009494943,19,1.5758124446957893,0.09996127945636306,0.09999999999999995,1.476097998282391,False,False,True,False,True,14,0,0.07032140299452419,0.004177099040318577,1.5557197082322358
1980-07,1.5703548180708156,1.513799082836138,-0.035278376998835834,0.0,0.0007362450368109905,0.0,0.0007362450368109905,-0.03601462203564682,0.7362450368109905,0.7362450368109905,0.0,0.0,1.4522672581321938,-0.44009653611853067,19,0.001156165940836864,19,1.5689889167243212,0.09992637549631883,0.09999999999999994,1.4533372704844005,False,False,True,False,True,8,0,0.07119352114360408,0.004695657490333998,1.575812444695789
1980-08,1.513799082836138,1.553166763830205,0.02696745353837616,0.0,0.0009615710930580785,0.0,0.0009615710930580785,0.02600588244531808,0.9615710930580785,0.9615710930580785,0.0,0.0,1.6042958435814514,0.37628860206911763,19,0.001455625438753062,15,1.5810257759083013,0.09622912504372796,0.09632174524959287,1.6058399728794495,False,False,False,False,False,4,4,0.10240527354170975,0.007627425193266803,1.568988916724321
1980-09,1.553166763830205,1.5977560994020685,0.029595579031489436,0.0,0.0008869196587485713,0.0,0.0008869196587485713,0.028708659372740863,0.8869196587485713,0.8869196587485713,0.0,0.0,1.6230051129261671,-0.13879824210841474,19,0.0013775341361559083,10,1.5863660824307317,0.0899363962330255,0.09001623340003449,1.6244458658992058,False,False,False,False,False,9,9,0.09178106379149693,0.006672448779317939,1.5810257759083015
1980-10,1.5977560994020685,1.6262513661233304,0.017858743592631725,0.0,2.4190038477973548e-05,0.0,2.4190038477973548e-05,0.01783455355415375,0.024190038477973547,0.024190038477973547,0.0,0.0,1.6070146580554199,-0.13034513115845314,19,3.864978152295296e-05,6,1.5956079237354082,0.09030795848080148,0.09031014308663769,1.607053532742213,False,False,False,False,False,13,13,0.10217759327870826,0.007253827016485239,1.586366082430732
1980-11,1.6262513661233304,1.6308693082187857,0.003400484777345867,0.0,0.0005608609703181229,0.0,0.0005608609703181229,0.002839623807027744,0.5608609703181229,0.5608609703181229,0.0,0.0,1.5460091746136546,0.4057402014469741,19,0.000912100919185104,19,1.5242430591050478,0.09994391390296813,0.09999999999999994,1.5468767574127797,False,False,True,False,True,10,0,0.09415787000238218,0.00672208802712037,1.595607923735408
1980-12,1.6308693082187857,1.5708834845674668,-0.03675608095554271,0.0,2.5421614295067846e-05,0.0,2.5421614295067846e-05,-0.03678150256983778,0.025421614295067847,0.025421614295067847,0.0,0.0,1.5404296308123313,0.387670212707586,19,4.145933051920209e-05,8,1.4861332038883106,0.09864166336591447,0.09864417105998362,1.5404687920157956,False,False,False,False,False,11,11,0.10285004214234449,0.0066429465650726174,1.5242430591050478
1981-01,1.5708834845674668,1.5182450854623262,-0.033027268313209734,0.0,0.0004815180622702065,0.0,0.0004815180622702065,-0.03350878637547994,0.4815180622702065,0.4815180622702065,0.0,0.0,1.5626677132245554,-0.09879266849499077,19,0.0007564087715411965,13,1.545833497614809,0.08914190520203527,0.08918484931786268,1.5634205284479272,False,False,False,False,False,6,6,0.1182832326292993,0.006856671697673661,1.4861332038883108
1981-02,1.5182450854623262,1.5491702697402852,0.021653001207082533,0.0,0.0012839681872642546,0.0,0.0012839681872642546,0.020369033019818277,1.2839681872642545,1.2839681872642545,0.0,0.0,1.7206454657984425,-0.6758622106079886,23,0.0019493783902039261,23,1.6411884644278476,0.0998716031812735,0.09999999999999992,1.7228575600967946,False,False,True,False,True,0,0,0.07951604788492714,0.00305000659006849,1.545833497614809
1981-03,1.5491702697402852,1.5376285274647978,-0.006894827394450777,0.0,0.0005554461493491568,0.0,0.0005554461493491568,-0.007450273543799933,0.5554461493491567,0.5554461493491567,0.0,0.0,1.6571049225467664,-0.7302672979528917,23,0.0008604806610134359,8,1.6761228608039151,0.09541554957051142,0.09546857722411439,1.6580258666299073,False,False,False,False,False,15,15,0.08749040460637764,0.005633913231871717,1.6411884644278474
1981-04,1.5376285274647978,1.521628107823485,-0.009551155299182264,0.0,0.0008547518204611367,0.0,0.0008547518204611367,-0.010405907119643402,0.8547518204611366,0.8547518204611366,0.0,0.0,1.8642094977812067,-0.049620981201846874,23,0.001314290783043513,22,1.8275077412953753,0.08199965510205591,0.08206980441678605,1.8658042974010345,False,False,False,False,False,1,1,0.15993764794991877,0.008445780176000547,1.6761228608039151
1981-05,1.521628107823485,1.534981748773142,0.00915326882260131,0.0,0.00037737878679093106,0.0,0.00037737878679093106,0.00877589003581038,0.37737878679093106,0.37737878679093106,0.0,0.0,1.8584837522058895,-0.42332927492297573,23,0.0005742301692774068,14,1.8059678656063176,0.09229132659789516,0.09232616853536608,1.8591853693249847,False,False,False,False,False,9,9,0.158776128388813,0.008161591882642533,1.8275077412953753
1981-06,1.534981748773142,1.5762933041098606,0.027427150064233685,0.0,0.0005137646967938306,0.0,0.0005137646967938306,0.026913385367439854,0.5137646967938306,0.5137646967938306,0.0,0.0,1.7745568281069837,-0.8908946316823402,23,0.0007886194327424973,23,1.6331740386249363,0.09994862353032061,0.09999999999999999,1.7754690014001548,False,False,True,False,True,17,0,0.061498414747820564,0.0033353356263741943,1.8059678656063176
1981-07,1.5762933041098606,1.5990133612721993,0.014833774354540412,0.0,0.0004201768958053762,0.0,0.0004201768958053762,0.014413597458735036,0.4201768958053762,0.4201768958053762,0.0,0.0,1.5027776280411032,-1.0572880701268477,23,0.0006623220273996811,23,1.468922861842503,0.09995798231041943,0.09999999999999996,1.5034093259047867,False,False,True,False,True,11,0,0.06214964763669774,0.003169406039887338,1.6331740386249363
1981-08,1.5990133612721993,1.6537490771513812,0.03474965680729017,0.0,0.0005187259064793299,0.0,0.0005187259064793299,0.03423093090081084,0.5187259064793299,0.5187259064793299,0.0,0.0,1.2566131559264269,-1.2043295983100655,23,0.0008294496552984818,23,1.1776263074275275,0.09994812740935202,0.09999999999999995,1.2572653320254668,False,False,True,False,True,5,0,0.03227192000952918,0.0018330031079469157,1.4689228618425028
1981-09,1.6537490771513812,1.673324876664529,0.011855555086110275,0.0,1.833033199726301e-05,0.0,1.833033199726301e-05,0.011837224754113012,0.01833033199726301,0.01833033199726301,0.0,0.0,1.1959566394247907,-1.14919956686348,23,3.0313769624352135e-05,9,1.1713014894662617,0.09477545285920547,0.09477719015656681,1.1959785621088959,False,False,False,False,False,14,14,0.07052561970303081,0.006054439222324523,1.1776263074275277
1981-10,1.673324876664529,1.661054185547895,-0.007104129993729185,0.0,0.0002289894069058499,0.0,0.0002289894069058499,-0.007333119400635035,0.22898940690584987,0.22898940690584987,0.0,0.0,1.2471799883862245,-1.031064633156094,23,0.0003831736710682149,20,1.2767231866043862,0.09027309064017801,0.09029376695632063,1.2474656448043637,False,False,False,False,False,3,3,0.12171709829982907,0.009903164405773327,1.171301489466262
1981-11,1.661054185547895,1.6535258218242888,-0.004507248346138656,0.0,2.503229172813897e-05,0.0,2.503229172813897e-05,-0.0045322806378667955,0.02503229172813897,0.02503229172813897,0.0,0.0,1.2936154311600847,-1.0640114307488597,23,4.157999294888119e-05,17,1.3041021122462462,0.09090779164229851,0.09091006732962492,1.2936478141295615,False,False,False,False,False,6,6,0.1279341709467681,0.0098509816261822,1.2767231866043862
1981-12,1.6535258218242888,1.7352064341133204,0.049977288809021095,0.0,0.0005794437854000896,0.0,0.0005794437854000896,0.049397845023621004,0.5794437854000896,0.5794437854000896,0.0,0.0,1.3166860357412844,-0.7616600994499363,23,0.00095812526145466,14,1.2082141828152735,0.09297752932493693,0.0930314358122652,1.3174494236223813,False,False,False,False,False,9,9,0.08687353259597477,0.008164502703662571,1.3041021122462464
1982-01,1.7352064341133204,1.7265395926630063,-0.004757787198624387,0.0,0.00023691618647626612,0.0,0.00023691618647626612,-0.004994703385100653,0.2369161864762661,0.2369161864762661,0.0,0.0,1.344294439267644,-0.6788246631959136,23,0.0004110984911192082,21,1.3723451542092608,0.09002498297247913,0.09004631640236742,1.3446129998518552,False,False,False,False,False,2,2,0.13837560238015978,0.010287284981748605,1.2082141828152735
1982-02,1.7265395926630063,1.7956751857636801,0.04015913597350814,0.0,0.00011627023531827766,0.0,0.00011627023531827766,0.04004286573818986,0.11627023531827767,0.11627023531827767,0.0,0.0,1.4211366747259504,-0.7840292159559769,23,0.000200745164725251,15,1.3166409610301346,0.09334294339218152,0.09335379766020332,1.4213019298357907,False,False,False,False,False,8,8,0.13605883744659986,0.008522111024808267,1.372345154209261
1982-03,1.7956751857636801,1.8157467145321196,0.011819091703213958,0.0,0.0006413859981016738,0.0,0.0006413859981016738,0.011177705705112284,0.6413859981016737,0.6413859981016737,0.0,0.0,1.4105765261589507,-1.1161914932438561,23,0.0011517209212874465,20,1.3876624179768282,0.09150070680379149,0.09155943174130451,1.4114818308418275,False,False,False,False,False,3,3,0.11080881679355006,0.009258413394223702,1.3166409610301342
1982-04,1.8157467145321196,1.8083527126154468,-0.004043954599315774,0.0,2.8200320473330874e-05,0.0,2.8200320473330874e-05,-0.004072154919789105,0.028200320473330872,0.028200320473330872,0.0,0.0,1.4158627384501594,-1.1203648285610004,23,5.12046392482034e-05,15,1.4366138338818408,0.0915622323021353,0.09156481445924713,1.415902667359138,False,False,False,False,False,8,8,0.1272178079682676,0.009129964224702929,1.3876624179768282
1982-05,1.8083527126154468,1.8764735411908455,0.03845017169951052,0.0,0.0007800711156071012,0.0,0.0007800711156071012,0.03767010058390342,0.7800711156071012,0.7800711156071012,0.0,0.0,1.6378465429888847,-0.6310656912523159,23,0.0014106437179410593,20,1.5394237871942313,0.08965785923892373,0.08972785334558406,1.6391251771944784,False,False,False,False,False,3,3,0.139884337796157,0.010648607581030404,1.4366138338818408
1982-06,1.8764735411908455,1.9384537748513841,0.033754517769897366,0.0,0.0007243511834796503,0.0,0.0007243511834796503,0.03303016658641771,0.7243511834796503,0.7243511834796503,0.0,0.0,1.5767420271383408,-1.0197909827634923,23,0.0013592258303298393,17,1.4779332217022796,0.09090939004251082,0.09097528810011354,1.5778849699837434,False,False,False,False,False,6,6,0.12080393313959605,0.009865460011010234,1.5394237871942311
1982-07,1.9384537748513841,1.9526895516906768,0.007435829235410059,0.0,9.194669150768522e-05,0.0,9.194669150768522e-05,0.007343882543902374,0.09194669150768522,0.09194669150768522,0.0,0.0,1.5698799132099654,-1.036856777617393,23,0.00017823441123816813,19,1.5522330561463993,0.09051000828499525,0.09051833114606493,1.5700242717473394,False,False,False,False,False,4,4,0.14634558593188934,0.009564963722858083,1.47793322170228
1982-08,1.9526895516906768,2.0159952343194987,0.03333669154476747,0.0,0.0009169540734368244,0.0,0.0009169540734368244,0.032419737471330645,0.9169540734368244,0.9169540734368244,0.0,0.0,1.783099153142145,-0.4122528630061561,23,0.0017905266385802926,23,1.7174417386662886,0.09004382653885785,0.09012646837115526,1.7847356737882332,False,False,False,False,False,0,0,0.15651400948188754,0.01028984608578291,1.552233056146399
1982-09,2.0159952343194987,2.0959943187501304,0.0402454851055348,0.0,0.0005633057686200714,0.0,0.0005633057686200714,0.03968217933691473,0.5633057686200714,0.5633057686200714,0.0,0.0,1.713997975821822,-0.9160971673847892,23,0.0011356217450027462,12,1.604371039646309,0.09585289382260517,0.09590691874318379,1.7149640249500522,False,False,False,False,False,11,11,0.13060652961054664,0.007124462060092517,1.7174417386662886
1982-10,2.0959943187501304,2.090079360809514,-0.0021084521186555787,0.0,0.000713577448744972,0.0,0.000713577448744972,-0.002822029567400551,0.713577448744972,0.713577448744972,0.0,0.0,1.6673520992092767,-0.5291387398441492,23,0.0014956542785576738,19,1.6845867570188109,0.09223698538820664,0.09230285062086457,1.6685427336762955,False,False,False,False,False,4,4,0.13894544390495778,0.009021975401426626,1.6043710396463091
1982-11,2.090079360809514,1.9912724640575135,-0.04711916659963023,0.0,0.00015506547246268483,0.0,0.00015506547246268483,-0.047274232072092914,0.15506547246268482,0.15506547246268482,0.0,0.0,1.7782647566636867,-0.5413115900202556,23,0.0003240991435684336,17,1.9225286425162544,0.0918299075392052,0.09184414939562416,1.7785405468938849,False,False,False,False,False,6,6,0.17217910658347332,0.009164554236471901,1.6845867570188109
1982-12,1.9912724640575135,1.9762303030075277,-0.00692024624450294,0.0,0.000633798378469047,0.0,0.000633798378469047,-0.007554044622971988,0.633798378469047,0.633798378469047,0.0,0.0,1.7874379283797053,-1.0763451699896212,23,0.0012620652588097158,23,1.8098166688643618,0.09993662016215309,0.09999999999999999,1.7885715221101945,False,False,True,False,True,13,0,0.07591139831054966,0.0030043079097352037,1.9225286425162549
1983-01,1.9762303030075277,1.9887810537108666,0.006476704382608318,0.0,0.00012585008984769991,0.0,0.00012585008984769991,0.006350854292760618,0.1258500898476999,0.1258500898476999,0.0,0.0,1.846907625531262,-1.024610296433921,23,0.0002487087611932446,10,1.8544685223793314,0.09429395439207044,0.09430582278834151,1.847140088277333,False,False,False,False,False,13,13,0.13282004113699286,0.006748921903184784,1.8098166688643618
1983-02,1.9887810537108666,2.035836502462268,0.023819327551727037,0.0,0.00015888053389138853,0.0,0.00015888053389138853,0.023660447017835647,0.15888053389138854,0.15888053389138854,0.0,0.0,1.9177082322731036,-0.9672018020489703,23,0.00031597859560666074,14,1.8252132160903194,0.09423914880055367,0.09425412394608769,1.9180129671973425,False,False,False,False,False,9,9,0.16641375319259896,0.007353253342295998,1.8544685223793314
1983-03,2.035836502462268,1.9185278715578937,-0.05701017421964056,0.0,0.000611658752945408,0.0,0.000611658752945408,-0.05762183297258597,0.611658752945408,0.611658752945408,0.0,0.0,1.9113613478258422,-0.38057390230063554,23,0.001245237216296812,16,2.0799433130380853,0.09242717597495861,0.09248374446676688,1.9125311642527383,False,False,False,False,False,7,7,0.15327319201431652,0.008185631518644902,1.8252132160903198
1983-04,1.9185278715578937,1.9206836082480505,0.00135244424372649,0.0,0.00022880318428937128,0.0,0.00022880318428937128,0.0011236410594371187,0.22880318428937127,0.22880318428937127,0.0,0.0,2.095037386422474,-0.2559723263914527,23,0.000438965286160356,9,2.1015176514951937,0.09225036454016113,0.09227147654781435,2.09551684734988,False,False,False,False,False,14,14,0.15012375619312202,0.007151308766369996,2.0799433130380844
1983-05,1.9206836082480505,1.9404087113698034,0.010755660538226238,0.0,0.00048582586215210086,0.0,0.00048582586215210086,0.010269834676074138,0.48582586215210083,0.48582586215210083,0.0,0.0,2.160447493562174,-0.4600192454533565,23,0.000933117769898517,7,2.1436421352322075,0.09343312984990759,0.09347854414420917,2.1614976049996626,False,False,False,False,False,16,16,0.11029625883398297,0.005209288386997282,2.101517651495194
1983-06,1.9404087113698034,1.9007575432029509,-0.0202165780190144,0.0,0.00021786341310089797,0.0,0.00021786341310089797,-0.0204344414321153,0.21786341310089796,0.21786341310089796,0.0,0.0,2.1264657395409383,-0.27722914286323525,23,0.00042274406466974055,9,2.147257058433003,0.09244787401653361,0.092468019414846,2.1269291195783535,False,False,False,False,False,14,14,0.14508779614206693,0.005497346111542689,2.1436421352322075
1983-07,1.9007575432029509,1.8259957883848668,-0.039001974334610084,0.0,0.0003306354900515819,0.0,0.0003306354900515819,-0.03933260982466166,0.3306354900515819,0.3306354900515819,0.0,0.0,2.1637426427433004,-0.14103883646182608,23,0.0006284579017661485,5,2.2802269069266967,0.09146244126509978,0.09149269199615408,2.1644582894705358,False,False,False,False,False,18,18,0.1256194414407479,0.00563009829612229,2.147257058433003
1983-08,1.8259957883848668,1.9310935934061217,0.058264965991035984,0.0,0.000708532570005813,0.0,0.000708532570005813,0.05755643342103017,0.7085325700058129,0.7085325700058129,0.0,0.0,2.2467963734975487,0.5211203473804819,23,0.0012937774887641202,5,2.1742840184632084,0.08725964194305247,0.08732151207842219,2.2483894306392136,False,False,False,False,False,18,18,0.10369237882987292,0.004695706665303447,2.280226906926697
1983-09,1.9310935934061217,1.9124640069301408,-0.009294213115314136,0.0,0.000352956001497873,0.0,0.000352956001497873,-0.009647169116812009,0.352956001497873,0.352956001497873,0.0,0.0,2.153179810974384,0.22172572470666058,23,0.000681591073246784,14,2.169897594053225,0.07957340561914748,0.07960150144681137,2.1539400570443843,False,False,False,False,False,9,9,0.18981748885845734,0.006747840626370408,2.174284018463208
1983-10,1.9124640069301408,1.8657670923512768,-0.024205594904720518,0.0,0.00021155198518160454,0.0,0.00021155198518160454,-0.02441714688990212,0.21155198518160453,0.21155198518160453,0.0,0.0,2.181995848815631,0.41708452182877914,23,0.0004045855572544372,6,2.1875112822189866,0.08431651802788181,0.08433435912897456,2.1824575520433402,False,False,False,False,False,17,17,0.153385609502485,0.006763483403681462,2.169897594053225
1983-11,1.8657670923512768,1.8569154881573497,-0.004181415929525468,0.0,0.0005628011971536178,0.0,0.0005628011971536178,-0.004744217126679086,0.5628011971536178,0.5628011971536178,0.0,0.0,2.2052203121346308,0.03416209790845731,23,0.001050055953185123,7,2.2189065374269172,0.08343286443179278,0.08347984698961673,2.206462111652543,False,False,False,False,False,16,16,0.12106596903755155,0.004610245590388467,2.1875112822189866
1983-12,1.8569154881573497,1.8885896675092744,0.01727850562560613,0.0,0.00022108995217891915,0.0,0.00022108995217891915,0.01705741567342721,0.22108995217891914,0.22108995217891914,0.0,0.0,2.198319251937073,0.2420165223156528,23,0.00041054535647700276,5,2.1621835626874906,0.08118361684104639,0.08120156969220649,2.1988053857146515,False,False,False,False,False,18,18,0.13417046486014128,0.005431223243183789,2.2189065374269172
1984-01,1.8885896675092744,1.917939752213007,0.016512372091733202,0.0,0.0009716301250357544,0.0,0.0009716301250357544,0.015540741966697448,0.9716301250357544,0.9716301250357544,0.0,0.0,2.206481083590846,-0.7055984382130206,23,0.0018350106147832703,9,2.1153469554195987,0.09606812862379774,0.09616156209439915,2.208627052169703,False,False,False,False,False,14,14,0.1279457592918339,0.0065766380470713625,2.1621835626874915
1984-02,1.917939752213007,1.8814768900286827,-0.018492214714465438,0.0,0.0005192595209749136,0.0,0.0005192595209749136,-0.01901147423544035,0.5192595209749136,0.5192595209749136,0.0,0.0,2.3286630945336904,-0.38165924224591663,25,0.0009959084769928705,14,2.411410857701427,0.09549147072550329,0.09554108134163417,2.329872903221349,False,False,False,False,False,11,11,0.14630354143242408,0.006309752079325877,2.115346955419599
1984-03,1.8814768900286827,1.915104102022422,0.018227433952596458,0.0,0.0003546595528923223,0.0,0.0003546595528923223,0.017872774399704135,0.3546595528923223,0.3546595528923223,0.0,0.0,2.3028635187131057,-0.6456872411988653,25,0.0006672837525948097,25,2.301995654132299,0.09996453404471074,0.09999999999999996,2.303680541023792,False,False,True,False,True,18,0,0.11033129494640001,0.00390759594702125,2.411410857701427
1984-04,1.915104102022422,1.9786273789789786,0.03382752964915805,0.0,0.0006579087969687023,0.0,0.0006579087969687023,0.033169620852189344,0.6579087969687023,0.6579087969687023,0.0,0.0,2.1201081652178884,-0.07454738255049154,25,0.0012599638358313987,25,1.9948818149285696,0.09993420912030311,0.09999999999999998,2.1215039213105222,False,False,True,False,True,13,0,0.08835917528706932,0.0029837046796768367,2.3019956541322992
1984-05,1.9786273789789786,2.014334384451394,0.0184082731703654,0.0,0.0003619215168056897,0.0,0.0003619215168056897,0.018046351653559712,0.3619215168056897,0.3619215168056897,0.0,0.0,2.1237345467768467,-0.35338020055363295,25,0.0007161078221933382,18,2.0895769584991855,0.0897912302602587,0.08982373940426906,2.124503450288034,False,False,False,False,False,7,7,0.20103896280949068,0.009173288418334707,1.9948818149285699
1984-06,2.014334384451394,2.0354053251341724,0.011000150101786349,0.0,0.0005396521599231028,0.0,0.0005396521599231028,0.010460497941863246,0.5396521599231028,0.5396521599231028,0.0,0.0,2.011112352250089,-0.26306705717272155,25,0.0010870399013765686,25,1.925754696264638,0.09994603478400767,0.09999999999999998,2.0121982393761617,False,False,True,False,True,20,0,0.06252520991468902,0.003350038132829462,2.0895769584991855
1984-07,2.0354053251341724,2.0746114343773545,0.01967576862871879,0.0,0.0004137038404203526,0.0,0.0004137038404203526,0.019262064788298436,0.4137038404203526,0.4137038404203526,0.0,0.0,2.0461786004679365,-0.6071768221674715,25,0.0008420549998200436,21,1.8995609039985304,0.09010681192744534,0.09014410488982952,2.04702546276332,False,False,False,False,False,4,4,0.20328972956489455,0.010210728241489445,1.9257546962646381
1984-08,2.0746114343773545,2.0347906392132247,-0.018657884725784633,0.0,0.000536454273933313,0.0,0.000536454273933313,-0.019194338999717946,0.536454273933313,0.536454273933313,0.0,0.0,2.026361915908119,-1.072684085391288,25,0.0011129341707226527,22,2.0932005366992805,0.09207880212135182,0.0921282247012427,2.027449549884339,False,False,False,False,False,3,3,0.1809017190993017,0.008632089054466635,1.8995609039985304
1984-09,2.0347906392132247,2.1234841855162094,0.04420806300335435,0.0,0.0006195263776505122,0.0,0.0006195263776505122,0.04358853662570384,0.6195263776505122,0.6195263776505122,0.0,0.0,1.9500666734843688,-1.3639419650505844,25,0.0012606064739889393,25,1.8117332851712207,0.0999380473622349,0.09999999999999995,1.951275540151557,False,False,True,False,True,17,0,0.06250848551208246,0.0023569020785465466,2.0932005366992805
1984-10,2.1234841855162094,2.075059445027127,-0.02277719886240309,0.0,2.7181231113145738e-05,0.0,2.7181231113145738e-05,-0.022804380093516236,0.027181231113145736,0.027181231113145736,0.0,0.0,1.8389145162843663,-1.2584335338801953,25,5.771891441162613e-05,7,1.9085378835120996,0.09380533804806057,0.09380788786194078,1.8389645016034932,False,False,False,False,False,18,18,0.1249645935092831,0.006786542159086023,1.8117332851712202
1984-11,2.075059445027127,2.1478612763815117,0.03539503257344178,0.0,0.0003108177434264016,0.0,0.0003108177434264016,0.03508421483001538,0.3108177434264016,0.3108177434264016,0.0,0.0,1.960416307817639,-1.0943176191978927,25,0.0006449652941789729,13,1.8740752882913463,0.09135344013403221,0.09138184323233584,1.9610258294407468,False,False,False,False,False,12,12,0.18222269500306687,0.008916214008468164,1.9085378835121003
1984-12,2.1478612763815117,2.2354263061745625,0.04155359495327328,0.0,0.0007851194674769937,0.0,0.0007851194674769937,0.040768475485796284,0.7851194674769937,0.7851194674769937,0.0,0.0,2.281176695717864,-0.8426999959836412,25,0.0016863277015271084,25,2.147281034036743,0.09030515938041933,0.09037611542803682,2.282969099201295,False,False,False,False,False,0,0,0.22714276155787053,0.010310780430017963,1.8740752882913458
1985-01,2.2354263061745625,2.3091264466161503,0.03349511142587636,0.0,0.0005259456618260808,0.0,0.0005259456618260808,0.03296916576405028,0.5259456618260808,0.5259456618260808,0.0,0.0,2.076296325657188,-1.2421006891346549,25,0.0011757127680644113,25,2.0069279433938347,0.09994740543381737,0.09999999999999998,2.077388919347244,False,False,True,False,True,19,0,0.08017046428218641,0.0032028895495747477,2.147281034036743
1985-02,2.3091264466161503,2.4288942206929125,0.05228707927307663,0.0,0.0004199438668398872,0.0,0.0004199438668398872,0.05186713540623674,0.41994386683988716,0.41994386683988716,0.0,0.0,2.2156533329851156,-1.0056762201837244,25,0.0009697034890142345,23,2.0073989889634962,0.08952962273704629,0.08956723594845264,2.2165841739142853,False,False,False,False,False,2,2,0.22721816073400442,0.010777970970841384,2.0069279433938347
1985-03,2.4288942206929125,2.2530689016526844,-0.07180537972213732,0.0,0.0005836595132020592,0.0,0.0005836595132020592,-0.07238903923533939,0.5836595132020592,0.5836595132020592,0.0,0.0,2.293815208136752,-1.0835192958649211,25,0.0014176472184689204,25,2.5823713151118177,0.09035013739796142,0.09040290191168325,2.2951547970683324,False,False,False,False,False,0,0,0.23423589073010342,0.0099160578422814,2.0073989889634962
1985-04,2.2530689016526844,2.3322634899003942,0.03607457112522797,0.0,0.0009249189376634193,0.0,0.0009249189376634193,0.03514965218756455,0.9249189376634193,0.9249189376634193,0.0,0.0,2.0573703508810546,-1.3342736063106362,25,0.0020839060949990875,25,1.9496702839049913,0.0999075081062336,0.09999999999999994,2.0592750133387487,False,False,True,False,True,3,0,0.0513781079988588,0.002332548537742539,2.5823713151118173
1985-05,2.3322634899003942,2.37824727069191,0.0200610954943279,0.0,0.00034472082626672054,0.0,0.00034472082626672054,0.019716374668061178,0.3447208262667205,0.3447208262667205,0.0,0.0,2.169790240845685,-1.0951822077282074,26,0.0008039797973101691,24,2.1271487513637592,0.08963900862348947,0.08966991971230397,2.170538470660735,False,False,False,False,False,2,2,0.21889666317161555,0.010646572032137513,1.9496702839049913
1985-06,2.37824727069191,2.38686033703408,0.003918899494862056,0.0,0.00029729696079758993,0.0,0.00029729696079758993,0.003621602534064466,0.29729696079758994,0.29729696079758994,0.0,0.0,2.0322317555129112,-1.2446204931941613,26,0.000707045685601868,26,2.010031293821297,0.09997027030392022,0.09999999999999998,2.032836111510663,False,False,True,False,True,19,0,0.06538920819767272,0.002780554132295754,2.1271487513637597
1985-07,2.38686033703408,2.369994959178409,-0.006761824472212875,0.0,0.0003041012520497435,0.0,0.0003041012520497435,-0.0070659257242626184,0.30410125204974353,0.30410125204974353,0.0,0.0,2.050241701801617,-1.3893600896030123,26,0.0007258472169599366,11,2.05005091199647,0.09244343421829894,0.09247155493393333,2.0508653725291888,False,False,False,False,False,15,15,0.1552157884359323,0.008049278102950449,2.0100312938212976
1985-08,2.369994959178409,2.386314148730855,0.008102370144368317,0.0,0.0012166215104965103,0.0,0.0012166215104965103,0.006885748633871806,1.2166215104965103,1.2166215104965103,0.0,0.0,2.2928529988004116,-0.6221081028905611,26,0.002883386847104751,26,2.2538907741460683,0.08719783592189644,0.08730405190940292,2.295645931020575,False,False,False,False,False,0,0,0.20071489678632798,0.009256084751280957,2.05005091199647
1985-09,2.386314148730855,2.2587435037361465,-0.05267962520901014,0.0,0.0007796584576253007,0.0,0.0007796584576253007,-0.053459283666635445,0.7796584576253007,0.7796584576253007,0.0,0.0,2.341443973130351,-1.358203223372265,26,0.0018605100086089307,20,2.532509106641863,0.09247850746311323,0.09255066537212946,2.343270924124852,False,False,False,False,False,6,6,0.19712655839994275,0.008627318746569013,2.2538907741460683
1985-10,2.2587435037361465,2.2533345384266403,-0.0013993190352540588,0.0,0.00099535982073793,0.0,0.00099535982073793,-0.002394678855991989,0.99535982073793,0.99535982073793,0.0,0.0,2.4639776029830966,-0.4961699920376906,26,0.002248262528971775,7,2.5454178444959457,0.09408584346650066,0.09417958604238098,2.466432590884622,False,False,False,False,False,19,19,0.10400607495555723,0.004661754595749062,2.532509106641863
1985-11,2.2533345384266403,2.3392032175252444,0.03845192303734803,0.0,0.000344541450519676,0.0,0.000344541450519676,0.03810738158682836,0.344541450519676,0.344541450519676,0.0,0.0,2.4253416163540797,-0.4246474487683493,26,0.0007763671503755993,26,2.3640307563896257,0.09996554585494799,0.09999999999999995,2.426177535081235,False,False,True,False,True,14,0,0.15324528931802964,0.005064116403021141,2.545417844495946
1985-12,2.3392032175252444,2.4708321775295032,0.05698196495930505,0.0,0.0007111121244173369,0.0,0.0007111121244173369,0.05627085283488771,0.7111121244173368,0.7111121244173368,0.0,0.0,2.4124670568788007,-0.4469199009046381,26,0.0016634357694582463,14,2.334975994814123,0.08929445987945846,0.08935800343911773,2.4141838122582695,False,False,False,False,False,12,12,0.1520331938626298,0.00657161024959797,2.364030756389625
1986-01,2.4708321775295032,2.594748115460534,0.05060790235579229,0.0,0.0004564031734682942,0.0,0.0004564031734682942,0.05015149918232399,0.4564031734682942,0.4564031734682942,0.0,0.0,2.3399875264686365,-0.1460501681043684,26,0.0011276956469320409,9,2.184137119435792,0.08285269684972132,0.08289052834991069,2.341055991852585,False,False,False,False,False,17,17,0.1722197287913458,0.006235863386836826,2.3349759948141227
1986-02,2.594748115460534,2.773179531450425,0.06935275627804577,0.0,0.0005863835705270399,0.0,0.0005863835705270399,0.06876637270751873,0.5863835705270399,0.5863835705270399,0.0,0.0,2.380836100983127,-0.39605076465374206,28,0.001521517664562056,8,2.2792672237448293,0.09828819189205505,0.09834586028875773,2.3822330032774164,False,False,False,False,False,20,20,0.07086106513498618,0.003939601309248081,2.184137119435792
1986-03,2.773179531450425,2.8600054878682144,0.031937551771447296,0.0,0.0006283792375009211,0.0,0.0006283792375009211,0.031309172533946376,0.6283792375009212,0.6283792375009212,0.0,0.0,2.378562015037814,0.17939762754563487,28,0.0017426084394259796,19,2.344273025800099,0.09646005434539326,0.09652070595300306,2.3800575938138233,False,False,False,False,False,9,9,0.17502383756459228,0.0077477723275915485,2.279267223744829
1986-04,2.8600054878682144,2.8582191375216945,-0.00027964724072204045,0.0,0.0003449495840383573,0.0,0.0003449495840383573,-0.0006245968247603977,0.3449495840383573,0.3449495840383573,0.0,0.0,2.3979635095707788,-0.13724647585962765,28,0.0009865577033875597,15,2.444334015637505,0.09798588671385705,0.09801969856810569,2.3987909715185993,False,False,False,False,False,13,13,0.12545453009594382,0.0065241312468231555,2.3442730258000988
1986-05,2.8582191375216945,2.6942735039842454,-0.0559624666692088,0.0,0.0013968979033771433,0.0,0.0013968979033771433,-0.05735936457258595,1.3968979033771434,1.3968979033771434,0.0,0.0,2.3305372253054712,1.1641569678584807,28,0.003992640320596482,28,2.38337856657487,0.09986031020966223,0.09999999999999994,2.3337973018633513,False,False,True,False,True,13,0,0.13850378615587433,0.006095835294122226,2.444334015637505
1986-06,2.6942735039842454,2.767873388316958,0.027873323002287315,0.0,0.0005561689628498548,0.0,0.0005561689628498548,0.02731715403943746,0.5561689628498547,0.5561689628498547,0.0,0.0,2.3046248784445247,1.2473453188709847,28,0.0014984713003447618,28,2.288743455158581,0.09994438310371502,0.1,2.3059073525452174,False,False,True,False,True,19,0,0.11908532900528658,0.0055080382795603825,2.38337856657487
1986-07,2.767873388316958,2.861813562584444,0.03418136328573555,0.0,0.00024188662325444563,0.0,0.00024188662325444563,0.03393947666248111,0.24188662325444563,0.24188662325444563,0.0,0.0,2.251255932066865,1.0192603586009101,28,0.0006695115474958299,28,2.194154059436975,0.09997581133767452,0.09999999999999996,2.251800612513268,False,False,True,False,True,14,0,0.13210115198093755,0.005703465941786504,2.288743455158581
1986-08,2.861813562584444,3.1218305620488596,0.09121924288497708,0.0,0.0003618219600447272,0.0,0.0003618219600447272,0.09085742092493236,0.3618219600447272,0.3618219600447272,0.0,0.0,2.1844786451442793,1.313317626304593,28,0.0010354669924968873,28,2.078822562059917,0.0999638178039955,0.09999999999999998,2.1852693235741607,False,False,True,False,True,13,0,0.12373500067013435,0.0059184269741904974,2.194154059436974
1986-09,3.1218305620488596,3.079463242552561,-0.013406728983566103,0.0,0.00016457754771880969,0.0,0.00016457754771880969,-0.013571306531284914,0.16457754771880967,0.16457754771880967,0.0,0.0,2.1525998454697426,1.1648784028392494,28,0.0005137832182956347,13,2.188727888140031,0.0974635430875148,0.0974795860387377,2.1529541733879496,False,False,False,False,False,15,15,0.14469904085926905,0.005747101862760273,2.0788225620599166
1986-10,3.079463242552561,3.020272831998601,-0.01894423644353729,0.0,0.0002767790035890448,0.0,0.0002767790035890448,-0.019221015447126334,0.2767790035890448,0.2767790035890448,0.0,0.0,2.188812033308749,0.9416721777874749,28,0.0008523307678627869,11,2.242890799307552,0.0944427735116909,0.09446892052538405,2.189418018246279,False,False,False,False,False,17,17,0.17480485884862798,0.007324945348280757,2.1887278881400314
1986-11,3.020272831998601,3.0454193114562442,0.008454805269535504,0.0,0.00012890861833695388,0.0,0.00012890861833695388,0.008325896651198551,0.12890861833695388,0.12890861833695388,0.0,0.0,2.2481926556097225,1.0596770941002467,28,0.0003893391977735785,7,2.259427054843195,0.09153970346883616,0.0915515052468842,2.248482504382717,False,False,False,False,False,21,21,0.1439870658011711,0.006696676068536535,2.2428907993075518
1986-12,3.0454193114562442,3.1004445359064334,0.01837896203046334,0.0,0.00031076884498120784,0.0,0.00031076884498120784,0.01806819318548213,0.3107688449812078,0.3107688449812078,0.0,0.0,2.2301512072191336,1.3286575011567028,28,0.0009464214419047223,8,2.1706569910372906,0.09822801115026752,0.09825854684538018,2.230844484182816,False,False,False,False,False,20,20,0.1097613272982291,0.00472671926848077,2.2594270548431945
1987-01,3.1004445359064334,3.224847799432688,0.04036969220243357,0.0,0.0002453609700786792,0.0,0.0002453609700786792,0.04012433123235489,0.24536097007867919,0.24536097007867919,0.0,0.0,2.2046669776868266,1.1001171780516068,28,0.0007607280790051428,15,2.1975214622185897,0.08949413852406286,0.08951610228175638,2.2052080496731197,False,False,False,False,False,13,13,0.17261599881181927,0.007297065718862429,2.17065699103729
1987-02,3.224847799432688,3.270917707273169,0.014619866652636905,0.0,0.00033394970220418466,0.0,0.00033394970220418466,0.01428591695043272,0.33394970220418463,0.33394970220418463,0.0,0.0,2.12914849507515,1.3165518233163518,29,0.0010769369622743664,29,2.096125535685139,0.09996660502977957,0.09999999999999999,2.1298597611081087,False,False,True,False,True,20,0,0.1169579281588149,0.004159192922610531,2.1975214622185892
1987-03,3.270917707273169,3.3407147485091357,0.02150049529120787,0.0,0.000161822942231753,0.0,0.000161822942231753,0.02133867234897612,0.161822942231753,0.161822942231753,0.0,0.0,2.1414666300606564,1.1779091636223622,29,0.0005293095271888841,16,2.14425381041856,0.09175050884960001,0.09176535858992199,2.1418132245783688,False,False,False,False,False,13,13,0.1488603470814166,0.006376239364950435,2.096125535685139
1987-04,3.3407147485091357,3.463817862787394,0.03720771892901461,0.0,0.0003583847159706345,0.0,0.0003583847159706345,0.036849334213043976,0.3583847159706345,0.3583847159706345,0.0,0.0,2.0676150632935952,1.3360258455632665,29,0.0011972611062833563,29,2.0699552139204305,0.09996416152840286,0.09999999999999992,2.0683563305896597,False,False,True,False,True,18,0,0.11995867778679753,0.004502606261003288,2.14425381041856
1987-05,3.463817862787394,3.4837858749144175,0.0063679986839145115,0.0,0.00060325789267831,0.0,0.00060325789267831,0.0057647407912362015,0.60325789267831,0.60325789267831,0.0,0.0,1.9996921592789398,1.0243819702151187,29,0.002089575464526611,29,1.981093862356254,0.0999396742107321,0.09999999999999994,2.000899217524365,False,False,True,False,True,16,0,0.11032564131643723,0.004153929257319541,2.06995521392043
1987-06,3.4837858749144175,3.5377781813203826,0.015933945292458982,0.0,0.00043577509929463795,0.0,0.00043577509929463795,0.015498170193164344,0.4357750992946379,0.4357750992946379,0.0,0.0,2.0068401783818888,1.4234326863584734,29,0.0015181471355620875,13,1.9727208913367769,0.09901554462741566,0.09905871194745056,2.007715090624861,False,False,False,False,False,16,16,0.11365421556000621,0.004031060824567189,1.9810938623562535
1987-07,3.5377781813203826,3.6972801105433564,0.04561127178914209,0.0,0.0005259326163384642,0.0,0.0005259326163384642,0.04508533917280362,0.5259326163384642,0.5259326163384642,0.0,0.0,1.946256442448684,1.0726120395260579,29,0.0018606329349269625,29,1.8696657469073596,0.09994740673836615,0.09999999999999999,1.9472805808192992,False,False,True,False,True,18,0,0.09965722061438492,0.0035492718763485754,1.9727208913367766
1987-08,3.6972801105433564,3.789372593037663,0.025157842060695518,0.0,0.00024967180015966035,0.0,0.00024967180015966035,0.024908170260535857,0.24967180015966037,0.24967180015966037,0.0,0.0,2.033807543083309,1.0253099150686829,29,0.0009231065808938678,20,1.9994263241003076,0.09270621094280322,0.09272936284975358,2.0343154542848727,False,False,False,False,False,9,9,0.19041527296052063,0.007840001416143752,1.8696657469073592
1987-09,3.789372593037663,3.847794323324094,0.015701149702914717,0.0,0.0002838929270116226,0.0,0.0002838929270116226,0.015417256775903094,0.28389292701162255,0.28389292701162255,0.0,0.0,2.128995675193784,1.065675050804332,29,0.0010757760769750844,22,2.091103415853934,0.08735572684868256,0.08738053356411991,2.1296002536431557,False,False,False,False,False,7,7,0.20179623319850062,0.008484073959144077,1.9994263241003079
1987-10,3.847794323324094,3.7466876260567457,-0.02601059917834113,0.0,0.000265934537214331,0.0,0.000265934537214331,-0.02627653371555546,0.265934537214331,0.265934537214331,0.0,0.0,2.10628100135118,1.3255747636135244,29,0.001023261402669123,6,2.1685526438098064,0.09534861218812099,0.09537397542213717,2.1068412832128156,False,False,False,False,False,23,23,0.14743574349824848,0.006028212399680352,2.091103415853934
1987-11,3.7466876260567457,4.014884551686151,0.07196041966719777,0.0,0.00037801077775604665,0.0,0.00037801077775604665,0.07158240888944171,0.37801077775604663,0.37801077775604663,0.0,0.0,2.186671442764073,0.9677453282223711,29,0.0014162883035346665,8,2.126564678636338,0.08399315773728686,0.08402492006267064,2.187498340713186,False,False,False,False,False,21,21,0.14218686430633842,0.006125590780636528,2.168552643809807
1987-12,4.014884551686151,4.083643386473521,0.01752956285584359,0.0,0.0004035822947107961,0.0,0.0004035822947107961,0.017125980561132792,0.4035822947107961,0.4035822947107961,0.0,0.0,2.1129520929717045,1.0565077730513215,29,0.001620336320368423,14,2.0932291900294078,0.09805268345865643,0.09809227176278786,2.1138051873197745,False,False,False,False,False,15,15,0.14499311591476655,0.005617377342133638,2.126564678636338
1988-01,4.083643386473521,3.9185625238804227,-0.040244370275748176,0.0,0.0001805265553279135,0.0,0.0001805265553279135,-0.04042489683107609,0.1805265553279135,0.1805265553279135,0.0,0.0,2.128710276726182,1.2137449045243858,29,0.0007372060737476802,16,2.2169822417818894,0.09436688747497834,0.09438392628006802,2.129094634846578,False,False,False,False,False,13,13,0.15906506481262678,0.007704179558767161,2.0932291900294073
1988-02,3.9185625238804227,3.8957047965387024,-0.00503565102430235,0.0,0.0007975409185136868,0.0,0.0007975409185136868,-0.005833191942816037,0.7975409185136868,0.7975409185136868,0.0,0.0,2.132042672295632,1.2212298058370394,30,0.003125213954548903,30,2.141327031015904,0.09992024590814863,0.1,2.1337444207808547,False,False,True,False,True,16,0,0.08239938950554869,0.0036135956052214383,2.2169822417818885
1988-03,3.8957047965387024,4.010943997597939,0.030217054475863266,0.0,0.0006359627151052502,0.0,0.0006359627151052502,0.029581091760758016,0.6359627151052502,0.6359627151052502,0.0,0.0,2.1983154334960404,0.9557017707781621,30,0.0024775229996552993,10,2.15893833423152,0.09171515143143658,0.09177351596582496,2.1997143698191266,False,False,False,False,False,20,20,0.10492307232444066,0.0035503401065580358,2.1413270310159045
1988-04,4.010943997597939,4.013355268343258,0.0012329268480431176,0.0,0.0006317539703456946,0.0,0.0006317539703456946,0.000601172877697423,0.6317539703456946,0.6317539703456946,0.0,0.0,2.203894568357406,0.9488389737327473,30,0.00253392979531673,14,2.2115289824758806,0.0860634403879689,0.08611784567889415,2.2052877676603804,False,False,False,False,False,16,16,0.1428599364189199,0.005016800078512089,2.15893833423152
1988-05,4.013355268343258,4.061892208725993,0.012647416231651153,0.0,0.0005535603087559661,0.0,0.0005535603087559661,0.012093855922895186,0.5535603087559662,0.5535603087559662,0.0,0.0,2.233161726490382,0.5310257038060441,30,0.002221634181491477,9,2.2767223455728973,0.08033989411066765,0.08038439171936698,2.2343986008697634,False,False,False,False,False,21,21,0.13884777838269313,0.00479699968243945,2.2115289824758806
1988-06,4.061892208725993,4.59841176810128,0.13286792624155785,0.0,0.000781811739871947,0.0,0.000781811739871947,0.13208611450168592,0.781811739871947,0.781811739871947,0.0,0.0,2.2263419886170768,1.0238012823187033,30,0.0031756350148763744,18,2.080922867648394,0.09586932209112455,0.0959443324966446,2.2280839307915894,False,False,False,False,False,12,12,0.14608716186714543,0.005245690037220535,2.2767223455728978
1988-07,4.59841176810128,4.411850233201147,-0.03944453157893503,0.0,0.001126331646992548,0.0,0.001126331646992548,-0.04057086322592758,1.126331646992548,1.126331646992548,0.0,0.0,1.857108927962948,0.6937668267457603,30,0.0051793367003154294,30,1.866233720785019,0.09988736683530071,0.09999999999999996,1.8592030071480825,False,False,True,False,True,11,0,0.1351605001137039,0.006056315127510451,2.0809228676483937
1988-08,4.411850233201147,4.553991041408843,0.03238531679929217,0.0,0.00016735818908746746,0.0,0.00016735818908746746,0.032217958610204704,0.16735818908746747,0.16735818908746747,0.0,0.0,1.894528866273831,0.6648091648893483,30,0.000738359265553665,12,1.82230775093327,0.09446050524455263,0.09447631662981544,1.8948459842663574,False,False,False,False,False,18,18,0.14605766746193755,0.006356432637353513,1.866233720785019
1988-09,4.553991041408843,4.643367086452714,0.019729974207282674,0.0,0.00010410225646291399,0.0,0.00010410225646291399,0.01962587195081976,0.10410225646291399,0.10410225646291399,0.0,0.0,1.876669250882546,0.6109362559596478,30,0.00047408074332255616,18,1.8250842257081288,0.09370545035784457,0.09371520632228761,1.8768646367263047,False,False,False,False,False,12,12,0.18445369258835514,0.007701552301721201,1.8223077509332697
1988-10,4.643367086452714,4.544612526297934,-0.021043762937704876,0.0,0.00022411408259395945,0.0,0.00022411408259395945,-0.021267877020298837,0.22411408259395946,0.22411408259395946,0.0,0.0,1.9037733715762406,0.7609130666639208,30,0.0010406439547273364,23,1.9901764765039625,0.09221678522547001,0.09223745693851258,1.9042001296413704,False,False,False,False,False,7,7,0.1798144477352609,0.008372095792420148,1.825084225708129
1988-11,4.544612526297934,4.466228758517163,-0.016866725200728495,0.0,0.0003808987335880649,0.0,0.0003808987335880649,-0.017247623934316562,0.3808987335880649,0.3808987335880649,0.0,0.0,1.9989382289076079,1.0160708241848164,30,0.0017310371559153394,11,2.0548508049097993,0.09456143402280356,0.09459746607783324,1.999699912071672,False,False,False,False,False,19,19,0.12759682987585136,0.006473008505332517,1.9901764765039633
1988-12,4.466228758517163,4.459941818867568,-0.001288446148907974,0.0,0.00011921565919032066,0.0,0.00011921565919032066,-0.0014076618080982946,0.11921565919032065,0.11921565919032065,0.0,0.0,2.045009865845863,0.9414424867967441,30,0.000532444405541391,8,2.0640894908227896,0.09616332484000743,0.09617479038104021,2.0452536921129796,False,False,False,False,False,22,22,0.100228981029086,0.006416673291185124,2.0548508049097993
1989-01,4.459941818867568,4.529545957569941,0.01631222534859772,0.0,0.0007057126340336315,0.0,0.0007057126340336315,0.015606512714564088,0.7057126340336315,0.7057126340336315,0.0,0.0,1.900556654099853,0.7339736799023499,30,0.003147437288629777,30,1.837178633007436,0.09992942873659665,0.1,1.9018988481456434,False,False,True,False,True,17,0,0.0771317294626842,0.0028320799420632294,2.064089490822789
1989-02,4.529545957569941,4.4836319599080605,-0.009234241379353681,0.0,0.0009023149315823022,0.0,0.0009023149315823022,-0.010136556310935983,0.9023149315823021,0.9023149315823021,0.0,0.0,1.9914976465470242,0.528554603583144,30,0.004087076950803615,25,2.0178259662955664,0.07353054339119795,0.07359695101902135,1.9932962274961608,False,False,False,False,False,5,5,0.15783830243085537,0.008448661739283015,1.8371786330074353
1989-03,4.4836319599080605,4.639426769257509,0.03509524354677186,0.0,0.0003477864087772252,0.0,0.0003477864087772252,0.03474745713799464,0.3477864087772252,0.3477864087772252,0.0,0.0,2.0466596828392847,0.372391774901534,30,0.0015593462576152161,13,1.9751477294165085,0.08167146315278036,0.08169987725969004,2.047371730901007,False,False,False,False,False,17,17,0.14839701856718368,0.007370227026718129,2.0178259662955664
1989-04,4.639426769257509,4.723526071073259,0.018717721673309387,0.0,0.0005906327033913558,0.0,0.0005906327033913558,0.01812708896991803,0.5906327033913558,0.5906327033913558,0.0,0.0,2.0658045128700047,0.29970088699965286,30,0.0027401971749127863,23,2.027756485433032,0.08290342287996029,0.08295241729043738,2.067025365649697,False,False,False,False,False,7,7,0.1813489225019932,0.008401419595826885,1.9751477294165085
1989-05,4.723526071073259,4.837162656167528,0.024655441938194664,0.0,0.0005978664353991264,0.0,0.0005978664353991264,0.02405757550279554,0.5978664353991264,0.5978664353991264,0.0,0.0,2.1030918275553088,0.511910797192707,30,0.00282403769462741,21,2.0089248415418073,0.09018160041381268,0.09023554921997111,2.104349947757407,False,False,False,False,False,9,9,0.15963270115475292,0.008300749999673887,2.027756485433032
1989-06,4.837162656167528,4.952877832863554,0.024435069976770973,0.0,0.0005129518010494862,0.0,0.0005129518010494862,0.02392211817572149,0.5129518010494861,0.5129518010494861,0.0,0.0,2.1032557889761634,0.4401048825809956,30,0.0024812312964504497,21,2.0883776874155786,0.08439654207645694,0.08443985565249425,2.104335211512921,False,False,False,False,False,9,9,0.16587590967718932,0.007894893689930614,2.008924841541807
1989-07,4.952877832863554,5.064831673197755,0.0229509755172502,0.0,0.000347179479447776,0.0,0.000347179479447776,0.022603796037802423,0.347179479447776,0.347179479447776,0.0,0.0,2.148049651181818,0.12080558176850063,30,0.0017195375477819976,16,2.0932741094397183,0.08715713274019127,0.08718740241717686,2.1487956689436016,False,False,False,False,False,14,14,0.16204310586315823,0.007273752144291312,2.0883776874155786
1989-08,5.064831673197755,5.09451806035782,0.006098901218270605,0.0,0.00023762308001375182,0.0,0.00023762308001375182,0.005861278138256853,0.23762308001375182,0.23762308001375182,0.0,0.0,2.127315061416428,0.33317974002914896,30,0.0012035209019364548,15,2.072550977462621,0.07850570975297394,0.07852436895538126,2.1278206807202973,False,False,False,False,False,15,15,0.16552806018476798,0.008093619453208458,2.093274109439718
1989-09,5.09451806035782,5.086989235926774,-0.0009409300606616332,0.0,0.0005368985272140195,0.0,0.0005368985272140195,-0.0014778285878756527,0.5368985272140194,0.5368985272140194,0.0,0.0,2.1619236956592682,0.0855258466630652,30,0.002735239243471337,17,2.193137674500629,0.09247662112302327,0.09252629835633935,2.163085052838376,False,False,False,False,False,13,13,0.17489743418570092,0.008175022521884399,2.072550977462621
1989-10,5.086989235926774,5.140515967543586,0.010848696726659085,0.0,0.0003264154450748418,0.0,0.0003264154450748418,0.010522281281584243,0.3264154450748418,0.3264154450748418,0.0,0.0,2.2177240436891243,0.3859313114291139,30,0.0016604718555359675,10,2.1821532125487257,0.08832165018728412,0.08835048915152309,2.218448179438991,False,False,False,False,False,20,20,0.1570781760058959,0.007240446932042751,2.1931376745006292
1989-11,5.140515967543586,5.033616528090855,-0.020179850807937477,0.0,0.0006156179986333148,0.0,0.0006156179986333148,-0.02079546880657079,0.6156179986333148,0.6156179986333148,0.0,0.0,2.2053352423306567,-0.21923876737999196,30,0.0031645941518817803,13,2.2816362985386305,0.09305229942175529,0.09310961937929108,2.2066937227038244,False,False,False,False,False,17,17,0.16281348508278487,0.007848948579442528,2.1821532125487257
1989-12,5.033616528090855,5.180408887958408,0.02949481421481326,0.0,0.00033240999741693695,0.0,0.00033240999741693695,0.029162404217396323,0.33240999741693694,0.33240999741693694,0.0,0.0,2.2778323934530147,0.07487346917557602,30,0.0016732244571005322,5,2.236870924291276,0.09564911649209974,0.09568092178706383,2.2785898194890253,False,False,False,False,False,25,25,0.13336265681681464,0.006093671398473658,2.2816362985386305
1990-01,5.180408887958408,5.205110821363981,0.005023708992370639,0.0,0.0002553723726511297,0.0,0.0002553723726511297,0.004768336619719509,0.2553723726511297,0.2553723726511297,0.0,0.0,2.237092395503877,0.3002320561123286,30,0.001322933309020939,12,2.22782523002896,0.08909161584818845,0.08911437319710912,2.2376638330261125,False,False,False,False,False,18,18,0.17123773673189446,0.008120754572742153,2.2368709242912757
1990-02,5.205110821363981,5.096022331081218,-0.02011534685536323,0.0,0.0008426104344252807,0.0,0.0008426104344252807,-0.020957957289788512,0.8426104344252807,0.8426104344252807,0.0,0.0,2.2881480366367137,0.6730811935253728,31,0.004385880690421233,15,2.333083499319181,0.08214578076588215,0.08221505602995985,2.290077679985514,False,False,False,False,False,16,16,0.15263395725404172,0.007371677312992182,2.2278252300289605
1990-03,5.096022331081218,5.213983565147123,0.02326261276911664,0.0,0.00011490532159521634,0.0,0.00011490532159521634,0.023147707447521423,0.11490532159521634,0.11490532159521634,0.0,0.0,2.3364466251132843,0.5558154442750634,31,0.0005855600848092914,6,2.2905123965758776,0.08733552566664689,0.0873455621365541,2.336715126116327,False,False,False,False,False,25,25,0.13517646888442747,0.004932639265892892,2.333083499319181
1990-04,5.213983565147123,5.102707907519952,-0.02109009335693892,0.0,0.00025168040141986995,0.0,0.00025168040141986995,-0.02134177375835879,0.25168040141986997,0.25168040141986997,0.0,0.0,2.291624583128396,0.7941622077625076,31,0.0013122574766728325,7,2.3530319055669557,0.09049198107617522,0.09051476186777653,2.292201485318356,False,False,False,False,False,24,24,0.1497427224741708,0.006428916973941326,2.2905123965758776
1990-05,5.102707907519952,5.160044792941741,0.01217293351564799,0.0,0.0009363731518281848,0.0,0.0009363731518281848,0.011236560363819805,0.9363731518281848,0.9363731518281848,0.0,0.0,2.404508271054842,0.26676105336824935,31,0.004778038686223059,16,2.3976328803767815,0.08539768159496405,0.08547772063764862,2.4067618982792336,False,False,False,False,False,15,15,0.1466555498277456,0.005299734038354989,2.3530319055669553
1990-06,5.160044792941741,5.214752251941739,0.010952655829627195,0.0,0.0003505271281804552,0.0,0.0003505271281804552,0.01060212870144674,0.35052712818045517,0.35052712818045517,0.0,0.0,2.3951962525657757,0.6225713188719063,31,0.00180873568255238,10,2.3673916795674224,0.08410477351452847,0.08413426485677028,2.39603612822882,False,False,False,False,False,21,21,0.14980038110125377,0.005117761812916935,2.397632880376781
1990-07,5.214752251941739,5.495346633930307,0.05439918312138216,0.0,0.0005913762626598716,0.0,0.0005913762626598716,0.05380780685872229,0.5913762626598716,0.5913762626598716,0.0,0.0,2.386471227095062,0.2450463286580331,31,0.0030838806974504552,12,2.282540448958937,0.0747123462871896,0.07475655553961395,2.3878833646349076,False,False,False,False,False,19,19,0.1382370910018119,0.005597720709251033,2.367391679567422
1990-08,5.495346633930307,5.805619818642438,0.056835406899556476,0.0,0.0003743307599021678,0.0,0.0003743307599021678,0.05646107613965431,0.3743307599021678,0.3743307599021678,0.0,0.0,2.3436992419577924,0.28905836366516985,31,0.002057077281404952,19,2.203835460632784,0.08036269209124784,0.08039278558376606,2.344576889206378,False,False,False,False,False,12,12,0.17032631077196916,0.006447234935636483,2.282540448958937
1990-09,5.805619818642438,6.021821699924917,0.03755442324543205,0.0,0.0003143200288498425,0.0,0.0003143200288498425,0.037240103216582214,0.31432002884984245,0.31432002884984245,0.0,0.0,2.274249951639288,0.2942407249576196,31,0.0018248225888869085,25,2.215020210992255,0.09055098651061178,0.09057945744829012,2.274965018709601,False,False,False,False,False,6,6,0.21251818582050508,0.007138024325965401,2.203835460632784
1990-10,6.021821699924917,6.006018491256906,-0.0021458833869080624,0.0,0.0004784401908238891,0.0,0.0004784401908238891,-0.0026243235777319513,0.47844019082388906,0.47844019082388906,0.0,0.0,2.2602951566199487,0.2175453914985624,31,0.0028810815232195135,22,2.238866691065214,0.0951741257755046,0.09521968269866514,2.2613770903065595,False,False,False,False,False,9,9,0.19140923628350462,0.006826715666145159,2.215020210992256
1990-11,6.006018491256906,6.105644388445248,0.016962673077666603,0.0,0.0003749956781764376,0.0,0.0003749956781764376,0.016587677399490165,0.37499567817643764,0.37499567817643764,0.0,0.0,2.2655151947246996,0.21798459139768586,31,0.002252230977269108,14,2.1964688765728257,0.09639893959341478,0.09643510234001679,2.2663650718318067,False,False,False,False,False,17,17,0.1689240456397098,0.0057026791312887425,2.2388666910652146
1990-12,6.105644388445248,6.088264507218841,-0.0027433297346901348,0.0,0.00010319720344900693,0.0,0.00010319720344900693,-0.0028465269381391417,0.10319720344900693,0.10319720344900693,0.0,0.0,2.2360843595998716,0.14578855642868313,31,0.0006300854261416718,15,2.246481963546626,0.09426506688936534,0.09427479578464604,2.2363151410684603,False,False,False,False,False,16,16,0.17026391270676872,0.006684248505880956,2.196468876572826
1991-01,6.088264507218841,6.198828813623333,0.018269551188766494,0.0,0.00010931746807366588,0.0,0.00010931746807366588,0.01816023372069283,0.10931746807366588,0.10931746807366588,0.0,0.0,2.226767531609845,0.08615358798665099,31,0.0006655536608919288,8,2.1829276373643998,0.09630340496788181,0.09631393376326103,2.2270109828118585,False,False,False,False,False,23,23,0.11848155843827271,0.005418915658018817,2.2464819635466258
1991-02,6.198828813623333,6.22291377351939,0.0047463790065971,0.0,0.0008609740986369745,0.0,0.0008609740986369745,0.0038854049079601253,0.8609740986369745,0.8609740986369745,0.0,0.0,2.3551995433193857,0.9271118440031392,32,0.005337031050414255,19,2.3640560857770017,0.09408950514316008,0.09417058357647295,2.3572290564815708,False,False,False,False,False,13,13,0.1561090476818085,0.00711341664522344,2.1829276373643998
1991-03,6.22291377351939,5.963493880926241,-0.041466603386596815,0.0,0.0002212460734212457,0.0,0.0002212460734212457,-0.04168784946001806,0.2212460734212457,0.2212460734212457,0.0,0.0,2.3056299729425724,0.7423498069157736,32,0.0013767952376301522,32,2.3829223175794456,0.09997787539265787,0.09999999999999999,2.306140197406007,False,False,True,False,True,24,0,0.10407728946103609,0.0037663066955456437,2.364056085777002
1991-04,5.963493880926241,6.1139589763621025,0.025402672627569848,0.0,0.0001716422215335674,0.0,0.0001716422215335674,0.02523103040603628,0.1716422215335674,0.1716422215335674,0.0,0.0,2.2855275076752113,0.7887233147100029,32,0.0010235873378240156,32,2.2366960613732565,0.09998283577784657,0.09999999999999992,2.2859198680396093,False,False,True,False,True,26,0,0.0962982247357412,0.0032201680638492968,2.3829223175794456
1991-05,6.1139589763621025,6.028867119338215,-0.013648873113822632,0.0,0.00026876312692934983,0.0,0.00026876312692934983,-0.013917636240751981,0.26876312692934984,0.26876312692934984,0.0,0.0,2.2630041226693685,0.5262819914401744,32,0.0016432067324048455,12,2.297132066207996,0.09484606615286426,0.0948715641310968,2.2636124982425527,False,False,False,False,False,20,20,0.12963748681955506,0.006386148889995106,2.236696061373256
1991-06,6.028867119338215,6.087438591328229,0.010260983763700222,0.0,0.0005458132630700172,0.0,0.0005458132630700172,0.009715170500630206,0.5458132630700172,0.5458132630700172,0.0,0.0,2.4256691914027755,0.5569515054677812,32,0.003290635635021526,26,2.3599050588892823,0.09083163115753431,0.0908812353411477,2.4269938768501502,False,False,False,False,False,6,6,0.22433872371717495,0.009584132384382842,2.297132066207996
1991-07,6.087438591328229,5.774653156469399,-0.05097769727079063,0.0,0.00040441199671030107,0.0,0.00040441199671030107,-0.051382109267500926,0.4044119967103011,0.4044119967103011,0.0,0.0,2.5983598499659326,0.259286943891609,32,0.0024618331955703916,23,2.780477236098851,0.08414728061385228,0.08418132455139983,2.5994110829922765,False,False,False,False,False,9,9,0.24489097843911417,0.008709581548524057,2.359905058889282
1991-08,5.774653156469399,5.960602544485777,0.03270639264782356,0.0,0.0005054304466466432,0.0,0.0005054304466466432,0.032200962201176915,0.5054304466466433,0.5054304466466433,0.0,0.0,2.7978947681164796,-0.11657816845762034,32,0.0029186855241037767,8,2.6923876939936733,0.08503895195064269,0.08508195496114027,2.7993096244302578,False,False,False,False,False,24,24,0.1337232555407558,0.004582115922822278,2.780477236098851
1991-09,5.960602544485777,5.847553119343753,-0.018928154388443866,0.0,3.7952527476501054e-05,0.0,3.7952527476501054e-05,-0.018966106915920367,0.037952527476501054,0.037952527476501054,0.0,0.0,2.7303402214701737,-0.07946726305363133,32,0.00022621993184609854,9,2.8514079568265616,0.0794014499804565,0.0794044635805423,2.7304438487153653,False,False,False,False,False,23,23,0.1836820986778187,0.00559239681236297,2.692387693993673
1991-10,5.847553119343753,5.726779300183073,-0.01986519704304955,0.0,0.0007885390916696881,0.0,0.0007885390916696881,-0.020653736134719238,0.788539091669688,0.788539091669688,0.0,0.0,2.834884303024675,0.43560085796391657,32,0.004611024225217575,11,2.91347769316787,0.09110341568757385,0.09117531098448026,2.8371214842228003,False,False,False,False,False,21,21,0.13947125169062025,0.004959389815959663,2.8514079568265616
1991-11,5.726779300183073,5.805327705350358,0.014423244148403246,0.0,0.0007072615602889217,0.0,0.0007072615602889217,0.013715982588114324,0.7072615602889217,0.7072615602889217,0.0,0.0,2.8646623428285456,0.2414732096713816,32,0.0040503308632777795,8,2.8059505795810136,0.0837650538550379,0.08382433958824526,2.866689842359317,False,False,False,False,False,24,24,0.13411033159736607,0.004785628867172127,2.9134776931678705
1991-12,5.805327705350358,5.997893534852534,0.03328353386335425,0.0,0.00011299823197178139,0.0,0.00011299823197178139,0.033170535631382475,0.11299823197178138,0.11299823197178138,0.0,0.0,2.855134995400244,0.3449453352215997,32,0.000655991766721389,8,2.7724070828868554,0.07682945006811855,0.07683813264125502,2.855457657066963,False,False,False,False,False,24,24,0.19045294306250174,0.005991866128302321,2.805950579581013
1992-01,5.997893534852534,5.842295621090311,-0.025032813890944132,0.0,0.0009092794219958048,0.0,0.0009092794219958048,-0.025942093312939937,0.9092794219958047,0.9092794219958047,0.0,0.0,2.787475826844984,0.6375450007587248,32,0.005453761166563087,21,2.8744286226377596,0.07430994371416781,0.07437757371140157,2.7900127280056664,False,False,False,False,False,11,11,0.19527859265891553,0.006093326593195854,2.7724070828868554
1992-02,5.842295621090311,5.825763536104133,-0.001152420764368116,0.0,0.0016773033814792497,0.0,0.0016773033814792497,-0.002829724145847366,1.6773033814792497,1.6773033814792497,0.0,0.0,2.99496808985556,0.41162312774690296,34,0.009799302200856192,34,2.9737957917548345,0.07849652705476919,0.07862841075400721,2.9999999999999973,False,False,True,True,False,11,0,0.13270255725564484,0.004279036276238844,2.874428622637759
1992-03,5.825763536104133,5.741903479585064,-0.013499663091278648,0.0,0.0008950262913853571,0.0,0.0008950262913853571,-0.014394689382664005,0.895026291385357,0.895026291385357,0.0,0.0,2.9973149211258425,-0.4738324941934435,34,0.005214211532207326,34,3.0254321834185065,0.07969397546373608,0.07976536756484863,2.9999999999999987,False,False,True,True,False,26,0,0.13517544178707203,0.003673705476857895,2.9737957917548345
1992-04,5.741903479585064,5.894845902085646,0.028196021132298986,0.0,0.0015598327943446913,0.0,0.0015598327943446913,0.026636188337954295,1.5598327943446912,1.5598327943446912,0.0,0.0,2.9953205016169657,0.8485391100893134,34,0.008956409349418677,34,2.8787017246267737,0.07667262790279782,0.0767924112241821,2.9999999999999996,False,False,True,True,False,23,0,0.1287907354763642,0.003788185778003413,3.025432183418506
1992-05,5.894845902085646,6.0630478498055975,0.029343089015058756,0.0,0.000809357936449762,0.0,0.000809357936449762,0.028533731078608994,0.8093579364497621,0.8093579364497621,0.0,0.0,2.9220726617595583,0.05224597228160509,34,0.004771040315001375,9,2.875671452601261,0.07463945798336366,0.07469991695400252,2.924439580143415,False,False,False,False,False,25,25,0.1317103461882807,0.004017380166673025,2.878701724626773
1992-06,6.0630478498055975,6.099027041176899,0.006270952243342604,0.0,0.00033677651809998116,0.0,0.00033677651809998116,0.005934175725242623,0.33677651809998116,0.33677651809998116,0.0,0.0,2.904774411006614,0.16593367424108524,34,0.0020418921439311066,12,2.928264692928864,0.08372260408683597,0.08375080939281133,2.905753000384542,False,False,False,False,False,22,22,0.16095967469108038,0.004267351878405932,2.875671452601261
1992-07,6.099027041176899,5.924017762097857,-0.027928357660169323,0.0,0.0007662649242996378,0.0,0.0007662649242996378,-0.028694622584468962,0.7662649242996378,0.7662649242996378,0.0,0.0,2.9337366688603503,0.91575235310806,34,0.004673470494008861,13,3.02323611378243,0.08217479205622674,0.08223780800395146,2.93598641226629,False,False,False,False,False,21,21,0.15391882632503245,0.0035960476968236346,2.928264692928863
1992-08,5.924017762097857,6.184727173498201,0.04618281350504902,0.0,0.00217392935409741,0.0,0.00217392935409741,0.04400888415095161,2.17392935409741,2.17392935409741,0.0,0.0,2.993478211937706,0.8815411541800119,34,0.012878396107218979,34,2.8608154129636376,0.07895942038093051,0.07913144655542956,2.9999999999999982,False,False,True,True,False,14,0,0.12598574059163756,0.0033962387573936016,3.02323611378243
1992-09,6.184727173498201,6.365434534300438,0.030303630026524742,0.0,0.0010853062859764622,0.0,0.0010853062859764622,0.02921832374054828,1.0853062859764622,1.0853062859764622,0.0,0.0,2.8948311522127153,0.5289642813651669,34,0.0067123232784470355,15,2.806171408937395,0.07784129800513219,0.07792587144324974,2.8979763441556385,False,False,False,False,False,19,19,0.15656925339771324,0.004311926084463508,2.860815412963638
1992-10,6.365434534300438,6.085667029585557,-0.04366012822560973,0.0,0.0002909175682541375,0.0,0.0002909175682541375,-0.04395104579386387,0.2909175682541375,0.2909175682541375,0.0,0.0,2.844511374425517,0.349957472625437,34,0.0018518167355995917,19,2.924545000663313,0.07639990590403029,0.07642213844670799,2.845339133567113,False,False,False,False,False,15,15,0.21695055120353193,0.005932691250602216,2.806171408937395
1992-11,6.085667029585557,6.093046707893606,0.0018306538111137688,0.0,0.0006180211987520688,0.0,0.0006180211987520688,0.0012126326123617,0.6180211987520687,0.6180211987520687,0.0,0.0,2.927064842053743,-0.2445686077471118,34,0.0037610712328304077,12,2.9366369673843273,0.0806703878413628,0.08072027468228554,2.9288749488606327,False,False,False,False,False,22,22,0.1690576353754853,0.004978492707466893,2.924545000663313
1992-12,6.093046707893606,6.251370850552138,0.026735541788965384,0.0,0.0007511451071836526,0.0,0.0007511451071836526,0.02598439668178173,0.7511451071836526,0.7511451071836526,0.0,0.0,2.997746564678449,0.36736610695623756,36,0.004576762222475744,36,2.9464881126299187,0.08427559060871412,0.08433894139188568,3.0,False,False,True,True,False,19,0,0.14303047092280494,0.0036007309608872945,2.936636967384327
1993-01,6.251370850552138,6.535097307609185,0.046214177294628046,0.0,0.0008278990142429661,0.0,0.0008278990142429661,0.04538627828038508,0.8278990142429661,0.8278990142429661,0.0,0.0,2.960229203968112,0.3927812090319911,36,0.005175503764839327,16,2.836445240880779,0.07179350477968452,0.07185299180076678,2.9626820054799645,False,False,False,False,False,20,20,0.13993741738124316,0.0041250686299591985,2.9464881126299196
1993-02,6.535097307609185,6.9579686900441535,0.06526250119223065,0.0,0.0005547604302691322,0.0,0.0005547604302691322,0.06470774076196152,0.5547604302691322,0.5547604302691322,0.0,0.0,2.909629638660984,0.49966838236772626,37,0.003625413394219919,15,2.769057479156586,0.08282011662612186,0.0828660874524517,2.9112446820133964,False,False,False,False,False,22,22,0.15551820298017593,0.004620455086080909,2.8364452408807788
1993-03,6.9579686900441535,6.97976011716419,0.0033796193675017586,0.0,0.00024775314464612486,0.0,0.00024775314464612486,0.0031318662228556338,0.24775314464612483,0.24775314464612483,0.0,0.0,2.8276620768336427,0.3660445724444794,37,0.001723858623307717,18,2.874211176937419,0.07936274469909974,0.07938241194128778,2.828362812614668,False,False,False,False,False,19,19,0.19756565914502,0.006265706950213718,2.7690574791565856
1993-04,6.97976011716419,6.98023807416933,0.00045515984011220735,0.0,0.00038668227109590225,0.0,0.00038668227109590225,6.84775690163051e-05,0.38668227109590225,0.38668227109590225,0.0,0.0,2.883707426408587,0.49323385922751306,37,0.00269894949380965,17,2.8944352152245774,0.07462661206350159,0.07465548001406318,2.8848229362933027,False,False,False,False,False,20,20,0.18072499799305583,0.005103696194508738,2.874211176937419
1993-05,6.98023807416933,7.025814646754292,0.007076380168426147,0.0,0.0005470079463495972,0.0,0.0005470079463495972,0.00652937222207655,0.5470079463495972,0.5470079463495972,0.0,0.0,2.8942391274776993,0.9160360506602805,37,0.0038182456939826323,14,2.8724580833446276,0.0717651979047515,0.07180447552344628,2.8958231657605933,False,False,False,False,False,23,23,0.1766281377630627,0.004859256772050039,2.894435215224577
1993-06,7.025814646754292,7.007887384894063,-0.002255758961925116,0.0,0.0002958685377431207,0.0,0.0002958685377431207,-0.002551627499668237,0.2958685377431207,0.2958685377431207,0.0,0.0,2.8794728990600937,0.8756304379814128,37,0.0020787175059893926,16,2.9085960925806686,0.07487374233749144,0.07489590167840399,2.88032509663466,False,False,False,False,False,21,21,0.20710630583388479,0.005770094807620341,2.8724580833446276
1993-07,7.007887384894063,7.185606899736537,0.02651069373811043,0.0,0.0011507664045806397,0.0,0.0011507664045806397,0.025359927333529788,1.1507664045806396,1.1507664045806396,0.0,0.0,2.914120728996293,0.8858813878546907,37,0.008064441369620562,19,2.904665424886787,0.07364440483482416,0.07372924997873462,2.917478064739296,False,False,False,False,False,18,18,0.14496166113879635,0.004791115083058661,2.908596092580669
1993-08,7.185606899736537,7.232754012864974,0.006892138480676227,0.0,0.0003308119586025165,0.0,0.0003308119586025165,0.006561326522073711,0.3308119586025165,0.3308119586025165,0.0,0.0,2.8883789114727008,1.1461130500683756,37,0.0023770846922496003,16,2.861714138372098,0.08280907880045818,0.0828364820993452,2.8893347379564225,False,False,False,False,False,21,21,0.18618243602490003,0.005752133207910605,2.904665424886787
1993-09,7.232754012864974,6.974724225575394,-0.035542697364796275,0.0,0.00013248069747704677,0.0,0.00013248069747704677,-0.03567517806227332,0.13248069747704677,0.13248069747704677,0.0,0.0,2.893042936165399,1.2440597109528384,37,0.0009582002963042606,10,2.9798028370169063,0.07220541968691978,0.07221498677873653,2.8934262592943285,False,False,False,False,False,27,27,0.17508245683005225,0.005179793050985934,2.861714138372099
1993-10,6.974724225575394,7.013314718309851,0.00644065730396791,0.0,0.0009077514160261287,0.0,0.0009077514160261287,0.005532905887941781,0.9077514160261287,0.9077514160261287,0.0,0.0,2.9972767457519214,1.4792393476063408,38,0.006331315792157808,38,3.0100247330080365,0.05773102035064403,0.057783473380428024,3.0,False,False,True,True,False,6,0,0.10704056174549588,0.002961785253189763,2.9798028370169063
1993-11,7.013314718309851,7.194543622759959,0.02610751986299885,0.0,0.0002668280176766699,0.0,0.0002668280176766699,0.02584069184532218,0.2668280176766699,0.2668280176766699,0.0,0.0,2.9862504513604198,1.7175326377036921,38,0.00187134886362923,8,2.91147648198181,0.0636822414966332,0.06369923823809978,2.9870474793180324,False,False,False,False,False,30,30,0.11721920786586415,0.0032430166626613785,3.0100247330080365
1993-12,7.194543622759959,7.544196898015523,0.04900977922175701,0.0,0.0004099939415016519,0.0,0.0004099939415016519,0.04859978528025536,0.4099939415016519,0.4099939415016519,0.0,0.0,2.924379932866154,1.5276059825996202,38,0.002949719297200929,14,2.8396694368690496,0.06476082563164706,0.06478738806824076,2.9255794026966417,False,False,False,False,False,24,24,0.141724314213116,0.003974120499339595,2.911476481981809
1994-01,7.544196898015523,7.5566923411903,0.0021080088302171465,0.0,0.000451710175278189,0.0,0.000451710175278189,0.0016562986549389575,0.451710175278189,0.451710175278189,0.0,0.0,2.871407879257421,1.887932945803472,38,0.0034077905031357617,20,2.877933564908685,0.06834297753850214,0.06837386270801044,2.87270550956667,False,False,False,False,False,18,18,0.20169683497665933,0.004977556485292089,2.83966943686905
1994-02,7.5566923411903,7.387305536653115,-0.022290668262225505,0.0,0.00012480095224602774,0.0,0.00012480095224602774,-0.02241546921447153,0.12480095224602775,0.12480095224602775,0.0,0.0,2.9265983651537,1.9766928202857992,40,0.0009430824000108142,11,2.9585501813082464,0.06980238647609964,0.06981109896772815,2.9269636530047842,False,False,False,False,False,29,29,0.16269110671027387,0.0035318940061701445,2.8779335649086857
1994-03,7.387305536653115,7.178656877514428,-0.028116627119586075,0.0,0.0001275896795497376,0.0,0.0001275896795497376,-0.028244216799135812,0.1275896795497376,0.1275896795497376,0.0,0.0,2.9636263144722097,2.1145889598608543,40,0.0009425439461575734,8,3.00999163752711,0.07485596190912457,0.0748655139760621,2.9640044908553818,False,False,False,False,False,32,32,0.14151120750335666,0.003293621034186709,2.9585501813082464
1994-04,7.178656877514428,7.1800340620159515,0.002205634394363022,0.0,0.002013790080723179,0.0,0.002013790080723179,0.00019184431363984287,2.013790080723179,2.013790080723179,0.0,0.0,2.9939586297578296,0.13764999468974112,40,0.014456308012853785,40,2.9758692214447917,0.06841420955918802,0.06855225941921761,2.999999999999999,False,False,True,True,False,25,0,0.0963709393042935,0.00343049748932345,3.00999163752711
1994-05,7.1800340620159515,7.377520547500312,0.028342899950661797,0.0,0.0008379488907343484,0.0,0.0008379488907343484,0.027504951059927448,0.8379488907343484,0.8379488907343484,0.0,0.0,2.9848562043220026,-0.1764252985124231,40,0.0060165015777011045,15,2.9187263813930007,0.07625790070818594,0.07632185452152104,2.9873594588667847,False,False,False,False,False,25,25,0.09770545824933144,0.003223172901429698,2.9758692214447917
1994-06,7.377520547500312,7.2916003625673085,-0.011097600200886487,0.0,0.0005486140495253552,0.0,0.0005486140495253552,-0.011646214250411843,0.5486140495253552,0.5486140495253552,0.0,0.0,2.905617025329764,-0.4604728544003936,40,0.004047411423020662,16,2.928161364112365,0.07640071722738292,0.07644265474175727,2.907211962657426,False,False,False,False,False,24,24,0.1550386003675443,0.0037729317819630705,2.9187263813930007
1994-07,7.2916003625673085,7.161626840549635,-0.016628222668303355,0.0,0.001196879580157009,0.0,0.001196879580157009,-0.017825102248460366,1.1968795801570091,1.1968795801570091,0.0,0.0,2.9433320574379733,-0.9815973582936184,40,0.008727167580622256,18,3.028441610603293,0.06798781949710038,0.06806929024062516,2.9468590929118794,False,False,False,False,False,22,22,0.113398997516904,0.003379617530562905,2.9281613641123645
1994-08,7.161626840549635,7.347346343025241,0.026514806277228742,0.0,0.0005822204820502134,0.0,0.0005822204820502134,0.025932585795178528,0.5822204820502134,0.5822204820502134,0.0,0.0,2.998253338553849,-0.8010062892452672,40,0.004169645831368555,40,2.9163228853456924,0.06005341032736408,0.06008839502167923,2.9999999999999996,False,False,True,True,False,28,0,0.11665668601307948,0.0035547832372938245,3.028441610603293
1994-09,7.347346343025241,7.602069230134006,0.03496859801338618,0.0,0.00029990605080138476,0.0,0.00029990605080138476,0.03466869196258479,0.29990605080138477,0.29990605080138477,0.0,0.0,2.928887442095609,-0.6156339737692399,40,0.0022035136256066965,11,2.8006082128584304,0.06120989617971317,0.06122825890503882,2.929766096675435,False,False,False,False,False,29,29,0.13243583085783217,0.003351306498721226,2.9163228853456924
1994-10,7.602069230134006,7.584409033676389,-0.0016621663653475212,0.0,0.0006609111972210852,0.0,0.0006609111972210852,-0.0023230775625686065,0.6609111972210852,0.6609111972210852,0.0,0.0,2.8451443332871276,-0.5499633803532619,40,0.0050242926762454395,15,2.8700829299072184,0.07151916417833125,0.07156646325524216,2.847025964625928,False,False,False,False,False,25,25,0.17540177764983358,0.004671527814065884,2.8006082128584313
1994-11,7.584409033676389,7.795673099757449,0.02830728683582432,0.0,0.0004522403657562122,0.0,0.0004522403657562122,0.027855046470068107,0.4522403657562122,0.4522403657562122,0.0,0.0,2.8782104864915405,-0.873628201558679,40,0.00342997591543453,9,2.7661525372046287,0.07172582371293545,0.07175827570178486,2.879512718376499,False,False,False,False,False,31,31,0.15257125227387203,0.004248164421194793,2.870082929907218
1994-12,7.795673099757449,7.865552077187111,0.009316580305864356,0.0,0.00035276454095809027,0.0,0.00035276454095809027,0.008963815764906265,0.35276454095809023,0.35276454095809023,0.0,0.0,2.822538594406921,-0.9713981676255066,40,0.0027500370424952693,24,2.8264526884957344,0.07046621615314418,0.07049108290764773,2.8235346373071297,False,False,False,False,False,16,16,0.2182682095090131,0.005863145184610503,2.766152537204628
1995-01,7.865552077187111,7.789428193262036,-0.009482876872626817,0.0,0.00019525928082414132,0.0,0.00019525928082414132,-0.009678136153450959,0.19525928082414132,0.19525928082414132,0.0,0.0,2.8549760597625222,-1.0083644305323451,40,0.001535822041876386,18,2.8758493201195887,0.07144772648573541,0.0714616800419869,2.85553362920533,False,False,False,False,False,22,22,0.20893007201745264,0.005197635903110243,2.8264526884957344
1995-02,7.789428193262036,7.79159402266142,0.000448617297440862,0.0,0.0001705700074923748,0.0,0.0001705700074923748,0.0002780472899484872,0.17057000749237478,0.17057000749237478,0.0,0.0,2.8938787003176025,-1.1929252609818193,40,0.0013286428252860208,12,2.915774573372756,0.07392515515760337,0.07393776672302728,2.894372393438437,False,False,False,False,False,28,28,0.1954684748109826,0.004595045780203624,2.8758493201195883
1995-03,7.79159402266142,8.012834144042372,0.02869193902625792,0.0,0.00029722021294615957,0.0,0.00029722021294615957,0.02839471881331176,0.2972202129461596,0.2972202129461596,0.0,0.0,2.9874136640979736,-1.08112799236582,41,0.002315819234605451,8,2.9350459236251276,0.07257431347736214,0.07259589044337873,2.988301847809527,False,False,False,False,False,33,33,0.12749470697862333,0.0034508503960670126,2.915774573372757
1995-04,8.012834144042372,8.08009620059094,0.009485363972931926,0.0,0.001091073595840089,0.0,0.001091073595840089,0.008394290377091837,1.091073595840089,1.091073595840089,0.0,0.0,2.9572814747134077,0.023059071199940134,41,0.008742591762410552,13,2.968040792468407,0.059217206889850556,0.05928188779233232,2.960511610762088,False,False,False,False,False,28,28,0.13797448295869852,0.003080375700596453,2.9350459236251276
1995-05,8.08009620059094,8.314861254498037,0.030815211675915003,0.0,0.0017604766728926795,0.0,0.0017604766728926795,0.029054735003022324,1.7604766728926795,1.7604766728926795,0.0,0.0,2.992313406271929,1.7597107990725693,41,0.01422482087586912,13,2.9416176352157772,0.058353881905753024,0.05845679372748236,2.997590594588585,False,False,False,False,False,28,28,0.10646500064345098,0.0031980823769898158,2.968040792468407
1995-06,8.314861254498037,8.47124676023087,0.019400752230541395,0.0,0.0005928009074529677,0.0,0.0005928009074529677,0.018807951323088427,0.5928009074529677,0.5928009074529677,0.0,0.0,2.9784092169672025,1.6308591487969333,41,0.004929057297011958,17,2.9386843189526815,0.06246381324743725,0.0625008638162241,2.9801758679260786,False,False,False,False,False,24,24,0.12705767394035267,0.004058821556971504,2.941617635215777
1995-07,8.47124676023087,8.398364442890424,-0.00832211788400626,0.0,0.00028137572246002084,0.0,0.00028137572246002084,-0.00860349360646628,0.28137572246002085,0.28137572246002085,0.0,0.0,2.9324098971396455,1.6215043687371957,41,0.0023836031772970718,16,2.982102088330259,0.06555246873654813,0.06557091880119818,2.933235238323974,False,False,False,False,False,25,25,0.14485069703129155,0.004079799604766487,2.9386843189526823
1995-08,8.398364442890424,8.294021409689343,-0.01180495897890036,0.0,0.0006192497953939527,0.0,0.0006192497953939527,-0.012424208774294312,0.6192497953939528,0.6192497953939528,0.0,0.0,2.9867190643615467,1.6595373295907865,41,0.005200685462903743,15,3.0298720947461235,0.07315349547569742,0.0731988238323787,2.988569735558812,False,False,False,False,False,26,26,0.1341337315689321,0.003886199750638643,2.9821020883302594
1995-09,8.294021409689343,8.61216311214234,0.038886424549128024,0.0,0.0005284692536022151,0.0,0.0005284692536022151,0.03835795529552581,0.5284692536022151,0.5284692536022151,0.0,0.0,2.9984145922391923,1.900648901253045,41,0.004383135303739319,41,2.9231554385717695,0.0695874329879439,0.06962422725135205,2.9999999999999987,False,False,True,True,False,27,0,0.15555538431079197,0.0039012463602626306,3.0298720947461226
1995-10,8.61216311214234,8.829589703160984,0.02588852974651227,0.0,0.0006420744498061017,0.0,0.0006420744498061017,0.025246455296706168,0.6420744498061017,0.6420744498061017,0.0,0.0,2.9395596385515264,1.9881081788828077,41,0.0055296498918691985,16,2.8803892019816133,0.076242517160446,0.07629150198460764,2.941448267329405,False,False,False,False,False,25,25,0.16286544839611708,0.0039098917856107435,2.9231554385717686
1995-11,8.829589703160984,9.070550125900368,0.02749166438220563,0.0,0.00020156021653646065,0.0,0.00020156021653646065,0.02729010416566917,0.20156021653646064,0.20156021653646064,0.0,0.0,2.9176893301989804,1.7845230883117413,41,0.0017796940124972312,14,2.8616692873746956,0.07460173234593785,0.07461677211868335,2.918277538851625,False,False,False,False,False,27,27,0.18393316216117675,0.003968134212744948,2.8803892019816133
1995-12,9.070550125900368,9.382261739793597,0.034906663850127764,0.0,0.000541425847290802,0.0,0.000541425847290802,0.03436523800283696,0.541425847290802,0.541425847290802,0.0,0.0,2.9145232046709935,1.7115063239413169,41,0.004911030287309297,16,2.8505313262449405,0.06927381139217685,0.06931133834226567,2.916102057698369,False,False,False,False,False,25,25,0.18414822913909112,0.0032303395304120147,2.861669287374695
1996-01,9.382261739793597,9.331766615992413,-0.00493332360617867,0.0,0.00044865413027866144,0.0,0.00044865413027866144,-0.005381977736457331,0.4486541302786614,0.4486541302786614,0.0,0.0,2.8787828885510796,1.5250070960311344,41,0.004209390480913857,25,2.8929132407313802,0.07302614186295417,0.07305892004918793,2.880075046116032,False,False,False,False,False,16,16,0.208573487700844,0.003936749868886134,2.8505313262449405
1996-02,9.331766615992413,9.233788140987098,-0.009896837373244007,0.0,0.0006026188430530189,0.0,0.0006026188430530189,-0.010499456216297026,0.6026188430530188,0.6026188430530188,0.0,0.0,2.907166172385024,1.979825521974734,41,0.005623498401770133,15,2.932679650501026,0.0742703776745216,0.0743151613911004,2.9089191418728344,False,False,False,False,False,26,26,0.20247284391660147,0.003716897773737128,2.89291324073138
1996-03,9.233788140987098,9.393215012400965,0.017603111538194455,0.0,0.0003375138247057338,0.0,0.0003375138247057338,0.01726559771348872,0.33751382470573377,0.33751382470573377,0.0,0.0,2.995035591366149,1.9612697729440767,42,0.003116531151987003,13,2.960458969668858,0.07960824030978625,0.07963511826313213,2.996046798580135,False,False,False,False,False,29,29,0.18061900444456414,0.0038516753538550817,2.932679650501026
1996-04,9.393215012400965,9.930304398650952,0.05772067757589675,0.0,0.0005422370163100701,0.0,0.0005422370163100701,0.05717844055958668,0.5422370163100702,0.5422370163100702,0.0,0.0,2.9656187689452813,1.4030493365659051,42,0.0050933488818832575,11,2.8407147442429084,0.08329720769174986,0.08334239902552959,2.9672277096452717,False,False,False,False,False,31,31,0.1881927731559061,0.0037736694404178735,2.960458969668858
1996-05,9.930304398650952,9.632404639190717,-0.029740262553979678,0.0,0.00025879361802492936,0.0,0.00025879361802492936,-0.029999056172004608,0.25879361802492934,0.25879361802492934,0.0,0.0,2.861418974472431,1.5129213391809968,42,0.00256989940341575,23,2.9419640929719217,0.08301880173496755,0.0830402920325845,2.862159683132194,False,False,False,False,False,19,19,0.2179464972327683,0.005162655326997983,2.840714744242908
1996-06,9.632404639190717,9.473352892131174,-0.014822283345392347,0.0,0.0016898704746849346,0.0,0.0016898704746849346,-0.016512153820077282,1.6898704746849345,1.6898704746849345,0.0,0.0,2.987497861933567,-0.05687350489414451,42,0.016277516199986585,14,3.0256682583781482,0.07145780694055452,0.07157876578346639,2.9925548920895833,False,False,False,False,False,28,28,0.13323354114292008,0.004109820767986768,2.9419640929719217
1996-07,9.473352892131174,9.030086324691638,-0.04655629436148015,0.0,0.00023459081790830585,0.0,0.00023459081790830585,-0.04679088517938845,0.23459081790830585,0.23459081790830585,0.0,0.0,2.9992962275462736,-0.22267240386172074,42,0.002222361603299067,42,3.1211927675727797,0.06683565572854269,0.06685133843870529,2.9999999999999987,False,False,True,True,False,28,0,0.16349978894683254,0.004491378482916436,3.0256682583781482
1996-08,9.030086324691638,9.272174455122325,0.02748518238399412,0.0,0.0006761219026200111,0.0,0.0006761219026200111,0.02680906048137411,0.676121902620011,0.676121902620011,0.0,0.0,2.9979716342921385,-0.7563487541467392,42,0.006105439146673454,42,2.954010564422245,0.0653674786249467,0.06541170491132496,2.9999999999999987,False,False,True,True,False,26,0,0.15141336982073178,0.0036622157649891687,3.12119276757278
1996-09,9.272174455122325,9.40683853134031,0.015093730290700028,0.0,0.0005702679820729186,0.0,0.0005702679820729186,0.014523462308627109,0.5702679820729186,0.5702679820729186,0.0,0.0,2.968610802753458,-0.2342120571425103,42,0.005287624215950672,18,2.923358744820552,0.06590051597688436,0.06593811837459153,2.970304672405132,False,False,False,False,False,24,24,0.1582675689360332,0.003981519374537628,2.9540105644222447
1996-10,9.40683853134031,9.199963424726812,-0.02146686980774616,0.0,0.000525121010876008,0.0,0.000525121010876008,-0.02199199081862217,0.525121010876008,0.525121010876008,0.0,0.0,2.9365566899380524,-0.48117734852254945,42,0.004939728558724806,21,2.9928607220512906,0.06385547352623247,0.06388902299457126,2.9380995477426173,False,False,False,False,False,21,21,0.16272731562874446,0.003894803244851883,2.923358744820552
1996-11,9.199963424726812,9.499830386419639,0.03446796236457207,0.0,0.001873597816679237,0.0,0.001873597816679237,0.032594364547892836,1.873597816679237,1.873597816679237,0.0,0.0,2.984038489986467,0.5459211376959291,42,0.01723703138609699,23,2.9516572114653243,0.061042004438672685,0.06115658728708933,2.9896398727246614,False,False,False,False,False,19,19,0.15237863202691548,0.0040156825977400905,2.9928607220512915
1996-12,9.499830386419639,9.670853360002818,0.019051810184314927,0.0,0.0010490704903868661,0.0,0.0010490704903868661,0.01800273969392806,1.0490704903868662,1.0490704903868662,0.0,0.0,2.957944273336689,-0.020719047936046446,42,0.009965991722073303,19,2.8804727981151057,0.06307715288767607,0.0631433947597814,2.9610506241670445,False,False,False,False,False,23,23,0.16603586693146605,0.004210756987499876,2.9516572114653243
1997-01,9.670853360002818,9.844712457503471,0.0188407577060552,0.0,0.0008631200531352441,0.0,0.0008631200531352441,0.017977637652919955,0.8631200531352441,0.8631200531352441,0.0,0.0,2.950182184570235,-0.648365550793893,42,0.008347107465948786,21,2.8913470160491004,0.05917200484232929,0.059223121506110483,2.952730745688348,False,False,False,False,False,21,21,0.1594313628981724,0.004239146051779405,2.8804727981151053
1997-02,9.844712457503471,9.728294118939422,-0.011169791162423007,0.0,0.0006556774905813401,0.0,0.0006556774905813401,-0.011825468653004347,0.6556774905813401,0.6556774905813401,0.0,0.0,2.9083593835544006,-0.02451524159972654,42,0.006454956359630734,23,2.978317278247773,0.060871342209887894,0.06091128036534594,2.9102675804985023,False,False,False,False,False,19,19,0.1704886588739799,0.004449186487112665,2.891347016049101
1997-03,9.728294118939422,9.905852321837038,0.018820062343036573,0.0,0.0005683318004803614,0.0,0.0005683318004803614,0.018251730542556212,0.5683318004803614,0.5683318004803614,0.0,0.0,2.9457242183282,-0.24875185332374114,42,0.005528898912219353,20,2.868629441953364,0.060474165342300025,0.060508554277897246,2.947399319089953,False,False,False,False,False,22,22,0.17593511402877007,0.004019182832472989,2.978317278247774
1997-04,9.905852321837038,10.135192751520561,0.02341614067690996,0.0,0.0002641268741247609,0.0,0.0002641268741247609,0.0231520138027852,0.2641268741247609,0.2641268741247609,0.0,0.0,2.883493380514541,-0.32228845832192954,42,0.002616401809308322,20,2.8401308820557882,0.05674192386193072,0.05675691488844517,2.8842551898220066,False,False,False,False,False,22,22,0.19797721829774456,0.0041047887417506946,2.8686294419533644
1997-05,10.135192751520561,10.343070532332467,0.02232332342183896,0.0,0.0018128323134464295,0.0,0.0018128323134464295,0.02051049110839253,1.8128323134464295,1.8128323134464295,0.0,0.0,2.9252859406081795,1.0865507823045153,42,0.018373404922964503,23,2.9085007827531837,0.06417403087793713,0.06429057891684777,2.930598624492401,False,False,False,False,False,19,19,0.14342854818607567,0.003967482552887377,2.840130882055788
1997-06,10.343070532332467,10.307945397443762,-0.003007980344699899,0.0,0.0003880261679603967,0.0,0.0003880261679603967,-0.0033960065126602958,0.3880261679603967,0.3880261679603967,0.0,0.0,2.9206232328132558,0.9880389413233048,42,0.004013382023605068,18,2.908052906554364,0.0659750508083389,0.06600066079182881,2.921756950966651,False,False,False,False,False,24,24,0.17572884878958417,0.00447947584786109,2.9085007827531832
1997-07,10.307945397443762,10.86241990131939,0.054232938663476865,0.0,0.00044195680465460843,0.0,0.00044195680465460843,0.05379098185882226,0.4419568046546084,0.4419568046546084,0.0,0.0,2.9986741295860346,1.184405777451249,43,0.0045556666104084225,43,2.8999521649755047,0.06862071830488309,0.06865105910760244,2.9999999999999987,False,False,True,True,False,25,0,0.15572605385006524,0.003907982173113109,2.908052906554364
1997-08,10.86241990131939,10.750921951453625,-0.009997115422408602,0.0,0.00026744356892829924,0.0,0.00026744356892829924,-0.010264558991336901,0.26744356892829924,0.26744356892829924,0.0,0.0,2.9094517384726473,1.3693980470436953,43,0.002905084345606642,18,2.9100498172788245,0.06624797273778846,0.06626569507177596,2.9102300607865064,False,False,False,False,False,25,25,0.16562540475475007,0.004016003703857025,2.8999521649755047
1997-09,10.750921951453625,10.991871243670735,0.022561387309491837,0.0,0.00014942177712825162,0.0,0.00014942177712825162,0.022411965532363586,0.1494217771282516,0.1494217771282516,0.0,0.0,2.915877730159854,1.2283968986348976,43,0.0016064218637533315,12,2.889830807572115,0.06730972572053069,0.06731978476240578,2.916313490904328,False,False,False,False,False,31,31,0.1694372494059649,0.0038622476511888625,2.9100498172788245
1997-10,10.991871243670735,11.030590192113893,0.003694203041494735,0.0,0.00017169558258936429,0.0,0.00017169558258936429,0.0035225074589053705,0.1716955825893643,0.1716955825893643,0.0,0.0,2.9067410785607892,1.2315602392708422,43,0.001887255736929327,14,2.8887183449215628,0.06229702841848693,0.06230772637986754,2.907240238867329,False,False,False,False,False,29,29,0.15680597264501123,0.0038169550030064886,2.889830807572115
1997-11,11.030590192113893,11.069805228681446,0.003926523136712537,0.0,0.0003714063311232219,0.0,0.0003714063311232219,0.0035551168055893145,0.3714063311232219,0.3714063311232219,0.0,0.0,2.900846276111792,1.346607997268616,43,0.0040968310333768165,16,2.8727692123355997,0.0648730698162328,0.0648971730371708,2.9019240690834884,False,False,False,False,False,27,27,0.16097314744210944,0.003425833675762719,2.8887183449215628
1997-12,11.069805228681446,11.427107723502287,0.03253231248629081,0.0,0.00025509645225590787,0.0,0.00025509645225590787,0.0322772160340349,0.2550964522559079,0.2550964522559079,0.0,0.0,2.8908917605523854,1.2599066872995435,43,0.0028238680410005356,16,2.767670107647367,0.06274142959248004,0.06275743879246866,2.891629404954828,False,False,False,False,False,27,27,0.1723579196951013,0.0034432282199312507,2.872769212335599
1998-01,11.427107723502287,11.498227169448015,0.006581982416925674,0.0,0.0003582337950889287,0.0,0.0003582337950889287,0.006223748621836745,0.35823379508892866,0.35823379508892866,0.0,0.0,2.8387254943878815,0.9307100961720214,43,0.004093576166680233,22,2.855399369281737,0.06240849584276982,0.06243086068692436,2.8397427862232667,False,False,False,False,False,21,21,0.20987873658479683,0.004491712876790861,2.767670107647367
1998-02,11.498227169448015,11.62141295902316,0.011185791732287832,0.0,0.0004723323650504119,0.0,0.0004723323650504119,0.010713459367237419,0.4723323650504119,0.4723323650504119,0.0,0.0,2.864482271856696,1.020670456968693,43,0.005430984832832284,18,2.822679904624648,0.06175289702054143,0.06178207869588959,2.865835898904672,False,False,False,False,False,25,25,0.1860868663979281,0.004004139034822339,2.8553993692817365
1998-03,11.62141295902316,11.986744098844614,0.03192982069263415,0.0,0.0004937860977356956,0.0,0.0004937860977356956,0.03143603459489845,0.4937860977356956,0.4937860977356956,0.0,0.0,2.851240866793829,0.8118903482056449,43,0.00573849215521109,24,2.770487208228012,0.06765633745545069,0.06768976171874644,2.852649465441577,False,False,False,False,False,19,19,0.20731127433678942,0.004672581254341406,2.822679904624648
1998-04,11.986744098844614,12.287298402162687,0.025189777904931043,0.0,0.00011588787777655088,0.0,0.00011588787777655088,0.025073890027154492,0.11588787777655088,0.11588787777655088,0.0,0.0,2.8213529940178255,0.7209546368368835,43,0.0013891183350656971,18,2.745990016246402,0.07106687783638563,0.0710751145805771,2.8216799925239235,False,False,False,False,False,25,25,0.23571966493142937,0.005105111302793271,2.7704872082280114
1998-05,12.287298402162687,12.279190979467815,-0.0005646576401718006,0.0,9.516378106464673e-05,0.0,9.516378106464673e-05,-0.0006598214212364474,0.09516378106464672,0.09516378106464672,0.0,0.0,2.796641170475783,0.6693669998934222,43,0.0011693057750193935,21,2.751476133043366,0.06914654811137556,0.06915312898460219,2.7969073347530458,False,False,False,False,False,22,22,0.24916955981657563,0.005715219845985342,2.7459900162464024
1998-06,12.279190979467815,12.487400482176053,0.01718420913472414,0.0,0.00022792080462262742,0.0,0.00022792080462262742,0.016956288330101512,0.22792080462262743,0.22792080462262743,0.0,0.0,2.844210787582129,0.6226503982917895,44,0.002798683088155213,18,2.7883603969656825,0.06767708012597688,0.06769250865701691,2.8448591901777927,False,False,False,False,False,26,26,0.21080032279612596,0.0051685527653468795,2.751476133043366
1998-07,12.487400482176053,12.72058780280426,0.019021643614186373,0.0,0.00034783548566119627,0.0,0.00034783548566119627,0.018673808128525177,0.34783548566119626,0.34783548566119626,0.0,0.0,2.8295345396382516,0.6263000352620438,44,0.004343561011363564,21,2.723404733007501,0.06101291596905118,0.061034145810801195,2.8305190946222027,False,False,False,False,False,23,23,0.22862092383535831,0.00541393773161765,2.7883603969656825
1998-08,12.72058780280426,13.284299634405723,0.04486283220705219,0.0,0.0005479121467392032,0.0,0.0005479121467392032,0.04431492006031299,0.5479121467392032,0.5479121467392032,0.0,0.0,2.796465499524673,0.46166579835225147,44,0.006969764570819006,27,2.6109181724341726,0.0652096915026508,0.06524544027189512,2.7979985569205685,False,False,False,False,False,17,17,0.23159818403482113,0.005617171372004278,2.723404733007501
1998-09,13.284299634405723,13.19442896885935,-0.006447044281229591,0.0,0.0003181347661934988,0.0,0.0003181347661934988,-0.006765179047423089,0.3181347661934988,0.3181347661934988,0.0,0.0,2.741272189141498,0.25053294462137565,44,0.004226197558236047,34,2.8378871686797384,0.07118145967992967,0.07120411218351118,2.742144560660172,False,False,False,False,False,10,10,0.2668847251989603,0.007361742713334851,2.6109181724341726
1998-10,13.19442896885935,12.795594280629869,-0.02993786571043886,0.0,0.00028964085091256624,0.0,0.00028964085091256624,-0.03022750656135143,0.28964085091256625,0.28964085091256625,0.0,0.0,2.8699996007340327,0.257565196795691,44,0.0038216456338458363,19,2.9865001454482405,0.07933079493253943,0.07935377902862041,2.870831110699762,False,False,False,False,False,25,25,0.17982733940256418,0.004879150235830174,2.8378871686797393
1998-11,12.795594280629869,13.11597859285023,0.025678848819223707,0.0,0.0006402062056982971,0.0,0.0006402062056982971,0.02503864261352541,0.6402062056982971,0.6402062056982971,0.0,0.0,2.9382946916169845,0.5414424820018661,44,0.00819181886405688,10,2.847166823549583,0.07186344162335745,0.07190947851775305,2.940177011185397,False,False,False,False,False,34,34,0.12997630892765377,0.002873928924726628,2.98650014544824
1998-12,13.11597859285023,13.684716014926787,0.043771911196898564,0.0,0.00040973139076597376,0.0,0.00040973139076597376,0.04336217980613259,0.40973139076597376,0.40973139076597376,0.0,0.0,2.880655099899606,0.1537058809423072,44,0.0053740281501052645,14,2.75101539989897,0.07417457119729405,0.07420497530502754,2.881835878522072,False,False,False,False,False,30,30,0.1646206612069491,0.0037861687782324693,2.8471668235495824
1999-01,13.684716014926787,13.525205317270618,-0.01103110175601504,0.0,0.0006250186546811812,0.0,0.0006250186546811812,-0.01165612041069622,0.6250186546811812,0.6250186546811812,0.0,0.0,2.815725820960489,0.7390214376217651,44,0.008553202793343555,28,2.8483823048791934,0.07202571812609643,0.07207076369786472,2.817486802771539,False,False,False,False,False,16,16,0.2176581721183633,0.006578380718169313,2.7510153998989706
1999-02,13.525205317270618,13.598200163878259,0.005610195129949855,0.0,0.000213245886271331,0.0,0.000213245886271331,0.005396949243678523,0.21324588627133098,0.21324588627133098,0.0,0.0,2.8535324615700772,0.6392585400424718,44,0.0028841943948830916,18,2.7592880101573645,0.06949081097347955,0.0695056327637391,2.8541410954175133,False,False,False,False,False,26,26,0.19903468168752422,0.005377652307098229,2.848382304879193
1999-03,13.598200163878259,13.294883092188257,-0.02169116077769251,0.0,0.0006145170351492601,0.0,0.0006145170351492601,-0.02230567781284177,0.61451703514926,0.61451703514926,0.0,0.0,2.8187546433556205,0.46780314377322874,44,0.00835632564807265,28,2.9221330300284585,0.06415667285353106,0.06419612246437595,2.820487881206054,False,False,False,False,False,16,16,0.21599917057963883,0.0061211161266744,2.759288010157364
1999-04,13.294883092188257,13.117019249677698,-0.013001612608978768,0.0,0.00037675569085741326,0.0,0.00037675569085741326,-0.013378368299836182,0.37675569085741323,0.37675569085741323,0.0,0.0,2.8970652948483115,0.273644528902475,44,0.0050089228642659295,15,2.9523314604401265,0.06577447372268179,0.06579926396983665,2.8981571920634206,False,False,False,False,False,29,29,0.1858290632728204,0.004856646802523306,2.922133030028458
1999-05,13.117019249677698,13.098928075927207,-0.0008455740232208306,0.0,0.0005336397605003888,0.0,0.0005336397605003888,-0.0013792137837212194,0.5336397605003889,0.5336397605003889,0.0,0.0,2.9467272317711983,0.41684460577982557,45,0.006999763010876996,19,2.900361293701613,0.06228314627630078,0.062316400785491194,2.9483005621770815,False,False,False,False,False,26,26,0.17508418038320775,0.004819909539405569,2.952331460440126
1999-06,13.098928075927207,13.15962437930875,0.005640592931053817,0.0,0.0010069081722918326,0.0,0.0010069081722918326,0.0046336847587619846,1.0069081722918327,1.0069081722918327,0.0,0.0,2.9412788506697374,-0.2893073101933875,45,0.013189417727914036,14,2.9423898545284124,0.05865355264206432,0.05871267091022091,2.944243433444089,False,False,False,False,False,31,31,0.14675674437589414,0.0036451325499857893,2.9003612937016126
1999-07,13.15962437930875,13.157405850764036,0.0013728515447582455,0.0,0.0015414375530490535,0.0,0.0015414375530490535,-0.000168586008290808,1.5414375530490534,1.5414375530490534,0.0,0.0,2.9502394166337935,-0.7958748914672938,45,0.02028473920228635,21,2.9300322962211416,0.06903106186833202,0.06913763321249469,2.9547940471395804,False,False,False,False,False,24,24,0.11752928675652709,0.004482257565718381,2.9423898545284115
1999-08,13.157405850764036,13.00308159849663,-0.01089178385248145,0.0,0.0008372951177810576,0.0,0.0008372951177810576,-0.011729078970262508,0.8372951177810576,0.8372951177810576,0.0,0.0,2.957277908833129,-0.6635006992260047,45,0.01101663168150865,15,3.0088875156260135,0.06855597604652648,0.06861342573290688,2.9597560981639446,False,False,False,False,False,30,30,0.09479143590980574,0.004218060996076787,2.9300322962211416
1999-09,13.00308159849663,12.953879028537616,-0.0030938069648890334,0.0,0.0006901091465582318,0.0,0.0006901091465582318,-0.003783916111447265,0.6901091465582317,0.6901091465582317,0.0,0.0,2.9911587907748087,-1.0394259907202503,45,0.008973545544565557,13,3.028954087000746,0.07705838707032268,0.07711160249250852,2.993224442340169,False,False,False,False,False,32,32,0.10898611294217819,0.0036569360315641193,3.0088875156260126
1999-10,12.953879028537616,13.217613529435384,0.020702187800392055,0.0,0.00034268773737956945,0.0,0.00034268773737956945,0.020359500063012487,0.3426877373795694,0.3426877373795694,0.0,0.0,2.998971936787861,-0.9495132111523709,45,0.00443913549457821,45,2.9240762978262045,0.08227441840112501,0.08230262250061014,2.9999999999999996,False,False,True,True,False,28,0,0.1265578389869173,0.0039519185307782855,3.0289540870007454
1999-11,13.217613529435384,13.639144786552873,0.03215815421501057,0.0,0.00026652293234783305,0.0,0.00026652293234783305,0.03189163128266274,0.26652293234783303,0.26652293234783303,0.0,0.0,2.9303174601286646,-0.885423011161454,45,0.00352279711650551,15,2.840418276316835,0.08291217755583305,0.08293428144371559,2.9310986651398987,False,False,False,False,False,30,30,0.14613843436555743,0.004383790016027335,2.924076297826205
1999-12,13.639144786552873,14.399419735575083,0.0560475923836913,0.0,0.00030546478550178805,0.0,0.00030546478550178805,0.055742127598189514,0.305464785501788,0.305464785501788,0.0,0.0,2.871163683516453,-0.954881001506455,45,0.004166278436652204,20,2.726136720403901,0.08524663559664793,0.08527268339859144,2.872040990901691,False,False,False,False,False,25,25,0.1973512944418553,0.005684399487588778,2.8404182763168357
2000-01,14.399419735575083,14.404430372954042,0.0005002172029304475,0.0,0.00015224225178858588,0.0,0.00015224225178858588,0.0003479749511418616,0.1522422517885859,0.1522422517885859,0.0,0.0,2.8038570117974153,-0.8854045251755622,45,0.0021922000849929546,23,2.7938732379343914,0.08375803531400185,0.08377078876751792,2.8042839422994454,False,False,False,False,False,22,22,0.2338233162405332,0.006678529497426264,2.7261367204039004
2000-02,14.404430372954042,14.829348872890096,0.029586550779786797,0.0,8.739746832460521e-05,0.0,8.739746832460521e-05,0.029499153311462193,0.08739746832460521,0.08739746832460521,0.0,0.0,2.81933443413057,-0.8821624167105363,45,0.0012589107472542323,16,2.7634577124036097,0.08181753069124326,0.08182468196129314,2.8195808583593274,False,False,False,False,False,29,29,0.23240479936043115,0.005668701190608436,2.7938732379343914
2000-03,14.829348872890096,14.445958633330791,-0.02536852382300113,0.0,0.0004849538209289278,0.0,0.0004849538209289278,-0.02585347764393006,0.4849538209289278,0.4849538209289278,0.0,0.0,2.8025704147259263,-0.8614999935426855,45,0.007191549397796141,29,2.925005786258517,0.07355986046481694,0.07359555090843335,2.8039301913858568,False,False,False,False,False,16,16,0.23847474269476898,0.006027114125742409,2.7634577124036093
2000-04,14.445958633330791,14.73014202524429,0.020145082581085202,0.0,0.0004729099598920899,0.0,0.0004729099598920899,0.019672172621193112,0.4729099598920899,0.4729099598920899,0.0,0.0,2.9204349541305765,-0.953031498779113,45,0.006831637717891254,11,2.8028320104754343,0.07860236264133537,0.07863955206875013,2.921816710353882,False,False,False,False,False,34,34,0.17042825591950328,0.004658593452290209,2.9250057862585166
2000-05,14.73014202524429,14.83412026508102,0.007554172884381132,0.0,0.0004952973040551966,0.0,0.0004952973040551966,0.007058875580325936,0.4952973040551966,0.4952973040551966,0.0,0.0,2.840840922036034,-1.4083077603523548,45,0.00729579963345365,12,2.8246944454280962,0.06509386411947375,0.06512612091158483,2.842248680144764,False,False,False,False,False,33,33,0.2031189043182295,0.005262118288463576,2.8028320104754343
2000-06,14.83412026508102,15.025273409249833,0.013015835698968822,0.0,0.00012979050363766525,0.0,0.00012979050363766525,0.012886045195331156,0.12979050363766526,0.12979050363766526,0.0,0.0,2.808667964754569,-1.3283856701928622,45,0.001925327940226562,18,2.785860002505451,0.06191709481407623,0.06192513210816038,2.8090325505040337,False,False,False,False,False,27,27,0.22655240512871758,0.0059060261362818755,2.824694445428096
2000-07,15.025273409249833,15.341200062760796,0.021807066243537593,0.0,0.0007807165122591721,0.0,0.0007807165122591721,0.02102634973127842,0.7807165122591722,0.7807165122591722,0.0,0.0,2.828379916871187,-0.8706473664740545,45,0.01173047905181001,25,2.747560103960069,0.05499656951199306,0.055039539789533895,2.8305898050714386,False,False,False,False,False,20,20,0.20100155019239557,0.00508832904024577,2.7858600025054514
2000-08,15.341200062760796,15.901135426376067,0.03770732207676809,0.0,0.0012085239824484839,0.0,0.0012085239824484839,0.03649879809431961,1.208523982448484,1.208523982448484,0.0,0.0,2.8279676272868843,-0.0659331037451728,45,0.01854020819538661,27,2.7511931731197565,0.054347486492181886,0.05441324620518373,2.831389429315864,False,False,False,False,False,18,18,0.20087241357262392,0.003955948021647145,2.74756010396007
2000-09,15.901135426376067,15.640239728446288,-0.015555345501032963,0.0,0.0008520173025702043,0.0,0.0008520173025702043,-0.01640736280360317,0.8520173025702042,0.8520173025702042,0.0,0.0,2.8440764971628134,-0.11951008842487,45,0.013548042513784452,25,2.868915055934811,0.06067909089139984,0.060730834613289895,2.8465017659191734,False,False,False,False,False,20,20,0.20679310626202813,0.004553938742760457,2.7511931731197574
2000-10,15.640239728446288,16.06492697362014,0.028113135278591914,0.0,0.0009596355530451896,0.0,0.0009596355530451896,0.027153499725546724,0.9596355530451897,0.9596355530451897,0.0,0.0,2.914660151598825,0.02846795110373518,46,0.0150089301015669,13,2.806201780701938,0.05694511815339725,0.05699981720450377,2.9174598497952706,False,False,False,False,False,33,33,0.14841964381935396,0.003931831342105176,2.868915055934811
2000-11,16.06492697362014,16.37476467074993,0.020258840874397416,0.0,0.0009722485581939763,0.0,0.0009722485581939763,0.01928659231620344,0.9722485581939763,0.9722485581939763,0.0,0.0,2.872051957035172,0.8532483373039513,47,0.015619102087593699,19,2.838574950484354,0.05479989457669724,0.05485322554614677,2.874847022908223,False,False,False,False,False,28,28,0.14635037750323676,0.004023748863692238,2.806201780701938
2000-12,16.37476467074993,16.341041642442587,-0.0014945312192891315,0.0,0.0005649199536234721,0.0,0.0005649199536234721,-0.0020594511729126034,0.564919953623472,0.564919953623472,0.0,0.0,2.902532240354164,0.5084633501532637,48,0.009250431298395319,22,2.948579982482873,0.06495949989585569,0.06499621755606316,2.904172865554688,False,False,False,False,False,26,26,0.13045324635695024,0.00478578870449805,2.838574950484354
2001-01,16.341041642442587,16.180699714804067,-0.009580249666705008,0.0,0.00023197229239354345,0.0,0.00023197229239354345,-0.009812221959098552,0.23197229239354344,0.23197229239354344,0.0,0.0,2.946268900472135,0.5583011850562264,48,0.0037906688898957613,14,2.963945536367998,0.06840220456451286,0.06841807566236542,2.9469525118018725,False,False,False,False,False,34,34,0.11817639362232986,0.0037764756106290005,2.9485799824828725
2001-02,16.180699714804067,16.722110472016265,0.0338958724205126,0.0,0.00043559154546169083,0.0,0.00043559154546169083,0.03346028087505091,0.4355915454616908,0.4355915454616908,0.0,0.0,2.956691749751276,0.4680598075564665,48,0.007048175995423044,19,2.830261147971998,0.06028826223319837,0.06031453473459722,2.957980220927155,False,False,False,False,False,29,29,0.1081395688196341,0.0038228667817140427,2.963945536367998
2001-03,16.722110472016265,17.409448825119444,0.04134584412687247,0.0,0.00024227922378147507,0.0,0.00024227922378147507,0.04110356490309099,0.24227922378147507,0.24227922378147507,0.0,0.0,2.8649734670457474,0.4843314191830779,48,0.004051419945148176,21,2.682358275754305,0.06379601285439063,0.06381147304854919,2.8656677588059667,False,False,False,False,False,27,27,0.15929759702917917,0.005062437669160331,2.830261147971998
2001-04,17.409448825119444,16.37791169401369,-0.05893915361567629,0.0,0.0003124138215067994,0.0,0.0003124138215067994,-0.059251567437183086,0.31241382150679936,0.31241382150679936,0.0,0.0,2.766943199737372,0.20952461906789088,48,0.005438952437782624,30,2.979193239209364,0.07308955019947962,0.07311239152111423,2.7678079011809764,False,False,False,False,False,18,18,0.2354639918773916,0.006946539029755839,2.6823582757543045
2001-05,16.37791169401369,16.672276845841505,0.018609504263253206,0.0,0.0006362023351807919,0.0,0.0006362023351807919,0.017973301928072415,0.6362023351807918,0.6362023351807918,0.0,0.0,2.9959366370090432,0.1086739960612956,49,0.010419665665116309,15,2.930858030479829,0.07378966079558437,0.07383663583572495,2.997843872281096,False,False,False,False,False,34,34,0.08358562817364837,0.0031814965363966565,2.9791932392093634
2001-06,16.672276845841505,16.906841277219158,0.014239121725563348,0.0,0.00016999166333321104,0.0,0.00016999166333321104,0.014069130062230137,0.16999166333321103,0.16999166333321103,0.0,0.0,2.934447370409075,0.28015647310770364,49,0.002834148072576379,12,2.8719041352607357,0.06485295424708383,0.06486398058303355,2.9349462868101637,False,False,False,False,False,37,37,0.09511491230890827,0.0031479206527785923,2.9308580304798295
2001-07,16.906841277219158,16.575189702193,-0.019224552972846483,0.0,0.00039185967266850915,0.0,0.00039185967266850915,-0.019616412645514992,0.39185967266850913,0.39185967266850913,0.0,0.0,2.8905568464436278,-0.0932712621806511,49,0.006625109288749539,16,2.9761059970073784,0.06939280145101415,0.06942000435119586,2.8916899831338774,False,False,False,False,False,33,33,0.13506816073095979,0.004053885099929595,2.8719041352607353
2001-08,16.575189702193,16.980463081946525,0.025411854512334436,0.0,0.0009612517116978816,0.0,0.0009612517116978816,0.024450602800636555,0.9612517116978816,0.9612517116978816,0.0,0.0,2.94978026742742,0.5454483683688351,49,0.015932929472950122,19,2.8654245497149233,0.07768993365563799,0.0777646850922926,2.9526184769924195,False,False,False,False,False,30,30,0.12189538058971518,0.003867167176599846,2.9761059970073784
2001-09,16.980463081946525,18.132244675643577,0.06868447458576038,0.0,0.0008546640476945986,0.0,0.0008546640476945986,0.06782981053806578,0.8546640476945986,0.8546640476945986,0.0,0.0,2.91123962358847,0.8648521338474839,49,0.014512591309345116,26,2.6667428086154428,0.07501323197447751,0.07507739792728042,2.9137298837648173,False,False,False,False,False,23,23,0.13540252736834946,0.005315347258439885,2.8654245497149238
2001-10,18.132244675643577,18.548697137158477,0.023498768137069664,0.0,0.0005312608612436072,0.0,0.0005312608612436072,0.022967507275826058,0.5312608612436072,0.5312608612436072,0.0,0.0,2.7894918999749523,0.5954205954734579,49,0.009632951922662218,37,2.750329752463723,0.08826585293908036,0.08831277005735984,2.7909746355635505,False,False,False,False,False,12,12,0.21709622643372575,0.007561744381620801,2.666742808615443
2001-11,18.548697137158477,17.609660971148056,-0.05050148924209689,0.0,0.00012396218808769167,0.0,0.00012396218808769167,-0.05062545143018458,0.12396218808769166,0.12396218808769166,0.0,0.0,2.803654305418561,0.6037985919661464,49,0.002299337083298067,28,2.978020982764643,0.08801116520228527,0.08802207661150206,2.804001895628945,False,False,False,False,False,21,21,0.20544353600773954,0.006896590406130647,2.7503297524637236
2001-12,17.609660971148056,17.441840139211678,-0.008931453052183711,0.0,0.0005985902695666144,0.0,0.0005985902695666144,-0.009530043321750326,0.5985902695666144,0.5985902695666144,0.0,0.0,2.9568284470510586,0.6932991838031914,49,0.010540971707696205,18,2.9635027491196317,0.08701560401201469,0.08706772190313924,2.9585994358849246,False,False,False,False,False,31,31,0.12783109561233993,0.003602539334942484,2.9780209827646424
2002-01,17.441840139211678,17.8483628703817,0.024518912040519758,0.0,0.001211581625530903,0.0,0.001211581625530903,0.023307330414988853,1.211581625530903,1.211581625530903,0.0,0.0,2.980996123194418,-0.5053241888418756,49,0.02113221302811624,14,2.8953283148020095,0.08188735706719709,0.08198669063510867,2.9846122245249873,False,False,False,False,False,35,35,0.11219597815753585,0.0045931746067006006,2.9635027491196317
2002-02,17.8483628703817,18.020244709137025,0.011379479425986981,0.0,0.0017493615264593762,0.0,0.0017493615264593762,0.009630117899527606,1.749361526459376,1.749361526459376,0.0,0.0,2.9947519154206215,0.6009989612346591,53,0.03122323931573178,53,2.9793399164691694,0.07190127746936431,0.07202727922048818,2.9999999999999996,False,False,True,True,False,2,0,0.12454854008252142,0.0017757480517356147,2.8953283148020095
2002-03,18.020244709137025,17.107140760937533,-0.05025002231976835,0.0,0.00042098481347607725,0.0,0.00042098481347607725,-0.050671007133244426,0.42098481347607725,0.42098481347607725,0.0,0.0,2.9800282434380185,0.582641037378417,53,0.007586249357669318,12,3.149080985717462,0.0591404572987542,0.05916536501891093,2.9812833184397514,False,False,False,False,False,41,41,0.1272502466577346,0.002209872284816207,2.9793399164691694
2002-04,17.107140760937533,17.319431985853488,0.014567386325918497,0.0,0.0021578768770512957,0.0,0.0021578768770512957,0.012409509448867201,2.1578768770512955,2.1578768770512955,0.0,0.0,2.993526369368843,-0.23637301347902123,53,0.03691510348048881,53,2.9551503281801264,0.042448272350555906,0.04254006858089479,2.999999999999997,False,False,True,True,False,23,0,0.1191304978419777,0.0026534761382945014,3.1490809857174615
2002-05,17.319431985853488,17.68913558126169,0.02338559627292066,0.0,0.0020394230433264564,0.0,0.0020394230433264564,0.021346173229594204,2.0394230433264564,2.0394230433264564,0.0,0.0,2.980510547759655,1.3910687170464686,53,0.03532164868927489,21,2.945721574958981,0.07159483372360496,0.07174114426637643,2.986601491662986,False,False,False,False,False,32,32,0.10472712600592327,0.002182137855904857,2.955150328180126
2002-06,17.68913558126169,18.330506680580605,0.03653618179526766,0.0,0.0002782710357207889,0.0,0.0002782710357207889,0.03625791075954687,0.27827103572078893,0.27827103572078893,0.0,0.0,2.944577411129218,1.5484684189379967,53,0.00492237407920315,15,2.8590733832705677,0.07252149646137741,0.0725416827105582,2.9453970298113124,False,False,False,False,False,38,38,0.13523570715202807,0.0032060706745317097,2.945721574958981
2002-07,18.330506680580605,18.88405910355278,0.030744060219894752,0.0,0.000545635669055254,0.0,0.000545635669055254,0.030198424550839497,0.545635669055254,0.545635669055254,0.0,0.0,2.8951888610901495,1.649442818448476,53,0.0100017782767804,30,2.8231125373614487,0.0714823618046181,0.0715213864241514,2.8967694418226375,False,False,False,False,False,23,23,0.16719627556569722,0.004870920216270784,2.8590733832705677
2002-08,18.88405910355278,19.574663237228314,0.03726706278560829,0.0,0.0006963165340458716,0.0,0.0006963165340458716,0.03657074625156242,0.6963165340458717,0.6963165340458717,0.0,0.0,2.86342716295716,1.5466186337462136,53,0.013149282583703261,29,2.7832089144498515,0.07162048111641098,0.0716703863914568,2.865422403954059,False,False,False,False,False,24,24,0.19701336756759386,0.005060817300004129,2.823112537361449
2002-09,19.574663237228314,20.869905712155262,0.06680753283090586,0.0,0.0006381965194857844,0.0,0.0006381965194857844,0.06616933631142008,0.6381965194857844,0.6381965194857844,0.0,0.0,2.8342731325190873,1.5787629153598937,53,0.012492481948105448,33,2.669300781930957,0.07425369030624682,0.0743011090154144,2.8360831108894295,False,False,False,False,False,20,20,0.207364862054593,0.005493793164932909,2.783208914449852
2002-10,20.869905712155262,20.435958226329024,-0.0202744471945326,0.0,0.0005185305894299849,0.0,0.0005185305894299849,-0.020792977783962583,0.5185305894299849,0.5185305894299849,0.0,0.0,2.7934345899416293,1.8425112175560137,53,0.010821684510272076,40,2.8679959841140867,0.06986377697703611,0.06990002227678846,2.794883822697601,False,False,False,False,False,13,13,0.24940595784130354,0.005600672050448577,2.6693007819309584
2002-11,20.435958226329024,19.78491068644775,-0.0315225959950012,0.0,0.0003353444387627359,0.0,0.0003353444387627359,-0.031857940433763936,0.3353444387627359,0.3353444387627359,0.0,0.0,2.8688014046928476,1.8878650319232313,53,0.006853084941987022,15,2.9714238665000585,0.07296152951751458,0.07298600496838824,2.8697637640116715,False,False,False,False,False,38,38,0.2032629917428422,0.0028591085234830733,2.8679959841140867
2002-12,19.78491068644775,20.949970264562523,0.059115604906920596,0.0,0.00022933563946236885,0.0,0.00022933563946236885,0.05888626926745823,0.22933563946236885,0.22933563946236885,0.0,0.0,2.9550455900242647,1.9804721214157721,53,0.004537385143982349,16,2.80118001871431,0.0764904250266438,0.07650797103110418,2.955723442750082,False,False,False,False,False,37,37,0.16499995333624434,0.0031931210837417884,2.971423866500059
2003-01,20.949970264562523,21.794920260217364,0.04064884264861508,0.0,0.0003170433675393368,0.0,0.0003170433675393368,0.04033179928107575,0.31704336753933676,0.31704336753933676,0.0,0.0,2.8315959711739223,1.8233232916008222,53,0.006642049122525873,20,2.7437614631669236,0.07385153895634824,0.07387496052260917,2.832493994608508,False,False,False,False,False,33,33,0.2189582868251258,0.004544835407704431,2.8011800187143105
2003-02,21.794920260217364,22.329817327859768,0.0247232066357791,0.0,0.0001809251657817434,0.0,0.0001809251657817434,0.024542281469997356,0.1809251657817434,0.1809251657817434,0.0,0.0,2.8096340074764465,1.9356469532761065,53,0.003943249561279704,31,2.743573975932248,0.07617554107890084,0.07618932564527402,2.8101424329620004,False,False,False,False,False,22,22,0.23154516664216548,0.006485406937902814,2.743761463166924
2003-03,22.329817327859768,21.850531345276995,-0.02126476218573382,0.0,0.00019918333364100831,0.0,0.00019918333364100831,-0.02146394551937483,0.19918333364100832,0.19918333364100832,0.0,0.0,2.793484606586659,1.7695510728533232,53,0.004447727454957861,29,2.826903043934265,0.07600311321155216,0.076018254780957,2.7940411330138626,False,False,False,False,False,24,24,0.2345557961055279,0.006665097951540876,2.743573975932248
2003-04,21.850531345276995,21.58178983171562,-0.011830361993916303,0.0,0.0004687216903558589,0.0,0.0004687216903558589,-0.012299083684272162,0.4687216903558589,0.4687216903558589,0.0,0.0,2.8446629775260943,1.8343193294898619,53,0.010241817987331913,21,2.9178184725748415,0.07859232604051733,0.07862918124326096,2.84599695803101,False,False,False,False,False,32,32,0.1870728223571151,0.005800886887731043,2.8269030439342644
2003-05,21.58178983171562,22.15721367669736,0.026873364025756116,0.0,0.00021089305052102465,0.0,0.00021089305052102465,0.02666247097523509,0.21089305052102464,0.21089305052102464,0.0,0.0,2.91146473183188,2.0395305625223408,53,0.004551449493314139,16,2.901640595287231,0.08181028630797688,0.08182754316817226,2.912078869027927,False,False,False,False,False,37,37,0.17673205014660076,0.0030395732002864054,2.9178184725748415
2003-06,22.15721367669736,21.631224403259985,-0.023369237450507084,0.0,0.00036972544944265204,0.0,0.00036972544944265204,-0.023738962899949735,0.369725449442652,0.369725449442652,0.0,0.0,2.9030711878722357,2.1000517480040766,53,0.008192085785013807,19,2.9715335652393646,0.07665394885094921,0.07668230024887303,2.904144924159567,False,False,False,False,False,34,34,0.1945921067437316,0.002630213097578148,2.9016405952872315
2003-07,21.631224403259985,20.686868963982022,-0.043144426078840226,0.0,0.0005126236411766949,0.0,0.0005126236411766949,-0.04365704972001692,0.5126236411766949,0.5126236411766949,0.0,0.0,2.965817017986774,2.0640652708629275,53,0.011088677016709313,17,3.086232295705707,0.05825407633726139,0.058283954070018934,2.9673381456716106,False,False,False,False,False,36,36,0.165312606499685,0.0025487000084224534,2.971533565239364
2003-08,20.686868963982022,20.86869476018014,0.009306440052258001,0.0,0.0005170095920613615,0.0,0.0005170095920613615,0.008789430460196639,0.5170095920613615,0.5170095920613615,0.0,0.0,2.998448971223815,2.356818003657674,53,0.010695309684095187,53,3.0191382544174017,0.05764362110300582,0.05767343882408504,2.999999999999999,False,False,True,True,False,33,0,0.1624738879934947,0.002627418590797694,3.086232295705707
2003-09,20.86869476018014,22.12475809769909,0.061437362028299296,0.0,0.001248483329682236,0.0,0.001248483329682236,0.06018887869861706,1.248483329682236,1.248483329682236,0.0,0.0,2.996254550010952,1.9159427638024746,53,0.026054217520311933,53,2.873170201179556,0.06422051319320195,0.06430079165967442,2.9999999999999982,False,False,True,True,False,28,0,0.15672929521502924,0.0030021103635062994,3.0191382544174012
2003-10,22.12475809769909,22.942839749109147,0.03750021183862364,0.0,0.0005243656938860199,0.0,0.0005243656938860199,0.036975846144737624,0.5243656938860198,0.5243656938860198,0.0,0.0,2.908739637299928,1.732106025375618,53,0.01160146413196032,25,2.8333061829800426,0.06862493222944302,0.06866093566861776,2.9102656807830245,False,False,False,False,False,28,28,0.1957620248700201,0.004160526417551487,2.8731702011795566
2003-11,22.942839749109147,23.408748657809014,0.020586738419470445,0.0,0.00027936087620189455,0.0,0.00027936087620189455,0.02030737754326855,0.27936087620189454,0.27936087620189454,0.0,0.0,2.8668927760824072,1.4933375646842022,53,0.006409331814870786,23,2.823240932898251,0.06761146888930694,0.06763036216653963,2.867693897562309,False,False,False,False,False,30,30,0.2129269878241618,0.0038019987567150175,2.833306182980043
2003-12,23.408748657809014,24.106939799147643,0.02999636500313729,0.0,0.00017028794345132708,0.0,0.00017028794345132708,0.029826077059685964,0.17028794345132708,0.17028794345132708,0.0,0.0,2.8407909941259275,1.6184259929204858,53,0.00398622766770731,18,2.789097156064693,0.07018703344933033,0.07019898749054246,2.8412748289733334,False,False,False,False,False,35,35,0.21033290580666258,0.003391315680717305,2.8232409328982504
2004-01,24.106939799147643,24.51983945936393,0.017246769769528963,0.0,0.00011893589030354244,0.0,0.00011893589030354244,0.01712783387922542,0.11893589030354243,0.11893589030354243,0.0,0.0,2.8216317715452783,1.6234409490750423,53,0.002867180347505525,19,2.80959139553097,0.072493061610818,0.07250168466323194,2.82196740475097,False,False,False,False,False,34,34,0.2176141503504295,0.0039049932698219663,2.7890971560646927
2004-02,24.51983945936393,25.862777274093137,0.055021831523345444,0.0,0.00025239402540317747,0.0,0.00025239402540317747,0.05476943749794227,0.25239402540317746,0.25239402540317746,0.0,0.0,2.8289160950834016,1.8399369923112185,53,0.006188660983388533,21,2.7360750040276653,0.06917871195774271,0.06919617665931227,2.829630276859381,False,False,False,False,False,32,32,0.2264246253844747,0.004017287844556871,2.80959139553097
2004-03,25.862777274093137,26.70518742968844,0.03277298645257183,0.0,0.00020068585749438955,0.0,0.00020068585749438955,0.032572300595077444,0.20068585749438955,0.20068585749438955,0.0,0.0,2.7968168353846665,1.8379328908467163,53,0.005190293634437792,33,2.747875948272149,0.07362681745099556,0.07364159627789185,2.797378229633417,False,False,False,False,False,20,20,0.2603841877813264,0.0045645321801298265,2.736075004027666
2004-04,26.70518742968844,25.623507471466365,-0.040301570930889055,0.0,0.00020291760977396984,0.0,0.00020291760977396984,-0.040504488540663026,0.20291760977396983,0.20291760977396983,0.0,0.0,2.7924283840407873,1.8779436316543139,54,0.005418952801798244,34,2.858253082156426,0.06881330854858464,0.06882727481467729,2.7929951319370705,False,False,False,False,False,20,20,0.26182027656248535,0.0049457933279916455,2.7478759482721484
2004-05,25.623507471466365,25.303848562096274,-0.012166847148815132,0.0,0.0003083734948088574,0.0,0.0003083734948088574,-0.01247522064362399,0.3083734948088574,0.3083734948088574,0.0,0.0,2.8600463696661507,1.6230965768004009,54,0.00790161054823695,24,2.8902725707186527,0.06849254284341579,0.0685136706434743,2.860928604218232,False,False,False,False,False,30,30,0.19835365355663984,0.004789665390403782,2.8582530821564256
2004-06,25.303848562096274,24.84119905810022,-0.016696965348042263,0.0,0.0015867950396592577,0.0,0.0015867950396592577,-0.01828376038770152,1.5867950396592576,1.5867950396592576,0.0,0.0,2.9076055552268962,0.26489537504640176,54,0.04015202138262341,17,2.951385363339842,0.08136239362268972,0.08149170425477459,2.9122266620485986,False,False,False,False,False,37,37,0.14212786033360295,0.0038327688234584658,2.8902725707186536
2004-07,24.84119905810022,24.37307777468219,-0.018705893421761294,0.0,0.00013865922334879423,0.0,0.00013865922334879423,-0.018844552645110087,0.1386592233487942,0.1386592233487942,0.0,0.0,2.9524527783436545,0.19202303220536646,54,0.003444461368448975,10,2.99511494955064,0.08374699461950649,0.08375860852311308,2.9528622199257253,False,False,False,False,False,44,44,0.12571499285577506,0.0028084915817342066,2.9513853633398415
2004-08,24.37307777468219,24.419569176541057,0.0037282211046032274,0.0,0.0018207311154990109,0.0,0.0018207311154990109,0.0019074899891042166,1.820731115499011,1.820731115499011,0.0,0.0,2.9522962858903354,1.6478216127758119,54,0.044376821084841256,26,2.9864735479251734,0.07163550602211828,0.0717661729262053,2.957681428496933,False,False,False,False,False,28,28,0.1103188996434314,0.0033524787198210976,2.995114949550641
2004-09,24.419569176541057,24.898371995462337,0.01999305797791694,0.0,0.0003857170187140573,0.0,0.0003857170187140573,0.01960734095920288,0.3857170187140573,0.3857170187140573,0.0,0.0,2.9718730868105516,1.8323518589933507,54,0.009419043421057104,19,2.9289612726057235,0.07007597876100638,0.07010301868837772,2.973019831156403,False,False,False,False,False,35,35,0.12410536776515001,0.0035503565382243134,2.9864735479251743
2004-10,24.898371995462337,25.41329201020192,0.020730798399253198,0.0,4.9927584348962615e-05,0.0,4.9927584348962615e-05,0.020680870814904235,0.04992758434896261,0.04992758434896261,0.0,0.0,2.9264995173751656,1.8475814963743444,54,0.0012431155679552945,21,2.8847082037722758,0.0656436829076195,0.06564696050177721,2.9266456377221024,False,False,False,False,False,33,33,0.15385995992166415,0.004889866061118788,2.9289612726057235
2004-11,25.41329201020192,26.7340876590033,0.05292663987897615,0.0,0.0009540088530092277,0.0,0.0009540088530092277,0.05197263102596693,0.9540088530092277,0.9540088530092277,0.0,0.0,2.9199763931786893,2.5568088193976886,54,0.024244505561841306,18,2.8188563995347846,0.06573833111491102,0.06580110595252753,2.922764736612681,False,False,False,False,False,36,36,0.13394550813151615,0.003991478263675883,2.8847082037722767
2004-12,26.7340876590033,26.644913988748634,-0.0032626930784557164,0.0,7.288625352254216e-05,0.0,7.288625352254216e-05,-0.0033355793319782587,0.07288625352254216,0.07288625352254216,0.0,0.0,2.8326275672429984,2.440313967170107,54,0.00194854749080798,21,2.8495931486411945,0.06795391999689313,0.06795887326455899,2.8328340419031637,False,False,False,False,False,33,33,0.21271103926821874,0.004295145114595811,2.818856399534784
2005-01,26.644913988748634,26.628634332872128,-0.0005091206232951517,0.0,0.00010186486847198054,0.0,0.00010186486847198054,-0.0006109854917671322,0.10186486847198054,0.10186486847198054,0.0,0.0,2.8599139038918033,2.4531695608825292,54,0.002714180658911114,9,2.8483289650721297,0.06285487994335949,0.0628612832997148,2.860205258324245,False,False,False,False,False,45,45,0.1826766358207707,0.0031913868746174497,2.8495931486411936
2005-02,26.628634332872128,26.552889192123608,-0.0023217500896874055,0.0,0.0005227495493727401,0.0,0.0005227495493727401,-0.0028444996390601454,0.5227495493727401,0.5227495493727401,0.0,0.0,2.873447428123691,1.939211357658754,54,0.01392010659792038,11,2.9161134584503854,0.06115606188212204,0.061188047906592206,2.874950307101197,False,False,False,False,False,43,43,0.16447485208255205,0.0034642127204327715,2.8483289650721297
2005-03,26.552889192123608,26.414170064295508,-0.005008631067595729,0.0,0.00021562633145407102,0.0,0.00021562633145407102,-0.0052242573990498,0.215626331454071,0.215626331454071,0.0,0.0,2.9166990370705697,1.7456480453569232,54,0.005725502086004065,13,2.9274010249368656,0.06359941163588043,0.06361312830136837,2.9173280898242266,False,False,False,False,False,41,41,0.15791824381046707,0.0037026605791398077,2.9161134584503854
2005-04,26.414170064295508,26.172909679613767,-0.008565690049208909,0.0,0.0005680583931794422,0.0,0.0005680583931794422,-0.00913374844238835,0.5680583931794422,0.5680583931794422,0.0,0.0,2.9380823929357653,1.2030611705524512,54,0.01500479100389223,22,2.9536410420467365,0.05936258326066138,0.059396323840943226,2.939752343928603,False,False,False,False,False,32,32,0.14688847618035378,0.0035571592518233745,2.9274010249368665
2005-05,26.172909679613767,26.276971751819424,0.00473264362531387,0.0,0.0007566977530553036,0.0,0.0007566977530553036,0.003975945872258566,0.7566977530553036,0.7566977530553036,0.0,0.0,2.944470736879098,1.9547649867958348,54,0.019804981945483142,11,2.9458167701506817,0.06088375518572513,0.06092986067439141,2.946700498525259,False,False,False,False,False,43,43,0.12302335024560856,0.002808519209604639,2.9536410420467365
2005-06,26.276971751819424,26.659559413307957,0.01568545997829078,0.0,0.0011256520559018892,0.0,0.0011256520559018892,0.014559807922388892,1.1256520559018892,1.1256520559018892,0.0,0.0,2.9633013340256578,2.239054549472511,54,0.0295787272753114,14,2.929361270646464,0.061350270618091264,0.061419407500416384,2.966640739272943,False,False,False,False,False,40,40,0.09463030148752524,0.0019367146070230427,2.945816770150682
2005-07,26.659559413307957,26.56464323077854,-0.0029624863122655457,0.0,0.0005978194323986745,0.0,0.0005978194323986745,-0.00356030574466422,0.5978194323986744,0.5978194323986744,0.0,0.0,2.971106825813603,2.067713114752131,55,0.015937602676462503,18,2.9966721570925547,0.05151656013838089,0.05154737616153943,2.9728840736831192,False,False,False,False,False,37,37,0.09331819175828687,0.0018591515963109128,2.9293612706464627
2005-08,26.56464323077854,26.75671150339229,0.008388534358818872,0.0,0.0011583121817253588,0.0,0.0011583121817253588,0.007230222177093513,1.1583121817253588,1.1583121817253588,0.0,0.0,2.981162846422257,1.7064958546059896,55,0.030770149857398874,17,2.9708695874797595,0.056942448987035356,0.057008482606900605,2.9846199680891154,False,False,False,False,False,38,38,0.09444784778532954,0.0019871509869184814,2.9966721570925543
2005-09,26.75671150339229,26.906712478726917,0.006179678656916944,0.0,0.0005735721174190119,0.0,0.0005735721174190119,0.005606106539497932,0.5735721174190118,0.5735721174190118,0.0,0.0,2.960911142882339,1.4529694449956374,55,0.015346903672170347,17,2.9639371918524917,0.05729569969567342,0.05732858177170885,2.9626104136103613,False,False,False,False,False,38,38,0.10094327563725863,0.002581606064186796,2.970869587479759
2005-10,26.906712478726917,26.349396913106524,-0.01995408512837828,0.0,0.0007587970589576147,0.0,0.0007587970589576147,-0.020712882187335895,0.7587970589576146,0.7587970589576146,0.0,0.0,2.9629289177385583,1.4006088517056763,55,0.020416734295076136,29,2.993674283613791,0.05401911593182097,0.0540601366044833,2.965178886757113,False,False,False,False,False,26,26,0.13083859978685053,0.004283066795888432,2.9639371918524926
2005-11,26.349396913106524,27.39470886628746,0.04029445471621133,0.0,0.0006232638867549968,0.0,0.0006232638867549968,0.03967119082945633,0.6232638867549968,0.6232638867549968,0.0,0.0,2.9815806183212716,0.8957409797435147,55,0.016422627533712885,19,2.894284801336846,0.059369724251827995,0.05940675033394061,2.9834400887869097,False,False,False,False,False,36,36,0.12733332181301857,0.004010352137560172,2.9936742836137906
2005-12,27.39470886628746,27.97964489575267,0.022119735556381585,0.0,0.0007675820321274904,0.0,0.0007675820321274904,0.021352153524254094,0.7675820321274903,0.7675820321274903,0.0,0.0,2.913283431903105,0.1497411027319613,55,0.021027686301125906,24,2.8872649271344883,0.056616570484801364,0.05666006173012464,2.9155213336931323,False,False,False,False,False,31,31,0.15416379015494752,0.00427465415602713,2.894284801336847
2006-01,27.97964489575267,28.67808563005736,0.025250150703795486,0.0,0.00028769185533774407,0.0,0.00028769185533774407,0.02496245884845774,0.28769185533774405,0.28769185533774405,0.05940582108805554,0.0,2.9088462508345048,0.04411314412132182,55,0.008049515951750326,24,2.874762154500902,0.04842056730445462,0.04843450151605813,2.9096833430339073,False,False,False,False,False,31,31,0.1671296481606406,0.0038181538360662595,2.887264927134489
2006-02,28.67808563005736,28.518469835727426,-0.004988862304942518,0.0,0.0005769134720376222,0.0,0.0005769134720376222,-0.00556577577698014,0.5769134720376221,0.5769134720376221,0.0,0.0,2.8852663764275777,0.283068160091731,55,0.01654477395222863,27,2.8817801798459683,0.06028159709714415,0.060316394437679985,2.886931886325654,False,False,False,False,False,28,28,0.16717982707843046,0.003547617352382934,2.874762154500901
2006-03,28.518469835727426,29.093493269037904,0.021076790568015237,0.0,0.0009135967984078816,0.0,0.0009135967984078816,0.020163193769607356,0.9135967984078815,0.9135967984078815,0.0,0.0,2.901701153211864,0.5903924350834351,55,0.026054382737412323,20,2.839661276979369,0.05265064768528267,0.05269879313396982,2.904354562241369,False,False,False,False,False,35,35,0.14690842877883944,0.003479698949862668,2.881780179845968
2006-04,29.093493269037904,29.40126232407305,0.011606167738224208,0.0,0.001027546182225588,0.0,0.001027546182225588,0.01057862155599862,1.027546182225588,1.027546182225588,0.0,0.0,2.875908685625143,-0.4144019633934096,55,0.02989490793620574,23,2.880112413901771,0.05690991052564323,0.056968448237136614,2.878866854270384,False,False,False,False,False,32,32,0.1631752852763809,0.003958309129976847,2.8396612769793683
2006-05,29.40126232407305,28.518429630916398,-0.029142920474446818,0.0,0.0008841131755270692,0.0,0.0008841131755270692,-0.03002703364997389,0.8841131755270691,0.8841131755270691,0.0,0.0,2.9323232241201818,-1.0373117533583776,55,0.025994043397840602,24,3.00249769768142,0.06638874977785247,0.06644749688532958,2.9349180238141277,False,False,False,False,False,31,31,0.1329054891989568,0.00390674591590551,2.880112413901771
2006-06,28.518429630916398,28.56041338086521,0.0019872880024461867,0.0,0.0005151259482180268,0.0,0.0005151259482180268,0.0014721620542281599,0.5151259482180268,0.5151259482180268,0.0,0.0,2.984747364553858,-0.7440726631651565,55,0.014690583105314882,21,2.9771031738685774,0.06484522339135679,0.06487864406439955,2.9862856777952818,False,False,False,False,False,34,34,0.12807926218067686,0.0032135187421321633,3.0024976976814206
2006-07,28.56041338086521,28.091281160613406,-0.01579403141710077,0.0,0.0006319290196662554,0.0,0.0006319290196662554,-0.016425960436767025,0.6319290196662554,0.6319290196662554,0.0,0.0,2.9724521754528523,-0.666794322503042,55,0.018048154029033155,18,3.0317842947709552,0.06656120723998554,0.06660329579540407,2.974331741994733,False,False,False,False,False,37,37,0.11342427982230753,0.0028766637675608454,2.9771031738685774
2006-08,28.091281160613406,28.17991538578283,0.003575556105271071,0.0,0.0004203342176449088,0.0,0.0004203342176449088,0.0031552218876261624,0.4203342176449088,0.4203342176449088,0.0,0.0,2.998738997347064,-0.5266324463485363,55,0.0118077266892896,55,3.0011677860158543,0.060020357441710914,0.06004559666060627,2.9999999999999987,False,False,True,True,False,41,0,0.15540345816264262,0.0027356027866824216,3.0317842947709557
2006-09,28.17991538578283,28.151954024760496,-0.0008201818499163748,0.0,0.00017206247159925716,0.0,0.00017206247159925716,-0.000992244321515632,0.17206247159925717,0.17206247159925717,0.0,0.0,2.9994838125852,-0.6804464327029035,55,0.004848705890735728,55,2.988876939263767,0.05950625385957151,0.05951649441470143,2.999999999999998,False,False,True,True,False,43,0,0.15082246165484017,0.002688102825066176,3.0011677860158548
2006-10,28.151954024760496,28.513439076358367,0.013477003179540495,0.0,0.000636507231020085,0.0,0.000636507231020085,0.01284049594852041,0.636507231020085,0.636507231020085,0.0,0.0,2.9980904783069384,-0.5554644356146764,55,0.01791892230410504,55,2.996868667842373,0.053694288385732515,0.053728486956191895,2.9999999999999987,False,False,True,True,False,33,0,0.17414127861896872,0.0028432514159114257,2.988876939263767
2006-11,28.513439076358367,28.92611401305509,0.01520530809955657,0.0,0.0007323104512690405,0.0,0.0007323104512690405,0.01447299764828753,0.7323104512690405,0.7323104512690405,0.0,0.0,2.997803068646193,0.04271824790811439,55,0.02088068943724029,55,2.98693724278152,0.05566412330134475,0.055704916593953574,3.0000000000000004,False,False,True,True,False,30,0,0.1895633133447449,0.002483372619917295,2.9968686678423735
2006-12,28.92611401305509,29.185808653265816,0.009576190110478326,0.0,0.0005983287878852944,0.0,0.0005983287878852944,0.008977861322593032,0.5983287878852944,0.5983287878852944,0.0,0.0,2.9982050136363423,0.13177600761246927,55,0.01730732673566308,55,2.955609806634998,0.058367840216906886,0.05840278428403668,2.9999999999999982,False,False,True,True,False,33,0,0.16978215766830596,0.002665332642666279,2.9869372427815204
2007-01,29.185808653265816,29.454565459852414,0.010167006570942674,0.0,0.0009585309799631437,0.0,0.0009585309799631437,0.00920847559097953,0.9585309799631436,0.9585309799631436,0.0,0.0,2.9700133219349847,-0.48051453834737023,55,0.02797550176943168,18,2.9293810672732374,0.060464184525217075,0.06052219692594602,2.972862903126815,False,False,False,False,False,37,37,0.16343572721243643,0.0024357087224718185,2.955609806634998
2007-02,29.454565459852414,29.016414225745237,-0.014467374398404002,0.0,0.00040812035993460896,0.0,0.00040812035993460896,-0.014875494758338612,0.40812035993460893,0.40812035993460893,0.0,0.0,2.9454345792068937,-0.7306485431062512,55,0.012021007857192468,15,3.0097751049607426,0.0574915702456605,0.05751504330583613,2.946637161825975,False,False,False,False,False,40,40,0.1624223540500629,0.0023529278251179634,2.9293810672732365
2007-03,29.016414225745237,29.24423471413011,0.008610526075066098,0.0,0.000759091138534939,0.0,0.000759091138534939,0.007851434936531159,0.7590911385349389,0.7590911385349389,0.0,0.0,2.9977227265843953,-0.01805538127004213,55,0.02202610291082235,55,2.9752894281933533,0.054687721172088914,0.054729265672679564,3.0,False,False,True,True,False,39,0,0.1533371517027315,0.0021279553548924734,3.009775104960742
2007-04,29.24423471413011,30.358998802521217,0.03911107886365512,0.0,0.0009919726778303412,0.0,0.0009919726778303412,0.03811910618582478,0.991972677830341,0.991972677830341,0.0,0.0,2.9607682337032117,0.8514179738069679,55,0.029009481820474664,15,2.8758388226629754,0.0534652214004784,0.0535183101018631,2.9637081512142793,False,False,False,False,False,40,40,0.13743512393243015,0.0022793710627276613,2.975289428193354
2007-05,30.358998802521217,31.23638932684901,0.029642333093206755,0.0,0.0007418238888343347,0.0,0.0007418238888343347,0.02890050920437242,0.7418238888343346,0.7418238888343346,0.0,0.0,2.922497237817067,0.23117574158682175,55,0.0225210305528032,19,2.851161434033288,0.04891600455387095,0.04895231855318753,2.9246668255351302,False,False,False,False,False,36,36,0.18068434713935588,0.0022503811363271055,2.8758388226629754
2007-06,31.23638932684901,31.29379872499766,0.002000178101562426,0.0,0.00016227687847506842,0.0,0.00016227687847506842,0.0018379012230873577,0.16227687847506841,0.16227687847506841,0.0,0.0,2.880040625391972,0.24886569238089348,55,0.005068943754793001,23,2.870230130539762,0.04972870408398392,0.04973677521261084,2.8805080652492228,False,False,False,False,False,32,32,0.1880807404876173,0.002164069148999294,2.851161434033287
2007-07,31.29379872499766,30.338082227580013,-0.030238145155256697,0.0,0.0003019789701731611,0.0,0.0003019789701731611,-0.03054012412542986,0.3019789701731611,0.3019789701731611,0.0,0.0,2.887757050488863,0.14110283818464286,55,0.009450069111780975,19,2.982974613052581,0.055029954256415825,0.0550465771650997,2.8886293558069416,False,False,False,False,False,36,36,0.1773423902249493,0.0020364084969275156,2.8702301305397615
2007-08,30.338082227580013,30.45624865910994,0.00488073916960149,0.0,0.0009857523130328328,0.0,0.0009857523130328328,0.0038949868565686576,0.9857523130328328,0.9857523130328328,0.0,0.0,2.9844251192941704,0.5238784522462729,55,0.029905834728817277,17,2.976821686101239,0.05104510525523838,0.05109547273567308,2.987369926108717,False,False,False,False,False,38,38,0.12185518192152964,0.0021282209060025396,2.9829746130525807
2007-09,30.45624865910994,31.731019289798844,0.04232712293888692,0.0,0.0004713236591682467,0.0,0.0004713236591682467,0.04185579927971868,0.47132365916824664,0.47132365916824664,0.0,0.0,2.9851607425528615,0.3239133541714026,55,0.014354750562549702,21,2.9328705464445957,0.050882399063179574,0.050906392450344326,2.986568382891442,False,False,False,False,False,34,34,0.13121357224331318,0.0020104880649208846,2.976821686101239
2007-10,31.731019289798844,32.74858451745091,0.032604115758376705,0.0,0.0005356461526997243,0.0,0.0005356461526997243,0.03206846960567698,0.5356461526997243,0.5356461526997243,0.0,0.0,2.9191508903415824,0.5694265702008541,55,0.01699659840382149,22,2.853816839386177,0.06096926061347502,0.06100193606583592,2.9207153602874514,False,False,False,False,False,33,33,0.14645545721280884,0.0020193027401045863,2.9328705464445957
2007-11,32.74858451745091,31.9197994838534,-0.025101423347610285,0.0,0.00020608370375156394,0.0,0.00020608370375156394,-0.02530750705136185,0.20608370375156393,0.20608370375156393,0.0,0.0,2.8660450882056137,0.6567748957001489,55,0.006748949589977406,19,2.9342983779919845,0.05623953732322288,0.05625112976438493,2.866635855139948,False,False,False,False,False,36,36,0.19381915559393922,0.002343664315360753,2.853816839386177
2007-12,31.9197994838534,32.253837536738075,0.010699340555573682,0.0,0.0002344235358520591,0.0,0.0002344235358520591,0.010464917019721623,0.2344235358520591,0.2344235358520591,0.0,0.0,2.9491985602894015,0.4207668234780104,55,0.007482752258693645,19,2.9310877141515825,0.04703422986423655,0.04704525838005107,2.9498900839532567,False,False,False,False,False,36,36,0.13864014136295064,0.002300476497617554,2.9342983779919845
2008-01,32.253837536738075,32.498525435018685,0.008401241310102255,0.0,0.0008149223797763553,0.0,0.0008149223797763553,0.0075863189303258995,0.8149223797763553,0.8149223797763553,0.0,0.0,2.9301288937739027,1.0123236622375886,55,0.02628437404235853,21,2.9107425533179705,0.04858556310481757,0.04862518885943998,2.932518668866274,False,False,False,False,False,34,34,0.1392229739291454,0.0023948547986218788,2.931087714151584
2008-02,32.498525435018685,36.09341927635192,0.1124249512336738,0.0,0.0018078142032173338,0.0,0.0018078142032173338,0.11061713703045646,1.8078142032173339,1.8078142032173339,0.0,0.0,2.935638555115448,1.436000960465505,55,0.058751295865046564,28,2.717980063691794,0.07276269112970708,0.07289447078933606,2.9409552557979057,False,False,False,False,False,27,27,0.1484162971929139,0.002569015934688517,2.9107425533179705
2008-03,36.09341927635192,35.247808505839494,-0.023215817806213547,0.0,0.00021257405763148236,0.0,0.00021257405763148236,-0.02342839186384503,0.21257405763148235,0.21257405763148235,0.0,0.0,2.789055141214401,1.29378033744952,55,0.007672524589368491,35,2.797057360155479,0.08106151895390644,0.0810787541936731,2.789648148040594,False,False,False,False,False,20,20,0.25544466182279174,0.0056605554641354925,2.717980063691794
2008-04,35.247808505839494,33.96970176353832,-0.036228924391941836,0.0,3.167723069324982e-05,0.0,3.167723069324982e-05,-0.036260601622635086,0.03167723069324982,0.03167723069324982,0.0,0.0,2.8004638850962795,1.3076872436107283,55,0.0011165529614709708,19,2.93138809089336,0.08003274457794085,0.08003527987396501,2.8005525988470215,False,False,False,False,False,36,36,0.22258027096194427,0.004885773713871768,2.797057360155479
2008-05,33.96970176353832,33.173465069134274,-0.0233623533601537,0.0,7.726056247097236e-05,0.0,7.726056247097236e-05,-0.023439613922624673,0.07726056247097236,0.07726056247097236,0.0,0.0,2.920948060372577,1.3719874337842346,55,0.002624518265222152,13,2.9854076177563456,0.082038804571774,0.08204514342570307,2.921173751899724,False,False,False,False,False,42,42,0.1663053773971505,0.00260597515870224,2.9313880908933605
2008-06,33.173465069134274,35.492660164339185,0.07075792782622983,0.0,0.0008467777437268657,0.0,0.0008467777437268657,0.06991115008250297,0.8467777437268658,0.8467777437268658,0.0,0.0,2.9974596667688185,0.5459961664922109,55,0.028090551902843514,55,2.7895556799363086,0.07227422010276574,0.07233547217068186,2.999999999999999,False,False,True,True,False,37,0,0.1365497067813767,0.002798031914384572,2.985407617756345
2008-07,35.492660164339185,34.226686438350136,-0.03532476849119182,0.0,0.0003438379228469681,0.0,0.0003438379228469681,-0.03566860641403879,0.3438379228469681,0.3438379228469681,0.0,0.0,2.8278240214942905,0.3388737812395859,55,0.012203722547219716,23,2.9009514140416033,0.07672381588064867,0.07675020551188995,2.8287966690651385,False,False,False,False,False,32,32,0.20630065677326642,0.0037348278669951922,2.7895556799363086
2008-08,34.226686438350136,33.28431836544228,-0.0273317046067251,0.0,0.0002014331571443009,0.0,0.0002014331571443009,-0.0275331377638694,0.2014331571443009,0.2014331571443009,0.0,0.0,2.9151987586590686,0.12124199486965449,55,0.006894389507864896,9,2.9640339769181003,0.07308211968022986,0.07309684380825544,2.915786094657673,False,False,False,False,False,46,46,0.14173767575956495,0.0032767325938701844,2.9009514140416024
2008-09,33.28431836544228,33.62235930150169,0.010633361649450668,0.0,0.0004771994487436214,0.0,0.0004771994487436214,0.010156162200707046,0.4771994487436214,0.4771994487436214,0.0,0.0,2.9603377666693964,0.1200865470879883,55,0.01588325837579625,11,2.8268414839569833,0.07834801754757602,0.07838542302823462,2.961751112667677,False,False,False,False,False,44,44,0.1304804895970548,0.0028456917538957024,2.9640339769181008
2008-10,33.62235930150169,35.88805176432841,0.06853339186257103,0.0,0.0011469112616832795,0.0,0.0011469112616832795,0.06738648060088775,1.1469112616832795,1.1469112616832795,0.0,0.0,2.8790692994660176,0.7638299887093418,55,0.03856186252725385,30,2.540079097985846,0.07353540244191305,0.07361983786304147,2.8823751279606715,False,False,False,False,False,25,25,0.1584570578277508,0.004599293869705266,2.8268414839569833
2008-11,35.88805176432841,39.036165667607605,0.08883104015732475,0.0,0.0011106499853421584,0.0,0.0011106499853421584,0.08772039017198259,1.1106499853421583,1.1106499853421583,0.0,0.0,2.6302554772608167,0.6740254227650084,55,0.03985906416600997,41,2.426516324779141,0.09616861258562398,0.09627554101383981,2.633180018609889,False,False,False,False,False,14,14,0.15949603704879217,0.004528764524669154,2.5400790979858456
2008-12,39.036165667607605,40.42298190096541,0.03573321188427957,0.0,0.00020676584020525246,0.0,0.00020676584020525246,0.03552644604407432,0.20676584020525246,0.20676584020525246,0.0,0.0,2.3968424374017343,0.6029419405662492,55,0.008071345592654317,31,2.357743557956649,0.09504445167308097,0.09506410768317945,2.397338125033413,False,False,False,False,False,24,24,0.17324268317565508,0.006054798847844206,2.4265163247791413
2009-01,40.42298190096541,41.20997101843433,0.019645809012898748,0.0,0.00017695539400923414,0.0,0.00017695539400923414,0.019468853618889514,0.17695539400923413,0.17695539400923413,0.0,0.0,2.3581484143386096,0.6650135536274467,55,0.007153064689313475,37,2.253513586260485,0.09455576575095603,0.09457250086510906,2.35856577527467,False,False,False,False,False,18,18,0.21061723294716855,0.006777036729453907,2.3577435579566495
2009-02,41.20997101843433,42.643515354366144,0.03499520513794378,0.0,0.00020885852074884243,0.0,0.00020885852074884243,0.034786346617194944,0.20885852074884242,0.20885852074884242,0.0,0.0,2.3008244928786015,0.5405006403132899,55,0.008607053587012862,35,2.1821429350555213,0.09388529143981014,0.09390490427920896,2.3013051400659474,False,False,False,False,False,20,20,0.19934321360394894,0.007165800117398596,2.2535135862604854
2009-03,42.643515354366144,41.47554384039189,-0.02726040908091338,0.0,0.0001287848977829468,0.0,0.0001287848977829468,-0.027389193978696328,0.1287848977829468,0.1287848977829468,0.0,0.0,2.1728850469501624,0.42910514969550817,55,0.005491840766017567,32,2.2897053204969167,0.09568242628117395,0.09569475031981224,2.173164917771963,False,False,False,False,False,23,23,0.1719881761000802,0.005633957074559648,2.1821429350555217
2009-04,41.47554384039189,39.11848692520538,-0.056574520248774456,0.0,0.0002555221554202629,0.0,0.0002555221554202629,-0.05683004240419472,0.2555221554202629,0.2555221554202629,0.0,0.0,2.3406975579899987,0.4233164245810968,55,0.010597920359324546,26,2.5160775160339113,0.09438556805352953,0.09440969182147632,2.341295810942087,False,False,False,False,False,29,29,0.16880626046004366,0.006181429337081625,2.2897053204969167
2009-05,39.11848692520538,36.271427578462635,-0.07239804643582978,0.0,0.0003823592119225232,0.0,0.0003823592119225232,-0.0727804056477523,0.38235921192252315,0.38235921192252315,0.0,0.0,2.2493446302636575,0.45618702728064336,55,0.014957313832323056,55,2.4973296160338827,0.09996176407880768,0.09999999999999994,2.2502050168805763,False,False,True,False,True,19,0,0.08835648150713862,0.002083411522808588,2.5160775160339113
2009-06,36.271427578462635,37.02749507941741,0.021179822114948624,0.0,0.000335109032750541,0.0,0.000335109032750541,0.020844713082198082,0.335109032750541,0.335109032750541,0.0,0.0,2.241509056484581,0.5231473537361891,55,0.012154883012299911,55,2.1741020511688927,0.09996648909672488,0.09999999999999994,2.2422604582179093,False,False,True,False,True,19,0,0.10150374254473085,0.002394646790613122,2.4973296160338823
2009-07,37.02749507941741,35.885750523504775,-0.030765752020603738,0.0,6.929511028634781e-05,0.0,6.929511028634781e-05,-0.030835047130890084,0.06929511028634781,0.06929511028634781,0.0,0.0,2.171854244899,0.472689830336069,55,0.0025658243551554306,55,2.282989580879073,0.09999307048897137,0.09999999999999999,2.1720047542079852,False,False,True,False,True,45,0,0.10012920892307711,0.0023257291131019513,2.1741020511688927
2009-08,35.885750523504775,36.32987973132155,0.012509934475836865,0.0,0.00013373497219615004,0.0,0.00013373497219615004,0.012376199503640715,0.13373497219615005,0.13373497219615005,0.0,0.0,2.1802777355157166,0.4829180481309206,55,0.004799179848498888,55,2.165146650387548,0.09998662650278031,0.09999999999999992,2.180569353897632,False,False,True,False,True,31,0,0.14077015462560194,0.0032728789179579144,2.2829895808790734
2009-09,36.32987973132155,36.52320904694643,0.005946714664517512,0.0,0.000625218500625617,0.0,0.000625218500625617,0.005321496163891895,0.625218500625617,0.625218500625617,0.0,0.0,2.489201857776849,0.9517214231079832,55,0.022714112933525852,47,2.5036059500613765,0.09003797252954311,0.09009430115342516,2.490759126463316,False,False,False,False,False,8,8,0.25034255724580096,0.01031715153610697,2.1651466503875474
2009-10,36.52320904694643,35.888903515121804,-0.01678140085564077,0.0,0.0005857897165046386,0.0,0.0005857897165046386,-0.01736719057214541,0.5857897165046385,0.5857897165046385,0.0,0.0,2.7327073806271414,1.4250651150831635,55,0.0213949202734504,46,2.7993839304978363,0.06653261163089035,0.06657160859461625,2.734309110785985,False,False,False,False,False,9,9,0.26897449355138325,0.009034146988475907,2.503605950061376
2009-11,35.888903515121804,37.43521884112796,0.04392843849992442,0.0,0.0008422705050003004,0.0,0.0008422705050003004,0.043086167994924124,0.8422705050003003,0.8422705050003003,0.0,0.0,2.8294623488843964,2.273179928001527,55,0.030228164887588695,16,2.7698355635591834,0.08673429066900482,0.08680740598668299,2.831847530534023,False,False,False,False,False,39,39,0.18588364476890074,0.004451648275948659,2.799383930497837
2009-12,37.43521884112796,37.25560850174728,-0.004587133017872781,0.0,0.00021076438838877638,0.0,0.00021076438838877638,-0.004797897406261557,0.21076438838877637,0.21076438838877637,0.0,0.0,2.68997114418342,2.2979327116129054,55,0.007890011003250333,55,2.6904082459691714,0.0999789235611611,0.09999999999999998,2.6905382138244933,False,False,True,False,True,36,0,0.20691587687326213,0.004755389357592015,2.7698355635591825
2010-01,37.25560850174728,35.96647153160539,-0.033437059007631074,0.0,0.001165435005624098,0.0,0.001165435005624098,-0.03460249401325517,1.165435005624098,1.165435005624098,0.0,0.0,2.832275951923626,1.3336585651182566,55,0.04341899030376304,24,2.9111519033535354,0.09661375957936869,0.09672648801447183,2.835580636859091,False,False,False,False,False,31,31,0.19291516621946728,0.003894688548446295,2.6904082459691714
2010-02,35.96647153160539,36.484585186646534,0.015443356177145413,0.0,0.001037893728991502,0.0,0.001037893728991502,0.01440546244815391,1.037893728991502,1.037893728991502,0.0,0.0,2.8933981491123313,2.3174137531957393,55,0.03732937525660462,16,2.876600410667389,0.09588321764532567,0.09598283763059329,2.8964043089812472,False,False,False,False,False,39,39,0.1473796859444112,0.0032755663647646704,2.911151903353536
2010-03,36.484585186646534,37.47043780952486,0.027322192315032648,0.0,0.00030111977618000116,0.0,0.00030111977618000116,0.027021072538852647,0.30111977618000113,0.30111977618000113,0.0,0.0,2.7450593580824396,2.3797344580127837,55,0.01098623012542319,55,2.691604169060707,0.09996988802238199,0.09999999999999999,2.745886198720014,False,False,True,False,True,37,0,0.13184559505518723,0.003388813984960716,2.8766004106673884
2010-04,37.47043780952486,37.606273728456955,0.00443133138647662,0.0,0.0008061824191068717,0.0,0.0008061824191068717,0.0036251489673697485,0.8061824191068717,0.8061824191068717,0.0,0.0,2.813697944794431,1.8979844982284277,55,0.030208008198276345,27,2.825699346781518,0.0967012577929426,0.09677927954664693,2.815968128792629,False,False,False,False,False,28,28,0.2166116503636012,0.004721721107634052,2.691604169060707
2010-05,37.606273728456955,36.10792995939595,-0.03914807001116967,0.0,0.0006948503451534919,0.0,0.0006948503451534919,-0.03984292035632316,0.694850345153492,0.694850345153492,0.0,0.0,2.8200209507739507,2.5821423534745223,55,0.02613073228015501,17,2.883895430174878,0.09878045287102634,0.09884913822884278,2.8219818058057315,False,False,False,False,False,38,38,0.19583687031961322,0.004163297314879561,2.8256993467815175
2010-06,36.10792995939595,35.748498669585715,-0.009399075941969301,0.0,0.0005552828433287776,0.0,0.0005552828433287776,-0.009954358785298078,0.5552828433287776,0.5552828433287776,0.0,0.0,2.9152348149296423,2.09652075368866,55,0.02005011401456974,15,2.959869596331727,0.07255445559417777,0.07259476622237651,2.9168544941867505,False,False,False,False,False,40,40,0.1364294409442792,0.0026801439690727364,2.883895430174878
2010-07,35.748498669585715,36.06831463030527,0.009329028095117153,0.0,0.00038275139478556055,0.0,0.00038275139478556055,0.008946276700331593,0.38275139478556053,0.38275139478556053,0.0,0.0,2.938708970312255,2.161954839468804,55,0.013682787727273688,11,2.9836708869260957,0.06990004665484448,0.06992681123937926,2.9398341959511938,False,False,False,False,False,44,44,0.14177895633798704,0.00404630123862647,2.959869596331727
2010-08,36.06831463030527,36.816040497908745,0.0210780164440644,0.0,0.00034719285922119893,0.0,0.00034719285922119893,0.020730823584843204,0.3471928592211989,0.3471928592211989,0.0,0.0,2.9602478621745214,2.4935997553224802,55,0.012522661283785486,11,2.903438372908345,0.09895071674611683,0.09898508366033311,2.961275996054535,False,False,False,False,False,44,44,0.15516720696289285,0.002679467890908109,2.9836708869260953
2010-09,36.816040497908745,38.15181718764174,0.036487374857769254,0.0,0.00020491015847966284,0.0,0.00020491015847966284,0.03628246469928959,0.20491015847966285,0.20491015847966285,0.0,0.0,2.9100863639058496,2.3577563958666556,55,0.007543980693020166,12,2.880638900966816,0.08311030470025721,0.0831273383363297,2.91068279237812,False,False,False,False,False,43,43,0.18387620032147248,0.0034060710501887495,2.903438372908345
2010-10,38.15181718764174,39.37135783108486,0.032154059508740104,0.0,0.00018859276714141302,0.0,0.00018859276714141302,0.03196546674159869,0.18859276714141301,0.18859276714141301,0.0,0.0,2.901045324562796,2.4861376211467174,55,0.007195156774890677,17,2.8549260351889574,0.09964138363417069,0.09966017882306874,2.9015925439297727,False,False,False,False,False,38,38,0.19932052419102636,0.0035978237313653047,2.880638900966816
2010-11,39.37135783108486,39.23978817470398,-0.0031610442905853006,0.0,0.0001807164113277111,0.0,0.0001807164113277111,-0.0033417607019130117,0.1807164113277111,0.1807164113277111,0.0,0.0,2.879598956097969,2.3308823935609495,55,0.007115050496332831,21,2.8744219545112957,0.09524871611571016,0.09526593223310512,2.880119440947532,False,False,False,False,False,34,34,0.20829881200519543,0.0046117557974331095,2.854926035188958
2010-12,39.23978817470398,41.05544951528107,0.046386298856028144,0.0,0.0001153727110303357,0.0,0.0001153727110303357,0.04627092614499781,0.1153727110303357,0.1153727110303357,0.0,0.0,2.8756511499718096,2.330470176787008,55,0.004527200741971707,15,2.8153440971962547,0.09398637247000928,0.09399721718378508,2.875982959922773,False,False,False,False,False,40,40,0.1973010823308174,0.004066446220508757,2.8744219545112957
2011-01,41.05544951528107,41.206897813586316,0.003996933927502965,0.0,0.00030806192407074147,0.0,0.00030806192407074147,0.003688872003432224,0.30806192407074146,0.30806192407074146,0.0,0.0,2.7637888608715837,2.3672148096186647,55,0.012647620771266676,55,2.773035100553208,0.09996919380759288,0.09999999999999995,2.7646405413561177,False,False,True,False,True,30,0,0.27909278932614834,0.005867885904657898,2.8153440971962547
2011-02,41.206897813586316,42.10890080757949,0.022469903195559242,0.0,0.0005802914593469791,0.0,0.0005802914593469791,0.02188961173621226,0.5802914593469791,0.5802914593469791,0.0,0.0,2.4493867339890967,2.3195950060577912,55,0.023912010867407844,55,2.4153450262950904,0.09994197085406527,0.09999999999999996,2.4508089174723975,False,False,True,False,True,15,0,0.07499759585105961,0.0015135272494919815,2.7730351005532086
2011-03,42.10890080757949,41.852931042026384,-0.005925442191197388,0.0,0.00015331457148284219,0.0,0.00015331457148284219,-0.00607875676268023,0.1533145714828422,0.1533145714828422,0.0,0.0,2.4217417762919395,2.2940928219241328,55,0.006455908082927556,10,2.433139325720796,0.09940591822284686,0.09942116093553202,2.4221131215272496,False,False,False,False,False,45,45,0.10935552403946183,0.0025925586990114126,2.415345026295091
2011-04,41.852931042026384,43.30152628415674,0.035290230383193594,0.0,0.0006786701874271633,0.0,0.0006786701874271633,0.03461156019576643,0.6786701874271633,0.6786701874271633,0.0,0.0,2.423469818372232,1.7853335835562363,55,0.02840433655466819,55,2.3735806514249096,0.0999321329812573,0.10000000000000002,2.425115672079935,False,False,True,False,True,36,0,0.09096950290777667,0.0030066131131195975,2.4331393257207963
2011-05,43.30152628415674,43.04344249902667,-0.005900490987968193,0.0,5.966347486659431e-05,0.0,5.966347486659431e-05,-0.0059601544628347875,0.05966347486659431,0.05966347486659431,0.0,0.0,2.3822836415199737,1.7187025571683516,55,0.0025835195251399587,19,2.387021406601581,0.09929163086222502,0.09929755529941994,2.382425785320938,False,False,False,False,False,36,36,0.1464025473922681,0.0032431075384042633,2.37358065142491
2011-06,43.04344249902667,42.48294981369603,-0.012612231743640026,0.0,0.00040932631002423535,0.0,0.00040932631002423535,-0.013021558053664261,0.40932631002423536,0.40932631002423536,0.0,0.0,2.2767957318810024,1.4155805892907296,55,0.017618813488866937,55,2.2956150581052217,0.09995906736899751,0.09999999999999994,2.277728065905458,False,False,True,False,True,40,0,0.07082217646080503,0.0019125169971080762,2.3870214066015807
2011-07,42.48294981369603,43.00130792812397,0.012394790160371514,0.0,0.00019323361354191295,0.0,0.00019323361354191295,0.012201556546829601,0.19323361354191296,0.19323361354191296,0.0,0.0,2.266785943292248,1.242544227655708,55,0.008209133906420222,55,2.2712137008058857,0.09998067663864581,0.1,2.2672240471875953,False,False,True,False,True,41,0,0.1085525692080345,0.0026104407802848067,2.2956150581052217
2011-08,43.00130792812397,42.69659737245436,-0.005876011329036411,0.0,0.0012100651265665042,0.0,0.0012100651265665042,-0.007086076455602916,1.2100651265665041,1.2100651265665041,0.0,0.0,2.4448194604671674,2.3269523245421304,55,0.05203438312057056,43,2.4597017966117933,0.09027485171287708,0.09038422250852647,2.4477814354196257,False,False,False,False,False,12,12,0.18505188511894083,0.010024953339031424,2.2712137008058866
2011-09,42.69659737245436,40.269586338518096,-0.056372753372267694,0.0,0.000470442181812987,0.0,0.000470442181812987,-0.05684319555408068,0.47044218181298697,0.47044218181298697,0.0,0.0,2.724257034000339,2.3969165714330156,55,0.02008628042388808,47,2.7976480580634777,0.08590605357711115,0.0859464864297063,2.7255392426282583,False,False,False,False,False,8,8,0.2760903966380327,0.010087485646161614,2.459701796611794
2011-10,40.269586338518096,39.35794595920567,-0.021839976965762013,0.0,0.0007984572026176786,0.0,0.0007984572026176786,-0.02263843416837969,0.7984572026176786,0.7984572026176786,0.0,0.0,2.913892752835365,1.7260540149684376,56,0.03215354125842425,33,3.052294384043925,0.06764784438388712,0.06770190145473456,2.9162212306814292,False,False,False,False,False,23,23,0.11032245470099868,0.005266912062567193,2.7976480580634777
2011-11,39.35794595920567,39.89992790553696,0.014420310833838317,0.0,0.0006497256794948815,0.0,0.0006497256794948815,0.013770585154343436,0.6497256794948815,0.6497256794948815,0.0,0.0,2.998050822961515,2.1486645177408317,56,0.02557186818186773,56,2.928098746584549,0.05188025474671779,0.051913984595634476,2.9999999999999996,False,False,True,True,False,39,0,0.087963837486937,0.004527635413957785,3.052294384043925
2011-12,39.89992790553696,40.179734799936,0.007221628737615493,0.0,0.00020891194620970043,0.0,0.00020891194620970043,0.007012716791405792,0.2089119462097004,0.2089119462097004,0.0,0.0,2.957653040512753,1.9694064971044758,56,0.008335571592372464,18,2.9424130246470783,0.05290667394374875,0.05291772908952184,2.958271058677037,False,False,False,False,False,38,38,0.13508732216261574,0.0031769666401709313,2.928098746584549
2012-01,40.179734799936,40.35575995476258,0.004857820075877441,0.0,0.0004768764060635536,0.0,0.0004768764060635536,0.0043809436698138875,0.4768764060635536,0.4768764060635536,0.0,0.0,2.9717300537744364,1.508057292177978,56,0.019160767527980176,24,3.0095387080677503,0.07797871255142043,0.07801591650129731,2.9731478778491205,False,False,False,False,False,32,32,0.15214033608863883,0.0034426767652812147,2.9424130246470783
2012-02,40.35575995476258,39.4244352540059,-0.02251952232269589,0.0,0.0005583407085210329,0.0,0.0005583407085210329,-0.023077863031216925,0.5583407085210329,0.5583407085210329,0.0,0.0,2.9983249778744345,1.552028488288226,56,0.022532263606046866,56,3.097708255624098,0.06754080273406358,0.06757853458094232,2.9999999999999973,False,False,True,True,False,32,0,0.15882479185872644,0.003452566708386042,3.0095387080677503
2012-03,39.4244352540059,38.810947446076774,-0.015243503444363333,0.0,0.0003176023514842899,0.0,0.0003176023514842899,-0.015561105795847623,0.3176023514842899,0.3176023514842899,0.0,0.0,2.999047192945546,1.4685870531509744,56,0.012521293342612412,56,3.026942758046065,0.07079117305535325,0.07081366364144298,2.9999999999999987,False,False,True,True,False,39,0,0.17044112136718573,0.0035970865404676925,3.0977082556240974
2012-04,38.810947446076774,39.12686882088698,0.00886506313232533,0.0,0.0007250563662151193,0.0,0.0007250563662151193,0.008140006766110212,0.7250563662151193,0.7250563662151193,0.0,0.0,2.997824830901354,1.6414490964990254,56,0.02814012452461839,56,2.977182985354516,0.05503342722384745,0.055073358513046185,2.999999999999999,False,False,True,True,False,36,0,0.17336224977972328,0.0027376899965798735,3.0269427580460655
2012-05,39.12686882088698,41.638138443650476,0.06555260537636821,0.0,0.0013698660352913755,0.0,0.0013698660352913755,0.06418273934107684,1.3698660352913754,1.3698660352913754,0.0,0.0,2.9819518027049936,0.5474728440792238,56,0.05359856866503419,25,2.7430824453040397,0.0864697574391702,0.08658837190889937,2.9860422806051385,False,False,False,False,False,31,31,0.16200332401034337,0.0026236654975034437,2.977182985354516
2012-06,41.638138443650476,39.743154493039434,-0.04516797852156869,0.0,0.00034279649003640455,0.0,0.00034279649003640455,-0.045510775011605095,0.34279649003640456,0.34279649003640456,0.0,0.0,2.827262280022867,0.560399402215099,56,0.014273407710133263,38,3.0124159328649127,0.09272681206220344,0.09275860938792228,2.8282317879527867,False,False,False,False,False,18,18,0.1875673834381973,0.007479819609423635,2.74308244530404
2012-07,39.743154493039434,41.03735983139655,0.033573975407941284,0.0,0.0010097425264324117,0.0,0.0010097425264324117,0.03256423288150887,1.0097425264324116,1.0097425264324116,0.0,0.0,2.99554721193164,1.3361430483431724,56,0.04013035322619529,15,2.94424904208204,0.07554613962141049,0.07562249887447914,2.9985750006284717,False,False,False,False,False,41,41,0.13706273323267523,0.002474347105647529,3.0124159328649123
2012-08,41.03735983139655,40.58921394242833,-0.010524160001192329,0.0,0.0003962766645542233,0.0,0.0003962766645542233,-0.010920436665746552,0.39627666455422333,0.39627666455422333,0.0,0.0,2.945669261623937,1.3585386216819983,56,0.01626214807609729,15,3.0108071349454026,0.05673899096679458,0.056761484218435805,2.9468370243709394,False,False,False,False,False,41,41,0.15864291939905856,0.004916097599508179,2.944249042082041
2012-09,40.58921394242833,40.18919952390451,-0.009125073252601864,0.0,0.0007301168255110403,0.0,0.0007301168255110403,-0.009855190078112905,0.7301168255110403,0.7301168255110403,0.0,0.0,2.997809649523467,1.9506976819325847,56,0.02963486803363423,56,3.036287155801946,0.05004790340536474,0.050084470920280455,3.0000000000000004,False,False,True,True,False,36,0,0.13369505051003694,0.00316044537571524,3.010807134945403
2012-10,40.18919952390451,39.76415557864868,-0.00991248895311601,0.0,0.0006635849744827189,0.0,0.0006635849744827189,-0.010576073927598729,0.6635849744827188,0.6635849744827188,0.0,0.0,2.9980092450765494,2.2875499028382853,56,0.026668948940551072,56,3.0146470799266933,0.0822184492125382,0.08227304436858614,2.9999999999999973,False,False,True,True,False,43,0,0.11798981783080555,0.0021631949862986758,3.0362871558019457
2012-11,39.76415557864868,39.93817761745983,0.004674372164099195,0.0,0.00029801772430865394,0.0,0.00029801772430865394,0.004376354439790541,0.2980177243086539,0.2980177243086539,0.0,0.0,2.9991059468270724,2.0088646582761815,56,0.011850423154604146,56,3.002635922410122,0.05532312078832697,0.05533961297384956,2.9999999999999987,False,False,True,True,False,42,0,0.11956809731748594,0.0024990493271804543,3.0146470799266933
2012-12,39.93817761745983,39.92304778508426,-2.4297157812807365e-05,0.0,0.00035453415793956463,0.0,0.00035453415793956463,-0.000378831315752372,0.3545341579395646,0.3545341579395646,0.0,0.0,2.99893639752618,2.2379465832820657,56,0.014159448171246888,56,2.996679553689569,0.07212275676470882,0.07214833581419344,2.9999999999999987,False,False,True,True,False,40,0,0.13849558117184935,0.0025025879610875122,3.0026359224101222
2013-01,39.92304778508426,40.54262907269695,0.01581190655184514,0.0,0.00029251807859898774,0.0,0.00029251807859898774,0.015519388473246153,0.29251807859898776,0.29251807859898776,0.0,0.0,2.999122445764201,2.474963757612707,56,0.01167821322990842,56,2.967734364973495,0.08250796421075397,0.08253210634392442,2.999999999999998,False,False,True,True,False,38,0,0.1697141531064617,0.003019603976481357,2.996679553689569
2013-02,40.54262907269695,40.92991652543596,0.009931739577802813,0.0,0.0003791411993264857,0.0,0.0003791411993264857,0.009552598378476327,0.3791411993264857,0.3791411993264857,0.0,0.0,2.9930015721790566,2.4303989268737283,56,0.015371381010471167,20,2.956062890074046,0.07641266575591417,0.07644164793399036,2.9941367727860384,False,False,False,False,False,36,36,0.15680404956438604,0.0036072012187906245,2.967734364973495
2013-03,40.92991652543596,41.52330279089512,0.015233198925905182,0.0,0.0007355816368398591,0.0,0.0007355816368398591,0.014497617289065323,0.7355816368398591,0.7355816368398591,0.0,0.0,2.9756722353918126,1.6881647138861124,56,0.030107294993498977,21,2.9501427083696425,0.04797201677828531,0.04800733008873229,2.9778626965083945,False,False,False,False,False,35,35,0.15365330070655042,0.003810907656742308,2.9560628900740467
2013-04,41.52330279089512,42.50302882738315,0.023842197384899264,0.0,0.00024758976368527576,0.0,0.00024758976368527576,0.02359460762121399,0.24758976368527574,0.24758976368527574,0.0,0.0,2.96511215521543,1.8495048338869626,56,0.010280744725429876,22,2.9074897674074567,0.04847095704173324,0.04848296092657181,2.9658464684416783,False,False,False,False,False,34,34,0.15665884094857968,0.003798626660377842,2.950142708369642
2013-05,42.50302882738315,42.30413146286489,-0.0045898285539505024,0.0,8.977593555623262e-05,0.0,8.977593555623262e-05,-0.004679604489506735,0.08977593555623262,0.08977593555623262,0.0,0.0,2.9202723916178592,1.8937916087835216,56,0.003815749176951847,15,2.9044876580437005,0.053931456698632516,0.05393629888032494,2.920534585342583,False,False,False,False,False,41,41,0.15327677618140467,0.0033613448204600983,2.9074897674074562
2013-06,42.30413146286489,41.806685794806064,-0.010231462677922501,0.0,0.0015273337057235597,0.0,0.0015273337057235597,-0.011758796383646061,1.5273337057235596,1.5273337057235596,0.0,0.0,2.9707151881308738,1.1604400612211576,56,0.06461252587459407,22,2.9579326830052373,0.08650105168683023,0.08663336975249362,2.9752594020989704,False,False,False,False,False,34,34,0.09573734124507019,0.002350357894058298,2.9044876580437
2013-07,41.806685794806064,43.02110032166771,0.02940668214725521,0.0,0.0003583492365292062,0.0,0.0003583492365292062,0.029048332910726005,0.3583492365292062,0.3583492365292062,0.0,0.0,2.977429660056725,0.8114035491806101,56,0.014981393936385163,17,2.934630309199132,0.06371410959256811,0.06373694967982457,2.9784970021834623,False,False,False,False,False,39,39,0.10988735715243975,0.002515528174319236,2.957932683005237
2013-08,43.02110032166771,42.61631819636701,-0.007571101108624944,0.0,0.0018378196831296478,0.0,0.0018378196831296478,-0.009408920791754592,1.8378196831296478,1.8378196831296478,0.0,0.0,2.9668909066661153,-0.9205488919551208,56,0.07906502496105614,19,2.989277209318508,0.06897635068495561,0.06910335018209046,2.9723535565375405,False,False,False,False,False,37,37,0.09753135682184884,0.0033513737360240277,2.934630309199132
2013-09,42.61631819636701,42.725510088855174,0.003155992513083327,0.0,0.0005937840185570495,0.0,0.0005937840185570495,0.0025622084945262774,0.5937840185570495,0.5937840185570495,0.0,0.0,2.9742007680554314,-1.2969398050878094,56,0.025304888674744716,15,2.9993993482248955,0.07882714971956947,0.07887398383064803,2.9759678502046225,False,False,False,False,False,41,41,0.10375097939228488,0.002588048411918668,2.9892772093185083
2013-10,42.725510088855174,43.254945888563675,0.014268858958018337,0.0,0.0018772971344744819,0.0,0.0018772971344744819,0.012391561823543855,1.8772971344744818,1.8772971344744818,0.0,0.0,2.979976943182944,0.32090418788804453,56,0.08020847765876839,20,2.965046088220666,0.06320043585890842,0.06331930500875828,2.9855817672793967,False,False,False,False,False,36,36,0.09045890104012527,0.002614975179765748,2.999399348224896
2013-11,43.254945888563675,44.37485993376003,0.025989161076020513,0.0,9.815549988237506e-05,0.0,9.815549988237506e-05,0.02589100557613814,0.09815549988237506,0.09815549988237506,0.0,0.0,2.9753733990076245,0.3266200785974089,56,0.004245710836077051,13,2.9046417416697925,0.0642851905624136,0.06429150112684488,2.975665476939996,False,False,False,False,False,43,43,0.10290291400564217,0.0029939822177193318,2.9650460882206655
2013-12,44.37485993376003,45.255697014503404,0.020439300644027655,0.0,0.0005893882824283814,0.0,0.0005893882824283814,0.019849912361599272,0.5893882824283814,0.5893882824283814,0.0,0.0,2.915787225080346,0.9102404353090345,56,0.026154022479358822,16,2.852164392264762,0.06672213920883414,0.066761487647371,2.917506769384126,False,False,False,False,False,40,40,0.13106831090243234,0.0033791618357394554,2.904641741669792
2014-01,45.255697014503404,43.47760031388436,-0.0377019966042122,0.0,0.001588011459285467,0.0,0.001588011459285467,-0.03929000806349767,1.5880114592854668,1.5880114592854668,0.0,0.0,2.89636081718935,-0.6025905699665837,56,0.0718665654569825,25,3.025503954777019,0.0755740335276991,0.07569423684320799,2.900967586960459,False,False,False,False,False,31,31,0.14261268230619534,0.0033817243989917407,2.852164392264762
2014-02,43.47760031388436,43.7761866928663,0.008906032295232335,0.0,0.002038441240843144,0.0,0.002038441240843144,0.00686759105438919,2.038441240843144,2.038441240843144,0.0,0.0,2.9906444077978387,0.688795275059041,56,0.0886265335327167,23,3.04369980493954,0.05147628739837865,0.05158143311891003,2.9967531129318643,False,False,False,False,False,33,33,0.08376526605820359,0.003881285136297488,3.025503954777019
2014-03,43.7761866928663,44.02017769106316,0.005934174905717099,0.0,0.0003605738995648188,0.0,0.0003605738995648188,0.00557360100615228,0.3605738995648188,0.3605738995648188,0.0,0.0,2.998918278301305,1.007235863251025,56,0.015784550343924328,56,2.9888681102843933,0.06080352818257703,0.06082546025597435,2.999999999999999,False,False,True,True,False,40,0,0.10265408141347063,0.004236694731151005,3.0436998049395405
2014-04,44.02017769106316,44.328830871283635,0.007688429284122623,0.0,0.0006767996994665411,0.0,0.0006767996994665411,0.007011629584656082,0.6767996994665411,0.6767996994665411,0.0,0.0,2.9832854418572055,0.6068337718599203,56,0.029792843031775283,11,2.9832337294936475,0.06558534450343396,0.0656297627071102,2.9853058959904275,False,False,False,False,False,45,45,0.09933833632040548,0.00344103152762886,2.988868110284394
2014-05,44.328830871283635,44.69615656933394,0.008415100165781994,0.0,0.00012871654522376034,0.0,0.00012871654522376034,0.008286383620558233,0.12871654522376033,0.12871654522376033,0.0,0.0,2.980323005403444,0.5777823588249373,56,0.005705853963560004,14,2.964083416355763,0.06684836577543521,0.06685697137381456,2.9807066716685466,False,False,False,False,False,42,42,0.12148380952850123,0.003949192696494397,2.983233729493647
2014-06,44.69615656933394,45.084554108894906,0.01041993858833129,0.0,0.0017302084331560256,0.0,0.0017302084331560256,0.008689730155175265,1.7302084331560255,1.7302084331560255,0.0,0.0,2.984667178557247,2.1811421403883604,56,0.07733366702592367,18,2.971456180626712,0.06435187835757496,0.06446341349924137,2.9898402253289005,False,False,False,False,False,38,38,0.10638432808961934,0.004535036707551404,2.964083416355763
2014-07,45.084554108894906,45.12089246606534,0.0011754893333647963,0.0,0.0003694847517810004,0.0,0.0003694847517810004,0.0008060045815837959,0.3694847517810004,0.3694847517810004,0.0,0.0,2.9790333276679846,2.4421856840070744,56,0.016658055284082117,14,2.946896587277468,0.07414707776975205,0.07417448411060214,2.980134441902525,False,False,False,False,False,42,42,0.1015299887486852,0.0034629085622686754,2.971456180626712
2014-08,45.12089246606534,46.2399008510462,0.025060996069835334,0.0,0.0002607688619527145,0.0,0.0002607688619527145,0.02480022720788262,0.2607688619527145,0.2607688619527145,0.0,0.0,2.9576279284290075,2.187266394092317,56,0.011766123778666667,22,2.9052437008581067,0.056051295817517485,0.056065916062643474,2.9583993868703233,False,False,False,False,False,34,34,0.1336413140578711,0.0036284769096322864,2.9468965872774677
2014-09,46.2399008510462,46.70797792183649,0.01050776909104785,0.0,0.00038497336321725764,0.0,0.00038497336321725764,0.010122795727830593,0.3849733632172576,0.3849733632172576,0.0,0.0,2.927150140137258,2.006138225440148,56,0.01780113014545979,22,2.853966557376962,0.051517557751795326,0.05153739827734163,2.9282774489552157,False,False,False,False,False,34,34,0.152514817750669,0.0030516468662720926,2.9052437008581067
2014-10,46.70797792183649,46.93832251279218,0.005217350174837634,0.0,0.0002857603008087127,0.0,0.0002857603008087127,0.004931589874028921,0.28576030080871273,0.28576030080871273,0.0,0.0,2.9012203314210026,1.7213338138904248,56,0.013347285821110708,26,2.900526174555664,0.04758827268249856,0.047601875408734416,2.9020496219939456,False,False,False,False,False,30,30,0.18112621484508173,0.0031540177551443844,2.8539665573769613
2014-11,46.93832251279218,48.542143300396624,0.034416161278967905,0.0,0.0002474756134894492,0.0,0.0002474756134894492,0.034168685665478454,0.24747561348944924,0.24747561348944924,0.0,0.0,2.936090458439725,1.5824144885204663,56,0.01161609016001887,28,2.8412379707113207,0.04486426328013159,0.04487536883956573,2.93681724909015,False,False,False,False,False,28,28,0.18735980777591293,0.0029248552332004477,2.9005261745556647
2014-12,48.542143300396624,48.582337697003794,0.003936266994071972,0.0,0.00025389490667633834,0.0028543411461486876,0.003108236052825026,0.0008280309412469463,3.108236052825026,0.25389490667633835,0.0,2.8543411461486876,2.888166758456836,1.5045974175941486,56,0.1508804398876916,25,2.8438689624611104,0.04673372942536286,0.046745597894577835,2.8889002355125286,False,False,False,False,False,31,31,0.17404834049343684,0.0032375490221532967,2.841237970711321
