month,AN,AP,AX,BN,CA,CB,CC,CN,CT,DA,DT,EC,FB,FN,GS,HS,JN,JO,KC,LB,LX,MD,MP,MW,ND,NK,RL,SB,SN,SP,SS,TU,TY,UB,US,UZ,XU,XX,YM,ZA,ZB,ZC,ZD,ZF,ZG,ZI,ZK,ZL,ZM,ZN,ZO,ZP,ZR,ZS,ZT,ZU,ZW,ZZ
1976-01,0.0,0.0,0.0,0.0,0.0,0.0,0.0,0.0,0.0,0.0,0.0,0.0,0.0,0.0,0.0,0.0,0.0,-0.0,0.0,-0.0,0.0,0.0,0.0,0.0,0.0,0.0,0.0,-0.0,0.0,0.0,0.0,0.0,0.0,0.0,0.0,0.0,0.0,0.0,0.0,0.0,0.0,-0.0,0.0,0.0,-0.0,0.0,0.0,0.0,-0.0,0.0,0.0,0.0,0.0,-0.0,-0.0,0.0,-0.0,-0.0
1976-02,0.0,0.0,0.0,0.0,0.0,0.0,0.0,0.0,0.000954507873384852,0.0,0.0,0.0,0.0,0.0,0.0,0.0,0.0,0.0017713384622975276,0.0,0.0,0.0,0.0,0.0,0.0,0.0,0.0,0.0,-0.0,0.0,0.0,0.0,0.0,0.0,0.0,0.0,0.0,0.0,0.0,0.0,0.0,0.0,-0.0014889928052359799,0.0,0.0,-0.0,-0.003392932672657432,0.0,-0.002865930828990668,-0.0006220226670087752,0.0,0.0,0.0007599433069616688,0.0,-0.0009005175926776444,0.0003669193729105023,0.0,-0.006164347757034701,0.004612904230911155
1976-03,0.0,0.0,0.0,-0.0,0.0,0.0,0.0,0.0,-0.005694155949055813,0.0,0.0,0.0,0.0,-0.0,0.0,0.0,0.0,-0.001549572818270246,0.0,0.0,0.0,0.0,0.0,0.0,0.0,0.0,0.0,-0.0,0.0,0.0,0.0,0.0,0.0,0.0,0.0,0.0,0.0,0.0,0.0,0.0,0.0,-0.0026971517446848434,0.0,0.0,0.0,0.002903935964183909,0.0,0.0018907773967201265,-0.0013706921244203865,0.0,-0.0,0.0002470893928691622,0.0,0.001351973209775726,0.0025806878988651237,0.0,-0.007725668001342588,0.004190978870062489
1976-04,0.0,0.0,0.0,-0.0,0.0,0.0,0.0,0.0,0.005937202184625272,0.0,0.0,0.0,0.0,-0.0,0.0,0.0,0.0,-0.006283075825290982,0.0,0.0,0.0,0.0,0.0,0.0,0.0,0.0,0.0,-0.0,0.0,0.0,0.0,0.0,0.0,0.0,0.0,0.0,0.0,0.0,0.0,0.0,0.0,-0.0007668800780570705,0.0,0.0,0.0,-0.006019415560067229,0.0,0.0002454490240238379,-0.0010097318187749214,0.0,0.0,-0.01081349215235344,0.0,-0.0007398914215017465,0.004836777518207586,0.0,0.0019715300925724918,0.004472368245254422
1976-05,0.0,0.0,0.0,-0.0,0.0,0.0,0.0,0.0,0.004778227891536243,0.0,0.0,0.0,0.0,0.0,0.0,0.0,0.0,-0.006732209263169572,0.0,0.0,0.0,0.0,0.0,0.0,0.0,0.0,0.0,0.0,0.0,0.0,0.0,0.0,0.0,0.0,0.0,0.0,0.0,0.0,0.0,0.0,0.0,-0.004091223102619191,0.0,0.0,0.0,-0.0036013560987898713,0.0,-0.0026428095680229484,0.012375451750913317,0.0,0.0,0.0017385297856230939,0.0,-0.009453179207399654,-0.003487986202784127,0.0,-0.003261774294982133,0.0006147956803931152
1976-06,0.0,0.0,0.0,0.0,0.0,0.0,0.0,0.0,0.020544655052416972,0.0,0.0,0.0,0.0,-0.0,0.0,0.0,0.0,0.011733962570396968,0.0,-0.0,0.0,0.0,0.0,0.0,0.0,0.0,0.0,-0.0,-0.0,0.0,0.0,0.0,0.0,0.0,0.0,0.0,0.0,0.0,0.0,0.0,0.0,0.00011715934975377857,0.0,0.0,0.0,-0.0021914757849347353,0.0,-0.005701963771552603,0.0069998746863654026,0.0,0.0,0.0042469528693027956,0.0,0.00787084579989658,-0.00817962798342259,0.0,0.0009649559360433995,-0.0006578358083200605
1976-07,0.0,0.0,0.0,0.0,0.0,0.0,0.0,0.0,-0.007681979020832144,0.0,0.0,0.0,0.0,-0.0,0.0,0.0,0.0,-0.0004144968370482253,-0.0,0.0,0.0,0.0,0.0,0.0,0.0,0.0,0.0,-0.0,-0.0,0.0,0.0,0.0,0.0,0.0,0.0,0.0,0.0,0.0,0.0,0.0,0.0,-0.000988797775152887,0.0,0.0,0.0,0.005261216718878702,0.0,-0.0011697691473664662,-0.005358924709535274,0.0,-0.0,-0.004092962407843438,0.0,-0.005059740062843738,0.005780074708629095,0.0,-0.003915384835929628,-0.006209502681647362
1976-08,0.0,0.0,0.0,0.0,0.0,0.0,0.0,0.0,0.00025336984600480953,0.0,0.0,0.0,0.0,0.0,0.0,0.0,0.0,0.015599435328690809,0.0,-0.0,0.0,0.0,0.0,0.0,0.0,0.0,0.0,0.0,-0.0,0.0,0.0,0.0,0.0,0.0,0.0,0.0,0.0,0.0,0.0,0.0,0.0,-0.0007542994505055576,0.0,0.0,0.0,0.006498517061792054,0.0,-0.00621596706681556,0.002236174180293676,0.0,-0.0,0.005389992861152763,0.0,-0.004778621046117413,0.0006458778237718952,0.0,0.0054357559527711185,0.0005759043878436807
1976-09,0.0,0.0,0.0,-0.0,0.0,0.0,0.0,0.0,0.004039124197167995,0.0,0.0,0.0,0.0,-0.0,0.0,0.0,0.0,-0.006414477896788303,0.0,-0.0,0.0,0.0,0.0,0.0,0.0,0.0,0.0,0.0,0.0,0.0,0.0,0.0,0.0,0.0,0.0,0.0,0.0,0.0,0.0,0.0,0.0,0.00404835376784539,0.0,0.0,-0.0,-0.004204785434869516,0.0,-0.001777628109194155,-0.003114952413640853,0.0,-0.0,-0.002860833482836334,0.0,-0.0037980939106044137,0.008967294112478126,0.0,0.007994730134774914,-0.007597041669111799
1976-10,0.0,0.0,0.0,-0.0,0.0,0.0,0.0,0.0,0.004486410968536961,0.0,0.0,0.0,0.0,0.0,0.0,0.0,0.0,0.008144695728570355,0.0,0.0,0.0,0.0,0.0,0.0,0.0,0.0,0.0,0.0,0.0,0.0,0.0,0.0,0.0,0.0,0.0,0.0,0.0,0.0,0.0,0.0,0.0,0.004489458184233969,0.0,0.0,-0.0,0.0007270458052748116,0.0,-0.0034763586889175334,0.0018893007358121163,0.0,0.0,0.003371742827871979,0.0,0.0039702992744054194,-0.004497925325137821,0.0,0.003065893474040888,0.006144310624710675
1976-11,0.0,0.0,0.0,0.0,0.0,0.0,0.0,0.0,-0.004847238413572751,0.0,0.0,0.0,0.0,-0.0,0.0,0.0,0.0,0.0037083743873606257,0.0,-0.0,0.0,0.0,0.0,0.0,0.0,0.0,0.0,-0.0,-0.0,0.0,0.0,0.0,0.0,0.0,0.0,0.0,0.0,0.0,0.0,0.0,0.0,0.004201632200022186,0.0,0.0,-0.0,0.0009801754482388666,0.0,-0.004526538612067739,0.0013924222996561074,0.0,-0.0,-0.000690149650789035,0.0,-0.0008395657260316845,-0.005248203105690724,0.0,0.005303662208164091,-0.009259143655840974
1976-12,0.0,0.0,0.0,0.0,0.0,0.0,0.0,0.0,-0.003985338985284868,0.0,0.0,0.0,0.0,0.0,0.0,0.0,0.0,0.022384197274427243,0.0,-0.0,0.0,0.0,0.0,0.0,0.0,0.0,0.0,0.0,-0.0,0.0,0.0,0.0,0.0,0.0,0.0,0.0,0.0,0.0,0.0,0.0,0.0,-0.0027727611698805605,0.0,0.0,-0.0,-0.0009565801180732325,0.0,-0.00044418159074005554,0.003005856753942615,0.0,0.0,-0.0036380907002837525,0.0,0.002914425666759908,0.0008878960440249829,0.0,-0.0033930485136643646,-0.01574752383858733
1977-01,0.0,0.0,0.0,0.0,0.0,0.0,0.0,0.0,-0.001730921015977345,0.0,0.0,0.0,0.0,-0.0,0.0,0.0,0.0,-0.11680323289444097,-0.0,0.0,0.0,0.0,0.0,0.0,0.0,0.0,0.0,-0.0,-0.0,0.0,0.0,0.0,0.0,0.0,0.0,0.0,0.0,0.0,0.0,0.0,0.0,0.0010751954624035238,0.0,0.0,0.0,-0.0018614927968284305,0.0,0.00289578039153293,5.635811755708306e-05,0.0,0.0,-0.004574313054431051,0.0,0.0010895550773229667,0.0051007509783079,0.0,0.0009401538561330545,0.0006324488463453817
1977-02,0.0,0.0,0.0,-0.0,0.0,0.0,0.0,0.0,0.004196298558948948,0.0,0.0,0.0,0.0,0.0,0.0,0.0,0.0,0.0022088404151846108,0.012435437635440695,-0.004930785795832581,0.0,0.0,0.0,0.0,0.0,0.0,0.0,0.0,0.0,0.0,0.0,0.0,0.0,0.0,0.0,0.0,0.0,0.0,0.0,0.0,0.0,-0.0007149148851085901,0.0,0.0,0.0,0.0036520971620216504,0.0,0.0024189823223876475,0.0030118752084510167,0.0,-0.0,0.0026733799367909855,0.0,0.004074750249499038,0.0034558276174627357,0.0,0.0021745478182007083,-0.00043304273797907424
1977-03,0.0,0.0,0.0,-0.0,0.0,0.0,0.0,0.0,0.0020937369271443063,0.0,0.0,0.0,0.0,-0.0,0.0,0.0,0.0,0.0035614317858569263,0.00995865001021307,0.003502607881044345,0.0,0.0,0.0,0.0,0.0,0.0,0.0,-0.0,-0.0,0.0,0.0,0.0,0.0,0.0,0.0,0.0,0.0,0.0,0.0,0.0,0.0,0.003222348039805728,0.0,0.0,0.0,0.001091164582339754,0.0,0.009141316374209986,0.004842429259610546,0.0,-0.0,-0.0022012607163024566,0.0,0.007622726801835654,-0.0023079516555630404,0.0,0.0005669940303604648,0.0021764725872284343
1977-04,0.0,0.0,0.0,-0.0,0.0,0.0,0.0,0.0,-0.003219682917682165,0.0,0.0,0.0,0.0,0.0,0.0,0.0,0.0,-0.00023394620130738584,-0.002033384341383436,0.0056156683036532404,0.0,0.0,0.0,0.0,0.0,0.0,0.0,-0.0,-0.0,0.0,0.0,0.0,0.0,0.0,0.0,0.0,0.0,0.0,0.0,0.0,0.0,0.000785043356280745,0.0,0.0,-0.0,-0.0015052661861458712,0.0,0.002236176798371179,0.006175583356737001,0.0,0.0,-0.0032346001315721896,0.0,0.006015964056793639,-0.007087267293717659,0.0,0.003660537313420664,0.00827448135463124
1977-05,0.0,0.0,0.0,-0.0,0.0,0.0,0.0,0.0,-0.00873623789402749,0.0,0.0,0.0,0.0,-0.0,0.0,0.0,0.0,0.011632536339215346,-0.00630546466085956,0.0034172989537477757,0.0,0.0,0.0,0.0,0.0,0.0,0.0,0.0,-0.0,0.0,0.0,0.0,0.0,0.0,0.0,0.0,0.0,0.0,0.0,0.0,0.0,0.0010496719288682712,0.0,0.0,-0.0,-0.0059463113395102464,0.0,0.0038832393307038707,-0.003932949973919626,0.0,-0.0,0.004110999208972396,0.0,-0.001360316769359538,0.005925731305760057,0.0,0.005897260070745998,0.002830422288507658
1977-06,0.0,0.0,0.0,0.0,0.0,0.0,0.0,0.0,-0.006495418067771752,0.0,0.0,0.0,0.0,0.0,0.0,0.0,0.0,-0.00011425124978946079,-0.006719618840536232,-0.0023847402051407935,0.0,0.0,0.0,0.0,0.0,0.0,0.0,0.0,-0.0,0.0,0.0,0.0,0.0,0.0,0.0,0.0,0.0,0.0,0.0,0.0,0.0,0.009789640637307633,0.0,0.0,-0.0,0.003219995846523707,0.0,-0.009358019005915095,-0.012278948172888491,0.0,0.0,0.0023977290116142793,0.0,-0.014444223533747356,0.0027600350496235263,0.0,0.0009047563474903383,0.0048376564593302415
1977-07,0.0,0.0,0.0,0.0,0.0,0.0,0.0,0.0,0.008509645955094371,0.0,0.0,0.0,0.0,0.0,0.0,0.0,0.0,0.0157405716088013,-0.003707887224021627,0.0045457977461186025,0.0,0.0,0.0,0.0,0.0,0.0,0.0,0.0,-0.0,0.0,0.0,0.0,0.0,0.0,0.0,0.0,0.0,0.0,0.0,0.0,0.0,0.01231213123946286,0.0,0.0,0.0,-0.00012722764566873112,0.0,-0.009077166296061112,0.011104589636798494,0.0,0.0,0.0024335782577547985,0.0,-0.010486588048873221,0.00429816922503341,0.0,0.008822159452219617,-0.009538328898848559
1977-08,0.0,0.0,0.0,0.0,0.0,0.0,0.0,0.0,0.0037194698515644465,0.0,0.0,0.0,0.0,-0.0,0.0,0.0,0.0,-0.0010699631367305906,-0.006966963814862606,-0.010198842249814865,0.0,0.0,0.0,0.0,0.0,0.0,0.0,0.0,-0.0,0.0,0.0,0.0,0.0,0.0,0.0,0.0,0.0,0.0,0.0,0.0,0.0,0.005843203073113398,0.0,0.0,0.0,0.0018952757032099478,0.0,-0.004445550838758449,0.005791941590605231,0.0,-0.0,0.0019009295083030765,0.0,0.004676821835130501,-0.001387386613610154,0.0,0.0021641833862743208,0.0068916713415505225
1977-09,0.0,0.0,0.0,0.0,0.0,0.0,0.0,0.0,0.002844313122630045,0.0,0.0,0.0,0.0,0.0,0.0,0.0,0.0,0.00931294397838387,-0.004148896890759396,-0.005865109883235459,0.0,0.0,0.0,0.0,0.0,0.0,0.0,0.0,0.0,0.0,0.0,0.0,0.0,0.0,0.0,0.0,0.0,0.0,0.0,0.0,0.0,-0.005184192981445404,0.0,0.0,0.0,0.004085956686457321,0.0,-0.0002998170249208968,-0.00012740799833647925,0.0,-0.0,-0.004152274609551233,0.0,-0.0019978159416069027,-0.005527590785087207,0.0,-0.007169574014360064,0.0010450253619265228
1977-10,0.0,0.0,0.0,0.0,0.0,0.0,0.0,0.0,0.0030585821005867818,0.0,0.0,0.0,0.0,0.0,0.0,0.0,0.0,0.0005456304933723519,0.005905087523993537,0.005520844061846081,0.0,0.0,0.0,0.0,0.0,0.0,0.0,-0.0,0.0,0.0,0.0,0.0,0.0,0.0,0.0,0.0,0.0,0.0,0.0,0.0,0.0,-0.005161409133047493,0.0,0.0,0.0,0.005686225173458556,0.0,0.0020786251151404503,-0.005010962470294339,0.0,-0.0,-0.01228804071566264,0.0,-0.0019486632815553598,0.00042784011986632604,0.0,-0.002213682975850911,0.004718508337793743
1977-11,0.0,0.0,0.0,-0.0,0.0,0.0,0.0,0.0,0.00012429750763454694,0.0,0.0,0.0,0.0,0.0,0.0,0.0,0.0,0.0006819649359540236,0.006322873964698189,-0.011373193466125218,0.0,0.0,0.0,0.0,0.0,0.0,0.0,-0.0,0.0,0.0,0.0,0.0,0.0,0.0,0.0,0.0,0.0,0.0,0.0,0.0,0.0,-0.003551861031185372,0.0,0.0,-0.0,-0.0036459081219673223,0.0,-0.007961444253084683,-0.0018602439705225856,0.0,-0.0,0.0014992239952520015,0.0,-0.002938424901185221,0.0030099643676996073,0.0,-0.002254179903251731,0.007791845648994935
1977-12,0.0,0.0,0.0,0.0,0.0,0.0,0.0,0.0,-0.0031225708143427485,0.0,0.0,0.0,0.0,0.0,0.0,0.0,0.0,-0.008070458804034916,0.008219434727484324,-0.0036514301447315178,0.0,0.0,0.0,0.0,0.0,0.0,0.0,-0.0,0.0,0.0,0.0,0.0,0.0,0.0,0.0,0.0,0.0,0.0,0.0,0.0,0.0,0.0023028774614082155,0.0,0.0,0.0,-0.0001366586877681249,0.0,0.0024641351560750137,-0.002280936271320972,0.0,0.0,0.008655595190813065,0.0,-0.001069780714180654,-0.005821673995048751,0.0,-0.0013655673858062763,0.009487156010260081
1978-01,0.0,0.0,0.0,0.0,0.0,0.0,0.0,0.0,-0.0034371283408733194,0.0,0.0,0.0,0.0,-0.0,0.0,0.0,0.0,0.0009786043354348933,-0.0007420839923168096,0.0018738030210777702,0.0,0.0,0.0,0.0,0.0,0.0,0.0,-0.0,0.0,0.0,0.0,0.0,0.0,0.0,0.0,0.0,0.0,0.0,0.0,0.0,0.0,-0.0011908235039937282,0.0,0.0,0.0,0.004205362562420301,0.0,-0.0018719980578966089,0.005982013795558729,0.0,0.0,0.020682843906874512,0.0,0.004262539506759466,0.004047350944122739,0.0,0.003994596613790869,0.00998702361017737
1978-02,0.0,0.0,0.0,-0.0,0.0,0.0,0.0,-0.0,0.00023160963531517061,0.0,0.0,0.0,0.0,0.0,0.0,0.0,0.0,0.006453203195843395,-0.003673104990814604,0.0011145721328885182,0.0,0.0,0.0,0.0,0.0,0.0,0.0,0.0065709180342566394,0.0,0.0,0.0,0.0,0.0,0.0,-0.0,0.0,0.0,0.0,0.0,0.0,0.0,0.0006665235166586923,0.0,0.0,0.003986006574587689,-0.0011770287458435541,0.0,0.005489051064165439,-0.00014660490074751715,0.0,0.008444360815903265,0.006149447858260051,0.0,-0.0019255213771321462,0.005386801464049745,0.0,0.002939202891197225,0.00276748138046521
1978-03,0.0,0.0,0.0,-0.0,0.0,0.0,0.0,-0.0,0.0011831115273827882,0.0,0.0,0.0,0.0,0.0010169815242837463,0.0,0.0,0.0,-0.002116942036563611,-0.0025745648645676507,0.0015717965233212512,0.0,0.0,0.0,0.0,0.0,0.0,0.0,0.004899593125434255,-0.0,0.0,0.0,0.0,0.0,0.0,-0.0,0.0,0.0,0.0,0.0,0.0,0.0,-0.011365161543269263,0.0,0.0,-0.00047336598529932694,-0.01033016175528657,0.0,0.009426465339904551,-0.008844378337825554,0.0,-0.010829134329593483,-0.0020008329172815685,0.0,-0.00934123526238633,0.008857256613787235,0.0,-0.014527951965804252,0.006157759970261643
1978-04,0.0,0.0,0.0,-0.0,0.0,0.0,0.0,0.0,-0.002051334145513711,0.0,0.0,0.0,0.0,-0.009100130579201811,0.0,0.0,-0.0,0.0007602665742055024,-0.0014188385762295384,-0.002406664952884369,0.0,0.0,0.0,0.0,0.0,0.0,0.0,0.0021805656962342644,-0.0,0.0,0.0,0.0,0.0,0.0,-0.0,0.0,0.0,0.0,0.0,0.0,0.0,0.003636550745878873,0.0,0.0,-0.009626157819354502,-0.012466713006735793,0.0,0.002806189193598779,0.0013611802198160371,0.0,0.0016259375323781613,-0.007537189244798389,0.0,-0.0021840568630348603,0.005627878418145206,0.0,-0.0012388261056880674,0.0015609320502082114
1978-05,0.0,0.0,0.0,0.0,0.0,0.0,0.0,0.0,-0.00239680122555288,0.0,0.0,0.0,0.0,-0.001659671464462976,0.0,0.0,0.0,-0.003836977879814955,-0.0056472304156751285,0.0007005456056060231,0.0,0.0,0.0,0.0,0.0,0.0,0.0,0.0029072371131027724,0.0,0.0,0.0,0.0,0.0,0.0,-0.0,0.0,0.0,0.0,0.0,0.0,0.0,-0.009928655022596948,0.0,0.0,0.00875775901099947,-0.009572589889641625,0.0,0.004531902802992606,-0.0022561226614426174,0.0,-0.0022592377174017087,0.01867019493496449,0.0,-0.0034344249230057783,0.010880563686090772,0.0,0.004826610529540281,0.0014576473670141628
1978-06,0.0,0.0,0.0,0.0,0.0,0.0,0.0,0.0,0.00484613813279251,0.0,0.0,0.0,0.0,0.000342556122812082,0.0,0.0,0.0,0.005967656702801295,-0.005628302810117242,9.074035305834351e-05,0.0,0.0,0.0,0.0,0.0,0.0,0.0,0.007135072291793699,0.0,0.0,0.0,0.0,0.0,0.0,-0.0,0.0,0.0,0.0,0.0,0.0,0.0,-0.007749597570961782,0.0,-0.0,-0.0020282518046121235,-0.005044448129539256,0.0,-0.007841361043877719,0.0036404668066495113,0.0,0.01154389555212923,-0.007063345411806746,0.0,0.007032251969789841,-0.01268089788675871,0.0,-0.004106749414071477,-0.012084784333476057
1978-07,0.0,0.0,0.0,0.0,0.0,0.0,0.0,-0.0,-0.002150013651582779,0.0,0.0,0.0,0.0,0.004295368848830964,0.0,0.0,0.0,0.0014261211914923938,-0.006426447365336158,0.00897341150167707,0.0,0.0,0.0,0.0,0.0,0.0,0.0,0.005522318122263908,0.0,0.0,0.0,0.0,0.0,0.0,0.0,0.0,0.0,0.0,0.0,0.0,0.0,-0.010217059651316963,0.0,0.0,0.012369157630922733,0.009582995549590929,0.0,-0.00270840502681113,0.004123784086771632,0.0,0.0009589394880437213,0.01183514005957535,0.0,0.0031380121059041213,0.0033401589992643537,0.0,-0.00036380061311517577,0.006676025074355228
1978-08,0.0,0.0,0.0,0.0,0.0,0.0,0.0,-0.0,-0.0017202474739284465,0.0,0.0,0.0,0.0,0.003168213575989195,0.0,0.0,-0.0,0.0009313086665341866,0.011665706181195567,0.0019129281155184394,0.0,0.0,0.0,0.0,0.0,0.0,0.0,-0.008585556000358329,0.0,0.0,0.0,0.0,0.0,0.0,0.0,0.0,0.0,0.0,0.0,0.0,0.0,-0.003938269660595172,0.0,0.0,0.0003599449822935267,-0.003967624701367014,0.0,0.00820698031380091,0.0014646661200198533,0.0,-0.0029298271303425188,-0.002725021829571149,0.0,0.0025143193813072276,0.0007358382365341307,0.0,0.0038477962906079666,0.0008388257506858479
1978-09,0.0,0.0,0.0,0.0,0.0,0.0,0.0,-0.0,-0.0006546789616018262,0.0,0.0,0.0,0.0,0.0058891744990544614,0.0,0.0,0.0,-0.001538918611647077,-0.0006412626624768124,0.0052569020111952,0.0,0.0,0.0,0.0,0.0,0.0,0.0,-0.010133312311281712,0.0,0.0,0.0,0.0,0.0,0.0,-0.0,0.0,0.0,0.0,0.0,0.0,0.0,0.001588990431426249,0.0,0.0,0.004579576132938129,0.002057348733818157,0.0,0.0015827585520249987,0.00033888999505973447,0.0,-0.0037500371509144696,0.007134756386424287,0.0,0.0008832940547641059,0.0024946469973685815,0.0,0.0026563059179852285,0.006806400918220485
1978-10,0.0,0.0,0.0,0.0,0.0,0.0,0.0,0.0,0.003802768142545682,0.0,0.0,0.0,0.0,0.025893372852059542,0.0,0.0,0.0,0.008358243411091482,0.0012938911742705883,0.0034210778629364313,0.0,0.0,0.0,0.0,0.0,0.0,0.0,-0.0013223992625446244,0.0,0.0,0.0,0.0,0.0,0.0,-0.0,0.0,0.0,0.0,0.0,0.0,0.0,0.003102241573721642,0.0,0.0,0.008593501846445613,0.008512071761108022,0.0,0.00362069953948769,0.006355627001664725,0.0,0.0005905499182027849,0.026549982176043718,0.0,0.004786860007953462,-0.0034697751507738106,0.0,0.004105624889114393,-0.0023671116525235602
1978-11,0.0,0.0,0.0,-0.0,0.0,0.0,0.0,-0.0,-0.0005800180454921075,0.0,0.0,0.0,0.0,-0.022632301504061605,0.0,0.0,-0.0,-0.005332980162965936,-0.0036706567678869203,0.0015802404763877972,0.0,0.0,0.0,0.0,0.0,0.0,0.0,0.0059290331498056455,-0.0,0.0,0.0,0.0,0.0,0.0,0.0,0.0,0.0,0.0,0.0,0.0,0.0,-0.002521960288808647,0.0,0.0,-0.018792482204859504,-0.003100911754344628,0.0,-0.00329945104706154,-0.002856850908587454,0.0,0.0049150865291069205,-0.010567637573211788,0.0,-0.0029449540212274535,0.004017581101838994,0.0,0.0042143911439929925,0.0019549909921595084
1978-12,0.0,0.0,0.0,0.0,0.0,0.0,0.0,-0.0,-0.004279450652338428,0.0,0.0,0.0,0.0,0.0120968938081116,0.0,0.0,0.0,0.0010085818507655404,-0.0004330303494759532,0.010098440303300696,0.0,0.0,0.0,0.0,0.0,0.0,0.0,0.0003417583602845301,0.0,0.0,0.0,0.0,0.0,0.0,-0.0,0.0,0.0,0.0,0.0,0.0,0.0,0.0029854399686762094,0.0,0.0,0.013677599475401541,0.0007978177649174256,0.0,-0.0008240164597102674,0.0006637217643839521,0.0,0.0037858155048077205,0.005366848901928984,0.0,-0.00011206390174079301,0.0016231833955316671,0.0,-0.00553899532650351,-0.0041064957106441684
1979-01,0.0,0.0,0.0,-0.0,0.0,0.0,0.0,-0.0,-0.0042082803254722,0.0,0.0,0.0,0.0,-0.00855320525205985,0.0,0.0,-0.0,0.0003210384678025652,-0.002052878584780922,-0.0008164510345169203,0.0,0.0,0.0,0.0,0.0,0.0,0.0,0.0015041950884094918,-0.0,0.0,0.0,0.0,0.0,0.0,0.0,0.0,0.0,0.0,0.0,0.0,0.0,-0.001107145445597891,0.0,0.0,0.0012993302034993307,0.010513011203479859,0.0,0.0009738527298532102,0.00035949685951115366,0.0,-0.0016081531040132296,0.0054308533838172,0.0,0.0012932826221423522,0.008169077486018639,0.0,0.001818197383760436,0.007056122356030306
1979-02,0.0,0.0,0.0,0.004169447052123815,0.0,0.0,0.0,-0.0,0.0017722881752937584,0.0,0.0,0.0,0.0,0.0020402262008180736,0.0,0.0,-0.0,-0.0038024373974410125,0.00048624246115205747,0.004310407777800199,0.0,0.0,0.0,0.0,0.0,0.0,0.0,-0.002675107374039119,0.0018050221174418471,0.0,0.0,0.0,0.0,0.0,0.0,0.0,0.0,0.0,0.0,0.0,0.0,-0.0009093001511801994,0.0,0.0,0.00634359023120934,0.016274080198530803,0.0,0.004990569633278851,0.002436896833879296,0.0,0.0034546334593207433,0.005284507231412255,0.0,0.003479853867093808,0.0056463709866391085,0.0,0.004293467948522043,0.0017188352831025058
1979-03,0.0,0.0,0.0,0.0039031315338790397,0.0,0.0,0.0,-0.0,0.004962022273420021,0.0,0.0,0.0,0.0,-0.0032088091845874477,0.0,0.0,-0.0,-0.0003242430807702012,0.004036890807837412,-0.005035037521165978,0.0,0.0,0.0,0.0,0.0,0.0,0.0,0.0024307794173421176,-0.0033300232040031053,0.0,0.0,0.0,0.0,0.0,-0.0,0.0,0.0,0.0,0.0,0.0,0.0,-0.001889404384528943,0.0,-0.0,-0.004929227579754056,-0.004586634860181747,0.0,8.67122084606247e-05,-0.00024907574097038956,0.0,0.00035224917756004903,-0.004802281868944106,0.0,0.0003954346895748147,0.003590124662070383,0.0,-0.00292601828939783,-0.009265533155320752
1979-04,0.0,0.0,0.0,0.00016515744321575414,0.0,0.0,0.0,-0.0,-0.002220291193742858,0.0,0.0,0.0,0.0,-0.003926577616019235,0.0,0.0,0.0,0.00020333817084402595,0.007290407098633306,0.005927443039268337,0.0,0.0,0.0,0.0,0.0,0.0,0.0,0.004971216011318384,-0.003008955008736199,0.0,0.0,0.0,0.0,0.0,0.0,0.0,0.0,0.0,0.0,0.0,0.0,-0.0037851096198396666,0.0,0.0,0.0019831969540667444,0.006368639924533995,0.0,-0.0032087653386387374,-0.0034407277714503122,0.0,-0.0006200628562375138,0.0038581788840436368,0.0,-0.003751643265879648,0.008958656122779386,0.0,0.0049981643634963765,0.003002237684083967
1979-05,0.0,0.0,0.0,0.00017476823229896558,0.0,0.0,0.0,0.0,0.001592127350394562,0.0,0.0,0.0,0.0,-0.0025000228175930234,0.0,0.0,0.0,-0.0017861946391464596,-8.766180983082168e-05,0.004708825017207009,0.0,0.0,0.0,0.0,0.0,0.0,0.0,0.0022613054722086467,-0.0017265706853265585,0.0,0.0,0.0,0.0,0.0,-0.0,0.0,0.0,0.0,0.0,0.0,0.0,-0.0008744176674589244,0.0,-0.0,0.00962875293840001,0.009503280219807602,0.0,-0.0006635431544742075,0.0009160310122156082,0.0,-0.002006835318339232,0.006447294423974888,0.0,0.00029854405934302445,-0.008517065845714366,0.0,0.004628421878424407,-0.007566933594973058
1979-06,0.0,0.0,0.0,0.008663818484495255,0.0,0.0,0.0,0.0,-0.006619902984329769,0.0,0.0,0.0,0.0,0.00695269836644395,0.0,0.0,-0.0,-0.0017984138330021675,0.024266629217652335,0.004468327233862459,0.0,0.0,0.0,0.0,0.0,0.0,0.0,-0.0028240958646892247,0.0049613809471991755,0.0,0.0,0.0,0.0,0.0,-0.0,0.0,0.0,0.0,0.0,0.0,0.0,-0.010879751812844852,0.0,-0.0,0.0009146782897462983,-0.0018575469696587804,0.0,0.0019313501692225482,0.0010388038021149119,0.0,-0.0054219910243257065,-0.0042487917173927164,0.0,-0.0001881740508278386,-0.0035728223078463797,0.0,0.014148132165835353,0.008313635560624267
1979-07,0.0,0.0,0.0,0.005574141736227555,0.0,0.0,0.0,-0.0,-0.00012443480245234327,0.0,0.0,0.0,0.0,-0.0005841051029338682,0.0,0.0,-0.0,-0.0021416852876430547,-0.0046091380237593465,0.010081364857376146,0.0,0.0,0.0,0.0,0.0,0.0,0.0,-0.0016153730863147095,-0.0016066067851219043,0.0,0.0,0.0,0.0,0.0,0.0,0.0,0.0,0.0,0.0,0.0,0.0,-0.004943952374858385,0.0,-0.0,0.0007296849434001251,0.002891721558147663,0.0,-0.000348120479850151,-0.001914203056149719,0.0,0.012647310682342002,-0.005375270821786827,0.0,-0.0018707958498339328,-0.00733471215368378,0.0,-0.0037806783007526957,-0.0011416234572346406
1979-08,0.0,0.0,0.0,0.0018930325601350026,0.0,0.0,0.0,-0.0,-0.0019159507178990662,0.0,0.0,0.0,0.0,0.0005875223296303017,0.0,0.0,0.0,-0.0027752683217729646,0.004945538116280414,0.008898250742978963,0.0,0.0,0.0,0.0,0.0,0.0,0.0,0.005715053137194594,-4.543730302673048e-05,0.0,0.0,0.0,0.0,0.0,0.0,0.0,0.0,0.0,0.0,0.0,0.0,0.0007025316283352775,0.0,0.0,0.007225156229110873,0.015564514177621605,0.0,0.006092733729907668,-0.001309595823945305,0.0,-0.002376780723226485,0.006199393578765597,0.0,0.0008079591181690751,0.01121011070503662,0.0,0.005618046339269732,-0.008130913132489261
1979-09,0.0,0.0,0.0,-0.0044414895324415265,0.0,0.0,0.0,-0.0,0.0011951979039480011,0.0,0.0,0.0,0.0,0.005591003943721905,0.0,0.0,0.0,0.0007518735125983617,0.0013491519133659153,0.005242961030129176,0.0,0.0,0.0,0.0,0.0,0.0,0.0,0.004264860472915622,-0.006498692310369349,0.0,0.0,0.0,0.0,0.0,0.0,0.0,0.0,0.0,0.0,0.0,0.0,-0.0012335575941142894,0.0,0.0,0.018053865966515464,0.05513985906054972,0.0,-0.0006026565670373471,0.000452758945135261,0.0,0.0006696287435273012,0.0191841363959891,0.0,-0.0007439176050422715,0.0027515588934507508,0.0,-0.0008621381647568957,-0.0004503634861216913
1979-10,0.0,0.0,0.0,-0.009812759211296795,0.0,0.0,0.0,-0.0,-0.0028212007571394174,0.0,0.0,0.0,0.0,-0.005046464519696446,0.0,0.0,0.0,-0.0013747037443439117,-0.00033227834221012534,-0.01147218851065752,0.0,0.0,0.0,0.0,0.0,0.0,0.0,-0.0166939583143658,0.007889914955809625,0.0,0.0,0.0,0.0,0.0,0.0,0.0,0.0,0.0,0.0,0.0,0.0,-0.006236639842684744,0.0,-0.0,-0.00396778017918859,-3.825566932426197e-05,0.0,-0.0017891181891477104,-0.004997942962478994,0.0,0.006198758092457018,-0.00974248728233164,0.0,-0.006095497731887159,-0.0063902982779667685,0.0,-0.0054176439227013404,-0.0010239446348654768
1979-11,0.0,0.0,0.0,0.010659656104630441,0.0,0.0,0.0,-0.0,-0.003274143402887206,0.0,0.0,0.0,0.0,-0.006075892967656197,0.0,0.0,0.0,4.3256660380678486e-05,0.002611368849677555,0.0013697654537016767,0.0,0.0,0.0,0.0,0.0,0.0,0.0,0.01373991756913954,-0.0029387699235141097,0.0,0.0,0.0,0.0,0.0,-0.0,0.0,0.0,0.0,0.0,0.0,0.0,0.00346121988595061,0.0,0.0,0.007639231435902423,0.006552320395356331,0.0,0.0022096076680884775,-0.005315903051390567,0.0,-0.0013415382617803018,0.007675359928187822,0.0,-0.0015355825323038258,0.002156535573555128,0.0,0.0026335467392281505,-0.005509982054233487
1979-12,0.0,0.0,0.0,0.0021719232888937085,0.0,0.0,0.0,-0.0,-0.006853283515598733,0.0,0.0,0.0,0.0,0.0003048417626459227,0.0,0.0,-0.0,0.00037871679404861795,-0.0060868188094516,0.0008974784730141879,0.0,0.0,0.0,0.0,0.0,0.0,0.0,-0.002336665778406183,0.0009941228048191428,0.0,0.0,0.0,0.0,0.0,0.0,0.0,0.0,0.0,0.0,0.0,0.0,-0.0006839298972891724,0.0,-0.0,0.023299096283321382,0.03249098795881752,0.0,-0.005776949951523738,0.005052173998437322,0.0,-0.0,0.016248924795174736,0.0,0.004099327785765581,-0.002166770263325578,0.0,-0.000321617579101441,0.0012689260564403325
1980-01,0.0,0.0,0.0,0.004661556773154636,0.0,0.0,0.0,0.0,0.018391966800540904,0.0,0.0,0.0,0.0,-0.002798522942883161,0.0,0.0,-0.0,0.0029731605915204215,-0.003745602983879671,0.006237145038449432,0.0,0.0,0.0,0.0,0.0,0.0,0.0,0.022783901142720022,0.004055366515357767,0.0,0.0,0.0,0.0,0.0,0.0,0.0,0.0,0.0,0.0,0.0,0.0,-0.004665515797565006,0.0,-0.0,0.01982246075290605,0.011169751382879584,0.0,-4.949022044639393e-05,-2.7398785970246935e-05,0.0,0.005536587469707846,0.010896938927341785,0.0,-0.0007961580204335398,-0.005995758550133813,0.0,0.0023564782097271167,-0.003967807706008567
1980-02,0.0,0.0,0.0,-0.0001487323964658082,0.0,0.0,0.0,0.0,0.002272720951802435,0.0,0.0,0.0,0.0,-0.00407061960422798,0.0,0.0,0.0,0.002021430648199376,0.003749909261916682,-0.0070743979658234426,0.0,0.0,0.0,0.0,0.0,0.0,0.0,0.003975470045557368,0.005697097256594309,0.0,0.0,0.0,0.0,0.0,0.0,0.0,0.0,0.0,0.0,0.0,0.0,-0.004067486479703021,0.0,0.0,-0.006476601932235691,-0.0003412931096695793,0.0,-0.0036213674702147446,0.003951432214922574,0.0,0.00362433313308807,0.005717581043211554,0.0,0.0036619677642063856,-0.0008003594182698858,0.0,-0.005875387949110828,0.004118163058187425
1980-03,0.0,0.0,0.0,-0.007372372677455695,0.0,0.0,0.0,-0.0,-0.0022349925226880798,0.0,0.0,0.0,0.0,0.015304271434711752,0.0,0.0,-0.0,-0.0016399435665709582,-0.0002680533580221637,-0.011675292917650862,0.0,0.0,0.0,0.0,0.0,0.0,0.0,-0.011529825022771232,0.00886301257450728,0.0,0.0,0.0,0.0,0.0,0.0,0.0,0.0,0.0,0.0,0.0,0.0,0.0062867019628294,0.0,0.0,-0.013660046995436215,-0.021320437270816978,0.0,0.0068377746836313594,0.005690419051612014,0.0,0.006465137854958229,-0.01970813556717077,0.0,0.006729260515081513,0.00791450683898373,0.0,-0.010625902161303232,0.012108137236072111
1980-04,0.0,0.0,0.0,0.007429566242622959,0.0,0.0,0.0,0.0,-0.004700725483149133,0.0,0.0,0.0,0.0,-0.010592803989324821,0.0,0.0,-0.0,0.0001356600468080299,-0.0010832845734428081,-0.009963897515486785,0.0,0.0,0.0,0.0,0.0,0.0,0.0,0.010197364498389446,-0.009782711210328698,0.0,0.0,0.0,0.0,0.0,-0.0,0.0,0.0,0.0,0.0,0.0,0.0,-0.0027330988409640694,0.0,0.0,-0.0011972842759728469,-0.010568761030428798,0.0,0.0026786743174159904,-0.001001334185023423,0.0,-0.005288287538466802,-0.0010582988222454922,0.0,-0.0008407555053327244,-0.0014200253038223342,0.0,0.001959247244324685,-0.00031103395344851475
1980-05,0.0,0.0,0.0,0.007357794526521543,0.0,0.0,0.0,-0.0,-0.0077499047253010945,0.0,0.0,0.0,0.0,0.001044052863021459,0.0,0.0,-0.0,0.00016846815116620712,0.002565945502727102,-0.009026637631896733,0.0,0.0,0.0,0.0,0.0,0.0,0.0,0.022821967206381723,0.00021175576189997098,0.0,0.0,0.0,0.0,0.0,-0.0,0.0,0.0,0.0,0.0,0.0,0.0,0.0006216643503174182,0.0,-0.0,0.004030549144765866,0.002258676452493187,0.0,-0.003503162276260022,0.000601253084693707,0.0,-0.006015567518037927,0.0018931492295441305,0.0,-0.0009173536031502184,-0.0008736723434241309,0.0,0.0006666302731080542,0.002906699038792456
1980-06,0.0,0.0,0.0,0.001246727689122432,0.0,0.0,0.0,-0.0,0.0015269845455913294,0.0,0.0,0.0,0.0,0.0010301002407715556,0.0,0.0,-0.0,0.002668827814211025,-0.006007156369007522,-0.0005426251775003586,0.0,0.0,0.0,0.0,0.0,0.0,0.0,-0.0032978234683472244,-0.0012751669288284867,0.0,0.0,0.0,0.0,0.0,-0.0,0.0,0.0,0.0,0.0,0.0,0.0,-0.002624914136335258,0.0,-0.0,0.00973472120405897,0.006186576270221968,0.0,-0.007512073189077971,-0.004368291221860568,0.0,-0.0039943491413779245,0.005845644570967785,0.0,-0.005994794608408097,-0.003870564723411127,0.0,-0.0035927735123562144,-0.011654942243432614
1980-07,0.0,0.0,0.0,-0.0013966368664451315,0.0,0.0,0.0,-0.0,0.019736900396729307,0.0,0.0,0.0,0.0,0.0017423046731987774,0.0,0.0,0.0,-0.0013387731966646888,0.009087617823486325,0.0018058248165855912,0.0,0.0,0.0,0.0,0.0,0.0,0.0,-0.005560233939627663,0.002268337261417544,0.0,0.0,0.0,0.0,0.0,0.0,0.0,0.0,0.0,0.0,0.0,0.0,-0.01472094686856001,0.0,0.0,-0.0027767606421163775,-0.002573675437932509,0.0,-0.009621371633329332,-0.010780814603964071,0.0,-0.005189972565672633,-0.003260829849021819,0.0,-0.010013159241881708,-0.005202383395781676,0.0,-0.005799580864295824,0.008302500646500665
1980-08,0.0,0.0,0.0,0.007606523404929453,0.0,0.0,0.0,-0.0,0.012236489071541512,0.0,0.0,0.0,0.0,7.398556492095846e-05,0.0,0.0,-0.0,-0.005660683368895185,0.005178179457044306,0.009599154263411217,0.0,0.0,0.0,0.0,0.0,0.0,0.0,0.0029432504295517936,-0.0005801713392517796,0.0,0.0,0.0,0.0,0.0,0.0,0.0,0.0,0.0,0.0,0.0,0.0,0.007540748907761288,0.0,-0.0,0.0011505534663244401,0.0015528709497562461,0.0,-0.005224544435282595,-0.00258172857359807,0.0,-0.0002609632575229269,0.0013363957748489372,0.0,-0.0014679610449609567,-0.00237166881512022,0.0,-0.0017966085322851252,-0.002306364221503463
1980-09,0.0,0.0,0.0,-0.00042683043443429047,0.0,0.0,0.0,-0.0,-0.007146886939297842,0.0,0.0,0.0,0.0,0.001716478574083588,0.0,0.0,-0.0,-0.003702027354844074,0.0029350323267600593,0.0057618806671443715,0.0,0.0,0.0,0.0,0.0,0.0,0.0,0.005651570674495503,0.0007556492295769221,0.0,0.0,0.0,0.0,0.0,0.0,0.0,0.0,0.0,0.0,0.0,0.0,-0.002767720798751577,0.0,-0.0,0.0026038384064852173,0.008389793537690938,0.0,0.004389211050936953,0.002519543050833755,0.0,0.0012615852365589853,0.001470678888713315,0.0,0.0006567304119041722,0.0016575921800396176,0.0,-0.00508466811815795,0.008944334218226895
1980-10,0.0,0.0,0.0,0.0037787769798465214,0.0,0.0,0.0,0.0,0.0007650169706709992,0.0,0.0,0.0,0.0,0.007525956700075685,0.0,0.0,-0.0,0.007203177376843212,0.0005778000775110055,0.0022213609268171485,0.0,0.0,0.0,0.0,0.0,0.0,0.0,0.002463358958072116,0.004452010211539102,0.0,0.0,0.0,0.0,0.0,0.0,0.0,0.0,0.0,0.0,0.0,0.0,0.007607182399421739,0.0,0.0,-0.0036192309046298955,-0.003798859025641989,0.0,-0.00278369103197732,0.01452716767755988,0.0,-0.004289738375059674,-0.0031053495779691425,0.0,-0.009422856304896017,-0.00037339566332449776,0.0,-0.004707651709644301,-0.001175326806955017
1980-11,0.0,0.0,0.0,-0.004599531612791584,0.0,0.0,0.0,-0.0,0.000789897111560182,0.0,0.0,0.0,0.0,0.0018382061551747147,0.0,0.0,-0.0,0.003357758769340827,0.0035678121731071532,-0.00020404616506480088,0.0,0.0,0.0,0.0,0.0,0.0,0.0,-0.008766174812453651,0.002129467783433357,0.0,0.0,0.0,0.0,0.0,-0.0,0.0,0.0,0.0,0.0,0.0,0.0,0.005853526724472061,0.0,-0.0,-0.001329911531963244,-0.000901824624290357,0.0,-0.004685906536249618,-0.0028104669368726005,0.0,0.005596484905729824,-0.0007270881688762824,0.0,0.0009742126289506466,0.004420776885612908,0.0,-0.0027409182712439394,0.0016433663719611418
1980-12,0.0,0.0,0.0,0.0023708842210480347,0.0,0.0,0.0,0.0,0.004302089303603074,0.0,0.0,0.0,0.0,0.003836369806992627,0.0,0.0,0.0,0.006581790381987032,-0.0020627086159834365,0.007278166120257972,0.0,0.0,0.0,0.0,0.0,0.0,0.0,-0.004808827358871061,0.004175533506202968,0.0,0.0,0.0,0.0,0.0,-0.0,0.0,0.0,0.0,0.0,0.0,0.0,-0.008525568929010853,0.0,0.0,-0.0033881008968705286,-0.005454779986984039,0.0,0.012838124155497534,-0.014708978659479222,0.0,-0.006542421597897474,-0.003656687492564534,0.0,-0.014375996477228882,0.003449998969295238,0.0,-0.006136501118999149,-0.011935792657628784
1981-01,0.0,0.0,0.0,-0.0039243157091530464,0.0,0.0,0.0,0.0,-0.007025186996556231,0.0,0.0,0.0,0.0,0.01122849952557337,0.0,0.0,-0.0,-0.04283379924631878,0.0017540925295003052,0.00030640451375646237,0.0,0.0,0.0,0.0,0.0,0.0,0.0,-0.004767010887807864,0.008710926052439106,0.0,0.0,0.0,0.0,0.0,0.0,0.0,0.0,0.0,0.0,0.0,0.0,-0.0064241112526606595,0.0,0.0,-0.008550073064723433,0.00549187533008517,0.0,0.006629449773698941,-0.00916866570196236,0.0,-0.0019020161583417539,0.009871909034826501,0.0,-0.009066109760850797,0.007094586853755209,0.0,0.0063115285398226,0.0032374931374079094
1981-02,0.0,0.0,0.0,-0.010091413510487394,0.0,0.0,-0.0,0.0019312724780279147,-0.00046082774068466526,0.0,0.0,0.0,0.0,0.0007606996313028481,0.0,0.0,-0.0021948191464487535,0.0007792052618487366,0.001343727371259113,0.009357233286882718,0.0,0.0,0.0,0.0,0.0,0.0,0.0,-0.003187841924863886,0.0020692186424297447,0.0,0.0,0.0,0.0,0.0,0.006290844992954278,0.0,0.0,0.0,0.0,0.0,0.0,0.0006256949965258092,0.0,0.0018686018032458129,0.0018554509649269344,0.00236973590039754,0.0,-0.0029158135524130044,0.0015246022557563288,0.0,0.002334874662463807,0.00011011836248692655,0.0,-0.0006911644683335115,0.0009582289854215087,0.0,0.0030275066115584923,0.0040017916069348
1981-03,0.0,0.0,0.0,-0.0016261804958449353,0.0,0.0,0.0,-0.0027707091990756653,-0.0034444232864152503,0.0,0.0,0.0,0.0,-0.0007830255093819816,0.0,0.0,-0.001501338198499372,0.0027568157454332257,-0.0017645746353085242,6.492272293687538e-05,0.0,0.0,0.0,-0.0,0.0,0.0,0.0,0.0037019597946612035,-0.0010402061887576555,0.0,0.0,0.0,0.0,0.0,-0.0015972540635179166,0.0,0.0,0.0,0.0,0.0,0.0,-0.0010336932427063672,0.0,-0.0003841506050031134,-0.0020825071446205555,0.0008100092097211615,0.0,-0.0007499671628641111,0.0015434868147967023,0.0,-0.00035951975983219004,-0.002953207816763149,0.0,0.0018564404555694888,0.0009461984330111848,0.0,0.0032183126394962703,0.00029778409851389165
1981-04,0.0,0.0,0.0,-0.006669131413064101,0.0,0.0,-0.0,0.0017895134055620043,-0.0023527210536179247,0.0,0.0,0.0,0.0,0.004981860623335282,0.0,0.0,-0.002622924668641838,-0.002307271031028739,0.0008695986879587851,-0.0032028065821555624,0.0,0.0,0.0,0.0,0.0,0.0,0.0,-0.007923326845947518,0.0048939515233197214,0.0,0.0,0.0,0.0,0.0,0.008435146700592172,0.0,0.0,0.0,0.0,0.0,0.0,-0.0016187592403378223,0.0,-0.0033944662838342123,0.0027596699605445035,0.00191455069824526,0.0,-0.0035573363099044098,0.000976190055239985,0.0,-0.0016374428486679738,0.0026837980833035262,0.0,-0.0005996772598022052,-0.0015951793276014275,0.0,-0.0004471162190244608,-0.0009280269010744982
1981-05,0.0,0.0,0.0,0.004931784551844508,0.0,0.0,-0.0,0.0015154221500386282,0.0010216993386628884,0.0,0.0,0.0,0.0,0.005868105824125085,0.0,0.0,-0.004136017648909194,0.0005797064745330219,0.00423235683533896,0.0016701715167847095,0.0,0.0,0.0,-0.0,0.0,0.0,0.0,-0.002406268437041579,0.0027193542164262135,0.0,0.0,0.0,0.0,0.0,-0.004669212254525818,0.0,0.0,0.0,0.0,0.0,0.0,-0.00352254657714908,0.0,-0.0014833268491298327,0.0008408837970487559,0.001059113264891648,0.0,-0.0034173571326424203,-0.003746914236159162,0.0,0.000579144376649926,0.0003711283831469207,0.0,-0.0032103263087594177,0.0015796892526232145,0.0,0.005193005322806835,0.0035813008102843144
1981-06,0.0,0.0,0.0,0.010351421947298373,0.0,0.0,-0.0,-0.00021938392233783422,-0.002758465737899795,0.0,0.0,0.0,0.0,0.003024648351921513,0.0,0.0,0.0029750459824631225,-0.005395190286282244,0.007269348530369821,0.004179922906449325,0.0,0.0,0.0,-0.0,0.0,0.0,0.0,0.005409612894226853,-0.00029932782664000406,0.0,0.0,0.0,0.0,0.0,0.0023558719225345295,0.0,0.0,0.0,0.0,0.0,0.0,-0.005554872826804108,0.0,0.002316904122432585,0.004973253794888986,0.004841501199409851,0.0,0.003729088968501844,-0.005475676568525,0.0,-0.005839375524933066,0.004086633975230902,0.0,-0.00550139311830475,0.0007705695038964705,0.0,0.006681169325104203,-0.004486349669473705
1981-07,0.0,0.0,0.0,0.005427503076445885,0.0,0.0,0.0,0.007303854322839686,-0.002953720443709233,0.0,0.0,0.0,0.0,0.003331100415593422,0.0,0.0,0.005519885997940818,0.0010104169588889909,-0.00940789710859783,0.0016318233529195206,0.0,0.0,0.0,0.0,0.0,0.0,0.0,-0.0020810661187747556,0.003948101499380542,0.0,0.0,0.0,0.0,0.0,0.0045591265793727305,0.0,0.0,0.0,0.0,0.0,0.0,0.0007972294740594685,0.0,-0.0001631528973500569,0.0019177676249558726,0.000300734424271651,0.0,-0.0016758930851727683,-0.0018898972699390145,0.0,0.002222426912332612,0.0008192148596795537,0.0,-0.0022835516176329344,-0.0007262102310323261,0.0,-0.0026119174249077393,-0.0001568736041822994
1981-08,0.0,0.0,0.0,0.00022760518621589288,0.0,0.0,0.0,-0.005803907881543461,0.004832450708351378,0.0,0.0,0.0,0.0,-0.00020291268099523478,0.0,0.0,-0.0020395842417418623,-0.001963511631012387,0.003911513469117935,0.0067305512231084835,0.0,0.0,0.0,-0.0,0.0,0.0,0.0,0.005727183066785254,0.0005435102280112265,0.0,0.0,0.0,0.0,0.0,0.004311335666402213,0.0,0.0,0.0,0.0,0.0,0.0,0.0058936190377064145,0.0,-0.002227991870896776,-0.001275050789377183,-0.001073818359768963,0.0,0.006309096762435013,0.005704980859083327,0.0,0.00030085720038590624,-0.0009935192811468766,0.0,0.005155960471385061,-0.001599561366074304,0.0,0.0023641633060398756,-7.408572335189042e-05
1981-09,0.0,0.0,0.0,0.002327898078000205,0.0,0.0,0.0,0.00010830796831346205,0.0027937478849564016,0.0,0.0,0.0,0.0,-0.0034370853497558934,0.0,0.0,0.0012202241898507339,0.0005326896968298312,-0.007359934788066343,0.006165551828872653,0.0,0.0,0.0,-0.0,0.0,0.0,0.0,0.0011896747054453824,-0.0048712848554114075,0.0,0.0,0.0,0.0,0.0,0.0025116834615400733,0.0,0.0,0.0,0.0,0.0,0.0,0.0031433923959836843,0.0,0.0008352878868821235,3.068097912575115e-05,0.0005378000363889493,0.0,0.0014684769064021183,0.0011139356549230166,0.0,-0.0010123528458723062,0.0011764081557105706,0.0,0.0015219515274533413,0.001756730979086732,0.0,-0.0008530996674150589,0.000954672208076802
1981-10,0.0,0.0,0.0,-0.003143211469216126,0.0,0.0,-0.0,-0.001342586829653556,-0.0007605298830984793,0.0,0.0,0.0,0.0,-0.0030309970313481603,0.0,0.0,0.0005541429721637178,-0.0023529828876574393,0.002405298730935556,0.0005515469064376617,0.0,0.0,0.0,0.0,0.0,0.0,0.0,0.0008998960970554679,-0.005550255439889202,0.0,0.0,0.0,0.0,0.0,-0.0033186463366470624,0.0,0.0,0.0,0.0,0.0,0.0,9.930394670063311e-05,0.0,0.000109651466606881,0.0007140065522528824,0.00022403139140434678,0.0,-0.00037634614485496836,-0.0001527396376690848,0.0,0.006486036484473438,0.00011447701826268414,0.0,-0.0002958407935001858,0.0015942769661680281,0.0,-0.0016682160612040984,0.0011354996226083255
1981-11,0.0,0.0,0.0,-0.0037444109120886248,0.0,0.0,-0.0,-0.0045546059358700436,0.003629154882615474,0.0,0.0,0.0,0.0,8.812050362364237e-05,0.0,0.0,-0.006455490576501688,0.0010698537174738379,-0.0008286524196132915,-0.004751993625484472,0.0,0.0,0.0,-0.0,0.0,0.0,0.0,-0.0007869529973329884,-0.0013405282716944622,0.0,0.0,0.0,0.0,0.0,-0.008589603190560987,0.0,0.0,0.0,0.0,0.0,0.0,0.004800700799587679,0.0,0.0005532242875087137,0.0015499181949858633,0.0018604659288855249,0.0,0.0031158688893777498,0.00041785135894825004,0.0,-0.00020666776494746735,0.0010320036015950469,0.0,0.001854022294164319,0.00019006701911868375,0.0,0.0029315013924015206,0.003659812867849608
1981-12,0.0,0.0,0.0,0.0021451200051823666,0.0,0.0,0.0,3.2152112128313544e-05,-0.0003755167896992679,0.0,0.0,0.0,0.0,0.0009883830916292181,0.0,0.0,0.0025794536615026133,-0.0015929310325067461,0.002154829344087332,0.00281457098764251,0.0,0.0,0.0,-0.0,0.0,0.0,0.0,-0.00027388278199607155,0.000362157414296849,0.0,0.0,0.0,0.0,0.0,0.004174284282615736,0.0,0.0,0.0,0.0,0.0,0.0,0.0019297199902065616,0.0,0.010484508013750025,0.0007058112740593285,0.0002823388495693294,0.0,0.003394244708231705,0.0014488081622175645,0.0,0.0014057830069828141,0.0012434499514570757,0.0,0.002552363389853887,0.00648284642126973,0.0,0.005322576453868457,0.0017154660705438905
1982-01,0.0,0.0,0.0,0.0012273936217210577,0.0,0.0,-0.0,-0.0013680383071824028,-0.0012888768684449492,0.0,0.0,0.0,0.0,0.003309609094991977,0.0,0.0,0.003641496470200826,0.005173771463315863,0.0019300582387933134,0.003482916650696797,0.0,0.0,0.0,0.0,0.0,0.0,0.0,-0.0006438544603865905,0.0027453063104546293,0.0,0.0,0.0,0.0,0.0,0.0012698837441634267,0.0,0.0,0.0,0.0,0.0,0.0,-0.0007671199430799157,0.0,-0.008088801598506983,0.0014019577514669478,2.0583581344597474e-05,0.0,-0.002437926245971081,-0.0017683446246844993,0.0,0.002482663972046994,0.0009945623782953916,0.0,-0.002544235769182644,-0.008364781634313543,0.0,0.0018875509984311314,-0.007054691715942952
1982-02,0.0,0.0,0.0,0.003292613711874713,0.0,0.0,0.0,-0.006529607246878977,0.002898183054034282,0.0,0.0,0.0,0.0,0.003385787547358475,0.0,0.0,0.004316299370206783,0.0037392680096711697,0.002027740263315415,0.0042498055588677,0.0,0.0,0.0,0.0,0.0,0.0,0.0,0.0016781712707279377,0.002975459607637898,0.0,0.0,0.0,0.0,0.0,-0.0003020542524121697,0.0,0.0,0.0,0.0,0.0,0.0,0.0035347524330657516,0.0,-0.0020844669955866137,0.002199697441598832,0.0011616296444428426,0.0,0.004335034072615901,0.0017770120468839276,0.0,-0.0013062878104769808,0.0016244059972709043,0.0,0.0031891989727300817,-0.0025267041394683026,0.0,0.0031640788236810854,0.003357266344532121
1982-03,0.0,0.0,0.0,0.0015150315274641338,0.0,0.0,0.0,-0.0014650183767330833,-0.0008473899897487971,0.0,0.0,-0.0,0.0,0.0009015513323886849,0.0,0.0,0.004077955399916331,0.0033020527441164943,-0.002778233911646646,0.0001459309537294076,0.0,0.0,0.0,-0.0,0.0,0.0,0.0,0.0027954001889233535,0.0012313400900525449,0.0,0.0,0.0,0.0,0.0,-0.0005380384817728419,0.0,0.0,0.0,0.0,0.0,0.0,-0.0009538957422104196,0.0,-0.0018032038187548156,0.003240722587115888,0.0015841050260966578,0.0,0.0006294924901385541,-0.000415558478760548,0.0,0.0012362241970356107,0.002032222467964309,0.0,-0.0006207992841601451,0.0037497301188053776,0.0,-0.0005052495863836957,-0.0046943756957530825
1982-04,0.0,0.0,0.0,-0.0018004150110612477,0.0,0.0,0.0,-0.0017252561950265514,-0.0013301620402494212,0.0,0.0,0.0,0.0,-0.002869254011255938,0.0,0.0,-0.0037054446055146046,0.0002539140647139686,0.0024788235736075636,0.004559057772067632,0.0,0.0,0.0,-0.0,0.0,0.0,0.0,0.00414858548731575,0.0015918340712978735,0.0,0.0,0.0,0.0,0.0,-0.0013325062948713999,0.0,0.0,0.0,0.0,0.0,0.0,-0.00046111568618962065,0.0,-0.0,-0.0011435098849100936,0.0009135447642496903,0.0,-0.0023527694609934264,-0.00047218729287849326,0.0,3.400419258820141e-05,0.00015925990517991754,0.0,-0.0012027884469559956,0.0029139538737148925,0.0,0.0009079728701334146,-0.003608382315351016
1982-05,0.0,0.0,0.0,0.002731003388606825,0.0,0.0,0.0,-0.006326970714821019,0.004075227341420246,0.0,0.0,0.0,0.0,0.0014267186858453545,0.0,0.0,0.0039500994239640074,-0.0002916000025935499,0.002097551260181365,-0.0011487927312708545,0.0,0.0,0.0,0.0,0.0,0.0,0.0,0.003584051453608705,0.0028211889535723414,-0.0,0.0,0.0,0.0,0.0,0.0003723662968020861,0.0,0.0,0.0,0.0,0.0,0.0,0.0027950215294731085,0.0,-0.00014945862288522795,0.002540823295724407,0.002120757484291227,0.0,0.002492812657763474,0.0023700784509641465,0.0,-0.0019016185490281184,0.003008542327032886,0.0,0.0028470893664377275,0.0033616935095648463,0.0,0.003895485483698276,0.0017763579416457283
1982-06,0.0,0.0,0.0,0.00266731105434331,0.0,0.0,0.0,0.0091249845495474,-0.002362738105458648,0.0,0.0,-0.0,0.0,0.005233058914145021,0.0,0.0,0.00521971884748383,-0.0012131109440896531,0.0009958294145225343,0.0018781354360209365,0.0,0.0,0.0,-0.0,0.0,0.0,0.0,0.0012266729887813364,0.004910124816526489,0.0,0.0,0.0,0.0,0.0,0.002795545511807647,0.0,0.0,0.0,0.0,0.0,0.0,0.0013717149577592003,0.0,-0.0022246924362627407,0.0011827674615218838,0.0009329483756730295,0.0,0.0024204965968653044,0.0015489441671278819,0.0,0.0007243593071383752,0.0011407513397599725,0.0,0.0019327006715715985,-0.004641343918298158,0.0,0.0018621497339224636,-0.0029694154872939834
1982-07,0.0,0.0,0.0,0.0003174954610418243,0.0,0.0,0.0,-0.007959359653304911,0.0030169035236678543,0.0,0.0,0.0,0.0,0.0009235891083362675,0.0,0.0,0.0018382142734147686,-0.001137664495975022,-0.0016114936770471673,0.0017303103003824584,0.0,0.0,0.0,-0.0,0.0,0.0,0.0,0.0012465317765524542,0.0010281063706522513,-0.0,0.0,0.0,0.0,0.0,-0.0025835705271900953,0.0,0.0,0.0,0.0,0.0,0.0,0.0053492784430077866,0.0,0.0022312368693349037,-0.002530150105332285,-0.0018500642932602997,0.0,0.0018311358684906954,0.0013858541157222449,0.0,-0.004228929336552141,1.1615420827607157e-05,0.0,0.0016861883916447745,0.0007421956395433122,0.0,0.0025408561199011252,0.0034578835008159045
1982-08,0.0,0.0,0.0,0.0014326672385724859,0.0,0.0,-0.0,0.004165543277153424,0.00508908172862604,0.0,0.0,0.0,0.0,0.0018642454894643868,0.0,0.0,0.0013226457218471841,-0.0016399185539255439,0.002401867434458626,-0.001107959419028376,0.0,0.0,0.0,0.0,0.0,0.0,0.0,0.0035350192568879427,0.0017185346606359033,0.0,0.0,0.0,0.0,0.0,0.006040699420290512,0.0,0.0,0.0,0.0,0.0,0.0,0.006229150759910456,0.0,0.0009270126316880387,-0.0069315767221167154,-0.0036506704458090676,0.0,0.0037914318908361068,0.006576460949324203,0.0,-0.0028002125632260104,-0.003478979463261522,0.0,0.005305679269153313,-0.0008693075442399317,0.0,0.0016017355042617658,0.0018135410232642396
1982-09,0.0,0.0,0.0,0.002017546326893675,0.0,0.0,-0.0,-0.0012619784488952066,0.0015239052112289678,0.0,0.0,0.0,0.0,0.0020451034919902484,0.0,0.0,0.0037593105734282997,0.0014552322501345577,0.005408210259382723,0.004777913501507958,0.0,0.0,0.0,0.0,0.0,0.0,0.0,0.0024032679309917457,0.00310191588915283,-0.0,0.0,0.0,0.0,0.0,0.005988662687991444,0.0,0.0,0.0,0.0,0.0,0.0,0.002433596445566208,0.0,-0.0024993737656136025,0.00141613916951157,-0.0006208944828045484,0.0,0.0029396479866509013,0.002844208658447955,0.0,-0.0058698376432711735,0.003534412786179992,0.0,0.002828521882844282,-0.004814501441040867,0.0,0.007896979151940386,-0.0010707355021586588
1982-10,0.0,0.0,0.0,0.00145850363438197,0.0,0.0,0.0,0.003028916651108751,0.0005720951715389147,0.0,0.0,0.0,0.0,0.0021404790879946496,0.0,0.0,0.0033893874835899743,0.0008209892375172682,-0.0015253766166212145,-0.004675415915499481,0.0,0.0,0.0,0.0,0.0,0.0,0.0,-0.0024738863514983155,0.002338038954420537,0.0,0.0,0.0,0.0,0.0,0.0066397491374121705,0.0,0.0,0.0,0.0,0.0,0.0,0.00221144395909864,0.0,0.0003605204804962075,-0.0018071745584405448,-0.005520739336706996,0.0,0.0009354383554791799,-0.0017583608418547958,0.0,0.001179380026068102,-0.006878002411448108,0.0,0.00026354214514151455,0.0005908478958910198,0.0,0.0005135018100151649,-0.003905769592215182
1982-11,0.0,0.0,0.0,0.0034909111135529775,0.0,0.0,-0.0,-0.002152036186509829,0.0011107487999053988,0.0,0.0,0.0,0.0,-0.004848062342331614,0.0,0.0,-0.011637690867869041,-0.00019474417262567325,0.0002532648059360103,-0.0026805866321734048,0.0,0.0,0.0,-0.0,0.0,0.0,0.0,-0.0016298714343946834,-0.004285271164163939,0.0,0.0,0.0,0.0,0.0,-0.001532553379249953,0.0,0.0,0.0,0.0,0.0,0.0,-0.007001563168285811,0.0,0.0008277900854235411,-0.0019095549574941726,-3.940553419975006e-05,0.0,0.0003134848192842841,-0.005160293069316587,0.0,-0.005696273775966985,-0.0034306937821723146,0.0,-0.0032370537502644948,0.0023253137342923967,0.0,-0.0034479619542504185,0.0034476450628901623
1982-12,0.0,0.0,0.0,-0.00011115215270473769,0.0,0.0,-0.0,-0.0028332352457177243,-0.0005879655518148468,0.0,0.0,0.0,0.0,-0.005076561533088448,0.0,0.0,-0.0070753254486081475,0.0015122381304983376,-0.0017805172319365176,-0.0002183998546393497,0.0,0.0,0.0,0.0,0.0,0.0,0.0,0.004965820818828195,-0.005788405823157068,0.0,0.0,0.0,0.0,0.0,0.0019397628232548326,0.0,0.0,0.0,0.0,0.0,0.0,-0.0012826290285761633,0.0,-0.00011756148905042352,-0.00039049140231446194,0.0019620893431048845,0.0,0.0027268890343354465,0.00013679996849234774,0.0,0.0020899714346018033,-0.0006378675920721687,0.0,0.0011489876672055636,0.0001002805765771943,0.0,0.0036024914899746713,-0.0012100723015428215
1983-01,0.0,0.0,0.0,0.009519956774785197,0.0,0.0,-0.0,0.0015078943357568837,-0.0,0.0,0.0,-0.0,0.0,0.00623235607860304,0.0,0.0,0.0036772431997734666,0.003903125585993296,-0.0020147379756254966,-0.00420634581895644,0.0,0.0,0.0,-0.0,0.0,0.0,0.0,0.0025953940065309464,0.0017126265766750062,0.0,0.0,0.0,0.0,0.0,-0.0036636243740840236,0.0,0.0,0.0,0.0,0.0,0.0,-0.007924105723087015,0.0,0.0020837003882379704,0.006381972850209247,0.00801552149787307,0.0,-0.003851802403154251,-0.0029856192934421696,0.0,0.0003719993556957095,-0.010151821054394522,0.0,-0.0037606125133606144,0.0013643184923392846,0.0,-0.003072463210039966,0.0007399370053817807
1983-02,0.0,0.0,0.0,0.0010624285821534485,0.0,0.0,0.0,-0.0018187393523532412,-0.004784662891704989,0.0,0.0,0.0,0.0,-0.0012827402080101173,0.0,0.0,-2.713228941175012e-05,-0.0010600572156162556,0.0005472357334229025,0.005417218641298932,0.0,0.0,0.0,0.0,0.0,0.0,0.0,0.00025484512345857986,0.003565953752551215,0.0,0.0,0.0,0.0,0.0,0.0046921928617623355,0.0,0.0,0.0,0.0,-0.0,0.0,-0.001122382555956357,0.0,0.004174948374486996,-0.010266362340212554,-0.006430001271131632,0.0,0.004502661219575716,0.0055680753066971985,0.0,0.013143978339115908,-0.00855169093131218,0.0,0.005145645853846788,0.0057960797187490325,0.0,0.007998219484908198,-0.0027069424814731113
1983-03,0.0,0.0,0.0,0.001466408716991558,0.0,0.0,0.0,-0.0016573128093240318,-0.005000184741534707,0.0,0.0,-0.0,0.0,-0.00015071456663378775,0.0,0.0,-4.4171872662347076e-05,-0.0014496660333824542,0.001008254867254236,0.0019078495107842138,0.0,0.0,0.0,-0.0,0.0,0.0,0.0,-0.003882301103835446,0.0011551342440984003,0.0,0.0,0.0,-0.0,0.0,-0.0008094175650718735,0.0,0.0,0.0,0.0,-0.0,0.0,-0.010061043268089463,0.0,-0.004707962174114811,-0.0009053409668698869,-0.0027426534532551308,0.0,-0.00708764338904388,-0.006702742485730713,0.0,-0.005671945162558492,-1.1356571702650874e-05,0.0,-0.007465032527315654,0.008059057886995489,0.0,-0.009883793279284969,-0.0023726426121715833
1983-04,0.0,0.0,0.0,-0.007906124783070283,0.0,0.0,-0.0,0.003199886479440582,0.006069749121976948,0.0,0.0,0.0,0.0,0.0023911402074169264,0.0,0.0,-0.0002998880991729826,0.0007647314861873951,0.00046610353393781534,-0.0029229411202115105,0.0,0.0,0.0,-0.0,0.0,0.0,0.0,-0.002656996382945071,-0.00035850829814424644,0.0,0.0,0.0,0.0,0.0,0.0035465364505112237,0.0,0.0,0.0,0.0,0.0,0.0,0.0003732802729774358,0.0,-0.003028817617140446,0.001510739108768871,0.004113073154705956,0.0,-0.003995583435077041,-0.00022219588009243272,0.0,0.002924179752605578,0.0030019952040089577,0.0,-0.0005021864042023597,-0.005100477437882326,0.0,0.002970459299793025,-0.002985856443009074
1983-05,0.0,0.0,0.0,-0.004052285351516724,0.0,0.0,0.0,-0.001361057605459994,-0.004960846249743095,0.0,0.0,-0.0,0.0,0.00488737302382477,0.0,0.0,0.0010951103110230882,-0.0017969802822333757,0.0025462786743124656,0.012339080291531208,0.0,0.0,0.0,-0.0,0.0,0.0,0.0,-0.027333229073485107,0.003008267487319719,-0.0,0.0,0.0,-0.0,0.0,-0.005228689397821459,0.0,0.0,0.0,0.0,0.0,0.0,-0.0036312386718919364,0.0,0.00085951030471276,-0.002785608728566715,0.0026834163051277496,0.0,0.004854508568258553,0.005523371620572253,0.0,0.0071067724322219274,0.002556359937135819,0.0,0.006239670765214591,0.0008632027273248914,0.0,0.004765031103966675,0.002583155901604797
1983-06,0.0,0.0,0.0,0.007322802343332467,0.0,0.0,0.0,0.0009745450690091345,0.0001981699426099361,0.0,0.0,0.0,0.0,0.001067193922409917,0.0,0.0,0.00029639974280415296,0.0001136464430173836,-0.0025378372672196447,-0.008531301486848242,0.0,0.0,0.0,0.0,0.0,0.0,0.0,-0.0055187572530982516,0.0005404023307370412,0.0,0.0,0.0,-0.0,0.0,0.00048079513572588784,0.0,0.0,0.0,0.0,0.0,0.0,0.00317882439220829,0.0,0.002996779186972052,0.0,-0.004725592975543054,0.0,-0.0031502857813653015,-0.00024401250515762346,0.0,-0.004891804194699512,-0.0033909433316585296,0.0,-0.0007052686299207323,-0.0016902011619205305,0.0,-0.0010326202220264833,-0.000966465084271261
1983-07,0.0,0.0,0.0,0.001375219621626437,0.0,0.0,0.0,-0.0015135632018233047,-0.0014619416036318585,0.0,0.0,-0.0,0.0,0.0071039956233625,0.0,0.0,-0.0024598816738069006,-0.0010836467254618266,0.00030372442090173215,-0.0062099349788502485,0.0,0.0,0.0,0.0,0.0,0.0,0.0,0.000309908598083183,0.003213749144429829,-0.0,0.0,0.0,-0.0,0.0,-0.005889116131117319,0.0,0.0,0.0,0.0,0.0,0.0,0.00653631079758216,0.0,0.0005373932451619466,-0.000782187299413321,0.0004843247943749879,0.0,-0.014719371149738938,-0.0075220605467123955,0.0,-0.00380719916404233,0.001655102277979185,0.0,-0.011231184580561913,0.001458959819118133,0.0,-0.004107466480880323,-0.001173780896216714
1983-08,0.0,0.0,0.0,0.0018858824760430283,0.0,0.0,-0.0,-8.42104192789855e-05,0.001917907302971952,0.0,0.0,0.0,0.0,0.002670088851460119,0.0,0.0,-0.0015424897115111805,-0.00047015605950790344,0.0012629823089558847,-0.010235474536120802,0.0,0.0,0.0,0.0,0.0,0.0,0.0,-0.003215578019419458,0.0023837132747816458,0.0,0.0,0.0,-0.0,0.0,-0.0001836203906307512,0.0,0.0,0.0,0.0,0.0,0.0,0.010786392912923047,0.0,0.01114291876264039,-0.000386277505000521,0.0005934181344285908,0.0,0.03020518866487416,0.013564754774130864,0.0,-0.006093555551201312,-0.000464584395168702,0.0,0.02080952506101558,-0.007575619563757747,0.0,-0.004378927304651031,-0.004324197915048505
1983-09,0.0,0.0,0.0,0.0004041250548122589,0.0,0.0,-0.0,-0.00011775196579873553,-0.005711455693423711,0.0,0.0,0.0,0.0,-0.002690164997769885,0.0,0.0,0.004688030452372653,-0.0009079215326319465,0.002228454476958306,-0.00236662185186259,0.0,0.0,0.0,-0.0,0.0,0.0,0.0,-0.0027630614593194785,-0.0027934407560061257,0.0,0.0,0.0,0.0,0.0,0.004884362969726787,0.0,0.0,0.0,0.0,-0.0,0.0,-0.0012602189703594085,0.0,-0.00811484017753612,0.0027519112530503646,-0.004144526077752899,0.0,-0.0025709924091355573,-0.0013343960833727797,0.0,-0.001813388967654715,-0.004046949017174376,0.0,-0.0035438241093323037,0.0069284978546988625,0.0,0.009462356204855221,0.003514624095063091
1983-10,0.0,0.0,0.0,0.00014687948040260424,0.0,0.0,-0.0,-0.00031860002856005996,0.004262633781916023,0.0,0.0,-0.0,0.0,0.0014396413967228032,0.0,0.0,0.00011244624788861327,-0.0035646484139442726,0.0017299589395182156,0.00955722282748784,0.0,0.0,0.0,-0.0,0.0,0.0,0.0,-0.004088106758800402,0.002970627131696119,-0.0,0.0,0.0,-0.0,0.0,-0.002861827994771966,0.0,0.0,0.0,0.0,0.0,0.0,-0.0026783709531490335,0.0,-0.00354125760757778,0.004741093876183466,-0.009107910663821104,0.0,-0.006407974245288168,-0.0026331365626993553,0.0,-0.004152383313034368,-0.0035773583189942747,0.0,-0.004212687822694793,-0.0021145408669412677,0.0,0.0039300146744140965,-0.003839453106835224
1983-11,0.0,0.0,0.0,0.003027519304037772,0.0,0.0,0.0,-0.001881256616557389,-0.003155285035202126,0.0,0.0,-0.0,0.0,0.0033702810372416366,0.0,0.0,0.0011105749582842805,0.00025468884147576384,0.0025034344846657504,-0.003142361221556538,0.0,0.0,0.0,-0.0,0.0,0.0,0.0,0.0006384503560341244,0.0004367857310323341,0.0,0.0,0.0,0.0,0.0,-0.0014236759529816418,0.0,0.0,0.0,0.0,0.0,0.0,-0.000961098012759959,0.0,-0.005964683067397575,-0.003987253652415333,-0.0049843138636006335,0.0,-0.002381995698557866,-0.0027405939643907464,0.0,0.003702915105714116,0.0041075402797483606,0.0,-0.002680375813927164,0.004665310103864784,0.0,0.0036121529021796665,0.0016764562670412376
1983-12,0.0,0.0,0.0,0.00037109238138810177,0.0,0.0,0.0,-0.0012679720967990285,-0.003723582998087139,0.0,0.0,0.0,0.0,0.0018229300380080108,0.0,0.0,0.0005788338192553647,0.006563138974500876,-0.0018971346447909565,0.005742003469364668,0.0,0.0,0.0,0.0,0.0,0.0,0.0,-0.004231332891497396,0.0018453330474993408,-0.0,0.0,0.0,-0.0,0.0,0.0015805704259938217,0.0,0.0,0.0,0.0,-0.0,0.0,-0.0009666317743537648,0.0,0.003946131523351986,0.0034818252929416267,0.0033630780971954355,0.0,0.003267738270439001,-0.00039927875155805736,0.0,-0.0025442974733226095,-0.002502029225463965,0.0,0.0015246306727505839,0.008122736485904041,0.0,-0.0018804632628728222,-0.005520098555052801
1984-01,0.0,0.0,0.0,0.0061695106794886585,0.0,0.0,-0.0,0.0014454587735130112,0.000471192479855309,0.0,0.0,0.0,0.0,0.0056655256922211635,0.0,0.0,0.002794735314407702,0.0037898354255344324,0.0013042160787338584,0.0016538635037467988,0.0,0.0,0.0,-0.0,0.0,0.0,0.0,-0.0023468046403470797,0.004668683318657055,-0.0,0.0,0.0,0.0,0.0,-0.0011771598603755548,0.0,0.0,0.0,0.0,0.0,0.0,-0.0021718342406812537,0.0,-0.0005074276781644958,0.002379707457158406,0.0023550444275351502,0.0,-0.0037837156901199603,-0.009499641952140368,0.0,0.0023823082036143386,-0.0009548923085545105,0.0,-0.007779926478884111,0.0006117346488071413,0.0,0.008289576166881115,0.0007514756932005006
1984-02,0.0,0.0,0.0,-0.008774661533533649,0.0,0.0,-0.0015922980641139518,0.0007113298052606175,0.0003882645040660401,0.0,0.0,-0.0,0.0,-0.011533655169398872,0.0,0.0,-0.0003638997598238554,0.003041995020253895,0.0024210739211438215,-0.002457200574989207,0.0,0.0,0.0,0.00012089038844454034,0.0,0.0,0.0,-0.003933007597264905,-0.003637563636786738,-0.0,0.0,0.0,-0.0,0.0,-0.0027263870361023297,0.0,0.0,0.0,0.0,-0.0,0.0,-0.00016345801834477514,0.0,0.0022483600765560927,-0.003143660068607068,-0.004613803876922356,0.0,0.0012717931856508103,0.0007565231806052255,0.0,0.0067009085996354726,-0.0015957332700965463,0.0,0.0012580971238515984,0.006110954628707042,0.0,-0.000774912519901278,0.001787134843183447
1984-03,0.0,0.0,0.0,0.0048369625176408,0.0,0.0,0.0032938146716801186,0.006814209187757815,0.005024693853016374,0.0,0.0,0.0,0.0,-0.0011755089994744858,0.0,0.0,-0.00473392575665322,0.004133016714660854,0.002103927892890282,0.002798882022130609,0.0,0.0,0.0,0.007514902426557789,0.0,0.0,0.0,-0.0006118760113891923,-0.0010359626393674469,0.0,0.0,0.0,0.0,0.0,0.002805084902506079,0.0,0.0,0.0,0.0,0.0,0.0,0.0054554618055318175,0.0,-0.004161591651647937,0.0017686418910698475,-0.00039308727761168416,0.0,0.002410290686234404,0.0006998409934586215,0.0,-0.007627255505706515,0.0013056601036252641,0.0,0.0018017966179403034,0.0009747750190147701,0.0,-0.010020902398151905,-0.005753204355307371
1984-04,0.0,0.0,0.0,0.004053253683791278,0.0,0.0,-0.000584552885080562,0.0029246240739893613,0.0010521708914896012,0.0,0.0,-0.0,0.0,0.007818579501236992,0.0,0.0,-0.001363512593762208,0.004182228214781186,7.806670072255009e-05,0.009689994726161872,0.0,0.0,0.0,0.001369267690594052,0.0,0.0,0.0,0.003640970100472822,0.006317142174219834,0.0,0.0,0.0,0.0,0.0,0.0020110205114563184,0.0,0.0,0.0,0.0,-0.0,0.0,-0.0022710511490228887,0.0,-0.0029615492359297106,0.0021241405044710782,0.0037996281526576415,0.0,0.0035923381636804,-0.0050991513172097885,0.0,-0.004428337982793451,0.0008688816115081074,0.0,-0.001340840080734984,-0.0029745135720142635,-0.0,0.003205138430761148,-0.0018751466131010203
1984-05,0.0,0.0,0.0,0.0016284816132589876,0.0,0.0,0.0011157442647546805,0.0017118118312497187,0.0030253833558485095,0.0,0.0,0.0,0.0,0.0011697285766172265,0.0,0.0,-0.0028008373776275057,-0.0011123531982882224,-0.0007929137024913189,0.004793908040239344,0.0,0.0,0.0,0.0033111597689136204,0.0,0.0,0.0,0.002454323611294675,0.0013979169911535823,0.0,0.0,0.0,0.0,0.0,0.006698006285002577,0.0,0.0,0.0,0.0,-0.0,0.0,0.0018234435902815553,0.0,0.00043427907742847133,-0.0011291329619324806,-0.0009348681565075357,0.0,0.006225950616018924,-0.0018494169750489882,0.0,-0.00521423377637595,-0.00035200702104040596,0.0,0.004702034902956725,-0.0017696261465993315,0.0,-0.0029461432803032732,-0.003188592531543213
1984-06,0.0,0.0,0.0,0.002930384691669979,0.0,0.0,-0.004490474543394014,0.005371867430943791,-0.008408079676112961,0.0,0.0,-0.0,0.0,0.0029924759073565147,0.0,0.0,0.0029391785747373334,-0.0017577529976341817,-0.0002606500115544654,0.0067569282239610465,0.0,0.0,0.0,0.0022315784164467236,0.0,0.0,0.0,0.002953373704560565,0.004888310235219919,-0.0,0.0,0.0,-0.0,0.0,-0.00022174827749605163,0.0,0.0,0.0,0.0,-0.0,0.0,7.727840364655093e-05,0.0,0.0017292331598584378,0.0026703744051051292,0.0037863597078408888,0.0,-0.006472028322434775,-0.004305786887325231,0.0,-0.00020222367621740647,0.002661035425024483,0.0,-0.007626601948107545,0.002419839353943977,-0.0,0.000387301926515683,-4.859921660536962e-05
1984-07,0.0,0.0,0.0,0.006598249879867463,0.0,0.0,-0.0061434497774464445,-0.0014025853453117057,0.008571780550392757,0.0,0.0,-0.0,0.0,0.006590809127011368,0.0,0.0,0.004329790413547186,-0.0010058645156693562,-0.001092436326645615,0.004304875622015674,0.0,0.0,0.0,-0.0023323826682757226,0.0,0.0,0.0,0.004738869491839151,0.0073896048352830946,0.0,0.0,0.0,-0.0,0.0,-0.00723088193868403,0.0,0.0,0.0,0.0,-0.0,0.0,-0.007724870434220687,0.0,-0.0017108718963075168,0.006376738214137061,0.006301858149624479,0.0,-0.0055943387901721655,0.010158963774352376,0.0,-0.0037084558841900817,0.006186628444618405,0.0,-0.008900547412685022,-0.0015451120238490672,-0.0,0.0019372202713817891,-0.005417744911474872
1984-08,0.0,0.0,0.0,-0.0006506818806893775,0.0,0.0,-0.012742569995174322,-0.00355845760065266,0.0024494416914007185,0.0,0.0,0.0,0.0,-0.0002980295775292557,0.0,0.0,-0.0013257062410110688,0.0009125541934209831,0.003936441652570085,0.0008775211056643567,0.0,0.0,0.0,-0.008593574248806832,0.0,0.0,0.0,-0.00038062576925610163,-0.002155580744810606,-0.0,0.0,0.0,-0.0,0.0,-0.001987173762080438,0.0,0.0,0.0,0.0,-0.0,0.0,-0.0009876552787081796,0.0,0.002285973654373143,-0.0012803700746128427,-0.001782558040274567,0.0,0.003009890696220142,0.0034765261853235024,0.0,-0.001149446568275017,-0.0013631074042645326,0.0,-0.002104287237311499,0.0022902538183708293,0.0,0.0023032149271459516,0.00015945377234481223
1984-09,0.0,0.0,0.0,0.007739958010588629,0.0,0.0,-0.0023566268137859988,0.004776814777023673,0.0013239546529256428,0.0,0.0,0.0,0.0,0.008334874758239018,0.0,0.0,0.0026183482083306014,0.0023896279896409,-0.003928443119248422,-0.000258371842269358,0.0,0.0,0.0,0.0008129955785914549,0.0,0.0,0.0,0.002316388422770135,0.00645225918259334,0.0,0.0,0.0,0.0,0.0,-0.0028052807972075854,0.0,0.0,0.0,0.0,-0.0,0.0,0.0013051544460134434,0.0,-0.0010422914668986954,0.0010869834222653732,0.00018624214727384737,0.0,0.001961542717445097,0.003183057120964942,0.0,0.0019233287618199684,0.0028627654457835674,0.0,0.0035211578894584422,-0.0026416970930154327,0.0,0.0009172426611745336,0.003540660231147336
1984-10,0.0,0.0,0.0,0.0013122800725767422,0.0,0.0,0.0015849869654773038,-0.0006972374338413359,-0.0030121257677015833,0.0,0.0,0.0,0.0,-0.0014407236045813818,0.0,0.0,-9.646958963170815e-05,-0.004440429025741955,0.0012449479195218638,-0.0018299677256569207,0.0,0.0,0.0,-0.0005657302752586905,0.0,0.0,0.0,-0.0016112327286171503,-0.0015268002269165774,0.0,0.0,0.0,-0.0,0.0,-0.004641684325946524,0.0,0.0,0.0,0.0,0.0,0.0,0.001000181403743833,0.0,0.002834056951215329,0.0023773576768453394,0.0015160607548543117,0.0,-0.002901638706255243,-0.0017290712145913423,0.0,-0.003224637504329715,0.0003324054954946063,0.0,-0.0021630934554612855,0.00043738351681465407,-0.0,-0.0027238181270131732,-0.00281381477410907
1984-11,0.0,0.0,0.0,0.0034722460697530206,0.0,0.0,-0.0018333977762027267,0.0020658776965585416,0.003845818548585335,0.0,0.0,0.0,0.0,0.004412953770483436,0.0,0.0,0.0014000240909053602,0.0007178708965049243,0.0007211048795026776,-0.0017270658415724349,0.0,0.0,0.0,0.0050541474718302755,0.0,0.0,0.0,0.002324041376980129,0.004795631083748294,0.0,0.0,0.0,0.0,0.0,0.0011908997948476784,0.0,0.0,0.0,0.0,-0.0,0.0,0.0011252228054876576,0.0,0.002430552912462492,0.0012048642471624957,0.0012171279982519092,0.0,0.0006236455218749691,0.0015708207172991288,0.0,-0.0013286290537312838,0.0011055877736218713,0.0,0.0016685820318073637,0.003550438205975021,-0.0,0.0015294526242588264,-0.005744908135355647
1984-12,0.0,0.0,0.0,0.0051465426716060785,0.0,0.0,-0.0012927259834507,-0.0009148661783255011,-0.00037237133982570493,0.0,0.0,0.0,0.0,0.002606600783378773,0.0,0.0,0.002638767451447283,-0.0028995480834982665,0.0032123469516899417,-0.0003887257023874999,0.0,0.0,0.0,0.002301154691548863,0.0,0.0,0.0,0.005808964378245988,0.0031662600512489714,-0.0,0.0,0.0,-0.0,0.0,0.0002266943601929194,0.0,0.0,0.0,0.0,0.0,0.0,0.0026261776434092303,0.0,0.002378863672998135,0.004499094954457887,0.004180469075892101,0.0,-0.0008645117490994357,0.005360246719327938,0.0,-0.0011520292184677217,0.004125429391707365,0.0,0.00317019662684401,0.00016949168270387457,-0.0,-0.0013942608034970463,-0.0007846670948742107
1985-01,0.0,0.0,0.0,0.004397291553610333,0.0,0.0,-0.003954340503295395,0.0006606538987030741,0.002557006724756233,0.0,0.0,0.0,0.0,0.0007414715036093865,0.0,0.0,0.0016837595060859736,0.004982778990927422,0.004296456979051478,0.0033333088588950155,0.0,0.0,0.0,-7.95015955520627e-05,0.0,0.0,0.0,-0.0008204911658240855,0.005113824547322009,-0.0,0.0,0.0,0.0,0.0,0.002907099377394532,0.0,0.0,0.0,0.0,-0.0,0.0,-0.0008943749942795172,0.0,0.0005542953501979413,0.001077040306414229,-5.003442240410389e-05,0.0,0.00352844756559574,0.0013239691160676352,0.0,0.0016585037391140577,0.0016743216328877133,0.0,-0.0012486162021504738,-0.0011180484384400269,-0.0,-0.0005829857827860868,0.0017600806564194208
1985-02,0.0,0.0,0.0,0.006226814692857937,0.0,0.0,-0.002669025212128852,0.01244511231995347,0.002069800961652611,0.0,0.0,-0.0,0.0,0.007777156508681278,0.0,0.0,0.002261761114459785,-0.004057711469798888,-0.004593343390596452,0.004984728480423254,0.0,0.0,0.0,0.0022555276283003013,0.0,0.0,0.0,0.0021449098794354797,0.009910801543698014,0.0,0.0,0.0,-0.0,0.0,-0.005938158502930621,0.0,0.0,0.0,0.0,0.0,0.0,0.0022326370812227074,0.0,-0.005082499584656878,0.003574511320970817,0.004222822712819057,0.0,0.001282580645153428,0.006825944428692842,0.0,0.00031018017260026206,0.004743274662548901,0.0,0.0032806005526846067,-0.00393767490601018,-0.0,-0.0009302324321884671,0.0029451099988904088
1985-03,0.0,0.0,0.0,-0.02476371511036761,0.0,0.0,0.005801266942166948,-0.005166365145761771,-0.005512770435020462,0.0,0.0,0.0,0.0,-0.012430799900597736,0.0,0.0,-0.004136759919142836,-0.002812913224522754,0.002542203818556481,0.007640599892382679,0.0,0.0,0.0,-0.0032891812633886004,0.0,0.0,0.0,0.0017558236852282024,-0.015210614118297664,-0.0,0.0,0.0,0.0,0.0,0.002746234374131916,0.0,0.0,0.0,0.0,-0.0,0.0,-0.002994914256855866,0.0,-0.0013814306348646343,-0.008661294233469013,-0.00653813613520372,0.0,0.004605143390467072,-0.0034470300172183836,0.0,-0.0012335091139732287,-0.005762532516913428,0.0,-0.0028846990533140564,0.0017791268145033131,-0.0,0.004640678849579962,0.002910207589757869
1985-04,0.0,0.0,0.0,0.0006186106718394331,0.0,0.0,-0.0029636142109262533,-3.7214669834430415e-05,0.0025654041181865693,0.0,0.0,0.0,0.0,0.0027023116925512752,0.0,0.0,0.0012839645856606748,0.0014271049471374774,0.001094142686486682,-0.004406382524558708,0.0,0.0,0.0,-0.0008222664829348743,0.0,0.0,0.0,0.003223511422074262,0.0014663305398119229,-0.0,0.0,0.0,0.0,0.0,0.0014313924898258412,0.0,0.0,0.0,0.0,0.0,0.0,-0.0006133614508885089,0.0,-0.003780378190745192,0.002999862174882687,0.002853875788964503,0.0,0.0026700664183757707,0.006813924675087084,0.0,0.0022361136183787233,0.0020316225744979755,0.0,0.0014116547873692644,0.006059339601087917,0.0,0.0012761794439665752,0.004549011367599036
1985-05,0.0,0.0,0.0,-0.005346027624676615,0.0,0.0,-0.0003342563785325165,-0.0006221608931333997,0.0040394383095584355,0.0,0.0,0.0,0.0,-0.0027018004583921813,0.0,0.0,-0.0006868092780837945,0.0056637861157232,-0.0008931271111688175,-0.004170860596852139,0.0,0.0,0.0,0.003855340675429427,0.0,0.0,0.0,0.0029271240484846873,-0.002208221129885244,0.004826770154990653,0.0,0.0,0.0,0.0,0.009053880680065816,0.0,0.0,0.0,0.0,0.0,0.0,0.0014332335327416675,0.0,0.001590713121726317,8.421967312033904e-05,0.0002654340522485947,0.0,-0.0016599991627503582,0.002761720953899374,0.0,0.003286400671146608,0.0009220552146424818,0.0,0.002168637120075753,0.0022856721398843917,-0.0,-0.002904392012033679,-0.003574521546304324
1985-06,0.0,0.0,0.0,-0.0015266321767522094,0.0,0.0,0.0002119560781428405,-0.0017206505964164824,-0.0011142520486949192,0.0,0.0,0.0,0.0,-0.0003960893634769727,0.0,0.0,-0.0008315398878644112,0.0018277032796914644,-0.0008441307029913607,0.0024617402856175166,0.0,0.0,0.0,0.0009515364277200901,0.0,0.0,0.0,0.0020838926090246002,-0.0008057708154722927,0.00014675129027712927,0.0,0.0,0.0,0.0,0.0007693135449400946,0.0,0.0,0.0,0.0,0.0,0.0,0.0009568285801561339,0.0,-0.003917462744904791,0.00029974778371007346,0.0004122748357479631,0.0,-0.0016559522905735364,-0.0007927154035209046,0.0,0.00045806339300979206,0.00036591765834208126,0.0,0.0008889366987013326,0.005724912839205608,0.0,-0.0010921277031217787,0.0010573605960329754
1985-07,0.0,0.0,0.0,-0.008370918321522232,0.0,0.0,0.0011003493939567388,-0.001723909981311038,0.00233293382174041,0.0,0.0,-0.0,0.0,-0.009591355333761382,0.0,0.0,-0.006097139600180053,0.0019845810074288,-0.0053967395143886335,0.003297013061068244,0.0,0.0,0.0,0.007820099846704412,0.0,0.0,0.0,-0.012106679538623608,-0.012204421622829411,-0.0010807328196472386,0.0,0.0,-0.0,0.0,-0.0021898231992281115,0.0,0.0,0.0,0.0,-0.0,-0.0,0.006727193954702965,0.0,0.00796986375838129,-0.001610874266410147,-0.0006964903425825081,0.0,-0.0031522360568110876,0.0007897370898037993,0.0,0.00781396053647237,-0.002682242767161613,0.0,0.002350606414678136,0.0073466873937550045,0.0,0.005352182408697131,0.005258105047897093
1985-08,0.0,0.0,0.0,-0.0014612380277897045,0.0,0.0,0.0013854198453120954,0.002809985955855738,0.0027363442078497343,0.0,0.0,0.0,0.0,-0.001488110502672141,0.0,0.0,-0.002107325157840431,-0.001131315049291259,0.0014227465846144353,0.00058158447828431,0.0,0.0,0.0,0.0005517009229574011,0.0,0.0,0.0,-0.0015099075596672223,-0.0018756737118807451,-0.0017292644238417853,0.0,0.0,0.0,0.0,0.0024184598505319526,0.0,0.0,0.0,0.0,-0.0,0.0,0.0014053525676601933,0.0,-0.0009299460725935124,-0.0008181496595899446,0.0004784326645122738,0.0,-0.0042350790519350345,0.00024699581977759007,0.0,0.005218058705869313,-0.007271913533868275,0.0,0.0012048502721425873,-0.0002653777435305122,0.0,0.00530477715309548,0.007160961610405779
1985-09,0.0,0.0,0.0,0.0006613682487741845,0.0,0.0,0.0009749121416048156,0.0012302802415252406,-0.0024454454518866063,0.0,0.0,0.0,0.0,-0.005434143308703174,0.0,0.0,-0.01496746829585547,-0.0021779739018878545,0.0004412646466088094,-0.002533392794880458,0.0,0.0,0.0,-0.004198706291830379,0.0,0.0,0.0,-0.0020757383852961935,0.005410239020376151,-0.0037208758531706116,0.0,0.0,0.0,0.0,-0.0005558992479345594,0.0,0.0,0.0,0.0,0.0,0.0,-0.002213642544588268,0.0,-0.009020611422599313,0.0025286355581930465,0.001567942377513777,0.0,-0.0012743082441322316,-0.0018552489276505357,0.0,-0.0005599271921989528,0.0049032932586436755,0.0,-9.701900808738313e-05,-0.0043042991176462046,0.0,-0.002300499698302227,-0.010662814823851377
1985-10,0.0,0.0,0.0,0.0039945541234661435,0.0,0.0,-0.0034301972838038063,-0.0014074999228688462,-0.005462979183426823,0.0,0.0,0.0,0.0,0.0026628535359287378,0.0,0.0,0.0027149979178735253,0.011631503951945486,0.01912662721420629,-0.0017122403579611807,0.0,0.0,0.0,-0.007136759085666364,0.0,0.0,0.0,-0.002360972657438587,0.0026840564932795546,0.003713080163897158,0.0,0.0,0.0,0.0,0.003941596823275178,0.0,0.0,0.0,0.0,-0.0,0.0,-0.003116886219853449,0.0,0.0038318139577522246,8.17454603759737e-05,-0.00018052589063012213,0.0,-0.002269437433735676,-0.005343342135183733,0.0,0.0002952539462929079,-0.002977115562530649,0.0,-0.00012897451586707805,-0.006723822648568462,0.0,-0.007025563508776261,-0.006797097655120921
1985-11,0.0,0.0,0.0,0.003861862972529205,0.0,0.0,0.00016780261953025448,0.004492224158896263,0.0047343671888878565,0.0,0.0,-0.0,0.0,0.0044400693082986085,0.0,0.0,0.00549026458622767,0.00090454461820619,0.0036718834226047038,0.00023984405828670293,0.0,0.0,0.0,9.13861779660495e-05,0.0,0.0,0.0,4.0193586522560276e-05,0.003483187998890133,0.007758743131143151,0.0,0.0,0.0,0.0,0.004136592637721233,0.0,0.0,0.0,0.0,0.0,-0.0,-0.0033188852886912265,0.0,-0.0017312797226542648,0.0007071166147376802,0.0002597844601374283,0.0,0.0015272900975240274,0.0005515040720836716,0.0,0.001110813785227658,-0.003153071279591972,0.0,0.0027846386228244603,-0.0030153729910860788,0.0,-0.0031217770026665693,0.002348530982319332
1985-12,0.0,0.0,0.0,-0.002735881404890437,0.0,0.0,0.0015851333617467047,0.004292842253860366,-0.003319832090591205,0.0,0.0,0.0,0.0,0.0028486542403652003,0.0,0.0,0.001513528130339339,0.005116705279091867,0.04203700933260301,-0.00029622211327280884,0.0,0.0,0.0,-0.0006256269929828549,0.0,0.0,0.0,-0.002064723828999095,0.0008828242586007946,0.004072467369026545,0.0,0.0,0.0,0.0,0.00603740035651272,0.0,0.0,0.0,0.0,0.0,-0.0,-0.0016320266795659107,0.0,0.0019565731426230276,-0.00080812579060387,0.0019170236149091686,0.0,-0.004088319655177975,-0.0010214716540893386,0.0,-0.004479782874551767,-0.0007255634577809152,0.0,-0.0029192901195303008,0.00580122120522871,-0.0,0.0020082151747761352,0.0016515820360449654
1986-01,0.0,0.0,0.0,-0.0022896289115514165,0.0,0.0,-0.0027869880696277456,0.006129876555247297,0.0030409077083106656,0.0,0.0,-0.0,0.0,0.002291965317401084,0.0,0.0,0.006059234836170416,0.011287688141998162,-0.006471921439389096,0.003531270127503016,0.0,0.0,0.0,0.0077849198227452395,0.0,0.0,0.0,0.0012039888227836457,0.0012699518985510479,0.0003181402051888986,0.0,0.0,0.0,0.0,-7.567161151659772e-05,0.0,0.0,0.0,0.0,-0.0,-0.0,-0.0016030822123786067,0.0,0.0008883050814754226,0.0042519145315324065,-0.001135953904623585,0.0,0.003361314026487785,-0.0003866835847949502,0.0,0.008347242138598464,0.0035563090854115577,0.0,0.0009003608525074716,0.0022041672100901665,-0.0,-0.0035774938735566027,0.002496969644977365
1986-02,0.0,0.0,0.0,0.0021187164510988823,0.0,0.0,0.003112472070291602,-0.00036627161515076593,-0.004552852532190294,0.0,0.0,0.0,0.0,0.007353524201401245,0.0,0.0,0.009062136078618856,0.0023346931502661425,0.007324253675242726,-0.004709378885828256,0.0,0.0,0.0,-0.002327647210530609,0.0,0.0,0.0,0.000418473458737189,0.0075618860197571745,0.0065404074215022244,0.0,0.0,0.009287687480000717,0.0,0.01140998094471515,0.0,0.0,0.0,0.0,-0.0018854256953780455,-0.0,0.0050486812266643324,0.0,0.0019039395940263306,-0.002615195975820611,0.0029435179745949023,0.0,0.00503041604902486,-0.003018754289945878,0.0,-0.00037842680739597496,0.0037760624331104795,0.0,0.0007038058035074137,0.0006721260095629079,-0.0,-0.003524608819256466,0.006103618542086244
1986-03,0.0,0.0,0.0,0.002134350504091025,0.0,0.0,0.0034176752175735254,-0.008706836615869464,0.0036685630391921045,0.0,0.0,0.0,0.0,-0.005593665300934353,0.0,0.0,0.001894393812685128,-0.007571195842973481,-0.00011259557993362806,0.006809671510961273,0.0,0.0,0.0,-0.0022795861805769307,0.0,0.0,0.0,0.009888363747976163,-0.003829447506517257,0.005731429372361323,0.0,0.0,0.006096369470326621,0.0,0.0090642605983145,0.0,0.0,0.0,0.0,0.0003630001470354382,0.0,-0.0027091373627479856,0.0,0.006220670848839952,-0.0022932650690424003,0.004114125080350833,0.0,-0.004050982157592631,-0.0026185777757498506,0.0,0.006777320750778853,-3.928294940949918e-05,0.0,-0.001025125118064715,0.005491234571627263,0.0,0.004707347955134685,-0.003625731499866103
1986-04,0.0,0.0,0.0,0.004618198648163989,0.0,0.0,0.002285358271176888,-0.006524988188547109,9.420282201861716e-05,0.0,0.0,0.0,0.0,0.006587765463448001,0.0,0.0,0.00655706325015533,0.0014625238950135644,-0.003509199351337287,-0.0016682251208790498,0.0,0.0,0.0,-0.009210072044267943,0.0,0.0,0.0,-0.0006262686554936901,0.00613556240265555,-0.002803655690124439,0.0,0.0,-0.0006901699368954546,0.0,-0.0015465140537643208,0.0,0.0,0.0,0.0,-0.0006799419924390203,-0.0,-0.0028838383026502904,0.0,0.003936866545639003,-0.0035244932194942197,0.00029764621577578514,0.0,0.0011704447949676536,-0.002103042697048281,0.0,-0.0029329352509073273,0.0018693284987532455,0.0,-0.0012474112631689956,0.0014086083443121923,-0.0,0.007245774809303927,-0.004014141704573328
1986-05,0.0,0.0,0.0,-0.003646650993506989,0.0,0.0,0.0007990891672521746,-0.0006835139815338223,0.0017176344688830006,0.0,0.0,-0.0,0.0,-0.00592296496962048,0.0,0.0,-0.00434211134129575,-0.004038259124662441,-0.008568782874376133,-0.0023594519046794913,0.0,0.0,0.0,-0.01557141391315151,0.0,0.0,0.0,-0.004555413825004597,-0.00589346439654625,0.005611384938392367,0.0,0.0,-0.006306732499137465,0.0,-0.006598849763323456,0.0,0.0,0.0,0.0,0.0012908080609509976,0.0,-0.0015731050183642693,0.0,0.0010778987461402016,-0.0010422058388059056,-0.0006614620962335992,0.0,0.00248922219591898,-0.003966210307085419,0.0,0.00894493954828477,0.00039973033895378485,0.0,0.0022104525618691934,0.0034248808143770085,-0.0,-0.012091470435459254,0.0038489971879276602
1986-06,0.0,0.0,0.0,0.004098631454835863,0.0,0.0,0.00032357061327688654,2.1663619396044487e-05,-0.00476527346098777,0.0,0.0,0.0,0.0,0.005601737776091154,0.0,0.0,0.008899339089486152,-0.0013040635017423376,-0.004282218167830114,-0.0018950415181039793,0.0,0.0,0.0,0.0038780065159012794,0.0,0.0,0.0,-0.0029102428635073905,0.00820654834996622,0.0013268203696739523,0.0,0.0,0.006227978856487103,0.0,0.006401803694004903,0.0,0.0,0.0,0.0,0.0015657310429938967,0.0,-0.0067772569342815035,0.0,-0.00791960965099635,0.00015241696122831737,0.0014352648960179134,0.0,0.0020938353134046074,-0.0013131888672367473,0.0,-0.002562367165761947,0.0008627152379436248,0.0,0.0022758279622894116,-0.007610512481531628,0.0,-0.0008990868730102871,0.016742676303407193
1986-07,0.0,0.0,0.0,-0.002612225418854038,0.0,0.0,-0.002926863647019043,0.0019480792603881656,-0.00020529181076337985,0.0,0.0,0.0,0.0,0.00440189732255533,0.0,0.0,0.007564103474762464,0.0009217566817934463,3.931593185482215e-05,-0.00022892665131869178,0.0,0.0,0.0,0.003143473887148518,0.0,0.0,0.0,-0.0009260918733388046,0.005887184402594145,-0.0070935520827968565,0.0,0.0,0.000758011217104785,0.0,-0.001624524613503676,0.0,0.0,0.0,0.0,0.0017471847055636576,0.0,0.008945599355917893,0.0,-0.0013599628310027084,0.003658762575719123,0.00032588430420958615,0.0,0.0008625085856595224,0.002151907397333034,0.0,0.0021222063585833446,0.0038201683324163606,0.0,-0.0010594173987038607,-0.002567082875001101,0.0,0.0030682949941710585,0.0034312820066603406
1986-08,0.0,0.0,0.0,0.00022477364317212924,0.0,0.0,-0.0023197065819624504,-0.0012297425313199922,0.00929118124475067,0.0,0.0,0.0,0.0,0.0028092789198351856,0.0,0.0,-0.0004353229957763728,0.0007210911379710279,0.006420269697756471,0.007459815459950533,0.0,0.0,0.0,0.001836306026241736,0.0,0.0,0.0,-0.004544585673510196,0.001826258010953804,0.007023705995062689,0.0,0.0,0.0041964410479065845,0.0,0.004237846474753613,0.0,0.0,0.0,0.0,0.013532028672403267,-0.0,0.00415786689969705,0.0,0.0020069455646146575,0.005306683410144425,-0.00019584280881438117,0.0,0.005671648448842997,0.003858955415773018,0.0,-0.006696539328426586,0.01866004643331599,0.0,0.0008255037824982319,0.003473015112800897,-0.0,-2.2727844031625035e-05,0.0031400026550312647
1986-09,0.0,0.0,0.0,-0.0025128309443198157,0.0,0.0,0.0021166745165946375,0.0003729605688313741,0.028305126185031244,0.0,0.0,-0.0,0.0,0.0001060520954751377,0.0,0.0,-0.0004189425918962417,-0.002120573886498996,-0.0005492024340642203,-0.0006922793908551732,0.0,0.0,0.0,0.002836183413777864,0.0,0.0,0.0,0.0007860501740301515,-0.0004653433383223241,-0.008911440042992035,0.0,0.0,-0.003232867545891043,0.0,-0.00427365075518992,0.0,0.0,0.0,0.0,-0.0013159110727383515,0.0,-0.005990365169895805,0.0,-0.003387041856374733,0.00752557153066735,-0.00337954985180009,0.0,-0.0016924044831257957,-0.0005112045045605093,0.0,-0.0015520378466799866,-0.0057368786199164775,0.0,-0.0009196365131586021,-0.0029175304279959484,0.0,0.0009314185155939374,-0.005803537226670363
1986-10,0.0,0.0,0.0,-0.0018266348455958047,0.0,0.0,0.0026774060861000583,-8.909169214979729e-05,0.00024118870429433006,0.0,0.0,0.0,0.0,-0.0018575142092992897,0.0,0.0,-0.006289152391592868,-0.006448685133714165,-0.005131796320311752,0.0026295186714055457,0.0,0.0,0.0,-0.003434950935716023,0.0,0.0,0.0,-0.002390385972351305,-0.003477940564579408,0.005483145108074102,0.0,0.0,0.0019052671556088478,0.0,0.0012864974291826885,0.0,0.0,0.0,0.0,-0.0029881960173847913,-0.0,0.0018481172307280558,0.0,-0.0006620661871707505,-0.004976889994079621,-0.00047615854002941666,0.0,-0.0012785623211471328,-0.00015475488301190747,0.0,-0.004065456921234833,0.0013868628894313146,0.0,-0.0007249894333552187,0.004566481688314749,-0.0,0.0053019546436522446,0.0
1986-11,0.0,0.0,0.0,0.0020161550608867574,0.0,0.0,0.0007352717127799192,0.0023311777365725758,0.010426542123300556,0.0,0.0,-0.0,0.0,0.004128764273157678,0.0,0.0,0.0008589921521396204,0.0018295378038083983,-0.003655190034550785,0.002195526224359798,0.0,0.0,0.0,0.0006119621011267268,0.0,0.0,0.0,0.001191370678496649,0.0033661755281990074,0.0015673837249114318,0.0,0.0,0.0010877132349455293,0.0,0.0013382818384959862,0.0,0.0,0.0,0.0,-0.005999348636958831,0.0,0.002833510947384473,0.0,-0.0026142973956877753,-0.0029649389007189546,0.0026678366495212903,0.0,-0.00047297775506547485,-0.0007904472879354598,0.0,-0.015268155795013168,-0.0072937484728111185,0.0,-0.0004774685845541279,0.003430175929016634,0.0,0.0017132349014690905,0.0036606758795643696
1986-12,0.0,0.0,0.0,0.0035879316483450104,0.0,0.0,-0.0010443355695696549,0.0010458068749459334,0.007959240691379672,0.0,0.0,-0.0,0.0,0.0023340680492611857,0.0,0.0,0.002589611260184945,-0.0005022685630357674,-0.0030940581436774525,-0.0035492610443889354,0.0,0.0,0.0,0.0016499302936074985,0.0,0.0,0.0,0.0016916346617796407,0.0016584089459670372,-0.0029527504872828183,0.0,0.0,0.0001941345206492873,0.0,-0.0004821564201636669,0.0,0.0,0.0,0.0,0.001959219625435428,-0.0,0.008954477751477197,0.0,0.00648211339619697,0.002484416076801294,0.0001478688656597969,0.0,0.0014398524389047324,-0.0016461295214410785,0.0,0.002975596675085084,-0.000428039592797126,0.0,-0.00151707118802062,-0.005237943920984476,-0.0,-0.0029730466017569225,-0.005349650532759237
1987-01,0.0,0.0,0.0,0.001963600585066623,0.0,0.0,0.0027840135783666125,0.01112775162966627,-0.00455014844423919,0.0,0.0,-0.0,0.0,0.00468842686248225,0.0,0.0,0.00282436523121686,-0.001781847820960583,0.0035674607068091027,0.007566124627774546,0.0,0.0,0.0,-0.0036650493181902212,0.0,0.0,0.0,-0.006139885928421231,0.003411245377672771,0.012306081969541442,0.0,0.0,0.0010781493219937427,0.0,0.001264930301064549,0.0,0.0,0.0,0.0,0.002214207632624995,-0.0,0.0015426160336798741,0.0,-0.013512277584502384,-0.0003749471628861239,-0.0006639272239573872,0.0,-0.0033923727524490174,-8.245691340488485e-05,0.0,-0.0011870838298933303,0.004304023340250176,0.0,-0.00084395561785966,0.00945167223308448,-0.0,0.003416823731311347,0.0030347015512413172
1987-02,0.0,0.0,0.0,0.0021510090642391246,0.0,0.0,-0.0006974786701646641,0.0010552562104293596,7.056160555144299e-05,0.0,0.0,-0.0,0.0,0.00018969016369792466,0.0,0.0,0.0002455647552404028,0.0022445987255518486,-0.000681426092631016,0.003971945721984545,0.0,0.0,0.0,-0.0016918975454309584,0.0,0.0,0.0,0.0004513104134666819,0.0003288184399933486,0.0029357794972457774,0.0,0.0,0.0006925460988588207,0.0,0.0013720666331950837,0.0,0.0,0.0,0.0,-0.0025391897421423964,-0.0,0.005237302061776132,0.0,-0.0001799724720400583,-0.00028430339835242377,0.0008890375804213766,0.0,0.003630999790067255,-0.0004733664781401143,0.0,-0.0027580041222017774,-0.0001622169722186981,-0.0,0.002164783518396416,0.002627301058827618,-0.0030568914982144414,-0.00024279440417692005,-0.0028673943558595355
1987-03,0.0,0.0,0.0,0.00362539114997988,0.0,0.0,-0.0009669106054721919,0.0072861063295537425,0.0025503877016894373,0.0,0.0,-0.0,0.0,0.0010227311001877943,0.0,0.0,0.0052695731651821185,0.0009214233239132909,0.0074046108234100206,0.0008519310575778739,0.0,0.0,0.0,-0.002899913669779983,0.0,0.0,0.0,-0.004266791781326037,0.001529905071067175,0.0018462714482947883,0.0,0.0,-0.0019802442424664947,0.0,-0.0015875220172743725,0.0,0.0,0.0,0.0,0.0048971355957407765,0.0,-0.0044304827864718715,0.0,-0.0007991241833713352,0.002014818741474299,-0.007572019065289781,0.0,8.035291671234981e-05,-0.0031791908797936396,0.0,-0.003151434252658906,0.0023924279379626844,-0.0,-0.0019566709122849873,0.0026774284521674874,0.0037793857451562892,0.0010637454876848739,0.0050752432777098665
1987-04,0.0,0.0,0.0,0.0034994998357934922,0.0,0.0,-0.0002861992438038275,-0.007294422471835378,0.008214395844108656,0.0,0.0,-0.0,0.0,0.0006107088223459905,0.0,0.0,0.00402466917664612,0.0014814824384553834,-0.00520042242068068,-0.0014443379763945737,0.0,0.0,0.0,0.0006213193067784849,0.0,0.0,0.0,-0.0015127084240937477,0.00214806318670208,-0.0005196001810700849,0.0,0.0,-0.005194107246730504,0.0,-0.004150857020215569,0.0,0.0,0.0,0.0,0.005639755625862981,-0.0,-0.008487083570669776,0.0,0.0013243130006432365,0.005898750499819265,0.015040123128144454,0.0,-0.000754896530261276,0.0068172069572297305,0.0,0.007477469249319422,0.0034784922180752433,0.0,-0.005089125417123605,0.0045636365572112834,0.0005170458633116611,-6.815580730284537e-06,0.005797909537577404
1987-05,0.0,0.0,0.0,-0.0016318062857542091,0.0,0.0,0.002022710155286964,0.00014046944758323951,0.007292876941810533,0.0,0.0,-0.0,0.0,-0.001812778639024891,0.0,0.0,-0.0027723220595639686,0.00037371732949424995,0.0002815876932892211,0.0004095267800097072,0.0,0.0,0.0,0.0024234169898588965,0.0,0.0,0.0,0.001785471368167449,-0.0024177406844454615,0.0,0.0,0.0,0.0017275122737336597,0.0,0.0007817585774312502,0.0,0.0,0.0,0.0,-0.0024977921481055118,0.0,-0.0019111583258899843,0.0,-0.000342606550744071,-0.0010190710801219987,-0.002399000836951865,0.0,-0.0003367551121328042,0.003536227909115218,0.0,-0.0017753565481475528,-0.0020607732255326244,0.0,0.0014645164722232574,-4.691671391509449e-05,0.0014249908487075438,5.7639352668583716e-05,0.0036733376706816726
1987-06,0.0,0.0,0.0,-0.0006605269410114191,0.0,0.0,-0.0018283225804331664,0.0016196141493171545,0.0031024346835607816,0.0,0.0,-0.0,0.0,-0.00023365962218455612,0.0,0.0,-0.0022187195868154544,0.00048143037190410997,0.003912906166670466,0.0030078362131671483,0.0,0.0,0.0,0.004821674893708776,0.0,0.0,0.0,0.00026670273347240055,-0.0004462998382112937,0.003303995972525309,0.0,0.0,0.0011072645303138275,0.0,0.0004099574066277601,0.0,0.0,0.0,0.0,-0.0003598551299462026,0.0,0.0034289506442799268,0.0,0.003213797782318032,-0.0006050034247429569,-0.002088720942403809,0.0,-0.0008616354401477363,-0.0006248719788248182,0.0,-0.00044034572879345833,-0.001759539519671129,-0.0,-0.0012716630274631168,0.0010772370068935068,0.0016095375075824937,-0.004138248043667375,0.002109994709008279
1987-07,0.0,0.0,0.0,-0.0011361771235684393,0.0,0.0,-0.0007977205135812857,0.0006527440578998775,0.0045413129851153335,0.0,0.0,-0.0,0.0,-0.001836748699126185,0.0,0.0,-0.002345685365434053,0.0009631907875916478,0.001032920266102643,0.000944390271918824,0.0,0.0,0.0,0.0012649541004442608,0.0,0.0,0.0,0.002918044740800749,-0.0014968707958166107,0.004349194887621967,0.0,0.0,0.0013950336331882585,0.0,0.0017614821596459323,0.0,0.0,0.0,0.0,0.0033509610923017664,0.0,0.009214230768479867,0.0,0.0015208316094694192,0.0018861408429970805,0.005286592113858798,0.0,0.001371885438063776,-0.0017090924974396441,0.0,0.004066170616811962,0.003992997389486481,0.0,-0.0023202040614871125,0.00096126711844344,0.0021985765496966253,-0.0004584564117134039,0.004052975031687177
1987-08,0.0,0.0,0.0,0.002203539575964433,0.0,0.0,-0.00048318847394943006,0.001819991184878501,-0.0014114223677525056,0.0,0.0,0.0,0.0,0.0019386064650013003,0.0,0.0,0.005081514130678561,0.00099975343834903,-0.0035607345093558182,0.006428124166563029,0.0,0.0,0.0,-0.0015492382616436528,0.0,0.0,0.0,0.001145280403959285,0.0020697310478294674,0.0026615944316130727,0.0,0.0,0.0026254722463395345,0.0,0.0018803114453243375,0.0,0.0,0.0,0.0,-0.003268301478294624,-0.0,0.0026063802088650886,0.0,0.006358221976909316,-0.0026136605022367646,-0.005180680353192159,0.0,0.002204221810265061,-0.001014409720626251,0.0,0.002215212197294111,-0.0015439312358476623,0.0,-0.0025315194504620013,0.003722417261204664,-0.0018959937857826673,0.002660473487385064,0.0015911058824705719
1987-09,0.0,0.0,0.0,-8.501816444974734e-05,0.0,0.0,0.005380303381401663,0.002459806697296154,-0.003498262110592974,0.0,0.0,0.0,0.0,-0.0017105543500139625,0.0,0.0,-0.0031767869123478505,0.004637346159844057,0.0015005680519855583,-0.003271165868272147,0.0,0.0,0.0,-0.00023704411830303163,0.0,0.0,0.0,-0.002184418519292726,-0.002398950061705721,-0.0019378315641531772,0.0,0.0,0.004770795762857302,0.0,0.004747173081603735,0.0,0.0,0.0,0.0,-0.0008221546306209908,0.0,-0.005552596004913695,0.0,0.0,1.508034966764653e-05,0.0004670738077401881,0.0,0.0022723019636629906,0.00800553134494256,0.0,0.0003566344297860245,0.0022521994770664374,0.0,0.005239793258459412,0.00023843648693064852,9.82064901622367e-05,0.0006098425861723893,-0.0024750978523301517
1987-10,0.0,0.0,0.0,0.005238440499417639,0.0,0.0,0.0005402826744267188,-0.0005485504143296571,-0.0033214063254792246,0.0,0.0,-0.0,0.0,0.005841915096143193,0.0,0.0,0.005411248959415588,0.003908491768727396,-0.002505408670006137,-0.0004432383654318673,0.0,0.0,0.0,0.0002483219742605119,0.0,0.0,0.0,-0.002211541663120555,0.005726940030075728,-0.016284206295912648,0.0,0.0,-0.005904453920877687,0.0,-0.0056696622679334755,0.0,0.0,0.0,0.0,-0.005697938326104873,0.0,0.0001032565669016978,0.0,-0.006311575775850052,0.002088802468779169,-0.003570971457088638,0.0,0.0011079524950613501,0.005460336530334994,0.0,-0.0017554329669524297,-0.0028820683800651727,0.0,-8.072253614345062e-05,-0.004563291082942167,0.0006890009533640977,0.0017413361174267547,-0.0023596796596811152
1987-11,0.0,0.0,0.0,0.005865892387504936,0.0,0.0,-0.0009284363354266019,0.001442261623005076,0.0011793727795067776,0.0,0.0,0.0,0.0,0.005285617618969934,0.0,0.0,0.004797992473981695,0.011167822602731291,-0.0007463086243749956,0.002614900975195518,0.0,0.0,0.0,0.0006445748932021786,0.0,0.0,0.0,-0.0014931916353032317,0.0056201476654771775,-0.006876688713674541,0.0,0.0,0.00027844862630842856,0.0,-0.00010453095498259661,0.0,0.0,0.0,0.0,-0.0037621590477618133,-0.0,-0.005034832123001543,0.0,0.002717870073859984,0.0034358457860586885,0.00034936825873797844,0.0,0.0034204516493067877,0.01491062019148521,0.0,0.009928218634696359,0.0010698190611786334,0.0,0.011947526810266904,0.002714339368267614,-0.0018990589390791763,0.0029274622761749584,0.00047183189745923825
1987-12,0.0,0.0,0.0,0.0027548969066994297,0.0,0.0,0.0017654465194417853,0.002319476733896305,-0.0018863029371514054,0.0,0.0,-0.0,0.0,0.0036619448588507135,0.0,0.0,0.00898568351266794,-0.002209456623733099,0.0008898541507374516,0.002590174473158199,0.0,0.0,0.0,0.00015453136264710295,0.0,0.0,0.0,0.004476988442470118,0.004703075041893493,-0.003871869079678355,0.0,0.0,-0.0016227498708816497,0.0,-0.001138778043045986,0.0,0.0,0.0,0.0,-0.00045186540613175076,-0.0,0.004524180674678716,0.0,0.001097099117793354,-0.0013231076699709776,-0.0024712109133971415,0.0,0.006279497018507794,-0.0022143277008880905,0.0,-0.0037808855190381743,-0.0015329621783769353,0.0,-0.00038524552493746095,0.0015307328685935189,-0.0020362524866633014,-0.001672302418437211,-0.0016196283408270694
1988-01,0.0,0.0,0.0,-0.005920166544959395,0.0,0.0,0.001946491764540136,0.005078257936375081,-0.0035935336073872636,0.0,0.0,-0.0,0.0,-0.006986270452572441,0.0,0.0,-0.006350512147640671,0.0011914691608277427,-0.0013073311952501152,0.0016049177511603546,0.0,0.0,0.0,-0.0044737481890315305,0.0,0.0,0.0,0.0004304083015857345,-0.006892731430139732,0.0027522178594758524,0.0,0.0,-0.00560429012973389,0.0,-0.005462933189635347,0.0,0.0,0.0,0.0,-0.0036534922690526083,-0.0,-0.004541864440418164,0.0,0.002533732808493166,-0.006055590933170527,-0.00148001036025332,0.0,-0.00018730620913930322,-0.004612402614654674,0.0,0.0025221232374969538,-0.0037608458100906604,0.0,-0.0008530672743385124,0.003866121914729077,0.0006365466602127847,0.00344983222098618,0.00549769108163314
1988-02,0.0,0.0,0.0,0.0005125080963238772,0.0,0.0,0.006146692226609474,0.003972666684607869,-0.0007907872264617427,0.0,0.0,0.0,0.0,-0.0006340246814929718,0.0,0.0,-0.0004759302408687061,-0.0010282687729611265,0.0002373780108492723,-0.0010459436586731893,0.0,0.0,0.0,-0.0007840799157395572,0.0,0.0,0.0,-0.004224651899585542,-0.0017480291655302188,-0.0024229591441854857,0.0,0.0,-0.0008763197267157657,0.0,-0.0007015378829255514,0.0,0.0,0.0,0.0,-0.0019298967655308227,0.00029840206146731964,0.0017709171269524547,0.0,4.9543990105072816e-05,-0.004456178542867127,-0.0020282290933830477,0.0,0.0005722123817538049,0.0034281626071952253,0.0,-0.0007001776599577386,-0.001429342854370967,-0.0,0.0034220204166877143,0.0039492681956489455,-0.0014077279367638055,-0.001688361235514205,-0.0010254039045733254
1988-03,0.0,0.0,0.0,0.005835335466747959,0.0,0.0,0.0020793603970451647,0.005919884862732777,0.0011665309605483297,0.0,0.0,-0.0,0.0,0.0014851491506006908,0.0,0.0,0.003086792295106898,0.0030568188490825033,0.0001849192977275344,0.0008308773577186425,0.0,0.0,0.0,0.0037146869942030814,0.0,0.0,0.0,-0.0029345873618820636,0.0013723600518847471,0.0023002507638542353,0.0,0.0,0.0030987531526048846,0.0,0.0033398680264065026,0.0,0.0,0.0,0.0,0.002748564640103095,0.0015471841320824481,0.00015813105600920034,0.0,-0.00012431657677393942,-0.004247328323437014,0.003247999262989211,0.0,-0.0009015638766342382,0.001697337618076351,0.0,-0.005363881610329211,-0.004670755925935109,-0.0,0.0017685779137415188,0.0022269898190931735,0.0017849664370276942,-0.005443715042639448,0.0012471647740193248
1988-04,0.0,0.0,0.0,-0.000471925858710784,0.0,0.0,-0.0018191534785756175,0.0018954695396007652,0.0014486935791242228,0.0,0.0,-0.0,0.0,-0.0013616647363584888,0.0,0.0,-0.0008322699753544474,0.0011253529225407084,-0.0009496264707600135,0.00038106872662565264,0.0,0.0,0.0,-0.003986849277689715,0.0,0.0,0.0,-0.0012914300641571205,-0.0023416233196011577,-0.0004476068316203031,0.0,0.0,0.0019516599638547067,0.0,0.001962839927208375,0.0,0.0,0.0,0.0,0.0009461585428660176,-0.0015222447486001652,-0.002007491852896495,0.0,-0.0005294890105344679,-0.001127924729229326,-0.002020459655109575,0.0,0.00397383034571159,0.0029411703958091445,0.0,-0.00031022455875125295,0.0008208469860424045,-0.0,0.005434612884888303,2.704866795425528e-05,0.0016112924159142035,-0.0017709533386387176,-0.0005000741104123104
1988-05,0.0,0.0,0.0,-0.0019291099564538448,0.0,0.0,0.00014162291597510614,-0.00032721218757764044,0.0028671034410010132,0.0,0.0,-0.0,0.0,-0.0032734481596275195,0.0,0.0,-0.00030607759424670537,0.0008151938877213232,-0.0002759085438962549,0.001940145675746267,0.0,0.0,0.0,-0.009951001032013861,0.0,0.0,0.0,0.002557463887134261,-0.0030890401425790292,-0.00044568260766113504,0.0,0.0,0.0024760168541924075,0.0,0.0019005134549927244,0.0,0.0,0.0,0.0,-0.002019804008374078,0.0003723182862155259,-0.004175431648833203,0.0,-0.001418523021418588,-0.0008452250316830916,-0.0005248273879062331,0.0,0.005086466187685842,0.01198193621082858,0.0,0.004466383563257336,-0.006950332483836612,-0.0,0.015287824164083932,0.0013511997388763926,-0.000980774292481216,-0.008543487574769916,0.006440686540783675
1988-06,-0.0,0.0,0.0,-0.006850116762362806,0.0,0.0,0.003298670368356955,0.0051246986085623,0.0027635703262364015,0.0,0.0,0.0,0.0,-0.004542379068412894,0.0,0.0,-0.006349202826524347,0.006598051679661707,-0.0009107455315554183,0.0011106107723131893,0.0,0.0,0.0,0.02207406437966569,0.0,0.0,0.0,0.008807767930216188,-0.0035494206452022486,-0.0024108633737103748,0.0,0.0,-0.003793933012593009,0.0,-0.0036794886671178213,0.0,0.0,0.0,0.0,0.001004297404023284,-0.0012667821007686854,0.03133101468185322,0.0,-0.002285421322559339,0.00478417844305273,-0.00025345159259219815,0.0,0.013877546815628842,0.01375271991010838,0.0,0.04383288518151474,-0.0035252322288654874,0.0,0.022356204352820055,-0.0036624527179952883,-0.003701512355227971,0.007362499928673875,-0.00845975522626763
1988-07,0.0,0.0,0.0,-9.736869086188302e-05,0.0,0.0,0.004750394028391056,0.0008445102558749094,0.0031064349453347306,0.0,0.0,-0.0,0.0,0.0032920325722328005,0.0,0.0,-0.00021707447623448746,0.0015428363852465887,-0.001335400681765787,-0.0030002367634269296,0.0,0.0,0.0,-0.0050412652836487595,0.0,0.0,0.0,-0.0019180384812781282,0.0031529295088962538,0.0004167152049317961,0.0,0.0,-0.0020692684599164482,0.0,-0.0022492833148461643,0.0,0.0,0.0,0.0,0.00021704136737414712,-0.001824059756732771,-0.006982952194973642,0.0,0.004804068543114061,0.00037679420037240005,-0.000542606558380224,0.0,-0.007899910125507876,-0.00873253346478244,0.0,-0.004932726487422126,0.0021689475440889055,-0.0,-0.013497809435040097,0.002629108589351432,-0.0015338391128518407,-0.004437795498806719,-0.00046432521145818226
1988-08,0.0,0.0,0.0,-0.00109522641602506,0.0,0.0,0.00992077546680539,-0.005788926043019793,0.0026984982838463545,0.0,0.0,-0.0,0.0,3.232679395105899e-05,0.0,0.0,-0.002243190221180938,0.0016785712976933053,-0.0006456392457810728,-0.0015241457652734737,0.0,0.0,0.0,0.0006166560372386999,0.0,0.0,0.0,-0.0024987025707556574,0.0012907198503673734,0.002351909154488893,0.0,0.0,-0.0005449821490831945,0.0,-4.866385093211766e-05,0.0,0.0,0.0,0.0,0.00054865369771713,-0.0010970306761116633,0.001504501019826999,0.0,0.001901982477171501,0.001397570758592604,0.002117916076399994,0.0,0.0004891840041189087,0.005640294914361895,0.0,-0.0007465696407118876,-0.0003298406262319988,-0.0,0.005330753904968957,0.00267902476259225,0.0020677557472403027,0.005835065505217536,0.0008477481456199669
1988-09,-0.0,0.0,0.0,0.0007737151745590899,0.0,0.0,0.006636086218320408,0.0053068074356157685,0.0001494073776631897,0.0,0.0,-0.0,0.0,-7.823379018556143e-05,0.0,0.0,0.0014023587773921472,-0.0010821608152642205,-0.0019370827318660976,-0.00013592124589447723,0.0,0.0,0.0,0.0002908800671065772,0.0,0.0,0.0,-0.00041105886196859666,0.00022824848626468993,-0.0020832582022168823,0.0,0.0,0.0034557911370089534,0.0,0.0029001159878785034,0.0,0.0,0.0,0.0,0.000753483537576603,-3.602379447843179e-05,-0.0011724387071582194,0.0,0.0016454619411034477,0.007700272153444701,0.003263580743050327,0.0,-0.004084281932888182,-0.0013849734774893441,0.0,-0.0016502889889736404,0.0022132722470019632,-0.0,-0.0035349729953469723,-0.00014186903925741192,0.0026333813091372,-0.0001591626729873834,-0.0017307684038930043
1988-10,0.0,0.0,0.0,0.004261554432448945,0.0,0.0,-0.010541996999489444,-0.0014989356165725943,-0.0034076101710456487,0.0,0.0,0.0,0.0,-0.003722382570821794,0.0,0.0,0.005342388539669084,0.0034129489328196764,-0.0019013786872743286,0.0008141207871926903,0.0,0.0,0.0,-0.000918792231575917,0.0,0.0,0.0,0.0022624983598861672,-0.0036748927437982074,-0.0010012398141956964,0.0,0.0,0.0019769773017868117,0.0,0.002324540745617457,0.0,0.0,0.0,0.0,-0.0017064299040557042,0.0034296610508672155,-0.0004008734132137156,0.0,-0.00047446424556826767,-0.0031809226371862266,-0.0009047989212520178,0.0,-0.001755300033539972,-0.0010149528093091,0.0,-0.00042245869303896775,-0.003484041218090779,0.0,-0.002417615473718793,0.00038991740335160536,-0.0009357046772891241,0.00015609108414593032,-0.0020496095281072745
1988-11,0.0,0.0,0.0,0.005315514525843876,0.0,0.0,-0.008599199752061089,0.009024699187580002,-4.5841519684453094e-05,0.0,0.0,-0.0,0.0,-0.0029798222815860705,0.0,0.0,0.0030901801465654205,-0.0036103022702032713,-0.00013988533812712314,-0.0015222762736105922,0.0,0.0,0.0,-0.0017057150257127035,0.0,0.0,0.0,0.0011756247401945566,-0.0032128985778138875,-0.0013641985291457234,0.0,0.0,-0.0032563314362095176,0.0,-0.002568277345145468,0.0,0.0,0.0,0.0,0.002577815135211245,0.003633556268827315,-0.0024555804108812355,0.0,-0.0004889001929195684,-0.0019652166632837978,0.001552465340338096,0.0,-0.0029577543954267464,-0.0009301504355312473,0.0,-0.0029340604665718762,0.004311895912801689,0.0,-0.00162778954888624,-0.001563940189433624,-0.0032774677240956797,0.0007245018556176954,-0.0010673886763664078
1988-12,-0.0,0.0,0.0,-0.0019656762664167103,0.0,0.0,-0.0010982048893570227,-0.0009192381679636238,-0.001656985757556995,0.0,0.0,0.0,0.0,0.0022784061342437287,0.0,0.0,-0.0032977666307952526,-0.002588974324534499,-0.009258024270899372,0.00180633876209165,0.0,0.0,0.0,0.0008695477733232203,0.0,0.0,0.0,0.00020271620024847815,0.003377366124012784,0.001001239315061092,0.0,0.0,-0.0005882527590432082,0.0,0.0009426583081364532,0.0,0.0,0.0,0.0,0.001068715851601557,0.0012294855672866012,0.0017188614422748568,0.0,0.0012786268797468727,0.003554345678966655,0.0011921841551299189,0.0,0.0014488340521164027,0.0025751539566232122,0.0,0.0030503540115924383,-0.006396194348585153,0.0,0.0026517442793615397,0.001359928207065719,-0.004118893366671592,0.0019936412102272358,-0.0030010918845604665
1989-01,0.0,0.0,0.0,0.0027760696177377706,0.0,0.0,0.0021173989823150712,0.0020006555146450367,-0.0009966269393703198,0.0,0.0,0.0,0.0,0.005933526921708707,0.0,0.0,0.0036890640935671893,-0.006089033622555795,-0.005157867002034451,-0.0003989553311803348,0.0,0.0,0.0,0.0008287314632386533,0.0,0.0,0.0,-0.001478595970288232,0.005725558303452513,0.003972517891835062,0.0,0.0,0.0012026870044316985,0.0,0.0014717303346957684,0.0,0.0,0.0,0.0,0.0039053377907557717,0.0005193801144312947,-0.0011420883138623771,0.0,0.0006328749402393059,0.004170442708354088,0.002100218188906922,0.0,-0.0023499728484858906,-0.0025080386587901875,0.0,-0.0017663980873119643,0.00013774333117896667,-0.0,-0.00282929790510723,0.001379606202701938,0.0005953367031773165,7.474317029889018e-05,-0.002202505625019276
1989-02,-0.0,0.0,0.0,-0.0002313890377575146,0.0,0.0,-0.0034213836905914044,-0.003027386458500881,9.605009051198879e-05,0.0,0.0,0.0,-0.0,-0.0024965386937135,0.0,0.0,-0.0020600766472321404,0.0004325487389192691,-0.0003765754548022213,0.0012114265288192436,0.0,0.0,0.0,-0.0007450317594560012,0.0,0.0,0.0,0.002098588347906515,-0.0021143007615774955,-0.0019398636147796066,0.0,0.0,0.002798064693172888,0.0,-0.0022740866671704333,0.0,0.0,0.0,0.0,0.0035785478279808007,0.0014314162798560557,-0.00037199180261323635,0.0,-0.0019422838935661026,0.0011004743221278577,4.141552910219693e-05,-0.0,-0.002336804113114257,-0.0016711324452895495,0.0,-0.0012205044211578227,0.001626950841805037,0.0,-0.0007228507626208647,0.001689951012901041,0.0025473594954581583,-0.0006571266797101916,-0.0002766544644292365
1989-03,0.0,0.0,0.0,-0.003136326281870406,0.0,0.0,0.002210569242166606,0.0018948294908875275,0.0011584841908487374,0.0,0.0,0.0,-0.0,0.003720597832113188,0.0,0.0,0.004216540576139489,0.01193050381724064,-0.00023331490737702674,-3.173211911994907e-05,0.0,0.0,0.0,-0.001187991381932274,0.0,0.0,0.0,0.00223162980675478,0.005504890964299978,0.0009611577925911851,0.0,0.0,-4.785285878548301e-05,0.0,-0.0002489289420565714,0.0,0.0,0.0,0.0,0.008861091576370737,0.006725467224064984,-0.0012091989927735971,0.0,-0.0011017477358439103,0.0011570766883583202,0.0009026492863421901,-0.0,-0.0023364884032284193,-0.0019015927351544355,0.0,-0.00217020053657956,-0.0007619065319812486,-0.0,-0.002216120481950739,-0.0008971108058040945,0.003876955601433195,-0.004617954514446526,0.0018294729138756487
1989-04,-0.0,0.0,0.0,-8.179196477307575e-05,0.0,0.0,0.007073059215688918,0.0018936973202602673,0.0013380810151508256,0.0,0.0,-0.0,0.0,-0.0002943701679540281,0.0,0.0,0.0006496352652230854,0.005215278778718446,-0.0016648611779794117,0.0027557250797400814,0.0,0.0,0.0,0.0004899750515004677,0.0,0.0,0.0,-0.002375648913092563,0.0010866473175231465,0.0028130258968979247,0.0,0.0,-0.0026548659052731244,0.0,0.0021927884127279284,0.0,0.0,0.0,0.0,-0.0012921470313279964,0.0037646099873970312,-2.426100656052219e-05,0.0,-0.004922256375958958,0.0019837185882195583,0.0018896773259899822,0.0,-0.000591110153281315,-0.0010558058480093931,0.0,-0.0006952297256513202,0.0002991910975819888,-0.0,-0.0010061648267820024,-0.0018241648827082388,0.001732682218474204,0.002165361396138835,-0.00014689917297723936
1989-05,-0.0,0.0,0.0,0.006906897656732183,0.0,0.0,0.0037828823510047166,-0.004445404550429729,0.002499954322399168,0.0,0.0,-0.0,0.0,0.005098134190290266,0.0,0.0,0.006619716430367512,0.0030403236928615187,0.0009281333958839403,-0.0006861528104881073,0.0,0.0,0.0,-0.0012397493374883214,0.0,0.0,0.0,-0.0016289221133607749,0.0019147913631867009,0.0019957349026120856,0.0,0.0,0.004255496255078181,0.0,0.003552464884951585,0.0,0.0,0.0,0.0,-0.004600678148948729,-0.0021504512479188667,-0.0012150726289380698,0.0,-5.9389996088490665e-05,0.003729935587428652,0.004276647614326833,-0.0,0.004427124885419677,-0.0018735504823627614,0.0,-0.0020020097482627603,-0.0022680487958034595,-0.0,-0.0010235312806176483,-0.002455695226822783,0.0008565401107311503,-0.0028201170942340555,-0.000766852750247947
1989-06,-0.0,0.0,0.0,0.0005314023616322687,0.0,0.0,-0.0033296615407719865,0.003008720242084422,0.001145400818920336,0.0,0.0,-0.0,0.0,-0.0012600051831499121,0.0,0.0,0.0007968803247456426,-0.0017017910294817138,-0.005405008651505344,0.0001565795126579612,0.0,0.0,0.0,-0.0003720935994225589,0.0,0.0,0.0,0.009340982415781409,-0.0018410878624685735,-0.0008970269144711834,0.0,0.0,0.004566522645970682,0.0,0.005834313548521354,0.0,0.0,0.0,0.0,0.003456485758426557,-0.002167937922759624,0.0006806175018674575,0.0,0.005245083141107297,-0.0023894958186958747,0.0004831907388796954,-0.0,0.0010290507320688278,0.0004578425984016363,0.0,-0.0017375771294821296,0.00012773494951421886,-0.0,0.0012910056888262994,0.004097902841736725,0.0023882648641165246,0.002268298462122083,-0.001376363334637557
1989-07,0.0,0.0,0.0,-0.0070385292715199835,0.0,0.0,-0.001751148696603272,0.0038543805883325876,0.003564645906324982,0.0,0.0,-0.0,0.0,-0.004471661759522734,0.0,0.0,-0.004243716185909514,-0.004976833869507345,0.010181898077551559,-0.001784066131405936,0.0,0.0,0.0,0.0021028562839383604,0.0,0.0,0.0,0.00050775046113027,-0.0034546200604754457,0.005138883978339895,0.0,0.0,0.003648063516752867,0.0,0.0020911963743685076,0.0,0.0,0.0,0.0,-0.004664403010635291,-0.0015518489241412104,0.004867080770477284,0.0,0.00263294056407465,0.001500866805109393,-0.0006422347262239548,0.0,0.00575911801294339,0.0033438367105578346,0.0,0.003631861393866427,-0.00011159181132477754,0.0,0.006280044239521831,0.0030915999176575025,-0.0018342036105561865,-0.003765107777164106,0.0010330376374256085
1989-08,0.0,0.0,0.0,-0.005568477508428661,0.0,0.0,0.006480233852452211,0.0010386143984274395,-0.0013078802160261934,0.0,0.0,-0.0,-0.0,0.005570168099422656,0.0,0.0,0.0054811116190471056,0.0024094232323213635,-0.002420631461762388,0.0015609097660265415,0.0,0.0,0.0,0.00031322122925199676,0.0,0.0,0.0,-0.0027764321577288336,0.005038223391308484,0.0006484051935275309,0.0,0.0,-0.005052954097272474,0.0,-0.003983499306141739,0.0,0.0,0.0,0.0,-0.0031481865516316764,0.0016503785876046885,-0.0018512116468210064,0.0,-0.0014997234105540024,0.002870659127309507,0.0024502260827389635,0.0,0.00029283591520587606,-0.0015866682451715476,0.0,-0.0008029999288072137,0.0022014107451054817,-0.0,-0.00039557997892028805,-0.0021607973611218177,0.0014640678310799122,4.020482452753349e-05,-0.0008498659140982917
1989-09,0.0,0.0,0.0,-0.003560820617057872,0.0,0.0,0.005140638021992017,0.0013469325842421938,-0.00040494839867228944,0.0,0.0,-0.0,-0.0,-0.004819895056592979,0.0,0.0,-0.0035569450926361177,-0.0047882160676745505,0.0020195431438589507,-0.0012538480271556416,0.0,0.0,0.0,-0.0,0.0,0.0,0.0,0.0027964657142527088,-0.003971566166999316,-0.0007177323561264788,0.0,0.0,-0.0006892099623577617,0.0,-0.0004205236309780128,0.0,0.0,0.0,0.0,0.0035162894504019554,0.005160463366911714,0.0005585167975507753,0.0,0.0014622933760093087,-0.0015239713337617154,-0.0013394059224021953,-0.0,-0.000792666927725222,0.00045564322617984735,0.0,0.0003891964185375207,-0.0021121495358329065,-0.0,0.0015527658380030257,-0.0020488020612814705,0.0037789890093790197,-0.001642566699958002,0.004527952861182147
1989-10,0.0,0.0,0.0,-0.0020573982078313964,0.0,0.0,0.003231232104354359,0.001306958342900916,0.0011511076753154936,0.0,0.0,-0.0,0.0,-0.001590386559380309,0.0,0.0,0.002682627847679208,-0.00274446126405142,0.0023230258509141727,0.0015068127287817422,0.0,0.0,0.0,0.0012542112499132803,0.0,0.0,0.0,-0.0004391910155339576,-0.00024225736257842053,-0.001720009984405278,0.0,0.0,0.003769207019738692,0.0,0.004033400498930113,0.0,0.0,0.0,0.0,-0.0026163708285253085,-0.00314243025207222,-0.0006710610937360595,0.0,-0.0011260838685021683,-0.0013842599706486963,0.0008505919774874479,-0.0,0.000687335202792381,-0.00038600985125832423,0.0,0.00019483320591176986,-0.0005077933750774666,0.0,0.0006493016127246102,0.00015434127022274127,-5.054364044759936e-05,0.0026210243262032857,0.0031160992382487187
1989-11,0.0,0.0,0.0,8.918411228458963e-05,0.0,0.0,0.002370050182222359,0.0029018343162090297,-0.004687925555281078,0.0,0.0,-0.0,0.0,-0.0034129338263486275,0.0,0.0,0.0001491731219343345,-0.0019722676996758136,-0.00021882828011538137,-0.0012442971137517904,0.0,0.0,0.0,-0.0002916340847461493,0.0,0.0,0.0,0.00041643948003374306,-0.0013141894160466764,0.0007836004690622041,0.0,0.0,0.0007851095168385238,0.0,0.00014252133253948613,0.0,0.0,0.0,0.0,0.001554406795196191,-0.001983778759707803,7.092687690719789e-05,0.0,-0.0005770085713920207,-0.008521058415844033,-0.0041286163461604795,-0.0,0.000508156396404607,-0.0006076109695988607,0.0,-0.0003855463606913579,-0.002087292854873256,-0.0,-0.0008476801182560159,-9.686598460927321e-06,0.0002857658477462455,-0.0020914792619251767,0.004145875406180396
1989-12,-0.0,0.0,0.0,-0.0030410500215943682,0.0,0.0,0.0007959333008134586,0.002230649240039745,-0.001435547413305478,0.0,-0.0,-0.0,-0.0,-0.005590101167045786,0.0,0.0,0.0009662733619546151,0.015084850248837591,-0.0008111170089581953,-0.000870800636772235,0.0,0.0,0.0,0.0003982034068810071,0.0,0.0,0.0,-0.002273624676441687,-0.0027592953989261097,0.000794794769653128,0.0,0.0,-0.0013017002904055757,0.0,-0.0009457928190183849,0.0,0.0,0.0,0.0,-0.0018508977840688233,0.007886867107139435,0.0002953830495418974,0.0,0.0009249248780905722,0.0030553557262466774,0.004800017411598523,-0.0,0.0009799262954924665,0.00046080853316871084,0.0,0.0004847839782143349,0.002535559182989177,-0.0,0.001223007303790137,0.004188523204254401,0.005025267194336398,-0.00030919608774759616,-0.0014552049261918898
1990-01,-0.0,0.0,0.0,-0.00496237167057082,0.0,0.0,-0.002147580364667885,-0.005837924397524645,-0.0017181983611703892,0.0,-0.0,-0.0,-0.0,0.0004961007004911042,-0.0,0.0,0.00035686829254195375,0.014093115747370486,-0.00017702980055057425,-0.0034732995116692547,0.0,0.0,0.0,0.003581472039608575,0.0,0.0,0.0,0.003501850526530921,-0.002656102220387599,-0.004559750263649365,0.0,0.0,-0.004280263456157865,0.0,-0.004983004673273087,0.0,0.0,0.0,0.0,0.0005243590138253492,0.001343251020401633,0.0002152267084106971,0.0,-0.0010109627093999596,-0.0017067855463253714,0.00040165906314204347,-0.0,4.416600138895972e-05,0.0033231795318444503,0.0,0.002232850496348073,-0.0016072809495555778,0.0,0.0016964413991350724,0.001380174574318256,0.004216054658703718,0.0067088939865991805,3.886224150494988e-05
1990-02,0.0,0.0,0.0,0.0005370312862417083,0.0,0.0,-0.00519008889956453,-0.0005319563234834943,0.0015704400259361469,0.0,-0.0,0.0,-0.0,-0.0011980644800323001,-0.0,0.0,0.0026843346670215257,-0.00048697391137972085,-0.005022038709732691,-0.0016724882169449249,-0.0,0.0,0.0,-0.0006358244115760943,0.0,0.0,0.0,-0.0007505623486512788,0.0002016085753776665,0.00047208749503722106,0.0,0.0,-0.0009673263360012245,0.0,-0.0010888540554565044,0.0,0.0,0.0,0.0,-0.003864381885253503,-0.004171482555768743,-0.0011293192852739765,0.0,0.00348303217261628,0.0021087069296305216,0.0009376565016437341,-0.0,-0.004797915801575691,0.0014479574514853143,0.0,-0.0005122720920118276,0.00042593619326816544,-0.001581238391035054,-0.0006037391486527671,-0.0008489404653874694,-0.0022751051240128832,-0.0012707549819720573,0.004619983537029501
1990-03,0.0,0.0,0.0,-0.001333896410724113,0.0,0.0,-0.007382159728988221,0.006295894271065594,0.0022038341692536094,0.0,0.0,-0.0,-0.0,0.0007199280306209976,-0.0,0.0,0.00488403457347926,0.002189608307595375,0.0006819287345382945,0.0011993205334678324,-0.0,0.0,0.0,0.0005338592256083759,0.0,0.0,0.0,0.0027732612723487204,0.00018936797841389392,0.0008923018979361285,0.0,0.0,-0.0013845642930055454,0.0,-0.0015095549415502791,0.0,0.0,0.0,0.0,-0.000341372660433909,0.00097840203702362,-0.0011336289670235704,0.0,-0.0018144796681042804,0.009457726668219625,0.002009585157183255,0.0,-0.0014508508449884924,-0.001419971404517795,0.0,-0.00035400961880530866,0.0032836730149042037,-0.0009024890596722023,-0.0011372600051105534,0.002906236405421032,-0.0035929663559107197,0.002253645456137065,0.003542560639576152
1990-04,0.0,0.0,0.0,0.00011197220859014507,0.0,0.0,-0.004601940674560695,0.002157021262916864,0.0016469233739010221,0.0,-0.0,-0.0,-0.0,0.0009138681578525753,-0.0,0.0,0.0004561161413574681,-0.0019458170094344845,0.00019831479163105587,-0.001954356069690708,-0.0,0.0,0.0,-0.00081467302923055,0.0,0.0,0.0,0.0005171218711019401,0.0030256191558231645,-0.0017743868669168408,0.0,0.0,-0.003382994488776545,0.0,-0.003442477340913349,0.0,0.0,0.0,0.0,0.00552051696103537,-0.003862443163738705,-0.0028011758369201395,0.0,0.0015637139368498516,0.0008351042573558774,0.0004420268569689085,-0.0,-0.003121020500792665,-0.003095864566342194,0.0,-0.0018730618686029032,0.0007134314046032542,-0.0003625092549897111,-0.0029710258760907845,7.828648881373217e-05,-0.0056720024323327865,-0.005011180496751903,0.007441508939555837
1990-05,0.0,0.0,0.0,0.0026801445844565667,0.0,0.0,0.004673685237800714,-0.0004698752503730093,0.00483113745573061,0.0,0.0,0.0,-0.0,-0.0012756311959540318,0.0,0.0,-0.0035420355629622218,0.0013549668684361045,-0.00012904220479155977,0.0023926817522545774,0.0,0.0,0.0,0.002408923591060916,0.0,0.0,0.0,-0.0052292355213179615,0.001455130197041225,0.005748492055269655,0.0,0.0,-0.004878757391905284,0.0,-0.005391303236128655,0.0,0.0,0.0,0.0,-0.0010155724954508448,-0.003288394900544512,-0.0006653646584412472,0.0,0.0017790222737645782,0.001831836935904262,-0.0012909799239607335,0.0,-0.0,0.002635741886038706,0.0,0.0035193409424331547,-0.002079276205449963,0.0012557804967603004,0.003211360427868864,0.001003910140683252,-0.0036753497147099315,0.00279404194793353,0.0015054896883603469
1990-06,0.0,0.0,0.0,0.0048380108229088324,0.0,0.0,-0.007754525449431238,0.003528987107873403,0.00682946133333665,0.0,0.0,0.0,-0.0,0.002308712372241349,0.0,0.0,3.933856777414106e-05,-0.002641882497620235,0.004159865403445573,0.0010313405207874541,0.0,0.0,0.0,0.0016460496693973834,0.0,0.0,0.0,-0.0017050022392029666,0.0010238934521053838,-0.0008695832103114782,0.0,0.0,-0.0020195494020604212,0.0,0.002014010477302323,0.0,0.0,0.0,0.0,0.0008172352727445289,-0.0018005008051361687,0.0018495582238515923,0.0,0.0005387135044730891,0.002025650029474118,0.00305471964704425,0.0,-0.0024759034482502436,-0.0008804132898167221,0.0,0.0008811172185622472,0.0006330950087890479,-0.0003492084888453018,-0.0019003003047350882,-3.99368499853281e-05,-0.002445339159177076,0.0011917823481245383,-0.0025978480929741087
1990-07,0.0,0.0,0.0,0.007359583264798162,0.0,0.0,-8.03793450342678e-05,0.0037360100168754734,-0.0018634111028237592,0.0,0.0,-0.0,-0.0,0.0049542863072616575,-0.0,0.0,-0.00354727422059405,-0.0006425024434421646,-0.0034605269753134934,-0.004719189296511227,-0.0,0.0,0.0,0.007980387532557047,0.0,0.0,0.0,0.0041793980621087174,0.005442851294662873,-0.0007011615380569962,0.0,0.0,-0.0009435303084014254,0.0,-0.0004175112172444193,0.0,0.0,0.0,0.0,0.0011406198684475394,0.008591255949995229,-0.0038399190564330876,0.0,0.006568797066820841,-0.00246480105512197,0.0019353077348246382,0.0,-0.00013703029910103832,0.0031464247943785465,0.0,0.0019237493749544245,0.00029956241187582816,0.0029933803176221997,0.0029750315332031803,0.008130491909591156,-0.007593999585401393,0.009662680262746462,0.0037433440902611484
1990-08,0.0,0.0,0.0,0.0021200841461809267,0.0,0.0,-0.000597347875794839,-0.00019740320143206796,-0.0022163630313817725,0.0,-0.0,0.0,0.0,0.0004662079784027867,-0.0,0.0,-0.0012184909753031798,-0.0033950650422223615,0.0020388640001352872,0.0010657917581609222,-0.0,0.0,0.0,0.004156338338827046,0.0,0.0,0.0,0.001958922540348343,0.002753475745659136,0.0069907095526557505,0.0,0.0,0.005107650480577992,0.0,0.0064114532031010205,0.0,0.0,0.0,0.0,0.0030959384325483733,0.023742295215152684,-0.0026376762538435983,0.0,-0.0046149303050348305,-0.002220973566399365,0.0010329654990684164,0.0,-0.0014536681831363299,3.658102876788808e-05,0.0,0.0031772143844879122,0.000715557537312184,0.002437877035747249,-0.00016436204288386642,-0.00398968908300609,0.015088508146761812,0.005209502965987971,-0.008056854689330865
1990-09,0.0,0.0,0.0,-0.00036286128552817036,0.0,0.0,-0.0013983017745188948,0.0017358249193659542,-0.0002700691494841212,0.0,-0.0,-0.0,-0.0,0.0007571395829328625,-0.0,0.0,-0.0031976685861267225,-0.0028022965467610784,-0.0037728367282991357,-0.005383055330092591,-0.0,0.0,0.0,0.001045174205818097,0.0,0.0,0.0,-0.0003569052264625229,0.001111632518965672,0.0035612329596449127,0.0,0.0,-0.0004492301245533609,0.0,-0.0006319668734450267,0.0,0.0,0.0,0.0,0.007409689152209497,0.008670988889404142,0.0008483815471768228,0.0,0.000932164563475145,-0.00406333317170389,0.000625816048994198,-0.0,-0.0012281177490394834,-0.0006415604983293116,0.0,-0.0005299845256403449,0.005650552165689091,-0.0017936271131135106,-0.0002717161154421525,0.004236466689852129,0.02069320954406933,-5.610699044063681e-05,0.0074762634910108235
1990-10,-0.0,0.0,0.0,0.004368867743452101,0.0,0.0,-0.0045269328051714556,-0.001652929152453152,0.002983791003752411,0.0,0.0,0.0,-0.0,0.0033650652389022504,0.0,0.0,-0.005513562649655943,-0.005502803790377418,-0.0009519491819990663,0.0024285583916430664,0.0,0.0,0.0,0.0021925545548494045,0.0,0.0,0.0,0.0019158090788334997,0.0008836967334254977,-9.856845853330812e-06,0.0,0.0,-0.0018054372091798577,0.0,-0.00197536232667423,0.0,0.0,0.0,0.0,0.0003288382575931983,-0.002490707090509072,-0.0001947356241686764,0.0,0.0,-0.005836874109119327,0.011350397100129058,-0.0,-0.0032785996284580956,0.0010208225917521163,0.0,-3.669933958889161e-05,7.272651943134788e-05,-0.002237149304131248,0.0015720009615269829,0.0014463590253778118,-0.0024581826264389543,0.0034709584123702535,-0.0010814862613278881
1990-11,-0.0,0.0,0.0,0.00029206961195029523,0.0,0.0,0.00246646626171283,0.0015283990313480354,-0.0004177637007542699,0.0,0.0,-0.0,-0.0,0.0012974100005717587,0.0,0.0,-0.001735610965570917,-0.0013475184232667216,-0.002876817998500548,0.020043077613614797,0.0,0.0,0.0,0.0014527657689866022,0.0,0.0,0.0,-0.001142349784722334,0.000676567952852074,-0.003960184357761035,0.0,0.0,-0.003150700065503092,0.0,-0.00441202507397228,0.0,0.0,0.0,0.0,0.0032716097376969742,-0.003010900900696452,0.0003218953610071592,0.0,0.002236342207654489,-0.0002885199766473147,0.0009042610498171891,-0.0,-0.0008377746246126365,0.0010780885091793131,0.0,0.0014824206096889132,0.001624648902378917,0.0026133724123498904,0.0013733091683792752,0.0008542408992708063,-0.004755236639858608,0.00356843088255195,-0.0021943426290682733
1990-12,0.0,0.0,0.0,-0.0001670075177973868,0.0,0.0,-0.004425343734194055,0.0021084614807046495,0.003444792514240028,0.0,0.0,-0.0,-0.0,0.0005959475727664681,0.0,0.0,-0.001636060565070046,0.002312332048012914,-0.0007639602514753856,-0.012025509554600865,-0.0,0.0,0.0,0.00034203537302502073,0.0,0.0,0.0,0.0012777180092153622,0.0007614488964967484,-0.0009500858451122367,0.0,0.0,-0.0019530199223921575,0.0,-0.0013204358451634841,0.0,0.0,0.0,0.0,0.006169925467451985,-0.0032008079826379623,0.00088048125208738,0.0,-0.0012783193113805372,-0.0022543301280936474,-0.0005278217806478492,0.0,-0.0018007944498936394,0.0029359663185170755,0.0,0.0017328492013258434,0.0017842500731712401,-0.0011249643957185465,0.002148518057003637,0.003109932582210029,-2.6572814802058816e-06,0.0002759822357543364,0.0008053621246237055
1991-01,0.0,0.0,0.0,0.002183885877301329,0.0,0.0,-0.0007291495718331638,9.671431018285371e-05,0.001233093727607972,0.0,-0.0,0.0,0.0,0.001148518562306211,-0.0,0.0,0.0025510670935020826,-0.0006003935037187401,0.0024732339744646193,0.004576461357947564,0.0,0.0,0.0,-0.0007347707680189106,0.0,0.0,0.0,0.0016458125766437284,0.0008530132853637951,-0.003242816169773747,0.0,0.0,-0.0010545774584874378,0.0,-0.0006799762023878931,0.0,0.0,0.0,0.0,-0.002162506520357618,-0.003403306384065002,-0.0018395978688756306,0.0,0.0013826812848959829,0.006615966039649301,0.0070408209284214505,-0.0,0.0010914952235608153,0.0014961438639006519,0.0,0.00022230484597614,0.0031599694429971575,-0.005703613263174952,0.0005766980265780938,0.0012569344571475513,-0.005390757188650121,-0.0005534581936220001,0.004752217750120912
1991-02,0.00066879500119314,0.0,0.0,-0.0023553697736058005,0.0,0.0,-0.0005688537010495074,0.003936959429374877,0.008943543164586173,0.0,-0.0,0.0,-0.0,-0.0032647718655848513,-0.0,0.0,-0.001152777317869875,0.002377348676829951,-0.0032546695415162394,-0.0036844037575209207,-0.0,0.0,0.0,-0.0007830153064782632,0.0,0.0,0.0,-0.0005991965251547875,-0.004979266015903923,0.005389020935821155,0.0,0.0,-0.0004007100236143475,0.0,-0.00028030856548716507,0.0,0.0,0.0,0.0,-0.0017195739451354784,8.043556939298092e-05,0.00030699953528525554,0.0,0.000733121677215404,-0.00010091945410429354,0.0023244740662736177,0.0,-3.826923147904455e-05,-0.0009086923306369374,-0.0,-0.0002439310087107735,-0.0024329915362961488,0.0017712346345300097,-0.0006274169373366332,0.004060293794756183,-0.0010408286985434448,0.0009263946937620646,0.0016761245648760996
1991-03,-0.0010952423266251368,0.0,0.0,-0.008145449717667595,0.0,0.0,0.0011473781785703377,-0.0014289199278614882,-0.004653951966987242,0.0,-0.0,0.0,-0.0,-0.009996285552147937,-0.0,0.0,-0.004726564135052096,-0.001471457083326808,-0.0007635681488470574,-0.002413476903494781,-0.0,0.0,0.0,-0.0021095322317993635,0.0,-0.0,0.0,-0.00037680591472102074,-0.007946217399100996,0.00139085200995566,0.0,0.0,0.0,0.0,-7.649069913233309e-05,0.0,0.0,0.0,0.0,-0.002008507256668654,0.0024500688314849427,-0.00023980332950842493,0.0,-0.0010476252949941246,0.0025705727085610468,-0.0016920472126756895,-0.0,0.0014277347530037567,0.000936418343800954,0.0,-0.0012756869087679225,0.0017108169377862323,-0.002556258997307819,0.000947821573907402,0.0016664951758786986,0.0008783538499445521,-0.003547771998931186,0.0010104561618203773
1991-04,0.0013249889473123428,0.0,0.0,-4.562084785742649e-05,0.0,0.0,0.0034295664756786256,0.0019953580110156047,0.006547406049330802,0.0,0.0,0.0,0.0,5.9339731709422716e-05,-0.0,0.0,0.0029464286677050935,4.983412947352629e-05,0.0028406479226316863,-0.0005998484526407583,0.0,0.0,0.0,0.0016209811566389564,0.0,-0.0,0.0,0.0034663417240117884,0.0007964051210661622,-7.720710707788578e-05,0.0,0.0,0.000949789417758649,0.0,0.0011566998514705605,0.0,0.0,0.0,0.0,-0.005244473635076429,0.0013762530604911282,0.0007537034699915023,0.0,0.0006604624411067048,0.00034604557138811945,-0.0017508584145298,0.0,0.0016273803521389808,-0.0011635850079116492,-0.0,0.0008344670811882842,-0.0001484877876444304,-0.001972698055070033,-0.00011289532474725853,-0.0016109438270954174,0.001928911547707613,0.0029552970924388157,0.00047194191357328313
1991-05,-0.0023691455844695015,0.0,0.0,-0.001252188172038096,0.0,0.0,0.00017752213536073163,0.0026896929066622366,-0.0021348160179881902,0.0,0.0,-0.0,-0.0,0.0015317091383430382,-0.0,0.0,-0.0010220480461962964,-0.0018548340524257717,0.0009507570403594934,-0.008864184802868902,0.0,0.0,0.0,0.0006132841203382916,0.0,-0.0,0.0,-0.0010925264614255366,-0.002082587761973466,0.002931896063757288,0.0,0.0,-0.0004362706025210681,0.0,-0.0007906102821640476,0.0,0.0,0.0,0.0,0.002240703560978504,0.0001200968667010792,0.0010750301611763705,0.0,0.001094194049673909,-0.0009602324562713215,-0.0017808306680136246,-0.0,0.000526067830384207,0.00044965518002580484,-0.0,0.0004282594246653701,0.002349408440739472,-0.0034989663048965694,0.0005349217757687045,-0.00047013596602554514,0.00026573269819281717,-0.000729543136921,-0.0022909243590838553
1991-06,0.0010847196318190349,0.0,0.0,-0.003588141676854201,0.0,0.0,0.005961714971557677,0.0013960678467011942,-0.0007240232061738465,0.0,-0.0,-0.0,-0.0,0.0033222179752056273,-0.0,0.0,0.0005402461378332702,0.0028778735747228604,0.001185901992294095,0.0016349889271244612,0.0,0.0,0.0,0.002424557805593443,0.0,-0.0,0.0,-0.006858167918122374,0.004196932033999486,-0.004348849428722902,0.0,-0.0,-0.001598474767562355,0.0,-0.0016917611555408803,0.0,0.0,0.0,0.0,0.00020269094199614631,-0.0012893884630577207,0.0029136295784124677,0.0,-0.0004197478164318,-0.0011642409944559102,-0.005669307512349068,0.0,0.00405318983760086,0.0030612656494799135,-0.0,0.001571238706224649,-0.00021078656142421538,-0.002908306600701152,0.004250510118399016,-0.002544720717897756,-0.0008144651031686436,0.004429883396082488,-0.0010160471875320387
1991-07,0.001992781973974522,0.0,0.0,-0.004507869909336407,0.0,0.0,-0.005575491051951478,-0.0018050238343679966,-0.00604073313249229,0.0,-0.0,0.0,0.0,-0.003869455705197149,0.0,0.0,0.00023408812825403096,-0.001499831186959809,0.0017939695684114478,-0.0067416907200279,-0.0,0.0,0.0,-0.00220756657169309,0.0,0.0,0.0,-0.00496110884010254,-0.0019293052726295707,0.0034179730057793886,0.0,0.0,0.001837423845116444,0.0,0.0016006288809884222,0.0,0.0,0.0,0.0,0.0056285546513017825,0.002205745276796755,-0.009065743246908991,0.0,-0.0030669682450259307,0.0013478055615632062,0.007262462191090872,0.0,-0.008290141467587643,-0.007019725856068969,0.0,-0.0034938549158490505,0.002760661129828976,-0.002145652774046898,-0.0067286591751768874,-0.0029185250588293493,0.0014789692599250128,-0.004761227383351837,0.004090685342018496
1991-08,0.0014395125029147513,0.0,0.0,-4.897395122933587e-05,0.0,0.0,0.0003021948764514711,0.003214013513177654,-0.0026585391006565943,0.0,-0.0,0.0,0.0,-8.828187158513664e-05,0.0,0.0,0.0005043947174224235,-0.001244326108473883,-0.0016066733800324836,0.002364064905335089,0.0,0.0,0.0,-0.0028652460089826745,0.0,-0.0,0.0,-0.0031652427375713247,0.0001477235861358442,0.0015952000125012142,0.0,0.0,0.004686024034878083,0.0,0.004457169202216353,0.0,0.0,0.0,0.0,0.004751629093383717,0.0015547985636276147,0.0018563414586138026,0.0,0.0063306178861197325,0.004112452541544519,0.005245577932765307,-0.0,0.0056509415925454975,-0.003406179711374905,0.0,0.0017572131638558235,0.0047483301717645525,0.0019692554914080168,0.001180277843660055,-0.005840931540326978,0.0008974590375149136,-0.003435991445327824,-0.001706243733525165
1991-09,0.0024685507776208205,0.0,0.0,-0.004711865195653241,0.0,0.0,-0.005277434184954504,0.0031419848451564266,-0.0026426039115775204,0.0,0.0,0.0,0.0,-0.005072479115302719,0.0,0.0,0.0028091250816778455,-0.0012815321438008763,0.002379732047015325,-0.0011697328950168683,-0.0,0.0,0.0,-0.005241037457131781,0.0,0.0,0.0,0.0014168227345126606,-0.005411835620120557,-0.001722398792537378,0.0,0.0,0.004812793085862083,0.0,0.003717719095679232,0.0,0.0,0.0,0.0,-0.0008309023974112198,-0.0002896032893555447,0.0014772338040255205,0.0,-0.006220319191793114,-0.0010089965791701145,-0.0055617449695314425,-0.0,0.0008172394666097457,-0.002305847966002209,0.0,0.0012488491366600056,-0.0023972947047825608,0.00048198863129883193,0.0004410721107140018,0.008305878009483214,0.0,-0.002813573510988981,0.0015240952343585576
1991-10,-0.002446301333046202,0.0,0.0,0.00031581096936639805,0.0,0.0,0.00046273203648905656,0.003173807461311791,-0.002946617613661848,0.0,0.0,0.0,0.0,0.00019352000309491596,-0.0,0.0,0.001634649672269243,-0.015923366065196745,0.0009700399137617267,0.0017359357752555144,-0.0,0.0,0.0,0.009458683908858994,0.0,0.0,0.0,-0.00012238715886832372,0.001115268200956617,0.0006560646451520647,-0.0,0.0,0.000745167128769952,0.0,-0.00025837994678515677,0.0,0.0,0.0,0.0,-0.0025096426235930646,-0.001724269916921057,-0.00047907822745222033,0.0,-0.004240496370055823,-0.0005343973417459136,0.00121349187149617,0.0,0.002685370212197525,0.0029650601514575234,-0.0,-0.0010342741991759177,-0.0015997435269543545,0.0025745252753245386,0.0041778911517471535,-0.005938001557478529,-0.0016980771712892348,-0.007730828335525268,-0.004747725623655724
1991-11,0.0009987448661099394,0.0,0.0,-0.0022132254780693906,0.0,0.0,0.001494172515718694,-0.0024010569785816735,0.004835824224098252,0.0,0.0,0.0,0.0,-0.0034452868589273386,-0.0,0.0,0.0007458236211424834,-0.0002285783844132388,0.0004243598572908908,0.00026567000559202296,-0.0,0.0,0.0,0.001285899630852756,0.0,-0.0,0.0,-0.00022485004290290317,-0.0028633097791592624,-0.00392891850100691,-0.0,0.0,0.001080857434115499,0.0,-0.0001282001248656876,0.0,0.0,0.0,0.0,0.0018508652200471196,0.001617979571636757,0.003730842510234427,0.0,0.0026380702446636675,-0.0021159403981241744,0.0010509101331821903,-0.0,0.0017452084123807693,0.0034323156535982034,-0.0,0.002459801853553238,-0.0009868616567353947,-0.001964264543228978,0.001327027701382874,0.0006919432467262889,0.002334827416751552,0.0005022480459153191,0.00040724679927360737
1991-12,-0.003294037872903618,0.0,0.0,-0.00666366572304204,0.0,0.0,-0.000525021010551523,-0.005840158990889927,-0.00025217764667578694,0.0,0.0,0.0,0.0,-0.007884865855607569,0.0,0.0,0.004151364196999217,-0.0028613261726862195,0.0025010233800858124,-0.002126107066694708,0.0,0.0,0.0,0.010484581139250458,0.0,0.0,0.0,0.0003202781537858013,-0.00621708176431909,0.009003811463496634,0.0,0.0,0.009194772893632925,0.0,0.008310858767374975,0.0,0.0,0.0,0.0,0.002107598653930432,-0.003131373530273231,-0.0010583958109250718,0.0,0.011344863191059035,0.0038300501679236036,0.003725861742789972,-0.0,0.0016786966948604137,0.00032755201892820975,-0.0,-0.0014820772393082748,0.006917374341710222,-0.0014731007794619357,0.0005056787073924536,-0.004193378043439832,0.0031755465415550755,0.007676517409599343,-0.004998031055246226
1992-01,-0.001301770315166636,0.0,0.0,-0.003942779001805785,0.0,0.0,0.002442403131186078,-0.004482074321930693,0.006771506991867946,0.0,0.0,-0.0,-0.0,-0.005270161597141702,0.0,0.0,-0.0007382101117742896,-0.00242745093705761,0.002911266175909021,0.008324787798512819,0.0,0.0,0.0,0.009824110757121895,0.0,-0.0,0.0,-0.0030998694661367216,0.005441375222215118,-0.002000442383224338,0.0,-0.0,-0.007314515532129386,0.0,-0.005037991346261438,0.0,0.0,0.0,0.0,-0.00375548794877157,0.0005209812133451677,-0.003265305343810409,0.0,-0.0054901645004145315,-0.0004286808597199548,-0.004812169635444026,-0.0,-0.0013547318675881433,0.0015763409347631981,-0.0,-0.004854057811186962,-0.004280274460079625,5.895044953122136e-05,-0.0021117777273684506,-0.006414994949939291,0.0005017915434085066,0.0066245800397969935,0.002373882379495408
1992-02,-0.0005766524657594956,0.0,0.0,0.000957047940831376,0.0,0.0,0.0033821740374368942,-0.001756504361452642,-0.0019400654219266964,0.0,0.0,0.0,5.661834018768975e-05,0.0009312951517641092,0.0,0.0,-0.0027304872225538115,-0.00012957674269701392,0.002243523223338828,-0.0018369008433081122,-0.0,0.0,0.0,-0.0021823617036890518,0.0,0.0,0.0,-0.0005254366790943517,0.00338648239549726,0.0007484739260570605,0.0,0.0,0.0011206363197142745,0.0,0.0004782586163746927,0.0,0.0,0.0,0.0,-0.0024696004154071767,-0.0003295697627709399,-0.000432977061030592,0.0,0.0038621718021066907,0.0011831530179077163,-0.0012509284891214234,0.002478461579212459,-0.0016068669396653806,-0.0007468152197886703,0.0,-6.4574865824467305e-06,-0.0005109045803253864,0.004325660628168823,-0.0010490476486028828,-0.00040019684640212787,-0.0004322681838848057,-0.005865779949890984,0.0004774020293422957
1992-03,-0.0038606586383780244,0.0,0.0,0.0006331320647640147,0.0,0.0,0.004597936058971564,0.0007457535627442444,-0.0025732306070746745,0.0,-0.0,-0.0,-0.002234112963807608,-6.394255685261253e-05,-0.0,0.0,-0.0021733415662919097,0.0006982520902659723,0.0013362699119771472,0.0005998725465197158,-0.0,-0.0,0.0,-0.003083273287453265,0.0,0.0,0.0,0.002557137861026209,0.0007452831932229793,-0.0018895894351736186,-0.0,-0.0,-0.0026205148993816867,0.0,-0.002118086350974445,0.0,0.0,0.0,0.0,-0.0017112643831756087,-0.00033603411225697474,0.002304406125468232,0.0,-0.002834197555633791,0.0026398555561400337,0.00012599343974213227,0.000694997692474376,0.0005706483279080294,0.0009116843515858522,-0.0,-0.002488538832537665,-0.0013533899895762447,0.0017755065692593637,0.00013889377424612103,-0.0013601949784283133,0.0007600263846273035,-0.0031824275492424686,-0.0014617999204887464
1992-04,-0.0023395746741019354,0.0,0.0,0.0025491475596493914,0.0,0.0,0.0036120959896407162,-3.9481487279433034e-05,-0.001320462715999469,0.0,-0.0,0.0,0.001265432073679421,7.600554482482573e-05,0.0,0.0,-0.0004007293608802056,-0.0032150423471526725,0.004385185257125901,-0.001997572355038027,-0.0,-0.0,0.0,-0.002438245170304083,0.0,0.0,0.0,0.003651429364011429,0.00042568669882295007,0.002101156885851513,-0.0,0.0,5.8207764572205074e-05,0.0,-0.000788744916181076,0.0,0.0,0.0,0.0,0.0021235659984354077,0.0009870896088542162,0.004685621015784994,0.0,0.004532959822687411,0.0018670814667113215,-0.002503005888918762,-0.0006493108458854905,0.0018062493380007088,-0.0024438842506974375,-0.0,0.004346028805545204,0.003925303057140973,0.0022605038065299835,0.002089786950373517,0.002775130538365962,0.0018582048549344228,-0.0016096319042549032,-0.0034275651839765484
1992-05,0.0002530128056736252,0.0,0.0,0.00313694325686538,0.0,0.0,0.0028622645806623,0.002122835038309765,0.004397734291192757,0.0,0.0,0.0,0.0039650712566428,0.0027832116388029956,0.0,0.0,0.004069666856898196,0.0021417253226064296,-0.00024822565847026,-0.0013703989416822453,0.0,0.0,0.0,0.0023067810082584295,0.0,-0.0,0.0,0.0025825351612440454,-0.00409541537272027,1.933513619265831e-05,0.0,0.0,0.003803688494772819,0.0,0.003478803112750712,0.0,0.0,0.0,0.0,0.0018681565796957185,0.0007872708945227165,-0.002384227656102009,0.0,0.0004179949807744945,0.0002847821327233683,-0.00011736495156438773,0.00028168084299288104,-0.005193122347870743,0.0033059065572843705,-0.0,0.0020016176237802326,-0.004424883977295396,0.0008853351403261923,-0.004487592768957734,0.0015608903742680418,0.0015655989072846472,-0.0006145335478153079,0.0013979066278059801
1992-06,-0.0015996654289062008,0.0,0.0,0.004167175251293025,0.0,0.0,-0.0019512733256682481,-0.0019429076923803063,-0.0037619859585123453,0.0,-0.0,0.0,0.0038802300751260266,0.005326178415359239,-0.0,0.0,0.0014913057324690278,-0.0011399557664295732,0.004247084299375077,-0.0025483016818209528,-0.0,-0.0,0.0,-0.0004216344847286349,0.0,0.0,0.0,0.0020729022702292705,0.006361519951692545,-0.0011824070589782235,-0.0,0.0,0.0029493901239607246,0.0,0.0011909886132631952,0.0,0.0,0.0,0.0,-0.0005693684264481882,-0.002211089867798038,0.0023677639993727245,0.0,-0.006246735939881673,-0.0014565918853809573,-8.147422069906325e-05,0.0036380645556376,0.0015287305649923353,-0.000391819953243752,-0.0,0.0019826226083397174,-0.0015733274395847384,-0.0001366924728500784,0.0008432449285269855,-0.004799003250383482,-0.0006140237682510739,4.681008076738157e-05,-0.003195955844623031
1992-07,-0.0002002768961945011,0.0,0.0,0.001607752104499559,0.0,0.0,-0.002467398867693787,-0.004702540545246138,0.0017327870381963742,0.0,-0.0,0.0,0.004988945402830429,0.0035683015129771415,-0.0,0.0,-0.0010113091637724816,-0.0004683033616471163,0.0012409748458546868,0.004037029661231786,0.0,0.0,0.0,-0.008339330571785842,0.0,0.0,0.0,-0.000985375936874315,0.00473593591873348,0.0026780451479804734,-0.0,0.0,0.005973638433104121,0.0,0.005287544930493189,0.0,0.0,0.0,0.0,-0.005763509594643117,-0.0006007091623070295,-0.007966594607924258,0.0,-0.005731249536362469,-0.0031888539754512273,0.0019165298390104082,0.0012065274424899865,-0.006760596257660268,-0.0036607719764990233,0.0,7.63478881864278e-05,-0.0006463649878583955,-0.0018389995724830196,-0.006878623768513223,0.0022327429093820872,0.0004325753631628359,-0.005311588200582715,-0.0031208405593290975
1992-08,0.006604028432809811,0.0,0.0,0.0035954836302195497,0.0,0.0,-0.00088536981886532,-0.002802571479075151,0.005452607780099061,0.0,0.0,0.0,0.0031207375373304143,0.0055897757515061776,-0.0,0.0,0.0031280952983918846,-0.0013407346169547064,0.0038519950803881722,0.0075725020842281245,0.0,-0.0,0.0,0.0020685832944665945,0.0,-0.0,0.0,-0.0011132204396502832,0.006150548183197947,-0.0018393617751573796,-0.0,0.0,0.0017547250679114423,0.0,0.00039202905279518956,0.0,0.0,0.0,0.0,-0.0011259258963780487,-0.0009878478339744418,0.0008179816770335213,0.0,0.0005770320447931918,0.003906923940123664,0.0033517720113022706,-0.0010786972425335202,0.0026540896338149923,-0.0004272992239638102,0.0,0.0002444999254849555,-0.004672763185831246,0.0035814215283934683,0.0012410568669586211,0.00019890231795488927,-0.00039788444626283,0.0005274126367480573,-0.003488165988268801
1992-09,0.0006982121188400969,0.0,0.0,-0.009578041690928102,0.0,0.0,0.0031793643884546322,0.015270580376828578,0.0016476636177283504,0.0,0.0,0.0,0.003712462214659319,-0.00014266078148139256,0.0,0.0,0.0025628887505501296,-0.0006524839352276713,-0.0013022295453009182,-0.004102338516388168,-0.0,0.0,0.0,0.0029779777741042917,0.0,0.0,0.0,-0.001956386370346301,0.0016540668850167307,0.0007307454440836677,0.0,0.0,0.0028773939997036287,0.0,0.00166348998074011,0.0,0.0,0.0,0.0,0.00400421257787735,0.001002469536095579,0.0005216537422663574,0.0,-6.646679712605208e-05,-0.0009552145166728714,8.103848239805167e-05,-0.0026372818872034834,-0.0012390637214786593,0.001969891543851484,0.0,-0.0021367479877503794,0.0017171929470933625,0.000145628512988025,3.385830812027963e-05,0.0030844007661597894,-0.00043276807285301126,0.002620974207992725,0.0033555095109273373
1992-10,0.003254539951503525,0.0,0.0,-0.009932142669608556,0.0,0.0,0.002987323853649106,-0.0034018305282735727,0.0006556430069178526,0.0,0.0,-0.0,-0.004977846911080154,-0.007482637407544498,0.0,0.0,-0.0027143542411919965,-0.002444935863411698,-0.011026998142065975,0.003544205472350836,-0.0,0.0,0.0,-0.0007929863504216592,0.0,0.0,0.0,0.000239476461298462,-0.009796818128033511,-9.615107968362826e-05,0.0,-0.0,-0.004191327336082648,0.0,-0.0030805162647585442,0.0,0.0,0.0,0.0,-0.0006305617734873295,-0.00021682020492571762,0.0021065620293897,0.0,0.0028355468561313073,0.0021617433494703223,-0.0,-0.0015740261512080455,-0.0012998617999643175,0.0013358550051283358,-0.0,0.0007181103345465235,-0.002313101361821852,0.0019481815773813096,-0.0008380186717369902,0.00019051003600583434,0.0011998676273411327,0.000627061318532528,-0.0006404369994335033
1992-11,0.002800872050937619,0.0,0.0,0.0017980128933927685,0.0,0.0,-0.0012628914795561957,0.010499211150110623,-0.0058126127903407555,0.0,-0.0,-0.0,-0.0027855211036788264,-0.0025506042671660486,-0.0,0.0,-0.0010130751227896868,-0.002647140072371911,-0.0012542560425679952,0.005587423368129973,-0.0,0.0,0.0,0.0017988796002077732,0.0,-0.0,0.0,-0.0015777972180359638,-0.0037622337864899598,0.002410478026234922,-0.0,-0.0,-0.0011525599383597211,0.0,0.00046260432959711434,0.0,0.0,0.0,0.0,0.0031972860018251734,0.001462904099317192,-0.0017420311475776688,0.0,-0.004358840199367895,0.0014148903306677593,0.0005052489237189407,0.0019289516864004915,-0.0032474385061149282,0.0003492586211967532,-0.0,-0.00275780976934525,-0.0019745666665862568,0.002171260816639585,-0.001537452922861004,0.004418930427916602,0.0010159576430492031,-0.003000514049894999,0.0024368104746172446
1992-12,-0.002045422783047734,0.0,0.0,0.00010373127407768164,0.0,0.0,0.002807409311813356,-0.004126309026176787,-0.0007156504392662687,0.0,0.0013889406569669378,0.0,0.0028771459185988344,-0.001134634312443365,0.003341131780848264,0.0,-0.0002331642567900854,0.0048153397112629176,-0.002752976718022223,0.006172546484900582,0.0,0.0,0.0,-0.002245776764561298,0.0,0.0,0.0,0.0,-0.0016025079222182852,0.0010839826945718486,0.0,0.0,0.0036876459805259476,0.0,0.0032853911665484386,0.0,0.0,0.0,0.0,0.005854327591368413,-0.0001547298847676324,0.001289764708739367,0.0,0.0009173737897663226,0.0005868958084399006,0.001333167165312658,-0.0024268265811052602,8.445156467583392e-05,-0.00216420441840373,-0.0,-0.0001582529349636497,0.0017148802505698726,0.00265929350422163,-0.0007102661727089796,0.004657705157009592,0.000575716170784605,-0.002378924510415583,0.00035851419181056834
1993-01,0.0019596540091253037,0.0,0.0,0.00089836482647118,0.0,0.0,0.0009264785216833504,-0.001329498959000844,-0.000453364286208849,0.0,0.0009021691698350882,0.0,0.006289280531009763,0.0008476072678411966,0.00021617790998461117,0.0,8.077277328478358e-05,0.006213262334990921,0.011272410235962335,0.005908648522793578,-0.0,0.0,0.0,-0.002367004494695177,0.0,-0.0,0.0,-0.0004693295185566947,0.0009193447385448974,0.00010216345140682505,0.0,0.0,0.004722093247076675,0.0,0.0030148842830371165,0.0,0.0,0.0,0.0,0.002240104312434889,-0.0007126938147545742,0.0005027552478353686,0.0,-0.0006052646288001069,0.000854692049085573,0.000525473891219793,-0.0023220545488191993,0.00019439087150065936,0.0015996262130811955,0.0,0.0014654228758359806,0.002132595525287479,0.002241016712556932,3.2841478543535764e-05,0.0007861282148757694,0.000729233304066535,-0.003920185318261795,0.0008099619744005657
1993-02,-0.0034618454265358126,0.0,0.0,0.002518021219507528,0.0,0.0,0.00034122788428911566,-0.0039547914768607965,0.002659298948098382,0.0,0.0035369231553209544,0.0,0.003823148642514596,-0.0013856789944146609,0.0019527018559656422,0.0,0.00515475154903163,0.0009177371121072207,-0.001296543993466666,0.02025985900252169,0.0011466590283327079,-0.0,0.0,0.0021758833021216966,0.0,0.0,0.0,0.005062481712815645,-0.0019000743432761008,0.0008944328350691033,-0.0,0.0,0.004188722873147462,0.0,0.004253422576406659,0.0,0.0,0.0,0.0,-0.0019238802606316907,0.0010728339937071886,0.0006526837128773572,0.0,-0.00011026348155262719,0.0004060407677140045,0.0014945140718669663,0.0018866965366341499,-0.00014312163015788682,0.0015218005268999332,0.0,0.0008127518880350815,-0.003411391262182289,0.006628766050148193,-0.0006819021108954859,0.004973047297779468,0.0004241646562226696,0.002436447605571414,0.0023264975161185475
1993-03,-0.0022068541949800398,0.0,0.0,-0.003959047737053403,0.0,0.0,0.0006477742954201052,0.0010977035519868703,-0.0018497617252387361,0.0,-0.0003690109236754845,0.0,0.00022783712857318643,0.002035224456925127,0.0010008756903935937,0.0,0.0026849731372067666,-0.00511893686132098,0.0032119429047400287,0.0018562469230744207,5.970614493375535e-05,0.0,0.0,-0.0011588868440455635,0.0,-0.0,0.0,0.007275489368626183,0.0019365930882694156,0.0012782596656324124,-0.0,0.0,9.326674348634973e-05,0.0,-0.0001014437041274267,0.0,0.0,0.0,0.0,0.003899403696755969,-0.0003043683321619845,-0.002560711120784944,0.0,0.0005119164709470287,-0.0022614457375958784,-0.00504302297916353,-0.00013315224288554578,0.0006190097289549645,-0.002997838315680532,0.0,-0.00196362965632755,-0.0038108810662505497,0.0028642853258439805,-0.0009583421598846675,0.002465478661497138,-0.0002625067925882873,-0.002044446784097183,0.006712921673734289
1993-04,-0.00017835436757181162,0.0,0.0,-0.0027967360366965063,0.0,0.0,0.0004701518582953297,0.001595954272637958,0.0002770654811577344,0.0,-0.001430063837830797,0.0,0.0019789945003653693,0.0013986416950416904,-0.0025151911463293865,0.0,0.003367096842837031,-0.0002283987763161201,-0.001917289860649294,-0.005544090607245712,-0.001533443742536064,-0.0,0.0,0.002357594964120566,0.0,-0.0,-0.0,0.001269384618175225,0.0031121460253261705,-0.002137383468740568,-0.0,0.0,0.001208554509620557,0.0,0.0006741001398612769,0.0,0.0,0.0,0.0,0.003964822088990271,-6.205544225245832e-05,0.0008048739955234754,0.0,0.0007792420660910114,-0.004822782545135584,-0.008431471173039887,0.006929291545720121,0.0002217130533934532,0.0003600150789901245,0.0,0.00022969784057167062,0.004977999324502753,0.00015797576680036358,-0.0002036439486854174,0.000778582780358764,-0.00010225646795063056,0.0006285079711896023,-0.005186804588955983
1993-05,0.0034770092125326565,0.0,0.0,0.0003385995626694061,0.0,0.0,0.0017153818042808964,2.585965704278981e-05,0.0007674504546629547,0.0,-0.0010047950582185942,-0.0,-0.0014964170124079172,0.00024751703532395995,-6.557977679750211e-05,0.0,0.003380096398635827,-0.009583055496765042,0.00034855988350889925,-0.005115798874708966,0.0005057268541053938,0.0,0.0,0.001203430362473078,0.0,-0.0,0.0,-0.005930238927515031,0.0008889542347631898,0.0017533875456336374,0.0,-0.0,-0.0005122238319891054,0.0,0.0002434477526898259,0.0,0.0,0.0,0.0,0.001953737100870134,0.0010753490235927423,0.001810205146803575,0.0,0.00010747029162913885,0.005624905166924847,0.0026088813034830993,0.0027235471035762125,-0.0009165732310731451,-0.001979569992544546,-0.0,0.002541733805753082,0.001797748748191603,0.000714316733062205,0.002195579808779115,-0.0023381305474217957,0.0007814708417034167,-0.002162028629538432,-0.0006584990544344062
1993-06,0.003483063172048124,0.0,0.0,0.002960587860608834,0.0,0.0,0.001089477190116164,0.0010556597109364185,-0.0020802504201776614,0.0,0.0029016318469387474,0.0,0.0038414174412127852,-0.0051513468686791505,0.0049778469711352375,0.0,0.0002939348276790572,-0.0011379899516582778,0.0022170938666886252,-0.002991786035171783,0.0009798503612800532,0.0,0.0,-0.00016132230788104364,0.0,-0.0,0.0,-0.0021402903456105796,-0.004755664850237727,1.532851696188142e-05,-0.0,0.0,0.004341192952976778,0.0,0.005178286034465297,0.0,0.0,0.0,0.0,0.005838370358547627,0.00162513466922789,0.00042593922555247575,0.0,0.0026676776922684073,-0.00028095246378007034,-0.0008637586907037,-0.0037309753634517744,-0.006008560926243215,-0.004540161041324351,0.0,-0.0007649236615004293,-0.001821534146718035,-0.004286639554715157,-0.005871844151622823,0.002486209946144755,0.0016614986950737648,-0.001241700740662312,-0.0024833211678426826
1993-07,-0.005109013786171024,0.0,0.0,0.00024007796541373103,0.0,0.0,-0.0016654732875903432,0.0002368768258592003,-0.0025000499423186704,0.0,0.0007085229624077537,0.0,-0.0003263339041775653,0.0011232045897294242,0.0025120110574263,0.0,0.002209860877582592,-0.0013900565041635661,-0.007955981353390868,0.00219197822122023,0.0005123788115020177,-0.0,0.0,-0.003631556864745667,0.0,0.0,0.0,0.003459187016089603,0.00032740837117864555,-0.0004574255024713596,0.0,-0.0,-4.679123094781739e-05,0.0,0.0016963576934623844,0.0,0.0,0.0,0.0,0.0021754005015096516,0.0012297162280539356,-0.0015448196918468149,0.0,-0.00104293328385384,0.00716602700008867,0.01032777284077166,-0.0010895323427644438,-0.001440246997529062,0.007243994742650505,-0.0,-0.00016996518873798163,0.005427142390943968,-0.0004636770140962124,0.003382597561530122,0.0004416271932192134,0.0013931817085694,-0.0028929347989972566,0.00422633482047579
1993-08,0.0031799282811685505,0.0,0.0,-0.00048295720739820154,0.0,0.0,-0.004143890610645554,0.005104675852067859,0.003931957096055856,0.0,0.0038237485877226033,0.0,0.0037954814900530804,-0.0029357302296680017,0.005241757875223419,0.0,-4.038765882133216e-05,0.0011356505641620179,-0.0006238920208680392,0.0007543588443908637,0.0030224224370241433,0.0,0.0,0.002812489228085368,0.0,0.0,0.0,0.0009347331285190473,-0.002233933766525652,0.0023332169944105807,-0.0,0.0,0.0036628391845877715,0.0,0.004561915405470047,0.0,0.0,0.0,0.0,-0.006116932243734329,-0.000962278684074857,0.0010574577481732219,0.0,-2.6352007255834047e-05,-0.008120323338584624,-0.0055746791784735145,0.0015980987167371382,-8.713526555849183e-05,-0.004108367002443965,0.0,-0.0013781985173308747,-0.005672542397856105,0.0023603228919661574,-0.0025604546719844405,-7.185512603006848e-05,-2.7386987786352447e-05,0.0009938947341277453,0.0017143510637124058
1993-09,0.005453411796302482,0.0,0.0,-0.00040061543679675973,0.0,0.0,-0.0030695928241574566,0.001652861610806024,0.0015684922489150172,0.0,0.0012754628413805722,0.0,0.0006365090003544882,-0.0021300710633265604,-0.0008369355934026192,0.0,-0.001377432711344527,0.0008286977945117696,-0.0013503601392246256,0.0013366753574189192,-0.001446084641557543,0.0,0.0,0.00024113226848296535,0.0,-0.0,0.0,-0.0028582743899502033,-0.0027080490169792202,-0.0007652255857764364,-0.0,0.0,0.0008684081076717104,0.0,0.00013296270788392648,0.0,0.0,0.0,0.0,0.0003869590473235845,0.0007719462372321573,-0.0016573379018615946,0.0,-0.0013504740190390134,-0.004197166212427895,-0.0077175852340730005,0.006476731690715111,-0.00023081734168383002,-0.005658638613535126,-0.0,-0.0011459526060307004,-0.003868258483930974,-0.009388655561213028,-0.0036509197123573696,-0.0023501820007969685,-0.00013944841134286306,0.0005465646206173285,0.0005835676363644326
1993-10,-0.0044212101286000595,0.0,0.0,0.00045303776758254396,0.0,0.0,0.0009710993362071535,-0.0019798563832431836,-0.0010636293207329508,0.0,0.00246916368574553,-0.0,-0.00015402611100875707,0.001772337905809728,0.0008093683566141044,0.0,-0.0019670561168757834,-0.004147993499158273,0.0017751378470735018,0.0033691505516605068,0.0023538398989540136,0.0,0.0,0.0035743886081868906,0.0,-0.0,0.0,0.00041730321944671156,0.002648678455277331,0.0013677257382692404,0.0,-0.0002823160227739411,-0.00038038445193421124,0.0,0.00022030434483772933,0.0,0.0,0.0,0.0,0.0013008473657292387,0.002934526588393585,-0.0027829570500529782,0.0,-0.0009484866914145737,0.002386197306386118,0.002516409057475143,0.0009867636461270931,-0.0005069572736796717,-0.0001984616119152182,-0.0,0.001527567736860282,0.0015991430765919827,-0.017139438766034555,-0.0007502631523301332,-9.501065498622175e-05,0.0035407864248276537,0.0024274263138471543,0.0018401685166253773
1993-11,0.0014464160938435612,0.0,0.0,-0.00034332829155813457,0.0,0.0,0.0028530827088048285,0.0016404310699545672,0.0021379296236226013,0.0,-0.0006858046126932332,-0.0,-0.002173450520975865,0.0008810862297138773,0.0023018908659651555,0.0,-0.0005882250919118995,-0.002150162515719728,-0.0016202880510858238,0.0029077648659869516,0.0,-0.0,0.0,0.009411357249615405,0.0,-0.0,-0.0,-0.0006305233229194818,0.00017286745309032171,-0.0009695666237263251,0.0,-0.0009545235870492266,-0.002478097794553916,0.0,-0.003216250065791846,0.0,0.0,0.0,0.0,-0.0026072074153989013,0.005099367740916749,0.004083612400583613,0.0,-0.003439251894564305,6.16100347966897e-05,0.00045623431368090777,-0.0006441645892620816,0.005647582113657335,0.004086507582414295,-0.0,0.001009883199178247,-0.0008017210892027276,0.001940397947168405,0.0040044802858785426,-0.0025765727532227403,0.0035619671215532446,0.002912901549317616,-0.004624833520704383
1993-12,-0.003714253847611291,0.0,0.0,-0.00042254570668744394,0.0,0.0,-0.00357238562697214,-0.0018037086179857739,0.003940097165735838,0.0,0.0028496592544924385,0.0,0.0003609401721587373,0.0006468351504521052,0.004000474743902793,0.0,-0.0022507272619381674,-0.001561202320420265,0.0020973926313967543,0.0027401387200552086,0.0037529808068112263,0.0,0.0,0.0045003341693715705,0.0,-0.0,0.0,0.0009936456826175324,-0.00037586249474224123,0.0006184649473491876,0.0,0.00011070876571044656,0.00041279901346004985,0.0,0.000277613327514661,0.0,0.0,0.0,0.0,0.0009691547343280041,0.003704573466290493,0.0037818962020572957,0.0,0.00010547257086114204,0.003678058733893346,0.005520184096707634,-0.0044996130270719865,0.006464067259020225,5.493832516190857e-05,-0.0,-0.00032221395552936653,0.004014881128277127,0.0012744804066091707,0.0031436713700648583,0.001158145301759181,0.0035828321008362046,0.003954432024194917,-0.0011738217772830665
1994-01,0.0052295786136978975,0.0,0.0,0.0012900796797772182,0.0,0.0,-0.001608730986920302,0.0010457214600379894,0.006639365435420362,0.0,-0.001561580715702928,0.0,0.002179571751941871,-0.000311173525175936,-0.0009668311527552045,0.0,0.0024666224671873937,-0.000616738924023806,-0.00027023811566851297,-0.003992828522020794,0.0010062957138204473,0.0,0.0,-0.004110346626218369,0.0,0.0,0.0,-0.0004337918025998303,0.0013954125866938707,0.0022363997207217254,0.0,0.0015552840088247676,0.002086024233008038,0.0,0.0024998291431872492,0.0,0.0,0.0,0.0,0.0001859644262377366,-0.0020919641106563656,-0.0026642629952173713,0.0,-0.0009801664765536823,-0.0018035464007915404,0.00013460277800400957,-0.0018095105687677662,-0.0010564161640214465,-0.002435749194780366,0.0,0.0016925557459847177,-0.0015414941203785726,-0.0008863120033301912,-0.0022586326691348825,0.00011684310180095355,-0.0018654903864422391,-0.0008619150633270037,0.0044722416034364935
1994-02,0.0008450933871066228,0.0,0.0,-0.0006374133200029074,0.0,0.0,0.0005080373438451221,0.002481551013244821,0.0005344419912167971,0.0,-0.006866550869715443,-0.0,-0.004181284548283318,-0.0011158504915697775,-0.004937993128900087,0.0,0.0033488017690803742,4.118860259578469e-05,0.000991733634474209,0.0022952284420700193,-0.0027392963551148065,-0.0,0.0,-0.0015144770880588178,0.0,-0.0005623287169080859,-0.0,0.0019531032586680532,0.0013251843983320712,-0.002352483264798638,0.0,-0.0030195491626466265,-0.004089071374427898,0.0,-0.004493698681823723,0.0,0.0,0.0,0.0,0.003570892466415656,0.00032254294448513685,-0.0004615724573775158,0.0,0.0006267904409913675,-0.00019287474757767798,0.0016095173716803171,0.0002082240489818414,-6.04453256745303e-05,-0.0007058269074317063,-0.0021656003881038673,0.0012783293322751225,0.001564246833057102,-0.003442591285370349,-0.0008561826117573414,0.0007249303567818887,0.002234470552817391,-0.0022370138380638045,-0.002106327586467866
1994-03,-0.0020851312726142272,0.0,0.0,4.3756792518763755e-05,0.0,0.0,0.00025982219922083513,0.004210402373742162,-0.0005661124234715163,0.0,0.00021391157205614148,-0.0,-0.004921728088760907,0.0014378181846653973,-0.003975696880429719,0.0,0.0021123443642083587,-7.966330518793737e-05,0.002125623605904018,-0.0030188805757703665,-0.004341118940559902,-0.0,0.0,-0.0009041724416810413,0.0,-0.0013675412310955443,-0.0,0.00037973295046899667,0.0007376656825554769,-0.00323879719712231,-0.0,-0.002966842684550003,-0.005062599926725028,0.0,-0.004939318095464579,0.0,0.0,0.0,0.0,-7.232625984671901e-05,-0.0011807378122538196,-0.0032117260434950464,0.0,0.0006671201005662687,0.0016805446511613852,0.0028626230272422956,-5.556034258802635e-05,-0.00024039277179064926,8.021698123831545e-05,-0.0016008949713397036,0.002233906992825566,0.003908159961701932,4.0927755124121675e-05,-0.0001781455795592001,-0.0008014169959488525,-0.0006105996838738466,-0.0021412605890227545,-0.0035298078313491413
1994-04,0.0026602797285801777,0.0,0.0,0.0014059136172783462,0.0,0.0,-0.0012695564825926451,-0.0003433013703426392,0.0027875964797126154,0.0,-0.003257180723369686,0.0,0.0022759708603336372,0.0007529539622364042,-0.001729463448020704,0.0,0.0004931980532668726,-0.0007037474550590098,0.0019425465842474125,0.002475216141553416,0.001220539515117656,0.0,0.0,0.0049261632257764105,0.0,0.000482800954312315,-0.0,0.0013350463036305236,0.00043067514609499417,-0.0006358896423938037,0.0,0.0029652963957396057,0.0011927416822670228,0.0,-0.0017419550976712627,0.0,0.0,0.0,0.0,0.00046402870274561665,-0.0019963257177053853,-0.001099961645218447,0.0,0.002476011358806854,-0.002992705183272906,-0.00299877627405861,-0.0025094954446562316,0.00037719311519837423,-0.000878342420967984,-0.00016996744477235426,0.003598931985306932,-0.003217181952977138,-0.005493485471763977,-0.00038454096430920833,0.0037210489118522294,-0.006113520443643583,0.0003283912245892685,0.0014363703455410517
1994-05,0.0037966465330134974,0.0,0.0,0.0003461418414969426,0.0,0.0,0.007724750563277691,-0.00020441358242867058,0.00014873433713235624,0.0,-0.00467883447422983,0.0,0.0007248645906736701,-0.00033074671551217705,-0.005002913899246026,0.0,-0.003214660443583068,-0.0009298681377075814,0.012296724226874832,-0.002331076259610079,-0.0030495099141736406,-0.0,0.0,-9.956864418681909e-05,0.0,-0.0022193058277479587,-0.0,-0.000850065479288803,-0.00013708258252145123,0.0010388671893671758,0.0,0.0010837834586444853,0.0006284098212500954,0.0,0.0009451664206807277,0.0,0.0,0.0,0.0,-0.0006419045891676181,-0.002688228546115375,0.0011543515203283935,0.0,0.004814117775961246,0.0016855801978039972,0.0011100427190232002,0.006283884886236164,-0.0008790557208978722,0.003481716960983708,0.0021529351744583917,-0.0011776703583078977,0.0002500623789288136,-0.0008594393330159937,0.002231061504493123,0.008011822759606884,-0.005206372744147491,-0.0004621533574483588,0.003399128398855672
1994-06,-0.0015899164776680412,0.0,0.0,-0.0014299823208193518,0.0,0.0,-0.0028412704751820824,-0.00013043506850469907,-0.004557844777793565,0.0,0.0006921037440659087,-0.0,0.0008862009835840848,-0.0027498680298584355,0.00019468713424076865,0.0,0.006035995776167336,0.0035365147689462714,0.012915482470603215,-0.002720323646705866,-0.0008633600327292542,-0.0,0.0,-0.0006712868451317745,0.0,-0.0005562365251748935,-0.0,0.0009478890612819881,0.003393738507047313,-0.0022631376949465015,0.0,0.00018109165920583752,0.0010190161718603918,0.0,0.0013288490889122606,0.0,0.0,0.0,0.0,0.002067272759134927,-1.731916604274756e-05,-0.0048770196756805755,0.0,-0.0007440404775717255,-0.00047371593483888804,-0.001125078214059882,0.002065155932646178,-0.0031288483895354465,-0.003413795067159496,-0.0023134045980373833,0.0006502773317844421,0.00012163431045761617,-0.002363912348997283,-0.005063270319683478,0.0019191143945995377,-0.004298824677818401,-0.0016017102144915386,0.0007534199171172016
1994-07,0.002004047475292399,0.0,0.0,-0.0001542803911497753,0.0,0.0,0.004713986904423901,2.3791359191125417e-05,-3.92662871715563e-05,0.0,-0.003389748350678605,-0.0,-0.002390359171102988,7.044383587208547e-05,-0.0015428795925479242,0.0,-0.0019959816210451805,-0.00206009812896601,0.0011161143761960442,-0.000157624487902257,-0.0033319643052498386,-0.0,0.0,0.0010792616089916793,0.0,-9.35116208762899e-05,-0.0,0.0,-0.0004186263459374419,-0.0026644314105563793,-0.0,-0.002350713121478532,-0.0026722505082628057,0.0,-0.0034051107467102685,0.0,0.0,0.0,0.0,0.0029598191227543555,-0.0042218816186685194,-0.004475257391583702,0.0,-0.0027000907152461315,0.0008174302694224043,-0.0006038892920442957,0.0014482315872185682,-0.003823849778154437,0.004557501471527869,0.003306705430106287,0.0021177464954035747,0.002386821056131737,0.002096521889419808,0.00619035007753905,-0.00543526755409195,-0.0036546364450202773,0.0011317324981073254,-0.0010590998015439553
1994-08,0.0005801600187868341,0.0,0.0,-0.00018024359321678547,0.0,0.0,-0.0044066256449682,-0.002576545008460666,-0.001118114312468542,0.0,0.0037973196978439787,-0.0,4.758649930536835e-05,0.00022509761334926995,-0.00032883584682268335,0.0,-0.0001669647565890452,0.0013150936921582101,0.000301705965219144,0.00023099782393368743,0.002995849403747631,0.0,0.0,0.00536576230391988,0.0,-6.2990011176378775e-06,0.0,0.001349423733388024,0.00043708344312126484,0.0028438926052633084,0.0,-3.6290551195881906e-05,-8.759381539669984e-05,0.0,0.0010498542904314866,0.0,0.0,0.0,0.0,-1.3824170745844511e-05,0.005681871413450394,-0.00029463917767141466,0.0,0.0027016054019806113,-0.00029891132709714734,-0.0007058447957409284,0.0018704591918985312,0.002322782348897709,0.0012743236092608856,0.00393848150992655,-0.00319467516928456,-0.0014793210991434144,-0.00030307342850990795,-0.0007670965978850339,0.0010093204720257902,-0.005189471727845676,0.004446904380501982,0.003883587912573529
1994-09,-0.00047111170613777214,0.0,0.0,0.0017706156136534984,0.0,-0.0,-0.0008534687129951127,-0.0033859332937481116,-0.0006361513204815718,0.0,0.004280715280028821,0.0,0.0030983886742390453,0.0014660585733226015,0.0016976061969396223,0.0,0.0008220529383105981,0.00030716273520227047,-0.00018297802110925216,-0.0022882089920182582,-0.00400430304195046,-0.0,0.0,0.0026780666295770313,0.0,0.0016923250200712526,-0.0,0.0009656585127612216,0.002308177954302014,-0.002397810903952701,-0.0,0.0027211473474959636,0.0033396309863530506,0.0,0.0037635327750070685,0.0,0.0,0.0,0.0,-0.00040637198372048185,0.0019490463058409902,0.0015729258780987734,0.0,0.0013037815870631296,0.0012846871256567928,0.0009831755933799786,-0.0013598969258092333,-0.0007520170005932963,0.003436000492660308,0.0015027351480852815,-0.0024931235436339264,0.00035129408172903667,-0.0018647826848510664,0.003637076296605307,0.0016672264474117458,0.0013381901720533828,0.003131430356450279,0.002984463256946526
1994-10,0.0003186856819318462,0.0,0.0,0.0024358503030189296,0.0,-0.0,0.00015996710909613852,-0.0012951281369245325,0.0026918501819784067,0.0,-0.0006310262949253096,-0.0,0.0009373048461214103,0.0021980086587946607,-0.0007507551943687528,0.0,0.0020232429345202283,-0.002370775231782731,-0.0018502100133785165,-0.0016870430612081417,-0.0011703504921058944,-0.0,0.0,-0.0016924982303768397,0.0,-0.00038870412424275446,0.0,0.0011118708858697014,0.0016153708170413396,-0.0016946082285494563,0.0,0.0005843599753529289,0.0009535196678422916,0.0,0.0005441183312226296,0.0,0.0,0.0,0.0,0.0019852120113846277,-0.002433532695936387,-0.0,0.0,-0.002105782411686809,-0.0023277656758570876,-0.0025887282536689897,0.004131238801150796,0.0029207254652485037,0.00038082621685399154,-0.00016986292573295105,0.001093936148637236,-0.0004448330512557868,-0.00013538455959011906,-0.0006637788217304537,-0.0016501088130395029,-0.0005843651482664735,-0.002370946516199258,0.0012559614647949845
1994-11,0.0040599586467415525,0.0,0.0,-0.002803838536723796,0.0,0.0,-0.003107783166039125,0.002928653554876215,0.003115516971437415,0.0,-0.004215249536869862,0.0,0.0017200644841333442,-0.0031300377075683186,-0.002233155090854897,0.0,-0.002267741727435891,0.0017880947226122444,-0.0026740137660374755,0.00027605082784211757,0.0002625138242743589,0.0,0.0,-0.001044163310100686,0.0,-0.0015240961013257106,0.0,0.005291941806575808,-0.0037205609267428903,0.003413450067573213,0.0,0.0029361668711942704,0.0005437048794600568,0.0,-0.00032683715735220534,0.0,0.0,0.0,0.0,-0.0014413399366416256,0.0016367317126753525,0.0008220576005802641,0.0,0.0027432696486161564,-0.0007696978821125534,-0.0024232830403842017,0.00655377804936987,0.005913466842161182,0.0013809763423950467,0.0035765710375498853,0.0075771637907347126,-0.0017359701710408621,0.0007974444606652981,-0.0009414138764658555,0.0028119459661031013,-7.760143672618731e-05,-0.0015538790966574203,0.004156827620359272
1994-12,0.0011536497959540816,0.0,0.0,6.259220388361037e-05,0.0,0.0,-0.0014194390147341028,0.0030738676010584843,0.006099370334246861,0.0,0.0026308846721664722,0.0,-7.939882101277533e-05,0.0010092597069208218,0.0014194452397519506,0.0,-0.0010121596702013392,-0.0015072517968397327,0.0007769567026893751,0.0014818121917654161,0.0003503954863467797,-0.0,0.0,0.00016019867384409767,0.0,0.0009601621554679533,-0.0,0.001192171456823288,0.0008195380143463011,-0.0007826358183534418,0.0,0.0011235132725744845,-0.0005628793079960291,0.0,-0.001002824945511767,0.0,0.0,0.0,0.0,0.0012179919486923045,-0.0009190866948797323,-0.0017027988406037137,0.0,-0.001477128354717876,1.6652005459795538e-05,-0.000390718480761611,0.0021920821551786067,0.0029102173669765855,0.001888026013168457,-0.00016093115253583572,-0.002049988563732899,0.0016949675373920026,-0.0006208432472690123,0.0011856223168778923,-0.00602125808666026,-0.0006528164019078295,0.002000723514599648,-0.005753443816760717
1995-01,-0.0025282634977417235,0.0,0.0,0.0004917779256189077,0.0,0.0,0.002096600814225837,0.0009119060634362782,0.0015135837561239076,0.0,-0.0025055129365900365,-0.0,-0.0021819355409561166,0.0009774371554581065,-0.001055087904577312,0.0,-0.0003036985677047093,0.001951595429798155,-0.0012768471495174462,0.0007645971878130882,0.0016511708649299065,-0.0,0.0,-0.0025678995191636676,0.0,-0.0016872418087601354,0.0,-0.0025585465885642053,0.0010301166076593338,-0.002241415689417637,0.0,-0.0037967541164769165,-0.0021895404965445934,0.0,-0.0021980271762556637,0.0,0.0,0.0,0.0,-0.0004023249879543006,0.002969121182442125,0.0003164323940290572,0.0,0.0018682822929127526,0.0019306620080945334,0.0018902290598324077,-0.0007373122218333509,-0.0027087679183287433,0.0002016108596352362,0.004253710317856808,-0.0,-0.0006512990647449896,-0.0005145933747634333,0.0013432635849085085,-0.001350146605919629,0.001393042867991915,-0.0032654975179586525,-0.0003115635146154096
1995-02,-0.002530507853800736,0.0,0.0,0.00018340376747952064,0.0,0.0,0.0008305421168498701,-0.0021547895867509827,0.0053250290172254374,0.0,-0.0011623105794918804,-0.0,-0.003634143387339613,0.0031494528264403385,0.00013823250289398247,0.0,0.0026023590124609627,0.001553998673960571,0.0022845807956827584,0.0004647373012205778,-0.0002965035970684793,-0.0,0.0,-0.0025194695365148515,0.0,0.003099401828504998,-0.0,0.0011323972126659541,0.0024858228390548034,-0.003412850564746287,0.0,-0.004013268258805113,-0.0034293581235334968,0.0,-0.0023771892321842853,0.0,0.0,0.0,0.0,-0.0013667423140772959,0.0002206987681218742,-0.0009978134367083242,0.0,0.002014862001543841,-0.00011662637388409699,0.0011152094115095261,-0.001637809697716223,0.0013974221219244787,0.0008820929743224554,-0.0015193835166654969,-0.00043626738713526363,-0.0005192827394905484,0.001095209132164971,-0.0006403673507990452,-0.00013808742348428636,0.0005363809333594011,0.002950528834597688,-0.0001116795491750109
1995-03,-0.00033284085936030074,0.0,0.0,0.0014935281072837275,0.0,-0.0,-0.0028934699953766826,0.0005020298611255322,-0.0016984325747160848,0.0,-0.0022554320457239723,-0.0,-8.086730984583257e-05,0.004668272392429591,-0.0007903315041589722,0.0,0.010885613676668859,-0.0011032912663766486,-0.0014264279822846435,0.0024463176008645603,-0.00237489715639345,-0.0009079011312080322,0.0,-0.00015834858908333183,0.0,0.002072321459483974,-0.0,-0.00035374584768934356,0.006100137682185961,0.002449298373918847,0.0,-0.00029584132367272624,-8.082365596644956e-05,0.0,-0.0004518994219751674,0.0,0.0,0.0,0.0,0.0054142290532724685,-0.0006250864969667516,-0.001647779957443825,0.0,0.008061796664555995,-0.002556522680921195,-0.005530927573660061,0.0026739399194745423,-0.0014619317772139922,-0.0033914354265024175,-0.0017270008683589074,-0.0021827599418201026,0.003645733442036132,-0.0004551778755868016,-0.0008839076358887852,0.008638930517062356,0.0014179153910018995,0.0005275218305889397,0.003331457457204873
1995-04,-0.0008629694602352967,0.0,0.0,-0.0003695523078874248,0.0,0.0,0.0017474824007611104,0.0051111030252430295,0.0064034159816844195,0.0,-0.0020932274454112066,0.0,-0.0015200608096175834,-0.0007139954503251445,-0.0005562504256170979,0.0,0.002278354098157209,0.0011625963068753033,0.0005511491292921839,0.0008645568361205024,0.0011035310745681963,0.001496795151317115,0.0,0.0015296098635669377,0.0,-0.0017101767694649242,0.0,-0.003628556335505652,-0.0009060902417081451,0.0024726809411206507,0.0,-0.0017833650941429607,0.0019351485619044705,0.0,0.0014688878141396779,0.0,0.0,0.0,0.0,-0.0031317466589546247,0.00513018653989994,0.00030962831459873714,0.0,-0.004293512924788404,0.0010849410278822003,-0.002820152668926171,-0.002490784240750792,0.0008050422926261377,0.0017146558117474293,0.0012806586059820998,-0.001179504706812232,-1.1737295235978253e-05,-0.0013506746920087605,0.0005391624025546806,-0.0014484004803279435,0.002664533906384231,-0.0018365908234745706,0.0005462373603022387
1995-05,-0.0014326548890890671,0.0,0.0,-0.0007928776287347982,0.0,0.0,-0.0010563206004852508,-0.0012786981945933388,0.0016027645672592136,0.0,0.004128805174886091,0.0,0.0061135017551724215,-0.0015655233023077367,-0.0034171092379546067,0.0,-0.0005992246052233056,-0.0010103353655161673,-0.0018461643743716539,0.0016849504224285626,0.0017511055043251866,0.0016660176978952415,0.0,0.002871574567882371,0.0,0.002430544434734193,0.0,0.0004261110255904112,-0.001457297891931001,0.0032920080279051915,0.0,0.005470196128345449,0.006746924905158572,0.0,0.00786027513273951,0.0,0.0,0.0,0.0,-0.0011270500403810048,-0.001109635450564952,-0.002076990167135625,0.0,0.003198434490436288,0.0007382789907057115,-0.0027250589948886734,0.0012356319975397167,-5.6102547799321935e-05,-0.0009477700010954964,0.00012215497742591017,0.0053044015351827985,-0.0012331197177593862,-0.003050519331479293,-6.93188710875615e-05,0.002088419425064325,-0.002600716239556379,0.003203716694343492,-0.0016678081725378113
1995-06,0.0009710491864500155,0.0,0.0,0.00013393442024514025,0.0,-0.0,0.0025253190737856723,9.104568592211229e-05,0.004354955432365068,0.0,-0.0031949826841089733,0.0,0.0002726900286823917,0.0015463564633085404,-0.003581554979766441,0.0,-0.0007032841420323558,0.0019219106660579815,-0.002471332111808851,-0.0011440960542832021,-0.00046877437392211976,0.0033752268797483187,0.0,0.0105701542115272,0.0,0.002264448927418419,0.0,0.00027462997665182227,0.0008164643659459723,0.0017753930142797624,-0.0,0.0004133294486067439,0.0004573284726820563,0.0,0.0008381480798597468,0.0,0.0,0.0,0.0,-0.00040763848798008493,-0.0018220451931606357,-0.0011204979576592351,0.0,-0.0015524884736735113,0.00035841023917341716,0.0018687801861687675,0.0026114435686561675,0.00022394000992423575,-0.0005160618514927506,0.0025366073374250915,-0.0031563091440498245,0.0001772520455920729,-0.0009388037806174547,-0.00021292065497111954,-0.003539853684303467,-0.0026867774820923513,0.008941242289797193,-0.002419000815812394
1995-07,-0.004387595573726455,0.0,0.0,0.00025097238078482893,0.0,-0.0,0.001264296145504283,0.0006862968763405498,-0.004939921024600036,0.0,0.0026323357160121796,-0.0,-0.0011506041393094769,-0.0001527422101669595,0.0017154788900445184,0.0,-0.003679550624038478,-0.0009219508684793633,-0.0019452640977957983,0.002063973264326339,0.002472674037177367,0.0035840375697506603,0.0,0.0008172249602683145,0.0,-0.004876454800053757,0.0,-0.0008379124788585021,-0.00012056474577481887,0.002997328229836983,0.0,-0.0006952939653783204,-0.001550264508368223,0.0,-0.002173626985678875,0.0,0.0,0.0,0.0,-0.0016854517063991693,0.0005596962943013586,-0.0006753634675875622,0.0,-0.0004978734956901171,0.0006498754460529095,7.941559894143204e-05,-0.0004332073898868327,0.001413499152319885,-0.00229062872526117,-0.0007102837441179723,0.006779733586811782,-0.0017769329073968395,0.0001645788168307207,-0.00169069110725187,0.0009922988258342252,-0.0007551987187965311,0.00198220843302392,-0.0014821777090283077
1995-08,0.001985919634784543,0.0,0.0,-0.001854641246277984,0.0,0.0,-0.0017250929681223437,0.003065552436488881,0.004443433003766227,0.0,0.0011036836798719867,0.0,0.0008389416561096198,-0.004310178655172813,0.00099066049265297,0.0,-0.00788065154105877,3.3770742709224747e-06,-0.00042562719276537255,-0.0020365690693860115,-3.262214899184662e-05,0.0014763992964772772,0.0,-0.0017156374869934973,0.0,-0.0029525013287411157,0.0,0.0010604064799018887,-0.0030633830261075265,-5.6431813214491354e-05,0.0,0.0006140630462008421,0.0014082155224265822,0.0,0.0019069072275511724,0.0,0.0,0.0,0.0,0.0017745941167419252,-0.001077454851672754,0.00276686891689333,0.0,0.003155872371914015,0.0002629256735671205,-0.0016940995428522188,0.0001357615871217408,-0.00046720214163182286,0.0003529445809706089,-0.0010550512141535005,6.163367894485618e-05,-0.000981143087856896,-0.0012599081220874301,-0.000667728902729168,-0.0026355371301983164,-0.0011840707104386044,-0.0017195377666885216,-0.00040573547605206247
1995-09,0.0008548968948078408,0.0,0.0,0.001248764470852659,0.0,0.0,0.0010307911342918204,0.00026213808111852393,0.0026348379136516887,0.0,0.0012627914515360359,-0.0,0.0006264589026430637,0.0018544834216063554,-0.00028674212846762617,0.0,-0.0021620091981004686,0.0001724655634121469,0.0036633556045491083,0.0013945964655494717,0.0005955210375521609,0.0018787032532220174,-0.0,0.0024701345967049434,0.0,0.00013544035952757705,0.0,0.0012791010171637894,0.0024630757059468022,0.0039170683584801285,0.0,0.0002949024145547302,0.0009996505543566627,0.0,0.0015102806700574285,0.0,0.0,0.0,0.0,0.0003952053587165038,0.00042319686463889556,0.0037940485270935706,0.0,-0.0008656368647058688,7.12833338718342e-05,-0.000579790766774847,-9.703273444134702e-05,0.0009056094120190426,-0.002296210127222221,0.0014003955121577266,0.0019279053579838302,-0.0004148366739390575,0.004669018943889215,-0.002230302061774856,-0.001280063662609692,0.00010657195455864794,0.00315450391377946,0.0017220453303962457
1995-10,0.000662486814978305,0.0,0.0,5.644547627522424e-05,0.0,0.0,-0.00041101034508026434,0.0,-0.002032974828941376,0.0,0.002228981605424904,0.0,0.0015996602437906254,0.000944155348451698,0.001299350450116652,0.0,0.0017782907592591463,-0.0016757822252760782,-0.0005131410431935999,0.0013422035086176937,8.398485055787377e-05,-0.0030878678922609784,-0.0,0.00088152130372802,0.0,0.0006919675408563991,-0.0,0.001214640889482,0.0009706514572592206,-0.000790380834040366,-0.0,0.0015616168813975158,0.0016441947079467525,0.0,0.002480505286247351,0.0,0.0,0.0,0.0,0.0018013331431376962,-0.0005281777936837936,0.004035079671034636,0.0,0.00016820262474833794,0.00038491961234101525,0.000734870746299481,-0.0021439275987268345,-0.0004708343112235096,0.0035565682309032912,0.00010581006003517174,0.004525503925206687,0.001763865886385931,-0.0023349969851033116,0.002816207850940534,0.0016299587867356143,0.000872158209489596,0.0005481779884352099,-0.002496751191714115
1995-11,-0.0021727925293017493,0.0,0.0,0.0032378372793575726,0.0,0.0,0.0008015206763134055,-0.0016993834566202753,0.0006785481041273444,0.0,0.0034435593400942064,0.0,0.0020450319878559534,-0.002228651069549331,0.002865364671646214,0.0,0.0002933913274316485,-0.0016094914189868769,0.0016218525355890195,-0.00030947466170230245,0.002126517250290634,0.0034230143120184417,-0.0,-0.0013253292491409731,0.0,-0.002241516644419885,0.0,0.0012830452835408753,-0.0025944806696893445,0.004149205775320088,0.0,0.0016608210761011788,0.0022279607282815524,0.0,0.002117293074408582,0.0,0.0,0.0,0.0,0.001731082903114959,0.0024867422870493644,-0.00029031239344948294,0.0,0.00022175933141480858,-0.0004923849903890938,0.000966875247913923,0.0016420046622712043,-0.0027560661825159908,0.0010741198114162871,-0.0011896622784324392,0.004007457113268757,-0.00032573439542284084,-0.0004046428670421357,0.0001669584639204892,-0.0006076640687858037,0.0017508396664998999,0.00017297787765015952,0.0015247942367009003
1995-12,-4.096214858681444e-05,0.0,0.0,-0.0014775268081020072,0.0,0.0,0.0011282172097596059,-0.0005717024875087858,-0.001686217710608669,0.0,0.0018132758809818956,0.0,0.0012438994702061873,0.0005239385997184089,0.001108348119878355,0.0,0.0011051734569321433,-0.0018808811030160738,0.0013158916041928139,0.00013175389134187227,0.00017705157666388576,-0.0013754483979732646,0.0,0.001096618730972544,0.0,-0.002239684641336458,0.0,0.001905313971150045,0.001184938437583614,0.0008793740926987564,0.0,0.0010920179898153332,0.001483530296093467,0.0,0.002007233691779417,0.0,0.0,0.0,0.0,0.0010603224734260027,0.004053243727491068,0.0052727105910129295,0.0,0.006572538441540705,8.52887820538306e-05,-0.0003555170667666095,-0.0009457679666832528,-5.2806672814003786e-05,0.005436611248368863,-0.007119648975871541,0.005265493223931017,-0.0016784913333316592,-0.0005008958430432704,0.004397335070596417,-0.0010929318113676958,0.0037167621461794663,0.0016360327802773873,0.00023112465934515414
1996-01,-0.0004948866831563737,0.0,0.0,0.0025184618942982596,0.0,0.0,0.00037863537955796177,-0.0011145702642440726,0.0018712484459021258,0.0,0.0014073718008279642,0.0,0.0007000007201934688,-0.0028215220589054048,-0.00033120569435717457,0.0,0.002253831694955264,-0.0011423008625828356,-0.004914516508060891,-0.0006152724763508434,0.0009291638257444369,0.0013419941241099597,0.0,0.00055600493161325,0.0,0.0014271977436384965,-0.0,0.001624882329176208,-0.003442836175263837,0.003220527738899885,0.0,0.0014471382062663666,0.00029412603319554166,0.0,-0.0004456842173008759,0.0,0.0,0.0,0.0,-0.00023588930802371694,-0.002504488306029862,-3.767706085971865e-05,0.0,0.0023678232109020313,-0.003188191849318322,0.002177782998531172,-0.0017249398377467665,0.001665146125242427,-0.00031743094923516275,0.0010584832492153888,-0.003300506742856839,-0.002960363724936187,-0.0006880997725852545,-0.0005243641969343074,0.0026193209469666775,-0.0027720443100456775,0.0006645961627894136,-0.0018920612896769114
1996-02,0.002828158678817064,0.0,0.0,-0.0013011313565264783,0.0,-0.0,-4.2656104809722e-05,0.00018426302901868773,-0.0012897638460494373,0.0,-0.004884667738745949,-0.0,-0.0035707660964442757,0.0007162202495237433,-0.003289336758646385,0.0,-0.0007605334939050634,0.0001521792871237075,0.0012703569970952601,0.0014921048416481726,-0.0006450724440785215,0.0020601496693521703,-0.0,0.0018202040876014256,0.0,-0.0015784263376158274,0.0,0.0009799956068317077,0.0005151406978008239,5.049693821173734e-05,-0.0,-0.0035669035498996212,-0.004108835548032173,0.0,-0.005196121148197638,0.0,0.0,0.0,0.0,-0.0021124800181818604,0.0036163024372025884,0.002599219038849449,0.0,-0.0010843133958216961,-0.0013126463649754698,-0.0005437742629867616,-0.0007114623156780911,0.0010132576550681634,-0.000345670515111462,-0.001146522358641136,0.001001343182006631,-0.0011527143976551467,0.0009746410557226412,-0.00040545311493260093,-7.214150499923885e-05,0.004743225334161203,-4.2536893976783436e-05,0.0032629674392821704
1996-03,0.0028364039539389703,0.0,0.0,0.00022146799928154446,0.0,-0.0,-0.0009049955793388724,0.0018287389883467656,0.00014568096049795784,0.0,-0.00010786732222434142,-0.0,-0.0023828155468166613,0.0003092790660765683,-0.0009653536734616731,0.0,0.0013053537869743132,0.0004749017829133326,5.960916974766846e-05,-0.0007555321563448016,-0.00017807290339712505,0.0011122683853556216,0.0,0.0004178684694626275,0.0,0.0024947695380695737,0.0016381243186323585,0.0005971908489775716,0.0003593523900174866,0.001096839202297456,-0.0,-0.0024941033949531966,-0.0022152151643453537,0.0,-0.002430194583757967,0.0,0.0,0.0,0.0,-0.0006218750257978479,0.0034256091445469795,0.0027456686939907157,0.0,0.0014802805320216625,-0.0010088527663999398,-2.829371285551088e-05,0.00039079889722510626,-0.0019955356520675637,0.00015790986362242105,0.0016476079299344406,0.001077302930213154,-0.0010468095263004586,0.00039369260262867007,0.0005108803708497696,0.0014351060574815417,0.005196400785337301,-0.00021677571312365764,0.0015984880448467536
1996-04,0.0006764499582527733,0.0,0.0,0.0012732556647009796,0.0,-0.0,-0.0011859810645338733,-0.0003874630692621248,8.591057133445728e-05,0.0,0.001245719678295585,-0.0,-0.001662048183351811,0.0030075531511941844,0.0012817105917128139,0.0,-0.0009745648047123329,0.0012055244113236246,-0.001157841338487795,-0.003195073733378075,0.0018097542249555286,0.0019476665225016377,0.0,0.00768702222321583,0.0,0.0010013552592160247,0.0035795612538770715,-0.002826657557771456,0.003231060641832255,0.0005761946549076153,0.0,-0.0015252905967396047,-0.0016606151223292232,0.0,-0.0019423422552445147,0.0,0.0,0.0,0.0,0.0027683151775265745,0.004762273663590543,0.008341518444525891,0.0,0.0029093056836030817,0.0008801566343765643,0.0013777647191266658,-0.0016445493158040178,-0.0028655886557487032,0.0007242835142205842,-0.0007543984161727625,0.004001976270639538,0.0007715823725083806,0.0005782637848961151,0.003002066022139432,0.00490027880672973,0.002824018496559278,0.00954665290266759,0.003486271832382798
1996-05,0.0017058969763773053,0.0,0.0,-0.0031730522914400873,0.0,0.0,-0.00017023821097491773,-0.0010163084201587939,-0.0021695342001428887,0.0,-0.001102868001508467,-0.0,-0.001350370608041503,-0.00026460723938232417,-0.0004240689293968739,0.0,0.001961315037353403,-0.001986886098769338,0.0010268616319225048,-0.0014038668234752098,-0.0013111278694737099,0.000572767453997147,0.0,-0.0013172458446950956,0.0,-0.00025197657129738093,0.0024586228719227867,0.0026909396186084963,0.0004652527538549124,0.001830566087644574,-0.0,-0.0012173068701574938,-0.0012258041809093485,0.0,-0.0008499726195983235,0.0,0.0,0.0,0.0,-0.00021382962413044764,-0.004352473919264281,0.002681195449609805,0.0,-0.005281074365970729,0.0003515122186693638,-0.00033674849577789237,-0.0014135954673300249,-0.0014231392363923422,-0.0010274205594288921,0.0011563043483165218,-0.007062550247031048,2.5813866655038483e-05,0.0004051854765336488,-0.0005279479860547065,-0.004002009166816404,-0.0009450870574373385,-0.00284566769621926,0.001599042228999147
1996-06,-0.0014187191141675879,0.0,0.0,-0.0001859331765584644,0.0,0.0,0.00012386748371402023,0.0005579822441520164,-0.0029721998492421267,0.0,0.0005425729004480655,-0.0,-0.0017284794905878455,0.00010517358821925136,0.00166191964676144,0.0,0.001027792319724659,-0.00027514931727624074,-0.0008970301230269934,-0.002549220622376424,-0.0006199497643298654,-0.001690356564271386,0.0,-0.0014484777986150897,-0.0,0.0009523564697527241,-0.004004373922717404,0.0019178702322753256,0.0003369989286993445,0.0006147371256260044,0.0,-0.001477398679227954,-0.0017658183103402326,0.0,-0.0015965280801892535,0.0,0.0,0.0,0.0,-0.00028163793244075346,0.001741321379691367,0.0006180183049545199,0.0,-0.0021850823412707383,0.0022863806868052947,0.002316369936254385,-0.007564055061858562,0.0019615628990062605,-0.00010086184238510409,0.0034077430026917877,0.0025942994636147655,0.001636425061650591,-8.064752505695297e-05,-0.0021500906580955124,-0.0011926863260209623,0.003519473818120817,-0.0037527246251962735,-0.002799615150226318
1996-07,-0.0015160702902698745,0.0,0.0,-0.00022229390685008177,0.0,0.0,0.001159095048412482,-0.0013408936453341775,-0.00047888437322915196,0.0,0.002038700404189878,0.0,0.0005828573636260702,-0.0025850216322848025,0.0002848889159733782,0.0,-0.0013843243921836728,-0.0007615916464147754,-0.0017793015184830933,-0.0023589516505300038,0.00011109644112412671,-0.0057248118277459445,0.0,-0.0030373544213090475,-0.0,-0.0033350772918694666,-0.007132404833640441,0.001988270806140707,-0.0028890521385778406,-0.005379624667268531,-0.0,0.0004575231076408109,0.0004660038749565202,0.0,0.00032806735123541204,0.0,0.0,0.0,0.0,0.00042480554412171665,0.0007246031927162269,-0.005211308053862527,0.0,-0.0017978759328900256,-0.0011359031711421436,-0.0006207640888446974,-0.0010851549847972503,0.001512774461759071,-0.00017856031694141983,-0.004782750393602238,-0.0038493018823841335,-0.0018707933324060824,0.0012130123480635253,-0.0008462504487313255,0.00028313636699760263,0.00029845676915665276,-0.003278726317709952,0.006143647830335976
1996-08,0.002368106251694969,0.0,0.0,-0.0005661256568435274,0.0,0.0,0.0005106020796691072,-0.0006564452796058503,-0.0010761140014564896,0.0,0.00015768762001876622,0.0,0.0013113649659620748,0.0006316556194012557,0.00010302318771054914,0.0,0.0015475658062259119,0.0004712750082526514,-0.0029843966450426736,0.004343117840956119,0.002816564192323357,0.004158034664738637,0.0,-0.0006631869440081276,0.0,-0.0007837543458303375,-0.003168543504075931,0.0003103506946469191,0.00041853043413378303,0.0013597752368578212,0.0,0.0008428827148610755,0.0012820259088229151,0.0,0.0015542868794764702,0.0,0.0,0.0,0.0,0.002270656182171252,0.0019358263585317324,0.0022585506633096015,0.0,-0.0016119844006710672,0.00033802760246074765,-0.00013297927689971033,-0.0014378890096012002,-0.0008921924394700156,0.006782232687574381,-0.002316588289804327,-0.0006833618026104032,0.001137979335273628,-0.0006881296744628947,0.005676339919532663,-0.003193075709151115,0.0038828821840958404,0.0006894004878715521,-0.000820546632415406
1996-09,0.00028067212831368166,0.0,0.0,0.0002362287450546239,0.0,0.0,-0.0005488897487077011,-0.0006099447281509478,0.00043565779585161437,0.0,0.003658897924155007,-0.0,-0.0022655288278518025,0.002482242782233505,0.0019285083105403012,0.0,0.0015363834395395602,0.0003291128579620045,-0.00184148586103765,-0.002452251998802654,0.0013044207411889526,0.003351177120810292,0.0,-0.00149632991905525,0.0,0.002185226771949188,0.002088025766645159,-0.003275927256109545,0.0029389810945416677,0.005011763112277944,-0.0,-0.0020309476067206142,-0.002168672284919448,0.0,-0.0019353846496108695,0.0,0.0,0.0,0.0,0.002371071286916971,0.0010913417924982758,-0.005997614100804065,0.0,-0.00272013857102541,0.0024252538867931155,0.0022238871684288597,0.0020129967573888153,0.002751620975749581,-0.0010063513459213163,0.001004098974170521,-0.004010200420311946,0.0020498762628058656,-0.0009458915466489812,-0.002786832735147112,0.0011677373236711136,0.004179716736559371,-0.001306800291407493,0.003445580152955955
1996-10,0.0002568215498052418,0.0,0.0,-0.004989020083034042,0.0,0.0,0.0005233667153988594,-0.0029294110439982857,0.001509007475437901,0.0,0.0013867360433619308,-0.0,-0.0028586580573709192,-0.00017549156759427137,0.000599004834292282,0.0,0.0016072475840694322,-0.0015984303859593648,0.001756552170410313,0.005751984151218621,0.0002469207608036179,3.4149070503328634e-05,-0.0,-0.002359376268665087,0.0,-0.0016028396813914602,-0.0009342587059691829,-0.0022094907204549593,0.0009739099513903799,0.0025653615411079292,-0.0,-0.0028078164042325475,-0.0028620945722573573,0.0,-0.0030217001099353403,0.0,0.0,0.0,0.0,0.0010940454239182858,0.0016453900729590024,-0.0038666973294537135,0.0,-0.0005845926484371777,0.00034632795142805234,0.0004798266275573668,-0.0004615497290857802,0.0024789780892838145,-0.006595748194278239,0.002118935748973548,-0.0011491563227183353,0.00040548498801017287,-0.0003843150041601587,-0.006986838485684448,-0.0011638153373571593,-0.0009647176536240185,0.0050976420460554376,-0.0018327484159765932
1996-11,0.0032512653529351205,0.0,0.0,0.0041032143590958615,0.0,0.0,-0.00039898811512477513,-0.001870037895822077,-0.000980562091533912,0.0,0.004541793584164771,0.0,-0.0022285795004250626,0.0011599838948925631,0.0021621434783680063,0.0,0.00013276552160756253,0.0009404075320329463,0.0005086624115349147,0.0004407453860215106,0.0010418373149732824,0.004165693471873051,0.0,-0.001451775422325574,0.0,0.000873258710531312,0.0025345436999940105,0.0013920682845875504,0.0018855868304393484,0.0066515269897210365,-0.0,0.0014388930573413635,-0.002458031078357225,0.0,-0.002634963492907356,0.0,0.0,0.0,0.0,0.0005557687363958355,0.0015734821803659606,0.0006426965269992238,0.0,0.000965437802770067,0.001515874703391317,0.000660849050333721,-0.007106139714168262,-0.0006386667163914722,0.004196202771558232,0.0047734778140799804,0.001169842119631637,0.0006536175712794071,0.0014970142713892688,-0.003239082169690455,-0.00017036719624748258,0.0008278707709918604,-0.00204738488486098,0.003422440782379717
1996-12,-0.002559645903089789,0.0,0.0,0.0024883864070008037,0.0,-0.0,0.0009112653870193835,-0.0030745695376671375,0.00036929379952225464,0.0,-0.0012257978971687135,-0.0,0.0028073464604123095,0.00016011799889920148,-0.0010361321739148731,0.0,0.0013051070371447337,0.006887933659707101,0.0012553156935304988,0.001776312255014192,0.0005871629937533776,-0.0007693360311791902,0.0,-0.00028520677378125964,-0.0,-0.002795434272791417,0.0005135023944272115,0.0012873473399502458,0.0018586758081788357,-0.0025117747457591216,0.0,0.0021699521459658077,0.002907895095541604,0.0,0.002555981316645927,0.0,0.0,0.0,0.0,-0.002904424075539468,0.0033941745426630007,-0.0015857044814232076,0.0,0.0016898935717516144,0.0014875178541677444,-3.7634546675095524e-05,-0.0014520564023879979,0.0008162654981736949,-0.0008439568496955065,-0.0017923642541474787,0.0012720660911704,0.0011148438423702327,0.0012396254390557777,-0.0015537295952143355,-0.0010587786501719918,0.003571617054934593,-0.00030684929313288135,0.00040350672216240104
1997-01,-0.0041467537978641935,0.0,0.0,-0.008112225037124037,0.0,-0.0,0.001356932965320292,-0.002828854445189999,7.936685654183957e-05,0.0,0.0012743119147495023,-0.0,0.00018552002432465164,0.004926511971841319,0.0008651987878120028,0.0,0.0028429619968131613,-0.002649221913934403,0.0029847439814422922,-0.0003143774360644984,0.002074684663917734,0.002845793800791407,0.0,-1.9555917243336886e-05,0.0,0.0018944112053531372,0.0013315903174926289,-0.002035447888202534,0.0038525976615022294,0.005066899152959785,0.0,-8.63718574903204e-05,0.0004078623748600448,0.0,0.0009169397342590926,0.0,0.0,0.0,0.0,-0.001035203109837763,-0.0016354647729372566,-0.0016761949166663145,0.0,0.0014192115288040822,0.007197912962308491,-0.0010391734682222732,-0.0011774650096002873,-0.0011625622030480049,0.00434463739816517,-0.00028622584672081475,-0.0010694899676717234,0.003870615810841866,0.003142620683251633,-0.003671752895755971,0.0004571031506761807,-0.0016099345270326033,0.0017272678269009286,-0.0016819225455867964
1997-02,0.002202436136674863,0.0,0.0,0.0021812616994013882,0.0,0.0,0.0014312559924609689,-0.0030961167424188294,0.00044454167726537856,0.0,0.002015972556697766,0.0,0.0008620691320174047,0.002369236673891942,0.0011308381569359166,0.0,-0.0004304743970217717,0.003664121362616507,0.00470599350029953,-0.0014598874217808975,0.00032227970261250715,-0.0012154032406040166,0.0,-0.0021921902781150506,-0.0,-0.0003290387077473437,-0.0018208857789327822,0.002286432251579707,0.0023502702972548963,0.0003222420267590033,0.0,0.0009352290293982054,0.000591456092998861,0.0,0.00040921037360077593,0.0,0.0,0.0,0.0,-0.00981778380900305,-0.004472407724074021,0.0032632843101646058,0.0,-0.00017157564577701152,-0.00542665946840538,-0.0030669742379963137,0.0035609309135787776,-0.0008213681050363753,0.005051051047076341,-0.0033315090452792737,-0.004714280456595827,-0.008003039476971303,-0.0003273383879479973,0.0034988400432409915,0.0022112608715654887,-0.004928810125055355,-0.0012018738921463063,-0.0001235121787388238
1997-03,0.0011446544599137555,0.0,0.0,0.0008226945428042355,0.0,-0.0,-0.0040935065072481335,0.002573536338548283,0.0017333677795418067,0.0,-0.0032817307797242024,0.0,0.0024793743497527384,-0.0005079232686887751,-0.002601412126900592,0.0,0.0018952953488458285,0.0009830569805914084,0.0012127072525914065,2.642995569186433e-05,0.00010615854554711479,-0.0037872926239527907,0.0,0.002057981943460314,-0.0,0.0013438290433771343,-0.0032083235877595493,-0.0007024541413240653,-0.000983353040909688,-0.004438498082479378,-0.0,0.002435291907203562,0.0025922053430030324,0.0,0.002479099220311651,0.0,0.0,0.0,0.0,-0.0019642179813381495,0.0005240496448610718,0.0019762505202325343,0.0,0.00032553307945784506,0.0038695111936165546,0.0022504700065950583,0.0006992986698512491,0.0013416324559951973,0.005401322479122411,0.00036367164806929016,-0.0011661555830643413,0.004357079623404427,-0.0012344125704822934,0.0041510590977787585,-0.00022209968545376337,7.122846732989148e-05,-0.0018307441934404005,-0.0003830638744648162
1997-04,-0.0006823270054195038,0.0,0.0,-0.0010769725116492753,0.0,0.0,-0.0020729307149653384,0.0019628694958549017,-0.0002637915551992105,0.0,0.0016340318933613595,-0.0,-0.0016472388244112863,0.002428744603815284,0.0015481074406541802,0.0,0.0018127563405442861,0.0008240045950572365,0.0031162419986703583,0.0011856780861495438,0.002308821640444675,0.0015661852040295523,0.0,0.002549800036459026,0.0,-0.0032904461150748405,-0.0,0.0012616028151799998,0.0010999581339213448,0.004883356658186723,0.0,-0.0016033716604441067,-0.0017401971807519878,0.0,-0.0015844241335226455,0.0,0.0,0.0,0.0,0.002230163448082695,-0.00031728545980524574,-0.0022363489528500965,0.0,0.005003964821594082,0.0035887910826380804,0.0033294795165750703,-0.00014166251804682888,-0.0019224937446384322,0.0011292021216807123,-0.0017066869046203834,0.001240673443715528,0.00028187202625662937,-0.0007332958530442225,0.001746809375693405,-0.000271644210292275,-0.00042185264616566434,-0.0023013754791672532,0.0006719525678053123
1997-05,-0.002796237562890754,0.0,0.0,0.0011694371451347473,0.0,0.0,-0.001602194945743394,-0.0021580361899759637,0.0004915568029677976,0.0,-0.0006522512998241204,0.0,0.000552664767128609,-0.0008890575721497404,0.0019236209517822587,0.0,-0.00512631305017576,-0.00023931566780313374,0.0045856813984412464,-0.0007736558847042403,0.0027432970108282437,0.006505496972719233,0.0,0.0039031744992457803,0.0,-0.0013591314203142987,-0.006522869259125959,0.0007890733912214448,-0.002297955003677917,0.005074335581218888,-0.0,0.0008015585226059146,0.0006898721334125831,0.0,0.0006308906483257295,0.0,0.0,0.0,0.0,0.005077429297413787,0.0008547977946783915,0.002729900686184041,0.0,0.0020925401010997526,-0.0010149096841257487,0.00014613383780393723,0.0024801002077316676,0.00292828026702012,0.000589232033445801,0.0003950586052308208,-4.819903557514063e-05,-0.004877354548395143,0.0006548165529127815,-0.0003671933311636326,1.4546293948315783e-06,0.0009617187476405806,0.005663292429994852,-0.0013993625698047387
1997-06,0.0010365195075435324,0.0,0.0,0.0015027200902493155,0.0,0.0,-0.004661744092671082,0.0008916242394776479,-0.00044908682010227354,0.0,0.0024442286499959122,0.0,0.0009688890906310892,0.0017518316177816914,0.0011153197812704462,0.0,-0.0006365411831228973,0.0011181545955823086,-0.004640569549412692,-0.00013424850534589052,-0.0007593028557758822,0.0018173699610457802,0.0,0.0011521939473973207,-0.0,-0.0008076074481942061,0.00219395581293615,0.00019313425267837207,0.002207259245342451,0.0029624299596343407,-0.0,0.0009895706661880352,0.0010743729382454057,0.0,0.0011838826378470944,0.0,0.0,0.0,0.0,0.00045193868379328576,-0.002461423667795825,0.0018034439575708371,0.0,0.002009451203370102,0.0032450538449416695,0.0005962110831941246,-0.001572279013971247,0.003374425701499029,-0.008520128047502724,-0.0008139836975131933,0.0006260399700942531,-0.004219892271146782,-0.0019201627851537777,-0.010324555445177977,-0.00037882261033055813,-0.0019491092356234106,0.002680650702314705,0.0018544294482657326
1997-07,0.0011754773356972266,0.0,0.0,-0.001502696858647121,0.0,0.004394364975435912,-0.004158080523466446,2.264519365107611e-05,0.0005795132414944248,0.0,0.0020323474030319445,0.0,0.00383080580537589,0.00382350064300953,0.0015790004231190668,0.0,0.002459599550142671,0.00020369135084528776,0.0008944397378894262,-0.001513634091078361,0.005099683229621791,0.006873987022634161,0.0,-0.0022240758579715205,0.0,0.00041816711096381355,0.0025365627797857607,0.001824516389024954,0.002280724397485559,0.006158297968657277,-0.0,0.0027446494826681134,0.003991926845565165,0.0,0.004699070999954191,0.0,0.0,0.0,0.0,0.005855998391144545,0.003292428685079792,-0.003564165436017423,0.0,0.0006212974593504634,0.00272550649026411,0.001282724007024174,-0.0010392466624459821,-0.0009706898620615206,0.002967870191934206,-0.000301841472306853,-0.004898148756510337,0.0016296921680139472,-1.4756511735675147e-05,-0.002307778642685472,0.0021798615059482915,0.0002380281297072996,-0.0022278928660808433,0.0005162447443552853
1997-08,0.002037503352957623,0.0,0.0,-0.0010862652260526966,0.0,-0.0013839170798886874,0.0035032475012947914,0.0014438069315381753,0.0009132585789812082,0.0,-0.001068917300315621,-0.0,-0.0022250287060634247,-0.001027091617738199,-0.0009060580685877543,0.0,0.001351562803662419,0.0030514368564298704,0.0016637563288055977,0.0007634013461569501,-0.0014472334782523566,-0.00048801156337576314,0.0,0.0018769728081854495,-0.0,0.003923599220674933,0.0012359269449269256,-0.0002910628227255652,-0.0006327994857950403,-0.004440032220357709,-0.0,-0.00135725957701179,-0.0023868088450917655,0.0,-0.0028418501620652856,0.0,0.0,0.0,0.0,-0.0015619256584262868,0.0009917995728885708,0.0001050828171514969,0.0,-0.0021506021694067817,0.0002994548198344638,-0.001038108112978373,-0.00291196233911739,0.00038470935608236044,0.0038577073598915408,0.0035578190178294066,-0.0001284265571120387,-0.002169493001507415,-0.0013258618671691785,-0.0013843025924243032,-0.0025065316473327826,-0.0010050772347880992,-0.0011815170574745648,-0.0020144145436084625
1997-09,0.0011266820050881813,0.0,0.0,-0.00011659719515646175,0.0,0.0020351859973428113,-0.000822217564113918,-0.0005437726081439747,0.00047807632508175483,0.0,0.0021221166356099135,0.0,0.001703117643699068,-0.0017295081818588026,0.00521783693903852,0.0,-1.6815256226527548e-05,-0.000902982036589665,-0.0014268979655755899,-0.0029409686457052856,0.006869999126169124,0.003650452564300637,0.0,-0.0017877172497570914,0.0,0.0010675381403625996,0.003965746566241307,-0.0017023509936945262,-0.0014819614290188232,0.0033014803432424786,0.0,0.0013179488989420603,0.0017656174940020029,0.0,0.0020111979352638995,0.0,0.0,0.0,0.0,0.0010498161484587306,0.0006705982399413946,0.001404147598074108,0.0,0.0001402292148640588,-0.0024080619914204995,-0.004482973992721943,-0.0007056529548597566,-0.0012153993698567455,-0.0012815329845255162,0.0014031120528913764,-0.0015833555678856968,0.004201771596565007,0.002833669660739726,0.0002399732775716432,0.00018455690439288564,-0.0023517830243411893,0.002741862713486646,-0.0014415743731369364
1997-10,0.0037507148818943493,0.0,0.0,0.0036557665523805952,0.0,0.0022154349673401373,-0.0016199262028329066,0.003741087528973915,-0.00032282844005965375,0.0,-0.00017487231826982937,0.0,0.001719395689013942,-0.001325318689298982,-0.0006185329118508622,0.0,0.00021708018923353962,0.0018872861437964643,-0.0011108646444249483,-2.000836754706501e-05,-0.0072274455651956645,-0.0028903978097591836,-0.0,-5.190171080407346e-05,-0.0,0.00220510923318668,-0.0028344005121527936,0.002784947530718192,-0.0019088125907541574,-0.0023252813790412444,0.0,0.0014535146297591072,0.0019520233749694862,0.0,0.0024769260558767294,0.0,0.0,0.0,0.0,0.0022531874282982053,-0.0002391927149447717,-0.0026486711758530583,0.0,-0.0002913578018108292,0.006142210771006728,-0.00360544426993433,-0.0018737433311316657,-0.0024169649811104383,0.004737665118902287,0.0019240685203396547,0.0,-0.0033751307140257075,0.0006803075921800122,-0.004003891817884682,0.00031980992999435876,0.00022516121250880342,-0.00043345283080160966,0.0006526026140042156
1997-11,0.0029982843148056637,0.0,0.0,0.0009023175499223119,0.0,-0.0013969399529349274,-0.0014399446493102445,0.0019103072540269349,0.001144638503930188,0.0,0.0015256142455094947,-0.0,-0.0005353967341005831,0.0017567540979929307,0.0006147737332203819,-0.0,0.003398589376049085,-0.004032105206595652,0.0016557586387715682,-0.001373043770602919,0.0002277532156566551,0.0001259284818622236,0.0,-0.0006794125185693084,0.0,-0.00034825271451410436,-0.0005972377192752878,-0.000497687596582311,0.0013356367603675806,0.002347010602340813,-0.0,-0.0010932063052840088,-0.00015045477235948573,0.0,0.0006048768440594265,0.0,0.0,0.0,0.0,0.0005061404346217484,-0.0018554594529186109,-0.0009092257130629189,0.0,0.0010416134107070936,0.0035966723803824824,-0.003965190133856699,-0.0017724387563957723,0.0007284729208024258,0.0018836181705937135,-0.004725511189912081,-0.001513883242461151,-0.002572443908397739,-0.0003985178154012463,0.001164550619858071,-0.00015250508812512793,0.0034107758394142725,0.0011307334688920511,-7.999399972796264e-05
1997-12,0.004422395202555099,0.0,0.0,-0.0019910273365973804,0.0,0.000498277315695766,0.0010477289341478018,0.0011524227681351533,0.0015841040268902503,0.0,0.0012351766776832465,0.0,0.0009067740758930393,0.001384665657640454,0.0013143396223250139,0.0,0.0013951282664138843,-0.0002746305805725223,0.0006868310890134366,0.0031134693551050354,0.00401921658926218,0.0020782036128023634,0.0,-0.0016099693031124645,-0.0,0.002681768917016907,0.0004693072952563551,-6.287547942281813e-05,0.001631592879908215,0.001000501990562967,0.0,0.000980468419597543,0.0009337199523551806,0.0,0.0011109381947390247,0.0,0.0,0.0,0.0,-0.0007842503255908235,0.002734344790711621,-0.001869714921161665,0.0,-0.00287510407796763,0.0021264736916249095,0.004739646644768169,0.0031032807834648346,-0.0017351534719142944,-0.003960157665274335,0.0015859485366428526,-0.0012951133525952517,-0.001551828594622576,-1.8788419469860838e-05,-0.0023184667660048797,-0.0016320067423525363,0.002812399121471961,0.002205091073473179,0.0015449746836402967
1998-01,-0.005110607638219759,0.0,0.0,0.0011137821185002131,0.0,0.001780787395197755,-0.0015717502990265086,0.0032401975879977037,0.000361004186397303,0.0,0.0032153118697085268,0.0,0.002221637006458057,0.001288551143393431,0.0022219563383391477,-0.0,-0.0012007648615664445,-0.007903026436931429,0.0011013191979182633,-0.0005935006244957875,0.003961259922967876,-0.0014268264744392092,-0.0,0.0006365099183879038,0.0,-0.0032676561524678164,-0.0013302619224392046,-0.0034691620076226894,0.0007330796536379478,0.0006308236828913498,0.0,0.001978552400918003,0.001808846908174107,0.0,0.001356805295184169,0.0,0.0,0.0,0.0,0.005680936959836611,0.0003588360357796878,0.0009198537015224469,0.0,0.0018456556423341417,-0.003302273364363848,0.0008610575072237226,-0.0004542047906847001,0.0004914108101919218,-0.0008755866296323759,6.66091994382462e-05,-0.0003141831407539739,0.002311644434085292,-0.0012787235521678718,-0.0001788965223516015,-0.0015880670985044109,0.001002935566118135,-0.000858013105977177,0.00010449253863222236
1998-02,0.0010614171492566355,0.0,0.0,0.0009503963602808635,0.0,-0.0006449500979702098,0.000449882235850241,-0.003764501591881606,0.0005526384618665662,0.0,0.0014624510100679534,-0.0,-0.0015398167108189207,-0.0004436630264889038,-0.0009330048480606222,0.0,-0.00021907926532453047,-0.0010107611946795316,-0.0007723493139657049,0.0007117450205706484,0.004547646617323617,0.005054518287556346,0.0,-0.0004411061565995189,0.0,-0.00036361911970025186,0.004070300079802685,-0.004101275315287622,-0.00029062700249835066,0.004515776013432527,-0.0,-0.0015203410394797796,-0.001222426439753027,0.0,-0.0011404970486411713,0.0,0.0,0.0,0.0,-0.0008051825195703562,0.003100797023911335,-0.0012140935158886524,0.0,-0.0027182885227777045,0.0010977018218032903,0.0022228268073690494,0.0011965775573147457,-0.0037988969570535596,-0.0026307935141650896,-0.0001460476524566466,-0.0014474964312402685,-0.0005318094675378066,0.0008681280611574832,-0.0007829023496611219,0.002788098381105034,0.0031305779899903283,0.0006600823594942335,0.005232151545509057
1998-03,0.0025115645621317058,0.0,0.0,0.0018387220512965045,0.0,0.0009814797603793122,0.0008288080101855887,-0.00045754494493234087,-0.0003245557203828545,0.0,0.0004005982677732479,-0.0,-0.00030664204264147936,0.001419935568072046,0.001435778097170018,-0.0,0.003018167313232074,0.00028843767760579754,-0.0014387940169884501,-0.0007402878077981677,0.0014835666759967553,0.0029655026630669777,0.0,-0.00026057639330018235,0.0,0.001995161584784764,0.002328751543309121,-0.0015444361920355432,0.0026271779855618483,0.0033228126232486637,0.0,-0.0001814766546583005,-0.000284540450845475,0.0,-0.00016131206664701607,0.0,0.0,0.0,0.0,0.00430495195172848,0.0006635820435746217,0.001390777799373605,0.0,-0.0006639276423152521,-0.000373611302924971,-7.521990083774721e-05,-0.001088788752422243,0.0002944046164271232,-0.002119252985926429,0.0010891689599439036,0.0025169734702117775,0.002798123037422106,0.0015644563897356384,0.0007281827809010234,0.0005692076095125127,0.00038262170812699924,0.0013273281309199977,-0.0031322323717299367
1998-04,0.0017959063190213268,0.0,0.0,0.0001943072918902248,0.0,-3.1711497182457885e-05,0.0004286677649710329,0.0015101631987839233,0.0019478315093146548,-0.0,-0.0006903084561419861,-0.0,2.5165962762647156e-05,-0.0021418154540867157,0.00045252295489736334,-0.0,0.0001612908681746879,-0.00022617840291033677,-0.0008168551509226454,0.0012698398787525285,3.846544896503307e-05,0.0006657190089907501,0.0,0.0014797748946642675,0.0,0.0006501031897224889,0.0,0.006928500021671778,-0.0007733310145434494,0.0005537332920729064,0.0,5.0449314588470675e-05,-6.895101714929465e-05,0.0,-2.234314681157785e-05,0.0,0.0,0.0,0.0,0.006915529747829333,0.00035065047043875104,0.0017142504565658254,0.0,0.004291924885625799,-0.0010751035272260376,-0.0016248600768143735,-0.0013010636058957145,0.0017211098875776702,0.001378217708022512,-0.0021034097850799946,0.0022309440596582865,-0.0004122560599424779,-0.0004051099377755747,0.0003325043182851918,-0.0033973675015242944,0.0009029793789205266,0.00225859251429077,2.8244725299239108e-05
1998-05,0.003562164758507643,0.0,0.0,-0.002294140233432096,0.0,0.0004405703614483828,-0.00027726179976004064,0.003240814232200187,-0.003301206075100291,0.0,0.001600174845323899,0.0,0.000477790525487339,-0.0003410775718393709,0.0010227803016132043,-0.0,0.002844123323607463,0.0004918304547765976,0.00010183657662954468,0.002496057999693172,-0.0007389059483678767,-0.0033675881511741807,-0.0,3.511056121148214e-05,-0.0,-2.9237613191371124e-05,-0.003623973826255577,0.000786326758859193,-0.0005990835073282549,-0.0017638900799587757,-0.0,0.00025087500957155754,0.0007538058234172666,0.0,0.0010475461413952563,0.0,0.0,0.0,0.0,0.00013260217880346978,0.0015310089551873118,0.0015737730013345474,-0.0,-0.0033494363159466017,0.003499513615288104,-0.006327422723451226,0.0022689862569588034,-0.0047322963564207544,0.00012972611237230787,0.0006300390101663187,-0.0004492918817867901,-0.003608773080745609,-0.002036445498650219,0.0010381264878195537,0.004128213100506506,0.0015014336261248728,0.0013508693484459663,-0.0006580890453749497
1998-06,0.0006817041190533004,0.0,0.0,0.002295540303397999,0.0,-0.00011020980828125688,-0.002660815570403764,0.001441791418509924,-0.003314903216409901,0.0,0.0010247368969397124,0.0,0.0008024190152161792,0.001143335762032876,-0.0011933696710123734,-0.0,0.0004147706069029442,-0.0012326261995180788,0.0024714666552492653,-0.001488454440670071,-0.0011428041953423578,0.00041789189105287736,-0.0004734070964000142,0.000510483067920523,0.0,-3.9703833615490475e-05,0.00010851192527979218,-0.00039340331953055416,0.0018617506215932976,0.0024349841297575123,-0.0,0.00035145566019209595,0.0008636863616214199,0.0,0.0014652309788706747,0.0,0.0,0.0,0.0,0.0012353830929634163,0.0028779487206639287,-0.0012565336698166405,0.0,0.0019386053024371727,-0.0006848651630901464,0.002372445831596822,0.0014623624261833241,-0.0012360223950053089,-0.0014986609800994258,-0.0016865471821289372,0.0009720044586714871,-0.0010165795977088853,0.002702091736407284,-0.001290433422438773,0.0011105545828182823,0.0031439338831361287,0.0005021070568876434,0.0012955599697712411
1998-07,0.0016277819798899687,0.0,0.0,-0.0019290722661672282,0.0,-0.0010371616416590204,0.0005722695914622619,0.0050443938485500465,0.0036957533164609863,0.0,0.0013773287514304447,0.0,-0.00035438102527256314,-0.0011539372114794466,0.00039661895097537966,-0.0,0.002540892272542503,5.83205646414915e-05,-0.0021267361629319624,-0.0005859703055804566,-0.0002929348930800582,-0.0028143356890314775,0.0014532756974710989,0.0033533537175291853,0.0,-0.0011662311923701625,-0.004918909009057343,-0.0007551826767069367,-0.0010767677088081445,-0.0011485985728245925,0.0,-7.404800385634113e-05,-0.00033229231431869513,0.0,-0.000688070848409392,0.0,0.0,0.0,0.0,0.001968046944756994,0.0033734352300658376,0.004020159525732212,-0.0,0.00324590792541882,0.0026609021678320457,-0.0004400187247499299,-0.0012130190915574058,-0.002456231681998649,-0.001505800940186279,-0.0038209829066216732,0.004306885678873361,-0.002060002274017395,0.0006125429231187762,-0.001557124811231377,0.004781406097290317,0.0005088259072324619,0.003036073043956502,0.0038970084670886286
1998-08,0.00474433048337223,0.0,-0.0,0.0028716309707947437,0.0,-0.0013282277874639716,-0.0006192906276101424,0.006297013849437296,-0.0005467844405349026,0.0,0.005683310040476214,0.0,0.004361930927059087,0.0008473518692513042,0.0037021657477666198,-0.0,-0.0013073659828652595,0.0011330445780627113,0.00031548712405242776,0.0009176991037302991,-0.007021209144023157,-0.010710035790474384,-0.005959362138373383,-0.0002557226546647205,-0.0,0.005918426436919504,0.00927783493494749,0.004971538940705704,-0.0019190111868972238,-0.009526147564298228,0.0,0.003196708143777,0.00424582038219574,0.0,0.00319855444686574,0.0,0.0,0.0,0.0,-0.0025623523438871205,0.0015571000984981524,0.0032351489195065987,-0.0,-0.00035401734240117185,0.002525935111176922,-0.004617973290603287,0.002300678348664064,0.0015639810680841222,0.002662247312335121,0.0009721851160345496,0.002060828226426175,0.0021461410378951565,0.000224688680779672,0.002933989451652604,0.0007840974721222257,0.0020827096468767478,0.001386067549723486,0.003472595870126892
1998-09,-0.0033402153938363456,0.0,-0.0,0.0012446256544077358,0.0,0.00573048726438176,0.002361230323360167,-0.004269136023181291,-0.0009249580562179264,0.0,0.002079653950344451,0.0,0.004833527637987505,0.004080352661383575,0.0036703890772019528,0.0,-0.001766054705305725,-0.003703096521593608,0.0012789734600282619,0.0015100794819721823,-0.0019891917049990834,-0.003943352465968018,-0.0007554043324397675,-0.0017414426273505955,0.0,0.00015338116229061632,-0.00270371526500654,0.0020184523128310536,-0.002784044195646414,0.0033278597688907517,0.0,0.0032380596841338496,0.004963226970647351,0.0,0.003027822029556496,0.0,0.0,0.0,0.0,0.0008195423814010145,-0.004494383914736052,-0.0012291493227275176,0.0,-0.0008107836575947793,-0.004658397591203812,0.004156204932259109,-0.0009715963276185054,-0.001018623154347514,0.00034839679756649365,-0.0028537579851639562,-0.0010421104482457755,0.0004974126043209237,0.0005489577460042547,-0.0005467955710622834,-0.0005262992903357432,-0.004756827541510228,-0.0015206939591585712,-0.003990808989791208
1998-10,-0.004125701252210179,0.0,0.0,-0.0012346631277470712,0.0,-0.0011995921749892856,0.00015158470238991906,0.0014083423527229354,0.0037646324839502665,0.0,-0.0021780809566334285,0.0,-0.0005317695287616457,0.0006127416430545255,-0.0017387157160817703,0.0,-0.011978109925695615,0.004345038404162815,-0.0006165459492304842,-0.00040701598924227424,-0.0036979562548884793,-0.003684711356267263,-0.0026995335966582515,-0.0021578249425783635,0.0,-0.0009118849966559728,-0.0016758278443443778,-0.000273328999605218,0.0013031240185225519,0.004112160625985721,0.0,7.529963911998595e-05,-0.0013033723215345222,0.0,-0.0017477936468450275,0.0,0.0,0.0,0.0,-0.0004203217092076988,0.0023377471492620166,-0.0013025907068279102,0.0,-0.0038894384882747182,0.0012273496611085453,-0.0019455842224736584,0.000549358153619959,-0.0007915389257767365,-0.002801788224704078,0.0027497775780082607,-0.0005831332416642666,0.002254001371286188,0.000980653198927336,-0.002217635569463526,-0.00288445307075464,0.003306430322487098,-0.0025095588445938357,0.002400841887756896
1998-11,-0.0004040944472847246,0.0,0.0,-0.001348194034277799,0.0,0.0007820862807714964,0.0026568424240259398,-0.0010347383404667753,0.0020014628114355306,0.0,0.00263805389656673,-0.0,-0.0021689762224587203,-0.002202442757047088,0.0030348803146070698,0.0,-0.003231841161058517,0.00018964145669338723,-0.0005179476488533484,-0.0016969979567746415,0.003477863720602357,0.0016374187837328233,0.0015458407411070947,-0.0012083590876500315,0.0,-0.0027937696295207335,-0.00182565635622556,-0.0023844957091585578,0.0026531530163119055,0.0027356151872268883,-0.0,-0.0017084581368254786,-0.00153199423214382,0.0,0.000661455081765079,0.0,0.0,0.0,0.0,-0.00023317552387625712,0.007626409041497849,-3.826982820170757e-05,0.0,0.0027568807179853133,0.00014325348247069385,-0.001355025039051129,0.0007675404985210128,-0.0016228902619200851,-0.0009542902962402651,0.002314002875822942,0.0016629006133554826,-0.002320376907452087,0.0018455128446739938,-0.0015270732097655264,0.0020359827964485998,0.006117549852632596,0.001616103849706568,0.006885301589991465
1998-12,0.0028209361206996382,0.0,-0.0,-0.0009536169102874333,0.0,0.0012239406652022075,0.0016327690715004868,0.00011996884754836511,0.0026279934536570246,0.0,0.001211987696379451,-0.0,-0.0007461010489489618,0.001214782405712513,0.0020410601659864563,-0.0,0.0037465627484679137,-0.004077421579433033,-0.0010120109592886251,-0.0012184447831901104,0.00015761651149996618,0.0045147116978508026,-0.0028838060697919006,0.0010161500446010353,0.0,0.0026204866388425834,-0.0024286763129988433,0.0016701520578394763,-0.0008916528873202661,0.00318713894899961,0.0,-0.0003329572504209387,-0.00021784950500456399,0.0,-0.001245472341660414,0.0,0.0,0.0,0.0,0.006024198324175718,-0.000632857727144475,0.00206029402786518,0.0,0.0011873894378287024,0.0013738237223836405,-0.0008489287990673897,0.0018037115819742836,0.005408506440266295,0.0022386894461046557,0.0004634397272631198,0.002741977777733282,-0.0009779777429225923,-5.326205362138035e-05,0.003355568060664452,0.002007669233762725,-0.0005697154241921171,0.0017203924465661233,0.002650246315152796
1999-01,-0.0029616163584229643,0.0,0.0,-0.0007508934739907498,0.0,-0.00016998064076517215,0.0013153467805966253,-0.0022992525191715095,-0.00025063886332873676,-0.0,0.0023024488306969157,-0.0,0.00015320770301880255,-0.0026632468899797485,0.0012342247222982211,-0.0,-0.0013699528011081844,-6.996750285069556e-05,0.0017557204436301878,-0.0026226286118615806,0.0005970213961106068,-0.0015389344846254876,-0.0005204980140902112,2.1946842920050504e-05,0.0,-0.0022805867990565347,-0.0001759059420803832,0.003301351715659741,-0.0023669495581072945,0.0015067069997870845,0.0,-0.0001542390254289566,3.479278636027261e-05,0.0,0.0001504504260366902,0.0,0.0,0.0,0.0,0.00033111371063853105,-0.0003752490420891966,-0.00012943917160030313,0.0,-0.0026621747627520033,0.0006694042151476785,-0.0012913657834134438,0.0012124745310932317,0.0026401905506432894,0.0017234475676171964,0.0013718170748232745,-0.00019424333906337986,-0.002494148883141554,0.0037740915587080657,0.0019562854969538495,-0.001441764809992305,-0.001192580776258781,7.003581755702063e-05,-0.007174584764608009
1999-02,0.0016686846171123455,0.0,-0.0,-0.0028080867241278462,-0.0,-0.003713700288401523,0.002308224695426987,-2.2800277743227545e-05,0.003066750742987222,-0.0,-0.003771518755004496,-0.0,-0.00546142598973976,-0.002588543253329262,-0.004547902869625049,0.0,-0.0012423231924156494,0.004969968804180038,0.00040723733996731744,-0.0006297087120401567,0.002221808951544026,-0.0023998464897934174,0.003364944032022336,0.0038835876168833616,-0.0,0.0006707748095896467,0.003372380199005872,0.002515152892868947,-0.0019052539105804526,-0.001871168143045195,0.0,-0.003458166642165972,-0.005171222412086643,-0.0,-0.00459158672064855,-0.0,0.0,0.0,0.0,0.0017345550133081508,0.0025382653749496534,0.0012736110904053904,-0.0,-0.001116214471098853,-2.256944222614187e-05,-0.0022268349093950077,0.0010105983174699558,0.008136141194076909,0.0011281632818568453,0.0013685622396832603,0.0009970474454622322,-0.004531478063321132,0.005893020301482762,0.0031703349776366417,-0.002520495088845934,0.001084735094699193,0.0034367064032609254,1.4815719325978773e-05
1999-03,-0.0023193151003373645,0.0,-0.0,-0.000728092882288618,0.0,0.002445089350004094,0.0025290313711868787,-0.0001859343312629925,-0.0015729170636554406,-0.0,0.0003602310239268175,0.0,0.0007647640993096266,-0.002028404565207926,0.0004183519727171326,-0.0,-0.00018116599920771603,-0.00041525263144943025,-0.0009975655447265982,0.0002550948966361125,0.001110179974615619,0.0008918274164067175,0.004728790003867332,-0.00157875936755806,0.0,-0.0036562466841205433,-0.0001840072249975284,0.0019135215330112366,0.002167360852630982,0.00183950799577451,0.0,0.0009994172298355467,-6.990316772488308e-05,0.0,-0.0002984895664700834,0.0,0.0,0.0,0.0,0.0007359786768931184,-0.00993562724767019,-0.0020378792399477685,0.0,-0.0015251798769110464,0.0019285811880926128,0.003971386203434472,0.00024138795792890707,-0.0021544635737830386,-0.002362967642552995,-0.003007062286183054,-0.0021172502855571177,-0.0022003320983221848,0.0010282253708272977,-0.0016710282083647829,0.001653355333081514,-0.008201825527861594,-0.0032533776608792376,0.0010034645199714163
1999-04,-0.0037208020254673596,0.0,-0.0,0.00014742081776607417,0.0,-0.0009440953638902559,0.006327756400963609,-0.005418359977789406,-0.0015584548238923943,0.0,0.0018416814996436714,0.0,-0.0004952490250391861,-0.0014250030421422923,-0.0013380534448235088,0.0,-0.00037352130537832606,-5.504020997593995e-05,0.0011184769796392545,0.00045058587442369636,0.002450133627614809,-0.002960442139910951,0.002720176380345328,0.001822774419642151,0.0,0.0019196050826877787,-0.003492016252247138,0.006154820277634235,0.002223074047287205,0.0017356597702378733,-0.0,-0.0004033836890168176,0.0,0.0,-0.00028298751158654543,0.0,0.0,0.0,0.0,-0.004471963213275098,-0.0002710699885438712,0.0016386342360739004,0.0,-0.001493598984492889,-0.0013537079657574926,-0.0026710796754720197,-0.004487622531364603,-0.0005970583611570652,0.0012553103246395673,-0.0017165535763404734,-0.0022663070927886005,0.0010012123412005886,-0.0016967966072425806,0.0004271566761769291,0.0006992823195907519,-0.002629060816222109,0.0023846421797792837,-0.003179298993441847
1999-05,-0.0011866823193615575,0.0,-0.0,0.0005228596759505278,-0.0,-0.0016122106531825421,0.004801266745365811,0.0016976631833653475,0.003474802261082907,0.0,-0.002437119741532789,-0.0,-0.002936068380469154,0.0017153949028853963,-0.002400737032822017,-0.0,-0.0009693466419274932,-0.0025038921435211916,-0.0026300247258265685,0.0010560734230506865,-0.0030299286122298583,6.299013464185595e-05,-0.002213859560298271,0.0005370248308162721,-0.0008524760317391724,-0.0017371550202875125,-0.0007406529612102004,-0.0047969070248400116,0.0006265449675538721,-0.0015160661602967162,-0.0,-0.0020452464582750235,-0.003047234826777678,-0.0,-0.0017226301664037696,-0.0,0.0,0.0,0.0,0.0028827014595731075,0.002936802011894119,-0.00010271293901530682,-0.0,-0.001097051724342008,0.004032549093572946,0.003176304545591479,0.0047874346677923415,0.0034215345027775786,0.000341953025045129,-0.0005565780098170372,-0.0013498689965787418,-0.0013028075137102627,0.002725478645733825,0.00163245910565044,-0.000963535414444968,-0.0018814609682503325,0.0016066414445227294,0.002764966380390904
1999-06,0.0016422124701521753,0.0,-0.0,0.0014805675705234938,0.0,-0.000744913109922398,-0.005431415685067011,-0.0009307463755006887,0.0031729693747009117,0.0,-0.004352061382030953,-0.0,-4.434665761002029e-05,0.000603869635546581,-0.0029486131285331642,0.0,-4.312931146997334e-05,0.0020778968835439794,-0.002982572945623627,0.003992925742279019,0.0005603643143471227,0.0017641911591786865,0.003907879677732397,-0.0018650097882941617,0.002664113737195647,0.00415146023218568,-0.0015820628396589927,-0.005925872362956735,0.001183988418126437,0.002734440832610809,0.0,-0.00021859157945239676,0.0004380096782769237,-0.0,0.0013537255676022899,-0.0,0.0,0.0,0.0,-0.001807691397463733,-0.0033029878444934936,0.0008274562068065135,0.0,-0.0007438083097523673,0.0019533729146503937,-0.0021236436543769005,-0.0061195971439802896,0.003132883661096148,-0.0009311320746434768,-7.14524791924184e-05,0.001626367434067239,0.0017889962996207867,-0.0010982178480911295,0.0007437086661200662,0.0001687530553904286,0.0026139841993425028,1.3324275190552003e-05,0.004299171857857998
1999-07,-0.0017033629522960237,0.0,0.0,-0.0029832321070965484,-0.0,0.0019071117690855558,0.0013005237470268812,-0.0038869035723354236,0.0011832240129158666,0.0,-0.0027772384690379808,-0.0,0.001144880857333651,-0.0028874921190867537,-0.002568083023620803,-0.0,0.002467288867417209,0.0013649738789082901,-0.0014838135105037639,-0.0007392479365648996,-0.0009946293738910298,-0.001029334813936869,0.000593620122015905,0.0015012373444445869,-0.0006054635625403664,-0.0002774368184718482,-0.0013539688719087497,0.001298746224019654,-0.002720504994007471,-0.0018542446954971524,-0.0,0.0008036781638907816,0.0011092480718627802,-0.0,0.0008081102959564155,-0.0,0.0,0.0,0.0,0.001594837663426398,0.002114912279217482,0.0018642177118001785,-0.0,0.0017648333931314746,0.00168362576331202,-0.0010451085482545532,-0.00015722281694956344,0.0031552141222254033,0.0008310206942787716,-0.000757465558825754,0.0020905039776614696,0.0010105086739732564,0.0006251618906755584,0.001598160738555288,-0.0016949772346915742,0.0012335008059389503,5.243662600437928e-05,-0.0022054349159832047
1999-08,-0.001389658033140646,0.0,-0.0,-0.00105305903918448,0.0,0.00043983611090984775,0.0030327171394442854,0.0010100669037493954,0.0022687807225114545,-0.0,-0.0007649170288136863,-0.0,-0.00016771752406478498,0.0012727392928285268,-0.002065000694348485,0.0,0.0020216449631482486,-0.004877618656041006,0.0005368224784451569,-0.002242947445771567,-6.073959589414719e-05,-0.0014807318058176748,0.0015683495588543921,-5.477685735647683e-05,0.0013930766178836325,-0.00021242364144345802,-0.001435640823241544,-0.004519680299702429,0.0014505242076373022,-0.0004453808898125541,0.0,0.0005669560154334748,0.00039950373848540184,-0.0,0.0004869151076851664,-0.0,0.0,0.0,0.0,0.0002878502673551058,0.002233723786210423,-0.000537881710283364,0.0,0.0008137597019574967,0.0003657234290987161,-0.0014026190864499513,-0.0006918178126425541,-0.004551889311094315,-0.00251878191262972,-0.0017173622577287921,0.00012197055633612547,-0.0008262789782112248,0.0028147153760168693,-0.003422858473883109,0.0022917226992853076,0.0016306853184468216,-0.00018647595505820984,-0.001264657177891842
1999-09,0.0014758195347279923,0.0,-0.0,-0.0025398412178881118,-0.0,-0.000389255671227098,-0.002583058848832722,0.0025348757600155807,-0.001848440881662144,-0.0,0.0011638481349177641,-0.0,-0.0009747856289172936,-0.000511037108804347,0.0041071765386691455,-0.0,0.0012795198197011002,0.001263678666134633,0.0013183452155787778,-0.002521665941902514,-0.001994238104081328,-0.001151817106921021,0.000917803418385882,-0.0009988831407699793,0.00018552867601368797,-7.463270752587715e-05,-0.0002853619886138072,0.0008100056658740559,-0.0004323350879128,-0.0013631297432434787,-0.0,-0.0010240632425018421,-0.0009868123079143996,-0.0,2.7334287218019736e-05,-0.0,0.0,0.0,0.0,0.0024490418947867255,0.0025147101748361164,0.001641677416462995,-0.0,0.001505250562689224,-0.010459348913905216,0.002131881972247827,0.0013259291151956096,0.0018296322217367124,0.0012434827840407026,-0.0014831667451788656,0.0008735018894631015,-0.004921483996294066,-6.606832754389716e-05,-0.0005738023093692189,0.0014189205840957851,0.0025030091252227953,0.0006582276097263301,-0.0010754424547631
1999-10,-0.0019912055358209816,0.0,0.0,0.0001091725515319752,0.0,0.0022123115889190817,0.005135147603930822,-0.00045681711770207534,0.0002952907799563388,-0.0,-6.60732058373108e-05,0.0,0.0009489172864155299,0.0013674941298296788,-0.0018281281403108962,0.0,0.0008948971656244956,0.0009306690436403541,-0.003290606463479865,0.001583782626741909,0.0019397105423722295,0.0015139238002472033,-0.0005490917031348815,0.0004705782745902071,0.0025817956329219336,0.001102389849219909,0.00019348925650452227,-0.00021076246223733386,0.001485664048376103,0.002905225232818678,0.0,0.0009364683323244506,0.0005251652079016948,-0.0,0.0003015499891023429,-0.0,0.0,0.0,0.0,0.002051134858654498,-0.0024439105671607174,0.0014278953941978705,0.0,-0.0011754704202071638,-0.0001587529523956202,-0.0023548837447296424,-0.000810950225692804,0.0009778875342992934,-0.000827066442391319,-3.917601573060164e-05,0.0006975122898320834,0.0010822912596730213,0.0030542208538118926,0.00136505213184399,-0.0006807493723368283,-0.0026179528845975855,0.002052848203281757,5.376724283760985e-05
1999-11,-1.7266885060454982e-05,0.0,0.0,0.003009615417712945,0.0,0.0010985236577238555,0.000747980450958172,-0.0003200341898651659,0.003364029568349686,-0.0,-0.00041004741260802503,0.0,0.0012260244427503258,0.003935585007407717,-0.0009122688097479589,0.0,0.0009591080787370752,-0.0017822201734403829,-0.005493538606923107,0.0020372492520143617,0.0030675906871167956,0.0017320500020232322,0.002209221200614618,0.0014326880468346459,0.0035067916465579894,0.000986866159784689,0.0017013801916810874,-0.004599843048508038,0.003406145815024552,0.0005581950513482199,0.0,0.0012912634513010332,0.0008587183096362927,0.0,0.0015541530342964714,0.0,0.0,0.0,0.0,0.00037705756950959116,0.002797129436953447,0.0017450937529779986,0.0,0.0019402756023873494,-0.0015534541391242552,0.000148377236594521,-8.68738517910524e-05,-0.0010646889606964682,-0.0003703844736712013,-0.004394526369171015,0.0023483736707274943,0.0018038819462972626,0.0001348846845146228,0.0004345623323017473,0.0007519355818489805,0.0028145409814996757,0.002378535773340638,-0.003197762371396584
1999-12,0.0023256267180313066,0.0,0.0,-0.0012369803277655807,0.0,0.000755484731309305,0.001888799976330521,0.002387599321545036,-0.00018810428387775328,0.0,0.002174828542535339,0.0,0.0018436706514246798,7.253706851367325e-05,0.002717781565745532,0.0,-0.00045729863325966365,0.002416401178273689,-0.001002236515803794,-0.00024223780996432485,0.002606764758373828,0.0021228136985505983,0.0004516796843885122,0.0009860525785207158,0.007088086837420594,0.0007796417134939936,0.004089718628229585,-0.0016448551130989514,0.00024261467142135573,0.002588764659332748,-0.0,0.0016320880366845695,0.002263801226218584,-0.0,0.0022357379919820865,-0.0,0.0,0.0,0.0,0.004169976336057728,0.0003661122786225256,-0.0006838462683496412,0.0,0.00017378003974169386,0.0005891334329729093,0.0010882157693583338,0.0016658256203445773,0.0027625394848045243,0.0002948042821486088,-0.00015861776828683192,0.000621204355415509,0.0010180141139962899,0.003912675089109415,0.0009443846326352108,-0.0004432344010482669,0.0013774641353349046,0.00011714503842269285,-0.0006732783121972817
2000-01,-0.0025035967194158293,0.0,-0.0,0.00020829536249466644,-0.0,0.0022513529325868397,0.0012762986449032841,-0.00015548312262638167,-0.006984979936772286,0.0,0.0014816811247070477,0.0,0.0022562709271308837,0.0034187131241881475,0.001977487293157809,-0.0,-0.00260973950864355,0.001462224320428009,-0.0016330722114757323,0.00020380658640249655,-0.005782527511724588,-0.0012835509787639907,-0.00021388613888911307,-8.429538141786372e-05,-0.0010156345609389516,0.00118303221019514,-0.0010628560943838146,0.0031975749587634552,0.003374318927596206,-0.00274980495886465,0.0,0.0024450190888488394,0.001544742221779959,-0.0,-0.0013906652404740735,-0.0,0.0,0.0,0.0,0.0024142941520473283,0.0025387977720048916,-0.002593758613061707,-0.0,0.0,0.0009871433677648375,-0.0006573408241787669,-0.00047353764090208157,-0.0011493644727912744,0.00294560783136593,-0.0020801602207838905,-0.0007753669220834498,0.003137972316822674,-0.0026617006013120413,-0.0024933027495473484,0.00028228886897042383,0.002285631358226713,-0.0009128484533536419,0.0009173105022188134
2000-02,-0.0018151265697685568,0.0,0.0,0.002704318460340775,0.0,-0.0031113517055155627,0.001506197222942661,-0.00035111999767657086,0.001240408095741253,0.0,-0.0008969559088809321,-0.0,-0.0013754388154532074,0.0005178166042343924,-0.0025444279508492324,0.0,-0.00133500969837837,-0.001572242123498781,-0.0016634422160691177,-0.0014006266463705867,-0.0002928847908739669,0.002638415271591408,0.0024381241278605193,0.0009384764743014678,0.004932570065720606,0.001058137664698247,0.0062847475078695115,0.0025815047048360702,0.0003641569708390138,-0.0009577942927778997,-0.0,-0.0008416073391432404,-0.001415014149241591,-0.0,-0.0031201497167704607,-0.0,0.0,0.0,0.0,0.01452444228433684,0.004358947802597388,0.000682152416425917,-0.0,-0.0014968731509250655,-0.001316753051048854,-0.0011732993172477485,-0.0021944709848882946,0.002144523358857969,0.0003184601478066781,0.000537411101655703,0.00018582376534228006,0.0016001066149842777,0.0039156522878412625,0.00043862554792335577,-0.0007911013196619696,0.003180254301656982,0.0009456488270972426,-0.00078173101628741
2000-03,-0.0012990239317123393,0.0,-0.0,-0.001108576722416124,0.0,-0.0019386816928856011,-0.0007460862516594053,-2.0499889301957268e-05,0.0003224773111838143,0.0,-0.003319180510110316,0.0,-0.002704793706919601,0.0010579098637128154,-0.001853234981713003,0.0,0.0031386597535921277,-0.00022548390886587634,-0.0005335516399469682,-0.0009246107174315201,-0.002184238607008247,0.00272992922163664,0.0017473981273645046,-0.0007731045480250936,0.0005756703584528737,0.0006119101408484112,-0.0027064771204847165,-0.0044179856067234555,0.0004132791396378161,0.003969271271005085,-0.0,-0.0009733117676918489,-0.0038081835945398047,-0.0,-0.0031749285815176895,-0.0,0.0,0.0,0.0,-0.0037851339769983624,-0.0005150042069303483,-0.0018792981956533164,0.0,0.0005116183909822845,-0.0028227468321470055,0.0003497914522904562,0.00027307261890060824,-0.005088240438082457,0.0013532795068489547,0.0009660839429958733,-0.0012379087513822347,0.002401925386622576,-0.0021239974797917947,0.0023246065615161278,0.001257179570645688,-0.0012916020922192474,-0.0003684676066489403,0.0024384099529383666
2000-04,0.0031173536728594455,0.0,-0.0,0.0032025005730964905,0.0,0.0019506527770011765,0.0019010658857407446,-0.0029837131060784752,0.003442881841576249,0.0,0.0005141840751587148,0.0,0.0018197708650546907,0.004410365932810621,-0.0001984125748091579,-0.0,-0.0028815413910366415,-0.000599824478306487,0.0014117603686305113,-0.0022817255252910473,-0.0015860483536269167,-0.0018629933225864873,-0.000639349196377759,0.0014497421711798285,-0.003928153260199454,-0.004198876694422975,-0.0023798726768459325,0.002656608425517739,0.0029690339085568815,-0.0017975767273845952,-0.0,0.0013413912320360767,0.0016360477405443891,0.0,0.0012219023647385698,0.0,0.0,0.0,0.0,0.0008516228905189223,-0.000465357555706515,0.0020665673985510087,-0.0,0.0005400927176426998,0.0012610183306563413,-0.00044410972191288254,-0.0007269954718607329,0.0012208477899427834,-0.0003439103031417582,0.0011493779160152585,-0.000589311482422465,0.001044272531143178,0.004921409367396732,-0.0012987379957474419,0.00029014487796689265,-0.0003721196575595351,0.0022250289412878606,0.0011152875453919859
2000-05,0.0014626105834859913,0.0,-0.0,0.004148059458821592,-0.0,-0.0012049142930139075,-0.0024389564665394667,0.0014695027940855093,-0.0055231807030116644,0.0,-0.000546155566657853,0.0,-0.0002743295123737144,-0.0022859034187878535,-0.0003124065031806041,-0.0,-1.3648664333275794e-05,0.0004828324471408685,0.0007903044462635641,0.001198510179543835,0.00012774650365541903,-0.00040005433358244514,-0.0003823429604628939,-0.00021071006360345358,-0.0028855402738302937,-0.0036605605639348495,-0.0021503563284610686,0.003704748412814785,-0.001631401397321767,-0.0012048013103167583,-0.0,0.00019591568242578825,4.1139359433746574e-05,0.0,0.0008617405826014718,0.0,0.0,0.0,0.0,-0.0011789206837424036,0.004969282850186323,0.0010609112990721693,0.0,-0.0009995395759332967,0.00047703406717917096,0.0002917871076712595,0.0007217195502204091,0.00411602850137011,0.0010504913827257536,0.0071942087760067394,0.002616376526830238,0.003848380370034182,-0.00013723520038627654,-0.0014399876763805436,-0.0021117111137299196,0.0026245896881173887,-0.0024138704009955088,-0.0024916837893326715
2000-06,-0.0030715370076452213,0.0,-0.0,-0.001328905104232767,0.0,-0.0014999624845755833,0.0010698598587909518,-0.0013559613001303292,-0.006855854518353146,0.0,0.00022969432267006264,-0.0,-0.002735525287551659,-0.0013678702332345608,6.107428491850846e-05,0.0,0.0004850772188370219,0.0012956312087043433,0.0015179663858526937,0.0022630800455052864,0.0005479385514216338,0.0002598727264982402,-0.0012998033308891904,0.0008364985274949396,0.002645299924711581,0.0023726198476996018,0.0025586760818367693,0.0033956418822453155,-0.0020610371483996207,0.0007591816727339086,0.0,-0.002688157051990451,-0.0024143715865718356,-0.0,-0.0018195176301232404,-0.0,0.0,0.0,0.0,0.002158427919306511,0.0016222969421990025,0.0058428028852642805,0.0,0.0010980706412776551,-0.003034734222904101,-0.0003777072033412636,0.00010153104789213419,0.00014593452240570454,-0.0015321177211380609,0.0005513889409368875,0.004427838500500643,0.0015090393020415207,0.005043066379353446,-0.0016146325604978837,-0.0004929336902091315,0.0033622694166049257,0.0017418566197181314,0.0006695161152724305
2000-07,0.002205272687629578,0.0,0.0,0.0013281038865866329,0.0,0.0002436721541914307,0.0003423226243674948,0.0006987624635250222,-0.0034864939541435357,0.0,-0.0004471267285417466,-0.0,-0.00035611571345653615,0.002494133834869486,0.000362120738630837,0.0,-0.0016292374531588169,-0.0025670131055291825,0.00020630268432992815,0.0031525138563687116,0.00011755193493149118,0.00047590743520379094,0.004008569505998773,0.004073465048076604,-0.0011883410076815215,0.003156350628594677,-0.0010305653133267096,0.005760346869952168,0.0018863991554318108,-0.0008984458663845548,0.0,-0.0005852489676845447,0.0006049937981159617,0.0,0.0013723294654014464,0.0,0.0,0.0,0.0,0.005596791314224987,-0.0022508634656161824,0.0026091848207448415,-0.0,-0.000227316009542979,-0.0025932808777235847,0.0002523221522950935,0.0019496700173421424,0.0010515599379883659,-0.0026310237261922913,-0.0027258303002100914,-0.0008663656678291651,0.003307281874530022,0.0010046512170825781,-0.00275111110228616,6.030890310074249e-05,-0.002779572940668119,0.0029807787210064576,-0.0004762813924467341
2000-08,0.00034184546435257865,0.0,-0.0,0.003664677704371458,0.0,-0.001636818480342602,0.0025277563081776877,0.0013742262159688412,0.0019946051869828324,-0.0,0.0007597883718404609,-0.0,0.0017562132392332475,0.0037036178553065202,-0.0010605502894936458,0.0,-0.0008972615169848207,-0.0010554302739674021,0.0023595753077756674,0.003184907886353581,-0.0024935440940394423,0.0037317339640381983,0.0017148368697709594,-0.0009539870573010632,0.0027747855607017148,-0.002118730414593599,0.0018875796063380643,0.000356535364787013,0.0035348115514692055,0.0024791561799260868,0.0,-0.0012038159769235852,0.0018229183990028227,0.0,0.0019479602296594168,0.0,0.0,0.0,0.0,-0.002559915716125496,0.0038403729425962314,-0.0006173411609702686,-0.0,-0.001040514933131448,-0.00018668344973350392,0.0003238844120415802,0.00038229479982880603,-0.00015980233223760132,0.0052835225867797165,0.0038913411390851423,0.003054960526993209,0.0005718317727797995,-0.0014336083723125166,-0.004537297621481056,-0.0016945575238885764,0.004083896845077315,-0.00036832874033873857,-0.0016357401084425875
2000-09,0.0040768716873857995,0.0,-0.0,-0.001771533304860247,-0.0,-0.0003687734728557413,-6.66482069709541e-05,-0.0030653585538207846,-0.001585763656019764,0.0,-0.0009806386588249799,0.0,0.0009903666874076134,0.0007414171181801313,-0.0012583065074547196,-0.0,0.000853518958583463,0.000486881132472931,-0.0007453652800973272,0.0011323017638797189,-0.002992286350143437,-0.00044569266220508257,-0.0013244500703787961,-0.000987287605075841,-0.002984032107640342,0.0024708704538909296,-0.0009898629618136409,-0.0022952633066322674,-0.00046753167508170243,-0.00257973782794039,0.0,-0.0009274736477956371,0.0001978184292913914,-0.0,-0.0018760230299409246,-0.0,0.0,0.0,0.0,-9.733283587202399e-05,-0.001497733755467602,-0.00021778811545255364,-0.0,0.0011373275233217432,-0.0008550320358470801,0.0005081503485250946,0.0009189592801635018,0.0008896736822942405,-0.0003353380081390261,0.0010127318246521873,0.0008343257294618289,-0.0009755189850776209,-0.000688912233621192,0.0012015233396753973,-0.002158611742581589,-0.0008622829329831712,0.0004039876327395635,0.0019956069004962405
2000-10,0.002468202770755807,0.0,0.0,0.001978699265202903,0.0,-0.0010140566154660598,0.0016593888730046741,0.0018013955213619533,0.0002516363192955737,0.0027324292034992645,0.00023478155238307178,0.0,0.0002921906687981429,0.003190178607644962,0.00040669347005518235,-0.0,0.0006335092264279512,0.0011504261328833729,0.0019739859934773565,0.0028306745495906495,0.0009690766086158863,-0.0017736149808970899,-0.00027834503399440255,0.0012537398349747586,-0.0017999505152660623,0.00185367783548969,-0.0015806010026177871,0.0009967173314114795,0.0032567417323575527,-0.00039258084845453256,0.0,-0.00019405018151000616,0.0006924400216484465,0.0,0.0012709852938569861,0.0,0.0,0.0,0.0,0.0017056026811894725,0.001106943715178236,-0.001459992051442108,-0.0,0.0009960837093471624,0.0019293962545792707,0.0009067137889404662,-0.0026354338098858454,0.002121633278203649,6.553496258807251e-05,-0.002498247701463028,-0.0009339817688387737,0.0009051505167164032,-0.0007295666977754686,0.002603193694928323,-0.0021480700858252538,0.0012210863180784515,0.001298126356318563,-0.0012087782503692644
2000-11,-0.0006603520167100376,0.0,-0.0,0.0018566338953538038,-0.0,0.003539578067950841,0.0023347232763975792,0.0010248380128302442,0.0013316931046656133,-0.00048508086950260635,0.002901555427073869,0.0,0.0028111340002035566,-0.0021035384000126474,0.0025386219749070297,-0.001272953634017386,0.000792200377646838,-0.002441092176318751,0.00173427061570176,-0.0010017144986160609,-0.0024442215046937762,-0.002780432002525513,0.001588782345626764,0.00035531809339941676,-0.004312053300995676,0.0003764783936837092,-0.0029336005193785573,-0.00031997307457352724,-0.0027917131201196026,-0.0033595346195061998,0.0,0.0021610261501263653,0.00312845519976104,0.0,0.0029201338849398272,-0.0,0.0,0.0,0.0,0.0009138216144070198,5.918954415988385e-05,-0.0003710204740519778,0.0,-0.0002593334813094,-0.0007645571828517498,0.0004983726347388989,0.0004189285949637635,-0.0003355565369102184,0.004451349133829182,0.0064180230699828165,0.0030005588700454276,0.002167080941255848,0.0009368289996614223,-0.0028510675373717782,-0.0008353090551068714,0.0012220004237033072,-3.0371819514462636e-05,0.0011221019671104522
2000-12,-0.003533190479173459,0.0,0.00011490856534867302,-0.005047249590477217,-0.0,0.000946630251955019,-0.0011671514947957729,-0.00283498845813669,-0.003164382912081843,-0.00033473744621465663,0.001299437686324825,0.0,0.0028803110921228363,-0.0061656843853312255,-6.670580996245357e-05,-0.0013256946610690297,0.001850307740243451,0.0008529789339979389,0.0015214923472865291,0.0034686770196835563,-9.416390014028215e-05,0.0022631762104937136,-0.0009018899973231303,-0.0,0.001474020530642117,0.001761238358673503,-0.002232155362138804,0.0009511204174489425,-0.005171998025830505,0.0001943039229943313,0.0,0.002719217884261769,0.002491930045566593,0.0,0.002026797761238683,0.0,0.0,0.0,0.0,0.0033091589705051025,-0.0019066926109483366,-0.0017937101740074797,-0.0,0.001655904988743867,-4.745185559934608e-05,0.0007059067135570564,9.781174998456335e-05,0.0009387821662531747,0.0005230195869127837,0.007416540030318179,-0.0013241466977531244,0.0007814813255788074,0.0017371893246656308,-0.00037798391313313267,-0.0035643571121931747,-0.0038030973382395146,-0.0006966055637403921,5.459522004297268e-05
2001-01,0.0011050333402129492,0.0,-0.0014710001992912956,0.002441846344181643,-0.0,0.00014751905531456094,-0.010632917843332517,1.9176902209179596e-05,-0.0004811151484617702,-0.0003176913715667107,0.0006060011462517487,0.0,0.0010549131486423744,0.0008204285583142725,0.00030081702603293464,-0.0011913308753635353,0.0008779731707950197,0.0006676519508768522,0.0004939331288345972,-5.0979963582584825e-05,-0.0007267979217964632,0.0005555413434268243,0.0002243896566938341,0.0007564757973644461,-0.0017408216000235907,-0.00018480751733919974,-0.001483694981133503,-0.000530444251454336,0.0014320236173079436,-0.0011980966211110069,0.0,0.0026954445171435116,0.0004907490443887533,-0.0,-0.0005801266210467042,-0.0,0.0,0.0,0.0,0.0021167830432324915,0.0007849848863104673,0.003633793292749744,-0.0,-0.0043898813949356675,0.0013880920553992373,-0.0011330703229763893,-9.798807955098816e-05,0.0006118730392729334,-0.004669087676363964,-0.0052353760734161,0.00351260734638529,-0.0005493965870298032,0.0025857987929827,-0.0036791122631676465,-0.0004175514140583838,0.0018176894904856475,0.0007889279190401285,-0.000751503881055185
2001-02,0.002737332395832592,0.0,0.0028874115797500152,0.001278542240816572,-0.0,0.0007022576839183912,0.0023039375535478745,0.0032552072525438,0.003251008897646745,-0.0024238419648546744,0.0005212787184051066,0.0,0.0014043518098722188,0.0010104368690836685,-0.0006256551166909005,-0.0016238796684491556,0.0005493530208532685,0.0015680362410249841,0.0002177663623331091,0.0028049577604759546,0.003186796019344052,-0.0022818712935395087,0.000583512087627674,0.0006277847814501813,0.005188144029868531,0.001855661027158472,-0.0021176443097725138,-0.0013589360880156488,0.001595034575565187,0.004178876377084401,-0.0,0.0009258432250339231,0.0014720013735093557,0.0,0.0016018056884404544,0.0,0.0,0.0,0.0,-0.004046355590178129,-7.63314225802062e-05,-0.000903081631085976,0.0,-0.0018215544791583208,2.9707683602950538e-05,0.0022035805056761113,0.0014220198678172834,-0.001954150061213179,-0.0015755236704973112,-0.0007889783053363554,0.0006068823346901254,0.0007004059412244627,-0.0019312063657765418,0.0003029309490537114,0.00398112025818677,-0.0006153915059761606,0.0010801484133845809,0.001992044748805657
2001-03,0.004845727069049219,0.0,0.002015485694989247,0.0020481187818140113,0.0,-0.0008029116633128112,-0.001431406039938583,0.003167926802152007,0.00457630138078707,-0.0020517902086134303,0.0009647514389760784,0.0,0.0008767568255388126,0.003907887100024082,3.2349102568527014e-05,0.0027291958198129734,0.0031352333754361287,0.00048482380462110396,0.0015433629024880359,-0.0013409639947509434,0.0024295257407185933,-0.002662169186059749,0.0022599737410467645,0.0014700314717490896,0.0028430999821864407,-0.0004011862185722742,0.0016257964326277586,-0.002658146014779303,0.003357488233187005,0.0026216586155173305,0.0,0.0012315264015158173,0.0003555189216606035,0.0,-0.001105311890529788,0.0,0.0,0.0,0.0,-0.001824371385531231,0.0010395172330552355,0.0028969882839290735,0.0,-0.0011517749625415132,0.0018751085473089752,0.0014130772221406704,0.002025533239527896,-0.00014178809698094438,-0.0015695294903414626,-0.0005088853056528728,-0.0,-0.004977977765885133,0.0049319481073627205,0.002132413607483255,-0.0031796739913948742,-0.0008041354546774449,0.002696856861234693,0.00043003349622474144
2001-04,-0.0033137347161191753,0.0,-0.0021836603079493895,-0.0009333689248750523,-0.0,-0.0033019663134617617,-0.002179921183725311,-0.0030514711298679424,0.0005063300289915349,-0.0034443108050701524,-0.003558790894176006,0.0,-0.002584187662497096,-0.0006825192912587873,-0.0030248870298234943,-0.0007537739846314595,-0.0006617478917357793,0.0008681372166729355,-0.00031871610217148663,-0.006969779728401793,-0.0029340204161530815,-0.0037023237160295416,0.002073603129116804,-0.002468077647926342,-0.0026870561903724363,-0.0028100102951682518,-0.0020262379579717594,0.003106700828239102,-0.00025242595891658386,-0.002685540061476623,-0.0,-0.0008333084024529077,-0.0031131296864997204,-0.0,-0.0036862840677989745,-0.0,0.0,0.0,0.0,-0.0011683797846929074,0.0036633602460483332,0.0004743384522499046,-0.0,-0.0015358689408076233,-0.0009604844420379684,-0.00016881499958631364,-0.0002287622082670345,0.0018065703660923652,-0.0023939800402316145,-0.0007799870654448144,-0.0005735014380135333,0.003949685624229973,-0.0002026141370467317,-0.0006817221462269955,-0.0008899156565276965,0.0011716839176875377,-0.0023567099955621763,-0.0004333789756337349
2001-05,0.0008756835334885093,0.0,0.0006511609633964331,0.0009919657558186228,0.0,-0.0005673659567739447,-0.0011479523058358636,5.93239437443808e-05,0.003374360175837099,-0.0021414183266300316,-0.0014323167882614265,0.0,-0.00039786216452573865,0.0038074222026348126,0.0009533546703229397,0.00019036681503803627,-0.0015575353077310475,-0.0012056130788160608,0.002246562932507842,-0.0026822124400793256,0.0018445132177868724,0.00064685580083284,0.0013840474938070545,0.001360017099527614,0.0006298762376583492,0.0027214979509756934,-0.0006366604507628557,0.00013431274292754762,0.0028471579516289145,-0.00010397018534790435,-0.0,0.0003161502985449855,-0.00027669517551794407,0.0,-0.0002981591202949883,0.0,-0.0,0.0,0.0,-0.0010606883682658188,-0.0008801864507697045,0.0024420660216016607,-0.0006628402344665926,0.0025232283574053126,-0.00030733269168926804,-0.00037003970967716964,0.0008525544146554018,0.0005432156664687208,0.002731639274637172,-0.0018697688718581013,-0.000908435418807325,0.00063624345972602,-0.0006357110021480115,-0.0010764796760651938,0.003075341647226655,-0.0004110185375030268,0.002233616390724704,-0.0008392086850021022
2001-06,-0.0005047585589042994,0.0,0.0005444634459190248,0.00014491535022176293,0.0,-0.0008048124619803435,0.0007958519729136062,-0.002013808140635934,0.001427739685325327,-0.0016094191618766815,0.0008131888374165716,0.0,0.0,-0.0002667558693433106,0.0004733043357580316,0.00033657430665717016,0.0022539212671526332,0.0014735332044335761,0.0004819164378629597,0.002401179202017183,0.0015438522976548887,-0.0002685657936977096,0.0017228129018292072,0.0032024978351062544,-0.00022976239866067126,0.0009171556836827885,0.000906889911932272,0.0024731420771887135,-0.0,0.001157283536119454,-0.0,0.0001125475808761965,0.0002745408021935163,0.0,0.0007807968945912825,0.0,-0.0,0.0,0.0,-0.0010732209422968401,-0.003758710952124712,0.0005587930629062259,0.0015505230244986683,-0.0005072989215540115,-0.0008515465536511588,0.0008845889668217461,0.0022093087144465025,-0.00030422308428371586,0.0018341413379519258,-0.00230027271813374,0.0014449339226719436,-0.0032114329213703144,-0.0008730809549593037,-0.002464996134669974,-0.00043360881910455164,-0.0014448280053912174,0.0026850177492465845,0.001746103314550283
2001-07,5.530201524655026e-05,0.0,0.0011067817796349116,-0.0009775294258564514,0.0,-0.003429288407942378,-0.00016521081091686125,0.001371046338623047,-0.00023756762034742967,0.0013676333949329356,0.0026005829191735573,0.0,0.003996582193095845,-0.002285025871027239,-0.0028335087697026005,0.0011508957207768272,0.0002558015219620956,-0.00021309236746292788,0.002086911751994715,-0.0009452154876786827,0.0010026974033088764,-0.000602059735337463,-0.0004716711095259347,-0.0004995078611582817,0.0014584088656318293,0.0023969509272808334,0.0016981740819596608,-0.0033907093732743125,-0.002723512516516967,0.0005286492660755084,0.0,0.0036067734147098877,0.004123148403044316,0.0,0.0038174456864252327,0.0,-0.0,0.0,0.0,-0.003544145478336437,-0.00024892178855680426,-0.0036169112938707147,0.0001298222027981999,-0.0017870110253385867,0.0009034414357837419,0.0007562244994773235,0.0013971481725176048,-0.006712046928335133,0.0010670792147325398,0.0003915099464931745,-0.010360668199972108,-0.006041789250316465,0.0022722323211322795,-0.003951826116126051,-0.0012712343254955107,-0.0003335417545070528,-0.0026377252759538523,0.0004875436862705607
2001-08,-0.002782340257422992,0.0,0.0034459502342720745,-0.0023180328297672114,0.0,0.00283219712467349,-0.00021060917997696137,0.0015544651862064054,0.002919463941929637,-0.00019737125923854912,0.0011050661737966663,0.0,0.0016574344415667256,-0.0032272634951278144,0.001451649996311872,0.0019224782091735993,-0.00221912885336559,0.0005173125365386946,0.0005693614642204197,-0.0003803170171516363,0.0016445189880909927,-0.001208158082392714,0.00021509270203454492,0.0013094408993134235,0.0021364517686111016,0.0028541052659538,0.0010372507774582618,5.162995996906929e-05,-0.0027860726431004406,0.002635573830441377,0.0,0.0016449282738346697,0.0014918015816714613,0.0,0.0021349902123807512,0.0,-0.0,0.0,0.0,0.00033724899615544373,0.0018657957525664128,-0.00017274573427924898,0.002061438534018686,0.0009077833324987856,-0.0013982975966296677,0.0005130707860530629,0.00026418223256704533,-0.0034565334830454673,0.000474826036326599,-0.0030717249473053926,0.00014167904465616215,0.0025421560637568525,0.0061270868754553795,-0.0018146599763804064,-0.0007293014585589505,0.0010603834016820316,0.0006955658090258506,-0.0007541613339089245
2001-09,0.004824101145144292,0.0,0.005108933183955812,0.0014360153591287735,0.0,0.000516885271828079,0.002856302695302281,0.002231526543569014,0.0029779197851328354,0.0007446167111819983,-8.625621650304898e-05,0.0,0.004319057668535346,6.445296358111766e-07,-0.00044899910573940514,0.001939915002877528,0.00046609287613409294,-0.0001336746372393303,0.002110078549917741,-0.005363271274887384,0.004042252688970024,0.005038048759452451,-0.002298521411725011,0.002732581745616256,0.0031158648836254257,0.0027760025359828953,0.0042229314861959915,0.0025086684231526045,0.00206238732871384,0.0032975512956141127,0.0,0.005124631818057869,0.003045305822296285,0.0,0.00019289210712777666,0.0,-0.0,0.0,0.0,0.0033600641731533426,-0.0025140629450219106,0.0028113445832027247,0.004830997745441431,-0.00347196274110666,-0.0032679884472942883,-0.003909656393629758,0.0016378474261185003,0.002455484141372315,-0.0019689540775685967,0.0020418241667610323,0.005129242924487605,0.0009112916925483992,0.0007452600130929037,0.002467200186965449,-0.007071522515396279,0.0025884595943261816,0.0022088301697799173,0.0002886405123050553
2001-10,-0.0014939124674322726,0.0,-0.0016310372316599786,-0.001128272904193452,-0.0,0.004401472560682008,-0.001250397304254278,0.0006835142742456668,0.003970320941237298,-0.0043867500756197865,0.004610394926570558,0.0,0.003004385086306257,-0.0007282715673915118,0.00343776292153254,-0.00010517914621382974,0.0010892843362478436,-0.003997344608063253,0.001708928666010874,0.001721461300858365,-0.0010691073257352226,-0.0013688602474878884,0.002741043065479465,-0.0012670355354597622,-0.002423937737028872,-0.001907834987048806,-0.0015946227292799047,-0.00027969267791408777,-0.0006314705343521105,-0.0006144285299892931,0.0,0.0032155693121575482,0.0034171296098885573,0.0,0.004755380087920144,0.0,0.0,0.0,0.0,0.0015485231671290413,0.002236066560017823,0.0014088714229332931,-0.0008901989458812375,-0.0018581800130843332,-0.002440162815958741,0.0035491759526511536,0.0013203866935203657,6.116139104494976e-05,0.00028190660819128196,-0.002989662477565744,0.005638694959772191,0.0009139635310670492,0.0034438836350788693,0.00130115597864319,-0.0007218253399364715,0.0017420927038613782,-0.002738953993332474,-0.0012227805203730152
2001-11,-0.002232021999334326,0.0,-0.002420532529824654,-0.002080259975665776,-0.0,-0.0028037789249281057,0.006429862841705571,-0.00126018934590805,-0.007105681443454213,0.000809874360094786,-0.002169494970136406,0.0,-0.003185443607971476,-0.00022241688723419775,-0.0013275466230386332,-0.00291792085399555,0.0006087188031503261,0.00047558678698018275,0.0002991122568012678,0.0018707175451242583,-0.0014782596045215678,-0.0024525862510792334,0.0009191840969169745,0.00271809425385819,-0.002796388968057666,-0.0007238969616637776,-0.0022311152645016993,-0.0023997174666505684,-0.0003475928612856549,-0.0029251052796084864,0.0,-0.0018326439117077134,-0.004098409879578165,-0.0,-0.005345626000571854,-0.0,0.0,0.0,0.0,-0.0014368362001413808,0.0007463469639151124,-0.0005405973516142059,-0.0034567162863395904,-0.0025366621650037688,-0.0011375400238638103,0.0008664313523406794,-0.004980336686851697,-0.0009544690577417946,-0.0005616279447452731,0.0027726322743847334,0.003139831973422982,-0.0029622820295853564,-0.0015369092398855072,-0.0005507767050159105,0.00011070312228291725,0.0014227466912210439,0.0014368407245552324,-6.707038291098053e-05
2001-12,-0.0013403757834722176,0.0,-0.0010556039870456306,0.0025203960314340956,-0.0,-0.0014360205136263258,-0.00045569619758098435,0.001647380318758882,0.002570243685062493,-0.0007517619939518325,-0.004811503511448527,0.0,-0.0019576259613326686,-0.00031103161702625715,-0.0037380067066458086,-9.499428803593651e-05,0.003461410633175518,0.0017302691244127204,-0.0,-0.0021569255082738775,-2.7110284818129425e-05,-0.0019061160129219875,0.0014157185105854672,0.0016309925650326133,0.00023134413277697306,0.0009472356933982106,0.001894517766185519,0.0007743479103568944,-0.0008068817782404093,-0.0003064402945047714,-0.0,-0.001155533022351957,-0.0023578001735039254,-0.0,-0.0021596957248266498,-0.0,0.0,0.0,0.0,-0.004335875046939621,-0.0005824247466191637,0.001906734316149453,-0.0006099179988923035,0.0013572409422580325,-0.0007831570262952463,-0.0038316562842712204,0.0035618042645893626,0.0016213678170200064,0.0012939731976048148,0.0006530346096245207,-0.0018373941597307516,-0.003813185769927929,0.002534886884524959,0.0016645079202107305,-0.0005035203122476783,3.5517163288266886e-05,6.090392596873928e-05,0.0007120434219248065
2002-01,0.00029742778039611395,0.0,0.0003355006968879887,0.0032530726071935824,0.0,-0.00032661496910286314,0.0005341091510256817,-0.0006462396558398259,7.907311522191333e-05,0.0006420125324507274,-0.0015421297255055915,-0.0,0.0004718331089000673,0.0026445780460770956,-0.0022715905666693425,0.001551186694869386,0.001464155032668207,0.0013414202507444051,0.00047008798414246934,-0.0005673712900590155,0.0007843774216848587,0.00027833039537713384,0.00036316044532337503,0.0002530903052426316,0.00033035028738567004,0.0013524337457174903,-0.0004081382079057327,0.0027462366748389373,0.0026420422393304845,0.0007363550264613394,0.0,0.0006780591770432725,0.0009641870542153791,-0.0,0.001326799223859436,-0.0,-0.0,0.0,0.0,0.0028695902310279108,0.0003573754675134075,0.0005020386148067586,0.0002845054239951195,-0.0015067855527013177,-0.0005928214636335167,0.0032741287798285887,-0.0036667730316179794,0.0005236550955214596,-0.001823676523424173,0.0015638534743860348,0.0005960746012452999,0.00296622192396693,0.001470637587423863,-0.0006129910493238084,-0.0023736940066477643,0.0007060288458289361,0.00036842145601093893,-0.0001805045411405837
2002-02,-0.0011102761153192191,0.0,0.0003256941633597184,-0.000545110216617344,7.964482262332627e-05,0.001271393296870181,0.001114997222554331,0.0011521066594870574,0.0005482522927273354,-0.0012937718423875581,-7.553781045623015e-05,0.0,0.0017300882901184072,-0.000742117260651266,0.0005626082673254544,0.0005924200775452344,-0.0003522159475303428,-0.0014805743130167277,0.0005867275337625627,0.0026683077566244887,0.00022644562222729397,9.135282899854955e-06,0.0006030303908821622,0.0017908061982061087,0.0015853006397087421,-0.0016979575839517409,0.0006365828252720675,0.00018965884747690164,-0.0008008352403398065,0.000707663983181297,5.47550665420839e-05,0.0012527478499368176,0.0013257738367448055,0.00034410599850135195,0.000885622019733923,0.00037823633992996585,-0.0,0.0,0.0,-0.00010596820950151242,-0.0007134085981655657,0.0007601354704275352,-0.0006454923327696652,-0.0020872262455997083,0.001844307957449579,-0.001905423962844873,0.000610105405744462,-0.00019746000805106478,0.00010734415020075421,-0.0005311029771105775,0.002403155838740312,-0.0023739236514830147,0.0011569900818680088,-0.0003919791876787133,0.0009425326183575426,-0.0013475972031242705,0.001528137485850063,-0.00018678520104838437
2002-03,0.0014878582306644024,0.0,-0.0012327360395339869,-0.0006028992080903921,-0.0011677041507186221,-0.0033448625084370603,0.0004647235813263834,-0.0005691999292577278,-0.0011617758840696821,-0.0007017055691708541,0.002471161012321859,-0.0,-0.0036907440959179205,-0.00019746505828250336,0.001966680716562039,-0.0012216108063451807,-0.0002796503501810493,0.0004230681918490185,-0.00375587580405184,-0.0009110746325965438,-0.0012582623952311909,0.00202360904324443,0.0012331754064087254,-0.001152474370012006,-0.0007413472346468387,-0.0020214389911704387,-0.001662501354726944,-0.000589866130263408,-0.0004793342546658766,-0.0011806364069503997,-0.00029530889287575753,-0.0029020341195302056,-0.00338402951015823,-0.002660345153974925,-0.0033725865998957714,-0.0018982319435970334,0.0,0.0,0.0,-0.0005383214484119999,-0.00297226952579253,0.0006868696768026368,-0.0008644095504096831,-0.00204403958981108,0.0007008424134343251,-0.0008933950207799867,-0.0013566150006735476,-0.0013120025537425928,0.0014871751842160084,-0.002890499278582607,-0.0002950121437561885,-0.0020927170213003938,0.0002554840205021906,-0.002278260444728132,0.0029549179083334432,-0.002843623972742858,-0.0008845501553690669,-0.002700378918672698
2002-04,0.000488899085900505,0.0,0.0014259064469224214,0.0019160512681071623,0.0013008365974150676,-0.0019277234711078842,0.0005286067177606362,-0.0018543371672960132,0.0023346936637177727,0.0003444042951602779,-0.001311174430113439,0.0,0.003297957067637714,-0.0021178740405113383,-0.000853697183448248,-0.0008987323547812714,-0.0015606005548187158,-0.000591135536022689,0.001728318236161823,-0.0005406701116408492,0.0008528650408573809,-0.00020384012451106224,-0.0024673054091569452,0.002711067793992523,0.0014808447108109596,-0.0006254530037204129,0.00016457930886965794,-2.4736937624741932e-05,0.002319238191075464,0.0021839648619552715,0.0005722376876410107,0.0034798772453977253,0.003095211502822841,-0.0017978820606197325,-0.002902768820095454,-0.0015544694849773185,0.0,0.0,0.0,0.0009687041831300977,-0.00025454021685176586,0.001008994758318619,-0.0013210415864436304,0.0013512906297751292,0.0007151159433624537,-0.0007184875083737786,0.0009696178581930041,0.0005316914528060006,0.00020010505870337778,-0.0011333450652258467,-0.004238606314103569,0.0006705519826589485,0.0011199897579690905,-0.0006504616430501935,0.0016621923427272136,-0.00048089821159782986,0.0023420161759288268,0.002845286539216934
2002-05,0.002640425104851211,0.0,0.0010503757053970054,7.656324553410302e-05,0.0009811871787526343,0.0013119570540473134,0.000903423274700551,-0.0029809182448937957,-0.0021550300147831643,0.0017116643008594642,-0.00021293094896989063,0.0,0.0015960503168434756,0.0019972073365665246,-0.0003112478574146098,0.0002676403252262239,-0.0016538681376060552,0.0006388995868501534,0.0002477281427010722,0.00030370424566210206,0.0007951034853020904,-0.0005583593919967334,-0.0014377392323688207,-0.0016985364008022038,0.0006008274656451396,-0.00041643052187205964,-0.0010344024875570666,-0.0014674293827159116,0.0015681506630324255,0.00029053327606892785,-2.4548418064259436e-05,0.0008352415827946653,0.0010562299406319698,-0.00037655970886719996,-1.2828212834167469e-05,-0.0004860002146223328,0.0,0.0,-0.0,0.00021289822208549232,0.0012257498735008848,-0.001818664671533851,9.212924414395494e-05,0.002007098757548351,0.0021829137006699794,0.00296852216034775,-0.0007653595089876586,0.0031104397365391357,0.0016535516814903672,0.001356979859226971,0.005364042035978436,-0.0006602033439353668,-0.0032955828974697973,0.00228877199985411,0.0023109746418641685,0.0007472943039848172,-0.0014719597070110872,0.001829806344228698
2002-06,-0.00018624965974190974,0.0,0.0017702873628645268,0.0042052667895565695,0.002013010504920158,0.0007291227709769202,0.0006285825812920284,0.0009029848911626381,-0.0024628785326045164,0.002331171277593459,0.0020506857688744073,0.0,0.00215531995217038,0.003623543202740163,0.0016928715677780178,0.0013779137754365452,-0.001942639119690676,-3.753289639953269e-05,0.0015123842838976175,-0.0003790612841013957,0.0031840703261988464,-0.002166310590788568,-0.0020028536666472263,-0.004058207835047739,0.0014451977513430573,0.002964115415686156,0.0012094857514795795,0.0020654708793983517,0.003266521922064904,0.0022944011029366724,0.0008724136752589426,0.002416894333255755,0.0019005370761043354,0.002643251390997525,0.0010874939212551474,0.001929435838051512,0.0,0.0,-0.0,0.0008215107622829059,-0.0005596076430259046,-0.0015145412770156228,0.0022462517555430495,-0.0007036905371865615,-0.0017038139665691754,-0.0012513207153581176,-9.591644443068782e-05,-0.0005462992436537468,0.0017461243162317998,7.293283161098694e-05,0.001953887450024455,0.0004424654807258624,0.001489240023997505,0.001410808637890662,-0.0019052161350486577,-0.0007400687222487449,-0.00237494809677253,-0.0013162426987826767
2002-07,-0.001689308121626824,0.0,0.0031473146539717158,0.0017620388673036526,0.00297866182103679,0.0016462737279352962,0.0013624810728301631,-0.004591122941731663,-0.0003527787281876215,0.0008157257066919815,0.0018395925313878477,0.0,0.003907287844109517,-0.0007749563277558726,0.0011680161075838939,0.0006950330741572001,-0.000187921870869149,0.0023775646713489066,0.0006006506538995295,0.0018769610451325601,0.00317176221439859,0.0028539156007296295,-0.0013947031220390915,-0.006367376813530446,0.0009295379680182122,0.0014531480706044904,0.003315824468019046,-0.0022860657115513867,-0.00020481807650512028,0.0023459323844508898,0.0010377151374630093,0.003974672646836551,0.003168879416419001,0.0023623411258676588,0.0019996760182903516,0.0018077633665088504,0.0,-0.0,-0.0,-1.994763111392262e-05,-0.0002439381773862653,-0.0017537534174122604,0.0017227258065496784,-0.0010007924094827226,-0.0013041189498485518,-0.0014812856596372493,-0.0036747697991797363,0.0018696573055556852,0.0008773631673943583,0.0006943750019817795,0.0008143147137345983,-0.0003362169656724777,-0.001831377747667193,0.0023922989423119036,-0.0010224521861837035,9.91257775623763e-05,0.002060211083585161,-0.001887532341191068
2002-08,0.000825507273222483,0.0,-1.5092682031345651e-05,-0.0005771820247176313,0.0004165130357263663,0.0017205192214216258,0.0017572712268212828,-0.0018874566556182138,0.000707926143309624,0.0026076462516813974,0.0016718681708276708,-0.0,0.002123904723231597,0.0002685596786377953,0.0014870518065100604,0.0002786836496766272,0.0003386845906157267,-0.0005517852141770501,-0.0008105284673015536,0.0018689701120351188,-9.803072501428129e-05,-9.455180852233347e-05,-7.138734678006334e-05,0.005352814845608395,0.00023976373771240995,0.0006089307625824957,8.210161947144862e-05,0.0004505530709500171,-0.0004916831646385486,-0.00014704317076710577,-5.243278559788158e-05,0.000788661321484083,0.002326825727759316,0.0017447588758823017,0.0030431216619150633,0.0008902633474747948,-0.0,-0.0,-0.0,-0.00019457446672642575,0.0004259522380397486,-0.0011565267918509832,0.00024993622439454366,-0.002007251460395253,0.0010165040224944571,-0.0009721102038412321,-0.0002902580239037069,-0.00026976793293453347,0.0005952519736833319,-0.0006668982351257799,0.0005400692964217943,0.002001458340973041,0.0038201783270928615,0.0004465018013678752,0.00036215684644853326,-0.0014488749454688017,0.0022935314274163485,0.005693122499922334
2002-09,-0.0005158056468862142,0.0,0.004738882755866177,0.0011861225757498774,0.004291019264447242,0.0013300747927890168,0.0016624998429654238,-0.0016779302983261721,-0.0007538458751094827,-0.0005718485073639866,0.002463555719043006,0.0,0.0039400907477224875,0.0003641442733881966,0.001907202940406699,0.001982403745819861,0.0013082452054875597,-0.0012318953899167215,-0.0003619901893076774,0.0011192093395443886,0.004347067840639804,0.002092305985572798,0.0019123638130038743,0.005413038698221693,0.0013137390712032186,0.0009523421147016016,0.0014975897115939766,0.0020407010175342963,0.0007919957341060766,0.0032323631708414268,0.00039268529124992943,0.002687913442462903,0.003669695032962851,0.00311366447248178,0.0027349707937775612,0.0022206725468384347,0.0,-0.0,-0.0,0.00023554928640013325,-0.000451479221108406,0.0018217747520740042,0.003710055620098507,-0.0010412129006089899,0.0012724886900755332,0.0005102898536735243,0.0011905082547251649,-0.0009451676844420939,0.0003197364396348808,0.0010020844542025448,0.0023869843769401483,-0.00015349854621635138,0.0006293899187194329,5.234537326884776e-05,-0.0006182181202901996,0.0007078434518938099,0.00230477069307862,-0.005756184769242841
2002-10,0.0010876298510684372,0.0,-0.002207203912677807,-0.0001170751506119764,-0.002861592217995448,-0.0006267913680711145,-0.0021358708826309807,0.0018647957533782782,0.0006410216886166587,0.0015673125651351912,-0.001260873355926216,0.0,-0.0006497993319727799,0.0001951738411516035,-0.0013575494319144569,-0.0008024971108317099,0.00040781797434632524,0.00019599613313911338,-0.0030681899440231208,-0.0003147495445398901,-0.0026729268007709716,-0.0010466941263394694,0.0007678485254134401,-0.0022395669615210747,-0.0020811842573147713,0.0017003747165340811,-0.0006160352599013663,0.002233679027009107,-0.0001655579319221229,-0.0024232888119618914,-5.314658405385313e-05,0.00031067663287734354,-0.0009906002468856611,-0.0008151496100832356,-0.0020200268655305733,-5.169639360080046e-05,-0.0,0.0,0.0,0.00026646688394946693,-0.0005458891630248159,0.00041421733637165095,-0.0029638366969238624,0.000514489826117637,-0.0009542862130420903,0.0003114530200694727,0.0022584648782170286,0.0020242004699139254,-0.000381580562252853,-0.0002674077734809299,-0.0004921494217501505,0.000693252374493801,0.0016108298384615372,0.0008899888742284654,-0.0016491530215888876,-0.001678806731907109,0.0004582911690806822,-0.0011727907415445922
2002-11,0.00044417069757545836,0.0,-0.00105567835327166,-0.0002838815274662234,-0.001338307361806112,-0.0002505999076443992,-0.0014713654641535646,-0.00035615347675926293,0.0005907218279343468,-0.0006335016904097569,2.959313700979399e-05,0.0,-0.0023907926728082454,0.0003486109603205833,-0.0007769059209351425,-0.0016341099353973762,4.857602204918901e-05,0.0007657050112473004,0.0003757884056823573,-0.00010181282995158301,-0.001209236112425713,-0.0015022576367445303,-0.000765732050858901,-0.002831952631537758,-0.0016859950215670652,-0.0014444628833889498,-0.0018756964634546254,0.00011226288858705756,-0.00021732178144352542,-0.001778060545924385,-0.0005941529657880224,-0.001584880744286034,-0.0019605739393416437,-0.00020805881855355285,-0.0008490549102119946,-0.00018472985351665144,-0.0,0.0,0.0,-0.0015647643070387702,-8.613298598792033e-05,-0.0007182905866703987,-0.0020173061203974507,0.001852438315014755,-0.0002146736716868536,-0.000720724835486925,0.0014047643568507583,0.0009393763774410693,-0.0005078434681349643,-0.00014687977168868045,-0.00015809128274239418,0.000464365601159616,-0.0005673672973325335,0.000608913848739284,-0.0007951925685255009,0.00019944481622410204,-0.0018268530263981595,-0.001381102844264925
2002-12,1.1467481498628172e-05,0.0,0.0029038463447065535,0.0028339488781213874,0.0020742388762471017,0.002519864389875174,0.0027818409637703242,-0.000708361424979274,0.0003451564689395513,0.0009579696245640537,0.0025365722231474393,0.0,0.0035109060724870544,0.0029401128622600268,0.0024866419232454414,0.002033085980149233,-0.0014726985810734187,-0.003034374295649972,-0.0026095374969007114,0.001408479011854296,0.0021235683625096826,0.0012366439888158586,0.0012100366923566799,-0.003410818384059722,0.0015813862599694999,0.0017863309751827666,0.0013642659696116873,0.00045692006422224225,0.003805339557662035,0.0019747861259005596,0.0006135873599696044,0.003021341719942101,0.0035039058148227213,0.0030276333207365507,0.002847390470441014,0.002043988483009339,0.0,-0.0,-0.0,0.001158829509227223,0.003265000910500493,0.0006820565908065964,0.0019257037431262276,-0.0006191137286942684,0.004476544179518721,0.002942778818720326,-0.0022640571041593334,-0.0015375292248795364,0.00012931760450801268,0.00120886783331806,-0.00033451657486719533,0.0009397725697528742,0.0010634824210642275,-0.00045014149055217943,0.0007229461058678,0.0024111059373316864,-0.004536490954414608,-0.0008168902461798477
2003-01,0.0023390676084131283,0.0,0.000890624349267436,0.001835917612832219,0.0008857012256384697,-0.001350565698787951,0.00320091627331871,0.003536142196667218,0.00040022338414861646,0.0012099964923543947,0.0012842516327711952,0.0,-0.0008520110425136111,0.001316783855005259,0.0007934869811453368,6.683885193421747e-05,-0.0005628307440105541,0.0011970791572551175,0.001480574455664076,-0.003556459851678989,0.003132274065244243,0.0007992937533423833,0.0030987235340233575,0.0002613031883587717,2.9357905716772422e-05,0.0003823983396627911,0.0006190508222602614,0.0022089227194443573,0.0006122562197061438,0.0008036162507821388,-8.072337594678998e-05,-0.00014631420367311433,-0.0007615536339196916,0.0011251809965208731,-0.0002830328130453754,0.0005718537383416461,0.0,-0.0,-0.0,-0.0008881552956312141,0.0018074150843258615,-0.00027996692783326723,0.000988509508552949,0.0012069654936126602,0.002753788951506024,0.00035346120029780494,0.003575896697646422,-0.0009679503829202596,0.0006496981904509809,0.0015703978360759934,-0.00011158642049675765,0.0029362532826985696,-0.001782616052212752,-4.887029543332588e-05,0.0009830969472669534,0.0016432327707504356,-0.00035210428207952765,0.00010609577495448784
2003-02,0.0016444293087287238,0.0,0.0014063013780786845,-0.0030762094431177178,0.001465131170071182,0.0008539391165158339,-0.002406053645969656,0.0022954908886470256,0.00016318703575901535,0.0012616537649095222,0.0016213104988431466,0.0,0.0021789679535567327,0.0002811082721817556,0.0008251817469443469,0.00033953973623995667,0.0006949790177054934,-0.0018034345839241664,-0.0024139346159399023,0.002827471599927879,-0.0008406069992431802,0.0006325196256240455,0.00023169953916259118,-0.00025019669338947973,-0.00030566605211486994,-7.414410344492109e-05,0.0006482312430004329,0.0002448234811749937,0.00043906688735886976,0.0004462532741302613,0.0007206226645735201,0.001269378557576012,0.002134245904964741,0.0021740276320609026,0.0019721658719407875,0.0012954638142608855,0.0,-0.0,-0.0,0.0006820542270384981,0.0015495325369128984,-0.0009104095914760029,0.0004303330216642944,0.0025043334494534914,-0.002507371327633759,-0.0019250344792728588,-0.0006957027047651106,0.00046023430823930513,0.000929749960946008,0.004265138508100935,0.0010367097608589512,0.0005966992417034353,-0.0005935683764002678,0.0005556510161732759,-0.002406978986137102,0.0020591773568242305,-0.0008739805050562396,0.0006627661716708007
2003-03,-0.0002742563620441935,0.0,0.0008532350669517504,0.0003872435895547248,0.0010709754517090747,-0.0009888555263910027,-0.0005136747201474432,0.0010497737539581296,-0.00016495308614774938,-0.0,-0.000986213080059909,0.0,-0.00022732867248677918,0.0005015442717123264,-0.0008708298017645434,0.0013138138896257293,-0.00010488805756454176,-0.0006967609312243884,-0.000144556443612364,0.0010094049656695513,0.00010024600769715575,-0.00019912115111534172,-0.0021894373892718836,-0.0006092338988162994,-9.417776051957367e-05,0.0013366072822617737,-0.0002882921980807266,-0.0015501926516985026,-7.510047740592533e-05,-0.00024525589418741026,-0.00018492800798573878,0.00024199924437002626,-0.0003989290930516429,-0.0011573333018742686,-0.0009233374911846923,-0.0005153435695725622,0.0,-0.0,0.0,0.003020374196081741,-0.0022480692542530926,0.0003948054049364005,-0.00017793505697981577,-0.0013936312638296875,-0.0018504380686952145,-0.000929857170999816,-0.002363436608565722,0.00043272589838303015,-0.0006568526097342084,-0.0030017933473295948,-0.0010658977132675853,-0.0012298038213497833,-0.001667768416191104,-2.3551489649538474e-05,-3.169207886430154e-05,-0.0023115445249293756,-0.001893491606869149,0.0012766367350693076
2003-04,0.0018890390757925824,0.0,-0.0037331798753282536,0.0009776000454860827,-0.002978917642680677,0.0016112381618490165,0.0007185936153469086,0.0026632186041280624,-0.0011638890412718865,-0.0005381862732515833,7.109267811594113e-05,-0.0,0.0002858966468329281,0.0013600122976873239,-0.00039939293340120647,-0.0006604409960099596,-0.00034651591750964794,0.00212437377965095,-0.002486147571083814,-0.00018918811205052705,-0.002587927635187672,-0.0019180006427284165,-0.00395699180151837,-0.0010401013110203844,-0.0010588885856968354,0.0004651026374422057,-0.0022280950795284826,-0.000655048308232149,-9.479592704487887e-05,-0.002375000437825804,-0.00013693050570100535,0.0004565191473935203,0.000203817288916736,0.00010750839337796844,0.0007033272019476379,0.0001843068652598648,-0.0,0.0,0.0,0.0017010517429164632,-0.0024367272798355663,-0.0007117518654736988,-0.0018568499975549744,0.0013333503652012974,0.000331858948392928,-0.0012693622618610476,-0.00047682762895123114,0.00042900296130655616,0.0033767011396074855,0.00031291658674828407,-0.001656475622181877,-0.001470169087870871,0.00459113471978874,0.0024983559979023786,0.0010552763326181777,-0.002339439102862329,0.0006551537266764007,-0.001180059047040572
2003-05,0.002164272850019413,0.0,-0.00044387185075456237,0.0019461092076307582,-0.0007437709599532173,0.003814714601316937,-0.0037127768928644023,0.004831113223856936,-0.0014802698094370792,0.0013346701219197293,0.0031375207117955513,-0.0,0.003115418401052275,0.0029441202128293255,0.0022432784746437024,-0.0024210916795281735,-0.00023183187174270637,-0.0003822169808414749,-0.0028826762268370325,-0.0007691745687409364,-0.001368174732529413,-0.002377878975339641,7.475334761515863e-05,0.0014601261967510718,-0.0011211335725786627,-0.002164478070898726,-0.0027966996250508524,-0.000253165878832549,0.0022389361098604484,-0.001642103400400627,-0.00016355260160675147,0.0011178058228805373,0.0032260382630514835,0.002793103825297627,0.0035948993275493413,0.0015191251914735144,-0.0,0.0,-0.0,-0.0021458079382671467,0.0012356609247570001,0.001630492127037852,-0.0014618616704818942,0.0005163266916208489,0.0033982049755018565,-0.0008314305973850948,-0.0019004533612226849,0.00012512164259633184,-0.0004902821476371038,0.0009722482207881464,4.3533105631750876e-05,0.0016865537502589892,-0.0018657046870123577,-0.0001317223037699654,0.002185562064905107,0.0022531669974213677,0.004068191775411832,0.000938332679154304
2003-06,0.001463281921460303,0.0,-0.0014522139749773002,0.0008398764889120917,-0.0009414187338269748,-0.0003500043935991368,0.001722236718320701,0.001337299262785424,-0.0019244489513331841,-0.00038692503035524576,-0.000644814979671734,0.0,-0.0006383121575918413,-0.0012974426545923903,-0.000963530604628696,-8.590640857882901e-05,-0.0002772691957477121,-0.0004688887411720752,-0.00024446956015725064,-0.0019816044487464624,0.0004422540632464544,-0.0003550668058880045,-0.000523319599633683,-0.0010184183155800477,2.9072653689969005e-05,-0.0020143001971239007,-0.0004848246558311665,-0.0015688674973561266,-0.002185114964975345,-0.00037514656251935063,2.7215663852326313e-05,9.402279704799773e-05,-0.0008078061184049244,-0.0005476148682233001,-0.0010256377898748275,-7.800635220343693e-05,-0.0,0.0,-0.0,0.00022950730709600574,0.0006202599165834796,-0.002017248844603636,-0.00045501760656570716,0.0009394829572161255,-0.0025165337143935335,-0.00014537266305737995,-0.001130939044792793,-0.00016636647094259066,-0.00023193918957230207,-0.0010984351809893136,0.00011601341367974636,0.001425248078250621,0.00019973098266336337,-0.0004446355237332972,9.059075903798299e-05,0.0009181176595956132,-0.0019070906300482585,-0.001097640826687019
2003-07,-0.0016858157798852248,0.0,-0.0015710797510451466,-0.0019082592881546048,-0.0010638522353616448,-0.003212203760581853,-0.0016604449376345712,-0.003552050226410915,0.000488349183957595,-0.0027454753007085725,-0.002713226858586217,-0.0,-0.004412493292158744,-0.0011395141583006847,-0.0026224013864692896,-0.001459026322334662,0.00047131479984898725,0.0019469688147042313,0.0006977944873330738,0.0006002924286718359,-0.0010484855711263919,-0.001087634084476156,-0.0005341206046413261,0.002074599340236132,0.0008617923986107599,-0.0019290036787157692,0.0015674718881449514,0.0024017225949287783,-0.0007246644233665292,0.0005066590100536691,-0.00016723115900233116,-0.0020413412796123362,-0.005635865923905319,-0.0029307283732295645,-0.006564782819848923,-0.001757517537846706,-0.0,-0.0,0.0,-4.8435770663882583e-05,0.0008650625099536173,0.0026895578112177128,0.0008701046994263799,0.002509115653040284,0.0010355555899569451,-0.0041024087965300955,-0.0023340047697427303,-0.0025401770279514266,-0.0018583344244700332,-0.0008420639892678679,0.0009127319705425902,0.0014242704886013216,0.0026141896207016787,-0.0029130192657998155,0.005867290054266592,0.0003605072831579658,-0.0032168852798255066,-0.0018259805014593019
2003-08,0.00019595038557880374,0.0,-7.094361535062419e-05,-0.00143664035122875,-0.0008404168175000878,0.0008456459153062623,0.003076633124749458,0.0015584643242095616,-0.0002730737107968121,0.00038254148344433743,0.00031342452528474,0.0,-3.241757988609468e-05,-0.0012834605700816812,-0.0005320949545565105,0.0023161485406142275,-0.002074195656762525,0.0005355444495125778,-0.0008114604272379216,-0.004550435130617048,0.00029994989993684194,0.001286969861396668,-0.0028501690513232417,0.0006780927001388345,0.0007577400617704966,-0.002298273854874606,0.0012561167794181776,-0.0023221062644065813,-0.0012793605626170341,0.0006056595159477791,-0.0004578386105227179,-0.00013651069224144977,0.0006865466270957263,-0.00016927485186336952,0.0009603796801397127,-0.00027685037144274097,-0.0,-0.0,0.0,-0.0017163617677070488,0.0016988040260322306,-0.004321697116960664,0.0007309525199221307,0.00496529153631154,0.0028979719774673385,-6.0915697502004534e-05,-0.0005417433864248285,-0.002548248939032372,0.004968070106558957,-4.030095201245626e-05,-7.907722045270698e-05,0.0010466642242732951,-0.00013289625768699544,0.004329019435903492,0.0031413913850960383,0.0006742644850301838,0.0014430293217651251,-0.0011968742532222144
2003-09,0.002572704307524672,0.0,0.0013913211375567883,0.004184436458733025,-0.0013851638896158313,0.0026503089658880367,-0.0011594739987695966,0.0023824043571842907,0.0029850552636966126,-2.9097356884563368e-05,0.001770978478302188,0.0,0.004129875139066939,0.003326612911380098,0.0008041343203594433,0.0008073532105491177,0.002826181860958374,0.000638326340239172,-0.00014609474931516936,-0.0008946523443095592,-0.0006358703000750156,-0.0004891108707324544,-0.0008648129620881373,0.0011548417720490419,-0.00046015428013466573,-0.0005564696705919417,-0.000536204847061174,-0.00019365128945181617,0.003214590984124011,-0.00039150280348627324,-0.00012436320630590238,0.003249572445632887,0.0038802627383065316,0.002547937997764966,0.0033570108542746867,0.002025793557702893,0.0,0.0,-0.0,-0.000854538994351423,-0.0013425637019830565,0.003076598370233725,-0.0004169347776500234,0.003497782336498625,0.0012054168321580761,6.023481444070946e-05,0.0002484350464101006,0.004395869817429314,0.0030773785439728264,-0.00015855152347219535,0.00028823091600360613,2.0473445705201403e-05,-0.0006857376510482339,0.004721924701566061,0.002528597083430546,-0.0014400191372731612,0.0014110705641165737,-0.00020277188357782335
2003-10,0.0021917738951903742,0.0,0.0022754749159285344,0.0015759600727407437,0.0016637524226688289,-0.0019238332102484458,0.001582151574777391,0.0022154532518386346,0.0027348120588247156,-0.0006308576923162259,-0.002253705051562322,-0.0,-0.001786408016247779,-0.0002769108648690749,0.0038612148740842602,0.0022884189556519794,0.0007006230693802783,0.002652926375415773,-0.0011737843715777544,-0.0013899113450066274,0.0014468979343939825,0.002077117056502232,0.00016141530526868895,-0.0009027580394171284,0.001245217136444162,0.0011175477016455593,0.0021892963412043203,-0.001283271109697167,-0.0008758916118354929,0.0017026612956645012,0.000785446735962408,-0.0013530728118697165,-0.0017341516456504996,-0.002524531573510367,-0.0017522235592649796,-0.0018168124718533143,0.0,0.0,0.0,0.0005011971774400436,0.00018629137037966565,-0.0036418863610491402,0.001709648944477172,0.0028162821427617645,-0.00018580761181239354,-0.0004353155532982892,0.0035355973127126493,0.0014444967022243214,0.0082385198201826,-0.0004642874372401097,0.00038576048892708856,0.0019685259263505415,0.00059421924808788,0.005385341108892243,0.0032419537783943807,-6.0777379131715596e-05,-0.0006030315722906559,9.440112275786199e-05
2003-11,0.0013011123810877504,0.0,0.0004971954851696796,0.0013129901546598253,0.00034664381090128156,0.0002447257657202557,-0.00019632391916110707,0.0015091049674127068,-0.0028199053474776093,0.0006610963286033718,-0.000764501054822025,-0.0,-0.000205021932584871,0.0018918904471289229,4.281594397333358e-05,0.0005725105260926154,0.000229325990434864,0.0009496156479915388,0.00037516813152125536,0.001033477397217143,0.00035850149952273074,0.0009777341279458053,0.00232122525244675,-0.0014233705360644775,7.503791648607442e-05,-0.0011418628495119005,0.0009456921385631899,-0.0009813654120149236,0.0019396912195292872,0.00024601213568391223,-2.893369985231671e-05,-0.0003963653602089348,-1.0840460577775677e-05,-0.0007943965368256252,0.00025140464560534283,-0.0005266221894107899,0.0,0.0,0.0,0.0012946642781882707,0.0007358667692526242,0.0004760259559003073,7.832669131854033e-05,0.002392254618895401,0.001433093935098504,0.0016993032205617662,-0.000927495101919658,0.0013506473069452023,-0.0025578650830090865,-0.00030875599871311467,0.0004968452064068736,0.0008962078204569713,0.0018223217258774773,-0.001507972328624584,0.004064013728203946,0.0008868791309469832,-0.001546116995695609,0.0010108987453548268
2003-12,0.0021378605781031835,0.0,0.0012484884667263822,0.0027498087325356665,0.0008024279495972257,0.0014010718946954259,0.0007496369942673523,0.0002450642732632529,0.0012635738240418554,-8.048669372954044e-05,0.0016143905826129597,0.0,0.0012881030169516704,0.0025650796945590726,-0.0022773233790715714,0.0006527140762974495,0.001005164270660826,0.003026752160062566,-0.0013453426284466261,-5.866427366779717e-05,0.0009094535088059533,0.00045511980174984504,-0.0014318572679859287,0.0007278095714368421,0.0004443848329281092,0.0015289744975453298,0.0005488684295107995,0.001734504542222044,0.002087363265140414,0.0015757304886102458,-0.0006320076101463754,0.0015307995302738981,0.000979784548661051,0.001904796884221618,0.0007164331469843521,0.001883676368679516,0.0,-0.0,0.0,-0.00046627956601586645,0.001710943098088133,-0.00032636003091204965,0.0020961114103787105,-0.011463575265711875,0.002079569249873154,0.0032893647291080356,0.003628736832995897,0.0006457419692469155,0.001576544772009206,0.0019375841456933675,-0.0005459020720592891,0.001792975047471366,0.0003112997063633993,0.0011512874568245523,-0.009275968882243522,0.001255683078325348,-0.0019119463077059704,0.0005422430568385756
2004-01,0.0009680881674297095,0.0,0.00043781241672053925,0.0017883497335927456,0.0005053438556056549,0.001127540957731656,-4.429219124773672e-05,-0.0017202499349828703,-0.0010700854430344849,-0.0010508577107973176,0.0006535440952879851,0.0,0.0007035259654135856,-0.00034683256588439196,0.0006246298550747874,0.0014866268368696933,0.0009323454477939619,0.0010824552488817852,-0.0032044180419357727,0.0002988861839007312,-0.0006414122474410444,0.000596543273629274,-0.0013271888737622795,0.0013706737585312803,0.00024413954808303953,2.7290305579957806e-05,0.0011754868795668745,-0.0005502690218020898,-0.0007385798084317562,0.0005448189944196972,0.00014495622050193058,0.0005437998063730384,0.0008108045085312466,0.000861321817437269,0.0009620512902694665,0.0005817467832654827,0.0,0.0,0.0,-0.002373780899873199,0.0006829277007250589,0.0034866108131058294,0.00016500810396325474,0.0030294768112390817,-0.001593074187271458,0.0015615908395055832,0.0025658355533207423,0.001305706919538964,0.0011825088970433672,-0.0012895124326564834,-0.0010601121086857978,0.000979641950524119,-0.0016451443182491894,0.0008756339771375591,0.0020561389296037016,0.0004389242736832778,0.0007488159537345843,-0.0016578547835789312
2004-02,0.0008419228081296103,0.0,-0.0002689801634328851,0.0018690587680875138,0.0005125955619583664,0.0013133300218504524,-0.0005270023199426181,-0.0005985017640375064,0.00025693682213705834,0.0031155536102864248,0.0017595402162556143,0.0,0.0014010465293913857,0.00017448507707787213,-0.0011022376260658119,0.001553839635304131,-0.0018722037240204656,0.0011699280325126748,0.00029079351605231906,0.0023483636343773636,0.0007381266285276707,0.0006675218832814239,0.00018129846563077757,0.0016579349610975288,-0.0002350216836113172,0.0007968337546327774,0.00022905288544464725,-2.458981483175224e-05,-0.0001819277173587244,0.00040818683894773566,-2.8975684201783408e-05,0.0013740901422419536,0.0013199919445587441,0.002016959999098552,0.0011677258709681722,0.0016844975465364895,0.0,0.0,0.0,0.00010076877560039196,0.0017859840860135648,0.00229385838739163,0.0003489978964817454,0.001333755023346319,-0.0006638497970655741,0.002399534054086544,0.00473749399462996,0.004518840183937305,0.0026395990835703384,0.00013553196466692345,0.0001364949321125005,0.0022017800964399164,0.0021555357260266018,0.00432245843823367,0.0015732723947837497,0.002220771897138795,-0.0003670108836643153,-0.0008732689330226913
2004-03,-0.0003209824267227069,0.0,-0.0008188674428878823,-0.0007134445946712729,-0.0006343462688184922,0.0005277187575590994,0.00019164523316162886,0.0015802718741454256,-0.0026846631793726217,0.009289957491718508,0.0010799663916524484,0.0,0.001091107664410546,-0.0007893370144574667,-0.00025059120384419514,-0.0027547073618535965,0.002556877596335447,0.0007227405240211204,-0.0007361391410296659,0.00021483941072861644,-0.0006358240517452871,9.254586424681569e-05,-0.00012794446607991593,0.0006155610073382725,-0.00035339672502041205,0.0017526264615954597,0.00024278143550433747,-0.0007458063206596048,-0.00024729417641581263,-0.0005102255115133743,0.00023182746852307156,0.0007698470842018445,0.0010004005107852008,0.0012234484581158762,0.0007262955253335866,0.0009059403319408928,-0.0,-0.0,-0.0,0.0037802412807402936,0.0001537521301842391,0.0017702350522154932,-0.0006057763819595744,0.002014495416334867,0.0031626025980657302,0.006257472578138936,0.0002560080209732205,-0.0012979330617313334,0.003151417921593967,-0.0007695421195459254,-0.0012137638353997267,0.00075904765609426,0.0006026401364150453,0.0017640089970005822,0.001339493652752486,0.00018587578600594214,0.0010297971517045817,-0.0020614128488629685
2004-04,-0.0028327844877118528,0.0,0.00047020312941418167,-0.0023074683188442496,0.0002986612926503573,-0.0018119650477605729,0.0013463816322148321,-0.003279990852036738,0.0013964513136746136,0.000230074540533997,-0.0016866817380777675,-0.0,-0.0033125452813838607,-0.0014283796833849673,0.0017028955449066882,-0.0014172814759284185,-0.0033088675345910442,0.0008070434642436924,-0.0016311373650391382,0.00225259787931366,0.0006988325225522578,-0.001009479084416562,-0.0015218947085565452,-0.001082098658250736,-0.0004330170530353967,-0.0004899591692563466,-0.0013766624045574783,-0.0007082352833707086,-0.001256267336625141,-0.0005299293666688432,-0.0,-0.003097413432118799,-0.0031039559406440837,-0.0017736682057800065,-0.0030161516796893446,-0.0014012262387428122,0.0,0.0,-0.0,-0.001700845150704181,0.0016914350359301922,-0.0003660803833597274,-0.00043146050358620414,0.00564665828833384,-0.004093268146981574,-0.007182326625059001,-0.0027210923139458407,0.0009536562326212067,0.00032179396795989926,0.0002783418373891959,-1.969231643346841e-05,-0.0037170197594403303,0.0037482021444997064,0.0005712340460451926,0.0018426240244036832,0.0011497489755980645,-0.0015136131149678647,-0.00013974099461370941
2004-05,-0.00044280565748310865,0.0,-0.00022422992268673214,0.0023549421734122373,0.00028175854638322367,-0.0007973295019148836,-0.0005192814106209296,0.00042813818732188034,-0.0005497149179114223,0.0005227017325735797,-0.0010769348782279978,-0.0,-0.00035153564532801524,0.0011525205763513137,0.0011406442841028137,0.0008621986212543957,-7.883885798832837e-05,0.0020220029053720466,-0.004469234022024699,-0.0005790099437776324,-0.0005077247386670798,0.0006276632743254061,-0.00045732943966115733,-0.0009107249608750951,0.0007869989996098187,-0.0006342837258432588,0.00039208249856320415,-0.00028077998229722115,0.0019274984580121056,0.0004256820479314185,0.0005327736608743076,-0.00047767267918165976,-0.0004379604970935938,-0.0010532311307369984,0.0002606314283196453,-0.0007301072009073299,1.8331810688746152e-05,-0.0,-0.0,-5.097486177890249e-05,0.001593542650544177,-0.0017462288281392415,-9.338546577378651e-06,0.004490028140710819,0.0006666905056307382,8.096413881641097e-05,0.0012917248403929915,-0.0038376077512518943,-0.0056154899403852215,-0.0008476332461147433,-0.0030787671826426823,0.0012784448585740277,-0.0024429461115507015,-0.005764244166025605,0.0021576172830597173,0.0014964487428199757,-0.0016969361785343262,0.0007103495753629955
2004-06,-0.001066027652152552,0.0,0.0006594949814029669,-0.00041065593316858505,0.000522465686921968,-0.00040363784916314175,-0.001459682675195272,0.0019272514755476534,-0.0029023011074018864,0.0011751479451680585,-0.000752930306279797,-0.0,-0.0005051418610243893,-5.0200686826825706e-05,-0.00043821963183679306,0.0002698280917572655,0.0008150279436461639,-0.002165192474701686,-0.0025056775688409795,-0.0013378131704896092,0.00024612487983016404,0.0007202253871140654,9.736703492600746e-05,-0.0010471222023472522,0.0006211183843581118,0.0016627814122855268,0.0011878634600729202,-2.4367074885493957e-05,1.467325427702115e-05,0.0006194717846596648,-0.00021094624571124597,-0.0,-0.0006569413085578579,-0.0004312637147695764,-0.0005602020587096609,0.00022745072010809373,0.0006319620082630785,0.0,0.0,-0.0025029239950152497,-0.0016869068581624638,-0.004620669901910734,0.0007693362803024175,0.0006912929880027429,-0.00020000209206059893,-0.0013525729268760668,-0.0013919136356364329,-3.0959996444242005e-05,0.0032410850298778228,0.0005780870369505516,-0.0013863079690395856,-0.0014958653075977262,-0.0027018480111913913,0.0010694224274755985,-0.001094760582476992,-0.0016633832526764575,0.0018127794749142633,0.0007998180136795408
2004-07,0.0005272916548256743,0.0,-0.000914803409248417,0.00028148731185802765,-0.0006180383293297296,0.0010083837169249437,-0.0035382009747501235,0.00015120777743509418,0.0024989213173471597,0.0011439592815402147,-0.0011269605862398453,-0.0,-0.0008101511559416531,-0.0008484873653520125,-0.00010912060467558288,-5.2356786128544915e-05,-0.0015179657897547404,0.0005157677679178034,-0.0018023934667015678,0.0030720765333856503,-0.000468245658339819,-0.0016376046386472342,-0.0008874979102035075,-0.0026362833651474233,-0.0014977629885876511,-0.001757472099226479,-0.001957971625396604,0.0015123430206658453,-0.0015581612094017453,-0.001214414156642706,0.00015335806730181687,-0.0007437234356245507,-0.0009755497552492988,-0.0010059056074142652,-0.0009092075706112172,0.0006944986929880674,-0.0009554486711897078,-0.0,-0.0,0.00013269730281457006,0.0028767531894473793,-0.004577834041277844,-0.0009315400979076892,0.001620023796305117,-0.00020992364660822897,0.003131067687174884,0.0018936754011649195,-0.0032561485001716913,-0.004745004629776926,0.00014709140648657437,0.0019434926137506263,0.001365187599182472,-0.002573228442315119,-0.004045636886321962,6.3025195709391485e-06,0.003652169671926855,0.0023874335715829945,0.00048302952869858784
2004-08,0.00037202505974515257,0.0,-0.0005551261237704885,-0.0006085062786884607,-0.0003731811084225514,0.0018269448494267911,0.00016794277156501945,0.0012211718174359465,-0.0036442724872406767,-0.0022927523715835637,0.001943548730754898,0.0,0.001990764659267337,0.0008138632737250577,-0.001354408838549642,0.0014446254115512264,0.0011112095145928069,-0.006355288845502265,-0.0006501615310449432,0.000800308541501038,0.0005008931884184467,-0.0001288709431176542,-0.0006710511442133762,-0.0004805864683011503,-0.00041850182236747115,-0.0005223930343138859,-0.00017666366178581075,0.0007187769505761629,0.0006189420961644731,9.42889340523404e-05,-0.00043760955695156683,0.001980598532830716,0.0019044175806288356,0.0019095767145755685,0.002029166513379906,0.0013565636093350012,-0.0003470044086396236,-0.0,0.0,-0.00016369424462998026,-0.002559939951087839,0.0010848605737015032,0.00010805515070532674,-0.00016342325130456556,0.0020356317222468777,0.00081648900864679,-0.0004585983094972257,0.004499208007322417,0.0006668743022307384,-0.0018099815595091222,-0.0030111826028145798,0.001943783895535729,-0.0023231488286565667,0.002226377044837541,-0.001549022275512409,-0.0005956580417118012,0.0001447965515834382,-0.0009577872445442324
2004-09,0.002081618406482212,0.0,0.00048004205742400926,0.0007498306469000513,0.0002461959955068367,0.00025303057160757785,0.002060977511652093,0.0034237932623189062,0.002734343482698402,0.001935658277119849,0.00042259256002443986,-0.0,7.675591699528391e-05,0.0013713049820591801,-0.0006665154092379407,0.0007128982945543692,-0.0004965403199928887,-0.004904048118918365,0.0022737221427947185,-0.0028574873482568285,0.0007637334799970343,0.0009296009205416972,0.00042209254402097947,0.0003053919511910484,0.0005474189377910197,-0.0005880877918329041,0.0012900925869911433,0.00044908173858179294,0.0010725217479644691,0.000320537882957795,-0.0003428715913579292,-0.0005604623754324476,0.0002148564950045056,0.0001779645038688453,0.0004311284299533978,-0.000235262319025295,0.00041408224094918126,0.0,-0.0,0.0005026741897133007,0.003158856587456688,0.0034645556203735544,-0.00034938208278754626,0.0004101354312102538,0.0008662722769418102,0.0004567930942962306,0.0021116146916397532,-0.003983773102675776,-0.00250314199591222,-0.0019677021706693606,0.0008944996572290043,1.9982798127199672e-05,-0.002168366159519444,-0.0038206313560564305,4.381930557606221e-05,0.003623892883643483,0.0011609774526126757,0.0025319798509885294
2004-10,0.001737764632841815,0.0,0.0003291750831262909,0.0012240726812105937,0.00041912862682775686,0.0011785940390210757,-0.00014696107123174764,0.0029610903020914963,0.0004586490126272998,0.0010902703935657472,0.0012717785316151615,0.0,0.0006021427831044074,0.0017929592720796427,-0.0006732481858521072,-0.00011149207723421388,0.0022990495456287497,0.0028287942604982063,-0.0017564596820749574,-0.0007643230127711251,0.0002622824366568224,0.0005125055887492801,-0.0007442007826846092,-0.0005989426178021973,0.0009717094021929223,-0.0003365397103267903,0.0005093356258227201,-0.0010331883877123943,0.0024854532932776685,0.0004855054656685042,-0.00018645167404038275,0.0006673674110604272,0.0006320760199026715,0.0012041486773159873,0.000758067893869756,0.0009228051274939507,0.0008078232992062863,0.0,-0.0,-0.0007563072056083886,0.00012560069054787056,0.0003197674241773939,-0.00019503799510292753,-0.0003383046802583987,0.0009509080210145711,0.0013073281258400892,-0.00099263891048881,0.0006677396055769022,-0.0006587995393519798,0.0008178322895426735,0.00016972531145364493,-0.0010889438747104508,-0.0006461459042674409,0.00013002137040309678,-0.001004761439204269,0.0010489622801605353,-0.0007370328137572857,-0.00047455753759819623
2004-11,0.0020717828150236175,0.0,0.0007256370729472099,0.0032272039395247172,0.0003020031706608396,0.00020663293627806007,0.0018605224822340163,0.0024101826372473246,-0.00045139256626166034,0.006502542268732847,0.001246009863813654,0.0,-0.0016401581212355909,0.0024393281104678533,0.0011400273696990117,0.0022760079547005673,0.0016957731835927177,0.0014993238789482648,0.004190792258681925,0.0010531364287954161,0.0005180641862130897,0.0020136502909417616,0.0023819345833173042,0.002057789039472412,0.0011005452621698627,0.00034266942789924147,0.002358823100039311,0.0005310184986199274,0.0029016979461484464,0.0013529038947068398,0.00018769043698250914,-0.0019424493908285591,-0.0014584941421753393,0.0008890871975577717,-0.0012792869712724903,0.00045205366447526377,0.0005153906220710548,0.0,0.0,-7.648036564121987e-05,-0.000849236803417664,0.0010086260356008748,0.0015316875748878792,-2.7315580903088082e-05,0.002248359807100125,0.0014462803032685033,0.0018491890001024937,-0.0008345039960338677,3.3012319408816563e-05,-0.0020995959879543777,-0.0006844976977869822,0.0014700451564973903,-0.0014726992876627047,-4.783854039345602e-05,0.0018629312657602113,-0.0011177231021537067,0.0018272218768548417,0.003147804570121185
2004-12,0.0009258241356571353,0.0,0.0005664968944649455,0.00035214923666065066,0.00034964940012918407,0.0013723436906487932,-0.0009753689885249775,-0.0010170059469181525,4.416499246236701e-06,-0.0015063107151165257,0.0009578025882727847,0.0,0.0006353184859835799,0.0012051988304883966,0.0005966345412568732,0.00032455843604633594,9.358633705795522e-05,-0.0035361895337262706,0.001070075628149767,0.0007904825153466017,0.0006360447211930198,0.001403010266850692,0.0009886119680975272,-0.0004293694344654096,0.0006231842266297566,0.0018133697135152096,0.0008309270440065717,0.0004277772702930641,-0.00016626177325571712,0.0011334727345601126,2.9723704235409435e-05,0.00018338343274593928,0.000749406703745094,0.00024369370355987712,0.0010400474505733402,-0.00037584613045013143,0.0005766366214140162,0.0,0.0,-0.0017837093633658956,-0.00275138858744203,-0.00010590528076093956,0.0010693026170147907,-0.0006332643274366269,-0.001457693549253247,-0.0030465382330697906,0.00029438802848967934,3.857350931518904e-05,-0.0008085996519589213,-0.001840204807175614,-0.00020363472792650863,-0.00037005499131450073,0.0006915283383774621,-0.0005349806019329486,-0.000577565374676207,-0.002508782484315988,-0.00047706010039609613,-0.0001813087968703138
2005-01,-0.00047911433770702873,0.0,-4.5836773821934e-06,-0.0011631683043883678,0.0006345688409047891,0.000738516853795288,-0.00020642435304601056,-0.002583894356707086,0.00037443209166616403,0.001958439545874085,0.0012769505304416437,0.0,-0.00025497080070480295,-0.002416895159995497,-0.0005986136103931097,-0.0010876541489270998,-0.0008210878245191339,-0.0014126911586008909,0.0002508738659131168,0.0012788092522514787,0.00020472875710004712,-0.001008133821076268,0.00012301013503953256,0.0003809022036510388,-0.0013854783834201345,-0.0003513705426964661,-0.00129271028721791,0.0003887060202586821,-0.002594873128960611,-0.0009723561326525009,-2.9822299374667492e-05,-0.0006255720169823962,0.00020775901417129824,0.0007987066927242047,0.001029765201611431,0.0005117688440415708,0.0004027115238155002,0.0,-0.0,-0.00045276666624444894,0.002766330654823443,0.0008233734547012333,-0.0009761837985410354,0.0003652749524640449,-0.0016164791975959544,-0.0002926177263448465,-0.0002794704741467835,0.001293734511238647,0.001080543459686379,-0.0002173934503987632,-0.0011226811069704643,0.0005121375224413167,0.0017957038151788249,0.0011872763565357676,0.00077964386500423,0.0017510038109243326,0.0012636554441761917,-0.0004275775591220218
2005-02,0.0013989959550341523,0.0,0.00027199592793161146,0.0017516642335502425,0.0007076447049153416,-0.00032562600500651135,0.0018282366161558828,0.0004774104198642819,-0.0024495718376727057,0.001123103394190395,-0.001442506428409919,0.0,-0.0010505452360470573,0.0009299679081969013,-0.001087829039200849,0.0010262279497796816,-0.000679343888943997,0.0005884847531407588,0.00207676440801814,0.0015691720842194445,0.0008733207021977226,0.0011242633759298638,0.0009162426892121809,-0.0018988322515341451,-0.0001470106217576536,0.0010844812796765018,0.0004208306432563386,-0.0008831690913088004,0.0013352356627326944,0.0006809256314425088,-0.0003610470740452577,0.001168037035800901,-0.0009039128334013366,-0.0009459247110486503,-0.0007855803654003223,-0.00040424888892035904,0.0004641509518108058,0.0,0.0,0.0006553311670106513,-0.0003437577801760068,-0.001887485639868967,0.0010112228218387218,-0.0004166869916284915,0.0013270669250003714,0.001972985895831334,0.0010906631639478405,-0.0034850353631544788,-0.0034463336770440326,-0.0004967685727717029,0.0006296740778294761,-0.00029304937944316957,0.00014174793799562953,-0.003787420950322754,-0.0007805826841886268,0.0011271316639321692,-0.003486052713583134,-0.0003153253306115885
2005-03,-0.0013241624935297538,0.0,4.17366054782107e-05,-0.0012066518805397503,0.00024861260417318137,-0.0002636890651001364,-0.0010967247185970491,0.00149496482101457,-0.0006512982863848667,-0.0013041930448535338,0.001060586942511213,0.0,0.0004692350763208812,-0.001349365510324778,0.00035616299127685713,-0.0015195757495926098,-0.001844823533311972,0.0026247351241198437,0.0006450848222836862,-0.0004180110936179995,-0.00039571864281955435,-0.0006344604803691534,-7.443005997203929e-05,0.001428787384260553,-0.0004475820635445941,-0.0003674116137227757,-0.0008526472419402115,-0.0010106623678729414,-0.0018639613415574996,-0.000746677752333456,0.0003021530106349158,0.000647912432979707,-0.0003904488629082881,0.000899328506216854,-0.0004296876223023127,0.0004323193268903645,-3.728593042459236e-06,0.0,-0.0,-0.0016328211024988245,0.0027839487145899875,0.0010185458058646552,-0.0009868486436371473,0.0028972645439096605,-0.0008969099600491302,-0.0006973876262084699,6.377627362613657e-05,0.00037288637703978753,-0.0003137859785654891,-0.0012317169835984526,-0.0005394584616697668,0.00013038347975740484,-0.0006571359789079421,-0.0001831235174487435,0.0009254958810845757,0.001118998723092566,0.0010645774611916163,-0.0006895672164493687
2005-04,0.000768997309916287,0.0,-0.000712807396722504,0.0008205705581164872,-0.00108484990171217,0.001421255164411278,-0.001341323540691521,-0.003032889627380561,-0.0009952775601317842,-0.0015187081957371803,0.0020152524836673166,-0.0,-0.0013236429767348667,-0.00046782915959760484,0.0014949327102813726,0.0009718433012186161,-0.0014098383546588213,-0.0011682050011549094,-0.0002196331585515237,-0.002066403322924025,-0.0008428253259564934,-0.00138131681332955,0.0012560535489235987,0.0004764489165368621,-0.000930873388550042,0.001974214197968361,-0.0016803532009164032,-1.732061310767885e-05,-7.008200064169449e-05,-0.0007755902968778584,0.00024055713514538194,-0.0010582602807146673,-0.0015073460998924764,0.0017963599611416612,0.0015464462816720602,0.0013307713806525792,-0.0008505893787717455,-0.0,-0.0,0.0004957789385255634,-0.002306586740636221,0.0007900233577554081,-0.0011204665759917644,0.0013818717795394985,-0.00045282199246248145,0.0008626812934259703,-0.0005675832061271056,0.00038945823056400617,-0.0007027462139730025,0.001767606199870977,0.0015522696737305891,-4.502192669720726e-05,-0.0007862606699588266,0.0002786238813412441,0.00013500774300648991,-0.0026222485590277544,0.0011196029009460213,-0.00039386558981120023
2005-05,-0.0017904564999713273,0.0,0.0012851850944869323,-0.0035135195402256226,0.0018504719715119085,0.001739324630623316,-0.0006533180175342757,0.0002597018404827866,-0.002621386545180611,0.00048387483602886275,0.0016265990081780028,-0.0,0.0006534257651583924,-0.002688801157714518,0.00198247134361689,0.0003370499294116882,-0.0025578849254280786,-0.00032904743213870336,-0.0012547220004390336,0.000749546331938973,0.001226254009457888,0.00203220686793599,0.0016963145920603378,-0.00029964672500072117,0.0018389329489559203,-0.000794216278946967,0.0016657310646816983,0.000218441085006126,-0.002611476054364055,0.0010410841434348506,0.00024573913542866424,-0.000554543927453637,0.0011858265264135263,0.0011411416975659937,0.001223448016419504,0.0006850281717066592,0.0016440914035611238,0.0,0.0,0.0013108853766140897,-0.00047313919445562735,-0.0008666380261367048,0.000990478012146512,0.0012456318084479328,-0.0017435130591114344,0.0016006881267626432,-0.00012261484409532543,-0.0004084467422344217,-0.0021352792566198607,0.0004072418022795204,0.0007702058140197786,-0.0003187868418187809,0.0005888024825542188,-0.0017594518217167597,-0.00014385799470465312,0.0003259110161495535,-0.0004224194878938568,-0.0012513671110167676
2005-06,0.0004357676647557742,0.0,0.0005321281033072769,-0.0009650402292699743,0.0008327320896137103,0.0013616253611298675,-6.806839816843374e-05,0.0015682734599265446,-0.0014022712590084528,0.00020073950604765448,0.0013821932388527274,0.0,0.0001242033570965868,-0.0010298119380804133,0.0011605372011593367,0.0006038003332500324,0.0016575443199927135,0.0005854182061402936,-0.001745101400886396,-0.0020873190317960066,0.0010348081958132165,0.0007566549020282748,0.001303301807654656,0.00013362413714016331,-0.0008152902385036524,0.0009578263787262781,0.0010852186363244564,-0.001035009361875997,0.0015086074149732696,-5.7497263134594445e-05,0.0005739234417820875,-4.31488413323677e-05,0.0001394183480321374,0.0012030237862441246,0.0005884358235738242,0.000818466171300767,0.0009620465164715758,0.0,-0.0,0.0002448832878612112,0.0010750067619139127,0.0008835118505164415,-0.0007226646119687194,-0.0009451635124995631,0.0015970704997731256,-0.0013103692599114897,0.0012972963247988108,-0.00045300403779453027,-0.0006638400254269185,-0.0007839703233938045,-0.002174681132804461,0.0010855192990357411,0.0022959299635611145,-0.0007544768059121241,0.0019539264564399205,0.001216862096835794,0.0007210857110829966,-0.0011639839317478516
2005-07,-9.75650490953463e-05,0.0,0.0012588158614128065,-0.0012556985166834894,0.0014129923765025894,-0.0006381289238069327,0.00026537262352037313,0.00015965791405483384,-0.001219799314290082,-0.0012418937391148394,-0.0010177877796905934,0.0,-0.001651793315933937,-4.9776698104323067e-05,-0.001312817608203137,0.0015052985160530143,0.0011278223449756686,-0.00034126471281586333,-0.0006116999567078201,-0.0010722354985856916,0.0010642592203730177,0.0018646924708906642,0.0015859004803272438,-0.00014695438114682819,-0.001814990537208262,-0.0010912677933248608,0.001749702654808511,0.0011941977543245578,0.00038513524372632666,0.0012537779017367254,2.97572165572983e-05,-0.001636524876708273,-0.0016798310720423663,-0.0010699094347544655,-0.001518219068997492,-0.0011288096470867793,0.001145259882767337,0.0009286215763948277,-0.0,-0.00108903072540221,0.0023365838450627317,-0.0013673583975210475,-0.0014103258066997212,-5.726267190878762e-05,-0.000626169346731784,0.0005689826147393829,0.0021657685848361996,0.0004562952723187435,-0.0005036108097676531,-0.0012483629357680295,0.0009264940608396414,0.0006409988446701295,-0.0003477897071530836,0.0005535838462171659,-0.0007198115173164722,0.0010725164040661483,0.0002623094798262015,-0.0009112898593080635
2005-08,-0.00017619179476983807,0.0,-0.00027355362849060255,-0.0017923241877512734,-0.00038537753617232177,0.0014110909688011763,0.0010696338927764742,0.002227963663427989,-0.0008579154130503526,0.00034124959748401556,0.0014488843398973658,-0.0,0.0013673367353578272,0.0009442927495227583,0.0013501202316527378,4.3096962407318493e-05,-0.0008510946663527382,-0.0020622513639061996,-0.000838369578992228,0.0003105510171967746,0.00017495772562020162,-0.0005696008297216849,-0.0007955451674608831,0.0011564305398109873,-0.0004329862139591145,0.0019101325557147478,-0.0006719803912124724,0.0005705265537694647,-0.0012910158792518217,-0.00047583485166498307,-0.00020898217871860548,-0.0012027381139814964,0.0013090383600551146,0.0008422145572263726,0.0013728685343900602,0.0003235724780834529,-0.0005125838553138953,-0.00014666540145643093,-0.0,0.001082536167147733,0.006609208007600593,0.0031614047903761023,-0.0006432014163161047,0.001321683076318591,0.00019532843621798248,-0.001466357088469861,0.00033868571700936846,-0.0013367424119328014,-0.002136664791288861,-0.00507571599946308,-0.002018168174281959,-0.00014430458306349036,-1.8431525664950198e-05,-0.0023329629309052167,0.0004009583277456579,0.002347419177142739,0.0016391899372499726,0.0018211567115019314
2005-09,0.0007867303604611374,0.0,0.0009060766172617466,-0.0014337920311951115,0.001255082754142871,-0.0015038930869652055,-8.844669853317787e-05,0.0015256675921734738,-0.0011685381132261524,-3.149861081243515e-05,-0.00047922578850864266,0.0,0.0015015958510298597,-0.0016189438558202054,-0.0012571928595021442,0.0011015123783670129,0.0019428646871565392,0.0022201170507039035,-0.0009977383245694809,-0.001036372169911887,0.001130908957578078,0.00021953464466113536,0.00044997266765347887,-0.0036069792617528496,0.00026531774801044085,0.003554583120386056,7.302660457088679e-05,0.002151231635788895,0.0018223102838463947,0.00020358208491172265,-0.0007702155411766058,0.0016126818040624578,-0.0014622486065118312,-0.0009012452193546346,-0.0015989710903182653,-0.0009096974197829241,0.0013751500343615148,0.0014635839290316338,0.0,-0.0012887459155905806,-0.0007398394817501485,0.0009885840488101933,0.00024875085664956726,0.0014161768873642907,0.002896787230182828,-0.0020290091631789495,0.0016760308614205083,-0.0008649835392383986,-0.001207165803590336,0.0012889990934353782,-0.0005963110742102407,0.0017991933947013048,-0.0006345677838231441,0.0007403392104331459,-0.002103512580157304,-0.0010112403750122232,-0.0019229570451240357,0.0008090985603498156
2005-10,-0.00099456663310549,0.0,-0.0006243161256760997,-0.0003266714062073841,-0.0011044357646912805,-0.0014822197063849051,0.0005755422452715696,-0.001348489116710025,-0.0003913035748038742,-0.0001096011759039354,-0.0020282158559796837,0.0,0.0009541769865073898,0.00019061796732249142,-0.0004620394213745833,-0.00221638723780211,0.0017131285662044845,0.0030048063330707386,0.0004400594126990783,0.0002927458597849955,-0.0012327207219389711,-0.0009921064972089032,0.00015040023721471052,-0.0007403029246310085,-0.00042370936102739063,5.390114955152816e-05,-0.001035079511447502,0.00023450283988985763,-0.00015695124829024943,-0.0008736483489488271,-0.0002356050990300854,0.0009161495802678979,0.0010015307800626588,-0.0017267995176484688,-0.0010688886087910586,-0.0011171798787686235,-0.0010521581419937341,-0.000857481831614114,-0.0,-0.002284356568561883,-0.0036878161753035803,0.0008500309991023968,-0.0007743811903012937,0.0005544185860133896,-0.0004551523179295782,0.00018351972868385093,0.0011976424851298823,-0.0007618379124143778,-5.965017976265447e-05,-0.0014821115094968058,-0.0003662651359600475,0.00033731237651636175,0.0002702775721586002,-0.00027419117057393265,0.0002842162832767305,-0.0017553211080653206,0.0019449462634328282,-0.0005595527573174833
2005-11,-0.0006012143725319916,0.0,0.0013284845361410387,0.0014986350881482835,0.0010111637274675853,0.0008419718574094448,-0.00031129552831066936,0.001014199019789708,-0.0007988158437935725,-0.00021575148875026823,-0.00012504699900687762,0.0,-0.00018794506092332383,0.0010707067624563045,0.0008157319810332495,0.0010371528933247208,0.0020606841998143752,0.00010773674580529174,-0.00042476865904279935,0.0008105542203871027,0.0009592531958757345,0.0018079507855405263,0.0021295313517653213,3.186094657742363e-05,0.001510758518761476,0.0032257631499765537,0.00133336782782039,0.002585084364914054,0.001185493979785393,0.0016057573397593931,8.495526761064335e-05,-6.33709062553776e-05,-0.00017338540987727805,-0.0002993032395409921,0.00012531627827992763,-0.0005158581243027167,0.0013295774703355845,0.0010464998528476176,0.0,0.0019317626067673482,-0.001093607873798687,0.0007648759363117237,0.0018304511352004262,0.0008333709520843164,0.0023441623461858923,0.0019611655873218274,0.0024345393600556987,-0.0012630648725933428,0.00012177120718466096,-0.0002659412837993603,0.00191809938320804,0.0015965494199947914,-0.00032294410848332473,-0.0005297844671662613,0.0008015627267873427,-0.0009650922160937862,0.0007705449477711634,0.0005576683073272542
2005-12,0.0003606937045488771,0.0,0.0008936084521940604,0.0003558597498128031,0.0009811942459747617,0.0005060139613746355,-0.0008138203604518463,0.00010916180886365045,0.0005584472191704717,-0.0007265632996768794,0.0012157857900299096,-0.0,-0.0003932533089651968,-9.14495029406476e-05,0.000985772226796238,-0.0002450170038253719,-0.0006954339251979831,-1.2431685256167712e-05,-0.001553593572476224,0.001666236084519914,0.001360013956959166,0.0001445102375715594,-4.920565668132271e-05,0.001062586785956045,-0.0005575174699079435,0.0032060484301411982,-0.00019697796293235176,0.004852873998912025,0.00016284942125335364,-0.0001670130670360849,-0.00021784317151860738,-0.00012271078129066478,-0.0005865377886783511,0.0002078582044201589,0.0009298582273151812,0.00015986589229044084,0.0010581393901877463,0.0007740525910927317,-0.0,9.218912564185473e-05,0.0013644203376368613,-0.001295341398147438,-0.0006045559322885938,-0.0004211837247312467,0.0015684473512647956,0.0013232567253959014,0.001468606229847239,0.00019154734022171563,0.0019600312605064845,-0.0009223479534080814,0.0017107251857082415,-0.0003073638768003124,-0.0008643467869273475,0.0012196681480186478,0.000191417326224336,0.0007394501078846599,-0.0011631914380780457,0.0007322344097662741
2006-01,-0.001886162083281628,0.0,0.0011919868564333003,-0.0021483865639127455,0.0017214643021467456,-0.0013619528695748336,0.00018138522116191427,0.001423498107666562,0.0004368528750267833,-0.0006072296873873798,-0.0013076230167792453,0.0,0.0005773379305526853,-0.0013671918280036626,-0.0003737503075124432,0.0020367594022847988,-7.925356816658737e-05,0.00041977443611822257,-0.001671313939865877,-0.0005062849721590759,0.0010331531168270031,0.002240765198896103,0.001605933905432801,0.00030640566415872085,-0.0012679032264588223,0.0010139855378268794,0.0026473232074895946,0.005419628100388025,-0.0012714867845109931,0.0011751320613031602,0.00021321160371365902,0.0004403737186766536,0.0006355753221802737,-0.0009149052210594147,-0.0005671575145433255,0.00033901179112617657,0.001083731682823103,0.0013397852176544765,-0.0,0.0021318306101696057,0.00025700369780313624,-0.0002717972680681259,-0.0005777471493129787,-0.001039517750826128,0.00391829680576687,0.0024115181875500585,0.002237221865261676,0.00030519161397584555,-0.0009061595270099623,-0.0014365074256253185,-0.0003400266262714074,0.004243734781328209,-0.0006398608648887971,-0.0005223605189612383,-0.000852086808092437,0.001598837587828454,-0.00024617906825330846,0.0028296129313039224
2006-02,-0.0010756650080381669,0.0,0.000483292441040082,0.0008746366624013003,0.000232224314637392,0.0002777967617038462,0.0004554958650410182,7.970067307050506e-05,-0.0002675841935902532,0.0013701426273199594,-3.826782330847207e-05,0.0,0.0004535449540772586,0.0011114198696472709,-0.0003734884521214391,5.8796906286409225e-05,-0.0006230464400387115,0.001315519335317873,0.0010140671598098594,0.001151695894207433,0.00021929445349765407,-0.0004944702405416648,0.0,0.0015432858694655273,-0.0009004775611861208,-0.0013564088890710806,-0.00020768193363335526,-0.001247290698495998,0.0013900395673570713,-4.867574063411887e-05,-0.0,0.00048806050520391626,0.000249806368646726,-0.00011132100582943824,-9.446921355383624e-05,0.00010175631979739787,0.0006692984263191753,0.00027342242630829097,0.0,-0.00039873540182217536,-0.002588198137792236,-0.0007878231758766263,0.0007164754548122563,-0.000727313339537986,-0.0007546842580127103,-0.0003436202370077573,-0.0004164680423658616,0.0007740622586015711,-0.0008463485715767503,-0.0022973613028046754,-0.0009854796160922933,-0.0010905608895418304,-0.0005468046566506072,-0.0003594855280978054,-0.001248254858818345,-0.0018955847834943495,0.0017250456241448572,0.00011124472237349877
2006-03,0.0020055658827798644,0.0,0.0007172022289224232,0.0006357825849845427,0.0015351683049589417,-0.0009592302868026262,-0.0002656048411560634,-0.0019915244645601106,0.0008006926596039454,2.566596545926023e-05,-0.002167183365718938,0.0,0.0007138213041919147,-0.0007987594785917606,-0.0017883986759731877,-0.00016125414947034184,0.0012298399043189695,0.0022233944250859847,0.0008892158212471708,0.0005002243112439606,0.0019487842629331723,0.0008696730513572152,-0.002893681602720783,-0.00155994871471629,0.0005354507397665674,0.002499933812867501,0.0015241985409966121,0.0009391983460991351,-0.00016768910905005016,0.0004327652898261696,-0.0001353282651772222,0.0006480448808004785,0.0009764269680768567,-0.0017005282885288037,-0.0017051511525095209,0.0010229580874137393,0.0007202010555487187,0.0006218988232673346,0.0,0.0022408074214277907,0.001973890361608528,0.0002330426232840892,0.0006047724261822051,-0.0016741132756407375,0.0011503980053690814,0.003618251300686066,0.0031948465385052915,0.0007924045391671027,0.00012503236599844156,-0.00047046218408492124,-0.0013902079708593268,0.00024119004439764898,7.045925763147317e-05,0.0005989801898705532,-0.00215926752234973,0.0007977182231192185,0.001909302780910076,0.0015171010639440706
2006-04,-0.00331780491585511,0.0,0.0001180782154103339,-0.0028429274610831884,-0.00025113765013798085,-0.0013324211761986929,-3.3764378864771584e-05,0.002868378160539533,0.0007258657125578918,8.382316654735846e-06,-0.0014197605667578084,-0.0,0.00026946544607569584,-0.0020461016765238693,-0.001970391156907081,0.0017469955609585137,-0.0017559416476104629,-0.0003867208456979272,1.5226042578970399e-05,-0.00092261947801374,0.0005316899290946384,0.0004255776684728603,-0.0008881027711274642,0.0004917089714751496,-0.00017554901318454652,-0.00018475255204383566,-0.000129770923444912,-0.0009394772663738823,-0.0022133336763497653,0.0005080677642697027,0.0001358585788670712,0.00015392502077122308,0.0005212112860071751,0.0009358702789447407,0.0010240984005019198,0.00020045437901420056,-7.822220160826459e-05,0.0005405992830510041,0.0,0.0020056854667292495,0.0015080811816063958,-0.00012068184482803666,0.001145420767105408,-0.0003290321702225943,0.004314623272274496,0.00345866662473708,0.008043238038124241,-0.0016260860046597538,7.840254052639275e-05,0.0011003165702881186,-0.0012514762618303617,0.0032390253640771334,-0.0006314270311742495,-0.00040668898634094115,0.0002882179925088729,0.0009126743242208986,8.584599276912962e-05,-0.0005212154444259828
2006-05,0.0005468902061491361,0.0,-0.0018573706305662662,-0.0015533072970851471,-0.0014745136962912256,-0.0002998155534676738,0.00044246120028155616,0.0010217343568075,0.00021312447049019105,-0.00048083116272767354,-0.0004149811423367948,0.0,0.00047392236628675987,-0.0007321869267266929,-0.00042484291279751003,-0.001521957655590764,-0.0003012544531401195,0.0007059700852347506,0.0013468504650427755,0.0023334928145388742,-0.0032227420310463367,-0.002066155412794053,-0.0017828464987665413,0.002573162228850387,-0.0024678016906084974,-0.0027363193287820078,-0.0019931412408514017,-0.002249024636150161,-0.0007477719774091193,-0.0019466791478286438,0.0001343654520168308,0.0007039817333395837,0.0003175894882660576,-0.00046279239083805193,0.0002056300566205632,-0.000247814155992169,-0.001845650028899551,-0.002702771256919511,-0.0,-0.0012942801798944948,0.0001740030296287703,-0.00017616873995198509,-0.0011669906747939982,-0.0011440843858466485,-0.0006550454665576562,-0.0016380577910187328,0.0025244157000950374,-0.0003389045497613829,0.00010419554796717382,0.0005735432759072357,-0.0008979354999365698,0.0027651410860570548,-0.0012860099811768555,0.0005416449494123151,-0.002053516729349128,-0.0004568718280739017,-0.0018890810557226662,-0.00029997854593673447
2006-06,-0.000577171892589377,0.0,-8.77501862651657e-05,-0.0006888632443617099,0.00041804459462888087,0.0006984977923654589,-0.001441792448643328,-0.0010402761299175614,0.0005856490200497678,0.0008542794991239354,0.0008414568967857312,0.0,0.00019973222383523598,-0.00017773769644927162,0.001026556250466887,0.0008389548861658534,0.0011778219400750876,0.0020780884432276595,9.742563164540414e-05,0.0003165670055216219,0.000947942925487257,-0.00015405579561765363,0.0002923668244385342,0.0016662577986672406,0.00022118602529447602,-0.00039750029845678995,0.00014296764349910424,0.000500827026793343,0.00036590677608837156,-0.00016053883967429895,-0.00011076765861921233,0.000548882459117871,4.118011692761787e-05,0.0009537873908522103,-0.0001977462722455593,0.0006384126606748764,0.0002966263418413354,0.00035329569488489246,-0.0,-0.0013569242620663016,0.0008218551626286433,0.0013573428316798718,-0.00011445251899829915,-0.00150010732407658,-0.0018177192046432437,-0.002344305085166084,-0.0009893847429552655,0.0006194692496153352,-0.00027217145604168877,0.0006953232213425344,0.0011653409110327943,-0.0005925724430509013,0.00010685596004195645,-0.0003612026471248472,-0.001851143763845619,0.00045367046897107236,-0.000845530742140836,-0.002272901961963299
2006-07,-0.0016742984460220733,0.0,-0.00012979500765909882,0.0006009504176516841,0.0003269742940338052,-0.0023601045118664767,-0.001584012345822969,-0.0009363625364879938,-0.00029532569427378027,0.0004178813003856151,-0.0014459331396879857,-0.0,-0.0008005325518211523,-0.00017743382723826002,-0.0009347736587564067,0.0013345125572619577,0.0003190177495931001,0.00030200168555223145,0.0002328426468650625,0.0014572142312654316,0.0010105593831643436,-0.0013502011478065223,-0.002981466779971224,-0.00042424678690193644,-0.001538921592067701,-0.00014387651552175569,-0.0011738676275024297,-0.0016371592469298438,-0.0004280737511719107,0.00010897977464962879,0.00013822285589707963,-0.0008610550683022912,-0.0007735303791907496,-0.0011901959355791925,-0.0007332304399740885,-0.0004843641109507389,0.0003930448339255121,0.001166764470319913,-0.0,-0.00029029744394151583,-4.3717592493526845e-05,0.0005370485071687582,-8.477297890737405e-05,-0.00018622208667013875,0.0009689673279489944,0.000639530195116621,0.0011957141957697238,0.0001577153464295936,0.0009272906734071837,-0.0027246987487566407,-0.00024543918853918255,-2.232299440423828e-06,-0.0005430055201195284,0.0005708928613813947,-0.0002086820721449681,-0.0001443946135409858,8.039527967760735e-05,-0.00014353995437018838
2006-08,-0.00016284154716442582,0.0,0.0009135460013166785,0.0011079431156231737,0.0012584132483021663,-0.0020130614608446008,0.0004899370933126084,0.001616400052284138,5.289698337147807e-05,-0.00022339960672845734,-0.0014290529999936576,-0.0,-0.0008441372046049273,4.469188039600119e-05,-0.0007265632559095262,0.0008479926243627502,0.0016300366113888415,0.0011106494628026508,-0.0006305510554054904,-0.0007697801141066448,-0.00014048964973253705,0.0002484032412056767,0.0004254532063399754,-0.0014426552140221717,-0.0013814433792213822,0.0014495797387851378,0.0007517174618805947,-0.0035777112508710465,-0.00020897624480162923,0.0010870590808645996,0.0005013425451873509,-0.0008474063728117213,-0.0009765455749613781,-0.0008486236615271912,-0.0011748679214168749,-0.00010273786720692686,0.0013806146314465388,0.0013536206956937505,0.0,0.0011868937784160342,-0.0024246486951683354,0.0006360906416126959,0.0008089074350914702,0.0004077179622517414,-0.0006697589729667821,0.002115603300006473,-0.0004481382379916186,-0.0010830345729267703,0.000610283213307295,0.002780868313372663,-0.0009657444661626389,0.00028262555224032606,-0.0013984710667746083,0.0010943515286955085,0.0011822846704016964,-0.001267753991340604,0.00016837655509544384,0.001781202712861418
2006-09,-0.001223451844504127,0.0,0.0007866522131275258,-0.001076896193357263,0.000728433214811428,-0.0010210326154032703,0.00014155485941389284,-0.0008903035416712357,0.0012317178529624817,0.00034176241855694373,-0.0004966710755012649,-0.0,-0.0004194792772548964,-0.0006640441276656212,0.00014693665392319076,0.00026827810511092186,0.0005707346970752155,-0.0011450985712170099,4.48100711839027e-05,0.0023080039290016437,0.0004960171155434272,0.00010551362326050629,-0.0003377097495702566,-0.00026701608242326084,-0.0014713279063835996,0.00010927065222524207,0.00019944262172298083,-0.0010904460010582714,0.0009655215726925407,0.00128499500545328,0.0001661761005022978,-0.0001958632672711974,-0.0005026117016109816,5.503434683976205e-05,-0.0006425295308270107,0.0002298626031129665,0.0010435071326850758,0.0003492233445810602,0.0,-0.001453836708213222,0.0016823721361841823,-0.0010402141563643126,0.0013382091997935265,-0.000576774543277472,-0.0015921546674357919,-0.0019413200372754458,2.3941598296213838e-05,-0.0008981555634253922,-0.00016806153720306177,0.0021391961993433425,0.0016066309196692975,-0.0032156096842836292,0.0017266875784405084,0.0002090572023336419,-0.0006387614013926126,0.002096249417073653,0.0010572170908159197,-0.0013217982535442354
2006-10,-0.0021112104394299855,0.0,0.0014188615230451762,0.0010963568832936664,0.0007475462035846472,-0.0003076412309520878,-0.00013002950343644836,-0.0003031511709390352,0.00032511206107936245,-0.0001700487861822019,0.0002608550186008288,0.0,-5.272368595686915e-05,0.00026351965094296526,3.365838969499827e-05,0.0015671893659321534,-0.0003225981250692052,0.0027497977629864856,7.809206498006638e-05,-0.00019311212956680748,0.0016932383242294466,0.0014864463594342074,0.0016507790821949327,0.0015649260671255357,-0.0014978979968028937,0.0005534020585831604,0.001678802775900979,-0.000264039123083345,0.0001396423081007619,0.0016941645425648335,0.00013679601981321081,0.00011694548861553445,-0.00012239689910016366,0.0003651083665255018,-0.00012166075405866216,0.00025415873409684087,0.0011713892650982004,0.0020528434614611184,0.0,0.00028242160721770335,0.0007886497715283914,-0.004158269838882369,0.0018253265777979694,0.0014254971068825711,0.00013807396220028972,0.0009465807054975415,-0.0006098423839852,-0.001661396572371669,-0.002081799054866686,-0.0008918677167907436,0.002694217141096169,-0.001817826785095685,-0.0002889420572726622,-0.002141099415939439,-0.0005405993350705836,0.0014342787115937704,0.002028015141700058,-0.0013822244109200697
2006-11,0.001043610716358536,0.0,0.00023990698964680143,0.0017803604131313884,-0.00023954248182658837,0.00101972260731019,0.00048053628536661266,-0.001209481468535898,-0.00026232607080698854,-0.0004608235853119212,-0.0006494045114898763,-0.0,-0.0004939033744688608,0.001991013682808824,-0.0,0.0012291487688562252,-0.0003044674510234417,0.00041495057392866574,-0.0014956095325213594,-3.185273346297607e-05,-0.0008619961037957448,0.001130545518347431,-0.0013556144186868228,0.001104848450165631,0.0009669258044055764,-0.0003049071825698482,0.0007015038026953603,-0.00120482657037148,0.0018164331455687555,0.0008696274428009414,-5.346156279741614e-05,-0.000172053830739843,0.000738329897311829,-0.00034180141690505017,0.000918281229646032,-0.00010018287678869743,-0.00012821715180410422,-0.0010546177056416474,0.0,0.0002710662202065176,-0.0010950469637207,0.0028382361063935585,0.0006222724121538034,0.0006092039067379559,0.0020545523111679927,0.0020919091588337524,-0.0009542665197348618,0.0012979015112487195,0.0003712289878301857,-0.0009103288885629042,0.0017831821831620197,0.002537925109030182,0.00031061883746517953,-0.0010322014613943328,-0.0003649924647849361,-0.0005835122883677029,0.000755986007204478,-0.0011066085740161025
2006-12,-3.4463147696687744e-05,0.0,0.0015618496312597898,-0.00029300937763089975,0.0017750821353889413,-0.0016651709309860958,0.0009323879843852048,-0.0013617581117680523,-0.0007337939873108321,-4.115715957501489e-05,0.002525405059932363,0.0,-0.0013611539890009316,-0.0003127964795948824,0.0020300876460418046,0.0018460448350230427,0.0017155364383789635,-0.00026275163140118495,0.00020814565186614377,-7.432194145263446e-05,0.001447213466103441,-0.0003724148659670069,-0.0014396283689371654,-0.000611529103899033,-0.0007520438062410401,0.0020968582676336007,1.5482756980173116e-05,0.00089270641454668,-0.0011175817324475393,0.0005806734848270622,0.00036765719655239173,0.0011673294113503487,-0.0014770192442103629,0.0022063520267512804,-0.001570215259468876,0.0011564709990314855,0.0015145252092462886,0.001404327588773746,0.0,0.0001768588261657633,-0.0006908808797094358,-1.1183356069417806e-05,0.0009748820684187862,-0.0003638319458940546,-0.0007246964547749089,-0.0012794780423996863,-0.001649932402735188,-0.000224570302522561,-0.00026220834955198593,0.002545873234150632,0.00013770086323354615,-0.0011059247824484726,0.0002524413405349788,-0.00010226593652244324,-0.00091373349014523,0.0007185093615964831,-0.0009279505814590892,0.0010566375861263948
2007-01,-0.0007939081335853479,0.0,0.0011854639160229544,0.00019848267289553176,0.0004208536576309819,-0.0007914036952981754,0.00019931483232879372,0.0005748715233510705,0.0005916221457671564,-0.0005790633678332938,0.0009745441478396257,0.0,0.0006665531173377831,-0.0007729015539233315,0.0021895204509281875,0.00020406853162643137,0.0009109068729173991,-0.0009367815405805606,-0.0009280517832086183,0.001509200159740942,-0.00030566321543549325,0.0012856773766653658,-0.0013989965629981197,-0.00122531753211033,0.0004916847495637839,0.00033201106957573927,0.000389807057101302,0.0016445268221906058,-0.0011385710756827746,0.0006220271099666511,0.0006531021446907574,0.0005223385859265247,0.0006209070590785545,0.0005733994953946054,0.0006996016907189054,0.0001950379970321768,0.0007222067573246863,0.0012074267914902017,0.0,8.661005093249168e-05,0.0006777661704159524,0.0006145735667695444,0.0005686033156827258,0.0005452670866057482,0.0006513192460391303,0.0006823086436520535,-0.0013929700287698547,-0.00018856568779645648,-0.0007970990046014613,-0.0014202201272154535,-0.0009354042956977855,0.0009716441070461963,-0.0005598565947646186,0.0004908123571260932,0.0008106638642223784,0.0009086097885032562,-0.001502563237163047,-0.0007616383734507838
2007-02,0.0008454761376948163,0.0,-0.0007204444786617157,-2.9340117525151274e-06,-0.0009280505432096284,0.001448060183385543,-0.0009102470034870742,-0.00023701150255530846,4.5355869486796664e-05,-4.038794903150001e-05,-0.0011738871797234785,-0.0,-0.0016105476836876266,0.0008059904324499601,-0.0016683531958457,-0.0011324905027843436,-0.0008474212838632622,0.001771442573152688,0.0002648643234996743,-8.690532416073685e-05,-0.00030124725613605365,0.00012917325542639662,0.0011335577994259244,0.0008721279061190076,-0.0006551812632436182,0.00012903312586992136,-0.00039424900633808354,-0.00040232125861906445,-0.001004824179875382,-0.0014390313914776987,-0.0003092450000107855,-0.0012365987946562568,-0.0015774837015159852,-0.0009558459911820985,-0.001518174189996406,-0.0004587719897387335,-0.001564650672868981,-0.0023753119486809174,-0.0,0.0004435253728400991,-0.0012047438501007804,0.0008345272666536258,-0.0017964192952972231,-0.0015567472305785253,0.0006891253360769511,0.000566379989585806,0.0007950711999171724,0.0004258057958914266,0.0012616793248637426,0.0004314682470200197,-0.0002897225239688269,0.0018766276502392707,-0.0001976318616372514,0.0011236733793355354,-0.0011883398753563435,-0.0007001110465774163,0.00026981406421735805,-0.00013930864489031553
2007-03,0.001456115865131643,0.0,0.0010121390604790244,0.00011889606955903652,0.0009745022181623794,-0.0006325627730950975,0.0023315400076863242,-0.0007941156535257334,7.013318326246666e-05,0.0014844830429325395,0.0007531896845833993,0.0,-0.00019484065023398175,0.00046079931684836966,0.0017018907683726077,0.0005524032712051103,-2.655183530624407e-05,-0.0009664911853059346,0.0010894066567665413,0.0011541388881847422,0.0015469920944222498,0.0004042329096613989,-0.0011982331089215416,-0.0018221085992051452,7.845003203473467e-05,-0.0003857389173326553,0.0002585098242974202,0.0010058156301267919,-3.644954616069357e-05,0.00041781586889833933,0.00023496848002123481,7.475659398897713e-05,-0.0004012425647017989,0.0008037560379948901,0.0009030233590637201,0.0004892366081238435,0.0011647671993467283,0.0008975574833479259,0.0,2.6946246892322907e-05,0.001082600192668618,-0.0025472629713621762,0.0003247456735096652,-0.0015485246589326109,-0.0004670574765003456,-0.0008339750743235145,0.002147397645319435,0.0008854585426391669,-0.001341627193654518,-0.00032554563120575184,0.0011487803891043486,-0.00022832825824391754,-0.000755366465929081,-0.0005684321307497371,0.00024297957518321314,-0.0005439441920514107,-0.0021836150025683005,-0.0008797104689290432
2007-04,0.001478199791092406,0.0,0.002553401748948401,0.0009433967177809742,0.002828159750179451,-0.000333720323832559,-0.0017708009151816645,0.002309732238394154,0.0016334361631429029,0.0024759510587243124,0.0006159766387331541,0.0,3.8650339114962075e-05,0.001229970446956529,0.000735007298527986,0.0006552722565550298,0.001018074072656727,-0.0020911870110277924,0.0006828946654420196,0.0004891067215231166,0.0014761986032572768,0.0011085621853749918,0.0009052388727770464,0.0026008033593262064,0.0015561805997009728,8.84475575395218e-05,0.00044116042297645005,0.0011177897801025846,0.00019431551130983044,0.002404751609730587,0.00010357715199694602,-0.00019012144459138928,0.00017245075389234695,0.0006049151842398671,0.0002631398103226289,0.00036392935341089173,0.002375507949147897,0.0023632199938895516,0.0,0.0006985557642129027,-0.0011890242454417185,-0.000761183775593814,0.0031365324742928997,-7.346015063702425e-05,0.0006775296875342195,-4.025113401033066e-06,0.0021636020645674782,0.0003715561424580374,-0.0013120216907180392,-1.786704158018318e-06,-0.0009793090547148835,0.0010428238681296107,0.00029027004537128585,-0.0007583392609061362,-0.0002510706436318651,0.0007443305200979723,0.001959055416099516,-7.597333253805116e-05
2007-05,-0.00010633319855829249,0.0,0.0026039764439336342,-0.0005506653499854674,0.0019407409321720885,-0.0032645099870874258,0.0007861708961707648,0.0021644157150715196,-0.0005309462818310985,0.0018849253474673678,0.0019937243263088754,0.0,-0.0019411842809951303,-0.0008945095710748434,0.0018240798867131588,0.0009445636247058721,0.0012587221372661575,-0.0006341401310616724,-0.0006575756407170241,-0.0019298007698855552,0.0014198665382383104,0.0018820714845656542,0.0014862649691180995,0.0003737550374986915,0.00089747754336608,0.0012219239866899058,0.0011532824737348283,-0.0003776180931437938,0.0008697864947880521,0.0018011091589929089,0.00012465669708144477,0.0013400233978333859,-0.0016976465772937232,0.0022179178074941608,-0.0013617204723189325,0.0010745467024762,0.0020341846282540418,0.00200094878903813,0.0,0.00026288897809545784,-0.00016369677179589422,0.0008699503656767126,0.0023855764031814313,-0.00031579903800384786,0.0010565404885396219,0.00011981560788109495,-0.0007784092264557589,0.0009431296434705297,0.0011936744269164124,8.909139985362907e-05,0.0008726813810970046,-0.0002901352094799651,-0.00016952110216152824,0.0013133828803634422,-0.0008862498661824831,0.0007144952522740183,0.0008744413725351878,0.0001877550383483793
2007-06,0.0012715104017949827,0.0,0.00023298635171616986,0.0008021384126775447,-0.00029055736058222417,-0.0006243508372014852,0.0013527907150782234,0.0003143969944714845,-0.001991459172489209,-0.0005713642252699395,0.0009318097041599832,-0.0,-0.0004635960640569837,0.00026843765588662735,0.0019570449413470374,0.001836308614428682,0.0008901714084008102,-0.0015108336132469908,0.00022638340339402785,-0.00011421454499572616,-0.00010600814479304641,-0.001083226307270258,-0.00026384407586391737,0.003992479929339826,-2.4261899133124502e-05,0.00033094961651741197,-0.0005353478309789167,0.00043851474713448095,-8.579279934058026e-06,-0.0012639177539800978,0.00024464784474982886,1.6254025014694543e-05,-0.0005882623631384114,0.0006662379752567231,-0.0007216421634885361,0.00015886927483905314,-0.0005585090291101304,-0.000677587644090548,-0.0,-0.00021151582146749218,-0.00032565944986840057,-0.0019837399316385332,-0.0011042054770551966,3.613093851456173e-05,0.0006983838047098371,-0.0012924237640466038,-0.0002548819147205581,0.000431827611952984,0.0007847858560678423,0.0012372600937616155,-0.0012811335456775692,-0.00017084052638785012,-0.00021190803286247058,0.0007840712033962442,-0.00038583518497999823,-0.0012929407225941326,0.0026117266282403755,-0.0006109321509617421
2007-07,0.0005472928395900198,0.0,-0.002578818695937657,0.0007921511095684799,-0.002655777622533962,0.00023680072939168744,-0.0010746570238635033,-0.000159717160652431,-0.00041420442512632856,0.0007413565646263123,-0.0018698802610673869,0.0,0.0018095925902050028,0.0005903386145641684,-0.001975140422908625,0.002252177383339192,-0.00191401200449715,-0.0005743652217375055,-0.0001872372836536894,0.0008494264940396125,-0.002753738331288212,-0.001955748009640297,-0.0009519412684236206,0.00010438011576959851,-0.00016609637758597097,-0.001905091538846045,-0.00228788267042717,-0.0012108008055102286,-0.0006764702015453149,-0.0020795799619050233,-9.670540596889429e-05,-0.0012005042533196964,0.0015211922648181613,-0.0016997335285478799,0.0012262370201659928,-0.0007701787484726053,-0.002296572719633682,-0.0028698031145475535,-0.0,-7.134140808227759e-05,0.0003435921944806562,-0.0007928907324348587,-0.0010389686539513784,-0.0018677925357788855,0.0007574277727458474,0.0006212557852108143,0.0009119618054285594,0.00045903662046149367,-0.0009747593760115969,0.000664901673109508,-4.5904651575554694e-05,0.00035637557229521185,0.00047890501756137776,-0.000469685292560983,-0.0015922163128716561,-0.0015360915600508467,0.0011502776641257489,-0.0019270450475032935
2007-08,-0.002494984819618048,0.0,0.0007780656612912722,-0.0005058809856165509,-0.0009464152293578468,-0.001097221172671743,-0.001406380096535557,0.0005665110517724529,-0.0010400709711277372,0.0019137538239360514,-0.0004499745747451244,-0.0,0.0017832106183551025,-0.00027238232818043936,-0.0017203423018741142,0.0012964765951530661,-0.0012964226188706413,0.0019301164540976813,-0.00031427298977080247,0.001031061946262866,-0.0003790510484932195,0.00017879651578042943,-0.00036334480548258925,0.00288926829406577,0.0008189551543224346,-0.0010477489658577875,0.0005329742385464778,0.001313324165440158,0.00030026028277183714,0.0005928968159164763,0.0011270069356232504,0.0010893655099429055,0.001784771470039568,-0.0009848231111594028,0.0009064488988233401,-0.0009111179729908242,0.00043660134123595123,0.000551863961286079,0.0,-0.0015616234751678513,0.00037278327709005973,-4.836437902482122e-05,0.0003940710022048252,0.00017940360501917228,-0.00012082652817896652,-0.0011246994761286795,-0.0012711891458610462,-0.000845647341855551,0.0014353472386642962,0.0008903663140814813,-0.0011318579308049242,-0.0007087026889555618,-0.0008113447437974166,0.00048042975099554845,-0.0009927606400128909,0.0008718117144914256,0.004478986814144255,-0.002197136837568263
2007-09,0.004642389670910638,0.0,0.0009450934360849121,0.0008915557219602031,0.0002992175739039019,-0.0008092059702975166,0.0020157887760068106,0.0037656015159453562,-0.0012973097054030866,-0.0014871204609137668,0.0006400127156769284,-0.0,0.0004388225900319288,0.0025978882557236758,0.00012402586924769137,0.005506349014179038,-0.0003505766033572496,-0.001170349458063871,-0.00177947234700515,0.000632887756263631,0.0013165946105651268,0.0009299315030649382,0.0007308233659130449,0.006508214342412094,0.0015710120613605084,0.0003569265145736207,0.0004919921431869393,-0.0005859133122113014,-0.0017409360958728296,0.0019067989440114334,-2.2342374685032553e-05,0.0009653561474919937,0.00021364459205674605,0.000176493779872194,-0.00011928151670588851,0.00013955966699069126,0.0007174106261606748,0.00031514242055642153,0.0,-0.0007391472113127789,0.0005032145452306685,0.0013863561495844885,0.002322436745530987,-0.00042013542328877163,0.0031161490461195382,-0.0021433551199712977,-0.0011158537988057938,0.001348666588878071,0.0024941207075461344,-0.0009522991677229961,0.002552784557960128,-0.0029490247822369455,0.001363514170199053,0.0021167316341197716,-3.608563849435922e-05,-0.001973784060673508,0.0040500707985129955,0.0018866726977017348
2007-10,0.002656613442114524,0.0,0.0007770766091331661,0.001030580921828719,0.0008531626711230704,-0.00032356255070230033,-0.0008276711747107444,0.0030854200530405673,-0.00029591780616224187,0.0015139744746806214,-0.0002825249768560096,-0.0,0.00040124371017846516,0.0008806038613078183,-0.0003893269207134648,0.005452211100037293,0.0005607148941677733,-0.0012353054110919516,-0.0009326429255780594,0.001293968683484213,0.0021592731506597305,0.000838434546972023,0.0019076194506810228,-0.001543918983269339,0.0021858309594729873,0.00016274554207572933,0.0007069826218406235,0.0002468495998975171,0.00015956845191350617,0.0006377270807199014,0.0002620534732539027,6.50104377057021e-05,0.0006436850424295709,0.0002879987889287381,-0.0007475200389187494,0.0004910681515716502,0.0012340811063067828,0.001095115583281322,-0.0,0.0011210063401477473,0.001434167964386679,0.00012577975908805168,-0.00024354323259184328,-0.002318576964586594,0.0019660627685036385,0.0005642516237461699,-0.0007235165012102579,0.0011274343909333554,-0.00015727479533624413,-0.0008505333756649843,-0.0003323476735363984,0.0010708434372272034,0.00022810145734662772,0.0003252165302619376,0.0015310646441569513,0.0028226903322932304,-0.0024786624631602285,0.0023646313512444817
2007-11,-0.002674213111749672,0.0,-0.0009353217477619523,-0.0006189015634211814,-0.0013799666619344515,-0.002620294363707784,0.00012465737257017932,-0.003291300867175113,-0.0015380634452804675,0.0016168382007398108,-0.0012493659293369198,0.0,0.00394097585440931,0.0005227522440225013,-0.002377599917056236,-0.0025625022253109933,-0.0020308294813915864,0.00014286297335779855,-0.0005073385120852223,0.00019624436196105912,-0.002617909551112647,-0.0021348145139447375,-0.0013706353743193744,0.002538719525363825,-0.002415559829264536,-0.0020017915109558568,-0.0022711012825526746,0.0003251868587236607,0.0010691273332765977,-0.0026182689303099835,0.000646161117930974,0.0028188544879327523,0.0033551654146977473,-0.0018435473255947435,0.0027238486591931073,-0.0012541013527200856,-0.0011753770412445106,-0.0021648742386892197,-0.0,-0.0012549006029815614,-0.00047611855625448625,0.0004107961655712263,-0.0020908060985376418,-9.263834264277879e-05,-0.0005243153846571866,-0.00048616275009080224,-0.001402971449779025,0.0015399121506677626,0.0006844415662628617,0.001267012736987855,-0.0011940793878636668,-7.293635809571287e-05,0.0014370962806600455,0.000970493455003474,0.00022433629214531922,-0.0009015802153014107,0.0009825325251499918,-0.00045916420638433684
2007-12,-0.0002604950288243249,0.0,0.0008764779482451216,-0.0020668666229965646,-0.0006606400049595927,0.00019291597306937426,0.0005022126116045554,0.0005534055291995605,0.0013564510602125403,0.0007152294740664786,0.0014846609256774206,0.0,0.0002274307916208041,-0.0002579311622351894,-0.000730827394191519,-0.0010858048544117379,0.0006394210240615229,-0.0006413231487498626,-0.0010020939305571846,0.0012791917726430824,-0.0002712780281982553,-0.0001757882305900063,5.7495714273197735e-05,0.0019312440216451745,-0.00016868648607850154,0.001038629671028357,4.745248234845474e-05,-0.0015719249407428729,-0.0004096247285205464,-0.0006277075861967365,-0.0005421149755185109,0.00014456731628345132,0.00016876544454548585,0.0016698507726688344,-0.0004942083597250279,0.0009759564788755749,-0.0001470848741796016,-0.000980895656970022,-0.0,0.001224269699217698,0.0011523418712263516,-0.0023154357952306745,-0.0007361599841694164,-0.0007612143683203349,0.0019997930737182994,-0.000820810462606739,-0.0006308440548735418,0.001359346252698885,0.002377788540608629,-3.222390032409892e-05,-0.0018070482944732402,0.0017906899484755182,0.0014118316642086064,0.0020668498841817885,-0.00012825293450016793,0.0014136710845265815,3.188714059141326e-05,0.00133132507767079
2008-01,0.0011146754652786447,0.0,-0.006215612557739539,0.0001817986581314707,-0.005941036254709076,0.0012099055082256084,0.0027687575337961277,-0.0008355684955295684,-6.570476640378922e-05,-0.0010311096757331228,-0.0031265941264229337,-0.0,0.003559889342138925,0.0010906238719091198,0.0003614880608151049,-0.004793501679875249,0.00303672416757462,0.000749882249620944,-0.0002761709880658625,0.0025456885998201,-0.0053687769281341195,-0.0026372242548082262,0.000791343360652865,0.006126118271787779,-0.003948627007521975,0.0031366150966246798,0.0024720119155218533,-0.00223904446229134,0.002509685725116424,-0.003618564209965484,-0.00037246356023637526,0.003033516490010531,0.0029642497187734426,-0.0042802464242160535,0.001768055757292928,-0.0023265606796707057,-0.0060858056701913596,0.006403842632945399,-0.0,0.0007945053835835206,-0.0008090076404280641,0.0016537345934595801,-0.0029299411035778725,-0.0008644554308382854,0.003259784727747025,0.002225321453473248,0.0011724731956085869,0.0019252945333086931,0.00026342687625074686,-0.0006163522943462558,0.0014006094690387262,0.004521183819189841,0.001943880593631837,0.0010269077627385464,0.0015621281182009962,-0.0007102131556919259,0.0007527428046642443,-0.0007710013350243682
2008-02,0.0020664029265974933,0.0,0.001050327315548207,4.4953491036896475e-05,0.0007158299213545549,0.0023488498410650597,0.003913697366277826,0.001249390797103491,0.003845601227104381,0.0015217273914029858,0.0006085800736533029,0.0,0.0024720193546007474,0.0014308769079844478,-0.00013473683457795554,0.0008643972239440251,0.0014927070813817683,0.0010695414692216063,0.004039365453186871,-0.00021943044679277043,0.0003482820914316552,0.0009017779432072206,0.0009460920981369972,0.006878257387909219,0.0016806715811924717,0.0005828810050248963,0.0012218770747836176,0.0023305107430546556,0.0019890920067741178,0.0019466832698652125,0.0007854503301936158,0.002173684742458156,0.0016581274573349175,0.001496039557638311,0.0002646225798095007,0.0012024112650327633,0.0013811421245900361,0.0012842714822205855,0.0,0.008594808982145404,0.0006728385735432432,0.001496790693795985,0.001313949739057255,-0.000489418391188265,0.001683592325394725,0.002962662341556535,0.0024685788447821764,0.00591668359474955,0.001811298365827963,-0.0012165653144714543,0.006154094978532306,0.008223238486316696,0.004928665905262395,0.0041571775737624305,-1.68005433261244e-05,0.0019121801557340427,0.0024660581991654473,0.0018821638520346504
2008-03,-0.0007150618545726569,0.0,0.000696939862470922,-3.6997474828697166e-05,0.000651403388565502,0.0016604349033220553,-0.003668950167605634,-0.002246690119612969,-0.0032588603330245785,-0.00018713140172358305,-0.0007012258687908449,0.0,-1.8364086472282533e-05,0.0026354561815019333,0.0010168800626432896,-0.0015536506753102205,0.0026081481171063648,0.0024739056217233366,-0.0053563091948890165,0.001613349313933709,0.001057733783107559,0.0004873220583059358,0.000696304623074871,-0.0036683641461708345,-0.0005539746730247949,0.0011990403420210152,-0.00015815863334977536,-0.00325495051502482,0.002685151051123286,0.0003501190718728332,0.0002638745690046454,-0.000267772464175988,0.0013439261910521188,-0.0019180498581877438,9.320949145707776e-05,-0.0018177929904892817,0.00043221299590817766,0.0018708918345910464,0.0,-0.0033569045799903712,-0.00024068480859332428,0.0003422259030461629,0.00021501621752460087,0.003292790129397392,-0.001861682355611899,-0.0023138810279114343,-9.752231856266367e-05,-0.005720663394998446,-0.002860845566816925,-0.0005324231746739112,-0.002725037652494276,-0.0016435305190251547,0.003508099926926443,-0.005110858254409996,0.002222913037571357,0.00014404386758562224,-0.002487734146411393,0.0015716507182910607
2008-04,0.0018844296536825265,0.0,-0.001523671616767142,0.00037891792564247466,-0.002123909419324201,-0.001355292752424622,0.003382637092781181,0.001267018920674376,-0.0003716898420652039,0.0009419855149005382,-0.001581946230415972,-0.0,-0.002707603993021905,-0.0005322945689449536,-0.0031652201140625765,0.0032874626660387937,-0.002819852169057217,-0.0016379381604872943,0.0007693444644233199,0.0009434333320014128,-0.0030461713176725123,-0.0029781003759610167,0.001597804018414374,-0.0005689419023780887,-0.002155006686711785,-0.002621992101972214,-0.0012703757592031598,-0.000668773577849594,-0.0022585986806296946,-0.002368747198358711,0.00022277322260008835,-0.002032030558944676,-0.0025848187203140636,-0.0020327290613101757,-0.0010584689465575137,-0.0013356657258957935,-0.0017369724674584249,-0.0026632527986364517,-0.0,-0.0007461546343870169,0.0011496831884555928,0.0010128187600535903,-0.0022637462364086627,-0.0015818058590423177,-0.0018527113624756512,-0.0007506423340063111,0.0003033049932257423,0.0022705479193921175,0.0007419696645914008,0.0005223175588924368,0.00028302516607539666,-0.0012718371803762066,0.0025424995680556005,0.0016449375087089354,-0.0020736915560463443,0.0021951532689187545,-0.00226456871120043,-0.0015460218614791758
2008-05,0.0007134053255852894,0.0,-0.0007232806537267945,-0.00013760606260591012,-0.0008341906041277897,-0.0014185690417953404,-0.00038749483895318963,0.0005202804517654717,-0.0014328767759659862,0.0013778506431639738,-0.0021843329731958084,-0.0,-0.0015807073045944104,-0.0002898714496965758,-0.002532274400713747,-0.0012594227852661597,-0.0011062366839273516,0.0017240569786901262,-0.00021930757995593722,-0.0004023316018866781,0.000454926401600862,-0.0022356373325686527,0.0015705064938355442,0.0013221147467220385,0.0018158761467185322,-0.0009782778032071376,-0.00149561032305712,-0.0020140855566720874,-0.0004959074462213799,-0.0005788630011035426,0.0008262258603074422,-0.0011747847917503397,-0.0016992276944047713,-0.003020706752167712,-0.0014335008977274365,-0.0021810396090217745,-0.0003487647222636602,0.0002489097691391493,0.0,0.0003536056003809217,0.0018938444980705128,-0.0004224860253206623,0.0007259849874738962,-0.002545863493760362,0.00074918596963066,0.0002551863036577201,-0.0012870761068339994,0.001033752515277971,-5.8618615305161765e-06,0.0005822622771866161,-0.00026601891766444907,0.0009583670709338069,-0.003449414504367692,0.0006812375400410332,-0.0012109129690013568,0.0024735476657116793,-0.0007256327225381711,-0.001548511101751018
2008-06,0.00034495226485222147,0.0,0.0034124208747870915,0.0005978684942287457,0.004423107247181732,-0.00017683039057983377,0.003308087701507207,-0.0012577789873891778,0.001479076996385897,-0.0025784353584303874,-0.0012540669019938451,-0.0,0.0007946853771292762,0.0011361969122689547,-0.001588849285973457,-0.002443489897676835,-0.0004816725622432558,-0.0017006866753064185,0.002412388778072824,0.00033274100671162497,0.0034887662292663294,0.0034004978041938744,0.0003920364798979393,0.00018588922020184825,-0.0032845027157928468,0.0021080885655542225,0.002792905389879531,-0.0027839029295602356,0.001316636951373864,0.004932687356761663,0.0005337914345264249,0.0006368665082647952,0.0013419761568354005,0.0025367613466589314,0.0012449856061931596,0.0016158209285414137,0.004333696872975682,0.003946863371401698,0.0,0.0007373733363872664,0.0006295287782466984,0.004103688266231464,0.0056882696204032185,0.0014121141672913701,0.0012777186659034192,0.0005154608396567954,0.0012274404581512925,0.001530651286260053,0.004753756912799438,0.00122412268636019,0.002764719991344743,0.0006283765141737545,0.0006272006740047667,0.003441977217425279,-0.0005753486356859512,0.0018625926090273387,0.0014843507085128675,0.0019206289678550645
2008-07,-0.0006382518068197367,0.0,-0.00014709067065520496,-0.0002016387894393472,0.00043687870284251723,0.0011369317551408091,-0.002003936983603131,-0.0002660626153864848,-0.0010074249184324259,-0.0016297007922443736,-0.0021496894793996122,0.0,0.0009398293252472542,-0.0007340462533270349,0.0031048794811311957,0.0005939723710842072,-0.0011868712556521352,0.0022349119074038483,-0.0018410965835762734,0.0003844987846779667,0.0018786960493755887,0.0008630574928748543,0.002635052781427817,-0.000976629819833438,-0.0001277051068472217,0.00041967093400951857,-0.0011111500703878958,0.000873020726368293,-0.0015156100465713272,0.0005298497870237421,-0.0006461826327054706,0.000847807160350641,0.0007496926261961132,-0.002733367245632137,-5.468893942352687e-05,-0.0015096458706877933,6.431089085857594e-05,0.0005348806774582831,-0.0,-0.002173648051798071,-0.0016298102792468437,-0.003811436820755226,-8.168903087410766e-05,-0.0006119360610579836,-0.000500088730633681,0.00024957875774978607,-0.000911898180189645,-0.0024753168043225586,-0.0017558705907446286,-0.003011197669896365,-0.003180783746288446,-0.003511091281417989,-0.003037123832375197,-0.0023001348222667383,0.0015303090640305253,-0.002334546995254233,-0.0012738463532723629,-0.0022499054582653224
2008-08,-0.004330797440231252,0.0,0.0003509947287031756,0.006699780877588245,-0.0005181878611224346,0.001364894894963627,-2.846144418079593e-05,-0.001988162173438386,0.001371779853508809,-0.0026531747353075678,-0.0015963040433258028,-0.0,0.001471323786779003,-0.0045483009134418256,0.0029360877199396634,-0.0014412938980509803,-0.0006152751133474842,-0.0005218830262593465,0.00032111949891295286,7.63878367678464e-05,-0.001951379068652446,-0.000625475867216652,-0.001777108245036101,-0.00023466293391700968,-0.0003634505163499362,0.0009277861096899094,-0.0011807120238605546,-0.0012734516263296486,-0.002877249119326321,-0.0006084335563563646,-0.00018568271283831504,0.0011380824363428912,0.0016342561683780378,-0.0012376154504283301,0.0016261294557022414,-0.0006260814084281648,1.9116297565899653e-05,-0.0006705891045839296,-0.0,-0.002426237283107222,-0.00046090145687539315,-0.0006405563109709404,-0.000770751932311693,0.0016197285349123618,-0.0029102503838526186,-0.003879571290608702,-0.0011438910144863784,-0.0017117999523346581,-0.0007152516695761005,-0.001042720598124679,-0.0010208027613336562,-0.0031947213293814897,0.0028005047926664924,-0.0010031014426781695,0.0007410376701209773,-0.0012868925365245695,-0.0001238564578836881,0.0017744852313845265
2008-09,-0.0031998618857031055,0.0,0.0024405368911162404,0.0008051488465657807,0.00338855357315406,-0.0022198671497713433,-0.0021362447339446744,-0.00024866056231305207,0.003740093711989229,-0.0003683154175426594,0.0010853110594382085,-0.0,0.0003826808138666779,-0.0021673102709340412,0.00023738068489998667,0.0034286607048753573,0.0017449673637372032,0.003346546907560491,-0.002107303345683611,0.00304836552087336,0.005805380740062684,0.004635585756215493,-0.004605898184142203,-0.0015101305904685392,0.005043419317938955,0.002854705684094553,0.0030273605440087857,-0.0012194867832735511,-0.0006713337441770114,0.004692098229947263,0.0005108297182175285,0.001316007137650881,-0.0007798727400066353,-0.002102387157432405,-8.872972647215644e-05,-0.0020797347935383576,0.002651235519174022,0.003405069910762362,0.0,-0.003855058115246714,-0.0013653546035928249,-0.002467123987668576,0.0029314917309425457,0.002248765940362265,0.0015575555213655484,-0.0014219196727215137,-0.0022396510316023332,-0.00301192975282708,-0.003479125121291298,-0.0008104526299857064,-0.002313967691843757,-0.005670106298995687,-0.00012678594132405,-0.003685101191919493,0.0018564349463604292,-0.0022249467749591795,0.0023883498729005263,0.0002310467591752802
2008-10,0.006552754629307671,-0.0,0.004365013943316559,0.006951342391860703,0.004371638287704082,1.2626686120536033e-05,-0.0032800314228771305,0.006612501466388803,0.004251719267058175,0.00024614828037005184,0.0010190676004954316,0.0,0.0013056790278763324,-0.006996087652007906,-0.0009184019508037734,0.004399581342141988,0.004461049870213101,0.00208970167964368,0.0025409152345408663,0.001435650928462787,0.004833353202620691,0.008505856821844536,-0.012386853627675328,-0.0014455134595551496,0.004458013640544859,0.006459582239799081,0.006995589941143684,-0.0015436236330352955,-0.0018497145918585397,0.007987450674975864,-0.004200379358533346,0.0015664921084181508,-0.001364527896673247,0.0036100219464556297,-0.0026520027036137836,0.003990657256183333,0.004992838927540097,0.0039977262575941995,0.0,0.00017923085980043108,-0.0049725548546032455,-0.0025677876260471444,0.006739732941756298,0.001812980508143524,-0.005502378750986791,0.003154643080297919,0.005715456898516424,-0.0037427413128868344,-0.0006144520371731025,0.0012156440599309297,-0.003821366088126086,0.003086937232480136,-0.0051752847726072165,-0.0017345854871803187,0.0025948029131823364,-0.005267845923338666,0.0030176782683735606,0.0030197706249223836
2008-11,0.0004981606142226207,-0.0,0.001842692702143164,0.0026930886924240905,0.0015410503644917315,0.0041139682050282626,0.0015819950495824637,0.0014833324141910941,-0.0008529562886264332,-0.0013457284838220302,0.005209615166465103,0.0,0.007081650026718458,0.0001762529434052335,0.006122846862743948,-2.6316949233977272e-05,0.0020937776816649083,0.001070776366342783,0.00022046194869746694,0.0004944395345811246,0.000696719735124598,0.0026758223718926773,0.0016950701906708616,-0.0006822151152909798,0.002544263445607492,0.0010048314493017383,0.0029453998191781602,0.0001377073587574352,0.002857457369888974,0.0026907960193750823,0.0023701687021078378,0.0033932099952390556,0.008472890577007862,0.0031240286053189543,0.00982325336201923,0.0015142503812477742,0.0017086240647522022,0.0024520082799672858,0.0,0.0003627855083333726,0.002608999212635363,-0.0017556345524640704,0.0019260126684966209,0.0022343281379473266,-0.0034005254102617097,-0.0006100899835285417,0.001128732354564086,0.0004842639646336848,-0.0010040079372838886,0.0004779550155853726,0.0017265853124741942,-0.0008171185174530637,-0.0025159969217945226,0.0008618636884246393,0.001983138274967567,0.003437677558371744,-0.00010833579758906927,-0.0016577802838463908
2008-12,-0.002210699488274622,0.0,-0.0005958408927280521,0.0021853160814945477,0.0003817723214163777,0.005375108806174,0.0024107100177577245,0.00016981490522609751,-0.00036634173060744505,0.0059326476072054345,0.0025145506008232787,0.0,0.0023892955008349417,-0.004896336872051964,0.005432992214863258,-0.0004735250043847873,0.003137085532436799,0.001330278535508546,0.0005363538651311679,0.002327890053656147,-0.0009670703390325752,-0.0010722088091864336,0.0016943130985882207,0.000707881341483309,-0.00043087810654162566,-0.0011150058446452098,-0.001185332788399234,9.84218826469796e-05,-0.006700742528672,-0.00018561536327472479,0.001751817202463228,0.001258766437833431,0.0031036867011419124,0.001913827240313305,0.004421004828528675,0.0012568198121139964,6.802876989328106e-05,0.00046007890372286086,0.0,0.00028420448732804026,0.0016843101777459285,-0.0015767548974795161,0.0002630891318551132,-0.0007814479092314395,0.0017552628280784052,-0.0012593762277457955,0.0015834747121416086,-0.00014719269109736256,-0.002686702213070887,0.0011702420822464414,0.00038190507255909793,-0.0007983774420324642,0.002760400465700885,-0.0014609208962668159,0.0005453461483314666,0.002786890568336848,-0.0011065892284872925,0.0016748415806442244
2009-01,0.0028677562258138172,-0.0,0.0025002790399804064,0.00037680990372642337,0.0020358637687155814,-0.002122632265860693,0.0006569751955371003,7.857031239597792e-05,-0.00012909828990343485,0.0009378146986433005,-0.00200480651573841,-0.0,-0.0008690077060549048,0.004134702728015258,-0.004098621556940451,0.00138340737124243,0.0005990012527117903,-0.0009331368915639214,-0.0009839827947138082,0.004197322350999887,0.0019548070739700226,0.0017433894801289135,0.0007189332598317955,-4.271033406578486e-05,0.0005823344224570745,0.002979860481596473,0.0025117477606776146,-0.0009291795425667357,-0.003395826339741599,0.002575569017910017,0.0003517084331792189,-0.0004478222090329986,-0.0018854715526483198,-0.0007391946199376931,-0.004096339569922461,0.0006737517822371867,0.0023408575154721125,0.0017799616259867874,0.0,-0.00024789715619147795,-0.0014971342477223767,0.0010334782185354142,0.002883398722483001,0.0009772186666415145,0.001098220740787681,-0.0014498458644578633,-0.0004543473161225625,0.000342586705357699,-0.0006119545364234712,0.0017928708822436295,0.0002906587459869982,-0.0007082536475912177,-0.0042338719241659505,-0.0,0.001485831496183812,0.0019571408349291965,0.0009228376597890642,0.0007517180556396696
2009-02,-0.00032251722480426724,-0.0,0.0027760867640132052,0.00038806465424403495,0.0023325540775014177,0.0010508816587262387,-0.002160308951538031,0.0012584145409360423,0.0023523251177737766,4.1648541305985026e-05,0.0020209900184665736,-0.0,-0.0003819149232048109,0.00031375650187520404,0.0019218378836378953,0.0005630231099838716,-0.004977571983902673,0.0006378201589639681,0.0012708434249368505,0.00013631384717830274,0.00212504658474266,0.002259910100294066,0.0018738798027541968,0.0004468790889347498,0.001126929334783754,0.0013562704857962027,0.0027194017423835377,-0.0007517322083563285,0.00021302619285283375,0.0030507111919865267,-0.0005162744207058633,-1.4661897263592433e-05,-0.0004859958362936517,0.001101475965323995,-0.0007637978645344594,0.0007999489665909156,0.0030255952493449885,0.0028612480747615076,0.0,-8.500171798411889e-05,-0.000162846912895638,0.0010407495342939239,0.003500486158948063,-0.0005423245664985712,0.00035844530655891523,-0.0005702043883307683,-0.00039415061754684944,0.0007831421680099963,-0.0018427403121749686,0.00043352608643494606,0.001116937454769816,-0.0013103337185556663,-0.0010773376377309393,0.0016238300432499175,-0.00029323008681751656,0.0008827462777420085,0.0012790575921233227,0.000603425637415897
2009-03,-0.002237706395536845,0.0,-0.0014454128829149058,-0.00010416156604905541,-0.0009326030526142069,0.001944364766237249,-0.00108872030067399,-0.00023330563821466558,-0.0010665674309226264,-0.0007807418128579048,0.0006619124664661063,0.0,0.002054276624135317,-0.0020001967487007655,0.0023411593597043663,-0.000982835648686724,-0.0006645785186183744,-0.0012752250351515946,-0.0005232306628206579,-0.0014818300957321591,-0.0008959141921505484,-0.0019320885907518986,-0.0028780083764932086,-0.000561002902447288,-0.0021626019542802643,-0.002466539031630207,-0.0018233686704644079,0.001079004554443016,-0.0009037852833073879,-0.002193359614085537,0.000709754538492114,0.0012728411368781128,0.002359512537697164,0.0003907075874533723,0.002163633088419398,0.00018802213532989723,-0.0012155285879246497,-0.0005926428901754395,-0.0,-0.0011867082947945842,-0.0002523134480035493,-0.0015613590747855408,-0.002152344345306186,6.948671364985448e-05,0.0004444171647304657,0.00013269123255194812,-0.0022249219861400485,-0.0009924505754553264,-0.0012913077838009846,0.0009340911264951476,5.74812630027045e-05,-0.0005206729257965052,0.0002571965440339208,-0.001166459811795061,0.0006198898225963036,-0.0008389244592259641,-0.0002522584394918926,-5.579624215074383e-05
2009-04,-0.0015337072800098348,0.0,-0.0037172470415756773,-0.0015676062367290437,-0.0034794087699519913,-0.0021041891278925392,-0.0014197373128099534,-0.0022914905552731584,-0.0023773044234071212,0.0030223486654360958,-0.0012475921412550698,0.0,-0.0015745217775920443,7.725271841409014e-05,-0.0015704837666547955,-0.0024597886253340255,-0.00016613204957459236,-0.0007005975057981358,0.00026564898227901984,0.0011679805945986822,-0.0024781995771157835,-0.0034871630033094336,-0.0010625953573925894,-0.0005353605424325624,-0.0028493211793213275,-0.001418438795757543,-0.0034576253135179358,-0.0014548982207164467,2.645328234440264e-05,-0.002655708142772611,0.00018783184083016237,-0.00036645944029645497,-0.001882561416795444,-0.0005124909567151969,-0.002497673461606432,-0.00035919261852641453,-0.003848594500143629,-0.003239298123868485,-0.0,3.137776996811032e-05,-0.0002091940598082521,0.0003765343020267443,-0.002212532780686633,-0.0015117253629723017,-0.0008637620700847114,0.000745803738363209,-0.0015567397463080476,-0.0010534330319715306,0.002121031159179722,0.001229395121523367,-7.132618953954064e-05,0.0003052615954956364,-0.0007734602261937124,-0.0016204764661950587,-0.0003278722408822264,0.0001958826414841984,0.00019429337052670795,0.0019997799254537537
2009-05,-0.0027916053960106223,0.0,-0.001059336693510922,-0.004323837566395764,-0.0015852805067162676,-0.0019174997391850702,-0.0011668308095847983,-0.003879794798488888,-0.0007726121644651058,0.0006539965374469063,-0.0021405397954027327,0.0,-0.0008237246895475667,-0.0027594750954853253,-0.0012497499530681288,-0.0031571587217694404,0.0016546366670850484,-0.0020088539148489346,-0.003069729132763388,-0.0015217996242398956,-0.0013164781082765631,-0.0005873718052124169,-0.002288316760145132,-0.0019292906428056752,-0.0006383570677182974,-0.0015782475724552098,-0.0006271179506840509,-0.0012619316857463928,-0.002577484885441869,-0.0014740003013929202,0.00025693774679725793,0.0002966761954155973,-0.0013141690036908439,-0.001291780002964524,-0.001135381307488182,0.00013307246897148995,-0.001643501771291953,-0.0022684070342528385,-0.0,-0.0009628011929101545,-0.003600203441163763,-0.0011083264010842424,-0.0012945536813593714,-0.0006440906061933013,0.0022081163980959342,-0.00352334731980633,-0.0009680761390693722,-0.0010130656748449439,0.002237366835808072,-0.0008174728633384622,-0.0029731775447314032,-0.0011708678649370978,0.0009132223246676539,-0.0018126110415088888,0.0006682153778219522,-0.0031114084314516352,-0.002413137570404247,0.00014070433231352683
2009-06,-0.00037423938048006136,0.0,0.000786991048607053,-0.0009631745604378741,0.0009606632547406499,0.0004758735187770111,-0.00047030274206769486,0.0023755826030001466,0.001236358308246561,0.001658753453641106,0.001369457479372712,0.0,-0.0006762255135319146,0.00022711107902018926,0.00044815783468620717,-0.00024404983478695146,-0.0005223274121758056,0.0028639090493756273,0.0024900619426047547,7.505001657288534e-05,0.0009897527711760915,-0.00017261964652833363,-0.00032111282406743384,0.0019793025216824607,-0.0006363133455553727,-0.0006921375586274571,-0.0003565436556484667,0.000964415265362017,0.000663339852766982,-4.111292649563007e-05,-7.117829963462564e-05,-0.0006265693315074147,-0.00040379870410830484,0.0008950165911913377,0.0002278800478299012,0.00015483074475463197,0.0005949712913608663,0.0008358357518320588,0.0,-0.0006827206649246375,-0.00013276764185168806,0.0028248680334165173,0.00014478613328966234,-0.00041716635144131963,-0.0012653014796536602,-0.001634878292735972,-0.00039617998413816167,0.0015288455093639278,0.0006806961745568481,0.00033194958943496145,0.0017973413102556988,0.00021850428171549726,0.00011444526882331824,7.335025952596639e-05,-0.001365874107042827,-0.0005182912821069226,0.002709515353181974,0.001470861801354765
2009-07,-0.000993500742880173,0.0,-0.0022517489562404896,-0.0006367763246608646,-0.0021176384718463136,-0.0005404163361339199,-0.00208542141831961,-0.002815744811814903,-0.0006523470587070715,-0.0005791535120663932,0.0008919513708932774,0.0,0.000582813059837462,-0.0006078227701468718,-0.00035540217494875307,-0.0017480492553984279,0.0006930220942832458,-0.0019823890421763845,-0.0009749967847305352,0.0014001917793632563,-0.002457912379315389,-0.0019136871065925777,6.473949176890012e-05,0.0004162811454507451,-0.0018569311944735413,-0.0008990989814050662,-0.00203947985978556,0.0006176047524037756,-0.0005793135497765292,-0.0019680992957666304,0.0006997761294633625,0.00036915167778301853,0.0005435891459826731,0.0008712067409972129,0.00020209280444620392,0.0005597867979937936,-0.0021065894596838945,-0.002287739767148093,-0.0,-0.0006723260241366426,-0.0006912149974441741,0.00047190159660275444,-0.002477378050921212,0.00015740928095305684,0.0005981293768341209,-0.00032087118336165157,-0.002127242925049187,3.899146124134236e-05,-0.0007463781133337927,0.0006834098287897297,0.0013124720435920315,-0.00034621976297567275,-0.001661120031945864,0.00023913756305292253,0.00012202089197488938,0.0002706229395807065,0.00025926532159609877,0.0006599208789933675
2009-08,-0.000369996704218443,0.0,-0.0005609176807970679,0.0011894322418003545,-0.001717859281597348,0.0010222745688911912,-0.0006183288679761974,0.0005860088289468639,7.074267094322334e-05,0.00038001941320748016,0.00027255628934552825,0.0,0.0010411433855329563,-0.0002141633290459453,0.001422696214638564,0.0005543185943519771,0.0008779996563972536,3.114383179062166e-05,0.0010132452386032262,0.0017170242119006716,-0.0022466427297654656,-0.000974299826247298,0.00030740372785462844,0.0011889004019218568,-0.0003166869239912652,-0.00015978591304810426,-0.0006068679045667648,0.004655333480746663,-0.00031463001320444035,-0.0009542879067639759,0.00047247856152950467,0.0011511514585033674,0.0007359925584263316,0.0002752928792092401,0.0006283914988913189,0.00034211150397805696,-0.0012248535951268483,-0.0013473201061793584,-0.0,-0.0012808206514636677,0.0006172678538300725,0.00046749160985751524,-0.0011302253162486875,0.0015592547606979046,-5.354453483537364e-05,-0.0008871889623278251,-0.0009927499370026452,7.42188964679669e-05,-0.00013698168412617216,0.0024045392556978984,-0.0006870684440409826,-0.00035520158010727887,-5.428275761039442e-05,3.618208624531358e-05,0.0013456200207222668,0.00023998844453491808,0.0012083063648608327,0.0018265536439839635
2009-09,0.0015725214960312457,0.0,-0.000901415831564377,0.0008020673439052936,-0.0010100425650244103,0.0006455081770735279,0.0018853579243975765,-0.0010110001003339848,-0.0008840400724413636,-0.00038116797617016956,0.0002929758282706639,0.0,0.0008191384893915327,0.001055094103839161,4.704000239041632e-05,0.0012429934539792738,0.001730039688690737,0.00045897585985921804,-0.0007900636031784359,0.0013064617388985763,-0.0013260171162584793,-0.0012567071929536226,0.00034242876614725597,0.0009682956198166522,-0.001322690374903059,0.0006531234450502252,-0.001292417987862227,-0.0003641432908455748,0.0010317943976830576,-0.0010070387755077282,0.0004014174962952957,0.0007714541170497194,0.0006582531865075002,0.0005758373398769515,0.0005702326340813983,0.000899899892550867,-0.0009276072196372452,-0.0008552073261075691,-0.0,0.0002707766987065164,0.0004259654953393642,-0.0006007733813932242,-0.0007042005704817458,0.00014192523725017233,0.0014433333971760464,0.0018937461020907822,3.8545424575264816e-05,0.0005579396140422718,-0.0006064029311401297,-0.0028778876451795647,-0.0004707433837598064,-0.000666932777706831,0.0009206245461874898,0.000856062762099348,-8.060850609875208e-05,-5.809066689307255e-05,0.0011423218154136357,-0.0010802591063893412
2009-10,0.0007609752975318315,-0.0,0.0012790809026627225,-0.0014885919096800262,-0.001525076440250149,-0.0006622586830414294,0.000856156472333867,0.0004611231512622182,-0.0014321863942929208,-0.0006136112363907147,0.0003318904656356191,0.0,0.0003797334242034099,0.00026975830931880195,-1.2843118567469311e-05,0.0007617955021781168,-0.0002534574775642734,-0.003686928458644066,-0.0011562863054649561,-0.002645072311810476,-0.000633606289872901,-0.001273615054136838,-0.0012165649827987584,-0.0005233487470849856,-0.000834920798985944,0.000222575902883232,0.0016211645865466752,-0.0018048580168391905,0.0004702563081095687,0.0005602482548817013,-0.0001174467297036926,0.0008649023153734399,0.00018126365451484543,0.0002672819026737431,-0.00046273559808513993,0.00014054658917288208,-0.0014414100028097296,0.0006242676574157269,-0.0,0.0011369666460405421,-0.0014985073305666756,-0.000977071144074175,-3.642735233173838e-05,0.0007568987285768059,0.0008385861661183371,-0.00043688763964197774,0.0008252004505024647,-0.001037895500138329,0.000660199861666743,0.0017614773747425306,-0.0013478649303648924,0.0003439818904857908,-0.0015636579984692164,0.001007851754025338,0.00025588051861151267,-0.0011526373363263947,-0.0012121201531846615,-0.0033747509256294365
2009-11,0.0006231327831993237,0.0,0.001296906579033198,-7.237072828564635e-05,0.000745558354636641,0.0031266847428249272,-0.0004959148778449803,0.00100468222004342,0.0007983671741378907,4.161807635666231e-05,0.001455414674532677,0.0,0.0021472938457444343,0.0008978502127209708,0.0010114115379088846,0.00011337420766924836,0.002503231809757122,0.0005428016721748287,0.0005146904446029135,-0.004605397360019447,0.0013997323043119364,0.0010838733727185832,0.0011920381847607914,-0.0014591526968568207,0.001666174059767951,-0.0019469909584271961,0.0008152261449136134,-0.00012087920984439566,0.0008879872724759388,0.0019794375379848885,-8.884935455009501e-05,0.0018913171256488214,0.0016953868542103686,0.0018234986331678302,0.0012335515112805433,0.001058112848917136,0.0008596543825997865,0.0007275382286849178,0.0,0.002000547190094184,0.000186676341978084,-0.0015851254243795549,0.0024785228894787085,0.0014318141813050725,0.003852121530317501,0.002466849752947621,0.0012004802593046466,0.001986681908025394,0.0014816230754820217,0.0013796847515351296,-1.3721953960364727e-05,0.0020030001379255473,-0.000865882475784132,0.001781265095334322,0.0011704313339403348,5.751706869027418e-05,-0.0024566467363979065,-0.0009862837176045304
2009-12,-0.00046350624108712734,0.0,0.0014400265115526636,-0.0008990989071828341,0.0020074716088797945,-0.0028154855091351073,0.0001545772230951168,0.0004839324273808757,0.00024607147411228534,0.0012064332960947017,-0.001698482016836256,0.0,-0.0029272012022314893,-0.0020662202522534535,-0.002506734081608252,0.00015634177521594298,-0.004073180613185217,0.0009429530733858219,-0.000864679019621224,0.004031924432327379,0.0013940490613698583,0.0016461272105085236,-0.00020660530362939146,-0.0009192134394173107,0.0014255296064315248,0.0035454525384490294,0.002068730806557427,0.0028907924479897556,-0.001264180557255316,0.0006195971996374957,0.00019481608438634394,-0.002097654531426484,-0.002778364418548063,-0.0011517306756057564,-0.0026662644706222293,-0.00016045052138227595,0.001590852721125233,0.002014248285878563,0.0,0.0018086939902378773,8.55467810739876e-05,-0.0001232610716522518,0.0003200978203905155,-0.0012620740279004879,-0.0021649371148722797,-0.0016734018020612724,0.0009316441804605285,-0.00010933207981184793,-0.0002247541387534549,-0.001604491916052744,0.0005503832454740664,7.428226971221306e-05,-0.0008822218571355644,-0.00037898120269160826,-0.00023942631057378454,-2.3279816775868675e-05,0.0013506208345918731,0.0004836142249599209
2010-01,-0.000381420636177647,-0.0,-0.0018997430873593376,-0.0005445903188480331,-0.001551140833952812,-0.0026158874987516566,-0.000537593625380597,-0.001010918229888931,-0.0017683212178309913,9.974356101460658e-05,0.0021014647590310194,0.0,-0.002374445248974382,-0.0015463717708159694,-0.0008826004432133082,-0.0015861553183227517,-0.0018569333959926888,0.0010023447051982467,-0.0006149277359081812,-0.0012330538867183253,-0.0014448306130648186,-0.0009063384682138862,0.0002100637659108001,0.0011081840573715959,-0.0018359517896794366,-0.0013138581010631143,-0.0010120940181470106,0.00199268013513696,-0.0011437581404392055,-0.001218065402805463,0.00012201882483797717,0.0023152961330100454,-0.001920180238914073,0.0023444153403610122,-0.0014867944741236048,0.0016457774706589159,-0.0021884839790417485,-0.0017508759852541912,-0.0,0.00015502075820143037,-0.0010476541513778277,0.0026097256415715388,-0.00121622853854266,-0.0011652522918624455,-0.00033745655421405554,-0.0006552604148690283,-0.0016233595755779772,-0.002240872901968306,-0.0018467096413678295,0.0009779490811210759,-0.0028507514677624745,0.0004726688249691325,0.0009622354868802319,-0.002566039634461304,0.00035578044395162696,-0.0013690601429032704,0.001938557370070259,-0.0003058799017337112
2010-02,0.0005509577364249434,0.0,0.00020733497010605876,-0.002610787571714684,-0.00023494957229393165,-0.000105013693663372,-0.0015830071299137844,0.0007749263011709065,0.0037479497043657202,0.0008112987809546292,0.0006284695704733065,0.0,0.0007157052418961445,-0.0008328393888037692,0.00018194786439470066,0.00038999797928473224,-0.0009977186567385406,0.0005295076008705986,-0.0003124253798913976,0.0007836570187626339,0.0013205662140528547,0.001446968492160816,0.0013073427267309362,-0.0004547550964916393,0.0012603755377744855,-0.0001494968230103919,0.0012309136573892255,-0.003628591712057467,-0.000593840408408609,0.0010327237862900003,-6.31579677345844e-05,0.000824377111622743,0.0005164298019297059,0.0012547641927394056,-0.00016115254206759924,0.0015568626279712958,-0.00012807768589099874,0.0005274554478208576,0.0,0.0007982476252751395,0.001063139655379805,-0.0009410588420224481,0.0010636762170524656,0.0010610319336394822,0.0009170193083209161,0.00031612500893629826,0.001200881745192866,0.0015374289469842323,0.00015844790345892983,0.0007590191682587442,0.0004371167447960393,0.0004736387151643307,-0.0011347710638773905,0.0007394537714976223,-0.0014934270574111842,0.0012913346842435551,-0.0009517763783637825,-0.0016041247084372455
2010-03,0.0008522973175205992,0.0,0.002568804782256337,-0.00020658715119568997,0.0019838331563930382,-0.001372533746347138,0.00026534438476383655,0.0016132620480438468,-0.0004516801284521049,0.0004889722229113055,0.00044641988227373734,-0.0,-0.0011724499287055715,-0.0003524192381716046,0.0002456552659188304,0.000670360743293588,-0.0026423145784069913,-0.001060341915242306,0.0006990011750882102,0.0011055225465030857,0.0021400103705006917,0.0019476363419160209,0.001999872639166896,0.0011415884352688802,0.002083710969358467,0.002679088815233845,0.0021276499241292255,-0.004491770224311941,0.0008350173865300993,0.0019650931063891247,0.00011664356079902952,-0.0006548719389765703,-0.0008206728711651802,0.0004378290426036541,0.0006622134162864688,0.0002503888260895834,0.0019392573513808394,0.0019555201652922214,0.0,0.0016118632382319778,0.0007698504944474894,-0.0018727142036563409,0.0018706954876961171,0.003751346487482262,-0.000138458647512309,0.0009841440610890457,0.0014292832395942658,-0.0006548170093453292,-0.0002469848767377452,0.0024723247682056954,-0.0014462517903526995,0.0012803055589943608,-0.0020911338355969213,-0.000370469801475318,-0.002289688560949759,0.0007165308890875451,0.0019700127363708876,-0.00041911801024563584
2010-04,0.00039509691504580275,-0.0,-0.00028835962698715113,0.0003533053038198284,-0.0011725796973377923,-0.00023426518368147793,0.0013458698546430514,-7.757655362636551e-05,0.00044330647629792534,-0.0005555299760335088,0.001165935723261805,-0.0,0.0010599039692505434,-0.0007031539978980653,-0.0008915034764267469,-9.868394071902087e-05,-0.00025076832117971884,-1.977570360523151e-05,-0.00039383372487574104,0.0003436002185644571,-0.0006695007768292891,0.0012082372532193435,0.0003903428004569258,-0.0011425001120429035,0.0006212111499930387,-0.00012432948867796434,0.0015435524331198537,-0.001326329291154703,-0.0009907957993535669,0.0005257149967315709,-0.0002091469738163188,0.0008623894735801681,-0.0011728101248934457,0.0012748480346677733,-0.0012120292069462688,0.0011038028178514336,-0.0013122655388004844,-0.0013418969539129035,0.0,0.0025747184787776327,0.0004974160143907721,-0.0010931345856598745,0.0005431693343089689,-7.601791844035e-05,0.0015930421619832476,0.0010311463732612888,-0.0011421224138532398,7.549277455490214e-05,0.0017681930384445164,0.00010276069536846146,-0.00018696386686100413,0.0012097765777429666,-0.00020638830224689464,0.0008957240529678582,0.00040527807650636273,0.0003105011913154168,-0.0012994828328000399,-0.0010162509089187228
2010-05,-0.0027588007999082113,-0.0,-0.0005971079872286309,-0.0027880212969045785,-0.0015927189922106174,0.002986218262670306,-0.0015271951916698923,-0.001455382517605364,-0.0009150979270089492,0.0006102555140455819,0.003722838934078008,-0.0,0.0017190531521187507,-0.0034430515449842963,0.0028161186897852583,-0.0010302201408808939,0.001757142963860739,0.0006288192193130645,-0.00015504152944075192,-0.006064341127886137,-0.0020759400523617175,-0.002124036420273274,-0.0022097540551210843,0.0007844473341338704,-0.0021200933606057987,-0.0032088146270127078,-0.002099955709393196,-0.0008730318112098836,-0.003135279735983147,-0.002730309971782792,0.00011947013014150173,0.001697444381266369,0.0019456909455818165,0.003081411508077751,0.0016512260041231309,0.0017477150991236005,-0.001130915494053034,-0.0011096278600634085,-0.0,-0.0027409543332066115,-0.0024023311931129056,0.0008472136008935987,-0.0027680642353553144,-0.003172486417008817,0.0007776296188303198,-0.00020566543539279466,-0.0012724898478580942,-0.0005931619493598307,-0.001256470509417662,-0.0010867461076515793,0.0017647062571306384,-0.0023918288282729454,0.0015872402632823108,-0.0011365135426819886,-0.002455352854918959,-0.0028520091276569835,0.001430410546031194,-0.0013305729209215401
2010-06,6.632517563394788e-05,-0.0,-0.0002873947728921096,-0.0018941475559278629,-0.0003884915121537533,0.002331724270120268,-0.0002291223147517656,-0.0005000507420726798,-0.00016311034537852325,-0.0005195549185115647,0.001149721390410575,0.0,0.00183074775117613,0.00035288109755725826,0.0020399468286999055,0.0004062397597091697,0.0013984850976278519,0.0006443731077040622,-0.005025619420828945,0.002923977444807615,-0.0018345230436712522,-0.0018704300887552327,0.00013286802242703163,0.0001264399691618767,-0.0016917648353344313,-0.0010089398058429541,-0.0020430256731023442,-0.0022833993827173775,-0.003536207275153868,-0.0017283657591943148,0.0002806543542536175,0.000986687938770945,0.0019302200552139884,0.0011768303672741321,0.002107383794960892,0.0003228241502730519,-0.0006321210523118487,-0.0011658679350721904,-0.0,-0.0005763230841943033,0.0002578585749240058,0.0002962693469159636,-0.0012155131732030325,0.002028052142066097,0.0007696586850044997,0.00023683928726923154,-0.0009120177032635407,0.0006762346701457507,-0.0008246779528614432,-0.0007680509898543566,-0.004741398763372255,-0.0002640596697051019,0.003257968411510671,9.139685025601548e-06,0.0004871093436782628,-9.822949868836917e-05,-0.00023544832479156384,-0.0011901377826544983
2010-07,0.0023797864827829773,0.0,0.001226559545822449,-0.003027398171132445,0.0015498087043195052,0.00011054044903724029,0.0008553363198485606,0.0014734867665489285,0.0005839518839706654,-0.0013465564537646275,-0.0007899297083105355,0.0,0.0016250821312445074,-0.0032882593078537928,0.0003588959228848909,0.0008997934896835096,0.0013587193221559506,-0.00022243364677983606,0.0013130366942631837,0.0004461086530825876,0.0024989444094558684,0.0018394292904376588,0.001105631381711316,-0.004494239432437004,0.001892026532963013,-0.00048188087535163375,0.001703326584152402,0.003341716971408649,0.0016402809489421872,0.0021773181732391515,0.00025441331590901666,0.00043023199206038035,0.0009232500615371762,-0.001286002261809854,0.0005271266726371616,-0.000859399237520821,0.0021254164347643874,0.0020808293260286786,0.0,0.0016985702269585342,0.0004930840273065207,-0.0016025983057018198,0.0024606088458660777,0.00029882157917539894,-0.0016515082348188583,-0.0007007764032842262,0.001985366251091496,-0.0016878732866921593,-0.0021442519781878304,-0.0010256762951672068,0.0010676299054125098,0.000504342801468001,-0.0015755786389923675,-0.002399910364406605,-0.0021192174019916453,-0.000567083222954841,-0.005831030227826737,0.0011967441023780527
2010-08,-0.0004645704063115231,-0.0,-0.0012108936743455666,0.0014347149468203135,-0.0011691796020222795,0.003297153587570006,-0.0022023574260663756,-0.0016211344949332886,0.0018064788638483666,-0.0007278377698573936,0.005325278320931243,0.0,0.001409795092176334,0.0015846076517527998,0.003947665175621165,-0.000533838809754004,0.001554436670949148,-0.0011185824259843018,5.390561072849468e-05,0.00041822656019936265,-0.0002956808766820153,-0.0014084001990628376,-0.002111231867282217,3.23320999817274e-05,-0.0014448346323291021,0.001967610638711073,-0.0019381720453727097,0.00014989633274371605,0.0011058897994264225,-0.0015045972654249063,9.254696965372494e-05,0.0004263979986687504,0.0019470166756742108,0.003661777536697003,0.003304986019897139,0.0016445097435179,-0.0012518413755832553,-0.0004697546646563681,-0.0,-2.6935462714578683e-06,-0.0014833146520297428,0.0015218017896455433,-0.0014296177899935365,2.174109246792059e-05,0.001649275694908076,0.0013544217177839763,0.00020517817422420403,-0.00023435902721468044,0.0003447074402812172,0.0035941386744126878,-0.00040407153702211155,-0.00067490535944693,-0.0009265065128171251,9.794077647888336e-05,0.0015958473793658944,0.001502175773683473,-0.00016676089114746957,-0.0011868019156727402
2010-09,0.0030857469532486973,-0.0,0.0014860895592618208,-0.001494106187601327,0.001713363858759985,0.00016094667697468345,-0.0005445869860348972,0.0016866216792536142,0.003746111172542815,0.0011549757807852873,-0.0013941043707444984,0.0,0.0005881131302922885,-0.003861524924957431,-0.0006976940499302019,0.0019013947409362527,0.00045196948593621166,0.0021121822220452674,0.0005556341929537305,-0.0019122668453271162,0.0023170280810498813,0.0029795967064600855,0.002758963159275697,0.0003169091816862263,0.003424321376400934,-0.001699098065918088,0.0029803741809563042,-0.0036556241913264513,0.001690310985671938,0.002756067403959553,6.251903610718522e-05,0.00048417242739239047,0.0003008165630806274,-0.0011060689784843235,-0.0005304124643708807,-0.0014382570162423385,-0.0013836472621437236,0.0003717769888818848,0.0,0.002049781810808626,-0.0015987209188220697,0.0025901229660059396,0.0026764744342977565,-0.0014667873574251635,0.001442933570584039,0.0022991145084552754,0.0014932815818705148,0.0023353505935493585,0.000760504862846538,0.0003634756655226387,0.0035835239165819687,0.0016231327948305987,-0.0021034122452879772,0.0018548685946953242,0.00011318535875093133,-0.0013965430843178091,-0.00024291689472436657,0.0007053882137391009
2010-10,0.0005729211724761564,-0.0,0.0017312712394070978,-0.001149079192571123,0.0009118440177916651,-6.212065057248313e-05,0.00011318162565100667,0.00036354032541903957,0.005018219621038896,-0.000977301051611106,-0.001771189868660513,0.0,0.0007377300418802428,-0.0009597294335934437,-0.0006874647818549776,0.0006482291447952072,0.00201614785454687,7.140488576217798e-05,0.0023783000125247753,-0.002730889957540677,0.000847367576575449,0.00097029277419274,0.0010774443734443567,0.0009741207887382981,0.0017799156227733552,0.0005437823643838379,0.0010607728127015764,0.003497243678965451,-0.0002069472513137326,0.0012286904117946524,6.269238028310991e-05,0.0006963562020182799,0.00016125963684473599,-0.0011740021352775753,-0.0010845486204378804,-0.0004872057866922397,0.0011168944123354147,0.0008256355887324934,0.0,0.0020788038279398197,0.00029805856399997197,0.0036157653879037126,0.0011348701145922529,-0.0005741012571055911,0.0011279369985800684,0.002547307089163906,0.000419842564923808,0.0018828367872179943,0.00193201533351259,0.0007961639194369744,0.0012328646180495733,0.0005788562262421588,-0.003104791645053031,0.002174502176303764,-0.00042800665274072343,0.00015551887644444948,0.0009307943451347337,-0.0027783074958950224
2010-11,-0.000542978016426459,-0.0,0.0003321600227858419,0.0016147827925332597,-0.0014545627355168455,-0.002217073862627922,0.00015666826390932123,-0.0002169566996864901,-0.0004400657025996791,0.0004573786513733956,-0.0013903404093789295,-0.0,-0.0010046059669479958,0.0032179958483000703,-0.0007952383014646702,2.7382859458575228e-05,-0.002144060650832586,-0.0010121222882956357,-0.0005398821072344706,0.0026310009833987874,-0.0007273239152353989,0.0008371101695852993,-0.00027283644382202914,-0.0005527657835508934,-6.618409631739474e-05,-0.0018863022759846944,0.0009018879299955633,-0.0008372043868608133,-0.0008394749619610191,-2.778760372550687e-06,-6.274856882843824e-05,-0.0006521162305249702,-0.0008665753088073539,0.0002511482905246677,-0.0008257090148060314,0.0012069344568894573,-0.0018396400029901856,-0.0006446922837301115,-0.0,0.001392859431612302,0.0011036477811957393,-0.0017996611149789404,-0.00022441713133342534,0.003479060628156941,0.0006005232390138585,0.0030069099811302355,0.00041190792966762027,0.0005723023375684923,6.195856927024907e-05,5.8374503411465495e-05,-0.0013356251120107384,-0.0004708432898673815,0.0011865633428056184,0.00012374650979542966,0.0018950399285603454,-0.00044560423889901515,-0.0013893446606302081,-0.0011798891574812589
2010-12,0.0023781755688837163,-0.0,0.0009005885501904492,-8.32566769723795e-05,0.0014079159074029306,8.051716485549104e-05,-0.0014538960697506765,0.0015168920521983304,0.004718503145682215,0.0005322853063731495,-0.0018416558603044308,0.0,-0.0022375928044816923,-0.0013335825643415625,-0.0010062431336235467,1.7771432733892715e-05,0.0016332583014018222,0.002350258153850051,0.004398086510432104,-0.004399267384821598,0.0024259148906265625,0.0018668445849777061,0.0005508414012562156,0.0020158225981950365,0.001336631165637393,0.0007318936536594422,0.0021490048908165164,0.0024401701682743807,0.003385872823782226,0.0021809892784369605,0.00024866320068218825,-0.0006546083272731545,-0.0024731761317240046,-0.0011560763227914264,-0.001977183083400688,0.0,-0.0014683185840440234,0.0013297734895439696,0.0,0.0022878153845694534,0.0019273189748776863,0.0028607329476199182,0.0018692381955681828,0.0010989258955817886,0.0008044151727714408,0.001966447021299379,0.0030851914345288146,0.0028288808486176304,0.0017700839686165663,-0.0005993552932665605,0.00186837789933109,0.0012355149174500765,-0.00015116490091915925,0.002608726026054145,0.0010194689544159104,-0.0013482739971401854,0.002203541624143011,-0.001481496280826816
2011-01,-0.0007310730512663407,0.0,0.0007199603096273559,-0.0014856647014636494,0.0013055064444247035,-0.0010076117909346154,-0.0018795433131605466,-0.00029515628966167364,0.0031265244393560193,0.006378433661776562,-0.0015455540720278101,0.0,0.0006998648001162653,-0.001103654571243678,-0.001409001918681836,0.00024945377490328836,-0.0005605021241354849,0.0005766457408718244,0.0003877890403918526,-0.0005614168515153855,-0.00035031213022877143,0.0005447993372872274,0.0008346063392828577,0.001514225343480401,0.0007894808263569807,-0.0,-6.94021533461347e-05,0.0008577116767242188,-0.0004677934178112108,0.0007600534344199613,-0.0001225384746728952,0.00038413058657286634,0.00022438129483315437,-0.002817291259320172,-0.0005331777481385439,-0.002712675854678926,-0.001669433018581943,0.000714642960677284,0.0,0.0003247778869136393,0.00044835779132943837,0.0009328774663553741,0.000980380173727385,0.001758755765807062,-0.0018703828616798538,-0.0017692275981277942,5.011874134531624e-05,-0.00016828727902666802,0.00035670322448660296,-4.479281818477912e-05,7.922610161429805e-05,0.0002433651957023668,-0.0015595870569050602,0.00015176552737119047,0.00027283096682270897,-9.455376318247262e-05,0.0009154846254844469,0.0022478933704928672
2011-02,0.0007726895572686434,0.0,0.0006491341399469075,0.0006691127795828323,0.0006281977605608376,0.00022133463867398217,0.0014210146454456465,0.0013003225521148079,0.002271245024407376,0.0010661134221411537,0.0005296376984586014,0.0,-0.00046692029104078946,-0.0003155304997372038,0.00039259864027058625,1.6041658064252316e-06,0.00014815260083135665,0.0008875061578788766,0.0017144489528793448,0.0009912924275042687,0.0007069817388879093,0.0010271524698836315,0.00022999905531507074,-0.000634876713699572,0.0007066659460685089,0.0007377165228815896,0.0011335865766816037,-0.0006379805793979512,0.0006017230900728727,0.0008893153279992414,0.0,-0.000155514877231092,-0.0002477839403922851,0.0006743061392249409,0.0004236031716714932,2.5723936487858507e-05,0.00036537753390122993,0.0006266481642110089,0.0,-0.00033062449137723004,0.0012470545509140419,0.0014126409526527648,0.0009001252825955137,0.0006408914494995584,0.0014569323182358266,0.0031421562049140663,8.29052004521359e-05,-0.0003294451718700465,-0.0010038897069069453,0.0011456752634011835,-0.0006800014854989467,7.85323116004052e-05,-0.0014994743883619498,-0.0007276306868637291,-0.0004833955621394878,0.00019794955647976857,-0.0008919045075056945,-0.0012363684558308347
2011-03,0.0006508352775615196,0.0,-0.0008195872861722111,-0.0005236715597684883,-0.0007424113944519544,-0.00017489001272690284,-0.00322047340369257,0.0001330012027182169,0.0007566002796812195,-0.0018252028422416822,-0.0010908246834158098,0.0,-0.0001355657744210871,0.001089207482800848,0.0002890367413871475,0.0001779759243299513,-0.000771064287552634,-0.0011612743736812798,-0.0005117792009860029,0.0002277957086661929,-0.0002251048819050695,0.0005485466099639536,0.0008426182237225112,-0.0002370408627939039,-0.00011936807533570514,-0.0015368520336349729,0.0005552334609259992,-0.0008748093477681229,0.0005164175368865954,-5.306301949602858e-06,0.00013783624102603207,-0.0002119852911913033,-8.876202559154763e-06,-0.0014616219544622664,-5.063584169563631e-05,-0.001082120341417423,-0.0006888645244768915,-0.0011225348682866807,0.0,-0.0005034978413786344,0.0010578024310851626,-0.0008449680359715344,0.00024194092299775532,0.0017285459201454578,0.0005402046099456833,0.001990270209938481,-0.0006362649554264835,0.0003909801497043322,0.0003815664168754711,-0.0007904152149103895,-0.00042502199623962604,-0.00027642922123567384,0.0002523972894809651,0.0005251322506886303,0.0036799603829912137,0.001206137921849516,-0.0008085970211740623,-0.0009560425278792341
2011-04,0.0019414932690558393,0.0,0.0015561780892690371,0.001718809588706314,0.000794715102928654,0.0011321293091231962,0.0018046281818488235,0.0010324077739503619,-0.0021172822894263968,-0.0003172887709975357,0.0012084724731098511,0.0,0.0015333824817889924,0.0017359443454609171,0.0011737019796554538,0.00011058592128899998,0.0011068371462788784,0.0007252876601294233,0.0022069396684955976,0.003026297622065873,0.0007362016515503626,0.0006186239924316684,0.0015354909180703479,0.00022296357374736265,0.0006305133917354422,-0.00046088621769859584,0.0005686421487130026,-0.0012766925186268267,0.0023857225638687215,0.0007730577415528056,0.0005152837346314647,0.0012328256110428896,0.0011977551758753854,0.0008791782545193286,0.0007085626679910993,-0.0003621978659780841,0.0007765767757953327,0.0008276533963731933,0.0,0.00041302345197569227,0.0013911163087399437,0.0012504217682927257,0.0011924052749917396,-0.0021995537895357345,0.0021986474065160944,0.004606491765788368,-0.0004925768772216899,-0.00023505661697641983,-0.000528760145103647,-0.0006897733774732141,-0.0007037964189234354,0.0007596621057324181,0.0006961434303469328,-0.0002977679158524774,-0.0031034508755347187,0.0009010767958289068,6.48481960638998e-05,-0.001805444903105673
2011-05,-0.0007824248062135089,0.0,-0.0006937051334534365,-0.0006419289630862663,-0.00012253328737606107,0.0013673573415257543,-0.001577330951450423,-0.0009504722222103252,5.610971727945502e-05,0.0016423431754824381,0.0015276024621571575,0.0,0.0016423262592072854,-0.0011576311109840374,0.0012485339583969363,0.0001648253479998526,-0.00020997017317663882,0.0013177198483276414,-0.0022836489301803014,0.0010251769192356286,-0.00032315390886441126,-0.0003134990179666494,-0.00014576875698677841,0.001124114433080287,-0.00027386443131411845,0.0005149642403631909,-0.0003984332690589853,0.0004380694595631747,0.00048325089855688597,-0.0003049273053561018,5.3248919892258276e-05,0.0010068610157561134,0.0015663086818225157,0.0015990202905147564,0.001176985086375205,-0.001124880388599821,-0.0005946473124994337,5.933927814458303e-05,-0.0,-0.00021823882484929108,-0.0009702027905678159,-0.00019025536725070252,-0.0004526172639575347,-0.0031105468491878646,-0.0003703967263796609,-0.0032711682140978285,-4.941036378578025e-06,-2.596167167569347e-05,-0.00035195566634220563,0.0002768211330790734,0.001114927831947865,-0.00028079707622563,0.00013875884859643894,-0.00021709238664530635,-0.003353762259662987,-0.0015420795252687445,-0.0002908791128828311,0.0011022583763062067
2011-06,0.0003007904476816992,-0.0,0.0001421628319498546,-0.0009320579412682715,-6.68108770295508e-05,-0.00017042471683271723,0.0007070935832314782,0.000244827915524353,-0.001548784741502718,0.0004343940777094256,0.00038049627552204336,-0.0,4.7385056240548806e-05,0.000370481209298047,3.882165628005536e-05,-0.0008725252351138172,0.0005500514391793653,0.0009688165918766272,-0.00014748830704727482,-6.843090459914819e-05,-0.00012272211619040912,-0.00043031298933071823,-0.00033508276362743527,-0.0030129094519328885,-0.0004265169354608839,0.0002451270619427163,-0.0004336859645933103,0.0020018899893327015,0.0005655108839696754,-0.00041462442736556963,4.872044014179973e-05,0.00017989647499272774,-0.00015029373576764944,-0.00046974429224972894,-0.0005519909142200909,-0.0005055800413536844,-8.768032844628148e-05,-0.0007225941252330273,-0.0,-0.00032940195321426555,-0.0002762740941138466,-0.001789144279986071,-0.0003017623787026086,0.0036484981459742206,-0.0005407155840298133,-0.001067025464706965,0.0002687453554061739,-0.0009834905714338868,-0.0008494987227971663,0.0008395006794480671,-0.0015106697306916585,-0.0009563452893199122,-0.001284872326011642,-0.0008885086391767976,0.0020719710218110705,-0.000977988389582637,-0.0028781593899977745,-0.0005655055546637966
2011-07,0.0008003152687227563,-0.0,-0.0008164511499325266,0.0009212815745586546,-0.0017891944404482027,0.0023011667529796204,-0.000792774081924387,0.0003698568546449468,-0.0016508438753623472,0.002297363847498337,-0.0032149317958013782,-0.0,0.0019565006176714226,-0.0003378299300114779,0.0027496390731136114,-4.4541652494097455e-05,0.0019536952243898063,0.0011095544079484738,-0.0016107910604403043,0.00048072510227461796,-0.0005497756201061747,-0.0007316384571166365,3.389793685068619e-05,0.0005223914925513146,0.0003498969656197792,2.016405663756753e-05,-0.0006864209394885836,0.0015270217073917812,0.002386932841289025,-0.0004962165351863749,2.5733809493307735e-05,0.000667992426456699,0.001801582796548652,-0.003389127471691359,0.0015568156630241764,-0.002102017650350308,-0.001410889459816787,-0.0006493571014197824,-0.0,0.001089165797249606,0.0005458095380085351,0.0003344645426810393,-0.0005480566763403567,-0.00025695156093815606,0.002015871393331022,0.0016192065497675522,0.0006170768035686866,9.200837448228399e-05,0.0008210019264229951,0.0005240666399946091,0.00014399630557186246,0.0005097609431442027,0.0012195558013012814,0.0005984881032326297,0.0007281190762587246,-2.6899232293649906e-05,0.0009803307836081525,-0.0021727346384311716
2011-08,-0.0006874720987097674,0.0,-0.004477770278546086,-0.00047042295378717756,-0.0027501486965372393,0.002127296195410765,-0.0006030329530619386,-0.0009512677104275472,0.0005295620507024371,-0.0017372377625210435,0.00259403739085388,0.0,0.0018848368833160119,6.944698085982359e-05,0.0014587254265094481,-0.0016259538628737604,0.0002792585210215452,-0.0031186892643827215,0.0032254943765163413,0.0003840921519058373,-0.001936080142261143,-0.0014753794468505318,-0.0017648975989860115,0.0023820938369194466,-0.001099722155336606,-0.0017297520453618679,-0.0016624449107109423,-5.832401860913667e-05,-0.000767121215446656,-0.0013443336941533633,-0.00015812117875991448,0.0007824965559422747,0.0022667011239460395,0.0026927919792694294,0.0027596598829733943,0.00239193429123302,-0.0029273667986296987,-0.0029406172110950867,-0.0,-0.0006948851679285481,-6.95483496707237e-05,0.0019680782046830564,-0.001089679740094174,-0.0013770224039273407,0.0031572671253972877,0.0004945202320432544,-0.0009626824833667683,0.0008771693271243143,0.0014872375147887897,0.00033398730653328866,0.0006088724601697116,0.0007186769937723175,0.0014650163708756565,0.0014172421458533274,-0.0011674460539024937,-0.001008590841257693,-0.0017794027478209493,-0.0017981699763776667
2011-09,-0.002921239644093473,0.0,0.0013715003570338798,-0.001948358532494559,0.0023996252365305237,0.002337802447790452,-0.0032712821481125517,-0.0028593777729309143,-0.0008177335246413632,-0.002055058891016008,0.0027832126572203265,-0.0,-6.4334182507941e-05,-0.0026884340352036,0.0021017734184723097,-0.003453398086531333,-0.00036360099269360944,-0.000993962045894729,-0.004269231827479638,0.0025128895738128075,-0.0015901237794131815,-0.002470946304198215,-0.004726764377966919,-0.0009474710811087768,-0.0011243796650000119,-0.00043002803351486335,-0.0024126192509637072,-0.0015377589207930384,-0.004666689397774441,-0.001967039969031369,0.00024280669203412006,-0.00040463215779709276,0.0006123210736086542,0.002123115807707357,0.00202195066774112,0.0007786634652889165,0.00166906570542666,0.0011606646662625014,-0.0,-0.004019267996393042,-0.0015562580289980906,-0.003910154469590434,-0.001844140048768684,0.0022913888328699797,-0.0033188715624690728,-0.0041984281468627664,-0.004201337734081178,-0.0032712483580664403,-0.004297054089944785,0.0019260496358088606,-0.0017455941384030042,-0.003963173442464874,-0.002018350190704223,-0.004198924673381934,0.0035418071828049306,-0.0016715731427814726,0.0035897600620053956,0.002363152092833492
2011-10,0.003046822199874012,-0.00266918700773496,-0.0031937814105860675,0.00173749762909352,-0.0024876855172287454,-0.0011615996880463607,-0.0006587618744057036,-0.0025087270519791997,0.0003324354712627843,0.0020662296378793437,-0.0006150287054914367,0.0,0.00013638894794170794,-0.0016299229352469235,-0.0010442697442022808,-0.0035212682813684226,-0.0007243208079549124,0.0033059921797321096,-0.00015098832319445835,-0.0009796747459690932,-0.00327952522541895,-0.003526239829356009,-0.0022409903247226875,0.0003054806691194706,0.002744975378853959,-0.0008229640947517238,-0.0035561183737896685,0.0002455611201523672,0.0014077068570616932,0.003043291290391529,-3.257924066900866e-05,0.00011287047763533918,-0.000629972817665389,0.0010055473310971274,-0.0011681374540342775,0.0005895615601632166,-0.0026305446748809305,-0.003151723030342674,0.0,0.0012101806761184919,0.0007449059340842702,0.0014881175561202546,0.0029968507664273145,-0.0007693839599710202,0.0017293619274155682,0.0019494371407889346,-0.00266496906182118,0.00042059327681872086,-0.0005652514614645544,-0.00021814701945162182,-0.00032108533430870114,-0.0016004491118616262,0.0007158526157774435,0.0005603681088682521,-0.001762964310129045,-0.002923922966706895,-0.00041741236852008807,-0.00010698332590353496
2011-11,-0.000976230989893007,0.0016101398475900704,-6.011282456748208e-05,-0.0014528742921193138,0.0007986732659868655,0.002462857687607561,0.003120502779770442,-0.0013180356778642352,-0.0011984261779094906,0.0010352117532932573,-0.0017627270113191732,0.0,0.0004028710366404863,-0.0015356036120595196,0.0005685578549132834,0.0024973805233782236,0.0003449133084861191,0.0008840542691777115,0.0005065849578486825,0.001556363758022721,-0.0003074531641481092,-9.200775454532897e-05,0.0013762084668939797,-0.000984878138714108,-0.0007618840120505639,-0.0016682544446008237,-8.289355772950815e-05,-0.0010654147819623735,-0.0017926825838766372,-8.211567501914032e-05,0.0,0.00018197707385777287,0.0005734291057937859,-0.0008204089764967219,0.000817657260391871,0.0011883856921839403,0.0002127273677796867,9.492083495787596e-05,0.0,-0.001357577967085686,-0.00030174312068008874,-0.0012737076634932176,0.0003918237328665487,0.00037085104089134375,0.00037099869437156935,-0.0007474278993836105,-0.0004069626561216809,-0.0009284684250117584,0.0019412442504368134,0.0021070087875946857,0.001013032524627272,0.0008992672908893595,0.00243987624090544,0.0017247726293247458,0.0016617160183017869,0.001343837782848901,0.0007061369374133336,0.00020180239094926572
2011-12,0.00011135171391033121,0.0007301821587162695,0.0009845628355859128,-0.000627501655731636,-0.00016223817524609386,0.0013425734239770433,0.0014629813060225048,0.0002135302128944979,0.0001562155998149452,0.00017323822136899213,0.003953952328830366,-0.0,0.0007214240337761162,-0.0014822206920887442,0.0024709696544758584,-0.0005380617187571404,0.00036653303442249404,-0.0005651486361430947,-0.0007610782799939254,-0.0020050345229484876,0.0005466237720828047,-0.00010683870506517769,0.000710244460275406,0.0004971867011701797,-0.00021104224728155316,-0.00017616184172116557,0.00018184337570717905,-0.0001994944061983992,-0.0010616959316328794,0.00030344926338276255,-0.00015865461642812446,6.727866234777617e-05,0.0011901767829565096,0.003473935562644737,0.0011116540463023382,0.0011425611328436285,0.000384964163736956,-0.001297686984420443,0.0,-0.0014947006598299956,0.0006140948871549972,0.001032125469510108,0.0005190445359783477,9.624878836986173e-05,-0.0030760389459601714,-0.0022126946098432435,0.0007813911889806877,-0.0014035532249542487,-0.0012601313549576534,0.0024771700094933066,0.0005059462440544181,0.003080406645500773,0.0002719478303025812,-0.0013176444469193023,-0.000921038514521104,-0.00031342089515034156,-0.0008216905031526034,-0.0022880370041841115
2012-01,0.0012923170231988286,-0.0019276471588967757,-0.0026635404802681528,0.0008737521476918565,-0.0013238634771032321,0.0005434275688483527,-0.001515741611322836,-0.0007512974276293632,-0.00027640397580440043,-0.0013875898894967185,0.0006115859418509865,0.0,0.0009331360338496134,-0.00041409459335672123,0.0002133741855075225,-0.0027787463895759994,0.0005344425742466664,0.005209751196113007,0.000977252710747828,0.0008438710830496943,-0.000717883938675713,-0.0018059948433583816,-0.003200581936094133,-0.00041297073402714064,0.002367303583790777,-0.0010898752942889694,-0.0017018886144509573,-0.0001918601880360597,0.0007432986791754919,0.001360690108980324,0.00037936908754611636,0.0002894751251852212,0.000767573587827638,0.0007087832680153221,0.00020107170173964454,0.00014544813032163937,-0.0015741657445553663,-0.0008610548674568581,0.0,-0.001029622638490831,0.0016601330322764181,-0.00019964167742626506,0.0012025142148835981,0.0018466378548950859,0.002988958066486073,0.0024560918716614207,-0.001968523966663649,0.0008406113176467504,-0.0004527371819381069,0.002502576707490704,0.0005501323343028798,-0.0035019242905550666,0.0010724195313194945,0.0001701050122635799,0.0015358431827043925,-9.832967522693463e-05,-0.0002790370612422386,0.001156995586218663
2012-02,0.000601915102125353,-0.0005720207795942292,-0.0015393875182394732,-0.000635076603099683,-0.0013857737766576192,-0.0004707347070889688,-0.00021883081399443776,0.0007551847418383965,0.0006391461785698011,-0.001180689213232952,-4.657368928893727e-05,0.0,-0.0008048110447518262,-0.0008787004078659393,-0.0005322845467607294,-0.0018316944556668795,-0.0034601676963112735,-0.0021416210560936118,0.0011289403647075718,-0.0011355164129022493,0.0013725446660935964,0.0011186173430154627,-0.0009009829927931216,0.0002553629262967295,0.001960681504364741,-0.002900523928052392,0.0005787728650912046,-0.0012829130988988367,0.0007111209815147389,0.001361335987032989,-9.230058007554266e-05,-0.00048499392572924475,-0.0006996015777577779,-0.00015592919715582727,-0.0008150997107945143,0.0,-0.0009665811071900924,-0.0010582390959297573,0.0,-0.0006624455678639165,0.0015362412285866338,-0.0004045526684583954,0.0010036619280232673,0.0004854941637349954,-0.0005031720510653473,0.0005926404356248062,-0.0004482819201802935,-0.001719126333272763,-0.0022315484703230516,-0.0006373172535686785,-0.001215454010612636,-0.0019779340799039986,-0.0003032650101079253,-0.0022131684839028836,0.0004811285544000069,0.0015184613436351796,4.035700720769365e-05,-0.00016277076677621984
2012-03,-0.0012228397578252217,-0.0003981527758826862,-0.0004632773865752783,-0.00029997175339436323,0.0001459993463683963,-0.0009950009788423934,0.0009328676745100949,0.00040124111007691226,-0.0005741646028694953,-0.0006110886867990679,-8.259140816593185e-05,-0.0,-0.0007380476763329371,2.4540343430170057e-05,-0.0003800978901004939,0.001461945686406077,-0.0011126088897300723,-0.0020633471012049464,0.0016801939685272902,0.0008835831542758685,-0.0004741826921921471,0.00038062463039114947,-9.550582565913408e-05,-0.0005197445785290252,0.0016408716157404178,-0.0016182030023179248,0.0006640930594104086,-0.0001487322953467092,1.3708254059195775e-05,0.0010805517616638823,-0.00018678706493844693,-0.0001316661428063992,-0.0010085921473342763,-4.653042842488124e-05,-0.0013674464465903025,-0.00011458109901071142,0.0002892097784804779,0.00015960717156505817,0.0,0.0016683337451384008,0.00037118595814218685,0.0003771278887101644,0.0008286114797143536,-0.003536502046850454,-0.0007202639871841202,-0.000908140482970079,0.0002977117911996263,-0.00032172183743974317,-0.0024878170715603313,0.0032871712127442057,-0.0013226052923088721,0.0009440315033359902,-0.00042461713687107325,-0.0015844313145393011,-0.004192545592536521,-0.0008255476198540393,0.00014939207009959722,-0.0019526347325780076
2012-04,0.0003408420358050063,-0.0004792520859569187,-0.0006839948696794403,0.0008742415364585406,0.0019902410375601783,0.000607328624071377,0.00019867619923260503,-0.0005356093813117194,0.0003347108190770865,-0.0008719360126130532,0.0022403838569433707,-0.0,0.0014816417378472862,0.0003379597570214358,0.0008348859183667067,-0.0007769934554899293,0.00206294761779163,-0.002066701794289344,0.0004530003638416038,-0.0014991364991148513,-9.691804111356746e-05,-7.927383634358069e-05,0.0007069284806574422,-0.001096693705548762,-0.0003912109924873374,-0.002007083074335087,-0.00039751253797970466,-0.0016331763235700705,-0.0002157354179666776,-0.00023430985309116694,-0.00015969065342959254,0.0005755878737021957,0.00199109414905271,0.001940225414887183,0.0018831029636291324,0.0008958378201045265,0.0017716423071791074,-0.0004840292044196271,0.0,-0.0008756820238012988,-0.000813947511765503,-6.700773936947258e-06,3.664724230501713e-05,-0.00018283750396359683,-0.00013327745423927467,-0.000651993153112157,2.3722698674597226e-05,0.0002500709653937826,0.0024814962947386186,-0.0003189944190801105,-9.690256766104296e-05,0.0012899614441337904,-0.00016866803748149273,-0.0018651319685793737,0.0007874794728796586,-0.00025226266732878674,0.0002883483356346431,0.001262842770417327
2012-05,-0.0022018371851157134,0.00296291946468843,0.0021463323939615833,0.00294191710605295,0.0012524582438382243,0.002743389479324802,0.0010886891943867837,0.0021853329322851084,0.003414277452749085,0.0023119784853051287,0.0036538289952717986,0.0,0.0008236815875558049,0.0030191296815244672,0.004672975095979094,0.0027902006690911567,0.0010295946193130923,-0.003150513644496168,0.001660449874157983,5.470070716768942e-05,0.0029317003697576062,0.0020314994600551524,0.004124710193408591,0.0006213470243790297,-0.002404501739434806,0.0029317785638995064,0.001804353431072478,-0.000910571999660509,0.0028775306249794073,-0.0020431190792055335,-5.959113328708304e-05,8.801107893613825e-05,0.001905583945787033,0.0023427709077229195,0.0027402961293524516,0.0006877036231041804,0.0018541646921356948,0.00205190585361717,-0.0,0.002165309451421215,-0.002374561372051737,0.00216252564686377,-0.00218431117146636,0.0003837745426093229,-0.0017599304030215194,0.001396047276247909,0.002530683345625185,0.0029755475027535873,-0.0023417328217045044,-0.00038805061121387517,0.0031809829361623696,0.002733585451745078,0.0012397425125490634,-0.0026443470305311683,-0.0012892689211247523,0.0035907611105472493,0.00021907587931150937,-0.0010155894315819485
2012-06,-0.00213870860776992,-0.00022049619569244766,-0.0006293462348333686,-0.0010158126823671626,-0.0018357059246830879,0.00014330568334656554,-0.0018664095709142695,-0.0008114128983688401,-0.0015131301935215882,0.0012834892805811799,-0.002799621133574056,0.0,-0.0002636353977845603,-0.0009916494166581056,-0.001088540648503303,-0.0012390571285156122,-0.0010245013956739254,-0.002479530346577035,-0.0008120262042651074,0.00043296238501419,-0.0017995110005511567,-0.0002521380644427743,-0.003148055877784173,-0.003355246566148673,0.001062821519225725,-0.0018747993055370283,-0.0012118630646965063,0.0012605525995971307,-0.0008924400220449832,0.001335773691535258,-0.0005512151303298842,-0.0002888630081506465,-0.00040446442641218887,-0.0021417731241837996,-0.000607261746319853,-0.0008610796066246541,-0.002070060140652676,-0.0020828623161968877,0.0,0.0008441968520690006,-0.00021663378606007975,-0.0031723060858571983,0.001522610697994928,-0.0012651243719364394,0.0006478417538355459,9.185276657556194e-05,-0.0006595831134922922,-0.0014318215065487186,0.002110370709865962,-0.0019358214647229577,-0.0032191937031071922,-0.0004984392602235603,-2.3097291830265014e-05,-0.0027832334386980796,0.0005823404531800662,0.00041543212223489113,-0.0018790684048654437,0.0024617170026282648
2012-07,0.0011658162590927035,-0.0015625787825008135,-0.0013086487164696377,-1.4727308552467437e-05,-0.0009598267568974685,0.00035025779255495995,-0.0007571523227881875,-0.0008011509319547974,-4.483678724217715e-06,-0.00045233331524075214,0.002499911297380983,0.0,0.0010257165728861926,0.00127081779519651,0.00211981805331334,-0.0004213800757340852,0.0011905250440232432,0.001745437829238178,-0.000384224914534054,-0.0005611366335547414,-0.0005657586638405735,2.7481399716100215e-05,-0.0002530539839904568,0.002077903620202254,0.0003247505819987736,0.0015546933818095746,-0.0003610537993949376,-0.0009666510695861167,0.0011860491868861227,0.0004727679929099037,0.000559689250749059,0.0005835478764558066,0.0009650255221845722,0.0027928963994259407,0.0011131734059899134,0.0013811378016673364,-0.0006407873766560441,-0.0015308034206860895,0.0,-0.00018069537246427208,0.0024374395264623798,0.004939574978475186,0.00042691308882876635,0.0032848825146208154,9.6585070646255e-05,-0.0001395600633583797,0.00044632339610397193,-0.00011936210832862577,0.005867405495582768,-0.0022450537228347277,0.0019199413022214964,0.0006204545013014616,-0.001592154944073746,0.003571958797467622,-0.0004329315723120996,-0.0006273760545329187,0.0025151361478171624,-9.01005068084364e-05
2012-08,-0.0005922685768010501,-0.0007205564288133862,-0.0007981976310704892,-0.0007591349289226047,-0.0011262613025568482,-0.0005731559972919493,-0.001936233363077571,-0.0010872997860891362,-0.0013671652657174266,-0.0007765821532183472,-0.0003732480939893081,0.0,0.00028849407573842614,-0.0009321427774652537,5.8042261782306604e-05,0.0003419302869532665,0.0001832046510452421,-0.004333441998170114,0.0012734568257451713,-0.00041668682189041634,0.0006442729714606932,0.0010537418359518496,-0.0005972172113160603,-0.0003706277364163576,0.001581023286440558,-0.0008316803190033768,0.0008575374959665946,0.0016437473768913212,-0.0008426920699878587,0.0007670841570339936,-0.00014120860845285205,-2.090078099614727e-05,0.0001091068642317884,-0.00017728049632693524,-0.00015794587816798795,-0.00010913822841266496,-0.0014179663803428329,0.0006365177263015792,0.0,-0.0010818617538255065,0.0035751459312766843,-0.0003008829063258774,0.0003810273401416087,-0.001481405815238801,0.0011947866230016433,-0.0015578971660783775,-0.00017611906827066546,-0.0017381638788454932,0.001756801698092583,0.0021982410444683965,0.0009186932228674984,-0.002035602757241981,0.0008187949961751624,0.001703596774800452,0.0005941704406864603,-0.001821902659797823,-0.00033978440356177816,-0.0021014073870466296
2012-09,0.00029500537369590217,0.000701418614215383,0.0011631972835985688,-0.0009825442282036393,-0.00038885209146142776,0.00045651243321132,0.0007736342418448719,0.00016938612810562398,0.001542777216372586,0.001237894249876311,-0.000529481193466066,0.0,-3.868340284898517e-05,-0.0009375479241638651,-0.0002489867722903171,0.002245389862382562,-0.0002561626094078814,-0.0007340799769337237,-0.0008930242744288763,-0.00022468785030521353,0.00030436210558671865,0.0003207916455441466,-0.0012576240555604594,0.00018580582724233647,0.0003294320399693355,0.00019601610289343339,0.0008944725605240998,3.546721124790913e-05,-0.000591116496114437,0.0009141212670360769,-0.0001455074361074756,-6.338673455955236e-05,-0.00017396340798289154,-0.0006415023612108934,-0.0007178043317721701,-0.000468398958405506,0.0004593056646588391,0.0002074844328196682,0.0,-0.00033477276679452046,0.0005719791678290056,-0.0009420756492172195,0.0011089202236413045,0.0006780358383668997,-0.001471102158960215,-0.0014308187561366203,-0.0016960356737028837,0.002120513268505589,-0.0019552737860298315,-0.0017055573541392265,-0.0011485451450438814,-0.0021842744134114903,-0.00025833290490692,-0.002126025322489192,-0.0014209599365874563,-0.0010129456621477122,0.0002234988799429884,0.0007116305239581452
2012-10,0.0001415115038640877,0.0011849176708276217,8.561456566164094e-05,-3.397726244887745e-05,0.0006943982621664896,-0.00015496542767523902,0.0010496986855946622,-0.0010532760309098469,0.00013593737586934187,0.00012142273443464479,0.0001558823740275008,0.0,-0.00047412234739096625,-0.000367389486092496,-0.0011168650884001382,0.0011701094947942261,0.0013526438859964992,-0.0008895722714019461,0.0019244680687672334,0.0022269245762393066,0.0003603880877157214,-0.00027599348778198905,-0.0006503801927007557,-0.00029927368956515863,-0.0018035777018832748,0.00019611390418122974,-0.0005982305012487437,0.0005516290156839413,-0.00036284662664763293,-0.0006994634927261711,-2.6204406541183478e-05,-0.0002748063634239909,-0.0003364978419579846,0.00040208632602259543,-2.2097243063918363e-05,5.513325456508879e-05,0.0005426512933065529,0.00012915590814781578,-0.0,-0.0009166384444151169,-0.0015163350952403412,-1.078775701809864e-05,-0.0009694885519825493,-0.00028306604577092183,-0.0008826361935979328,-0.0009048225169162351,-0.0013383362873437398,-0.0012020983481645334,-0.00019706942396853136,-0.00015375629154503774,0.0007870992590539698,-0.0013996127130177396,0.0008909651446689779,-0.0007455435610934485,-0.0004460918352393027,-0.0013860246706120214,-0.0006536043982981394,-0.00162121167206644
2012-11,0.00026760219378021944,0.000119117966624528,0.0006213632347943976,-0.0004164478194602827,0.001292518687555222,0.000695219869552911,-0.0008825302148620976,0.0005117684697099661,-0.0009894223998322545,-0.0010958839093182615,0.0008275731762725246,0.0,0.0007964141307686046,-0.00011555006801933386,0.000737429518993541,0.0004924508136715412,0.0018811894060839624,-0.002444029949632307,0.0010085983264172553,0.0004588441184773216,0.000776971020113717,0.0007019468184309792,0.0006382724038626396,-0.0002981837125832763,0.00042086706384364414,0.001526506743507054,0.00014845796236659002,7.137297777285162e-05,-0.0001604461970708923,0.00019450617158844741,0.0,0.00023321707367216415,0.0008284386465033551,0.0009371955292787967,0.0007467533583137682,0.0002487987394929428,0.0010266195131858607,0.0006955529286315798,-0.0,-0.0023818115916926317,0.0012999839147632025,-0.0001583888804433602,-6.579991976924163e-05,0.0005985454438715858,-0.00014152377671423704,-0.00037243341657884827,-0.0007179153554972486,0.00036211445191999423,-0.0017972468465740437,0.0009755122410070967,-0.0008221077666095691,-0.00043862786543739094,-0.00017394100827754423,-0.0015067556379639595,-0.00019524412974067845,-0.0005313297216795125,-0.0002684449877575896,-0.0014919922076226705
2012-12,-4.842394082639526e-05,0.0012342543299759617,0.0007867750211615108,0.0008779241152129428,0.0008734241958307622,-0.0008484114348539405,-0.0020997366168086745,-5.9359021437332844e-05,-0.0002888526165829592,-0.0009331380877367814,0.000553486032259695,0.0,-0.00037714932801697867,-0.0006798955690534244,-0.00032593742248389953,0.0008984058767419936,0.002781741831776125,-0.0008885912388852698,0.0007358584317649635,0.0017393587683968972,0.00010595452183214954,0.0006861499982878784,0.00015360766474561751,-0.0012747555312862772,-0.00018139705178210044,0.0028614268534339167,0.0009637257481600259,-0.00010263165798750658,-0.0005389349583096255,0.0003032612788312635,5.521290555149462e-05,2.110108924864904e-05,-0.0006393421408203083,0.0007254690496374388,-0.0009124028458993684,0.00011005222005572178,0.0005291364098484633,9.255283323632232e-05,0.0,0.00041700515866606046,0.00020268593155395572,-0.0011719239388268655,0.00025398956634760486,-0.001394488149037076,0.0006530207632337278,-0.0012795394903187558,1.4563810516949837e-05,0.00022789696992583862,-0.0005581364023204971,0.0010125053592518493,-0.0012952963150185722,-0.0010652785276094139,0.0005132933607798656,-0.00037843834288132537,-0.0006695419043176815,-0.0005641551461114697,-0.0014430014587587371,-0.00038606419888853935
2013-01,0.0002880599285489502,0.00225054682781389,0.0006386137323854525,-0.0015279031758610021,0.0008376186941726716,-0.0013856101329626266,-0.00024491611635232873,-0.00014238287906370392,-0.0017820396378359967,-0.001585990532147314,-0.0023702349901219668,-0.0,-0.0009329856998893497,0.001274852964789128,-0.0019165232738883717,0.001418680864148654,0.0028520612168496796,0.00028303462625581564,-0.00034530569097662766,-0.001048942862101566,0.002902663329672754,0.002382540220753427,0.00081747782903663,-8.811489382857749e-06,0.0008232674572110431,0.0020557320110459036,0.00174677371817476,0.0004409353425743953,0.00019273071189252592,0.0018570243073764345,0.0,-6.276481307365518e-05,-0.0011919658405520426,-0.0028684497826121018,-0.0014525826487411795,-0.0015548379788815736,0.001028241636513597,0.001222530433592658,0.0,0.0011552377664622874,0.0023265009687123356,0.0009006480110078639,0.0022844312974895985,0.0011643547676979272,-0.00028778463292951963,0.0004673013086844845,0.00045134493291135316,-0.0015501137883851773,0.00029608099260265615,5.6104990700247306e-05,0.0005138434585464004,0.0021149910060234683,-0.00043106813201516296,0.0007981555421678839,0.0014043610503789033,-0.0012378209533312006,2.5068128388746924e-05,0.0004831642019979138
2013-02,-0.0007247886013261544,0.002322298323949115,-0.0001526824890522628,-0.0026481842692981906,-8.332238300256015e-05,0.0013217762082141746,0.0005709897313782781,-0.001991870354505828,9.8252820118212e-05,0.00037854700713310955,0.0020577062690514216,0.0,0.0010051716071950917,-0.0017403741277660716,0.0010023597615568124,-0.000973239793366486,0.0007487015275606366,-0.0009345964793054151,0.0007453150402853028,0.0012743283832881594,0.0006831628917683337,0.0003257364955967492,0.0,-0.0012972048343328605,0.00015099902710595157,0.001070207927045182,0.0003245142791920261,0.000103617941063161,-0.0011943427051115468,0.000499713175742285,8.509869565108222e-05,0.0002060665037774492,0.0011726747912837348,0.00253598702402662,0.000671660988519965,0.0014771212756033273,-0.0008919034489931388,0.00022161749759061716,0.0,-0.0003503104494317254,-0.0009104140042969052,-0.0006634747922448969,0.0007039377745662487,0.001743545121928676,0.001539846911251658,0.0013003795406604309,0.001127554723656924,-0.002053458993180084,0.0004493277414232692,0.00037464249975552674,0.0010285084572253657,-0.0014386130736449376,-3.301298716015381e-05,1.0471842732226435e-05,0.0009800229054976641,0.0013912360988623039,-0.0011306261264195706,-0.0025603572253214044
2013-03,-0.0008210548728664965,-0.0011872606522473647,0.00033287112262593116,-3.988124778947449e-06,0.0001669298093412556,0.0008115957033317744,-0.0003104604427912842,-0.0009182481544634936,0.0005873683459965163,0.0003866107251083003,0.0013464771762988458,-0.0,0.0001002967291071797,0.0008712992960714574,0.0015452037150702781,-0.0008818823235877965,0.0008039003917940576,-0.000894593219784888,0.0006720400423559993,0.00023924838324405006,0.0003926457023189133,0.001577741792674798,0.0015252078039584584,-0.00038865102262618505,0.0008895434604132809,0.0025643321183740427,0.0013367574157836064,0.0004905783880131072,0.0005556754856168643,0.001342863245612916,-0.00022193145445710105,-2.0409281206075123e-05,0.00035482748800174264,0.001009775877192546,0.00025308072850549923,0.00034576970199396535,3.0361871807593e-05,0.0010600994185302737,0.0,0.0008940895713777161,0.0001425224591126585,-0.00017280896559514062,0.0015020030204324535,0.0004646916307020898,-0.00028661203770459335,4.690892176625622e-05,0.0008049193408436987,-0.0005360132598819572,-0.0012832129867000283,-0.002341365527247336,0.0007782122311991572,0.00019945114620784174,0.0005983108202620107,-0.0006405159616801906,0.000179942474819814,-0.001074367769306544,-0.0004857427580436515,0.0004955560249080926
2013-04,-0.00010386226930767165,0.0018520167761299673,0.0003628306881049695,-0.0015011523472334657,0.0012310895476281792,0.0013379667983271274,-0.001485866592827028,-0.0006145691897019195,-0.0005526171840707213,0.0007272658185091818,0.0006887518055222825,0.0,0.0008558878337964686,-0.0011780351158097732,0.000896014474348049,0.0005284903996911154,0.0019383148291357692,0.0006184228285758006,0.000492820732353679,-0.002027403219194901,0.00022222136024395133,0.00019918182191489684,0.0009147499643779496,0.0011430572743440913,0.0007836149594926903,0.0034548453071918785,-0.00011969123717223586,-2.1438937678341854e-05,-0.0008430340021000785,0.0007214113069933147,5.536233929104175e-05,0.00022122613897270686,0.0011202982637774374,2.7564972676365398e-05,0.0014270662852538237,-0.00023587328832765602,0.001264978036744875,0.000643484855518562,0.0,-0.0018418200142268438,-0.0024391900988680847,-0.0005312152524245634,0.0007899881899860376,0.0012407598984220357,0.002211359354100418,0.0017824441539450694,0.0012737403421692504,0.00048797694145197876,0.000860563244509156,0.0011738421910285875,0.0001472936560700581,0.0010179254384665864,0.0007329521674639854,0.0005576237053053282,0.0008342530817530138,0.0009226004571542956,-0.0008599022168401153,0.0004358004304922994
2013-05,-0.0027618546130105236,-0.0021154778051015416,0.0014015255973305037,0.0014049534108100698,0.0015155348851698,-0.0031871460264575402,-0.0014373115307119528,0.0017551015797200682,-0.00141168917562385,-0.001849336348029548,-0.0016561085800633232,-0.0,-0.002542051701289061,0.0006138955418939031,-0.0024809181239848653,-0.00020824433072017155,0.0016913612530678195,0.001164788202146868,0.0009374911984646257,-0.0018883172641094433,0.0012695726751294372,0.0007463897028917867,-0.00228138063246162,-3.7219125774536074e-05,0.00111214826860617,-0.00036803202148765954,0.001168617640755941,0.0008271814324246086,0.0012904357195091143,0.0008789576042485995,-2.7039824453591673e-05,-0.0004912727522569838,-0.0025890747090219343,-0.0008212527494092629,-0.0026478091470257628,-0.00020480741212571785,0.0009297700170310774,0.0005980706142209329,0.0,0.0013736555470325064,-0.0002519857943910281,0.00026393216280977514,0.0009142745035163505,0.0008709446820193002,0.0014284469660877325,0.0009449098756249127,-0.0006224956555307751,0.00043180784765348596,0.0014017117703071051,-0.0015965799857156654,-0.0007042216191755654,0.0006694573861360856,-0.0002594683907216157,0.0015410328172852557,2.8549312581382596e-05,0.00037759342342568255,-0.0005100060364530956,0.0008118583042016982
2013-06,-0.0014459517008439103,-0.001142767980341829,-0.0014273407143531162,-0.00013497869703364915,-0.001833352127874133,0.0031671369935045673,-0.0002548235681574198,-0.0007976558993889308,0.0011656891253537841,0.0014768598209359168,-0.0014558385321204223,0.0,0.0021649101352605375,0.00012075445587935067,0.002916451437277379,-0.0019606038927333013,-0.0008013967376229485,-0.002429076077427896,0.0010511821122183098,-0.00042668349716142164,-0.0024779776317453844,-0.0006617900866444658,-0.0002992381264635847,-0.00042982197598965573,-0.0008195214011430087,-0.00015423636031115074,-0.00015680496305193374,-0.0001520751557930582,0.0007101176021932364,-0.0005716101266520766,-0.00013311172067183058,-0.00017770991567380839,0.0023620649579660213,-0.0016230974563143628,0.001661489159719644,-0.000668721645037839,-0.001762401641958738,-0.0021755410917706887,-0.0,-0.002378265477243644,-0.00021245716013174246,-0.0011109400694878267,-0.0005853668626860411,-0.0011690354142758392,0.0031198188416170242,0.0014697020047113587,0.0014263684019894026,0.0010648243147885236,0.0007243216252937969,-0.0017163260679822563,0.0001692476578011223,-0.0021892759490542415,-0.0004242177423499426,2.030943935476003e-05,-0.0005332587882271506,0.0010580780015769916,-0.0010906592673030403,0.0017099226769201985
2013-07,0.0005385050269267909,0.002220857945862703,0.001244361262281813,-0.0001559752655558992,0.002358664827375498,-0.00011402937644139759,-0.0011940115035505659,-0.0016765353018920216,0.00022020539229822904,-0.0005020470833236123,0.0008486607897210274,0.0,-0.0005128422076408654,0.00116587986102937,-0.0005883390471026937,0.0014870993412116763,-0.000789308292623729,0.001621662191426531,0.0002552609332300242,0.0005936681306125596,0.002746220403407866,0.002117416844239382,0.0007653058205209645,0.0007084293781970868,0.0020521472728610027,1.0681505478359875e-05,0.0021375242693561676,-4.208537840020391e-05,0.0009468916651684286,0.0019775075226154608,0.0001895255926266329,0.00039929589596385696,0.00011239038730512631,0.0010257066464164116,0.0007146071440178293,0.0003120698655616382,0.002010760377558708,0.001438930030564178,0.0,0.0017660593538282713,0.0025879925284604897,-0.0012508943851662745,0.0017375779856792866,-0.0009168212072022091,-0.0017421576128130731,-9.306447394406481e-05,-0.0003786141595361851,0.0018058179795899117,0.0011930363989304308,-0.0004902114499035758,-0.0011349368153950395,-0.0016612929305070555,-0.00034536957873842713,-0.0002906504239152767,0.00020146033256344872,0.002291867319603087,-0.00014431265201221528,-0.00041286424078524074
2013-08,0.00034742647868778723,0.0009672547557410237,-0.0006853393581162787,-0.001054579793621263,-0.0004888249365245997,0.0010617894777247832,-0.0010925670379352398,0.0017104698262303962,-0.0003086639148839215,0.001175743992505873,-0.0013645905947550522,0.0,0.001162260159885574,-0.00046947884590899146,0.0024035999446594997,-0.00026337824831787916,0.00022859527152675402,-0.0007317249928732314,0.0006916911737708145,0.0005081608967492763,-0.0010319954680198479,-0.00133911840525505,-0.0017911960686668544,0.0004213567129282427,-0.00010422021601621159,-0.0005562913804117298,-0.0009988263625631472,0.0005547132466507212,-0.00036253119757036564,-0.0011641865384423643,0.00011245557210229981,0.00019523316275712742,0.000799650048880053,-0.0012490931691090793,0.00028604897902903477,0.000301328909346931,-0.0005350311718223908,-0.00019744925519262039,-0.0,-0.00011199485547461114,0.00018399477472720777,7.101003249727551e-05,-0.0017686915351699023,-5.076108411695379e-05,-0.0015940170510362031,-0.002222612439903072,-0.0006785963579457701,-0.0008794958442278755,0.0033297256309332613,-0.0005115132902115989,-0.0017104955017889808,0.0016623741030981503,3.608720005492561e-05,-0.0027548336730894843,-0.0004337380668571387,0.0007816454452779188,0.0005017467733559224,0.0014460801434268355
2013-09,-0.0018110990050378513,0.0009215175428477394,0.00198574199445147,-0.0029389028211204396,0.0019419268567291426,-0.0006890843301838115,-0.0017721522711244104,-0.0014812175677664339,0.0006862857724738991,0.00011353440853194302,-0.001265751721373865,0.0,-0.0021619322045843877,0.0011344107077281467,-0.0006799544101283465,0.001684403541429294,3.3129750986184176e-05,-0.0006294244524770839,0.0003781628472371753,0.0012120140361042253,0.0003245584473036027,0.0017631077368563124,0.0008316609472002182,3.5285710398128295e-05,0.0015747760962299346,0.002539384211922659,0.001995393946737968,-0.0011072598977191163,0.0012996872820726932,0.0011827827860472415,-5.670887884783704e-05,-0.0006520783646507333,-0.0018771329889549803,-0.0015292366551323494,-0.0005836494800018047,-0.0005065118693556575,0.0021717166297733526,0.0016714013349394016,0.0,8.677512764403672e-05,-0.0020582202700998313,0.001304858910479602,0.0009002940139473239,-0.0010803995401804122,0.0013363457478742424,0.0010290452754376184,-0.0005663300268599391,0.0017800352518908152,-0.0008895284220850809,-0.00044236901478100527,-0.001069585664127699,-0.0020180487278532258,0.0009216743454198378,-0.0011614391800544763,-0.00042542421263812953,-0.0009996332485755679,-0.0005931471246292675,0.0013319204049067408
2013-10,-0.0006272552143949303,0.0017366826104288494,0.001509598369187752,-0.0005422097921366191,0.001373342755681945,-0.001402137852510171,0.000261804516777233,0.0006952326807030514,-0.0018466860296288004,-0.001459204276188644,0.0008400185149587564,0.0,-0.001010162927992288,0.00023443537809656067,-0.0006927544327778298,0.00043233322529745444,7.846119126119673e-05,-0.0009293809265707099,0.0012285500833354274,0.0008840008495797538,0.0018706042174156889,0.0013268523802938972,0.0004970396703200822,-3.5186168449123694e-05,0.0017819797764910513,-0.0003381860902522784,0.0008112871306617486,-0.0001567283622113771,-8.885249181523113e-05,0.0018323583217649698,-4.241167616832694e-05,0.00019219691113718184,-0.0008596584959444745,0.0009656247015520178,-0.0005696205195620666,0.0002958667766694129,0.001977092358667756,0.0016600945025495618,0.0,0.0002530649672699742,0.0002371225358966134,0.0004255608909373486,0.0012275928943497958,0.0002634280834756494,6.475800713536941e-05,-9.049379515925165e-05,0.0001411830986117048,-0.00013898312836698593,-8.709529164465357e-05,0.0004660306530097444,0.0005747050361937835,-0.0006048287238418164,0.0003039928877899051,-0.00021425910169235103,-0.00023982109910364706,-0.0013184516665837938,0.00026556477237911686,0.0008463394644842062
2013-11,0.0013751132141475578,-0.0007726587195629013,0.0013429426692329446,0.0012927877639862053,2.110580238720484e-05,0.0010171598171708639,0.0006089974706886829,0.0011967486804114076,0.00024268354573694982,-0.00027310725366369847,-0.00019130186795740322,0.0,-0.00017143611484057836,-1.8000699119386423e-05,0.0010010381814146174,0.000812953490907078,0.0022825407738508953,0.0017718166788663109,-0.0003744666524851195,-0.00015675557612326591,-0.00038038507614632407,0.0004775678770497018,-0.00026467400743014516,0.0007461146246282152,0.0013022982588451317,0.0027131821494251478,0.00133133272380178,0.0011358339087270226,-7.558995249176695e-05,0.0012519164640240879,-1.3951362775720652e-05,0.0002467447343365744,0.0006012119125069776,3.8117183946467956e-05,0.0010252880015818055,2.4331417120924645e-05,0.0002721984501041684,0.0004854432065987772,0.0,-0.0005049619501406774,0.0007360527719946386,0.0003408874058191296,0.0016555717140697677,-0.00018042424691613784,0.0014073660353559102,0.001052656571248165,0.0006375108101083057,0.0006838855638832159,0.0018625335011768478,-0.0014619245071909163,-0.0010800726331601448,0.0013203643141500505,-0.0015078466744170666,0.001076415170369547,-0.00013880267905055896,-0.0008918953585449922,0.00011623098068766758,-0.0011085180588408074
2013-12,0.0006195846553244362,0.00020345393188206764,0.0006153853616068909,0.0008375691659115397,6.751930188821824e-05,0.0015542261993964216,-0.0005396616597489769,-3.941461957480147e-05,0.0010307890856444486,-0.001815100073013812,-0.0014641651596169264,-0.0,0.0024588394276572143,0.0007625178865549758,0.0017159295875857573,-0.0007364941183644908,0.0015122446204243198,-0.00011964517433213987,2.276269082865706e-05,-0.00022587743144505682,0.0006342158765673136,0.0010903132264099694,0.0001646584565728209,0.0017412174409036827,0.0010865389267273142,0.0010742354575600473,0.0006857217175903096,0.0007591102469441623,0.0008488194303291768,0.0009981344474193894,-1.3655878678940288e-05,-0.0005739934716741874,0.0020079115899018897,-0.0017462942615414762,0.0009540795416821193,-0.0005929337533191008,0.0003530596455304692,-4.022526411151939e-05,0.0,-3.544373402925214e-05,0.0009490210858830055,8.511060462021977e-05,0.0013330580034699611,-0.00025364580626028975,0.0008928775159687805,0.0003667554638450704,-0.0011526367578418592,0.0010027320892597637,-0.00032657861683587866,-0.001133181542747529,0.001282809765786068,-5.696073923918155e-05,0.0010754271846519525,-0.000541124561748615,-0.00011441236008961638,0.0012017983563445077,0.0015032344523488094,-0.001557309399294159
2014-01,0.0006650253309560794,-0.0014945724350248271,-0.0010233987782696315,-0.0005150228729436476,-0.0010639379834247475,-0.0036513247658693346,0.001348997596132017,0.0026677837796347612,0.00023640596226232424,-0.005693770830772685,-0.002850327888275038,0.0,-0.001965720397552325,-0.001126876372720066,-0.002684282528352707,-0.0015763250548233858,-0.0016159072040090774,0.00032579327597306466,-0.0024718081496356713,0.0007982344971776526,-0.0015226991868905356,-0.0007966561044905743,-0.0006128443873641081,0.0008538714916150598,-0.0007335756000197258,-0.002549585672324408,-0.000962279785691729,0.0009762735865082954,-0.0008927518004611978,-0.0014580021992833321,-9.162168049575799e-05,0.00045376902750762354,-0.0022853559180058074,-0.002753687810754217,-0.0021396430829120766,-0.0008426787320330851,-0.0010734723080825133,-0.0009009133890335726,-0.0,-0.0004145301817595369,-0.0013893502648541641,-0.00042112176868392705,-0.0023288129570410935,-0.0004560242798843603,-0.0006975955448662626,0.00014210634842293595,0.0011939634660724538,0.00104202656299938,0.000422458085505195,0.0030266301837785867,0.002845814029607134,-2.9248152468523838e-05,-0.00021231632106371242,-0.00014557428282680114,-0.0027353415630449957,-0.00024815233895821704,0.0013224197160004929,0.0004927232352097394
2014-02,-0.0008579179131915282,0.0022473420565090026,0.0011913596315764154,0.0013545075222681981,0.0019866251097414318,-0.0004735069033389127,0.00020172094280992015,-0.0003748402763519517,-3.249127599200208e-05,0.0007914602691080038,0.0003062213435038467,0.0,-0.00042957876393646694,-0.0014353696714561083,1.78188087252289e-05,-0.0010397090585766587,-0.00030768759289556246,0.0003749449505072202,-0.009151553135896455,0.0002075291297422778,0.002100411724084214,0.0018193280748365183,-0.00031975784923016416,-0.0019818419696283982,0.00198232858211308,8.441561851214277e-05,0.0016202295536239142,-0.002126866670296828,0.0014572113909467968,0.0019041735908288996,5.4284029525187834e-05,0.00013224509514010252,-0.00030759313243270195,3.8588447277137356e-05,-0.00041520477250308094,-0.00016927108140583777,0.0013331126106108761,0.0017982432983750694,0.0,-0.001226217591049112,-0.0014192009400326873,-0.0008555879672943564,0.0018976541267684633,-0.0004790471634845619,-0.0015887529747292644,-0.0012360740000594793,-0.00013224852724771243,-0.0028192496111281383,0.002254145616373544,0.0010509107355994344,0.005291234334840348,-0.0011710292176959351,-0.0010978403472328498,0.0022078005353335485,0.0013914140699139539,0.0012616448044346009,-0.0014895876397756703,0.0034122958660208385
2014-03,-0.0015382872027870948,-6.032733549865919e-05,-0.0002605288126568479,-0.00034195220647855503,-3.997870787029731e-05,0.0005408709188868298,-1.8154224997157227e-05,-0.00014701894528591804,0.001407965666568866,0.0029274268552921217,0.00046850162682596556,0.0,0.0014094678509479844,-0.00019273348607356047,-7.276491532879365e-05,-0.0007149805618944343,0.0008388205625375411,0.0008239793405112247,-0.00019605182207415147,0.000875049358129067,-0.0011592588585917912,0.00010594446077698383,-0.0007476137010284357,-0.002602671523108522,-0.0011066865784549924,-0.00013105048441841997,-0.00022285947367385803,-0.00012508048358775067,-0.00031826142721989094,0.00032626569057690535,4.030442696828595e-05,-0.00037446839229742163,0.0009088995172632177,0.00029287566961511824,-6.591537960741517e-05,-0.00019151117691893396,0.00037614273698352227,-0.0004487486164326473,0.0,0.0009624391399874921,0.000414646740478042,-0.0013729300165735967,0.0003730171531650337,0.0008418134934239928,0.0007267954233314304,0.0008710289195471807,0.0010334670123663572,0.0009827308702527724,0.0009443219782878965,-0.0007189006843697728,-0.0024823535440421534,0.00043934811012541746,6.305637694203287e-05,0.0007746208179501962,0.0002098683215666602,-0.00010322173217547729,-0.002781184952831554,0.004496516140568965
2014-04,-0.0001766431479674979,0.0006541742688181032,0.0001327877856525595,0.0008862724586181718,0.0009293936535012791,-0.0008335452756793981,0.00011732618119471302,-0.000590383192857933,-0.00013847507940586602,0.0014349981722910764,0.00064392295753436,0.0,-0.0007731813961175316,0.0003917220056728843,-0.0005787831515343531,-0.00010693821055091473,-0.0006290043812933717,0.0004314060199941715,0.002084865754375759,-7.565516367174904e-06,0.0013216542158384164,-0.0006047140425736343,-6.85010598878555e-05,0.0005218831285146872,-0.00014021545917240137,-0.0009120959673240925,-0.0013795024511126255,0.0008705454632817908,0.00019814307381173186,0.00030875052113605656,1.3357813054567147e-05,0.0003723222848274051,-0.0008078442238845859,0.00041780464437465723,-0.000720895164858632,-9.701490481610881e-05,0.0006217873839087689,0.0010726933392995889,0.0,0.00103739187890095,-0.0006403793529841463,-0.00040697246834314776,0.0003823521834630546,0.0007160060401353666,-0.00023135588253987772,0.00035869843023320926,-0.00011068130691669739,-0.0010239995038661114,0.0010160395361051358,0.0015932129333068776,0.0003955331703342659,-0.00011431069920142394,-0.00032856195307079156,0.000931167577821894,-9.561332113533644e-05,-0.0001860171657308042,0.00040421995093077275,-0.0008595673704887523
2014-05,-0.00011975308610218173,0.0002882357347767053,0.0010042987816387175,-0.0004778213574149815,0.0008184266688326307,-0.0013168117863968667,0.0006092229279361576,-0.0006136620454277002,-0.0017204414957598475,-0.00011883890158032348,0.001924457103049816,0.0,-0.0016205966299696001,-0.0009558504446195498,-0.0016453166506220206,0.0014130703486337712,-0.00023126273116153595,-0.00010965181283602802,-0.0021885506180810864,0.001121386897143436,0.0005091708720371156,0.0006527094644711035,-0.0007663856530146631,0.0015005557091325385,0.0017371961255503137,0.0007760853579037093,0.0002804337146318303,0.00038408264379625394,-0.000757424838743893,0.001005391075799244,0.0,0.00048066594359107655,-0.001661257823148526,0.0003519112078758243,-0.001382344863128232,-0.0004093013111649264,0.0010070841079333071,0.0012298655316681658,0.0,0.0006749380516102203,0.00021051521382478976,0.001854159170864125,0.0005308061841368823,0.0018638028341550477,0.0009512699897779098,0.0003270137812836861,-0.0006427556288465901,0.002537417595599459,0.0002614834695898726,-0.0009763187822354727,0.00045965491333741496,-0.0003985156260454075,-0.0011380053723787688,-0.0002970381614340411,0.00017908461517054505,0.0008074023748255847,0.002201908400596111,-0.0019687588009990225
2014-06,0.0006349318442321581,-0.0008947052749174533,-0.00038321226677627833,0.0013764329494761263,-0.0006213665271914422,9.816480651559685e-05,0.0003820451974952461,-0.0010502990144801243,-0.0008973885223642039,0.0005671635783029451,0.0007890174777686664,0.0,-0.0005004518620933785,0.0002489773949546693,0.0006083743881383069,0.00033737296500289027,-0.00024310308934383273,-0.0014690342833086193,-0.0003948396242559322,-0.0014289388023253392,-0.00041521176127375244,0.0015286080206270542,-0.00034676332112161534,0.0008042801443594184,0.0011875107729155743,0.0008793246580302077,0.001795900002601061,0.00018364511558885,0.0004017703523615652,0.0008723827428095472,-0.0001709516983365763,-0.00020206787039024342,-0.0003092432923723361,0.0005982673016744261,-0.000115714089825908,0.00011883451631958372,-0.00017084176262245566,-0.00015130676121553188,0.0,0.0001917639587880967,0.0008330224145760473,0.00146164090961649,0.00028860499217046723,0.0031902844634128127,-0.0014312253379154514,-0.0016555721227945839,-0.0005889313633735899,-0.0002462482399887454,-0.0019970884197860798,-0.00032051838486391905,-0.001556495902344957,0.00046618413129176893,0.0011423156560829018,-0.0016692403610503437,0.003891807318272378,0.0007741768872101371,0.0013471508702069506,0.00265077693814034
2014-07,-0.0005022327635505355,0.0018111105071715867,-0.001449576989835243,-0.0008642347264396625,-0.0014350534108253153,0.0006482377359054833,0.0006072466576588542,0.0012669579467141708,0.0031777782170866915,0.000963077624961385,0.0005811520412406711,0.0,-0.0010436118862024732,-0.0012175869433916472,0.0005244050877709924,0.0019485575564916265,0.0009268608300479934,-0.000532463635867522,0.0014891346683499076,-0.0007272226092180097,-0.000184228350938218,-0.0016166345713393272,-0.0006099446175654022,0.001639676795737877,0.0004661693942339825,0.000907830529428033,-0.0020817937469759544,0.0018279623926660833,-0.0010698982134333692,-0.0006274147048560417,9.11796373583964e-05,-0.00020015270918067094,-0.0005012446928352799,0.0003086482305795829,8.914848288411561e-05,0.0,-0.0013063927670547114,-0.0005766198098641856,-0.0,0.0008542509793907245,-0.0017668489500466914,0.0021819684661469963,-0.0006673767121771045,0.0015875873982252795,-0.0007699892119173698,-0.0004428207156341226,0.00018884160569262082,0.0018370033681296713,-0.0019589498398415272,-0.0021147950043450044,0.0013953704942181492,-0.0002791799773982891,0.001289559414335928,-0.0022165718301698795,0.00220393299891367,-0.0014648945902757634,0.0013176672872184326,-0.002709986851489316
2014-08,0.00027120351554961024,0.0003750693057283516,0.00032186506269010073,-0.001246667212480852,0.001080184750184529,0.0014246854609838995,0.00014946068424976418,-0.00020135831386382851,-0.0011400096017178745,0.0024559506875367304,0.0018951817143172812,0.0,0.001502634368284481,-0.0010214386283148716,0.001971356388610075,-6.489417890720544e-06,0.0006973409712465228,-0.0007079871436431064,0.0001181115682711813,0.0015337001728640562,0.0007684587650081681,0.0018198276853580162,-0.0005353044831709915,-0.00018337505967529555,0.002076247951164752,-0.0004038718049627811,0.001602075292149711,0.0013033284462222443,-0.0004788573969853872,0.0017396065368025391,0.00011451028489531135,0.00038231599629251153,0.0016159119747371092,0.0008803175508979521,0.0016839625074841164,0.00032925500836379103,0.0007683152525449211,0.0009895699518036156,0.0,0.0009423452956503801,0.000383148209884747,-4.244839053305651e-05,0.0016016932326367356,-0.00034677252974515385,-9.107114356180392e-05,-0.0006809974421487294,-0.0006125551001561531,0.0029240590370585517,8.492416852309967e-05,0.0006479836633551465,0.0006818134187490376,-0.0006371047648583834,0.0006924328255559229,-0.0009850531531620335,-0.0019451112718856817,0.00031632569497178206,-0.0007180975627874079,-0.0011314044321211287
2014-09,-0.002513841703835879,-0.002684444367458381,-8.216485255569994e-05,-0.0013761442097480635,0.00033191363862418324,-0.0012952964615501046,0.0004632237426973378,0.0016943712763492999,0.0015610014520505637,0.00024913911959109365,7.813268879480441e-05,0.0,-0.0009620025101531102,0.0021827018319296146,-0.0002690429085432089,-0.0019560394095477357,0.002891458787049481,-0.00046222136143621984,-0.0005582665870504136,-0.0006913380399407058,-0.0010719159961043204,-0.001738954382504655,-0.0009765086922222078,0.0028282307063753503,-0.00029982418586605206,0.0013747529056698763,-0.001986715851338532,0.0019827774806100507,-0.0016843849428661748,-0.0006222435304774109,0.00011426766135678547,-0.0002313082468826463,-0.000996116435180466,0.0004951615180519138,-0.000877918529879177,0.000229468650054249,0.0004091441424380483,0.00063027585769252,-0.0,-0.0033987466475795427,0.0012481596795963989,0.001703030355049542,-9.795518948251328e-05,0.0036646940254022316,0.0014532691754123982,0.001791752928376619,0.0010327696352953374,-0.0001627785847225504,-0.0022717227459432996,-2.857411720296738e-05,-0.00031757385201191786,0.001980404128541491,-0.00020033987914524492,0.002060536360355004,0.0026923085884768463,0.0008748973914070587,0.002475533798148249,0.001848587969439371
2014-10,-0.0003400694839364604,0.001886701823272394,-0.0004420230728604901,-0.0007834582771392801,-0.00145278490678728,0.0010709779777945073,-0.0025926243262000886,0.00032575658862238495,-0.000914787580092336,0.0002157668000815899,0.0007540011845098653,0.0,0.001930057483619478,0.00044494852226802155,0.0013047139215197387,0.0011693441007050187,0.001230341584223357,-0.0005693472794619774,-0.000376527427384699,0.0006361437878613208,-0.000625189445189171,0.0012717229781117427,-4.106043275511393e-05,-0.0013002327215756268,0.0010539377910699847,0.0015695996156198792,0.0020388859931550754,0.0005194376923349729,0.00048267430437425897,0.00101074904356364,0.00019855121955820415,0.0008100986179712105,0.0014856433711679835,0.00020829097753351724,0.0012871926461001256,-2.2712137206160782e-05,-0.00099075344960736,-0.001199665496425891,0.0,0.0004308137819513781,0.002296304971142841,-0.0025456845988954366,0.0009099968890398765,-0.00024082320350253585,0.0007934632414602772,0.0007632338204408451,-0.0003077030523341266,-0.001771814534481037,-0.005002807565923759,-0.0011048559959666443,3.525607959337645e-05,0.0010725969231520317,0.001619322081965398,-0.0024883071728533743,0.0007889835727443565,0.0021938168028111235,-0.001904429442284348,-0.0015857475930906987
2014-11,0.0012747002313890164,-0.0014379392318333577,0.0023900212734524104,-0.0014316694346639708,0.0013817515430486313,0.0015555956742012147,-0.0003416086768889697,0.0008864975094390502,0.001240913237402702,-0.0011286028876520313,0.0010195066157570897,0.0,0.0013375638752414994,0.00040033813247411916,0.0021714640639984377,2.810146829935436e-05,0.0027898061283644815,0.0008552332767962986,-0.00034242974691296165,-0.0002285614063858998,-0.0015442123244263635,0.0006699168578536149,0.0014111937551023119,-0.001044261506355325,0.00186174340590625,0.0006510569371830215,1.6381490435025796e-05,0.0005822301163493624,0.00022968137854401859,0.00127490893266848,2.5006460543473208e-05,0.00038647099387896435,0.0012010655011029975,0.0001340975920988785,0.0012012957604526607,-0.00027117272592450743,0.0015021118203610204,0.0015405604397805835,0.0,0.0005164294289884313,0.002762575536891498,2.7190733459763115e-05,0.0013469232936635957,0.00042271211227557913,-6.616581465740742e-05,0.000528906767981715,0.0017140455655356081,0.0018997344822330193,-0.00042017437041380525,0.00037509610203321494,-0.0013883173360607528,0.00040771461686691046,-0.00013567755527261948,0.0006385214667917976,0.0008300494413602049,0.003682929782199218,-0.0013659693703438054,0.0003833514795009958
2014-12,0.001556486738779088,0.0006909679108177511,-0.0007042427015540717,0.0001669390147577285,-0.0008909493678208762,0.0005264106658641803,0.0005127688330966023,0.0009413998984173884,-5.428249132931153e-05,-0.0019510982575603167,0.001053905702477564,-0.0,-0.0008968273610489842,0.001480170654612009,0.00128342929868184,-0.00037953730718320183,0.0004934062303191308,-0.0006708131430972921,-0.0014094050822819149,-0.00021248558328840293,-0.0009812578689484977,0.0003084249958490845,0.002357621920817896,-0.00017376099695288238,-0.0009658087800613201,-5.426513534806396e-05,0.0009016099479448478,0.0014344806442591646,0.0015347931219443635,-0.00015315160013255785,4.835508265473466e-05,-0.0005950206729492844,-0.00020903793277418444,0.0007557520921368427,0.000760363886053378,0.0003495784500170832,-0.001199777972636297,-0.0013638342337812099,0.0,-0.00037003110457572714,0.0035914919011049437,-0.0003422446982842687,2.6261466714014158e-05,-0.001995646041730796,-0.00017602845737405383,-3.856538145912072e-05,0.0001851329349437986,0.00023348665665987698,-0.0002667813918485268,-0.003653052916592113,-0.00012324293768280043,5.546472947545063e-05,0.002479348601526608,7.26056686104275e-06,-0.001651708747762089,0.0037295377734613082,-0.00036890483936568983,-0.001674349785520576
