month,AN,AP,AX,BN,CA,CB,CC,CN,CT,DA,DT,EC,FB,FN,GS,HS,JN,JO,KC,LB,LX,MD,MP,MW,ND,NK,RL,SB,SN,SP,SS,TU,TY,UB,US,UZ,XU,XX,YM,ZA,ZB,ZC,ZD,ZF,ZG,ZI,ZK,ZL,ZM,ZN,ZO,ZP,ZR,ZS,ZT,ZU,ZW,ZZ
1976-01,0.0,0.0,0.0,0.0,0.0,0.0,0.0,0.0,0.0,0.0,0.0,0.0,0.0,0.0,0.0,0.0,0.0,-0.0,0.0,-0.0,0.0,0.0,0.0,0.0,0.0,0.0,0.0,0.0,0.0,0.0,0.0,0.0,0.0,0.0,0.0,0.0,0.0,0.0,0.0,0.0,0.0,-0.0,0.0,0.0,0.0,-0.0,0.0,-0.0,-0.0,0.0,0.0,-0.0,0.0,-0.0,0.0,0.0,-0.0,0.0
1976-02,0.0,0.0,0.0,0.0,0.0,0.0,0.0,0.0,0.06003329106412782,0.0,0.0,0.0,0.0,0.0,0.0,0.0,0.0,0.1286551093668729,0.0,-0.0,0.0,0.0,0.0,0.0,0.0,0.0,0.0,-0.0,0.0,0.0,0.0,0.0,0.0,0.0,0.0,0.0,0.0,0.0,0.0,0.0,0.0,-0.05498014667826442,0.0,0.0,-0.0,-0.060347506864331775,0.0,-0.03684335724170754,-0.03250775279060638,0.0,0.0,-0.06633460688323241,0.0,-0.03808091627477167,0.06911498467361638,0.0,-0.04911447693704848,0.057110034289845006
1976-03,0.0,0.0,0.0,0.0,0.0,0.0,0.0,0.0,0.06143601720712508,0.0,0.0,0.0,0.0,-0.0,0.0,0.0,0.0,0.1313849922884906,0.0,-0.0,0.0,0.0,0.0,0.0,0.0,0.0,0.0,-0.0,0.0,0.0,0.0,0.0,0.0,0.0,0.0,0.0,0.0,0.0,0.0,0.0,0.0,0.059984208056673705,0.0,0.0,-0.0,-0.06420888781699478,0.0,-0.040001123957492966,0.03589069266568918,0.0,0.0,-0.06853200803649605,0.0,-0.03926792052772345,0.06999254813179741,0.0,0.05328395158655432,0.0621765595594087
1976-04,0.0,0.0,0.0,0.0,0.0,0.0,0.0,0.0,0.05607949268258172,0.0,0.0,0.0,0.0,-0.0,0.0,0.0,0.0,0.13062183952578596,0.0,-0.0,0.0,0.0,0.0,0.0,0.0,0.0,0.0,-0.0,0.0,0.0,0.0,0.0,0.0,0.0,0.0,0.0,0.0,0.0,0.0,0.0,0.0,-0.05483851011355216,0.0,0.0,-0.0,-0.061676279213551545,0.0,-0.03834118296105745,-0.033225336051367564,0.0,0.0,-0.06869852403523062,0.0,-0.03814560623165766,0.07301281598923387,0.0,-0.048113896589409955,0.06368393308566046
1976-05,0.0,0.0,0.0,0.0,0.0,0.0,0.0,0.0,0.07411821643963422,0.0,0.0,0.0,0.0,-0.0,0.0,0.0,0.0,0.15820691768448533,0.0,-0.0,0.0,0.0,0.0,0.0,0.0,0.0,0.0,-0.0,0.0,0.0,0.0,0.0,0.0,0.0,0.0,0.0,0.0,0.0,0.0,0.0,0.0,-0.06588122303880985,0.0,0.0,-0.0,-0.07716941892961766,0.0,-0.04467987431566795,0.046395458743335234,0.0,0.0,0.09268019500024147,0.0,-0.050204017142188605,0.08238304654452944,0.0,-0.05793923515865014,0.06928465144769705
1976-06,0.0,0.0,0.0,0.0,0.0,0.0,0.0,0.0,0.06601357088872731,0.0,0.0,0.0,0.0,-0.0,0.0,0.0,0.0,-0.13045405445911945,0.0,-0.0,0.0,0.0,0.0,0.0,0.0,0.0,0.0,0.0,0.0,0.0,0.0,0.0,0.0,0.0,0.0,0.0,0.0,0.0,0.0,0.0,0.0,0.05808734384974184,0.0,0.0,-0.0,-0.07148211634954556,0.0,-0.04024355587364141,0.04376967338424448,0.0,0.0,0.07538754470723488,0.0,0.04780622526995296,0.07392855881543216,0.0,0.04808436104657255,0.062097117578222095
1976-07,0.0,0.0,0.0,0.0,0.0,0.0,0.0,0.0,0.05839920684309147,0.0,0.0,0.0,0.0,-0.0,0.0,0.0,0.0,-0.10968223995737249,0.0,-0.0,0.0,0.0,0.0,0.0,0.0,0.0,0.0,0.0,0.0,0.0,0.0,0.0,0.0,0.0,0.0,0.0,0.0,0.0,0.0,0.0,0.0,0.05377354569865495,0.0,0.0,-0.0,-0.068065013111595,0.0,0.03497143913354674,0.04146786977616582,0.0,0.0,0.07172358488508197,0.0,0.04968074747602653,-0.06330848890464125,0.0,0.04531532000560685,0.0567620689866999
1976-08,0.0,0.0,0.0,0.0,0.0,0.0,0.0,0.0,0.05723118081556763,0.0,0.0,0.0,0.0,-0.0,0.0,0.0,0.0,-0.14617327052908918,0.0,-0.0,0.0,0.0,0.0,0.0,0.0,0.0,0.0,-0.0,0.0,0.0,0.0,0.0,0.0,0.0,0.0,0.0,0.0,0.0,0.0,0.0,0.0,-0.08365501392513475,0.0,0.0,-0.0,-0.06648981728292634,0.0,-0.04520420148088984,0.04039386976743266,0.0,0.0,-0.07850040884960961,0.0,-0.05389683831069887,-0.0708678468481363,0.0,-0.059852875532814695,0.0626648349993127
1976-09,0.0,0.0,0.0,0.0,0.0,0.0,0.0,0.0,0.07670729613728847,0.0,0.0,0.0,0.0,-0.0,0.0,0.0,0.0,-0.1589193339168156,0.0,-0.0,0.0,0.0,0.0,0.0,0.0,0.0,0.0,-0.0,0.0,0.0,0.0,0.0,0.0,0.0,0.0,0.0,0.0,0.0,0.0,0.0,0.0,-0.08711783144283569,0.0,0.0,-0.0,-0.07571888112759854,0.0,0.05138175256478144,0.04673919028314704,0.0,0.0,-0.0801791211878371,0.0,0.06234741632376326,-0.08224426135838354,0.0,-0.07389413610778965,0.07342022655358715
1976-10,0.0,0.0,0.0,0.0,0.0,0.0,0.0,0.0,0.08028031295547879,0.0,0.0,0.0,0.0,0.0,0.0,0.0,0.0,-0.164379425113096,0.0,0.0,0.0,0.0,0.0,0.0,0.0,0.0,0.0,-0.0,0.0,0.0,0.0,0.0,0.0,0.0,0.0,0.0,0.0,0.0,0.0,0.0,0.0,-0.08258996048584735,0.0,0.0,-0.0,-0.07946230851606287,0.0,-0.04536980225217864,0.04337241767625141,0.0,0.0,-0.08256060790258576,0.0,0.058211347415655826,-0.07285397716162738,0.0,-0.06551900273944676,-0.07103834598975853
1976-11,0.0,0.0,0.0,0.0,0.0,0.0,0.0,0.0,0.08244228427688986,0.0,0.0,0.0,0.0,0.0,0.0,0.0,0.0,-0.17672721689765522,0.0,-0.0,0.0,0.0,0.0,0.0,0.0,0.0,0.0,-0.0,0.0,0.0,0.0,0.0,0.0,0.0,0.0,0.0,0.0,0.0,0.0,0.0,0.0,-0.08825910301703285,0.0,0.0,-0.0,-0.07698953189238633,0.0,0.05389268253473404,0.04860747330628106,0.0,0.0,0.0906684103724105,0.0,0.060476526116809946,-0.08446158693525983,0.0,-0.07538287549752191,-0.07415286207884703
1976-12,0.0,0.0,0.0,0.0,0.0,0.0,0.0,0.0,0.08070878188516048,0.0,0.0,0.0,0.0,0.0,0.0,0.0,0.0,-0.17705751804354924,0.0,-0.0,0.0,0.0,0.0,0.0,0.0,0.0,0.0,-0.0,0.0,0.0,0.0,0.0,0.0,0.0,0.0,0.0,0.0,0.0,0.0,0.0,0.0,-0.08899510325882924,0.0,0.0,-0.0,-0.07677694233392444,0.0,0.04986467143665179,0.05050482310635142,0.0,0.0,0.09088691258433444,0.0,0.06023920847504913,-0.09061573073340844,0.0,-0.0767408289742584,-0.08425434780460132
1977-01,0.0,0.0,0.0,0.0,0.0,0.0,0.0,0.0,0.08392735080907922,0.0,0.0,0.0,0.0,0.0,0.0,0.0,0.0,-0.16531808627517597,0.0,-0.0,0.0,0.0,0.0,0.0,0.0,0.0,0.0,-0.0,0.0,0.0,0.0,0.0,0.0,0.0,0.0,0.0,0.0,0.0,0.0,0.0,0.0,-0.09192896822700611,0.0,0.0,-0.0,-0.07786998815052873,0.0,0.049507250376707626,0.05360462095643459,0.0,0.0,-0.08893263972328336,0.0,0.06326450400240566,-0.08988535709737838,0.0,-0.08027455714867202,0.07686767805727152
1977-02,0.0,0.0,0.0,-0.0,0.0,0.0,0.0,0.0,0.0861775167502612,0.0,0.0,0.0,0.0,0.0,0.0,0.0,0.0,0.05493102295080616,0.06285359857419306,-0.08545631766214787,0.0,0.0,0.0,0.0,0.0,0.0,0.0,-0.0,-0.0,0.0,0.0,0.0,0.0,0.0,0.0,0.0,0.0,0.0,0.0,0.0,0.0,-0.08690075321726859,0.0,0.0,0.0,0.07193759555748763,0.0,0.05020318696770674,0.04679288639703052,0.0,0.0,0.07357910401194064,0.0,0.056151251543247196,-0.08075187635090682,0.0,-0.07589073634108204,0.06712665002781508
1977-03,0.0,0.0,0.0,-0.0,0.0,0.0,0.0,0.0,0.08251507436228576,0.0,0.0,0.0,0.0,0.0,0.0,0.0,0.0,0.053717296040425064,0.06456387123554398,-0.08497309074033828,0.0,0.0,0.0,0.0,0.0,0.0,0.0,-0.0,-0.0,0.0,0.0,0.0,0.0,0.0,0.0,0.0,0.0,0.0,0.0,0.0,0.0,-0.08236765900347397,0.0,0.0,0.0,0.09142933944694964,0.0,0.04851041790667423,0.04484620517973533,0.0,0.0,0.0932650656887765,0.0,0.05360045136902308,-0.07266616487992618,0.0,-0.06930073137368169,0.06269878917708979
1977-04,0.0,0.0,0.0,-0.0,0.0,0.0,0.0,0.0,0.07936095335548245,0.0,0.0,0.0,0.0,0.0,0.0,0.0,0.0,0.053726017160707,0.06390348168294906,-0.0772282628816444,0.0,0.0,0.0,0.0,0.0,0.0,0.0,-0.0,-0.0,0.0,0.0,0.0,0.0,0.0,0.0,0.0,0.0,0.0,0.0,0.0,0.0,-0.07423632640584682,0.0,0.0,0.0,0.09303929521785603,0.0,0.04795328087922417,0.0447786763689602,0.0,0.0,0.0963820360883155,0.0,0.0530193313397067,-0.07032385013527288,0.0,-0.06447053019799069,0.06085137640322772
1977-05,0.0,0.0,0.0,0.0,0.0,0.0,0.0,0.0,0.0847742312781398,0.0,0.0,0.0,0.0,0.0,0.0,0.0,0.0,0.0598488211863764,0.0659572026083517,-0.09680663760880436,0.0,0.0,0.0,0.0,0.0,0.0,0.0,-0.0,-0.0,0.0,0.0,0.0,0.0,0.0,0.0,0.0,0.0,0.0,0.0,0.0,0.0,-0.08834499648198169,0.0,0.0,0.0,0.11814111598994348,0.0,0.04942699429679468,0.05018017769862654,0.0,0.0,-0.1343578947821296,0.0,0.058138448668174865,-0.0807652611611198,0.0,-0.08133621281546397,0.06884148970990647
1977-06,0.0,0.0,0.0,0.0,0.0,0.0,0.0,0.0,0.09072288842199233,0.0,0.0,0.0,0.0,0.0,0.0,0.0,0.0,0.0706132855935604,0.06684839643155766,-0.1000291146236903,0.0,0.0,0.0,0.0,0.0,0.0,0.0,-0.0,-0.0,0.0,0.0,0.0,0.0,0.0,0.0,0.0,0.0,0.0,0.0,0.0,0.0,-0.09147730838081952,0.0,0.0,0.0,-0.14310311360390385,0.0,0.05266283241543432,0.04859115208311082,0.0,-0.0,-0.12934775965357095,0.0,0.056308713368340965,-0.08600382946755517,0.0,-0.08384872622876895,0.0753599372886777
1977-07,0.0,0.0,0.0,0.0,0.0,0.0,0.0,0.0,-0.09562773410310489,0.0,0.0,0.0,0.0,0.0,0.0,0.0,0.0,0.0697966949854714,0.06284187577567453,-0.10536898371466298,0.0,0.0,0.0,0.0,0.0,0.0,0.0,-0.0,-0.0,0.0,0.0,0.0,0.0,0.0,0.0,0.0,0.0,0.0,0.0,0.0,0.0,-0.08823692499620475,0.0,0.0,0.0,-0.1439194138485286,0.0,0.04719851408306443,-0.04942505214066383,0.0,-0.0,-0.13061314539566166,0.0,0.05089845926228568,-0.08564577549619323,0.0,-0.08533729958956272,0.08251167738693597
1977-08,0.0,0.0,0.0,0.0,0.0,0.0,0.0,0.0,-0.08419763253864301,0.0,0.0,0.0,0.0,0.0,0.0,0.0,0.0,0.05890126570323774,0.057151642609022245,-0.09744329500358336,0.0,0.0,0.0,0.0,0.0,0.0,0.0,-0.0,-0.0,0.0,0.0,0.0,0.0,0.0,0.0,0.0,0.0,0.0,0.0,0.0,0.0,-0.09497600993071614,0.0,0.0,0.0,-0.13233012050151025,0.0,0.04839818466170724,-0.055104209236515184,0.0,-0.0,-0.12388260948178609,0.0,-0.061661851706762895,-0.07862059425685113,0.0,-0.07692284771708834,0.07150294193003426
1977-09,0.0,0.0,0.0,0.0,0.0,0.0,0.0,0.0,-0.07978233958001674,0.0,0.0,0.0,0.0,0.0,0.0,0.0,0.0,0.054042657631863944,0.049923512433210866,0.08182169991392978,0.0,0.0,0.0,0.0,0.0,0.0,0.0,-0.0,0.0,0.0,0.0,0.0,0.0,0.0,0.0,0.0,0.0,0.0,0.0,0.0,0.0,-0.0883621547385931,0.0,0.0,0.0,0.12363223009554432,0.0,-0.049651277311242595,-0.05445417848901095,0.0,-0.0,-0.12092701285969962,0.0,-0.05649233099261516,-0.07931622300745571,0.0,-0.07411229263994026,0.0777168047635098
1977-10,0.0,0.0,0.0,0.0,0.0,0.0,0.0,0.0,-0.07830494131609349,0.0,0.0,0.0,0.0,0.0,0.0,0.0,0.0,0.0546887096932851,0.05143521809404265,-0.0906529731780321,0.0,0.0,0.0,0.0,0.0,0.0,0.0,-0.0,0.0,0.0,0.0,0.0,0.0,0.0,0.0,0.0,0.0,0.0,0.0,0.0,0.0,-0.09525087028027808,0.0,0.0,0.0,0.12998728433074241,0.0,-0.05170835207840551,-0.05739829738700795,0.0,-0.0,-0.1273015011707275,0.0,-0.05952930864155561,0.08717036749910678,0.0,-0.08272595609081226,0.08016114748324546
1977-11,0.0,0.0,0.0,0.0,0.0,0.0,0.0,0.0,-0.07516074027438646,0.0,0.0,0.0,0.0,0.0,0.0,0.0,0.0,0.054501724044211206,0.057275061049372515,-0.08503526166869445,0.0,0.0,0.0,0.0,0.0,0.0,0.0,-0.0,0.0,0.0,0.0,0.0,0.0,0.0,0.0,0.0,0.0,0.0,0.0,0.0,0.0,-0.10029802547295595,0.0,0.0,0.0,0.13551913363348878,0.0,-0.05284294484311203,-0.06233824758772819,0.0,-0.0,0.11704850610203898,0.0,-0.06140801931791978,0.0874985341482755,0.0,-0.0848429906436452,0.08478307564985464
1977-12,0.0,0.0,0.0,0.0,0.0,0.0,0.0,0.0,-0.08368197953390483,0.0,0.0,0.0,0.0,0.0,0.0,0.0,0.0,0.05598342875054903,0.06451961674439718,-0.09780563747615045,0.0,0.0,0.0,0.0,0.0,0.0,0.0,-0.0,0.0,0.0,0.0,0.0,0.0,0.0,0.0,0.0,0.0,0.0,0.0,0.0,0.0,-0.10535491246239245,0.0,0.0,0.0,0.13378437471229818,0.0,0.06357650557666626,-0.06512887674718287,0.0,-0.0,0.1202657619324154,0.0,-0.06527897358558678,-0.09695893490732972,0.0,-0.08835941075703022,0.09391654683478376
1978-01,0.0,0.0,0.0,0.0,0.0,0.0,0.0,0.0,-0.08756949250473396,0.0,0.0,0.0,0.0,0.0,0.0,0.0,0.0,0.050050597707013485,0.07021766652117567,-0.10090719183189822,0.0,0.0,0.0,0.0,0.0,0.0,0.0,-0.0,0.0,0.0,0.0,0.0,0.0,0.0,0.0,0.0,0.0,0.0,0.0,0.0,0.0,-0.10657691298825261,0.0,0.0,0.0,0.13686585325900044,0.0,0.06568271446619862,-0.06704446612855325,0.0,-0.0,0.12822263070990564,0.0,-0.06598915812303775,0.09879725407093566,0.0,-0.08923868779062363,0.10060159925036406
1978-02,0.0,0.0,0.0,0.0,0.0,0.0,0.0,0.0,-0.08678342850521228,0.0,0.0,0.0,0.0,0.0,0.0,0.0,0.0,0.048661175043976004,0.06309664672558365,0.09065052314083803,0.0,0.0,0.0,0.0,0.0,0.0,0.0,-0.06457932378706564,0.0,0.0,0.0,0.0,0.0,0.0,0.0,0.0,0.0,0.0,0.0,0.0,0.0,-0.102766739036601,0.0,0.0,0.12983900300330264,0.13452475939252026,0.0,0.06084955900825042,-0.060267941925481384,0.0,-0.08266559594527383,0.12755981112881198,0.0,-0.05886217446357208,0.09807206710391686,0.0,-0.08128831093164954,0.08927945023541556
1978-03,0.0,0.0,0.0,0.0,0.0,0.0,0.0,0.0,-0.07406158048570863,0.0,0.0,0.0,0.0,0.221316465343958,0.0,0.0,0.0,0.0422226362758046,-0.04467273760395065,-0.07415893448149478,0.0,0.0,0.0,0.0,0.0,0.0,0.0,-0.05316965873156442,0.0,0.0,0.0,0.0,0.0,0.0,0.0,0.0,0.0,0.0,0.0,0.0,0.0,-0.09358356853914458,0.0,0.0,0.11080708772548287,-0.11241451332734734,0.0,0.051887717085664184,-0.055375092548844276,0.0,-0.06803010169388661,0.09873675483106892,0.0,-0.05571711549359159,0.07638750742600234,0.0,-0.07181364980421989,0.07006596696812412
1978-04,0.0,0.0,0.0,0.0,0.0,0.0,0.0,0.0,-0.07589310931649042,0.0,0.0,0.0,0.0,0.2412509800786869,0.0,0.0,0.0,0.041764678657738606,-0.04920170171526225,-0.08197622018112674,0.0,0.0,0.0,0.0,0.0,0.0,0.0,-0.054791152380296713,0.0,0.0,0.0,0.0,0.0,0.0,0.0,0.0,0.0,0.0,0.0,0.0,0.0,-0.10928996668859838,0.0,0.0,0.11489771018805636,0.12809706407662202,0.0,0.06385046250266094,-0.06687592911750391,0.0,-0.08212127265691092,0.10073743317567076,0.0,-0.06774950951147743,0.08877094001013709,0.0,0.075111939664234,0.07937674492521496
1978-05,0.0,0.0,0.0,0.0,0.0,0.0,0.0,0.0,-0.07944503636719609,0.0,0.0,0.0,0.0,0.23662023695316586,0.0,0.0,0.0,0.043343639012724505,-0.05159509114135995,0.09112323789971344,0.0,0.0,0.0,0.0,0.0,0.0,0.0,-0.05750041467757624,0.0,0.0,0.0,0.0,0.0,0.0,0.0,0.0,0.0,0.0,0.0,0.0,0.0,-0.1076874642896068,0.0,0.0,0.10729824904631716,-0.12035858886986621,0.0,0.06590879946206646,-0.06677604428982478,0.0,-0.0820450380080719,0.09499454277493305,0.0,-0.06992863151621774,0.09358668870012261,0.0,0.07529532488197956,0.08165779607551885
1978-06,0.0,0.0,0.0,0.0,0.0,0.0,0.0,0.0,-0.08090971064619411,0.0,0.0,0.0,0.0,0.24915479810348581,0.0,0.0,0.0,0.04299630995553757,0.0573728212240727,0.09533030258388589,0.0,0.0,0.0,0.0,0.0,0.0,0.0,-0.06461995607474465,0.0,0.0,0.0,0.0,0.0,0.0,0.0,0.0,0.0,0.0,0.0,0.0,0.0,0.11447502277584364,0.0,0.0,0.11473420327382533,0.12650719046597422,0.0,0.06963842706392982,-0.06824593407958453,0.0,-0.08334410316062314,0.11006301521435587,0.0,-0.07252749746596453,0.10098484320628755,0.0,0.0792093970667818,0.0821688109280829
1978-07,0.0,0.0,0.0,0.0,0.0,0.0,0.0,0.0,-0.07792992424806049,0.0,0.0,0.0,0.0,0.25561920473195243,0.0,0.0,0.0,0.050165382540987166,0.053014159958650976,0.09776236379689923,0.0,0.0,0.0,0.0,0.0,0.0,0.0,-0.06397707809793152,0.0,0.0,0.0,0.0,0.0,0.0,0.0,0.0,0.0,0.0,0.0,0.0,0.0,0.10934411869877796,0.0,0.0,0.11547138755221978,0.12444304147786815,0.0,0.06331336426311758,-0.0661906745137867,0.0,-0.07356195028755846,0.10552694542283912,0.0,-0.06710228498964785,0.09047063584008372,0.0,0.07694542142854653,0.07180365979463407
1978-08,0.0,0.0,0.0,0.0,0.0,0.0,0.0,0.0,-0.06995485055454,0.0,0.0,0.0,0.0,0.23810153326239947,0.0,0.0,0.0,0.03853875863240783,0.047828050453779886,0.0858212717308529,0.0,0.0,0.0,0.0,0.0,0.0,0.0,-0.0546797081872403,0.0,0.0,0.0,0.0,0.0,0.0,0.0,0.0,0.0,0.0,0.0,0.0,0.0,0.09080793132077719,0.0,0.0,0.09435253470642184,0.10269272393789128,0.0,0.05551875571526885,0.049092284278112075,0.0,0.06062293601112191,0.07970999927046948,0.0,0.051985106091066595,0.07369390026765794,0.0,0.07015459381390388,0.06154451407485831
1978-09,0.0,0.0,0.0,0.0,0.0,0.0,0.0,0.0,0.0687575226779845,0.0,0.0,0.0,0.0,0.24426039776711536,0.0,0.0,0.0,0.03902052887179162,0.058816161393487935,0.08673496430143236,0.0,0.0,0.0,0.0,0.0,0.0,0.0,-0.06254471392502257,0.0,0.0,0.0,0.0,0.0,0.0,0.0,0.0,0.0,0.0,0.0,0.0,0.0,0.0882893245551124,0.0,0.0,0.09363376606939705,0.09760068448711634,0.0,0.06008102856698393,0.049981139574416765,0.0,-0.06520102761373683,0.0761081685565639,0.0,0.053878712418557774,0.07358203213148753,0.0,0.07315955095247817,0.06167283410856212
1978-10,0.0,0.0,0.0,0.0,0.0,0.0,0.0,0.0,0.06647978140308691,0.0,0.0,0.0,0.0,0.24845753399459403,0.0,0.0,0.0,0.03658832907341128,0.05678844435469574,0.08979946841565326,0.0,0.0,0.0,0.0,0.0,0.0,0.0,-0.06411759200413468,0.0,0.0,0.0,0.0,0.0,0.0,0.0,0.0,0.0,0.0,0.0,0.0,0.0,0.08773628834159132,0.0,0.0,0.09587267086333376,0.09728293125585803,0.0,0.05970183529855502,0.049120776511288884,0.0,-0.06730778720715044,0.08125903635698234,0.0,0.05345688991640598,0.0742635802320029,0.0,0.07400897402502545,0.0668472023604498
1978-11,0.0,0.0,0.0,0.0,0.0,0.0,0.0,0.0,0.06378760439143516,0.0,0.0,0.0,0.0,0.23170528895012443,0.0,0.0,0.0,0.03925660724267268,0.05271483554316407,0.08460585686794654,0.0,0.0,0.0,0.0,0.0,0.0,0.0,-0.05939255620753591,0.0,0.0,0.0,0.0,0.0,0.0,0.0,0.0,0.0,0.0,0.0,0.0,0.0,0.08752429718241385,0.0,0.0,0.09481225339971792,0.09601828395048982,0.0,0.05747077798720718,0.05034972270102865,0.0,-0.060551769476059836,0.06825629505920537,0.0,0.05286133332480379,0.06778258528752115,0.0,0.07089587906163847,0.06136341214160775
1978-12,0.0,0.0,0.0,0.0,0.0,0.0,0.0,0.0,0.0710690633523104,0.0,0.0,0.0,0.0,0.21711387458694134,0.0,0.0,0.0,0.03584941525176702,0.05270959676702183,0.09504118403632908,0.0,0.0,0.0,0.0,0.0,0.0,0.0,-0.05814421452503469,0.0,0.0,0.0,0.0,0.0,0.0,0.0,0.0,0.0,0.0,0.0,0.0,0.0,-0.10942698056275625,0.0,0.0,0.08242227456419081,0.10331068994009185,0.0,0.057463113460139346,0.05171085985200381,0.0,-0.06481584027117743,0.06096354710754059,0.0,0.05630544015441119,0.07808714490578068,0.0,0.07937415595176338,0.06914941451124643
1979-01,0.0,0.0,0.0,0.0,0.0,0.0,0.0,0.0,0.07133927468297062,0.0,0.0,0.0,0.0,0.21197023113994695,0.0,0.0,0.0,0.03626951665515867,0.05328022220909897,0.10138496964605025,0.0,0.0,0.0,0.0,0.0,0.0,0.0,-0.06033111614597838,0.0,0.0,0.0,0.0,0.0,0.0,0.0,0.0,0.0,0.0,0.0,0.0,0.0,-0.10264039300111913,0.0,0.0,0.09266803903560182,0.10440182804388909,0.0,0.05867169368230165,0.052796108228763766,0.0,-0.06580719670888718,0.0639616626773107,0.0,0.05760418469572628,0.07917675320695988,0.0,0.0756475321661399,0.06925593437175975
1979-02,0.0,0.0,0.0,0.17726597570060415,0.0,0.0,0.0,-0.0,-0.076827704134203,0.0,0.0,0.0,0.0,0.19935746236407836,0.0,0.0,0.0,0.03586032282188062,0.05185213253603635,0.09856148754804762,0.0,0.0,0.0,0.0,0.0,0.0,0.0,-0.059154878410093065,0.1372589386815801,0.0,0.0,0.0,0.0,0.0,-0.0,0.0,0.0,0.0,0.0,0.0,0.0,-0.10167706415418967,0.0,0.0,0.09209207633809507,0.11262150078311435,0.0,0.058455209057080765,0.05209478653309028,0.0,-0.06606995163961232,0.068007659873218,0.0,0.05772205926672489,0.0856026828581782,0.0,0.07591975743348894,0.0747891082893948
1979-03,0.0,0.0,0.0,0.17102198828204185,0.0,0.0,0.0,-0.0,-0.07074763171314272,0.0,0.0,0.0,0.0,0.1898385255271667,0.0,0.0,0.0,0.03473142230557755,0.05135772903929325,0.09696759216057801,0.0,0.0,0.0,0.0,0.0,0.0,0.0,-0.0583509414830769,0.1310824243325278,0.0,0.0,0.0,0.0,0.0,-0.0,0.0,0.0,0.0,0.0,0.0,0.0,-0.09814644169803349,0.0,0.0,0.09278597949141351,0.11258185209277241,0.0,0.05980432627269064,0.051401852914334856,0.0,-0.06467660407796082,0.06908558402521243,0.0,0.05768924674138976,0.0860118403596638,0.0,0.07656383790847268,0.07211679191759165
1979-04,0.0,0.0,0.0,0.17825993371091123,0.0,0.0,0.0,-0.0,-0.068570100919295,0.0,0.0,0.0,0.0,0.19018766943663618,0.0,0.0,-0.0,0.03506312583491718,0.05645067599371678,0.09368517862466978,0.0,0.0,0.0,0.0,0.0,0.0,0.0,-0.058157289019783544,0.13018790314704615,0.0,0.0,0.0,0.0,0.0,-0.0,0.0,0.0,0.0,0.0,0.0,0.0,-0.10194295313422147,0.0,0.0,0.089531673828832,0.11005406362011197,0.0,0.06103281541703401,0.052127965827027195,0.0,-0.06555064963001925,0.06550881424665407,0.0,0.059192021548415436,0.09131015809478943,0.0,0.08053891499949864,0.06404947003837931
1979-05,0.0,0.0,0.0,0.17428425873256212,0.0,0.0,0.0,-0.0,-0.07049192187819805,0.0,0.0,0.0,0.0,0.18193840400301264,0.0,0.0,-0.0,0.034581559002079744,0.06226180043234312,0.09730084381523409,0.0,0.0,0.0,0.0,0.0,0.0,0.0,-0.05798468162786135,0.12422741980569042,0.0,0.0,0.0,0.0,0.0,-0.0,0.0,0.0,0.0,0.0,0.0,0.0,-0.10327435970540708,0.0,0.0,0.0893910229454564,0.11372080269468385,0.0,0.05648208802719488,0.05046941076877275,0.0,-0.06566388353635626,0.06775714615074611,0.0,0.05486161145133194,0.09481468595514336,0.0,0.08355196219600253,0.06549559314540176
1979-06,0.0,0.0,0.0,0.18133931044079912,0.0,0.0,0.0,-0.0,-0.07519675132784379,0.0,0.0,0.0,0.0,0.1768872318654533,0.0,0.0,-0.0,0.03640635182449251,0.06129018330359749,0.10055935538471245,0.0,0.0,0.0,0.0,0.0,0.0,0.0,-0.06109579025045809,0.12582143305250368,0.0,0.0,0.0,0.0,0.0,-0.0,0.0,0.0,0.0,0.0,0.0,0.0,-0.10453922743291685,0.0,0.0,0.09501694934313751,0.1186474386749558,0.0,0.05947523869329091,0.058899058586580406,0.0,-0.07273803504774656,0.07314944550142581,0.0,-0.06770564899717023,0.08507069132528339,0.0,0.08692668726006822,-0.07227404982392645
1979-07,0.0,0.0,0.0,0.16299269932792676,0.0,0.0,0.0,-0.0,-0.08039870847337376,0.0,0.0,0.0,0.0,0.15285950529382042,0.0,0.0,-0.0,-0.030586770853969762,0.04339406222936645,0.09149153052027695,0.0,0.0,0.0,0.0,0.0,0.0,0.0,0.050533519849056234,0.1149735418597245,0.0,0.0,0.0,0.0,0.0,-0.0,0.0,0.0,0.0,0.0,0.0,0.0,0.08226125463890413,0.0,0.0,0.07189134037594588,0.08908186897089854,0.0,0.05509586794428479,0.05377808167172474,0.0,-0.06797832095304722,0.055454029476919596,0.0,0.053354753545187136,0.0731223784336673,0.0,0.0712574600457671,-0.05738723813176822
1979-08,0.0,0.0,0.0,0.16955301822050095,0.0,0.0,0.0,-0.0,-0.10379997191669096,0.0,0.0,0.0,0.0,0.15316626650951587,0.0,0.0,-0.0,-0.032919929480055864,0.041723733419721326,0.10216713365425048,0.0,0.0,0.0,0.0,0.0,0.0,0.0,0.0548321607596879,-0.12366735675224177,0.0,0.0,0.0,0.0,0.0,-0.0,0.0,0.0,0.0,0.0,0.0,0.0,0.08669422527907067,0.0,0.0,0.07304588465578664,0.09251166939078631,0.0,0.055068041643111874,0.0564763199076414,0.0,-0.06202224296914177,0.05306920493513355,0.0,0.05805987755794381,0.07357824890093508,0.0,0.07010183438143505,-0.05887127665665001
1979-09,0.0,0.0,0.0,0.16193215297893826,0.0,0.0,0.0,-0.0,-0.09984952629954381,0.0,0.0,0.0,0.0,0.14522167143557246,0.0,0.0,-0.0,0.03519859468252819,0.044079496631000845,0.09965835963234664,0.0,0.0,0.0,0.0,0.0,0.0,0.0,0.05718732311742377,-0.11684771390880161,0.0,0.0,0.0,0.0,0.0,-0.0,0.0,0.0,0.0,0.0,0.0,0.0,0.08322759608535168,0.0,0.0,0.07581663393917003,0.10081184283248164,0.0,0.05776683679162868,0.05449277303949451,0.0,-0.06082538797927605,0.05597966076033979,0.0,0.05652886597838221,0.08008327725270749,0.0,0.0715180271145505,0.06023918063841546
1979-10,0.0,0.0,0.0,0.18691549191876547,0.0,0.0,0.0,0.0,-0.11894710098716266,0.0,0.0,0.0,0.0,0.1659528142524737,0.0,0.0,-0.0,0.03699221709628616,0.04704259452533994,0.0953897622991454,0.0,0.0,0.0,0.0,0.0,0.0,0.0,-0.07659860910973737,-0.12286160912998007,0.0,0.0,0.0,0.0,0.0,-0.0,0.0,0.0,0.0,0.0,0.0,0.0,0.09788094691767771,0.0,0.0,0.08535912242435972,0.06410134388074154,0.0,0.062123934264245,0.06416754478527824,0.0,-0.06962643356717016,0.06317163788826663,0.0,0.0665745455335653,0.08219758960352438,0.0,0.08277956476213681,-0.07255420254827087
1979-11,0.0,0.0,0.0,0.1923877051501003,0.0,0.0,0.0,-0.0,-0.13227759828701557,0.0,0.0,0.0,0.0,-0.18137351381816855,0.0,0.0,-0.0,-0.04115630920442524,0.05074168196010543,0.09116013737404376,0.0,0.0,0.0,0.0,0.0,0.0,0.0,0.06957534486560847,-0.12489440485327426,0.0,0.0,0.0,0.0,0.0,-0.0,0.0,0.0,0.0,0.0,0.0,0.0,0.09955373166009575,0.0,0.0,0.08841587769003713,0.0641598239595605,0.0,0.06554205363117944,-0.07077831258225391,0.0,-0.0691539438188773,0.05804038998186187,0.0,-0.07324696620998838,0.08234989143763839,0.0,0.08403869431470977,-0.07992835948579895
1979-12,0.0,0.0,0.0,0.19631063504648041,0.0,0.0,0.0,-0.0,-0.1310543920805634,0.0,0.0,0.0,0.0,0.17983493016197608,0.0,0.0,-0.0,-0.0397489994637035,0.051582897809717816,0.08945993620727546,0.0,0.0,0.0,0.0,0.0,0.0,0.0,0.07162609759062218,-0.12359191257332511,0.0,0.0,0.0,0.0,0.0,-0.0,0.0,0.0,0.0,0.0,0.0,0.0,0.09959711090220137,0.0,0.0,0.09077318947558771,0.06401860127214445,0.0,0.06550378972139168,-0.07356955393113498,0.0,-0.06928958835010197,0.060342986038823154,0.0,-0.07230140565863531,0.08170266409551742,0.0,0.08380627671186298,-0.08260365946839447
1980-01,0.0,0.0,0.0,0.18675612264254557,0.0,0.0,0.0,0.0,0.12685163029434882,0.0,0.0,0.0,0.0,0.1694970360141669,0.0,0.0,-0.0,-0.037044269281848244,0.04482863869771964,0.08501905940360929,0.0,0.0,0.0,0.0,0.0,0.0,0.0,0.0651957821074108,-0.11535465913848786,0.0,0.0,0.0,0.0,0.0,-0.0,0.0,0.0,0.0,0.0,0.0,0.0,0.09306934734035742,0.0,0.0,0.0760979166454544,0.04842989806599649,0.0,0.058728394929719624,-0.06446934338802417,0.0,-0.06675492399515451,0.05414605130389001,0.0,-0.06417266951073983,0.07576350952132906,0.0,0.0792913787595476,0.07574124900374528
1980-02,0.0,0.0,0.0,0.17762366447927969,0.0,0.0,0.0,0.0,0.12470504037390176,0.0,0.0,0.0,0.0,0.1567848972637317,0.0,0.0,-0.0,-0.05780549844438053,0.04530209278935292,0.08978018496997175,0.0,0.0,0.0,0.0,0.0,0.0,0.0,0.0594724279034522,-0.11371381461403555,0.0,0.0,0.0,0.0,0.0,-0.0,0.0,0.0,0.0,0.0,0.0,0.0,0.09373692375647574,0.0,0.0,0.07124400929615554,0.048292908489373884,0.0,0.0601925424838966,-0.06079523813024681,0.0,-0.06906104896806774,0.05399968581171424,0.0,-0.06342703550294194,0.07651868665372644,0.0,0.0810730373296848,-0.07638128722353883
1980-03,0.0,0.0,0.0,0.1759416739474803,0.0,0.0,0.0,0.0,0.11747338747299567,0.0,0.0,0.0,0.0,-0.16017972576946068,0.0,0.0,-0.0,-0.05530213282786358,0.048628227378887064,0.08199126738565873,0.0,0.0,0.0,0.0,0.0,0.0,0.0,0.055378555391866924,-0.10708352916744356,0.0,0.0,0.0,0.0,0.0,-0.0,0.0,0.0,0.0,0.0,0.0,0.0,-0.0964830893220587,0.0,-0.0,0.06420786268299075,0.044811166335391485,0.0,-0.06180805975857491,-0.056800962959628276,0.0,-0.06487138880131907,0.05013026230999699,0.0,-0.0593864454621551,-0.0798384430523881,0.0,0.07454799477122932,-0.07163882178241293
1980-04,0.0,0.0,0.0,0.1727563038687192,0.0,0.0,0.0,-0.0,0.11810073972774383,0.0,0.0,0.0,0.0,-0.1484739381584137,0.0,0.0,-0.0,-0.05835643013525389,0.0495613664845765,0.07701363185758812,0.0,0.0,0.0,0.0,0.0,0.0,0.0,0.04493786549999814,-0.10227611349302021,0.0,0.0,0.0,0.0,0.0,-0.0,0.0,0.0,0.0,0.0,0.0,0.0,-0.09243672712109977,0.0,-0.0,0.051803345811056105,0.03144842722907193,0.0,-0.05936008838308568,-0.05919827920713073,0.0,-0.06541960658372777,0.03597387040943608,0.0,-0.06264537257668863,-0.07371041634688653,0.0,0.07118387657586969,-0.06100933533874296
1980-05,0.0,0.0,0.0,0.18733573288255684,0.0,0.0,0.0,-0.0,0.11789978184347259,0.0,0.0,0.0,0.0,0.14949365134632875,0.0,0.0,-0.0,-0.060530998500416246,0.05040171572804802,-0.08662644518072182,0.0,0.0,0.0,0.0,0.0,0.0,0.0,0.05465451834749896,-0.1165053732503435,0.0,0.0,0.0,0.0,0.0,-0.0,0.0,0.0,0.0,0.0,0.0,0.0,-0.09894621084268,0.0,-0.0,0.05261413461619615,0.03090808736196461,0.0,-0.06261580924849237,-0.06545533581476332,0.0,-0.07351361767589426,0.03797116454685668,0.0,-0.06844807782745788,-0.07811165403662672,0.0,0.0760454784701411,-0.06577107263343668
1980-06,0.0,0.0,0.0,0.18356522242515041,0.0,0.0,0.0,-0.0,0.10612942326034053,0.0,0.0,0.0,0.0,0.14504310077018165,0.0,0.0,-0.0,-0.05815930711958885,0.05103434960567824,0.0763638868624227,0.0,0.0,0.0,0.0,0.0,0.0,0.0,0.04358399191919774,-0.11204891803616063,0.0,0.0,0.0,0.0,0.0,-0.0,0.0,0.0,0.0,0.0,0.0,0.0,-0.09473571541413449,0.0,-0.0,0.05457716136955659,0.0319561819507436,0.0,-0.06370563906268055,-0.06248691851772585,0.0,-0.07330073119078358,0.03840927235188637,0.0,-0.06683360367290567,-0.07610237391142458,0.0,-0.07719822333140365,-0.06056983346485755
1980-07,0.0,0.0,0.0,0.17571804339845878,0.0,0.0,0.0,0.0,0.10635338164960255,0.0,0.0,0.0,0.0,-0.12833905220663233,0.0,0.0,-0.0,-0.05481884677150674,-0.046381949752173635,-0.07300957975958186,0.0,0.0,0.0,0.0,0.0,0.0,0.0,0.039798562257224064,-0.10808961523977295,0.0,0.0,0.0,0.0,0.0,-0.0,0.0,0.0,0.0,0.0,0.0,0.0,-0.0961822189989154,0.0,0.0,0.05367814362307777,0.03221646458272818,0.0,-0.06884930277686345,-0.06604602347048295,0.0,-0.07403644684882157,0.03977796028914493,0.0,-0.07194691514604895,-0.07900498110250229,0.0,-0.0798131378920372,0.058732378231644795
1980-08,0.0,0.0,0.0,0.1807675074134678,0.0,0.0,0.0,-0.0,0.12225003005454355,0.0,0.0,0.0,0.0,-0.138196814654063,0.0,0.0,-0.0,-0.06987232037064967,-0.04775771935729936,-0.07902696454332687,0.0,0.0,0.0,0.0,0.0,0.0,0.0,0.040376933384281465,-0.10973436385130363,0.0,0.0,0.0,0.0,0.0,-0.0,0.0,0.0,0.0,0.0,0.0,0.0,0.10853925834455827,0.0,0.0,0.05278362714264186,0.03133255228652322,0.0,0.07940060302904936,-0.08220157580167753,0.0,0.08493139021253157,0.038584990766831966,0.0,-0.08721393999969652,0.09049880490232873,0.0,0.09131302870219024,0.06951371151506106
1980-09,0.0,0.0,0.0,0.18351337400483209,0.0,0.0,0.0,0.0,0.11920301549372095,0.0,0.0,0.0,0.0,-0.1385945841062806,0.0,0.0,-0.0,-0.07358400892491669,-0.0479393559998926,-0.07684004262913269,0.0,0.0,0.0,0.0,0.0,0.0,0.0,0.04220238352201596,-0.10746806482104797,0.0,0.0,0.0,0.0,0.0,-0.0,0.0,0.0,0.0,0.0,0.0,0.0,0.11308476913102233,0.0,-0.0,0.05254250500844917,0.032036873381366106,0.0,-0.0803875180500944,0.09490896359868575,0.0,-0.08513973966975769,0.038891286168196516,0.0,-0.08942355570309514,-0.0899158151342379,0.0,-0.09152422882785904,0.06547318123507896
1980-10,0.0,0.0,0.0,0.1779020552524081,0.0,0.0,0.0,-0.0,0.10888301884291567,0.0,0.0,0.0,0.0,-0.13827231548413865,0.0,0.0,0.0,-0.07509751633491796,-0.04813931821605891,-0.0767212924167981,0.0,0.0,0.0,0.0,0.0,0.0,0.0,0.04649886680634489,-0.10564401280660424,0.0,0.0,0.0,0.0,0.0,-0.0,0.0,0.0,0.0,0.0,0.0,0.0,0.10719318440868399,0.0,-0.0,0.05358475637724669,0.03754614438747019,0.0,-0.07384625187189121,0.09466960943777879,0.0,-0.08150296451856552,0.03921902941430102,0.0,-0.0896159132504071,-0.08575900200136713,0.0,-0.09387320874161376,0.07231022383046119
1980-11,0.0,0.0,0.0,0.17691369154566716,0.0,0.0,0.0,0.0,0.10677097054308451,0.0,0.0,0.0,0.0,-0.12731569260467274,0.0,0.0,0.0,-0.06697320652447813,-0.04631354692745012,-0.07254512068143154,0.0,0.0,0.0,0.0,0.0,0.0,0.0,0.0461611372238738,-0.09869104451466357,0.0,0.0,0.0,0.0,0.0,-0.0,0.0,0.0,0.0,0.0,0.0,0.0,0.11163325032788866,0.0,-0.0,0.04865447528377389,0.03286178712223082,0.0,-0.07461924252265877,0.09265376325581107,0.0,0.07893299406794986,0.03577170657797708,0.0,0.08991289610624896,-0.08387236146661996,0.0,0.08648143769410153,0.06926838167529674
1980-12,0.0,0.0,0.0,0.17177727186461147,0.0,0.0,0.0,-0.0,0.10722573474114294,0.0,0.0,0.0,0.0,-0.12750869917707908,0.0,0.0,0.0,-0.06748633252703598,-0.04618863898773463,-0.076786776974722,0.0,0.0,0.0,0.0,0.0,0.0,0.0,0.03727844900857678,-0.10010826207286923,0.0,0.0,0.0,0.0,0.0,-0.0,0.0,0.0,0.0,0.0,0.0,0.0,0.11248274157562019,0.0,-0.0,0.048521949747473925,0.031860383203157046,0.0,-0.07905805393742667,0.08956336695140452,0.0,0.0842661061394609,0.036172995923535,0.0,0.09060392710777004,-0.0792040332028566,0.0,0.08347960479038696,0.07069080467591131
1981-01,0.0,0.0,0.0,0.18079717225719386,0.0,0.0,0.0,-0.0,0.11578598170956104,0.0,0.0,0.0,0.0,-0.13814822369316188,0.0,0.0,0.0,-0.07339850948053406,-0.050093595019519814,-0.0790035174527733,0.0,0.0,0.0,0.0,0.0,0.0,0.0,0.03845705791037021,-0.10879939665176154,0.0,0.0,0.0,0.0,0.0,-0.0,0.0,0.0,0.0,0.0,0.0,0.0,0.1079262811207427,0.0,-0.0,0.05064433633029539,-0.03315649892810455,0.0,-0.06956085963446848,0.07771234584628786,0.0,0.08069119247873557,-0.04195303811739486,0.0,0.07979013090410214,-0.08004129825421391,0.0,-0.08970439273631634,-0.06687058029253073
1981-02,0.0,0.0,0.0,0.14380972256198785,0.0,0.0,0.0,-0.278490314901982,0.07937879103751644,0.0,0.0,0.0,0.0,-0.10888133023005211,0.0,0.0,0.09335297436228682,0.03371307879305982,-0.04115596891945442,-0.06572035601313211,0.0,0.0,0.0,0.0,0.0,0.0,0.0,0.03150294309786066,-0.08759692252952618,0.0,0.0,0.0,0.0,0.0,-0.102587403091439,0.0,0.0,0.0,0.0,0.0,0.0,0.07742067581352358,0.0,-0.07090588634736884,-0.03657277481808619,-0.02436504393229766,0.0,-0.0565641078585073,-0.0555518939576427,0.0,0.06354942139460691,-0.030259878256334912,0.0,-0.058684863274690996,-0.06483267225748142,0.0,-0.06632594940607642,-0.050529136912485215
1981-03,0.0,0.0,0.0,-0.12940925125642533,0.0,0.0,0.0,-0.27086404733496733,0.0772928585471584,0.0,0.0,0.0,0.0,-0.10589417488469559,0.0,0.0,0.08940689757092986,0.03378200755633899,-0.038992414728897334,-0.05520247469857115,0.0,0.0,0.0,0.0,0.0,0.0,0.0,-0.030571840163043266,-0.0837664891774264,0.0,0.0,0.0,0.0,0.0,-0.09633595949520717,0.0,0.0,0.0,0.0,0.0,0.0,0.07643921418056154,0.0,-0.06828319687331003,-0.03491655205428274,-0.021542373388633608,0.0,-0.05825509123592557,0.05917167179997898,0.0,0.06452758488538832,-0.029528906086195655,0.0,0.06279857775658154,-0.06255911965234436,0.0,-0.061994980366763784,-0.045569238853140494
1981-04,0.0,0.0,0.0,0.15135340483794085,0.0,0.0,0.0,-0.30660329681962767,0.0781425129432415,0.0,0.0,0.0,0.0,-0.10986176411250373,0.0,0.0,0.10656300579793378,0.03736202274164465,-0.041100348451009676,-0.061731669732272336,0.0,0.0,0.0,0.0,0.0,0.0,0.0,0.03463812380538004,-0.09110970644332497,0.0,0.0,0.0,0.0,0.0,-0.10904716198035666,0.0,0.0,0.0,0.0,0.0,0.0,0.08190914730625815,0.0,0.08750010541229164,-0.0397341369319139,-0.024064357529435792,0.0,0.06818354073994454,0.06498422106189873,0.0,0.07042112069050216,-0.03271677663455727,0.0,0.07018182345151264,-0.06731728888144703,0.0,-0.07361957756844383,0.05605522950113117
1981-05,0.0,0.0,0.0,-0.14828881138232503,0.0,0.0,0.0,-0.3078863098325567,0.07779363247313863,0.0,0.0,0.0,0.0,-0.10935163834668528,0.0,0.0,0.10690332472238868,0.03714724988426783,-0.041107257412679024,-0.065589016577379,0.0,0.0,0.0,0.0,0.0,0.0,0.0,-0.03338697456395194,-0.09103394264664702,0.0,0.0,0.0,0.0,0.0,-0.10529368101883145,0.0,0.0,0.0,0.0,0.0,0.0,0.08219119524217938,0.0,0.08495342493155288,-0.039862614572419026,-0.024105397531574292,0.0,0.06527763730887541,0.06662529281461968,0.0,0.07040092997842667,-0.03033571131809635,0.0,0.0704842087951514,-0.06960710667573519,0.0,-0.07481328690685864,0.05568288543194519
1981-06,0.0,0.0,0.0,-0.13915628591423915,0.0,0.0,0.0,-0.30051120137382425,0.07730790033152539,0.0,0.0,0.0,0.0,-0.10150429407962404,0.0,0.0,-0.10260129712730205,0.03700538607085157,-0.03616962681036455,-0.06269632557089261,0.0,0.0,0.0,0.0,0.0,0.0,0.0,-0.03191365113945449,-0.08662547302961279,0.0,0.0,0.0,0.0,0.0,-0.10785972980031226,0.0,0.0,0.0,0.0,0.0,0.0,0.07716402266419561,0.0,-0.07924782256681562,-0.038275396476783394,-0.022605498272278087,0.0,-0.059456006677108805,0.06167575917536997,0.0,0.06962250094777715,-0.029391476731230774,0.0,0.06598719414886726,-0.06672631688609529,0.0,-0.06828871573622809,0.05320503810988727
1981-07,0.0,0.0,0.0,-0.10453694700928509,0.0,0.0,0.0,-0.2636177275716404,0.06734574058110453,0.0,0.0,0.0,0.0,-0.09133963933048458,0.0,0.0,-0.09274431862125368,0.029426642434454187,-0.027827450849308138,-0.051805932921443684,0.0,0.0,0.0,0.0,0.0,0.0,0.0,-0.024673205500743423,-0.07817240968773459,0.0,0.0,0.0,0.0,0.0,-0.08777330490748542,0.0,0.0,0.0,0.0,0.0,0.0,0.06666256867440287,0.0,-0.07119500085459418,-0.031001713867259858,-0.016536904536515396,0.0,-0.051877441461021696,-0.04957043047610875,0.0,0.05937714647393,-0.023556847439850228,0.0,-0.055425622124803606,-0.06139968913639539,0.0,-0.05735185102488868,-0.039928965661989134
1981-08,0.0,0.0,0.0,-0.08540333955043529,0.0,0.0,0.0,-0.20906873465407805,-0.04996725647996503,0.0,0.0,0.0,0.0,-0.07510056362881376,0.0,0.0,-0.07969573153190185,0.026148945767228985,-0.025327403842905574,-0.043605214847007114,0.0,0.0,0.0,0.0,0.0,0.0,0.0,-0.02097264524065882,-0.06547451368119718,0.0,0.0,0.0,0.0,0.0,-0.07157923237750834,0.0,0.0,0.0,0.0,0.0,0.0,-0.05660320767272146,0.0,-0.05977609188140497,-0.026573590700496197,-0.014834759200552543,0.0,-0.044399027912902254,-0.045099253928358334,0.0,-0.046679639245432177,-0.02077505358625836,0.0,-0.05012774952182829,-0.05328764660321473,0.0,-0.04984970598388092,-0.036625864890222445
1981-09,0.0,0.0,0.0,-0.08233520000878201,0.0,0.0,0.0,-0.20770683260487152,-0.04688557631204543,0.0,0.0,0.0,0.0,-0.07279217290704394,0.0,0.0,-0.07900951629283422,0.023378871597274163,-0.023232740370726437,-0.03671744304096784,0.0,0.0,0.0,0.0,0.0,0.0,0.0,-0.01794549424285941,-0.0627656127181543,0.0,0.0,0.0,0.0,0.0,-0.065024572681649,0.0,0.0,0.0,0.0,0.0,0.0,-0.05274858042619844,0.0,-0.05993630316443264,-0.026919914270851313,-0.015378040765499153,0.0,-0.03985060663373657,-0.03853767291021547,0.0,-0.04585663010334621,-0.02104261048433617,0.0,-0.04348691156064098,-0.05305676880636828,0.0,-0.04590194241457572,-0.03547604017313198
1981-10,0.0,0.0,0.0,-0.08298225501750216,0.0,0.0,0.0,-0.20516806390464387,-0.05082803905869863,0.0,0.0,0.0,0.0,-0.07533680384682533,0.0,0.0,-0.07866545079066549,0.025388602989694732,0.02595200007627261,-0.03868400512512552,0.0,0.0,0.0,0.0,0.0,0.0,0.0,-0.01996436156060095,-0.06684503826787531,0.0,0.0,0.0,0.0,0.0,-0.06915137455037462,0.0,0.0,0.0,0.0,0.0,0.0,-0.057200229917917095,0.0,-0.05900263472180425,-0.026805303592406723,-0.0161683074703626,0.0,-0.043866364163364945,-0.042334336240614875,0.0,0.05671707454909787,-0.020804835247597502,0.0,-0.047792109738049406,-0.051846518704549385,0.0,-0.048867172843130385,-0.03681100890201572
1981-11,0.0,0.0,0.0,-0.08675169835928093,0.0,0.0,0.0,-0.20993158076425122,-0.051963677576317306,0.0,0.0,0.0,0.0,-0.07952335358626188,0.0,0.0,-0.08203152662872433,0.026635230532954142,0.028563489206601764,-0.03922191122246129,0.0,0.0,0.0,0.0,0.0,0.0,0.0,-0.0200848581261574,-0.07292169132501662,0.0,0.0,0.0,0.0,0.0,-0.07299696185739926,0.0,0.0,0.0,0.0,0.0,0.0,-0.058046806750047565,0.0,-0.059426526080909745,-0.027116991673094247,-0.01630276177610501,0.0,-0.04477860477697162,-0.04499315600545985,0.0,0.059599987238972,-0.022446817592286554,0.0,-0.049798527198807147,-0.05245170916893192,0.0,-0.05090283970042536,-0.037083144601227275
1981-12,0.0,0.0,0.0,-0.09090690855295468,0.0,0.0,0.0,0.22181742157329662,-0.04989513673957138,0.0,0.0,0.0,0.0,-0.08431004316954167,0.0,0.0,-0.08888869638668688,0.027830849090463277,0.02786073668609695,-0.04417352059568867,0.0,0.0,0.0,0.0,0.0,0.0,0.0,-0.020966556909623568,-0.07459932653649967,0.0,0.0,0.0,0.0,0.0,-0.07366399668557899,0.0,0.0,0.0,0.0,0.0,0.0,-0.055464971132058095,0.0,-0.06113496097027833,-0.02780920264769246,-0.015895349808358574,0.0,-0.04374684182870611,-0.04477765039676163,0.0,-0.05431428684099735,-0.022400658080726714,0.0,-0.04906334284716207,-0.05249887936611413,0.0,-0.04873479099000774,-0.03590367119159634
1982-01,0.0,0.0,0.0,-0.09376185762852544,0.0,0.0,0.0,0.21699917975996583,-0.05411856046507427,0.0,0.0,0.0,0.0,-0.09461850349523125,0.0,0.0,-0.08720714205643118,0.02839706785485743,0.02859478242170712,-0.040768534515449074,0.0,0.0,0.0,0.0,0.0,0.0,0.0,-0.021193370131760668,-0.07698494805849086,0.0,0.0,0.0,0.0,0.0,-0.06620042429689729,0.0,0.0,0.0,0.0,0.0,0.0,-0.059286997530701595,0.0,-0.057114021136380075,-0.03058608979280042,-0.017013016100688488,0.0,-0.046275145811237546,-0.04755212436126397,0.0,0.05873230174606756,-0.024038186104383404,0.0,-0.05224434825755295,-0.05309534464414177,0.0,-0.0509636437379019,-0.03851906378970087
1982-02,0.0,0.0,0.0,-0.09803653130470512,0.0,0.0,-0.0,0.2263410115683818,-0.056745937108402394,0.0,0.0,0.0,0.0,-0.0984019890127053,0.0,0.0,-0.09112704039591972,-0.03163983496830503,0.030674456113213497,-0.04188159904850987,0.0,0.0,0.0,-0.0,0.0,0.0,0.0,-0.021961973404017725,-0.08124625601789491,0.0,0.0,0.0,0.0,0.0,-0.06637422103505793,0.0,0.0,0.0,0.0,0.0,0.0,-0.061412038585823316,0.0,-0.06552240998352005,-0.03157752296870969,-0.01768001461054047,0.0,-0.0489518359023649,-0.04956220994628384,0.0,0.06151500675389241,-0.025002887615270735,0.0,-0.0550571265850355,-0.061761368952224685,0.0,-0.05280454727029364,-0.04579713220194333
1982-03,0.0,0.0,0.0,-0.0972872787636016,0.0,0.0,-0.0,-0.23909602610668534,-0.05609518764474856,0.0,0.0,0.0,0.0,-0.09789249783835817,0.0,0.0,-0.08944817272333265,-0.02830755260998221,0.03090291388332387,-0.04163546147229719,0.0,0.0,0.0,-0.0,0.0,0.0,0.0,-0.021838643657170254,-0.08082014251262401,0.0,0.0,0.0,0.0,0.0,-0.06611324572127594,0.0,0.0,0.0,0.0,0.0,0.0,-0.06060365745159951,0.0,-0.06500041947353881,-0.031411038332372035,-0.017714232252969916,0.0,-0.047970899337154704,-0.049251375260509385,0.0,0.057887483672642764,-0.02496905000218276,0.0,-0.05416234985341942,0.0583921721400946,0.0,-0.05294492275500019,-0.04080367569685212
1982-04,0.0,0.0,0.0,-0.09779050271244834,0.0,0.0,-0.0,-0.23782621149343092,-0.05719187132444092,0.0,0.0,0.0,0.0,-0.09785629952513715,0.0,0.0,-0.08942520762670339,-0.02788086827978835,0.02780494282227901,-0.04161892507924108,0.0,0.0,0.0,-0.0,0.0,0.0,0.0,-0.021634274840237742,-0.08089797961576793,0.0,0.0,0.0,0.0,0.0,-0.06602491712686805,0.0,0.0,0.0,0.0,0.0,0.0,-0.06085773237444636,0.0,-0.06604416220322666,-0.031073936782436758,-0.017652258588440325,0.0,-0.04797839877764302,-0.049153174003835946,0.0,0.058451556370171874,-0.024915327388146922,0.0,-0.054160343546264526,0.061435438231346534,0.0,-0.05298397992598383,-0.04498080400454267
1982-05,0.0,0.0,0.0,-0.11316284950245405,0.0,0.0,-0.0,0.2962875161740737,-0.0666607344181321,0.0,0.0,0.0,0.0,-0.11197267112002576,0.0,0.0,-0.10411276250504768,-0.032432400288460346,0.030407130073761595,-0.04857531444815265,0.0,0.0,0.0,-0.0,0.0,0.0,0.0,-0.02475663710309595,-0.09418153302040874,0.0,0.0,0.0,0.0,0.0,-0.07646304965457594,0.0,0.0,0.0,0.0,0.0,0.0,-0.0711185894766879,0.0,-0.06631319910719218,-0.03611818812194907,-0.020536563556684408,0.0,-0.05534939721549084,-0.05762474323314324,0.0,0.06367061690664846,-0.029077379727247037,0.0,-0.06317803198467233,0.06461152520882822,0.0,-0.06278857950282347,0.048381978386272714
1982-06,0.0,0.0,0.0,-0.10746557581267244,0.0,0.0,-0.0,-0.27898795354264344,-0.06274058993829967,0.0,0.0,0.0,0.0,-0.10686444126519598,0.0,0.0,-0.09841886170798705,-0.03152423808397639,0.03131296003243009,-0.04790106891869922,0.0,0.0,0.0,-0.0,0.0,0.0,0.0,-0.023386440877025984,-0.08958501502429173,0.0,0.0,0.0,0.0,0.0,-0.07330096555458963,0.0,0.0,0.0,0.0,0.0,0.0,-0.06771080216636462,0.0,0.07251841176154218,-0.034734336024895146,-0.01957225187184778,0.0,-0.05269044128791013,-0.05498751793303989,0.0,0.06075709514984449,-0.02778227898823205,0.0,-0.060145083019677394,0.06548111206314297,0.0,-0.060411491607808766,0.048319377894937045
1982-07,0.0,0.0,0.0,-0.11106196063024609,0.0,0.0,-0.0,-0.2611422160519354,-0.06465536344688183,0.0,0.0,0.0,0.0,-0.10858076647975967,0.0,0.0,-0.09714634182448231,-0.031679425690575407,0.032341628466439815,-0.04751238031358598,0.0,0.0,0.0,-0.0,0.0,0.0,0.0,-0.023510856965213073,-0.09047336061739782,0.0,0.0,0.0,0.0,0.0,-0.07378316976177586,0.0,0.0,0.0,0.0,0.0,0.0,-0.0727644101903575,0.0,0.06802214363692802,-0.03485938616095587,-0.019650023015193727,0.0,-0.05317639549327588,-0.05536122493858893,0.0,0.06235403032707019,-0.027940894800803792,0.0,-0.06042318015837973,0.05985339738137614,0.0,-0.0695318138879747,0.0438844563416437
1982-08,0.0,0.0,0.0,-0.1280283541378882,0.0,0.0,-0.0,0.2829775204387816,-0.07236674218106243,0.0,0.0,0.0,0.0,-0.12270170514411641,0.0,0.0,-0.10972291009666539,-0.03540051998924302,0.03687048934549777,-0.056416257395886016,0.0,0.0,0.0,-0.0,0.0,0.0,0.0,-0.026532786986527904,-0.10217940756102568,0.0,0.0,0.0,0.0,0.0,0.09149554736637555,0.0,0.0,0.0,0.0,0.0,0.0,-0.08157192922077747,0.0,0.07515645028448036,-0.03911157855098825,-0.02212158405301934,0.0,-0.060037139941298126,-0.06259268299035252,0.0,0.08043317865433633,-0.031746512787143556,0.0,-0.06829965020088258,0.06997257033020508,0.0,-0.0788462468372737,0.048517388648317776
1982-09,0.0,0.0,0.0,-0.12256593935879107,0.0,0.0,-0.0,-0.25936957683818135,-0.06598043742067759,0.0,0.0,0.0,0.0,-0.11699100589486588,0.0,0.0,-0.10494970686013715,-0.0358613808692843,0.03802225350218437,-0.05569312701313568,0.0,0.0,0.0,-0.0,0.0,0.0,0.0,-0.024609248073630727,-0.09726303918737177,0.0,0.0,0.0,0.0,0.0,0.09059448077308015,0.0,0.0,0.0,0.0,0.0,0.0,-0.07446894815619079,0.0,0.07440435926170672,-0.043227800531604486,-0.0249518815325438,0.0,-0.058334832774059514,-0.056648937866380804,0.0,0.07516178194707156,-0.034104207282199685,0.0,-0.06268798463437772,0.07196681469390029,0.0,-0.07707646100805268,0.048728813951654806
1982-10,0.0,0.0,0.0,-0.11708110090962465,0.0,0.0,-0.0,0.2541298931738373,-0.06443388176192938,0.0,0.0,0.0,0.0,-0.11526406751752481,0.0,0.0,-0.09919786701311101,-0.033084248559162754,0.04047202291542418,-0.05378664503835629,0.0,0.0,0.0,-0.0,0.0,0.0,0.0,-0.02410138452606281,-0.0964505300537876,0.0,0.0,0.0,0.0,0.0,0.08627866090180686,0.0,0.0,0.0,0.0,0.0,0.0,-0.07272924572658067,0.0,0.07260320242791535,-0.04020523809529509,-0.024590258194975168,0.0,-0.056950533725886286,-0.055300448476333294,0.0,-0.07887356804841368,-0.03203260519372572,0.0,-0.061135695931019814,0.06976346094830894,0.0,-0.07297674448766223,0.04582703314830282
1982-11,0.0,0.0,0.0,-0.1290146331467895,0.0,0.0,-0.0,0.25779268046548925,-0.06924148363046627,0.0,0.0,0.0,0.0,-0.1239038272796166,0.0,0.0,-0.10728966947642864,-0.034523814158251925,0.03904264587063656,-0.058606164062940475,0.0,0.0,0.0,-0.0,0.0,0.0,0.0,-0.02664077625140088,-0.10558485386322337,0.0,0.0,0.0,0.0,0.0,0.0927051993234734,0.0,0.0,0.0,0.0,0.0,0.0,-0.07872305242465674,0.0,0.07775603086210613,-0.04211596903174857,0.02662292512067746,0.0,-0.06100842062571173,-0.059538314701981655,0.0,-0.07894503216069257,-0.03900651834524689,0.0,-0.06680344533277785,0.07643535500902739,0.0,-0.07877052526416821,0.04801363371716219
1982-12,0.0,0.0,0.0,-0.12478681676985993,0.0,0.0,-0.0,-0.24945062318963732,-0.06773076344442672,0.0,0.0,0.0,0.0,-0.1279960329313143,0.0,0.0,-0.10702446310768188,-0.034514737985555974,0.03876979595116417,-0.06065954851564321,0.0,0.0,0.0,-0.0,0.0,0.0,0.0,-0.028104680737546447,-0.10922511648151992,0.0,0.0,0.0,0.0,0.0,0.08299487624772163,0.0,0.0,0.0,0.0,0.0,0.0,-0.08242932016693286,0.0,0.07812248319929796,-0.0436709265304818,0.026321897909390584,0.0,-0.06033861735974998,-0.06431878518615229,0.0,-0.08410120128409582,-0.03665419135898354,0.0,-0.06962931614815336,0.07829829278438637,0.0,-0.08173581163330439,0.05115916785967137
1983-01,0.0,0.0,0.0,-0.13912618910896354,0.0,0.0,-0.0,-0.25487904282238427,-0.07177336905204726,0.0,0.0,0.0,0.0,-0.1340432513387551,0.0,0.0,-0.11493205416717761,-0.03514187367389036,0.03725908557022249,-0.06132200373209404,0.0,0.0,0.0,-0.0,0.0,0.0,0.0,-0.027330806912275494,-0.11585245286372892,0.0,0.0,0.0,0.0,0.0,0.08555416852117391,0.0,0.0,0.0,0.0,0.0,0.0,-0.08432256011264862,0.0,0.08017574279928144,0.05027549296378799,0.02860760487797491,0.0,-0.0635508331587358,-0.06465014085415177,0.0,-0.08260943539548114,-0.037564074338786634,0.0,-0.06897983705268246,0.07897042750176933,0.0,-0.07970386687178664,0.05031343378393918
1983-02,0.0,0.0,0.0,-0.14097379820377218,0.0,0.0,-0.0,-0.26715347935781253,-0.08380196329442109,0.0,0.0,0.0,0.0,-0.12699659434697105,0.0,0.0,-0.11054599115996802,-0.03660015267487216,0.03862043223867665,-0.06511085936157912,0.0,0.0,0.0,-0.0,0.0,0.0,0.0,-0.03157443202023068,-0.11341262564749428,0.0,0.0,0.0,0.0,0.0,0.08371981816029253,0.0,0.0,0.0,0.0,0.0,0.0,-0.0916589495532149,0.0,0.08362617593373856,0.0562964932532703,0.035982899823386295,0.0,-0.06697320403668919,-0.06720484335337407,0.0,-0.08506601944965644,0.04165698462605204,0.0,-0.07227701008863184,0.08387058833099088,0.0,-0.08307629648122226,0.051476402730793416
1983-03,0.0,0.0,0.0,-0.14134970622547544,0.0,0.0,-0.0,0.2989169719610734,-0.08653240672978975,0.0,0.0,0.0,0.0,-0.12546208114159954,0.0,0.0,-0.10800906303398077,-0.03678691400805795,0.03893767866037726,-0.059637737807693283,0.0,0.0,0.0,-0.0,0.0,0.0,0.0,-0.03188138510154275,-0.1087909218417267,0.0,0.0,0.0,0.0,0.0,0.08636184068557837,0.0,0.0,0.0,0.0,0.0,0.0,-0.0906298423662047,0.0,0.08576511971467429,0.050318658312890466,0.029065179354567754,0.0,-0.06518201868758415,-0.06286148421513423,0.0,-0.07695714398457074,0.03686343174679743,0.0,-0.06986100182791988,0.08758740369548376,0.0,-0.08200356630327936,0.05155743069504702
1983-04,0.0,0.0,0.0,-0.14838817975202725,0.0,0.0,-0.0,0.31533299915639246,-0.0970977584767903,0.0,0.0,0.0,0.0,-0.13980130337026475,0.0,0.0,-0.11462285440577734,-0.04056135802737935,0.04237463993370054,-0.06274323873043496,0.0,0.0,0.0,-0.0,0.0,0.0,0.0,-0.03793811263933705,-0.11644349523726062,0.0,0.0,0.0,0.0,0.0,0.0907539968412402,0.0,0.0,0.0,0.0,0.0,0.0,0.08377824464120989,0.0,0.09630879649883094,0.05546223254052734,0.03412436130590034,0.0,-0.07666364603818795,-0.07379372062181093,0.0,-0.08765292462716542,0.04417902239006379,0.0,-0.08202744494724407,0.10146175123649419,0.0,-0.09747409643277648,0.05556267472062189
1983-05,0.0,0.0,0.0,-0.15610107919321023,0.0,0.0,0.0,0.3181390860926417,-0.09091547218795226,0.0,0.0,0.0,0.0,-0.15460368305964797,0.0,0.0,-0.11478066447928459,-0.039747426304547015,0.04278777981468975,0.07043376627582516,0.0,0.0,0.0,0.0,0.0,0.0,0.0,-0.04054492162842209,-0.13092852732025542,0.0,0.0,0.0,0.0,0.0,0.09611428464224217,0.0,0.0,0.0,0.0,0.0,0.0,0.08404748908754445,0.0,-0.10713821420607746,0.05690253644080914,0.03819016184009385,0.0,-0.07843248180764728,-0.07392441124319465,0.0,-0.08462399543570623,0.04712268809651158,0.0,-0.08242760065825418,0.09624214316151145,0.0,-0.09438680307656065,-0.061318831912076203
1983-06,0.0,0.0,0.0,-0.15848636500212482,0.0,0.0,0.0,0.3179814662009949,-0.0948783638868412,0.0,0.0,0.0,0.0,-0.15460602330852194,0.0,0.0,-0.1125022273781082,0.04146154865009982,0.04486218669923185,0.07277253016134809,0.0,0.0,0.0,0.0,0.0,0.0,0.0,0.031024599251718753,-0.13088309492916486,0.0,0.0,0.0,0.0,0.0,0.09495516804291522,0.0,0.0,0.0,0.0,0.0,0.0,0.07957921615763519,0.0,-0.1051724733123567,0.05611195014034019,0.04044813446961547,0.0,-0.07281211703596566,-0.06768906893072614,0.0,-0.08212718182037475,0.049161950246882684,0.0,-0.07539490725099554,0.09609459867387099,0.0,-0.08868891955759657,-0.05812430986576241
1983-07,0.0,0.0,0.0,-0.1542996415464845,0.0,0.0,0.0,0.32557315627143657,-0.09664445406147475,0.0,0.0,0.0,0.0,-0.15672418617983633,0.0,0.0,0.12468203596860583,-0.041569353542716146,0.043202421477645615,0.06557399404084845,0.0,0.0,0.0,0.0,0.0,0.0,0.0,0.027647603416875437,-0.13304681625913795,0.0,0.0,0.0,0.0,0.0,0.09741590268249281,0.0,0.0,0.0,0.0,0.0,0.0,0.08447496054822275,0.0,-0.10429545785379843,0.06149832614093237,0.03796448282022194,0.0,-0.07753833873431859,-0.06934243894717657,0.0,-0.08882430470477888,0.046720584220300315,0.0,-0.07767897007398844,0.09636293588412943,0.0,-0.0915829263580092,-0.060316687653589496
1983-08,0.0,0.0,0.0,-0.15915501038891874,0.0,0.0,0.0,0.3372627292125102,0.11182552416781907,0.0,0.0,0.0,0.0,-0.15571615496515268,0.0,0.0,0.1272018425291347,-0.0443908083179548,0.04527871359793302,0.06178272454992952,0.0,0.0,0.0,0.0,0.0,0.0,0.0,0.029096582868728665,-0.1351228462097437,0.0,0.0,0.0,0.0,0.0,0.096216144800197,0.0,0.0,0.0,0.0,0.0,0.0,0.09471933687392112,0.0,-0.10798547179623066,0.06318989201636614,0.040015324552605085,0.0,0.07117329538601844,0.07408997032383689,0.0,-0.09640558241133981,0.050346653531820405,0.0,0.07953093495924177,0.10180744599815522,0.0,-0.09958909946951766,-0.06399577018295124
1983-09,0.0,0.0,0.0,-0.15098112047786122,0.0,0.0,0.0,0.32060563231969463,0.11010022849152348,0.0,0.0,0.0,0.0,-0.153458236003708,0.0,0.0,0.11878031368635836,-0.04240511590698119,0.043993838224989174,-0.06289411738667317,0.0,0.0,0.0,0.0,0.0,0.0,0.0,0.027872711406773266,-0.13204904835947173,0.0,0.0,0.0,0.0,0.0,0.09659710877148411,0.0,0.0,0.0,0.0,0.0,0.0,0.09537317498999102,0.0,-0.09513160095134153,-0.06879078790503153,0.03838567592955151,0.0,0.054389064959566184,0.07381636515748594,0.0,-0.09688797122361476,0.04715134756404008,0.0,0.07099975920321899,0.08907324168190707,0.0,-0.09827644784635155,-0.06457989047182394
1983-10,0.0,0.0,0.0,-0.15202026221669965,0.0,0.0,0.0,0.3235597275121071,0.11076389296948501,0.0,0.0,0.0,0.0,-0.15764506921041593,0.0,0.0,0.12465177697760403,-0.04372818896055506,0.046665329169740574,-0.06588625748325469,0.0,0.0,0.0,0.0,0.0,0.0,0.0,0.028308210952448065,-0.13613494209853017,0.0,0.0,0.0,0.0,0.0,0.10245416240968516,0.0,0.0,0.0,0.0,0.0,0.0,0.0950150201356928,0.0,-0.1042360488682622,-0.06667185327297176,0.04132007962797866,0.0,0.05231474405867066,0.0731767021494357,0.0,0.09040440596968707,0.045465231225465086,0.0,0.06810249409104384,0.09692190747073565,0.0,-0.08966536662486474,-0.0661990550664349
1983-11,0.0,0.0,0.0,-0.15565798145511367,0.0,0.0,0.0,0.3312961133862921,0.11789292267891624,0.0,0.0,0.0,0.0,-0.16009797864336936,0.0,0.0,0.12787327703641105,0.04207508639803028,0.04960127129126959,-0.057732722310242485,0.0,0.0,0.0,0.0,0.0,0.0,0.0,0.02832776471012287,-0.13648269430846394,0.0,0.0,0.0,0.0,0.0,-0.10700312476825498,0.0,0.0,0.0,0.0,0.0,0.0,0.09463762620629813,0.0,-0.10998541064651254,-0.06347403886054656,-0.044231909223393914,0.0,0.047050740528266785,0.07230147130484288,0.0,-0.09091061768763846,0.0454691558650864,0.0,0.06548190407108567,0.09716991250695707,0.0,-0.08787182838432558,-0.07178382814655757
1983-12,0.0,0.0,0.0,-0.15391899909847973,0.0,0.0,0.0,0.3308966564580948,0.11525375946460231,0.0,0.0,0.0,0.0,-0.157432702400834,0.0,0.0,0.12956405725186992,0.04252018634716928,0.05233908724111267,-0.06114891659655774,0.0,0.0,0.0,0.0,0.0,0.0,0.0,0.02909651316163119,-0.1366578809301953,0.0,0.0,0.0,0.0,0.0,-0.1089145346416011,0.0,0.0,0.0,0.0,0.0,0.0,0.09409791128367871,0.0,0.0982053559198559,-0.06776475217838904,-0.047667552986606423,0.0,0.04486967727342795,0.06987378152266144,0.0,-0.08759998709445567,0.04979970591925027,0.0,0.06308402700634225,0.09993869409105266,0.0,-0.08632095403804546,-0.07042273434622931
1984-01,0.0,0.0,0.0,-0.1542886146027069,0.0,0.0,0.0,-0.36314994283359625,0.11028095621544115,0.0,0.0,0.0,0.0,-0.15456257660054187,0.0,0.0,-0.13447352878585922,0.045718613207792386,0.04959064595198877,-0.054471813059504624,0.0,0.0,0.0,0.0,0.0,0.0,0.0,0.028280581594993387,-0.1325373223641588,0.0,0.0,0.0,0.0,0.0,-0.1055224935608015,0.0,0.0,0.0,0.0,0.0,0.0,0.09155950694778262,0.0,0.10042748122392371,-0.06319802671885988,-0.04355675018991575,0.0,0.04732500247133062,0.06948189445525677,0.0,-0.08862292339020196,0.046499435857370555,0.0,0.06351826016804059,0.09750456635448959,0.0,-0.08671284580986681,-0.0746611490070103
1984-02,0.0,0.0,0.0,-0.14578282726530517,0.0,0.0,0.044642385185800146,-0.35599933380741816,0.10900525951654023,0.0,0.0,0.0,0.0,-0.15497589531073325,0.0,0.0,-0.12960182916785307,0.058166713630642464,0.049304291559930734,-0.05198485416564586,0.0,0.0,0.0,0.14211775379511676,0.0,0.0,0.0,0.026308523211970372,-0.12955125051298136,0.0,0.0,0.0,0.0,0.0,0.09931100322081489,0.0,0.0,0.0,0.0,0.0,0.0,0.08797776454725298,0.0,0.09834401856733137,-0.060529681026878744,-0.04055183291756004,0.0,0.04285451181925049,0.06350344580727416,0.0,-0.08488034543820368,-0.04981027097547458,0.0,0.05718697654646644,0.09452397266479223,0.0,-0.07822388236575903,-0.07274389901472583
1984-03,0.0,0.0,0.0,-0.15191341602014277,0.0,0.0,0.042313613176854614,-0.3492099592093748,0.10752208808258469,0.0,0.0,-0.0,0.0,-0.15785219049643107,0.0,0.0,-0.12774235658453337,0.06016158837467595,0.04666924052959204,-0.053510694144168945,0.0,0.0,0.0,0.13980531448800781,0.0,0.0,0.0,-0.027455468769108732,-0.13091030328201872,0.0,0.0,0.0,-0.0,0.0,-0.09567967228758137,0.0,0.0,0.0,0.0,0.0,0.0,0.08631203433700324,0.0,0.09385043401066623,-0.06258405743005098,-0.04280928908565739,0.0,0.043371419798143365,0.06316064965964002,0.0,-0.0768419919667271,-0.05052658250066846,0.0,0.05744523193154793,0.08815451401011865,0.0,-0.07764733294919711,-0.06974288026291783
1984-04,0.0,0.0,0.0,-0.13771850584699957,0.0,0.0,0.04198733769867748,-0.3146272223072218,0.10538583353721803,0.0,0.0,0.0,0.0,-0.14439872802089823,0.0,0.0,0.10599206230399676,0.060203769781379264,0.04269323073415466,-0.047485201253660056,0.0,0.0,0.0,0.13183161765288265,0.0,0.0,0.0,-0.026281520217626145,-0.12355099787931087,0.0,0.0,0.0,-0.0,0.0,-0.08696531022630065,0.0,0.0,0.0,0.0,0.0,0.0,0.07990535864238445,0.0,0.08398226273943274,-0.05694594859367074,-0.039177757942203774,0.0,0.04286878431509886,0.05979727649097425,0.0,0.0701841067018457,-0.04608917149893468,0.0,0.05547735244765909,0.08092397545405201,0.0,-0.074497070705413,0.06191958745804877
1984-05,0.0,0.0,0.0,-0.13899569534345924,0.0,0.0,0.04006074259115214,-0.3015989771952253,0.1029878911897262,0.0,0.0,-0.0,0.0,-0.13539838019014452,0.0,0.0,0.11088283261556534,0.06229897104292238,0.04138489583593214,-0.048240584052723016,0.0,0.0,0.0,0.12888327209589473,0.0,0.0,0.0,-0.026606605520672354,-0.1282718276141866,-0.0,0.0,0.0,-0.0,0.0,-0.09452940581408638,0.0,0.0,0.0,0.0,0.0,0.0,0.07564414976853172,0.0,0.08064457622834367,-0.06140576984535452,-0.037028693225478373,0.0,0.044955117789736626,-0.06957454563881497,0.0,-0.08025806247308598,-0.04600340646085898,0.0,0.057046385321716325,0.07593593917146736,0.0,-0.07065675857955703,0.06441145323787587
1984-06,0.0,0.0,0.0,-0.13200539207920634,0.0,0.0,0.03956925487717936,-0.28818174124973334,0.10187528371562564,0.0,0.0,-0.0,0.0,-0.12898933670816207,0.0,0.0,-0.10505612622446106,0.058798335201333214,0.03900756498796886,-0.04175083228251627,0.0,0.0,0.0,0.12703451817313438,0.0,0.0,0.0,-0.023209551657041354,-0.12192167156647797,-0.0,0.0,0.0,-0.0,0.0,-0.0844030974849214,0.0,0.0,0.0,0.0,0.0,0.0,0.074443819286075,0.0,0.07791412370780777,-0.06009399287900188,-0.03648173875605303,0.0,0.04181513085573085,0.05903233822522898,0.0,0.06659579549272669,-0.04454603369687883,0.0,0.05806108789426359,0.07127139703907702,0.0,-0.07072997736753354,0.05883316340406562
1984-07,0.0,0.0,0.0,-0.14306978412197177,0.0,0.0,0.0394029802884201,-0.279806955098208,-0.10321809944569271,0.0,0.0,-0.0,0.0,-0.13403324967071495,0.0,0.0,-0.10668676044091807,0.059298108114222134,0.04281019357874287,-0.04451928155656408,0.0,0.0,0.0,0.12948563953704778,0.0,0.0,0.0,-0.025693144367764792,-0.12176671084969991,-0.0,0.0,0.0,-0.0,0.0,-0.08843901601706314,0.0,0.0,0.0,0.0,0.0,0.0,0.07409050954802789,0.0,0.07879769145974233,-0.06092663123706575,-0.03677917188439628,0.0,0.0375499623551993,-0.06707554782962012,0.0,0.06950483600728297,-0.045061298945638886,0.0,0.05225101251359272,0.07290877151540082,0.0,-0.06959576609840783,0.0633938840993016
1984-08,0.0,0.0,0.0,-0.1411276241224911,0.0,0.0,-0.04836904767357133,-0.28537934747774724,-0.0928388389646823,0.0,0.0,0.0,0.0,-0.12922916306737797,0.0,0.0,-0.10624454271932841,0.057993652918712835,0.050417068479906464,-0.04330984523646787,0.0,0.0,0.0,0.12611125335687787,0.0,0.0,0.0,-0.025105441363850355,-0.11759890507800125,-0.0,0.0,0.0,-0.0,0.0,-0.09384287052839901,0.0,0.0,0.0,0.0,-0.0,0.0,-0.07683938860273373,0.0,0.07561467694973013,-0.05839287771531191,-0.034846782581536014,0.0,0.0357751351741641,-0.055961693893603025,0.0,-0.07524970898786222,-0.04282651825032437,0.0,-0.05370240595530118,0.07053348093517818,0.0,-0.06862009632894227,0.06037465602343102
1984-09,0.0,0.0,0.0,-0.1380520829233748,0.0,0.0,0.036076250615907336,-0.2813439301883488,-0.08801377953750564,0.0,0.0,0.0,0.0,-0.12612295381386165,0.0,0.0,-0.10474308339688954,0.05735803183290512,0.0529249890164213,-0.04131711609959422,0.0,0.0,0.0,-0.1124100608370852,0.0,0.0,0.0,-0.024816241302610724,-0.1166070936613255,-0.0,0.0,0.0,0.0,0.0,-0.08862188704817035,0.0,0.0,0.0,0.0,-0.0,0.0,-0.07399976868884704,0.0,0.07585326260522018,-0.058104913117081415,-0.035666646834088274,0.0,-0.033769771182789614,-0.05110575044215931,0.0,-0.06906419146177939,-0.043028232154807576,0.0,-0.05008670953936361,0.07090977845906321,0.0,-0.06457393848601224,-0.056061362156743164
1984-10,0.0,0.0,0.0,-0.12483064190386399,0.0,0.0,0.033465577351853494,-0.2649335245619056,-0.0830432816141875,0.0,0.0,0.0,0.0,-0.11283341075879995,0.0,0.0,-0.09782893384926362,0.05723441876873511,0.06244771920496857,-0.039826645837619655,0.0,0.0,0.0,-0.10690281737120452,0.0,0.0,0.0,-0.022357772243763722,-0.10908281957348612,-0.0,0.0,0.0,-0.0,0.0,-0.08758135175241095,0.0,0.0,0.0,0.0,0.0,0.0,-0.06963676914147461,0.0,0.07166410305179363,-0.05461951271684696,-0.0339879477449096,0.0,-0.03141089251744418,-0.04969769839514822,0.0,-0.06431663204344516,-0.03847593610350058,0.0,-0.04460680621205068,0.0653964350913043,0.0,-0.06097902406711366,-0.05171232402440165
1984-11,0.0,0.0,0.0,-0.13272087769157523,0.0,0.0,0.03677241656014053,-0.2755499720925496,-0.08806256468075811,0.0,0.0,0.0,0.0,-0.124655212798171,0.0,0.0,-0.10020941666057279,0.055728833812007994,0.06917161714589369,-0.04262821289100568,0.0,0.0,0.0,-0.11369208551684669,0.0,0.0,0.0,-0.024528058316506545,-0.13599715649011274,-0.0,0.0,0.0,0.0,0.0,0.09053100146512823,0.0,0.0,0.0,0.0,0.0,0.0,-0.07023746828944198,0.0,0.07623575593278921,-0.05475873289539185,-0.03322926165090497,0.0,0.03720895963695804,-0.05316415634583101,0.0,-0.06911660288558705,-0.039957857330113505,0.0,-0.04786076133839374,0.06736932734082778,0.0,-0.06518864800876008,-0.05579790707895012
1984-12,0.0,0.0,0.0,-0.1612803308157576,0.0,0.0,0.04203667885470944,-0.33011508398024564,-0.10269303356131267,0.0,0.0,0.0,0.0,-0.14164705808951594,0.0,0.0,-0.12362906229972247,0.06394686199546444,0.08002155580600312,-0.04997484593526236,0.0,0.0,0.0,-0.12737916484664752,0.0,0.0,0.0,-0.027379585436132767,-0.1576873344086092,-0.0,0.0,0.0,0.0,0.0,0.10285755283138226,0.0,0.0,0.0,0.0,-0.0,0.0,-0.08119617536537381,0.0,0.07969939809880497,-0.06304258948467607,-0.037727382494537394,0.0,0.03858787225244507,-0.0607813690495222,0.0,0.084195577823607,-0.04580047605768654,0.0,-0.05160485402575027,0.07519658833127271,0.0,0.08220261850381562,0.07049364536960653
1985-01,0.0,0.0,0.0,-0.14724704122207552,0.0,0.0,-0.037036968687999626,-0.3121885486550693,-0.09719917837410322,0.0,0.0,0.0,0.0,-0.13112662026486482,0.0,0.0,-0.11410382816400258,0.05757265262656076,0.07835219232962713,-0.04749700239241757,0.0,0.0,0.0,-0.1179588808815619,0.0,0.0,0.0,-0.021256445551814683,-0.14572611909326746,-0.0,0.0,0.0,0.0,0.0,0.09721694820822847,0.0,0.0,0.0,0.0,-0.0,0.0,-0.07409798885237551,0.0,0.07740657123742314,-0.055211344417113555,-0.031637506536817434,0.0,0.03557624064012961,-0.05226668987748816,0.0,-0.06643040827145327,-0.039303006654086745,0.0,-0.045677877155003245,0.07107643017229863,0.0,-0.06757720442462042,-0.05604256817371843
1985-02,0.0,0.0,0.0,-0.1499443104535407,0.0,0.0,0.043650355585523125,-0.30996031224316184,-0.09701067115919704,0.0,0.0,0.0,0.0,-0.13400614583509016,0.0,0.0,-0.11828007877391714,0.0660184894806001,0.0799898314078605,-0.04700756844366561,0.0,0.0,0.0,-0.12304608764714661,0.0,0.0,0.0,-0.025323068678641324,-0.14845436826598332,0.0,0.0,0.0,0.0,0.0,0.10029450901339992,0.0,0.0,0.0,0.0,-0.0,0.0,-0.0763420527706321,0.0,0.10801352047198261,-0.05878137680198064,-0.035010015504411865,0.0,0.0378466852513277,-0.05664864665576959,0.0,-0.07201539735249715,-0.04268947196294015,0.0,-0.04857879491050394,0.08856268383050889,-0.0,0.08063261903338785,-0.06756640912534075
1985-03,0.0,0.0,0.0,-0.15612730032811534,0.0,0.0,0.041008870298675636,-0.30569760594190376,-0.10339507215905043,0.0,0.0,0.0,0.0,-0.136948065856744,0.0,0.0,-0.1266943559942184,0.07272591542077389,0.07960107226024128,-0.0492567531470525,0.0,0.0,0.0,-0.12881551719101067,0.0,0.0,0.0,-0.02656310403795243,-0.1492388997515862,0.0,0.0,0.0,0.0,0.0,0.10109881947523024,0.0,0.0,0.0,0.0,-0.0,0.0,-0.08123621914120185,0.0,0.1111111052808558,-0.0618656324534605,-0.03635871045305414,0.0,0.03851125834769052,-0.05766997410829427,0.0,0.0840323072345861,-0.04425624972989517,0.0,-0.05085403679685717,-0.1016598843312355,-0.0,0.07705860781786203,-0.07202987057920435
1985-04,0.0,0.0,0.0,-0.10066243443038508,0.0,0.0,0.039883896677186795,-0.28690184525483775,-0.09663746868931611,0.0,0.0,0.0,0.0,-0.11385269281931373,0.0,0.0,-0.12218116096999337,-0.06793985031636725,0.08129869467399288,-0.041458976281577145,0.0,0.0,0.0,-0.12257533110165095,0.0,0.0,0.0,-0.024713587569235997,-0.11625701054371552,0.0,0.0,0.0,0.0,0.0,0.09677090820683104,0.0,0.0,0.0,0.0,-0.0,0.0,-0.07759015981815219,0.0,0.10723213201481972,-0.05695044180083133,-0.03384399089038723,0.0,0.03654006805031975,-0.05458057430095143,0.0,-0.06631912653914433,-0.04154721348685392,0.0,-0.04845472509609751,-0.08948798143328127,-0.0,-0.06579808303035589,-0.06885861004340928
1985-05,0.0,0.0,0.0,-0.09984067807166358,0.0,0.0,0.03886510331990408,-0.2842722249714917,-0.09551174625934047,0.0,0.0,0.0,0.0,-0.11405380991660637,0.0,0.0,-0.12385848675952238,-0.073316597135125,0.08286341341498754,-0.04428741855706291,0.0,0.0,0.0,-0.12065764330815598,0.0,0.0,0.0,-0.025427542239361937,-0.11449769949437397,0.09914251568693055,0.0,0.0,0.0,0.0,0.09535153588115101,0.0,0.0,0.0,0.0,-0.0,0.0,-0.07637320163265494,0.0,0.10407680546666756,-0.05604154354003044,-0.0331690475290648,0.0,0.0378611588810143,-0.05224570736075387,0.0,-0.07162247869659072,-0.04077898955234318,0.0,-0.04773927153754223,-0.08579381755147612,-0.0,0.07914450096417115,-0.07298558491428045
1985-06,0.0,0.0,0.0,-0.09626197221599794,0.0,0.0,-0.035930711246744386,-0.2713448432889612,-0.08712189603380713,0.0,0.0,0.0,0.0,-0.11120272764997569,0.0,0.0,-0.11862193680348602,-0.06443525149997234,0.0780717893894544,-0.04307254306901393,0.0,0.0,0.0,-0.11124719922956669,0.0,0.0,0.0,-0.021430301019834074,-0.11115540113777884,0.09111240892813996,0.0,0.0,0.0,0.0,0.08957308613548531,0.0,0.0,0.0,0.0,-0.0,0.0,-0.07137583227004413,0.0,0.10064198416926869,-0.05329600030360482,-0.03133872159470955,0.0,0.03447943693526707,-0.04713053399115175,0.0,-0.0650860224097479,-0.03796134335543145,0.0,-0.0434033005496349,-0.07953650810383951,-0.0,-0.06528713204522349,-0.072411464456971
1985-07,0.0,0.0,0.0,-0.09742120249725797,0.0,0.0,0.03990275471038494,-0.2875186057301894,-0.08901202954404089,0.0,0.0,0.0,0.0,-0.11117952872152907,0.0,0.0,-0.11900467763105024,-0.06367734352569855,0.07693750638945436,-0.04045822379924246,0.0,0.0,0.0,-0.11066601043657229,0.0,0.0,0.0,-0.02303958128264382,-0.11154052225636069,0.09091629011966193,0.0,0.0,0.0,0.0,0.09000297394578059,0.0,0.0,0.0,0.0,-0.0,0.0,-0.07015443221353859,0.0,-0.10377041861868339,-0.05279714012074862,-0.030810252901501006,0.0,0.03270016341979207,-0.04774319679268407,0.0,-0.06466183450651303,-0.03753052525569324,0.0,-0.04322849277382423,-0.07838180780397228,0.0,-0.06612986600758831,-0.07108601911658105
1985-08,0.0,0.0,0.0,0.10326861389995375,0.0,0.0,0.041405534226307265,-0.3640938945658827,-0.10307316845605397,0.0,0.0,0.0,0.0,0.11904633075255197,0.0,0.0,0.14465190750121562,-0.07269648281502819,0.08563628311366758,-0.0444292846118956,0.0,0.0,0.0,-0.11911942536549984,0.0,0.0,0.0,-0.027282467629849108,0.11449162690976716,0.09591449294575972,0.0,0.0,0.0,0.0,0.09426449291090638,0.0,0.0,0.0,0.0,-0.0,0.0,-0.07809011795447916,0.0,-0.1021316845158616,-0.05979425986698022,-0.035126461429484834,0.0,0.03669316569479612,-0.05384508871151407,0.0,-0.07102314161579572,-0.04258158487233204,0.0,-0.049305162829271734,-0.0845913429295597,0.0,-0.07288347112386355,-0.07741351155213455
1985-09,0.0,0.0,0.0,0.10105010664165646,0.0,0.0,0.04247266404022528,-0.3745117794054745,-0.10691433769594359,0.0,0.0,0.0,0.0,-0.11909608301263558,0.0,0.0,-0.14450857582183652,-0.0732786478719949,-0.09711568812016064,-0.04460140720500354,0.0,0.0,0.0,-0.11934563082528848,0.0,0.0,0.0,-0.027330555406399913,0.1117782870122053,0.10334161789676818,0.0,0.0,0.0,0.0,0.09660629302624688,0.0,0.0,0.0,0.0,-0.0,0.0,-0.08070484432086855,0.0,-0.10229503189143561,-0.06766938382568453,-0.03631965874035885,0.0,0.0362171816753373,-0.05489850235911372,0.0,-0.07001059876370169,-0.0494826753685495,0.0,-0.04980499315168503,-0.08465461015563996,0.0,-0.07156341703885664,-0.0755812231792746
1985-10,0.0,0.0,0.0,0.10741184492731347,0.0,0.0,0.04588257441294305,-0.3942018788502049,-0.1154887988932753,0.0,0.0,0.0,0.0,0.1162012349017063,0.0,0.0,0.12812501668370965,-0.079685551364252,0.11208116674123464,-0.04977644689275667,0.0,0.0,0.0,-0.13046831927633573,0.0,0.0,0.0,-0.02727725691603807,0.12340081299249547,0.10520393797708592,0.0,0.0,0.0,0.0,0.10143349128343167,0.0,0.0,0.0,0.0,-0.0,0.0,-0.08756561304803057,0.0,0.10700674021293125,-0.06879152975506846,-0.036699359368694846,0.0,0.03690122974178267,-0.05993448761631097,0.0,-0.07452561668759472,-0.04707781185262471,0.0,-0.052698746109429186,-0.09394456798565361,0.0,-0.07800358395001651,-0.08329496470392106
1985-11,0.0,0.0,0.0,0.10672358099159816,0.0,0.0,0.041416083680345564,-0.38595226566827023,-0.11799925707040967,0.0,0.0,0.0,0.0,0.11596252945614272,0.0,0.0,0.12764611453894992,-0.06639279854318582,0.09748420188176912,-0.05023181088964641,0.0,0.0,0.0,-0.13329538520195464,0.0,0.0,0.0,-0.025985153686836203,0.11712066874864577,0.11166191145439022,0.0,0.0,0.0,0.0,0.10280280544892177,0.0,0.0,0.0,0.0,-0.0,0.0,-0.08846887340599931,0.0,0.10813290432659024,-0.06703252841062227,-0.03710106956629336,0.0,-0.038133509137116044,-0.06219268997497423,0.0,-0.07241834551606173,-0.04883305017604632,0.0,-0.05153815748417548,-0.09686442296659478,0.0,-0.08254115802752215,0.07171050639174226
1985-12,0.0,0.0,0.0,0.10650718477468184,0.0,0.0,0.041789222532249315,-0.38251779003411446,-0.1090878159245669,0.0,0.0,0.0,0.0,0.11596229462275436,0.0,0.0,0.13326158081826545,-0.06690984601007811,0.09742556960834133,-0.04814832276013288,0.0,0.0,0.0,-0.12829159451922667,0.0,0.0,0.0,0.024911761338671328,0.11615613045163421,0.11501656337321216,0.0,0.0,0.0,0.0,0.10299560071759596,0.0,0.0,0.0,0.0,-0.0,0.0,-0.08840273570290637,0.0,-0.10579410853113234,-0.06952668439850579,-0.039018117855081545,0.0,-0.03598040696529681,-0.05936793253567225,0.0,-0.07364031060366309,0.049814804564063,0.0,-0.05005411458461828,-0.0961963482895005,0.0,0.07908832431870214,-0.07678211738610578
1986-01,0.0,0.0,0.0,0.09820796158472209,0.0,0.0,0.042167832095502164,-0.3892407492534417,-0.1063812982936402,0.0,0.0,0.0,0.0,0.11244130817374239,0.0,0.0,0.14254242518849222,-0.06583709979939706,0.05813895368787286,-0.0458473570960443,0.0,0.0,0.0,-0.12200576774836774,0.0,0.0,0.0,0.02262734549485457,0.11076431339730886,0.11270448164863477,0.0,0.0,0.0,0.0,0.10318757145022213,0.0,0.0,0.0,0.0,-0.0,0.0,0.09363866593079785,0.0,-0.09827064280138512,0.07720742645746617,-0.039436149439774956,0.0,-0.037920579552418406,-0.057151833832693656,0.0,-0.07393195315244352,0.046457490156111184,0.0,-0.050133417671917,-0.08554890301900696,0.0,0.07674882724415975,-0.07110266990870512
1986-02,0.0,0.0,0.0,0.09131871626971846,0.0,0.0,-0.042206627308026844,-0.3647393788941074,-0.09838486078796478,0.0,0.0,0.0,0.0,0.10923141548272915,0.0,0.0,0.14147569552986017,-0.05479312578842783,0.049189419028729656,-0.040845235007133544,0.0,0.0,0.0,-0.10874356249860144,0.0,0.0,0.0,0.022688539262838196,0.10666183408232512,0.10760279551873314,0.0,0.0,0.14060854429572428,0.0,0.09816732696434935,0.0,0.0,0.0,0.0,-0.04607169775020714,0.0,-0.08727831861760996,0.0,-0.09271251720176896,0.07755308333641735,-0.04033171450695517,0.0,-0.03290202899799841,-0.05477934613950591,0.0,-0.06243969687329657,0.04761546427281431,0.0,-0.04687216115507119,-0.0793480669419306,0.0,-0.07031235756239271,-0.06531581922108497
1986-03,0.0,0.0,0.0,0.08740355881262074,0.0,0.0,-0.03916872076063847,-0.3537684722544401,0.10409243934714298,0.0,0.0,0.0,0.0,0.10905627793514355,0.0,0.0,0.14081660674292762,-0.056500506176006327,0.05055183930553601,0.04537308359700047,0.0,0.0,0.0,-0.10389860602450139,0.0,0.0,0.0,0.021614839862185407,0.10684753794090918,0.10677222030550346,0.0,0.0,0.1402164392609738,0.0,0.10250117535843607,0.0,0.0,0.0,0.0,-0.049086509678709825,-0.0,-0.07935050041236805,0.0,-0.08902916435673042,0.08039549966839162,-0.04345485954641286,0.0,-0.03169124571590031,0.0563173576428395,0.0,-0.06921783008161417,0.0517258236349487,0.0,-0.04623630208384988,-0.07637547730610011,-0.0,0.07486023145981424,-0.06176819113717519
1986-04,0.0,0.0,0.0,0.0867944253935939,0.0,0.0,-0.03849366490882783,-0.3513688938333519,0.10445915426588989,0.0,0.0,0.0,0.0,0.10029246921035839,0.0,0.0,0.1383382679481147,-0.06210851474157639,0.04889376142306233,0.047193328352589034,0.0,0.0,0.0,-0.11077815248521153,0.0,0.0,0.0,0.023184465626376476,0.09986156738115255,0.10905648459953413,0.0,0.0,0.14182971501642827,0.0,0.10126641069533954,0.0,0.0,0.0,0.0,-0.04887408179531635,-0.0,-0.08571008321326413,0.0,-0.0873390569450679,-0.0888158079646336,-0.043268813182342075,0.0,-0.03464706909331086,-0.0583010169903941,0.0,-0.06881768705865798,0.051509297847844776,0.0,-0.04738742804733832,-0.07815579650746647,-0.0,0.07712959111935251,-0.06339022189404381
1986-05,0.0,0.0,0.0,0.08889385439098219,0.0,0.0,-0.03684627704998654,0.3281866093335614,0.10167250966141478,0.0,0.0,0.0,0.0,0.10188211475659756,0.0,0.0,0.13760001112589054,-0.05897496036486738,0.04413404269589148,0.04427071140595864,0.0,0.0,0.0,0.10875532021017861,0.0,0.0,0.0,0.02193663181506224,0.1014965071542701,0.10332515449275766,0.0,0.0,0.1372506073491355,0.0,0.09603964928467673,0.0,0.0,0.0,0.0,-0.05185393707501041,-0.0,-0.08615281796925817,0.0,-0.08220399590006766,0.08360163503260937,-0.04291085017020884,0.0,-0.03255421444328239,0.05492493023472763,0.0,-0.06977361648797281,0.051907839729855784,0.0,-0.047294762286028726,-0.07508010290372119,-0.0,0.0788630870732773,0.06385656099977596
1986-06,0.0,0.0,0.0,0.08781063462267973,0.0,0.0,-0.03713114704287911,0.33735129714067874,0.1064991437605408,0.0,0.0,0.0,0.0,0.09827218713286429,0.0,0.0,0.1329190527383277,-0.06033769765498343,0.036634727134523815,0.04317155458441862,0.0,0.0,0.0,-0.08906548703272521,0.0,0.0,0.0,0.021973103525000263,0.0975949426911219,0.11221232227931563,0.0,0.0,0.13488143061912605,0.0,0.09213033453438205,0.0,0.0,0.0,0.0,0.05703734513763515,-0.0,0.08913965290313107,0.0,-0.08356560440267216,0.0850420375410085,-0.04488255613799059,0.0,-0.030969063429066312,0.05249107722093541,0.0,-0.06265782937684228,0.05388048804247921,0.0,-0.04644002020740954,-0.07380993481225129,-0.0,0.06877947660536084,0.06866050920297696
1986-07,0.0,0.0,0.0,0.08886934010580808,0.0,0.0,-0.037102216788409526,0.32621425098753193,0.09836899265745429,0.0,0.0,0.0,0.0,0.09747987857049327,0.0,0.0,0.128805192397775,-0.05960294180064384,0.03502985075917564,0.04017553717951964,0.0,0.0,0.0,-0.08236987957690331,0.0,0.0,0.0,0.022480426258694883,0.09411968814090503,0.10978380215641105,0.0,0.0,0.13644217430962405,0.0,0.092424088839574,0.0,0.0,0.0,0.0,0.056664762222674046,-0.0,-0.08778660191023716,0.0,-0.08845931372720507,0.08237662289570023,-0.044446998157474514,0.0,-0.02957916236405204,0.04949387013865958,0.0,-0.06306301938505282,0.05293255575238939,0.0,-0.04501297250661363,-0.07872744208419215,-0.0,0.06563522590367885,0.0581638863974577
1986-08,0.0,0.0,0.0,0.08335644105637355,0.0,0.0,-0.03868297352590781,0.31712681368381274,0.0948626298618849,0.0,0.0,0.0,0.0,0.09613731861949852,0.0,0.0,0.12400175534689979,-0.05670784104279118,0.03440408002146583,0.03976687193983521,0.0,0.0,0.0,-0.08092453896347007,0.0,0.0,0.0,0.02210829178055985,0.09062331764728826,0.09923695927450404,0.0,0.0,0.13258638686545363,0.0,0.0877461360819152,0.0,0.0,0.0,0.0,0.05644765685453748,-0.0,-0.0761897196085841,0.0,0.08395325727449587,0.08314216820071092,-0.04378613991565605,0.0,-0.030145153171169736,0.05044206007760456,0.0,-0.0623256981076028,0.05484423072963324,0.0,-0.04691177891352452,0.07527054258916668,-0.0,0.06639314346267042,0.05677876472795844
1986-09,0.0,0.0,0.0,0.07965262153994723,0.0,0.0,-0.03818769231277189,0.2946955016150995,0.09546161400733243,0.0,0.0,0.0,0.0,0.09068897048777287,0.0,0.0,0.1132541473426179,-0.051314353763464896,0.037417337623937064,0.043285365705797725,0.0,0.0,0.0,-0.08450985089105222,0.0,0.0,0.0,-0.024708177137014575,0.08473416011242357,0.09739263983091521,0.0,0.0,0.1253675634368091,0.0,0.08430742326549863,0.0,0.0,0.0,0.0,0.055074748720784876,-0.0,-0.08607765402021558,0.0,0.08369897055237356,0.08106731805735497,-0.04474202315966159,0.0,-0.03812167708374234,0.057547021370526336,0.0,-0.0632619595772133,0.047116391040132925,0.0,-0.0629431486670628,0.07217198325285705,-0.0,0.06083144658821873,0.05491822318296032
1986-10,0.0,0.0,0.0,0.08302321388016276,0.0,0.0,-0.039899047291584736,0.30935110283649625,0.07035819059557773,0.0,0.0,0.0,0.0,0.09203617254674545,0.0,0.0,0.11437763963617123,-0.05416537252034687,0.03737211529079934,0.043175325363086006,0.0,0.0,0.0,-0.0890127516144957,0.0,0.0,0.0,-0.024249137697297155,0.08542075479765592,0.08969072025239908,0.0,0.0,0.12380425297713163,0.0,0.0811278183181464,0.0,0.0,0.0,0.0,0.05449371030390561,-0.0,-0.09332657076492172,0.0,-0.10200600871559144,0.08798329876283474,-0.04877938537702228,0.0,-0.0403583321708932,0.06043178181615253,0.0,-0.06569999192279911,0.04194516215374455,0.0,-0.06605102846364615,0.07605192885493885,-0.0,0.06466002456021322,0.0497860739789753
1986-11,0.0,0.0,0.0,0.08430105887004535,0.0,0.0,-0.04054232380847265,0.31527917427329594,0.07197299767762888,0.0,0.0,0.0,0.0,0.09193322138888071,0.0,0.0,0.1101915132764709,0.05829369134206102,0.03503562529216958,0.04669604699094837,0.0,0.0,0.0,-0.09424641331033022,0.0,0.0,0.0,-0.027157836148457792,0.08353713640236321,0.09702561776733233,0.0,0.0,0.1281553901789894,0.0,0.08401781169620905,0.0,0.0,0.0,0.0,0.05250763245924971,-0.0,-0.09325830607949175,0.0,-0.10466563856258326,0.08462142478854275,-0.05265362830551133,0.0,-0.042447003646457385,0.06157584373017235,0.0,-0.07112284183551584,0.044175115542483316,0.0,-0.06807524695944307,0.08218696442298945,-0.0,0.0713231959926205,0.05075473782350296
1986-12,0.0,0.0,0.0,0.08559910212438397,0.0,0.0,-0.04011937033876736,0.31496800834197974,0.06539773072455866,0.0,0.0,0.0,0.0,0.09526280270741284,0.0,0.0,0.11012662622260147,0.05962303690458606,0.03329123485482139,0.048484822181908055,0.0,0.0,0.0,-0.09285546400780022,0.0,0.0,0.0,-0.025750438740423463,0.08618032411059612,0.09777276187617771,0.0,0.0,0.12816787178573696,0.0,0.08464597772191773,0.0,0.0,0.0,0.0,0.048387523280223096,-0.0,-0.08967251050622695,0.0,-0.10638742581911147,0.08097714877849356,-0.05331306330745664,0.0,-0.04256291073186568,0.060279695332770965,0.0,0.057746711529179574,0.03825918595619034,0.0,0.07252188424923241,0.08490485277308978,-0.0,0.07242880790737978,0.05396270735101058
1987-01,0.0,0.0,0.0,0.08759093203431946,0.0,0.0,-0.046809117189267495,0.31206129059500237,0.06578547952165618,0.0,0.0,0.0,0.0,0.09585026557777537,0.0,0.0,0.11069905432304927,0.058062736056649834,-0.037986839600716464,0.04413138900381225,0.0,0.0,0.0,-0.08957330866133639,0.0,0.0,0.0,-0.02402330913478353,0.08626676066774558,0.09312310121471548,0.0,0.0,0.1272985460310435,0.0,0.08280095683095208,0.0,0.0,0.0,0.0,0.04991937984174273,-0.0,-0.08226499442149228,0.0,-0.09811739509806093,0.08196792678795677,-0.055699067908531956,0.0,-0.04193195172699284,0.06167777122685041,0.0,0.059635614571958866,0.0398569803927636,0.0,-0.07580272701594226,0.078241180398835,-0.0,0.06821277276039377,0.04886025925413529
1987-02,0.0,0.0,0.0,0.08425207268086402,0.0,0.0,-0.042542763024526434,0.30405324977685394,0.0576096308435703,0.0,0.0,0.0,0.0,0.09414071263895885,0.0,0.0,0.10680177893302722,0.052948537025253935,-0.03238143204347348,0.04468828343675951,0.0,0.0,0.0,-0.08771778137151473,0.0,0.0,0.0,0.023078373415909938,0.08436823533349533,0.08559080635344551,0.0,0.0,0.12077560287631789,0.0,0.07908840597415794,0.0,0.0,0.0,0.0,0.04904679498102574,0.0,-0.07594286399558453,0.0,0.08162045330635426,0.07676191755515449,-0.05302578243131509,0.0,-0.0426407035865247,0.05893412652844441,0.0,0.054987834966426036,0.041546262230934404,0.0,-0.07210848727730722,0.0786713432437706,0.02792921711271853,0.06738845922371219,0.04882229722673697
1987-03,0.0,0.0,0.0,0.08517174667257807,0.0,0.0,-0.04557516842647003,0.3007603878789942,0.056858188852512474,0.0,0.0,0.0,0.0,0.09298609504151709,0.0,0.0,0.10552180610278121,0.05574132862275473,-0.0327124320976171,0.047337734416718825,0.0,0.0,0.0,-0.08813549666267811,0.0,0.0,0.0,0.023194361010336322,0.08349003139946613,0.08726498860430562,0.0,0.0,0.12430697519680908,0.0,0.08098844655690463,0.0,0.0,0.0,0.0,0.047736281759702306,0.0,-0.0778491174346055,0.0,0.08027986806045002,0.07543107484189565,-0.057197867093188984,0.0,-0.039940756467151936,-0.07032180423662955,0.0,0.05234649089344216,0.04079427895245881,0.0,-0.07001925118823957,0.0801400528489525,0.026650765286811776,0.06618876825531066,0.04646652899496913
1987-04,0.0,0.0,0.0,0.08455013291049515,0.0,0.0,-0.044316056402009446,0.289293782787135,0.056078206797214265,0.0,0.0,0.0,0.0,0.08951255569660443,0.0,0.0,0.1054924299605486,0.05395267601686298,-0.027889493733673953,0.042750611748051295,0.0,0.0,0.0,-0.08668135293450237,0.0,0.0,0.0,-0.022123360702371087,0.08095358819999374,0.08425746821093208,0.0,0.0,0.11647606684535033,0.0,0.07560332334649279,0.0,0.0,0.0,0.0,0.05011605713946513,0.0,-0.07834431722806284,0.0,0.07567932507082291,0.07374179794996194,0.0531039386653797,0.0,-0.037953953254554966,0.062484340690821615,0.0,0.048275546847622974,0.04112116558135419,0.0,-0.06853344521211382,0.07667780996714395,0.0288928315259532,0.0640359488489127,0.049076623447095104
1987-05,0.0,0.0,0.0,0.08211455974602982,0.0,0.0,-0.041595796277642136,0.26299091317821444,0.05302980568331375,0.0,0.0,-0.0,0.0,0.08404841630825018,0.0,0.0,0.10213499023017909,0.05169756391337126,-0.03085945747073433,0.038521983337307435,0.0,0.0,0.0,-0.08025907153334422,0.0,0.0,0.0,-0.022042856397129,0.07750010198735562,0.07809343381540788,0.0,0.0,-0.11940450388061793,0.0,-0.07886278238353431,0.0,0.0,0.0,0.0,0.049498382152962886,0.0,-0.07825762166477339,0.0,0.07199986804159182,0.07427229813359774,0.0472873474832978,0.0,-0.03650906494251192,0.06463020795595666,0.0,0.051994928638776305,0.0409787177171187,0.0,0.06691320070828076,0.07521875241721916,0.02742747537588104,0.06318139673910621,0.048965096927658956
1987-06,0.0,0.0,0.0,0.07999715174471587,0.0,0.0,-0.04245158051851042,0.2615437499302568,0.05262590135820111,0.0,0.0,-0.0,0.0,0.08173945973028293,0.0,0.0,0.09876315237310877,0.053020762874612805,-0.030393374772196332,0.03915510681034412,0.0,0.0,0.0,-0.07947150333650925,0.0,0.0,0.0,-0.020424984338428147,0.0746293434588454,0.07762224832778127,0.0,0.0,0.13010365196110873,0.0,0.08533107286659353,0.0,0.0,0.0,0.0,0.04671700667603968,0.0,-0.0796850726692307,0.0,0.07404471921886495,0.07281124549596091,0.04461750777462586,0.0,-0.039281344262449634,0.06660400150768017,0.0,0.04991656667253105,0.03868312871058151,0.0,0.06796515255837911,0.07471827800541396,0.028678381635103153,0.06548234670900428,0.050356469610129614
1987-07,0.0,0.0,0.0,0.0777346500365503,0.0,0.0,0.04550906894368627,0.25784953745866646,0.05085504077002577,0.0,0.0,-0.0,0.0,0.07986002508965082,0.0,0.0,0.09459499586966727,0.05242187046015705,-0.025945771766160333,0.04131158375533291,0.0,0.0,0.0,-0.07383373586824449,0.0,0.0,0.0,-0.01975124313362896,0.07268513059087031,0.07929217174314393,0.0,0.0,-0.12280270243669504,0.0,-0.08058759029187326,0.0,0.0,0.0,0.0,0.045421102309845716,0.0,-0.07471634914417535,0.0,0.07569850363926006,0.07074824485851432,0.04167004040140948,0.0,-0.03933240777921326,0.06391293818550339,0.0,0.048477191079256764,0.036178023591882755,0.0,0.06634533473831547,0.07362798766686365,0.027787382422135923,0.06034223335796848,0.047482647392775586
1987-08,0.0,0.0,0.0,0.08121835142966496,0.0,0.0,-0.05345166530680977,0.24869201860149542,0.052992494352889635,0.0,0.0,-0.0,0.0,0.08644168529069805,0.0,0.0,0.10003539730795186,0.05524953211928909,-0.028141578093079087,0.04411131840023995,0.0,0.0,0.0,-0.08155453250994567,0.0,0.0,0.0,-0.021592725664890892,0.07892325779380994,0.08001184822453201,0.0,0.0,-0.12617299614124322,0.0,-0.08207212805230939,0.0,0.0,0.0,0.0,0.046655657262951435,0.0,-0.06686134409305555,0.0,0.0766718176173698,0.07575868272970857,0.044919004857158766,0.0,-0.04440184414597942,0.06329192078335996,0.0,0.050263304517625416,0.038427846928597874,0.0,0.08963454054228445,0.07135254209090977,0.028684753666361033,0.06694856766687815,0.049299294902555614
1987-09,0.0,0.0,0.0,0.0845621579313397,0.0,0.0,-0.0648336747427426,0.2613593655085691,0.05032132692247223,0.0,0.0,-0.0,0.0,0.09016934046885239,0.0,0.0,0.10262897110928429,0.05764329121945687,-0.03092805898111652,0.04930513682647808,0.0,0.0,0.0,-0.08705191992415853,0.0,0.0,0.0,-0.022521047269327864,0.08226504803707191,0.08297309077463243,0.0,0.0,-0.12946801644324896,0.0,-0.08480627834768528,0.0,0.0,0.0,0.0,0.04753600676141021,0.0,-0.0697728153674236,0.0,0.08100222825949523,0.07849824680328389,0.044052576200138936,0.0,0.0524529125309858,0.06712930918027459,0.0,0.05119685369817093,-0.04227470344962982,0.0,0.09519754766184094,0.07324143194111285,0.026190443345142166,0.06994540167992357,0.049647523724533
1987-10,0.0,0.0,0.0,0.08358562723888278,0.0,0.0,-0.06120930609597497,0.2597772514959757,0.04610569801180472,0.0,0.0,-0.0,0.0,0.09033425835337147,0.0,0.0,0.09792849719728323,0.06132644820516432,-0.028976638233202835,0.0453286937070544,0.0,0.0,0.0,0.09223020637103309,0.0,0.0,0.0,-0.024326958294326084,0.08023423955757289,0.07979373423071578,0.0,0.0,-0.12278675953187268,0.0,-0.07883253574543392,0.0,0.0,0.0,0.0,0.045998158556332776,0.0,-0.07417136582795501,0.0,0.07976120934031762,0.07731044018924667,0.04383757336477805,0.0,0.05388678044162074,0.07398371467862346,0.0,0.05076364745948259,0.04047679099906047,0.0,0.09889856053175748,0.07235409807755695,0.02588588669524938,0.06947428149676425,0.04644970658127958
1987-11,0.0,0.0,0.0,0.09120795191548867,0.0,0.0,-0.06508057366996418,0.26661974163018776,0.04688067093671316,0.0,0.0,-0.0,0.0,0.09875737541365245,0.0,0.0,0.10611320600840722,0.06698573280699825,-0.03232697053020581,0.04609010324279768,0.0,0.0,0.0,-0.09668623398032632,0.0,0.0,0.0,-0.027250747344283982,0.08826822880402976,0.06521401369637099,0.0,0.0,-0.1321450627900385,0.0,-0.08677009069055484,0.0,0.0,0.0,0.0,-0.051093123873928815,0.0,-0.0760559690629923,0.0,0.07542089454961505,0.08153018084935999,0.04362521355421646,0.0,0.05647069634406294,0.076630202277633,0.0,0.05032351011066378,-0.041949874701974366,0.0,0.10146993766206645,0.06961019487301523,0.02728811161807562,0.07312692147948285,0.045273326901282704
1987-12,0.0,0.0,0.0,0.0905745626612193,0.0,0.0,-0.06333471902009671,0.2595198279975435,0.045895431780972065,0.0,0.0,-0.0,0.0,0.09707711340328004,0.0,0.0,0.10348547921331547,0.061564146658273936,-0.03085895914298511,0.045444109977640326,0.0,0.0,0.0,-0.08961148424206299,0.0,0.0,0.0,0.024191446320715747,0.0876023680606956,-0.06450260578338508,0.0,0.0,-0.1230378892816473,0.0,-0.08105819768858988,0.0,0.0,0.0,0.0,0.048811010314472006,0.0,-0.07566161519620353,0.0,0.07290722319154049,0.07927738680611036,0.04230536765454469,0.0,0.055881319790387025,0.06505905673561693,0.0,0.05387935229056104,0.040610615691876434,0.0,0.10202585652094262,0.06748226677964746,0.02532008791167044,0.07096239565455033,0.044535551473167116
1988-01,0.0,0.0,0.0,0.0917409749996264,0.0,0.0,-0.06548021263367461,0.26714226892348614,0.04696664854306147,0.0,0.0,-0.0,0.0,0.09902446096118697,0.0,0.0,0.11055688284913377,0.0583444622928166,-0.02945902531294689,0.0472167320943153,0.0,0.0,0.0,-0.0881538293108245,0.0,0.0,0.0,0.027723358249199033,0.09073438748288797,0.06595129463262495,0.0,0.0,-0.12345920835490723,0.0,-0.0809373888163405,0.0,0.0,0.0,0.0,0.04753606336711684,-0.0,-0.0699266623013866,0.0,0.07465587726129896,0.08267591674373533,0.04453583725057791,0.0,0.056304246467273875,0.061775100187285104,0.0,0.04924578165226792,0.03841254466299667,0.0,0.09991066910170476,0.06833281630613518,0.026029223214353255,0.07029750536811748,0.045804823423694185
1988-02,0.0,0.0,0.0,0.08601473909570767,0.0,0.0,-0.06410287416346269,0.27283566789883484,0.043471125850915684,0.0,0.0,0.0,0.0,0.09224617066642189,0.0,0.0,0.10341284233733201,0.059592635919738096,0.029519317654086965,0.04893197290140675,0.0,0.0,0.0,0.08735892368135836,0.0,0.0,0.0,0.025393583309941205,0.08403111437173864,-0.0607558171035916,0.0,0.0,-0.12935514531769673,0.0,-0.08659556218297311,0.0,0.0,0.0,0.0,-0.047582639233096725,-0.028902371096405848,0.06403748416279618,0.0,0.07736403665504646,0.07679346597515595,0.043153120824741285,0.0,0.05302108131137273,0.057291869026308,0.0,0.05021735892771425,-0.03834702667633467,0.0,0.09928144386018138,0.0723620873058443,0.026726026937377897,0.07391398561667674,0.050295965865972556
1988-03,0.0,0.0,0.0,0.08700020676605469,0.0,0.0,-0.0660378457525074,0.29652092328456864,0.04461401521302378,0.0,0.0,0.0,0.0,0.09211289971218221,0.0,0.0,0.10349956721004103,0.05888448108819477,-0.031260627721439914,0.04814777518666772,0.0,0.0,0.0,-0.0923660855281001,0.0,0.0,0.0,-0.024074004287297987,0.0827328461103323,-0.06352411263684694,0.0,0.0,-0.13094331270200774,0.0,-0.08777426767032956,0.0,0.0,0.0,0.0,0.05238060915956269,0.030534133900803704,0.06616811125916518,0.0,0.07783672474500114,-0.08536297120633216,0.04415124712439875,0.0,0.05388623565277704,0.061051928477884716,0.0,0.04978784311959202,-0.039993787920865186,0.0,0.10326484336023789,0.07672847481780541,0.025456689303078536,0.07262041101369064,0.04953987578742939
1988-04,0.0,0.0,0.0,0.09895743702901023,0.0,0.0,-0.07630206949748583,0.2938591869385412,0.04471332369734469,0.0,0.0,0.0,0.0,0.0940154561061392,0.0,0.0,0.1034925161377881,0.060143352424421884,0.03128978744372146,0.04794177057020889,0.0,0.0,0.0,-0.0860781467347489,0.0,0.0,0.0,0.0239837011914894,0.08368159244191059,-0.05944673917305881,0.0,0.0,-0.12413366216580418,0.0,-0.08198355313290451,0.0,0.0,0.0,0.0,-0.05229057500932981,-0.030662358507517543,0.06440101467984274,0.0,0.0754566784511313,0.09709176069206048,0.047253644738429385,0.0,0.05144670504092993,0.06092786604421889,0.0,0.04313448338743388,-0.04336808242924056,0.0,0.10198465447803759,0.07666365317323859,0.026450922138557927,-0.07317176799582696,0.049312863665658555
1988-05,0.0,0.0,0.0,0.09902245865184453,0.0,0.0,-0.07804996258183877,0.2954848758396555,0.04611990933929232,0.0,0.0,0.0,0.0,0.09465568897091745,0.0,0.0,0.1025666018320732,0.061212817434175115,-0.03127100202561431,0.04877988352679709,0.0,0.0,0.0,-0.08998284078141416,0.0,0.0,0.0,0.02267157175621725,0.08291569805634091,-0.05983971175107417,0.0,0.0,-0.12207055057187842,0.0,-0.07994772013989677,0.0,0.0,0.0,0.0,-0.051297581263184205,0.030612836866610062,-0.0678495182679804,0.0,0.07485884257076901,-0.09987742457721996,-0.053221384743973185,0.0,0.05536998204083824,0.06381077656464522,0.0,0.042785195518481235,-0.04250842482739794,0.0,0.10732128196218865,0.07662074633565638,0.028036616843687117,-0.07487436029679925,0.04876826364417748
1988-06,0.0,0.0,0.0,0.09953801796020105,0.0,0.0,-0.07721852006494234,0.29350287753149445,-0.05035121823362498,0.0,0.0,0.0,0.0,0.09235622016874141,0.0,0.0,0.10101279354008506,0.06127117720215159,0.03127037843715473,0.05010116930623407,0.0,0.0,0.0,0.08276484866627083,0.0,0.0,0.0,0.024921203833557424,0.08114025237179141,-0.05954982276131319,0.0,0.0,-0.12751095136981733,0.0,-0.08127833291343638,0.0,0.0,0.0,0.0,-0.052666833762826416,0.030607090112120854,0.06652708267593,0.0,0.07346932203328192,-0.09949368327207302,-0.05309042829677697,0.0,0.05718093505561267,0.06869472115366332,0.0,0.04667503944265042,0.0406891637006372,0.0,0.09609845094846278,0.07702057220465537,0.02672572097637526,0.0699101064327473,0.05332881173528931
1988-07,0.0,0.0,0.0,0.0808368781348371,0.0,0.0,-0.06700741814749829,0.25728828430334033,-0.04100004575056765,0.0,0.0,0.0,0.0,-0.08621414367732916,0.0,0.0,0.08155922221082065,0.05557359632571907,0.02615692081530149,0.0441224859500241,0.0,0.0,0.0,0.05730529187870577,0.0,0.0,0.0,0.022207289291048326,-0.07670083770279934,-0.05338341098968459,0.0,0.0,0.12216784273483969,0.0,0.07790248639215257,0.0,0.0,0.0,0.0,-0.04451084362109061,-0.026728059292533263,0.037585363347846186,0.0,0.06432240707194976,-0.08159878039276953,-0.045959437210119955,0.0,0.043486141023927644,0.05415980599660409,0.0,0.020971407069424276,-0.03488258702293836,0.0,0.06414225945496584,0.06320308709062483,-0.02391678544292956,0.06440879610450355,0.03865779147636897
1988-08,0.0,0.0,0.0,0.09213393814228212,0.0,0.0,-0.07126612523340548,0.2695546447743418,-0.04095608491588198,0.0,0.0,0.0,0.0,-0.08638056081161966,0.0,0.0,0.08473470158073836,0.0594985996301911,0.026317290319898233,0.047464080104589676,0.0,0.0,0.0,0.05444381320481075,0.0,0.0,0.0,0.022405584641080525,-0.07816025760557987,-0.05517578876430947,0.0,0.0,0.12510755045051228,0.0,0.07880848692733584,0.0,0.0,0.0,0.0,-0.04614117306185972,0.028522797578903292,0.03187875226937425,0.0,0.07200954788755948,-0.08460952843615786,-0.04844151416403885,0.0,0.03707043321993237,0.0473219172202174,0.0,0.017978621465964968,-0.03407803403353635,0.0,0.05275668861315762,0.06920975162855651,-0.02651209903891678,0.06247222358085494,-0.04302283573371223
1988-09,0.0,0.0,0.0,0.0934240712354451,0.0,0.0,-0.06716711564898142,0.2598677266128084,-0.04097626131876712,0.0,0.0,-0.0,0.0,-0.08722251253096339,0.0,0.0,0.08043718270324765,0.059262789517095404,-0.029612816220760414,0.04780996833744456,0.0,0.0,0.0,0.053337494197803745,0.0,0.0,0.0,0.022477445952192095,-0.07916194558921287,-0.053976574580180944,0.0,0.0,0.12066470474187534,0.0,0.07629523802077516,0.0,0.0,0.0,0.0,-0.0467036271406089,0.02656754842784404,0.03233861067890724,0.0,0.07159866009585239,-0.08319861619382116,-0.04515095931751728,0.0,0.03779182581662178,0.05130489662216011,0.0,0.018255536726299978,-0.03515957105072416,0.0,0.05626974617044714,0.06996765859338787,-0.023679420761151274,0.06616978906009195,-0.040855327251802485
1988-10,0.0,0.0,0.0,0.09552158636764439,0.0,0.0,-0.06737410991628806,0.2612623467805268,-0.04183362788605925,0.0,0.0,0.0,0.0,-0.09036812534022304,0.0,0.0,0.08867982694023166,0.057057834226500515,0.03014990917389003,0.048938006121315186,0.0,0.0,0.0,0.0525934311285239,0.0,0.0,0.0,0.02303457381918588,-0.08199125024967623,-0.05545808913853091,0.0,0.0,0.12172516584966912,0.0,0.07766700844180739,0.0,0.0,0.0,0.0,-0.048830148023747966,0.02672958057104452,0.032724841784076024,0.0,0.07543017309625101,-0.0798185271232286,-0.045768510138302354,0.0,0.03791762220103359,0.04895654727255676,0.0,0.018549994751954013,-0.03635925577242423,-0.0,0.051717075131954844,0.07192417807365434,-0.023628508867679275,0.06473672529194117,0.04703504116264895
1988-11,0.0,0.0,0.0,0.10193975635118381,0.0,0.0,-0.07243313138703064,0.26537768435307757,-0.046219038081860654,0.0,0.0,0.0,0.0,-0.09612408844322598,0.0,0.0,0.09605432000603671,0.06177773972835903,-0.031524925266528024,0.050827420888336326,0.0,0.0,0.0,0.052973106501622944,0.0,0.0,0.0,0.025843818441226123,-0.08751764751317875,0.06292422494202807,0.0,0.0,0.12637572070658737,0.0,0.0817204085673779,0.0,0.0,0.0,0.0,0.05521328662343985,0.030811074075464337,0.03337500171949316,0.0,0.07723629516831076,-0.08479331897168639,-0.047682060471181544,0.0,0.0387453203804906,0.04897775735944921,0.0,0.01888831183136052,0.04087397497282671,-0.0,0.05036497012931163,0.07483833681921294,-0.02509512051488948,0.06629534646111522,0.045957702908603223
1988-12,0.0,0.0,0.0,0.10911649213401449,0.0,0.0,-0.06740995150713062,0.2791641406555996,-0.04706772291788951,0.0,0.0,-0.0,0.0,-0.1008236798679344,0.0,0.0,0.10086497365183858,0.059176828140555846,-0.03221429612750107,0.05016074623211338,0.0,0.0,0.0,0.05281338574280344,0.0,0.0,0.0,0.027488316753693558,-0.09230501063396312,0.06262828934116017,0.0,0.0,0.1252559036121298,0.0,0.08052567331449505,0.0,0.0,0.0,0.0,0.058793961815582114,0.032634059771692786,0.03320974319621122,0.0,0.0780792072190089,-0.08826407311978055,-0.046930090829858176,0.0,0.038511820147819086,0.04888138624891424,0.0,0.018658493662007704,0.044597606326494156,-0.0,0.04958292620914973,0.0745459412679593,-0.02886494319659539,0.0681828565801697,-0.04777303848070175
1989-01,0.0,0.0,0.0,-0.09240980543525475,0.0,0.0,-0.05870554030288988,0.2654743065823911,-0.04515584456672518,0.0,0.0,-0.0,0.0,-0.09402234498289126,0.0,0.0,-0.08387924087746243,0.05399064320131264,0.030780677237563628,0.04958195363366197,0.0,0.0,0.0,0.05121904992000923,0.0,0.0,0.0,0.024935334511280535,-0.08484613572869852,0.06070912655417049,0.0,0.0,0.11894578433453762,0.0,0.07772918264658389,0.0,0.0,0.0,0.0,0.053323131299404206,0.028610424589244142,0.03332548777494537,0.0,0.07571555054879674,-0.08082180824186957,-0.04363867567903836,0.0,0.03812658154547139,0.04700092785992678,0.0,0.019570815915069404,0.0364480831980535,-0.0,0.04983725776652245,0.07242202061657241,0.022883608895463363,0.06575245740674311,0.04127568324048051
1989-02,0.0,0.0,0.0,0.10775609496799791,0.0,0.0,-0.056754332139522926,0.27142110139980963,0.04843325814067357,0.0,0.0,-0.0,0.0,-0.08836374019561771,0.0,0.0,-0.08694449328464453,0.06195320361673222,0.03191188103706539,-0.057529404573525386,0.0,0.0,0.0,0.0543418781296736,0.0,0.0,0.0,0.023864478115574055,-0.07905826573192722,0.063665426957543,0.0,0.0,-0.14217813794243167,0.0,0.08156568128334903,0.0,0.0,0.0,0.0,0.05632934892051268,0.028672144462830996,0.03352223648333408,0.0,0.07907471800152874,-0.08054423967192938,-0.04726340181142824,0.0,-0.044696100842522575,0.044469117611942374,0.0,0.018819215515761843,0.036011024248503526,-0.0,0.04862393279380656,0.07946365401087932,0.025357249208394776,0.06479298518230565,-0.04813940528839057
1989-03,0.0,0.0,0.0,0.1085762009672156,0.0,0.0,-0.0607641802764421,0.2710183643814032,0.04900388127290155,0.0,0.0,-0.0,0.0,-0.09174881079912595,0.0,0.0,-0.08987495467500908,0.06310777562326733,-0.036681273469771375,-0.05686871728081162,0.0,0.0,0.0,0.05432901460377836,0.0,0.0,0.0,0.026216961931455333,-0.0819663612783222,0.062329183905571746,0.0,0.0,-0.1407430851636547,0.0,-0.10035072637775337,0.0,0.0,0.0,0.0,0.06049374216477885,0.030531250988541717,0.03367632632603828,0.0,0.07893104759107251,-0.08111575766710884,-0.04786980075755182,0.0,0.04648971788615439,0.044204717274128606,0.0,0.018756521624747433,0.03800604067734613,-0.0,0.04862495619921999,0.08194721438245663,0.028177490710894856,0.0647630495869531,-0.04888952532614594
1989-04,0.0,0.0,0.0,-0.10662945807584505,0.0,0.0,-0.05740858245981641,0.27275012679771554,0.04847029264804099,0.0,0.0,-0.0,0.0,-0.0922780035311849,0.0,0.0,-0.08688990218940004,0.07211574139459288,-0.03566938849634914,-0.05618451878039713,0.0,0.0,0.0,0.054267676803985684,0.0,0.0,0.0,0.027721995393549366,-0.07939045301824131,0.06115543706010706,0.0,0.0,-0.14464100925945755,0.0,0.10883089221123549,0.0,0.0,0.0,0.0,0.05929795254664826,0.03599997763613509,0.03365987000967618,0.0,0.08245873615423054,-0.08149606777376286,-0.04899147218041688,0.0,-0.04796685037950395,0.04425203641221983,0.0,0.018719687209635766,0.03600074418404848,-0.0,0.04824252704094968,0.0845777876166974,0.030973188346794134,0.06315526947215884,-0.04547262656708759
1989-05,0.0,0.0,0.0,-0.10478138538158832,0.0,0.0,-0.05526142824245498,0.27676005549817717,0.048907593098633184,0.0,0.0,-0.0,0.0,-0.09616056190590253,0.0,0.0,-0.08813527285438813,0.07219328617217922,0.03662647638603901,-0.0558485810235959,0.0,0.0,0.0,0.055553098219865614,0.0,0.0,0.0,0.027552621600382944,-0.08148417261687035,0.06281159827866797,0.0,0.0,0.15941146076415771,0.0,0.10901582599317199,0.0,0.0,0.0,0.0,0.05695677503315496,0.03904544814848766,0.03371056908492214,0.0,-0.09031536564463316,-0.08224190678973108,-0.04880369593198116,0.0,-0.04767979359245689,0.0440752750975841,0.0,0.018693251850050725,0.03604312305472057,-0.0,0.048181650590301744,0.0843830324106437,0.03211438743933092,0.06526609983925284,-0.04479450016446769
1989-06,-0.0,0.0,0.0,-0.09554788692430445,0.0,0.0,-0.054682123394587286,0.26707026433232484,0.05018552476973222,0.0,0.0,-0.0,0.0,-0.09679525197754874,0.0,0.0,-0.0843039241669591,0.07264958266535627,0.036661889041165116,-0.05690099489990331,0.0,0.0,0.0,0.060320016112921634,0.0,0.0,0.0,0.02861498134411911,-0.08340207033629156,0.06326678061476182,0.0,0.0,0.1597763857163722,0.0,0.10989239972648832,0.0,0.0,0.0,0.0,0.0511115260082187,0.036017955995215324,0.03367144073656952,0.0,0.09061720350105133,-0.08111901201578882,-0.047894451723499626,0.0,-0.04297700337612717,-0.0495019417391854,0.0,0.018739645481587946,-0.03974573797515931,-0.0,-0.053849164633688676,0.08573840379336023,0.03218716675380071,0.07480652654625242,-0.04480128652487109
1989-07,0.0,0.0,0.0,-0.09705339919654674,0.0,0.0,-0.05664264096270323,0.2669246637415487,0.050119457479907585,0.0,0.0,-0.0,0.0,-0.10010420821546885,0.0,0.0,-0.08729481369089434,0.06927334322164713,-0.03784840772743005,-0.057673078659195735,0.0,0.0,0.0,-0.0676778180676644,0.0,0.0,0.0,0.03255244623024098,-0.08831384173556674,0.060897756718126646,0.0,0.0,0.16046422918217654,0.0,0.11299543148231314,0.0,0.0,0.0,0.0,0.05328014474973869,0.033879745981029746,-0.037683025261032475,0.0,0.09359982786576718,-0.08153761226051667,-0.047989754850304024,0.0,-0.043333566468587235,-0.04788660273194595,0.0,-0.020712107401853957,-0.038682973184524495,-0.0,-0.051317726735899336,0.09093447490841931,0.033759412185755296,0.07525577165186563,-0.05180318944288133
1989-08,0.0,0.0,0.0,0.10389162662455904,0.0,0.0,-0.05709396670672223,0.2651951767625883,0.05248911621075626,0.0,0.0,0.0,0.0,-0.10224805195062572,0.0,0.0,-0.08950091795139377,0.06286529416445345,-0.03134787754015169,-0.05813365196807969,0.0,0.0,0.0,-0.06411528874420207,0.0,0.0,0.0,0.0323242896244192,-0.09036557474650903,0.06456669086465,0.0,0.0,0.16045921715620687,0.0,0.11252484446676257,0.0,0.0,0.0,0.0,0.047533574314483705,0.035642121057077425,-0.03362459384194321,0.0,0.09409066458753879,-0.08177381392528252,-0.047952337094398334,0.0,-0.04186252094487611,-0.043915451096914804,0.0,-0.018379234938981727,-0.03793101312995165,0.0,-0.046667774979469286,0.09193309112158689,0.03239675677377995,0.07379381882103536,-0.05206740245324395
1989-09,0.0,0.0,0.0,-0.10031003829884928,0.0,0.0,-0.054158360875302396,0.26716009615005476,0.05087667483669834,0.0,0.0,0.0,0.0,-0.0976701618859211,0.0,0.0,-0.08516936264148592,0.06488629099139058,-0.03356756472992176,-0.06522275731619868,0.0,0.0,0.0,-0.06342240432023605,0.0,0.0,0.0,0.02937202877649738,-0.088317285457327,0.06482702443797136,0.0,0.0,0.15448149618836712,0.0,0.10789545458893078,0.0,0.0,0.0,0.0,0.05270533854540205,0.04742619877874461,-0.03526470170840849,0.0,0.09203996573217502,-0.08441712638087312,-0.0476624408425103,0.0,-0.045210324413470816,-0.04523135256808444,0.0,-0.0190680882757533,-0.04470850367293473,0.0,-0.04678329783181957,0.09023695197268645,0.04303287675374928,-0.08197483219647875,0.05824523455964441
1989-10,0.0,0.0,0.0,0.10079492758367169,0.0,0.0,-0.053357403056539084,0.26883127760901365,0.054762405991069366,0.0,0.0,-0.0,0.0,-0.10261382385390524,0.0,0.0,-0.08883345355289696,0.06017064931127866,-0.03256141945440234,-0.06655688243918745,0.0,0.0,0.0,-0.06349899316533855,0.0,0.0,0.0,0.03220734113915674,-0.09240029956827456,0.06418671041206295,0.0,0.0,0.1549343778953728,0.0,0.11044971419300015,0.0,0.0,0.0,0.0,0.056289521189134224,0.052650165757111914,-0.03474809607220087,0.0,0.09361517236204667,-0.09217003286493974,-0.04906102135616048,0.0,-0.0460585445170153,-0.04482978045295592,0.0,-0.01870144847219233,0.05104198925347701,-0.0,-0.04656856642253805,0.09176940090837898,0.046868395735057286,-0.08371837520095553,0.06284899227211678
1989-11,0.0,0.0,0.0,-0.10015375809561336,0.0,0.0,-0.05307665013345335,0.2672808929337535,0.05532209761847694,0.0,0.0,-0.0,0.0,-0.10310200741696338,0.0,0.0,-0.08523957943358135,-0.062414719781758006,-0.03279040761137152,-0.06536264243184385,0.0,0.0,0.0,-0.0615863979128931,0.0,0.0,0.0,0.03143212771037291,-0.09166264543369608,0.061814119469383325,0.0,0.0,0.1570249236966565,0.0,0.11327218826639252,0.0,0.0,0.0,0.0,0.05310543138922681,0.048984075528169656,-0.03504451682270446,0.0,-0.09474121714701488,-0.09326610182180894,-0.04807125534696668,0.0,-0.04519063064137104,-0.044737527675893174,0.0,-0.01831093968617621,-0.050834828516154056,-0.0,-0.046204056601159636,0.09283195665029527,0.04632264391966757,-0.08023955690679807,0.06526735654143259
1989-12,-0.0,0.0,0.0,-0.10215742886912829,0.0,0.0,-0.05329007546975767,0.27583361065729045,0.056172490826729704,0.0,0.0,0.0,0.0,-0.1087427058388906,0.0,0.0,-0.08687007583398633,0.06279406094643356,-0.03369962548554561,-0.0680000265623792,0.0,0.0,0.0,-0.06317221370885599,0.0,0.0,0.0,0.03251468134846285,-0.09492144936550413,0.06390695395402143,0.0,0.0,0.1611106368726289,0.0,0.11578678314761073,0.0,0.0,0.0,0.0,0.05580305106034391,0.04798331000491746,-0.03570506408972561,0.0,0.09554797894329539,-0.10391604308934554,-0.05329163426365757,0.0,-0.04561701012325608,-0.04629353417833352,0.0,-0.01908752385988008,-0.05402898982475883,-0.0,-0.04803582582466671,0.09476365183817312,0.04758322667032023,-0.08405299334536957,0.06587823848468662
1990-01,0.0,0.0,0.0,-0.10220185789977776,0.0,0.0,-0.05374703359075088,0.2701434875931464,0.05881268746665758,0.0,0.0,0.0,0.0,0.10467113254075501,0.0,0.0,-0.0858478166088412,0.059273522338195495,-0.03354002253978384,-0.06898229248259886,0.0,0.0,0.0,-0.06194906768308778,0.0,0.0,0.0,0.029379628007203038,-0.0948982694543425,0.06285869338275457,0.0,0.0,0.15525671473498226,0.0,0.11156969852030453,0.0,0.0,0.0,0.0,0.054844868381345696,0.054278692641300315,-0.03440102203097977,0.0,0.09372483434645681,-0.09798763010884565,-0.047110313638590695,0.0,-0.04560139643410126,-0.044527162017356195,0.0,-0.01878042666290528,-0.050026619554917516,0.0,-0.04648516589755949,0.09941863538709911,0.05110991975332764,-0.08195909852949343,0.06258791753117773
1990-02,-0.0,0.0,0.0,0.09710647810177031,0.0,0.0,-0.05562172478761256,0.26323367370341316,0.0580169814287511,0.0,0.0,0.0,0.0,0.10465378486529751,0.0,0.0,-0.08507356366883383,0.051769672771093,-0.03355243865570694,0.0867623616186773,0.0,0.0,0.0,-0.05925196138147062,0.0,0.0,0.0,0.03272094429477374,0.09596568187977171,0.06359692968858618,0.0,0.0,0.15023935274227,0.0,0.10606631536823329,0.0,0.0,0.0,0.0,0.05509890327417449,0.05524395817099151,-0.034018893136898556,0.0,-0.11731327632311576,-0.09920768671658735,-0.04648061317799651,-0.0,-0.045334810528170975,-0.042255636358589824,0.0,-0.01806780841133335,-0.051381813028737205,0.03156453433467474,-0.04481927746345547,0.11224823606032694,0.05366773658094437,-0.07488281734327364,0.06232102276668242
1990-03,0.0,0.0,0.0,0.09969034402111186,0.0,0.0,-0.060871780223248316,0.2682085552299636,0.060836512138696855,0.0,0.0,0.0,0.0,0.105624392453732,0.0,0.0,-0.08411629850568664,0.05159537855378337,-0.038771380687070506,0.08687355468168982,0.0,0.0,0.0,-0.061143172810874676,0.0,0.0,0.0,0.03264055536994645,0.09818318011242073,0.06541205251799465,0.0,0.0,0.15240111461004502,0.0,0.10717803260375774,0.0,0.0,0.0,0.0,-0.058744252040854684,0.05214307326725902,-0.03588500055000775,0.0,-0.11621639032121524,-0.09913439981551027,-0.04649764277482651,0.0,-0.05118362465516101,-0.04207120404923893,0.0,-0.018969562123766118,-0.05202403030640126,0.030611815431894153,-0.04637518848839833,0.1137344834405603,0.05246994031864164,-0.07774992798929892,0.0676349149257329
1990-04,0.0,0.0,0.0,0.09612814107463956,0.0,0.0,-0.05780328646939418,0.2682854361696602,0.06161214084601389,0.0,0.0,0.0,0.0,0.10393504534141915,0.0,0.0,-0.08265714464112231,0.051601260029629906,-0.03722651945760211,0.0860775473212358,0.0,0.0,0.0,-0.059517894842456814,0.0,0.0,0.0,0.0346115017865126,0.09614387679195521,0.06480220148256295,0.0,0.0,0.1475952070878635,0.0,0.10327451402161346,0.0,0.0,0.0,0.0,-0.05774701511453142,0.05191798602132264,-0.036179956953093284,0.0,0.11561559806574095,-0.08764501053916329,-0.04759064309750983,0.0,-0.05144201940182379,-0.04250586464937647,0.0,-0.018885788127423624,-0.04897706592601357,0.029036249133908735,-0.04643603406334495,0.1139981754609224,0.047769645636273096,-0.07378588261652672,0.06956492003027687
1990-05,0.0,0.0,0.0,0.09832371885599359,0.0,0.0,0.05137059158813443,0.28691443627930024,0.06462862764040406,0.0,0.0,0.0,-0.0,0.10711890023362222,0.0,0.0,-0.08401958515161467,0.050730487035266905,-0.0378298680364661,0.08594446456587052,0.0,0.0,0.0,-0.06163877242972489,0.0,0.0,0.0,0.03576942353123748,0.10131652287195576,0.06439237146509419,0.0,0.0,-0.1692426134820288,0.0,-0.117807738057002,0.0,0.0,0.0,0.0,-0.05546925457167485,-0.0513911959152171,0.037657350688496495,0.0,0.1197162527767844,-0.08868934717531063,-0.0682153791820849,0.0,-0.0537314597265259,-0.04658901002701524,0.0,-0.021208280634253212,-0.0502367983209609,-0.03151174205529449,-0.05047672644243252,0.11714930459950712,0.043975236937406535,-0.08050302535936488,0.0702619927130123
1990-06,0.0,0.0,0.0,0.09983748210680521,0.0,0.0,0.05522639190635552,0.2861166603398711,0.06865765148693337,0.0,0.0,0.0,-0.0,0.10462100278871146,0.0,0.0,-0.0865504688985338,0.05112997335226885,-0.03752056498551395,0.08731703881903254,0.0,0.0,0.0,-0.05933083391378007,0.0,0.0,0.0,0.0301875133298883,0.10158485749817027,0.06933088466263307,0.0,0.0,-0.1721106367311182,0.0,0.11491588891504506,0.0,0.0,0.0,0.0,-0.055911910562725695,0.051145475995899296,0.0365648067071044,0.0,0.12009226118436583,-0.08585448941248672,-0.06870370743442208,0.0,-0.05311097483100044,-0.04344570070973117,0.0,-0.018013803777553475,-0.05171193434108855,-0.029906569093817628,-0.046719550847010315,0.11738669036842289,0.04311922498548928,-0.07681160875050011,0.07093871953048497
1990-07,0.0,0.0,0.0,0.10356156255351147,0.0,0.0,-0.048468745055662045,0.2865633110192593,0.07468379787396458,0.0,0.0,-0.0,-0.0,0.10579179591641241,0.0,0.0,-0.08559050055144961,0.04797209273727332,-0.03612512369999195,0.08740819801675734,0.0,0.0,0.0,-0.06016883788538446,0.0,0.0,0.0,-0.03173542930414612,0.10151681432453209,0.06773275343073921,0.0,0.0,-0.17227713630920694,0.0,-0.11458719437032275,0.0,0.0,0.0,0.0,-0.055879370789925144,0.04881985832491887,0.03800556888155161,0.0,0.11934725007235157,-0.08442776316851894,-0.06812283226582729,0.0,0.048664442130747707,-0.043854406597355206,0.0,-0.017997133705223503,-0.05053527111856656,-0.029933803176221994,-0.048102450874292275,0.11719567168398619,-0.04762856004744658,-0.074815099151372,0.0676136050019803
1990-08,0.0,0.0,0.0,0.10435775898275805,0.0,0.0,-0.046059334082564136,0.2836337683173004,0.06908587052221694,0.0,0.0,-0.0,-0.0,0.10506658693523549,0.0,0.0,-0.08456643859766566,0.04490234248803853,0.03958731872923192,0.08297584436843637,0.0,0.0,0.0,-0.05580365310068299,0.0,0.0,0.0,-0.02871697085744701,0.10147435268767056,-0.06953983772476867,0.0,0.0,-0.1643372285748259,0.0,-0.10910681131972617,0.0,0.0,0.0,0.0,-0.05711604586623546,0.05258315060535608,0.03417963970603736,0.0,0.11945857630041741,-0.08427585151046343,-0.07878180531627482,0.0,0.04603873501957395,-0.041885277939234106,0.0,-0.017976105301954204,-0.052798605486475254,-0.027989519248450282,-0.04423298236206475,0.11889894430639567,0.04579403163240191,-0.06389090908363855,0.06769748369148615
1990-09,0.0,0.0,0.0,0.10076871346932438,0.0,0.0,0.04842609258734794,0.28243217306312285,0.06814052386984225,0.0,0.0,0.0,-0.0,0.09987433685514924,0.0,0.0,-0.08387691002609489,0.04026447330577528,0.039394269803135346,0.10329917281949763,0.0,0.0,0.0,-0.054743604520977124,0.0,0.0,0.0,-0.028641644423617583,0.09863934007575308,-0.06000158645696201,0.0,0.0,-0.15069200557895038,0.0,-0.0997803241875571,0.0,0.0,0.0,0.0,-0.05756476173505193,0.039255454740235896,-0.03769415518002828,0.0,0.1096242683049782,-0.08368903513259354,-0.08502612624978874,0.0,0.044124516269061234,-0.041939726290784435,0.0,-0.01779443776806819,-0.05300062589776072,-0.028788841102671603,-0.04433102766661905,0.11044094717423943,0.04269671061073235,-0.06228698910449216,0.05644281738286888
1990-10,0.0,0.0,0.0,0.09678722385493906,0.0,0.0,0.045332908568641146,0.27777643073215863,0.06906509763645133,0.0,0.0,0.0,-0.0,0.09700471660791822,0.0,0.0,-0.08393640957091215,0.03914153982935375,0.035412558151594505,-0.11546783252932931,0.0,0.0,0.0,-0.053722055115321535,0.0,0.0,0.0,-0.02830172502822215,0.09615594613548857,-0.05820185852225296,0.0,0.0,-0.15185728503858556,0.0,-0.10271926337989462,0.0,0.0,0.0,0.0,-0.05321554908077353,0.037009612404502054,-0.03551785143144005,0.0,0.10763518804015032,0.08881855859811662,-0.08409228093643104,0.0,0.043408895802780095,-0.0423459085828602,0.0,-0.017664009855790332,-0.05066960503809906,-0.03857795039832811,-0.043855727708459996,0.11054443825098635,0.03272994696584235,-0.061210090648847935,0.061615436297651906
1990-11,0.0,0.0,0.0,0.1001798768989558,0.0,0.0,0.040903825497862895,0.27678562546680247,0.07222165658619367,0.0,0.0,0.0,-0.0,0.10061046121573798,0.0,0.0,0.0865016966552693,0.03599752149782943,0.034543242980218006,-0.11331033401907438,0.0,0.0,0.0,-0.05165306452013537,0.0,0.0,0.0,-0.027147606648695453,0.09727233680902161,-0.07044493173401079,0.0,0.0,-0.15576168801335025,0.0,-0.1053899294991353,0.0,0.0,0.0,0.0,-0.05411215943690138,0.034601679114969995,-0.03579822321777628,0.0,0.11646872627316122,-0.08408754430510504,-0.07453926713642876,0.0,0.04116630238766904,-0.041424180513720286,0.0,-0.017743154196654988,-0.05071820611913668,-0.04091297131538849,-0.04238512001970573,0.1128576332924221,0.030344353808097736,-0.05823762442183974,0.06067910600483117
1990-12,0.0,0.0,0.0,0.09881500813036376,0.0,0.0,0.04265504831613393,0.2737241941519839,0.07061973521630019,0.0,-0.0,-0.0,-0.0,0.1002272522081039,-0.0,0.0,0.083368161337428,0.03741353253684902,-0.03793635837538326,-0.09113287941309481,0.0,0.0,0.0,-0.051110725830432586,0.0,0.0,0.0,-0.027823411131707002,0.09633357525679222,-0.07542645152905687,0.0,0.0,-0.1562916760881395,0.0,-0.10799114987479312,0.0,0.0,0.0,0.0,-0.05463024214974452,0.031069797236874558,-0.034891268133454174,0.0,0.11786199760376312,-0.0829845719880068,-0.07476925411489789,0.0,0.04139334785689768,-0.04501815021726191,0.0,-0.017017448249888052,-0.0491868704381828,-0.03766797905704573,-0.043383973529738426,0.1140129986118807,0.025167112899060887,-0.05778420048981159,0.057520258830170964
1991-01,0.0,0.0,0.0,0.09892467101260358,0.0,0.0,0.0383369244707801,0.27660626209914846,0.07427225076991792,0.0,-0.0,0.0,0.0,0.10110597079339155,-0.0,0.0,0.08196132845944895,-0.03990829914301855,-0.03880885841042824,-0.07877618847955492,0.0,0.0,0.0,-0.05091107746789936,0.0,0.0,0.0,-0.026800056146698566,0.09736733904063896,-0.07659074472776525,0.0,0.0,-0.15868851264216263,0.0,-0.1096181634504939,0.0,0.0,0.0,0.0,-0.05018098843481335,0.02794715124796909,-0.03410617429878648,0.0,0.11691065149721866,-0.08547796505706987,-0.0755082557672136,0.0,0.041037636985239226,-0.04288945743181875,0.0,-0.01632597017207179,-0.04753556681965596,-0.038901743014002725,-0.04147324997855802,0.11745141679973686,0.0252350324154803,-0.05766950709570611,0.058489202302432514
1991-02,0.10660592319018751,0.0,0.0,0.0993005474665706,0.0,0.0,0.03867558742476396,0.2717550115268193,0.07415516822597375,0.0,-0.0,0.0,0.0,0.10042598852431267,0.0,0.0,0.0845512351291974,-0.03978432173011938,-0.03568587575589402,-0.07287289772188822,-0.0,0.0,0.0,-0.05072232422213664,0.0,0.0,0.0,-0.02710765079800251,0.0964639893827358,0.08384821703182091,0.0,0.0,0.1786286221051692,0.0,0.11927150623687725,0.0,0.0,0.0,0.0,-0.05147096546763282,0.026894729475218006,-0.03530299477267933,0.0,0.11687334508371384,-0.0774517995075835,-0.0705753519681806,0.0,0.04160503282296983,-0.04414914933240984,0.0,-0.016634412511255997,-0.04890197680299526,-0.04380772938029559,-0.0421603033004687,0.11658562471125063,0.023276430384543648,-0.05733626094906022,0.061561290108360624
1991-03,0.10540612151440353,0.0,0.0,0.0952565091982795,0.0,0.0,-0.03955435299808278,0.2708897481260305,0.07254584422027031,0.0,0.0,0.0,0.0,0.09546878502487674,0.0,0.0,0.08194575689764864,-0.03675538853531895,-0.03631530115916607,-0.0706839899186559,-0.0,0.0,0.0,-0.05060817840889936,0.0,0.0,0.0,-0.027224227338593924,0.08989116942458374,0.08199340070228953,0.0,0.0,0.17512339603271268,0.0,0.11691851400177077,0.0,0.0,0.0,0.0,-0.052264024136205164,0.026505290086064424,-0.03438640705566202,0.0,0.11555790343971467,-0.07620184379384239,-0.06706202962713685,0.0,-0.04191237560957436,-0.04427298820807779,0.0,-0.01658434305885139,-0.05044077488095582,-0.0401551574651673,-0.04204240957001918,0.11854441158795564,0.021848284225543937,-0.05542727417385987,0.05596585124394996
1991-04,0.10515995611835627,0.0,0.0,0.08782013212556619,0.0,0.0,-0.03871960257748415,0.2716542041403428,0.0684445233875847,0.0,0.0,0.0,0.0,0.08616823445326213,0.0,0.0,0.0778477469046294,-0.038538007148452486,-0.03571026522849804,-0.06919479280588554,0.0,0.0,0.0,-0.053146825918859865,0.0,0.0,0.0,-0.027825702058505576,0.08261197323059497,0.08193809576690689,0.0,0.0,0.1765488776002504,0.0,0.11779310210938228,0.0,0.0,0.0,0.0,-0.05471430270885322,0.029191051756732856,-0.0346893322932561,0.0,0.11544237685047211,-0.07423062001354694,-0.06931372604402233,0.0,-0.040814180544680834,-0.04368932388196558,0.0,-0.018005408278520485,-0.049126613435288416,0.037130072888518446,-0.04142909257426118,0.12118940784187894,0.022911629940668272,-0.05945509534479486,0.055141498709885585
1991-05,0.10385472734829071,0.0,0.0,0.08560644822847263,0.0,0.0,-0.037045319207077584,0.266890316266606,0.07081447928162211,0.0,0.0,0.0,0.0,-0.0902202442146149,0.0,0.0,0.07879852940920558,-0.03753750084159655,-0.032057725542687945,-0.06807068768083509,0.0,0.0,0.0,-0.05025313724743673,0.0,0.0,0.0,-0.026688860700538095,0.08162041282224979,0.0798388942870038,0.0,0.0,0.1731143839767414,0.0,0.11601169764570213,0.0,0.0,0.0,0.0,-0.058090937132754115,0.02981228102815059,-0.03309740617943203,0.0,0.11323505601240946,-0.07380730751883958,-0.0702482047573001,0.0,-0.04024751856762216,-0.04374502537108179,0.0,-0.016746812568318725,-0.04896303388091834,-0.045768728845940215,-0.04070994230812912,0.11662483151326362,0.024226970881829627,-0.05510423223783653,0.05423976797178066
1991-06,0.10648331052356852,0.0,0.0,0.08737289576794885,0.0,0.0,-0.04099764785738736,0.2805075661887172,0.06963966551669395,0.0,0.0,0.0,0.0,-0.09072350953889771,0.0,0.0,0.08568202765448989,-0.03994295975813083,-0.03425757405129261,0.0680659904552714,-0.0,0.0,0.0,-0.05637425428872731,0.0,0.0,0.0,-0.029896013618590598,-0.10113440387484873,0.08392775795147973,0.0,0.0,0.17971415619560718,0.0,0.1195635277248496,0.0,0.0,0.0,0.0,-0.05663090644515622,0.03035077176653096,-0.033661158169595924,0.0,0.12435184754602359,-0.08152199711539118,-0.07699669163938508,0.0,-0.04587718668176309,-0.05382503602824694,0.0,-0.017612081752552165,-0.06183574341208821,0.049783899058915476,-0.04828118942614867,0.12505325168860407,0.02483506184887557,-0.06478306387203862,0.055967433156280756
1991-07,0.10658024939459321,0.0,0.0,-0.1004678677166641,0.0,0.0,-0.03958152607601391,0.28565753350661816,0.06823410544029067,0.0,0.0,0.0,0.0,-0.09182556992426888,0.0,0.0,0.08883384369320586,-0.03837384540053797,-0.034246422748126455,0.06901167597104314,-0.0,0.0,0.0,-0.097581573235688,0.0,0.0,0.0,-0.036390703391366686,-0.09597881486615713,0.0787919179581692,0.0,0.0,0.18492788843454688,0.0,0.12296169165656368,0.0,0.0,0.0,0.0,-0.05587017224770621,0.02877398259795643,-0.05972756847812331,0.0,0.1276840476419257,-0.08213294138118545,-0.08184847900032344,0.0,-0.057283086786202836,-0.06627038221546305,0.0,-0.038845507284754596,-0.06355689673757096,0.04641201926201348,-0.06056170318974712,0.13169269224503116,0.025113666329246255,-0.06891285481514331,0.0640572740380519
1991-08,0.11442944469891313,0.0,0.0,-0.10853443824943806,0.0,0.0,-0.04635486256355691,0.29916347226160106,0.06554807365537418,0.0,-0.0,0.0,0.0,-0.10085680122585411,0.0,0.0,0.09387224295333554,-0.04202445683332323,-0.034240674545927864,-0.06641877845055799,0.0,0.0,0.0,-0.10517175131988267,0.0,0.0,0.0,0.03604994018669023,-0.10318926972724562,0.08664428038145632,0.0,0.0,0.19683940573264758,0.0,0.13128119377208966,0.0,0.0,0.0,0.0,-0.05295164305411566,0.03265076983617992,-0.07250401283327935,0.0,-0.15731050875896382,-0.08514267415436534,-0.07860917557704986,-0.0,-0.06911023853358686,-0.07724336571279224,0.0,-0.04462314116545736,-0.06410245731882153,0.04827783912582826,-0.07091999460591716,0.13572022680899437,0.02802703843848258,-0.07764805134764374,0.07182385027782442
1991-09,0.11222763257516928,0.0,0.0,-0.10517104479492473,0.0,0.0,-0.04460540590947259,0.303913697227219,0.06617091047172916,0.0,0.0,0.0,0.0,-0.09777275958733343,0.0,0.0,0.0914107356446168,-0.04190900816953373,-0.03472080088561865,-0.06204171531413065,0.0,0.0,0.0,-0.10464180168316188,0.0,0.0,0.0,0.03268297867240226,-0.0998033386988952,0.08546644609071097,0.0,0.0,0.19519224503857158,0.0,0.13147261780996733,0.0,0.0,0.0,0.0,-0.049950997498358705,0.03313061630227447,-0.0684274813271746,0.0,-0.14623516193040703,-0.08107945554879224,-0.07105805627018653,-0.0,-0.06146501040975453,-0.07811503417133601,0.0,-0.04151881344178963,-0.06295054440616096,0.049226328142302156,-0.07442667760500023,0.12824150746220903,0.02801550953378606,-0.07853587692541486,0.06791407443666683
1991-10,0.11690990561167491,0.0,0.0,-0.1070599186152137,0.0,0.0,-0.04731645405844475,0.3129820867551703,0.0652127140112402,0.0,0.0,0.0,0.0,-0.10483022885209965,0.0,0.0,0.09603837461944897,-0.044024150095892084,-0.03421857688113234,0.06621784078344936,0.0,0.0,0.0,0.10705362678352177,0.0,0.0,0.0,0.03475795311860572,-0.10724590600122029,0.08536037014461782,0.0,0.0,0.2038652851862152,0.0,0.13779961168049798,0.0,0.0,0.0,0.0,-0.05176202860503959,-0.03153745299658837,-0.0682424374535147,0.0,0.14802813392822503,-0.08620381947198053,-0.07809862080038271,0.0,-0.06181831835426159,-0.08197306540675865,0.0,-0.04104720478289303,-0.06660910135857176,0.050667724524379835,-0.0756443291564392,0.13918285230044838,-0.028713245738585098,-0.08291955576959699,0.07077837836257495
1991-11,0.1168293696951948,0.0,0.0,-0.10876198111732507,0.0,0.0,-0.047822107701364525,0.32269029163909174,-0.07329798113773876,0.0,0.0,0.0,0.0,-0.10679936927419711,0.0,0.0,0.09969175735937778,0.03501070939053761,-0.034341417605311834,0.06935826399836573,0.0,0.0,0.0,0.10541168907385597,0.0,0.0,0.0,0.035351423411956726,-0.10832417516201566,0.08779424624315206,0.0,0.0,0.20883939770776197,0.0,0.1403839719343049,0.0,0.0,0.0,0.0,-0.05539337313292885,-0.033949185397851946,-0.0701418709650473,0.0,-0.14518385010916285,-0.08853094625751558,-0.07847421202839668,0.0,-0.06035512426150163,-0.08064096454959238,0.0,-0.042951230623048155,-0.06961860414787906,0.054342675337325085,-0.07528883669652969,0.13599879215351554,-0.031039872538951824,0.07302365148859473,0.06739539252382731
1991-12,0.1191383770820256,0.0,0.0,-0.10943581106134116,0.0,0.0,-0.04568529599879836,0.3522982889331354,-0.06751248228055999,0.0,0.0,0.0,0.0,-0.10871539444926635,0.0,0.0,0.09904435840084772,0.03429964974946945,-0.034358145541225585,0.06865814374902558,0.0,0.0,0.0,0.10521753026115813,0.0,0.0,0.0,0.03463931417098749,-0.1096451447823942,0.0827019876146618,0.0,0.0,0.20700834073156316,0.0,0.13831021013514708,0.0,0.0,0.0,0.0,-0.052799791588292115,0.03184495045518938,-0.0654898061047797,0.0,-0.14056845228247813,-0.08938947595306469,-0.07634932250084676,0.0,-0.05982783662839265,-0.0761376470664223,0.0,-0.041569950816910686,-0.07297551751911457,0.05165184227369483,-0.07546031291604746,0.13479462622345273,-0.028306862324244137,0.07250598306079407,0.06686211320584347
1992-01,0.11833829015986566,0.0,0.0,0.098248551172905,0.0,0.0,-0.04472548284188735,0.335325705362052,-0.06558723962548628,0.0,0.0,0.0,0.0,0.09639325304906166,0.0,0.0,0.09987982812306406,0.03145512552172574,-0.04075440357366845,0.0643942231443539,0.0,0.0,0.0,0.09553746352948511,0.0,0.0,0.0,0.033836267480369366,-0.11096105278371178,0.08712326667418652,0.0,0.0,0.2092560552408634,0.0,0.14190982719577735,0.0,0.0,0.0,0.0,-0.050071450739261156,0.028160405584499077,-0.06440986895495836,0.0,-0.12507136481028605,-0.0878891024839211,-0.07028991701995348,-0.0,-0.060511356752270776,0.08640837281873015,0.0,-0.04541609902756756,-0.07899656801452659,0.04880088858232499,-0.07834524867451732,-0.12601766099459152,-0.025622301069249627,0.07552988454102366,0.06125317853290524
1992-02,-0.12489768178836233,0.0,0.0,-0.08948398246773283,0.0,0.0,-0.042351057910526596,0.3313755259402955,-0.05891029025934467,0.0,0.0,0.0,0.24867335505851934,-0.08954505556180889,0.0,0.0,0.0993010072697423,0.02920917502088865,-0.03912809290872461,0.06237098109309037,0.0,0.0,0.0,0.08063243421393448,0.0,-0.0,0.0,0.030785812697846467,-0.10462836650495203,0.08141375895087073,0.0,0.0,0.1912218175414546,0.0,0.13299647166270093,0.0,0.0,0.0,0.0,0.05105800858837849,0.028727497654866752,-0.06778397518444625,0.0,-0.12464491968410336,-0.08845977120179474,0.06611524985150555,0.04592923393578205,-0.06196555028072627,0.08799972673176588,-0.0,0.044294052964547644,-0.08341072604877568,-0.04989215490032647,-0.08058637657825704,-0.12335180063528167,0.026111141785239968,0.06655597224698584,-0.06367722019392415
1992-03,-0.14551947166862703,0.0,0.0,-0.0884212378682705,0.0,0.0,-0.039469082227736006,-0.3370725915048913,-0.060777703450553264,0.0,0.0,0.0,0.24843300245726305,-0.08850796008572406,0.0,0.0,0.09645521975642625,0.02954479156937892,-0.039479030405970846,0.06046180563584818,0.0,0.0,0.0,0.07835640711249953,0.0,-0.0,0.0,0.030856130189716207,-0.10112100644751992,0.08206413534845063,0.0,0.0,0.19211280675100237,0.0,0.1333153682377087,0.0,0.0,0.0,0.0,-0.052535286760276446,0.028364022210098823,-0.0681355046730192,0.0,-0.12063853942228196,-0.08717241433939671,0.06478687666073478,-0.04631211896215611,-0.06349651498660035,0.08714873597204778,-0.0,0.0442347183407884,-0.08382143246916522,-0.04551209019484681,-0.08153795568112511,-0.12360424388891997,0.02564821433192971,0.06061773129331387,-0.06312436079511821
1992-04,0.15967597150745766,0.0,0.0,0.08990671804519051,0.0,0.0,-0.03796774581592274,0.3311865078946736,-0.06332275825516898,0.0,0.0,0.0,0.24608939069317454,0.09147391918923813,0.0,0.0,0.09423994561858096,0.03037524671543017,-0.03892532116664455,0.061034520543607376,-0.0,0.0,0.0,0.07523965553493625,0.0,-0.0,0.0,0.033398407249491245,-0.1003310803995047,0.08013888768342622,0.0,0.0,0.18940801373540775,0.0,0.1311389309128681,0.0,0.0,0.0,0.0,-0.0542224245834915,0.028015522440188737,-0.06580181967335717,0.0,-0.12258101807186411,-0.08449496229453779,0.06488399961526305,0.045540807556562944,-0.06289787990814304,0.08802125479206886,-0.0,-0.044911662762998406,-0.08513694031844199,-0.04371713145240649,-0.08136285906436767,-0.12385670759847918,0.026396495453684624,0.05740975896250604,-0.06455743553683928
1992-05,0.15313600063397947,0.0,0.0,0.08998757934487212,0.0,0.0,-0.03879390744147654,-0.33468170301352873,-0.06291744648320731,0.0,0.0,0.0,0.24075121242392908,0.08910582429928919,0.0,0.0,0.09133399880481365,0.030242007508235632,-0.03905310947257568,0.057460843880952024,0.0,0.0,0.0,0.07085783739893932,0.0,-0.0,0.0,0.03606072032489401,-0.09723822803244797,0.08004448920130268,0.0,0.0,0.18440805814607011,0.0,0.12687023833760602,0.0,0.0,0.0,0.0,-0.051481581039346094,0.02822833181970852,-0.05948458477973888,0.0,-0.11489653943221298,-0.0823400073080859,-0.06643974019987095,0.04369303229962602,-0.05946067258441755,0.08329271887011626,-0.0,-0.04032782388819031,-0.07904353719441824,-0.0474592743253251,-0.07715672575344303,-0.11784907265341536,0.027500387014432318,0.05431043588483219,-0.06617001102745984
1992-06,0.16163286104573146,0.0,0.0,0.09050527374777978,0.0,0.0,-0.03810403188735502,-0.32320521536598323,-0.05687376883777705,0.0,0.0,0.0,0.23783331851020148,0.08930453676056149,0.0,0.0,0.09272031293177105,0.03147289803959371,-0.038566231913614496,-0.05614725493585594,0.0,0.0,0.0,0.0711067679338818,0.0,-0.0,0.0,0.03674895220373836,0.09854544548797323,0.07781192468442218,0.0,0.0,0.18291804539097248,0.0,0.1266828043745066,0.0,0.0,0.0,0.0,-0.051411257630050805,0.028199500982562065,-0.06012867126205646,0.0,-0.1112586858365436,-0.08229268141982364,-0.06468509962034456,0.04386209118217728,-0.06283532248755272,0.08416292595675658,0.0,-0.04025134425798586,-0.08112076278498928,-0.046676850474599296,-0.07934796540565503,-0.11301742523627792,0.028248467096517772,0.05322959443934883,-0.06295030434659181
1992-07,0.1602882759209953,0.0,0.0,0.09409832391539448,0.0,0.0,-0.03981239657698057,-0.3231763171598961,-0.06026803949828693,0.0,0.0,0.0,0.24024771757773317,0.09405684317996713,0.0,0.0,0.09364028820832669,0.030148993265771706,-0.038983992084786284,-0.05833960732397055,-0.0,0.0,0.0,0.07025647539091803,0.0,-0.0,0.0,0.038586425891692,0.10341909097376234,0.07616481085294494,0.0,0.0,0.18474027383171604,0.0,0.1270983239587592,0.0,0.0,0.0,0.0,-0.05251806366373471,0.026751581361406474,0.061137898228533744,0.0,-0.11679282998416367,-0.0832413899763935,-0.06437380788833852,0.04721209906265722,0.061556414005474305,0.08326309027398877,0.0,-0.04032949946967726,-0.08219260587541188,-0.04852112763272985,0.07572931382498223,0.11323331912347273,0.0274668589121458,0.05311575755534178,0.06197641722780296
1992-08,-0.1749885102969936,0.0,0.0,0.0970901844362658,0.0,0.0,-0.0428912490028088,0.33767016674868067,-0.059381793651139034,0.0,0.0,0.0,0.24878329390882115,0.0982238813156864,0.0,0.0,0.09396858625474681,0.030109934257340785,-0.04598980997510764,0.053456514923438836,-0.0,0.0,0.0,0.06281259518995354,0.0,-0.0,0.0,0.03814483914638438,0.10114472906608575,0.079983087270453,0.0,0.0,0.1898750772405608,0.0,0.13412359859724576,0.0,0.0,0.0,0.0,0.05469223600762432,-0.029321119799332388,-0.06004409390929491,0.0,-0.12023424373340913,-0.08768020459235774,-0.06336053986724839,0.04911886029637489,-0.06224930034865616,-0.07939996488927513,0.0,-0.04226508547973395,0.07425955254923024,-0.05108843912450835,-0.07830285271183496,0.117135940842135,0.028294005067579224,0.05064347892332367,-0.06001433792273532
1992-09,-0.16111244642235775,0.0,0.0,0.09633734725593711,0.0,0.0,-0.04188603413079212,-0.331492627083925,-0.05160014137322604,0.0,0.0,0.0,0.2500687500573726,0.09933024752030145,0.0,0.0,0.09740490769069148,0.029037546473781893,-0.047076644353363076,0.054903154795097275,-0.0,0.0,0.0,0.062079149317464555,0.0,-0.0,0.0,0.03543233092960527,0.10266150666508768,0.07476892554302646,0.0,0.0,0.18335386916624047,0.0,0.12870628939677142,0.0,0.0,0.0,0.0,0.051252937160815956,-0.029000011579907902,-0.05666830890937583,0.0,0.10977609157199539,-0.08015535660581002,-0.059195910109032746,0.04791665868412146,-0.057021467103295226,-0.07637975703046804,0.0,-0.04283165134655016,0.06659488897946499,-0.049113298188344166,-0.07373372128366641,0.11226749295908085,-0.025724612330530933,0.05059645658926094,0.0594746388946705
1992-10,-0.15577719872040327,0.0,0.0,0.0842513860601224,0.0,0.0,-0.039067440220336896,-0.2875511601267888,-0.052132559636426865,0.0,0.0,0.0,0.25583225418250555,0.09632040745695586,0.0,0.0,0.10167283419512228,0.030108126421301305,-0.048170992610435025,0.04933233566812987,-0.0,0.0,0.0,0.06317654452002468,0.0,-0.0,0.0,0.03687937503996311,0.10130016142957157,0.07331722961960499,0.0,0.0,0.18084794417471983,0.0,0.12660122786111386,0.0,0.0,0.0,0.0,0.05365985152714561,-0.02734732262127658,-0.05667864230771627,0.0,-0.11332283971824401,-0.08123555540073389,-0.06146895808173945,0.04918438215987353,-0.057157811926209084,-0.07428838111852612,0.0,-0.043668514266530865,0.06955696142360357,-0.050974737323931665,-0.07296508857860964,0.11201745873506694,-0.02540125857779798,0.05167909399491054,0.06101394029218401
1992-11,-0.15950789059706832,0.0,0.0,-0.07906462029879129,0.0,0.0,-0.03960149612039511,-0.2901823725307058,-0.05383445615418551,0.0,0.0,0.0,0.26234303593848624,0.0929063617190132,0.0,0.0,0.10392641924532846,-0.03380996555792275,-0.04994711259541676,0.055298180660268995,-0.0,0.0,0.0,0.06524059999930899,0.0,-0.0,0.0,0.03881882044374204,0.09569401287924457,0.07657445706373045,0.0,0.0,0.18474713553637082,0.0,0.12917771241869364,0.0,0.0,0.0,0.0,0.055457924853533416,-0.028826525277045288,-0.057682887459414696,0.0,-0.11554738925000746,-0.08273739647904835,-0.06428411306200707,-0.05623707579219189,-0.06113491792325676,-0.07629360547475832,0.0,-0.04491744627834796,-0.07838817347351033,-0.05289370041773278,-0.0771831415216085,0.11734686866411388,-0.02530976611069601,-0.0582454966243679,0.0631384886410426
1992-12,-0.15067947835118378,0.0,0.0,-0.0742946436338708,0.0,0.0,-0.03929258985224488,-0.2327968033409632,-0.05636262595340718,0.0,0.15466625849025115,0.0,0.24957395846265432,0.08682208552597762,0.09993394223840826,0.0,0.09895491058171814,-0.032771686967968096,-0.0441671953331002,0.0479495050344309,0.0,0.0,0.0,0.06379560892719502,0.0,-0.0,0.0,0.035808593673561824,0.0842206941343606,0.07594687798526786,0.0,0.0,0.17653283902578815,0.0,0.12465386351004003,0.0,0.0,0.0,0.0,0.055611375607003695,-0.026311113587077307,-0.05713921316247424,0.0,0.09926468340986457,-0.0826447114251457,-0.06132568960438285,-0.05221922978569774,-0.06170996475956076,-0.07302324218648451,0.0,-0.04584148673220296,-0.0772716874810358,-0.048771464167332676,-0.07569270487330473,0.11608790303579913,-0.023359377397579727,0.05116389368557097,0.06221452216491706
1993-01,-0.14880084679460112,0.0,0.0,-0.07228467984993732,0.0,0.0,-0.036121632839440095,-0.23083570186408198,-0.055611729310214145,0.0,0.15204557742287786,0.0,0.24596472367755207,0.08348583109599486,0.10062156434682448,0.0,0.09618522808719979,-0.029337617783809868,-0.045410838871850864,0.04778197229755855,0.0,0.0,0.0,-0.05997554866993339,0.0,-0.0,0.0,0.034894649704690396,-0.07962751228783575,0.07505165963998756,0.0,0.0,0.17558996980527455,0.0,0.12465203311812438,0.0,0.0,0.0,0.0,0.055056503148612775,-0.02655313688041068,-0.05441447439945001,0.0,0.09760801830101151,-0.08638568192504688,-0.06414405430751897,0.05171541160002262,0.058408739507376475,-0.07325560953087812,0.0,-0.044817840207928034,0.07376388821578496,-0.048841380010213147,-0.07443990275873907,0.11764321739535873,0.025002284710852772,-0.052828898881060696,0.06096530904418113
1993-02,-0.14041118009830172,0.0,0.0,-0.06826038760089283,0.0,0.0,-0.03512445737956669,-0.2219989446214348,0.051804628262108,0.0,0.1462503346988816,0.0,0.24120808162591753,0.08064057079482435,0.09642216955709315,0.0,0.09273203517781524,-0.029266723671446365,-0.032643544774725405,0.0447861503768162,0.056737366967538706,0.0,0.0,-0.059612642025967236,0.0,-0.0,0.0,0.03486695151502607,0.07721757821630335,0.07186292067633923,0.0,0.0,0.17241639814331608,0.0,0.12207652492988032,0.0,0.0,0.0,0.0,0.05280894902404665,-0.026071890262167125,-0.05155098486747762,0.0,0.09275511086182942,-0.08431436541581556,-0.061975262673129305,-0.05076691740740468,-0.056422950350706685,-0.06975508926790203,0.0,-0.04145406314293574,0.07257306104128579,-0.049603278085923616,-0.07114885873517836,0.11324345614446292,0.024604763429522444,-0.054264104852142704,0.05907020053482854
1993-03,-0.13509526355756185,0.0,0.0,-0.06304101370639664,0.0,0.0,-0.03591169778118499,-0.21216819079644142,0.05114105701191692,0.0,0.17474344558413538,0.0,0.23008175794032215,0.07441951301812302,0.0963702840258948,0.0,0.09191466714087618,-0.029040048987000612,-0.03332682276637681,0.03150226315697002,0.05435249393803168,0.0,0.0,-0.05393251465578203,0.0,-0.0,0.0,0.037493319445680955,0.07072234700776298,0.06831839264183366,0.0,0.0,0.16583035827807366,0.0,0.11862249710338163,0.0,0.0,0.0,0.0,0.04778054642738745,-0.02562919706045785,-0.05104029111460133,0.0,0.09061496722808512,-0.08382560747519094,-0.061491379837274096,-0.049905460633503804,-0.053906304870688114,-0.06963653340520598,0.0,-0.03978563534065012,-0.07020145882955947,-0.046421742491550205,-0.06744833183733452,0.11100405813476193,0.023501901235289367,-0.04866562713722729,0.05765085619419906
1993-04,-0.13685725138344468,0.0,0.0,-0.06678297758085912,0.0,0.0,-0.037407210674113164,-0.21038660732460326,-0.05032678404992707,0.0,0.1813041909523086,0.0,0.22956337938771257,0.0762070199451401,0.10075236106499902,0.0,0.09581888089705348,-0.03324071103787759,-0.032528090565055755,0.03106806543735016,0.05423590157947749,0.0,0.0,-0.054912902346610774,0.0,-0.0,0.0,0.03744684623616931,0.07242352115718376,0.06937115534849604,0.0,0.0,0.16538602340390818,0.0,0.11813703870559646,0.0,0.0,0.0,0.0,0.05100993683961436,-0.025849539222719438,-0.05342733205728019,0.0,0.09083162761309621,-0.09158971146679198,-0.06631882771326009,-0.0539136182791226,-0.05362288562787512,-0.07239903238491674,0.0,-0.041613995095568304,0.06851016336527918,-0.04547309879381853,-0.0681850326330415,0.11310188929260824,0.023164097533993705,0.04948512351699736,0.059820737147687916
1993-05,-0.13700010657927789,0.0,0.0,-0.06956168894294862,0.0,0.0,-0.038086448176207745,-0.20873656568387225,-0.050036753153356275,0.0,0.19191585611975287,0.0,0.23148239267042015,0.07758555783799582,0.10397199020755185,0.0,0.09916028354137506,-0.03285288307174519,-0.03443645732525511,0.025517362826158605,0.05268880522752252,0.0,0.0,-0.05254169289250184,0.0,0.0,0.0,0.03693488148848703,0.07551609961386958,0.06721635492303452,0.0,0.0,0.16655142146889768,0.0,0.11878036073491324,0.0,0.0,0.0,0.0,0.05092137127680273,-0.025904882247830434,-0.052608826176336825,0.0,0.09158713781783599,0.09519725865841017,0.05619404814512722,-0.049553426467844976,-0.05454149885609359,-0.07202035554693915,0.0,-0.04137357662317627,0.07094193137094555,-0.04530338411196848,0.0752852760747152,0.11199429537550927,-0.024065535799926874,0.05010064951608639,0.0546197795994041
1993-06,-0.132622057898409,0.0,0.0,-0.06875595869740957,0.0,0.0,-0.03935568220098645,-0.20730228615563695,0.05060463631920263,0.0,0.19083809454866252,0.0,0.22843398618713814,0.07730784235710424,0.11298523345736922,0.0,0.10184841779079284,-0.02890876297327095,-0.03385786577236958,0.022416867112214897,0.054188755443822206,0.0,0.0,-0.05099182208872962,0.0,0.0,0.0,0.03079541728684313,0.07588945789216031,0.0685043214193454,0.0,0.0,0.16491873328795167,0.0,0.11822061300132361,0.0,0.0,0.0,0.0,0.050278934673309766,-0.025015961874183153,-0.05079613287121825,0.0,0.0910758353085817,0.09847904137832061,0.05840611600335703,-0.04851835609194644,-0.05508383038087137,-0.07350055985010132,0.0,-0.04281573574973458,0.07097236749434693,-0.04459206242337345,-0.07609338043415363,0.10891618399776637,-0.02312693962242452,0.047615121879048566,0.053597139475058515
1993-07,-0.13465021273794164,0.0,0.0,-0.06595503594515385,0.0,0.0,-0.04156378511574139,-0.20674712350915875,-0.053300950089044064,0.0,0.19420987306418658,0.0,0.23283906452145653,-0.07412024640555645,0.11824934050696807,0.0,0.10239022066132743,0.026525385025944575,-0.03211124076628202,0.02209044371326891,0.05530248302642549,0.0,0.0,-0.05127727732935066,0.0,0.0,0.0,-0.033159070805119296,-0.07063696875818651,0.06868592603130087,0.0,0.0,0.16967066797122635,0.0,0.12369835017246653,0.0,0.0,0.0,0.0,0.04859407981771258,-0.025101116703549448,-0.052410075449674444,0.0,0.09397099964573594,0.0984363854437219,0.0576819948980696,-0.05237612449664267,0.056656337061419454,0.07789970701086715,0.0,0.047916996269813814,0.06931864113043695,-0.04899731553931997,0.07336478266785344,0.10998360068533675,-0.021753853163739005,-0.049611402427609336,0.05123785580764434
1993-08,-0.13622692759232516,0.0,0.0,-0.06405406673379258,0.0,0.0,-0.04213667462852306,-0.20129087089034073,-0.05439067587813446,0.0,0.19218013334640363,0.0,0.22663616353535743,-0.07115210191996113,0.1177092082194358,0.0,0.10195640093567604,0.02450005386911042,0.03176543479856574,0.023668703790838626,0.05458582068439419,0.0,0.0,0.06015880976859987,0.0,0.0,0.0,-0.03013995043291427,-0.06853254436290565,0.06854077240985061,0.0,0.0,0.16533677345903666,0.0,0.1222254602701703,0.0,0.0,0.0,0.0,0.04834324204848044,-0.025900660715056874,-0.05423771520419744,0.0,0.09195062360371783,0.09384720716875651,0.05282771226466386,-0.05211435655506722,0.05382054902663005,0.08237448460362472,0.0,0.04654026433602225,0.06777921605654558,-0.04821090684883166,0.0748076536299739,0.107634321516388,-0.022063642035380446,0.05242228819981368,0.0540623790541675
1993-09,-0.13216328588306847,0.0,0.0,-0.06410836162666315,0.0,0.0,-0.04597316441710488,-0.1948831038309667,0.05021400008228685,0.0,0.19998507080587802,0.0,0.22901603667555154,-0.07359573227163453,0.1221343116770714,0.0,0.10123907542830292,0.02546542914436345,0.030934697079061,0.024260841852216462,0.05722560256373163,0.0,0.0,0.06255303640680616,0.0,0.0,0.0,-0.02954951317845579,-0.07029643906575254,0.07537219470199676,0.0,0.0,0.16787709783451113,0.0,0.12594523938563218,0.0,0.0,0.0,0.0,0.04194583781224523,-0.03885462727401892,-0.05429542382957225,0.0,0.09198385555202149,0.08474976666491975,0.04693917302115799,-0.05018072306024696,0.05337651026438599,0.07774626507202499,0.0,0.0491686747732739,0.061694154009466005,-0.04554603911979178,0.07176732477674908,0.10684802415265564,-0.024320556713391728,0.05306138652079167,0.055406254679612084
1993-10,-0.11898092067599644,0.0,0.0,-0.058504669332465176,0.0,0.0,-0.03620216557666896,-0.1761844872661276,0.043719156627036584,0.0,0.19480975255918884,0.0,0.22229174685645312,-0.06264573538737052,0.1047115889128605,0.0,0.09142321811255444,0.022679940849631982,0.02755250905808096,0.020864721656898018,0.053991678782560885,0.0,0.0,0.053015612639661015,0.0,0.0,0.0,0.025739262575473404,-0.060585175373490154,0.07221567452561456,0.0,0.38609537754348994,0.15604248225888664,0.0,0.11937595821785066,0.0,0.0,0.0,0.0,0.03801808609841549,-0.03868347599922883,-0.05239415869281707,0.0,0.08772841008654143,0.0680995919582273,0.03604953805733891,-0.04230319571481169,0.04830079128196355,0.05959518689225563,0.0,-0.04384658880383795,0.052799532711476235,-0.03652041946341473,0.06112967632679526,0.09389012307398015,-0.03259532467678223,0.046193700251394916,0.05286389312587566
1993-11,-0.12266721103557841,0.0,0.0,-0.057705905835653985,0.0,0.0,0.03605356202062736,-0.1771032882411024,0.04240149287374644,0.0,0.1961040242506588,0.0,0.22081478246750685,-0.060510866762481595,0.10489252859456097,0.0,0.0889234069979938,0.0195587928209747,0.02915298648925362,0.021972197967223817,0.05600995368515196,0.0,0.0,0.05625298023877264,0.0,0.0,0.0,0.026000790710916516,-0.05759145687186003,0.07314517529019085,0.0,0.3835153569008018,0.15473505422821304,0.0,0.11888400859199175,0.0,0.0,0.0,0.0,0.0390847700723856,-0.04124730519467339,0.04995460451075575,0.0,0.08626310670127298,0.07006601207253693,0.038336268123367274,-0.041070372600224926,0.047509198457658934,0.05904298886315828,0.0,-0.0422210494871029,0.05407470518898381,0.023091925999492474,0.06001982437243795,0.09323651685905869,-0.03428615607019224,0.048331564084661334,0.05437827232197205
1993-12,-0.1181512282327731,0.0,0.0,0.058522580376211754,0.0,0.0,0.037921446261823796,-0.17101976681449127,0.043411590192688816,0.0,0.19046981733113696,0.0,0.2131048713576633,-0.058119828471538806,0.10448003022128159,0.0,0.08643665983898408,-0.021634491589864958,-0.026902769878125576,0.02289657785728753,0.05459166328963797,0.0,0.0,0.05011525973738656,0.0,-0.0,0.0,0.025321404145370104,-0.055964629389551,0.07051687472616282,0.0,0.3756064359682518,0.14840148852568802,0.0,0.1127388064347464,0.0,0.0,0.0,0.0,0.03555387368093459,-0.0402014824304857,0.0526698550578931,0.0,-0.08569341683929624,0.06835184251190375,0.037810194293504705,-0.04065823695075204,0.049620029473884254,0.061530924181333664,0.0,-0.04380905257047776,0.051923999558322366,0.02439845260246165,0.062403073959094835,0.0883642427255788,-0.03620546122950271,0.04994684746702828,0.04849357658477137
1994-01,0.11466807740766896,0.0,0.0,0.0553962786083741,0.0,0.0,0.032750585153476244,-0.16478092396297325,0.04514811876454591,0.0,0.18654100071277585,0.0,0.20353191932037645,-0.05559094821195048,0.10343223219762782,0.0,0.08603968632255027,0.021681899545547344,-0.024197938808347648,0.023038448964549357,0.05562950483691668,0.0,0.0,0.0491364906867283,0.0,0.0,0.0,0.02552945090115281,0.058891830236487974,0.07079569638893285,0.0,0.37701752351885504,0.14188903294664482,0.0,0.10775706266067242,0.0,0.0,0.0,0.0,0.03554134403357946,-0.04071676488545814,0.05176365379334234,0.0,-0.08160500476773716,0.06867790183331604,0.03803605300837323,-0.04305637428541627,0.046529412574575026,0.05871988919029645,0.0,-0.046276873987697795,0.05333569656509869,0.024478211721457057,0.06249644749404765,0.08535635438184486,-0.03542156745964101,0.05015725572624145,0.04511767223386123
1994-02,0.11682173292356239,0.0,0.0,0.05658005751918538,0.0,0.0,0.03186410220596627,-0.1634281590014921,0.041295588939456895,0.0,0.1899280999445659,0.0,0.20532573177596417,-0.055797291603264625,0.10227325338796887,0.0,0.08834033784069802,0.021025658299623155,0.02638253564839717,0.01900990525179109,0.05652959458987893,0.0,0.0,0.0449417090415434,0.0,0.03004797641207559,0.0,0.025212787520987653,0.06017418951609932,0.07289514308938491,0.0,0.3778628910369216,0.14370506877764058,0.0,0.11005013319850056,0.0,0.0,0.0,0.0,0.03566031102909398,-0.0427284521720573,0.04900731744652477,0.0,-0.08243030387454685,0.06674894968021909,0.03809907648256308,-0.044781750360377015,0.04538772343427495,0.05617859348410152,0.020254286548109027,-0.04506549773381406,0.05169707566300194,0.02354765914319601,0.06012485420740111,0.08531291435922453,-0.04054203582362775,0.04886654747337196,0.04949692063517556
1994-03,0.1189278487295869,0.0,0.0,0.05722075757679524,0.0,0.0,0.03311174106870359,-0.16462373150816456,0.042785715505183515,0.0,0.18724392940649917,0.0,0.205739964878203,0.06204003591025206,0.09955906465786685,0.0,0.09378394791915708,0.021548158060017943,0.027999685193643143,0.02179188895499963,0.05501923728017016,0.0,0.0,0.044419407545235615,0.0,0.030159301958498183,0.0,0.027786545897362007,0.06290444107991931,0.07314253103942918,0.0,0.3834073326655002,0.14280578359519971,0.0,0.10796806687657239,0.0,0.0,0.0,0.0,0.04012751304121023,-0.043374750808971435,0.04965486249664101,0.0,-0.0836724662932539,0.06807667180378556,0.039061720310791075,-0.045591891122023866,0.046354594766146624,0.05674014472923609,0.018501955716628646,-0.0459458067182571,0.05447817611043567,0.020821634292146007,0.060622774232802226,0.08800353872076183,-0.041113712047505815,0.04769487174336996,0.04847331896943636
1994-04,0.11897077901563882,0.0,0.0,0.05878335945470207,0.0,0.0,0.034256687946260383,-0.16466802332453176,0.04333940715852881,0.0,0.19242984543233457,-0.0,-0.1868489484031429,0.06516149758312122,0.09811855610466749,0.0,0.09843978040765443,0.022037910528423396,0.029812991922735656,-0.01958687078212542,0.052022270330150465,0.0,0.0,0.04466940364413259,0.0,0.029555413833730525,0.0,-0.02846986242492106,0.06533010677687333,-0.07886410935840146,0.0,-0.41192910570417546,-0.13085552283731997,0.0,0.10576141333721764,0.0,0.0,0.0,0.0,0.04111758335028955,-0.04573724813957149,0.04767496266050602,0.0,-0.08520692361832725,0.07160740948547971,0.03882742080232137,-0.04685817346376095,0.046897677322998155,0.05832742639240544,0.01817572914235495,-0.048225319102909225,0.0557311052710282,0.021415906473274373,0.062047820929981866,-0.09291105883864291,-0.04283097903681943,0.04676184419684263,-0.04671579484346871
1994-05,0.11955665075814018,0.0,0.0,-0.06353836542546794,0.0,0.0,0.033546248232661,-0.164812297325292,0.04607136784343879,0.0,0.18894449529135954,-0.0,-0.18435035600889782,-0.07131609514959016,0.09627283355986443,0.0,0.09881365107230457,0.021308431006995095,0.03015321495784135,-0.01752158057819065,0.05317859136564393,0.0,0.0,0.045739056479586745,0.0,-0.03199731265747913,0.0,-0.027102087633796068,0.06568146497019547,0.08004693911654738,0.0,-0.4084705401866252,-0.1295063892085381,0.0,-0.1006300448768604,0.0,0.0,0.0,0.0,0.04153145865365356,-0.04767600030792717,0.04651882487127134,0.0,-0.082631126890967,0.06853194510893813,0.03578543003441303,0.046957346988010906,0.047217850151085566,0.057379792120778754,-0.020564102100443148,-0.04805173565021523,0.05245058398031913,0.019793218097547093,0.06158890518906818,-0.08908243395828318,-0.048282162384624294,0.04703343783068307,-0.045224811005364705
1994-06,0.12000200368368245,0.0,0.0,-0.061475401256644024,0.0,0.0,0.035670603589414686,-0.1605334951320964,0.044964382743993725,0.0,-0.1836260512545437,-0.0,-0.17863670758291122,-0.06970032232804219,0.08879027537846285,0.0,0.09678229124863191,-0.022619049845851086,0.02429313007409559,0.01985167380350435,0.04916817324467762,0.0,0.0,0.044399542676333593,0.0,0.03218929985437329,0.0,-0.027407068202929364,0.06376365601452327,0.07888284659346957,0.0,-0.39631877019197076,-0.12537658981806568,0.0,-0.09697661444323465,0.0,0.0,0.0,0.0,0.039778656308544984,-0.048995920734922045,0.04637797946701396,0.0,-0.07592453783741254,0.06830983780376843,0.03589308720964836,0.049736894516920406,0.045079850332525956,0.05920800819604767,-0.018659918486095668,-0.0486175623252858,0.051268861857886136,0.020323347711334663,0.06208608968252093,-0.07886806431075137,-0.04656930036642114,0.04530602402722904,-0.04236226768489632
1994-07,0.11977276330729017,0.0,0.0,0.06574755294092523,0.0,0.0,0.03320657575933217,-0.1625101232313907,0.04087085045188623,0.0,-0.18503604583812977,-0.0,-0.17979304188458542,0.07385595917215457,-0.09312441208640504,0.0,0.10399977439851096,-0.01991064377094698,0.019178634820134828,0.017461915987172123,-0.05524491840024917,-0.0,0.0,0.04423073825562248,0.0,0.03199655960983821,-0.0,0.033784528274156726,0.06792910173411609,-0.08560599231151902,0.0,-0.4006897059880078,-0.12578656947311473,0.0,-0.09674685609352732,0.0,0.0,0.0,0.0,0.04232678163063668,-0.049576452202622044,0.042493182377610246,0.0,-0.07754957876598122,-0.0724632471217503,0.03516752901120083,0.049759127867851236,0.04243306190084844,-0.05996410741154899,-0.021214328036906704,-0.050643387298505156,0.05198102557812699,0.020093220744502767,-0.060767364483286394,-0.07783317212386455,-0.04495892381421183,0.04420652111885639,-0.04232174609018868
1994-08,0.11898115051953095,0.0,0.0,0.06627605637066014,0.0,0.0,0.036475547264146715,-0.16417771018287997,0.0412566147199077,0.0,-0.19038718563503998,-0.0,-0.18407981320039696,0.07469592936260484,-0.09565271735772683,0.0,0.10306558671867336,-0.022199443205991445,0.019016319112697216,0.017484418055062734,0.05520032588828569,0.0,0.0,0.045781647849678024,0.0,0.03223513821951478,0.0,0.03413620350555048,0.06821321605872994,0.08584973273493117,0.0,-0.4072358109024742,-0.12979599375734158,0.0,-0.10119448446331246,0.0,0.0,0.0,0.0,0.04575800516874195,-0.05435833990874193,-0.05107438626482775,0.0,-0.08108501697683439,-0.07239160377039507,-0.03660709868452781,0.04908691554955358,0.04255155677589823,-0.055983353106847905,-0.01809402945175778,-0.05392454948442445,0.05493378098415783,0.02242072359692515,-0.0551451260577488,-0.08274213426157895,0.03994080314553717,0.04581019570543534,-0.04383241262349907
1994-09,0.11650592492787125,0.0,0.0,0.06440673631649033,0.0,0.0,0.031249401314352367,-0.16249285533298877,0.0391127622650784,0.0,-0.18182156765681753,-0.0,-0.179329288812662,0.07300642243781766,-0.09352874756693064,0.0,0.10026905084528921,-0.02035065060487345,0.018824353541701522,0.01760143857046316,0.056708973823851726,0.0,0.0,0.04514174577508349,0.0,-0.03346388778819162,0.0,0.03457879312717311,0.06689594321128865,0.08642706247481073,0.0,-0.3968642754377528,-0.12656441649041952,0.0,-0.09758543723148504,0.0,0.0,0.0,0.0,0.04457518986069885,-0.047432542841263144,-0.05005629157856772,0.0,-0.07638032590487225,0.07419871080121505,0.03739387068535843,0.04922676606575766,0.04372757676979267,-0.05693513097048531,-0.017371206406435722,-0.055659544625938875,0.05208843280809875,0.021552434299191327,-0.05528815688796866,-0.07964413424907696,0.03434501470868409,0.0489727814402653,-0.04122329201787969
1994-10,0.11213183351402191,0.0,0.0,0.0639513918538358,0.0,0.0,0.0303848636666499,0.1692684668217101,0.03939709875295267,0.0,-0.17156903818691907,-0.0,-0.170303147871544,0.07196750363323921,-0.0887422831958656,0.0,0.09769077490175306,-0.019696618870735365,0.018014348955369384,-0.019305995125364826,-0.05313429480908908,-0.0,0.0,0.045332114020977345,0.0,-0.03070288552097992,-0.0,0.0343488684384748,0.06687635182551195,-0.08528802030473388,0.0,-0.3808856186570267,-0.11907996186057565,0.0,-0.09066608441363673,0.0,0.0,0.0,0.0,0.04268314306007638,-0.04395360081633057,-0.0468525655359624,0.0,-0.07731657743220925,0.07294441706244179,0.037086185125012106,0.04625680562764804,0.04387863076529261,-0.0563305445763195,-0.017389078574384764,-0.05619662861977487,0.050675849444376794,0.019777640615594165,-0.05386196372330535,-0.075354054535737,0.03448295453613187,0.05035161983157596,-0.0406359704404681
1994-11,0.112675256825299,0.0,0.0,0.06651992016961786,0.0,0.0,0.030605876050648954,-0.170468366821067,0.0421730656706554,0.0,-0.17254421437587297,-0.0,-0.1697043285951269,0.07431373554196517,-0.08967189441895289,0.0,0.09991330097112447,-0.022876664930726875,0.016196443730729992,-0.021034993756618697,-0.054413175678241596,-0.0,0.0,0.043726831606662915,0.0,0.03384835099975846,-0.0,0.03553160927272327,0.06862860655813252,-0.08715646739032519,0.0,-0.3810613085589375,-0.11836252342002516,0.0,-0.09030207905258189,0.0,0.0,0.0,0.0,0.044757626871158245,-0.046479840371178846,-0.046946202582572615,0.0,-0.07958108914986946,0.07075778207178203,0.03456640165462327,0.04767633088325676,0.046892886935862334,-0.05662003003819697,-0.017594033867096223,-0.055212817782830714,0.05033140543200237,-0.021995205873431154,-0.054802147942615044,-0.07715805977579576,0.03472664293497006,0.048076564938220136,-0.04115180148739855
1994-12,0.1135457626094818,0.0,0.0,0.06197522358818746,0.0,0.0,-0.033459753263350545,-0.16296217412422462,0.04405120282517161,0.0,-0.17193002169274818,-0.0,-0.16946174996736704,0.06923880872867699,-0.08939400927180123,0.0,0.094977676144432,-0.023073928831620724,0.01551998064699797,-0.020191764723980803,-0.05267115129872307,-0.0,0.0,0.04151648756841066,0.0,0.03170897550685131,-0.0,0.038223997334396756,0.06313462061045656,-0.08145498105846521,0.0,-0.3697798433805341,-0.11944293389374812,0.0,-0.08991160876152211,0.0,0.0,0.0,0.0,0.04213279440571926,0.04935495551504188,-0.04746120005421152,0.0,-0.07683506652994233,-0.07495067657453014,0.0336354273603984,0.04559761932274036,0.05043176184703745,-0.057989370404459964,-0.01702295604425242,-0.047868762805375026,0.049106646905000585,-0.020618593759334176,-0.05555065310231614,-0.07464383672461922,0.03579609937127932,0.04525158771636302,-0.03998409327211163
1995-01,0.1136619328984754,0.0,0.0,0.061476671134125,0.0,0.0,0.03229166517221522,-0.15844208428068374,0.04380967072254615,0.0,-0.16776779190275246,-0.0,-0.17045700973360894,0.0703378657332178,-0.08717881621257127,0.0,0.09311557927177685,-0.024358838851601335,0.016149528237714265,-0.01854071720727961,-0.051847503937709746,-0.0,0.0,0.04129971214110136,0.0,0.032373638669570104,-0.0,0.037081401242478516,0.06337568025628605,-0.0953471324163106,0.0,-0.37374661425704114,-0.1250383811903885,0.0,-0.09424792832960725,0.0,0.0,0.0,0.0,0.04295866967735008,0.047997756538251606,-0.048719300528329255,0.0,-0.08280006915834634,-0.07425623108055898,-0.03657479361555248,0.044364746671550964,0.04880395726331961,-0.055913411738837765,-0.017263340699859856,-0.049467226113028666,0.05075395984540051,-0.021047321980278217,-0.05387328802797931,-0.07993546262713272,0.03622501729180678,0.04682490446809839,-0.04445407801203761
1995-02,0.11220804562248043,0.0,0.0,0.06256752428624655,0.0,0.0,0.034720711909284774,-0.1590530891280162,0.045664053181047694,0.0,-0.17191940894896188,-0.0,-0.17430791903157855,0.07331534494600253,-0.08908689861509435,0.0,0.09370913243940804,-0.022623863728296164,0.015016461591449742,-0.017947969295809277,-0.05068160227124221,-0.0,0.0,0.03910624944860371,0.0,-0.03405815745802111,-0.0,0.03485660170237396,0.06502843496332969,-0.09853197790666032,0.0,-0.3811932399187116,-0.1309072567422709,0.0,-0.09737833938050589,0.0,0.0,0.0,0.0,0.0429677548863711,0.05145959610041662,-0.048870799148080735,0.0,-0.084739487406167,-0.07302477096199772,-0.03501987492224757,0.04383295954151041,0.04654081105114184,-0.05625039043948669,-0.016351894830202426,-0.050582656799779496,0.05109500629731391,-0.021770363517310466,-0.053433443131790666,-0.08207143162334242,0.037981729869994194,-0.048762534653009,-0.04428933335274309
1995-03,0.10963777907328867,0.0,0.0,0.06272818050591684,0.0,0.0,0.03466238799922241,-0.1611494399945438,0.0431597846967276,0.0,-0.17301897647728315,-0.0,-0.17787755746739486,0.07643707887334449,-0.08891642174390635,0.0,0.09627657801991937,-0.02167237974557552,0.017294770666521228,-0.017476894229268063,-0.0509596260316544,-0.08120734475473049,0.0,0.03657351700823947,0.0,-0.030947532914639392,-0.0,0.0359759527100065,0.06748978352200653,0.10135516216592004,0.0,-0.3850668687533206,-0.13428791712277544,0.0,-0.09971936669880725,0.0,0.0,0.0,0.0,0.04158593198222523,0.05166156048460539,-0.04985053494539573,0.0,-0.08396602368467482,-0.07311488318725748,-0.0338923748877372,0.042179853875779695,0.04660069257986538,-0.05534822616051952,-0.01786479991266438,-0.05100042955339916,0.05055738958691168,-0.020667659530847298,-0.054054208436415556,-0.08217971765547054,0.038504147781702816,-0.04579539872071709,-0.04355225652369299
1995-04,0.10627468902797765,0.0,0.0,0.06244129701034476,0.0,0.0,0.030888191666200514,0.1610072711094548,0.040311923463351586,0.0,-0.1704152947224455,0.0,-0.17302490227930115,0.07885687623193482,-0.08721982246116705,0.0,0.08941782627479573,-0.022144263504924686,0.01542842630637647,-0.016468433738013738,0.05360463085648669,0.08568558274960562,0.0,0.037097024210942985,0.0,-0.03031570756258788,0.0,0.03463465620714876,0.0702549424684431,0.10092670051189517,0.0,-0.37467934061914593,0.14298593911942237,0.0,0.10617415609057333,0.0,0.0,0.0,0.0,0.045697180565954544,0.04962159524307401,-0.050070632591663986,0.0,-0.07379994220100325,-0.07357357552511577,-0.036852680733653345,0.04317272955066189,0.043887383733947,-0.057111228191279784,-0.019048659370048685,-0.05170879758477568,0.05270045560953998,-0.020537251229800955,-0.05341507251886539,-0.07150202371196364,0.03881530805800171,-0.045488638976778385,-0.03910576212834928
1995-05,0.10447689235953996,0.0,0.0,0.06152127122525388,0.0,0.0,0.03234624973918358,0.1646451795358405,0.04039977362955785,0.0,0.16117862006021585,0.0,0.18655156394997788,0.07744988296901807,-0.08899042598703942,0.0,0.08970919131054318,-0.022108453149373115,0.015837863091405207,-0.016474128514282343,0.05422299122618818,0.08640921473394499,0.0,0.038284079862870066,0.0,-0.03174186782835555,0.0,0.030731127165580525,0.06873384286928398,0.1024824003479741,0.0,0.3977010087320396,0.1436358778738943,0.0,0.10668842854857906,0.0,0.0,0.0,0.0,0.04218794907031975,0.04998254978059495,-0.04931970665952868,0.0,-0.07740089563683268,-0.0718457804759603,0.03332106491183828,0.0403211638947681,0.044296078295774914,-0.054905296615187574,-0.017610428051869853,0.05805779711470456,0.0522214567266219,-0.0216938163031949,-0.0533116844087951,-0.07230347486194663,0.04111198452861644,0.050539396592837356,-0.038217565704706274
1995-06,-0.10882525650006118,0.0,0.0,0.06291792615049902,0.0,0.0,-0.03389081271268287,0.15861813863744265,0.0407817097615671,0.0,0.16050266785736178,0.0,0.18706514244360858,0.07367873619610599,0.09814509014532624,0.0,0.08651993320048096,-0.02264946974318443,0.015015166072689655,-0.016641123205715414,0.05434717674282507,0.08551527408622318,0.0,0.03995944116942645,0.0,-0.03154231932568247,0.0,0.0313764748324707,0.06532111269493082,0.10270001308905347,0.0,0.39145279706176195,0.14601183831626316,0.0,0.10791126221713421,0.0,0.0,0.0,0.0,0.039867439889974786,0.04745239437840104,-0.049902821654885555,0.0,-0.07204572304384248,-0.069040720202514,-0.033262815833342514,0.04034892321886417,0.04295411487654877,-0.055121856512570025,-0.017300509100165774,0.061290906818236277,0.051793047722005624,0.021325554351201956,-0.05613240654432436,-0.0681742136225537,0.03739191566364211,0.0521810381432358,-0.038726082066074315
1995-07,-0.10583412353594697,0.0,0.0,0.06444514425134854,0.0,0.0,-0.030778025366156304,0.1557365988619028,0.04139555998396523,0.0,0.1543613494591866,0.0,0.18382903920639965,0.07381614447705288,0.09279238253179123,0.0,0.0842093235313841,-0.02243823039835429,-0.016458368952370364,-0.017452106312398383,0.05369979524198503,0.08722560292015238,0.0,0.03734745279024204,0.0,-0.03275685295384064,0.0,0.03153286961255257,0.06489883589497857,0.10251860647269345,0.0,0.38452656670184,0.14372583395911875,0.0,0.10671255957931426,0.0,0.0,0.0,0.0,0.03872072866049062,0.04477570354410904,-0.05006766491163755,0.0,-0.07334713623179706,-0.06739590655242851,-0.030806032789372727,0.04215572928480679,0.042369340137185234,-0.054879646542715675,-0.016988179977512584,0.057045750418175535,0.05175464189888279,0.020004911557228493,-0.05598913256416756,0.0665118114476959,-0.03951148927081678,0.048441981341027854,-0.04037444521711145
1995-08,0.10289546107727406,0.0,0.0,0.06524839600429093,0.0,0.0,-0.030142642401083865,0.1577582021390989,0.036766843069351615,0.0,0.15833386412866313,0.0,0.1842378722741059,0.0742922310076629,0.0953146292015278,0.0,0.08121721652431181,-0.02355959580537376,-0.017849331139681696,-0.016271707426435227,0.05665198640756184,0.09158483835101713,0.0,0.038490471095828066,0.0,-0.037172588657579664,0.0,0.03120376444957196,0.06533125183463125,0.10641667306525912,0.0,0.3871078541660191,0.1433892533365837,0.0,0.10543133076317494,0.0,0.0,0.0,0.0,-0.043227118248555275,-0.0468934081713101,0.058661482874072274,0.0,-0.07596390067409642,-0.06751003324238272,-0.030988915419967202,0.04207868683025878,0.04415659215525399,-0.05765831018219905,-0.017849546923237758,0.054813527159103224,-0.05630965802876024,0.020341667531829928,-0.05925555520670871,0.0680803601256179,-0.04061042517693504,0.05081190735175096,-0.04221393261694742
1995-09,0.10571529894331279,0.0,0.0,0.06442595725091975,0.0,0.0,-0.03212111766959873,0.1621024740208202,0.03896015905453396,0.0,0.16070524543952855,0.0,0.1865483709241358,0.07142401360457841,0.09707101890461785,0.0,0.07391966846779804,-0.023743515657648918,-0.017862358720849084,-0.018453846714758606,0.05706954826431711,0.0938011732029805,0.0,0.03706723254551467,0.0,-0.038178889733281374,0.0,0.032520705313095824,0.06276296441718404,0.10720591799331655,0.0,0.3908047177362497,0.14594876233265833,0.0,0.1068446538905848,0.0,0.0,0.0,0.0,-0.04178211567008577,0.04675541656362298,0.061916772348805306,0.0,-0.07389316418239457,-0.06887554126105451,-0.032942879600801965,0.04255009806194652,0.04403676700844605,-0.05776100404533653,-0.019054909745936776,0.054438009469095695,0.057822879615827154,0.01923347963832985,-0.06039973778268494,-0.06439880458935962,0.038661936848218156,0.0494827059987758,0.03994735744540316
1995-10,0.10260515488952075,0.0,0.0,0.07205521616878906,0.0,0.0,-0.02993358269291887,0.15632368921046144,0.03874554634457203,0.0,0.15594186894057194,0.0,0.180210820246298,0.07055210397533569,0.09318332983615417,0.0,-0.06771045170153749,-0.022694067762637105,-0.013989596366513056,-0.0164245453464118,0.06025340403546256,0.09212001973338962,0.0,0.037743459075895845,0.0,-0.036628008279678576,0.0,0.032542253830705276,0.06279924604651978,0.10698855469620643,0.0,0.37654840349323776,0.141481063691994,0.0,0.104323490786546,0.0,0.0,0.0,0.0,-0.03984707271578224,0.0454232902568062,0.06062195747410946,0.0,-0.07271843682517887,-0.06824074841645593,-0.03227542896327499,0.040873560466006806,0.043270254478367735,0.05844732039634891,-0.018055200278178547,0.05424720267923498,-0.057325641307542884,0.02148294906336258,0.06392268063379469,0.06390474807240176,0.03732609121397306,0.04906315850142365,0.040119054791446306
1995-11,0.10069229523178584,0.0,0.0,-0.10508389673628636,0.0,0.0,-0.029587842526837566,0.15242520121398248,0.03579701277916256,0.0,0.15422629700225174,0.0,0.17727638857219363,0.0762761435863819,0.09212641811748792,0.0,-0.0642879076668241,-0.023762100976015412,-0.014141059995404411,-0.01566971619006421,0.059278074778604285,0.08681181801324643,0.0,0.037102454935122334,0.0,-0.03503984756318222,0.0,0.03291504631237573,0.06585656766561476,0.10354974413190139,0.0,0.3686805002345727,0.1395559202869315,0.0,0.10414045800784148,0.0,0.0,0.0,0.0,-0.03715170230531339,0.043775492922910435,0.05837293119862835,0.0,-0.07163171363658682,-0.06751145312668339,-0.03075398205419329,0.037763771521480666,0.04201431739516618,0.06045760081400256,-0.01778163179063335,0.05108988304634343,-0.054176144646727,0.01867042969050556,0.0650745165845442,0.0639003655169295,0.0372456400165583,0.04805931179434806,0.036684057453391705
1995-12,-0.1030812469187219,0.0,0.0,-0.0991325868293073,0.0,0.0,-0.029403537015416238,0.16170864723953698,0.035503746788942886,0.0,0.15346907683583103,0.0,0.17454378096524845,0.0757441681389103,0.09246092785157725,0.0,-0.06228951793954514,0.023579319469863094,-0.013866150318524976,-0.015713330758780526,0.05976859667896059,0.08783071626148953,0.0,0.034823919918752444,0.0,-0.03628808118971081,0.0,0.03328695584891546,0.06552994596574983,0.10482953940518422,0.0,0.36530744474972704,0.1380063496877941,0.0,0.10342673827162446,0.0,0.0,0.0,0.0,-0.03673705510870109,0.04502967589834597,0.0565351303985697,0.0,-0.07364160117129342,-0.06746342660457767,0.031155786188939095,0.038355892706522114,-0.04541373862004789,0.059892338203184466,-0.018465844104271247,0.050191100786077025,0.05616903397861062,0.01777913360554096,0.06350325407385227,0.0616064014202041,0.03795750104453438,0.04694724243020654,0.03719085773188982
1996-01,-0.09967017798769265,0.0,0.0,-0.09724217532090805,0.0,0.0,-0.02978598319189314,0.16677672042771902,0.03268548233040203,0.0,0.15008425317508892,0.0,0.1705590358340175,0.07641305304011164,0.09043703072892197,0.0,-0.05939525715180401,-0.024168043056904613,-0.01383938512402906,-0.015981715821974506,0.059368868414588646,0.08356116508623196,0.0,0.03471809334781659,0.0,0.03367523673590058,0.0,0.034014203424088604,0.06620590128582465,0.10217029210790712,0.0,0.36645352582625423,0.1348204357841226,0.0,0.1019045542816368,0.0,0.0,0.0,0.0,-0.03816164805361515,0.04741923439096321,0.055768665128872456,0.0,-0.06694325202133353,-0.0677393329353943,0.029769225593994374,0.03615781532499743,-0.043944546017892064,0.05785179049810854,0.01717575384616278,0.04772076643696276,-0.056136242970986405,0.017071758133555277,0.06511466592350525,-0.06380965865696042,0.03998699872711953,0.046956942944204945,0.03616927603977318
1996-02,0.10445607967017788,0.0,0.0,-0.09521594410667948,0.0,0.0,-0.029816617261998676,0.16690328388482217,0.0347363044276706,0.0,0.1522788494510694,0.0,0.17952338295075274,0.07414037493027024,0.0905740589110731,0.0,-0.058275525562717825,0.025876115080924134,-0.016463220180830285,-0.016683234355850566,0.06061137026671356,0.08534435749413335,0.0,0.0354573997227203,0.0,0.035284843873881,0.0,0.03582428384973707,0.06350131204954222,0.10593848202188094,0.0,0.3698124555734543,0.13581668307338765,0.0,0.10198609990789105,0.0,0.0,0.0,0.0,-0.03859706971995552,0.045148145042921556,0.05583149003391381,0.0,-0.06633330185895117,0.07327465812829344,0.03211302085278047,-0.038180186598204484,-0.04249910430466281,0.057833336182111665,0.018328991097320505,0.04465108905928957,0.05533029108744739,0.017075746011881575,0.06492594448163892,-0.061508312591415815,0.037408341496811506,0.047869003883581306,0.03445533589966888
1996-03,0.10838817168103589,0.0,0.0,-0.09751021684496554,0.0,0.0,-0.030166519311295745,0.16880684431712872,0.03379069878750227,0.0,0.1489108383307153,0.0,0.1777631340523095,-0.08097827824039087,0.08818286446713047,0.0,-0.05964352828404975,0.02629612030568084,-0.015349194703963596,-0.01964039243617565,0.06058333902071072,0.08830388204196958,0.0,0.03644915382136873,0.0,0.034053249823976714,0.07709390679619646,0.03718298812318287,0.06467516922866742,0.10490213355963245,0.0,0.3700141454237829,0.13306309490569881,0.0,0.0976886581342776,0.0,0.0,0.0,0.0,-0.04112844285403123,0.04481412559993175,0.05411364900728507,0.0,-0.06811132901731413,0.07270248645604802,0.03189408781637282,0.037577903599440944,-0.041912727705276355,0.05690018752528204,0.017359272901707266,0.045722300592009234,0.0547350531064352,0.01823612193646117,0.06342344291872053,-0.06221410463935976,0.03662873084114725,0.04831859175905883,0.038106417128307965
1996-04,0.10931841295036543,0.0,0.0,-0.10382751881375925,0.0,0.0,-0.0305390124117473,0.16771123695749823,0.03335477932060304,0.0,0.14625279116670595,0.0,0.17237465706024507,-0.07928649683476378,0.085722780302945,0.0,-0.05854268109248496,0.026312221297107162,-0.015027553179926574,-0.02004637998734288,0.05937004288926903,0.087883739731461,0.0,0.03623519661937113,0.0,0.035921660751041536,0.07738272446260902,0.03713270365509613,-0.06978470480884627,0.10418236626707728,0.0,0.36122149707181794,0.12860541359302857,0.0,0.09362592750732407,0.0,0.0,0.0,0.0,-0.041034802468250496,0.0435177259234642,0.05383790770587741,0.0,-0.06548912802810955,-0.07115541524886475,-0.03052539373606049,-0.037409437750757765,-0.043155765155575516,0.05608023781536486,0.018681141607326777,0.04586633230289042,-0.05554039428775257,0.018310537463022122,0.0628386192095629,-0.05973737034060781,0.03459328899370894,0.04727744889249578,0.03902444396928005
1996-05,0.10402094517318976,0.0,0.0,-0.11028611465674586,0.0,0.0,-0.03000198118122736,0.16631512866481235,0.03162449661574445,0.0,0.13948773700896996,0.0,0.16589665670566733,-0.07213616717145559,0.08345489534515325,0.0,-0.0592791054375638,0.026023232739555358,-0.015306351508480438,-0.021979189930322832,0.05826528528210419,0.0849525835814451,0.0,0.03352408269306157,0.0,0.034917694540177305,0.07656515277997468,0.034151867959597036,-0.06293905722419445,0.0990690313523201,0.0,0.35624554065409114,0.12005031482890843,0.0,0.08670416910934486,0.0,0.0,0.0,0.0,-0.03822798502509842,0.04160686826474785,0.04799666532552271,0.0,-0.06345683555661558,-0.06650458345825215,-0.02840352508505672,0.04061554075671597,0.04267646166559124,0.05371941782156747,0.01695312600343974,0.04452563719353615,-0.05222145224313301,0.01786293384109518,0.06217176012848743,-0.05342045175828926,0.03416352743497237,0.04218274318441525,0.04020192144201813
1996-06,0.10898160631929711,0.0,0.0,-0.11695196805528765,0.0,0.0,-0.031101060702529604,0.1703874871006053,0.030361723218647427,0.0,0.14264499920827745,-0.0,-0.18395974554102779,-0.07462960714264072,0.08558690161205113,0.0,-0.059466819605510174,0.028925071978665035,-0.014719079020310999,0.02260630776245296,0.05870747139699744,0.0881582193070582,0.0,0.03319831315148079,0.0,0.0357328900745545,0.08145649518006352,0.03797700063249315,-0.0643970388751762,0.10400575655538784,0.0,-0.39597301731904694,-0.13028667939902475,0.0,-0.08583845155667624,0.0,0.0,0.0,0.0,-0.03962523258166568,0.03840125795566442,0.04821034447365861,0.0,-0.0697405890837053,-0.07043842564296593,-0.02962503293595475,0.0404087635799683,-0.04229468645820301,0.05431410212438074,0.018666922884823082,0.03861637508603426,-0.05380246300256128,0.01883049703547704,0.06246337067967965,-0.05919019147069751,0.034210837183957996,0.040548053715085845,0.0408991252100031
1996-07,0.10881341830030324,0.0,0.0,-0.1184997518823819,0.0,0.0,-0.031337335498070856,0.172932889267644,-0.03109403277794169,0.0,0.14485227743615792,-0.0,-0.1878470449131126,-0.07712116686297102,0.08826318008495047,0.0,-0.05911844211641582,0.028983007985642534,0.014358948585555774,-0.022425610176115156,0.058762849842338045,0.08747314210914349,0.0,0.032118960405261195,0.0,0.0371117509151901,0.07835258319673943,0.04035869047625947,-0.06480480492994523,0.10583681637316164,0.0,-0.4020711928936339,-0.13358774614748095,0.0,-0.08845150274890565,0.0,0.0,0.0,0.0,-0.0407188608321377,0.03999605510218197,0.04765091386037445,0.0,-0.06858678421228069,-0.0689443837788888,-0.027674582731198695,-0.03504599558480909,-0.04080203831675686,0.05484352591772303,0.018383042437655026,0.039505246692034174,-0.05277252270765661,0.01896783612691814,0.061014485001096005,-0.060791620658678686,0.0336125155074424,0.037223113285532315,0.03854245672361794
1996-08,0.10930354768692971,0.0,0.0,-0.12094185955276096,0.0,0.0,-0.030742500213410812,-0.17714578950599458,-0.03216325398019882,0.0,0.14770073741760387,-0.0,-0.19076557280759102,-0.08119650053531546,0.09020370272080701,0.0,-0.061634021221526204,0.028749088247167383,-0.014314254579542206,0.02191876168937936,0.05997474601618669,0.08327682541048517,0.0,0.02962536134800062,0.0,0.034408215343283775,-0.0627851255713616,0.043138746555922036,-0.06895956770068185,0.09760107944256392,0.0,-0.4091228694960034,-0.13561079536925189,0.0,-0.08977112950102561,0.0,0.0,0.0,0.0,-0.041047456207972566,0.039609985489957,0.0432331233075099,0.0,-0.06624950116154507,-0.07379402582950872,-0.02975592656008609,-0.036806715287122566,-0.04002387761678453,0.05568706762249777,0.014042981959604543,0.0363226243341977,-0.05566501326760151,0.020111595464163887,0.06129323433061726,-0.05956866261380476,0.03347590279163777,0.03457906451978685,0.036666276499933675
1996-09,0.10872035370322185,0.0,0.0,0.1267548931637278,0.0,0.0,-0.02943291822315648,-0.17310321082678726,-0.03236090553313801,0.0,0.14395076728179088,-0.0,-0.18444724118106204,-0.07843564706328625,0.08988406948428665,0.0,-0.05849846809929653,0.028841429548725633,0.014231898072489254,0.0232155178196817,0.06113183797841773,0.08343732367003796,0.0,0.028196751227012783,0.0,0.032735821166690125,0.06308145486887945,0.04230080825850189,-0.0667296090993724,0.0963454802006703,0.0,-0.39748981059408856,-0.13077867850227207,0.0,-0.0858854149117154,0.0,0.0,0.0,0.0,-0.04442623482608378,0.04006373159302899,0.043865150727293724,0.0,-0.06606801684163437,-0.08783772089987901,-0.031276101451783354,-0.037233861590917294,-0.03983472485422906,0.05626206129290354,0.014061673029703608,0.03469737477234568,-0.05781814111474434,0.018910135171449478,0.060637855685519756,0.05341488101830393,0.033146061756809876,0.034336376824057165,0.03489838551230403
1996-10,0.1074106743300844,0.0,0.0,-0.12701554408117904,0.0,0.0,-0.029708757668229422,-0.17257015660408298,-0.031459450601104735,0.0,0.14545600425736188,-0.0,-0.18398858524222456,-0.07709717370337205,0.09047300993448616,0.0,-0.05747709270791568,0.028997150104031633,0.012690523323240617,0.020460324718065033,0.06152529850577179,0.08201240772083335,0.0,0.02631085566128081,0.0,0.03441154134823992,0.064218642048577,0.04076759569922168,-0.06285990721342471,0.09716084252360925,0.0,-0.39369165308167436,-0.13100761657528479,0.0,-0.08653947271714729,0.0,0.0,0.0,0.0,-0.04370120502188844,0.04019052229347015,0.03731504004885864,0.0,0.05913382558100591,-0.09206737573285873,-0.03401141459408177,-0.03470698384164699,-0.03746079513633095,0.0544495156877305,0.014845958722814625,0.03023944100793221,-0.05982463130796249,-0.019270441756356244,0.057006962442613725,0.053786244653093854,0.03231208634916001,-0.03432547690600891,0.03621303201818081
1996-11,0.11005836132606474,0.0,0.0,0.12089917196800544,0.0,0.0,-0.029861110510917235,0.18936176795727352,-0.03061552295297769,0.0,0.14944297081455263,0.0,-0.1909963749764056,-0.07898858281711513,0.09309436080222873,0.0,-0.0575276092695854,-0.035405927471512916,0.014767887390628509,0.02171532202010413,0.06314393376008201,0.08230670341712351,0.0,-0.02756584808650272,0.0,0.03353725201073907,0.06468967696609033,0.039888771463305064,-0.06458246335556822,0.09712755567973151,0.0,0.3896248217735073,-0.1368424232372628,0.0,-0.09154996908988475,0.0,0.0,0.0,0.0,-0.04414436533892107,0.04141960445375097,0.03419109693864358,0.0,0.0598493777606299,-0.09647543654916876,-0.03479754464571207,-0.03594948636451479,-0.036778171213613986,0.04891640871338949,0.016961416733922645,-0.033219377318031006,-0.060738608453037274,0.026401312007379434,-0.049532516129413943,-0.05342676109448408,0.032043468665449625,-0.02987686844118517,0.035143732509624784
1996-12,0.10963490963539514,0.0,0.0,0.12094846422894834,0.0,0.0,-0.03053798657430071,0.18141123120018882,-0.030571400067363325,0.0,0.14423555256685364,0.0,-0.1869585228039307,-0.07909923610516655,0.09216726367453806,0.0,-0.0576262107208638,-0.03334777701462592,0.014781119717617128,0.021437529353333394,0.06210417788796795,0.08159487436565244,0.0,0.02899075312093683,0.0,0.03329455178704128,0.06504408825664196,0.04015854948779874,-0.06376164693179383,0.09187322786444112,0.0,-0.39026885153497876,-0.1347828350394958,0.0,-0.09113044385878245,0.0,0.0,0.0,0.0,-0.045455710278059655,0.04159878826034209,0.03370410715130842,0.0,0.058842545017600695,-0.09616505423623656,-0.03483077294780321,0.03340963767760718,-0.039452832411728575,0.05139012925308043,0.016154038489655215,-0.031010144489198536,-0.06089632524483246,0.026993562420044977,0.04967553888158034,-0.05185893281175271,0.03180529699315106,-0.030888925602887047,0.03613293751787627
1997-01,0.10569400377812009,0.0,0.0,0.12119316312771672,0.0,0.0,-0.031098234188815937,-0.18508480180171996,-0.029653128485223144,0.0,0.14041029431036245,0.0,-0.18080389640353642,-0.07885863608292962,0.09224979578195153,0.0,-0.057326230364152506,-0.0294896450175761,0.015507539488942991,0.022238110145364462,0.06155181263155959,0.07935638832154829,0.0,-0.029172539547742668,0.0,-0.03463285281189371,0.06436596313905954,0.040692542861726556,-0.06247888487863765,0.08773714745107213,0.0,-0.3810445015488894,-0.12947787493559776,0.0,-0.08696446184841894,0.0,0.0,0.0,0.0,-0.04748110164345955,0.04417513451202577,-0.03607274641073094,0.0,0.05943215228420072,-0.10724081559574235,-0.03838382265679465,-0.03369328051412383,-0.04344311390337296,0.049627404506876326,0.014100624889923348,-0.02954319770653798,-0.0656939380739216,0.027719998721572683,-0.04999956401931515,0.05328189680552969,0.03473387479586428,-0.03062873539296049,0.03587232843414876
1997-02,0.10638372715223113,0.0,0.0,0.11101923425209494,0.0,0.0,-0.03162957457719532,0.18428285684062357,-0.030615429637193197,0.0,0.1391252785104991,-0.0,-0.1773557663557824,-0.0736423241338588,0.09366236454749748,0.0,-0.05762016599515468,-0.03155832473256912,0.015523804729661313,0.021527712151911203,0.062477176545322366,0.08071731846274707,0.0,-0.028664782435280728,0.0,-0.03549530606308028,0.06451082206897667,0.039885540388668296,-0.060713736529691656,0.08726805480099979,0.0,-0.3742462948117669,-0.12673854925591485,0.0,-0.08449319794311592,0.0,0.0,0.0,0.0,-0.0476399278011785,0.041771252063841934,0.03675839351409863,0.0,0.059752171839875606,-0.09823577213293856,-0.03878380822112955,0.03424840312276333,-0.04394696136304734,0.05072097093105836,0.014471406961241122,-0.03005971369862543,-0.06435700567855442,0.028888889338515283,0.04923149072776725,0.052768282560662017,0.032525604143222454,-0.029319660539209744,0.033572805602293525
1997-03,0.10984594763529619,0.0,0.0,0.11108661590476185,0.0,0.0,-0.03157317858913743,-0.18393215596095217,-0.030632489862875343,0.0,0.14277872985214396,-0.0,-0.17854132456655503,-0.07294037871860548,0.10119821567531714,0.0,-0.05898132001524507,-0.028288805148764078,0.014997969619363286,0.02030064565956914,0.06439371904735786,0.08042427277923274,0.0,0.03027985957262319,0.0,-0.03623996815593515,0.06341724627155848,0.04266123931455924,-0.06025850450191371,0.08860649338077352,0.0,-0.37764210965354406,-0.12761061419078806,0.0,-0.08505950496614985,0.0,0.0,0.0,0.0,0.04142610831788613,0.037731574429997417,0.03955995761197285,0.0,0.060271832537298405,-0.1048650922782173,-0.042336322780556254,0.03694836096984892,-0.045287718301519855,0.04852035447347257,0.014130105301259788,-0.03443287680140726,-0.06611615009933466,0.028892913563503687,0.05268855179116967,0.055617399730762705,0.027916963808328508,-0.030875636189258017,0.03383736216985243
1997-04,0.10897163645376268,0.0,0.0,0.1098736331155531,0.0,0.0,0.03284797902175847,-0.17805963020450846,-0.029936703010901122,0.0,0.1369594901041323,-0.0,-0.17452904344525483,-0.07286376959457877,0.10381328518161054,0.0,-0.058582300394902455,-0.027974040441532066,0.014842335700552156,0.01995731757734075,0.07164193673439109,0.07524292131717167,0.0,0.03174960260479682,0.0,-0.035352921690864555,-0.06448838143186925,0.04119553725834451,-0.06012784244728131,0.0826369441335209,0.0,-0.36838164823499026,-0.12499794605381515,0.0,-0.08236599025344937,0.0,0.0,0.0,0.0,0.03874406198683143,0.03755973821478353,0.039657265434848876,0.0,0.059495074099880786,-0.0991584290708393,-0.03935667428559407,0.036607618413559334,-0.04329365796031463,0.04555479792259871,-0.015582279927948348,-0.03429387990623583,-0.06063564706003,0.027155381250045824,0.05038626648745013,0.05438763628479341,0.027479075309860688,-0.032111437594730396,0.03284575056664229
1997-05,0.10701062332878344,0.0,0.0,0.10632376343922072,0.0,0.0,-0.03254985521352378,-0.17209416377370051,-0.030166686534813292,0.0,0.13544335612210143,0.0,0.1957135482471945,-0.07163561975859192,0.10470166502504724,0.0,-0.05828635799767792,-0.027939633122182204,0.014618708019396066,0.020662425269703077,0.07226989225545108,0.07506327148652456,0.0,-0.03019833666340235,0.0,-0.037765022145781466,-0.06302259071078758,0.041492109155060776,-0.05932682571470148,0.0852110064133047,0.0,0.39015155885186126,0.13851361295596196,0.0,0.09158537505805525,0.0,0.0,0.0,0.0,0.04004290047199105,0.036395949238120104,-0.035579288857171223,0.0,0.060945230444530755,-0.0933973848556236,-0.038066082627953655,0.035637101788769485,-0.044188409743679595,0.04559749428049784,0.015411694421556543,-0.0323019225527831,-0.05898196198059235,0.028584511542088954,0.050092277338420706,0.05288596090789889,0.028133791851710086,-0.033630625942354775,0.032755861432801736
1997-06,-0.11841108722046485,0.0,0.0,0.10524049698712862,0.0,0.0,-0.03514905452851737,-0.1706004475221365,-0.02999422401746472,0.0,0.1319663270218522,0.0,0.19215311933334656,-0.0711613145200829,0.1184399049188086,0.0,-0.062083750228651154,-0.02786813970389642,0.01501528049005651,0.0204290158373819,0.07604333314916747,0.07562839254561844,0.0,-0.025744102133616553,0.0,-0.038304240111126715,0.058398248930779266,0.04139510815739778,-0.060333328194424926,0.08212514165875212,0.0,0.3827600271225365,0.1362862383249035,0.0,0.09028371636976902,0.0,0.0,0.0,0.0,0.04113438390243722,0.036470094011174854,-0.0321609731410392,0.0,0.06171670640671444,-0.09243372366851334,-0.03821138381989317,0.037318390931364465,-0.04151208160574956,0.04521880458544414,0.015475495522030334,-0.031672169542306436,-0.06252103549093795,0.02867127703439809,0.048683009950417994,0.051779069422551345,0.028577719809305915,-0.027381230275451505,0.03147067938391645
1997-07,-0.11775118157013205,0.0,0.0,0.1067415668592349,0.0,0.11866631805515371,0.03560425749560203,-0.170253359426941,-0.03054099275405204,0.0,0.13484183204464145,0.0,0.19374166927489322,-0.06998196819800691,0.11993883552141234,0.0,-0.0629215388483716,-0.028386268446924788,0.012743953413864282,0.02035988612868033,0.07552559036545517,0.07512596740488899,0.0,-0.02467081500205379,0.0,-0.039237343772503847,0.060786623895922626,0.04172168450655299,-0.05831257513571188,0.0809762787231304,0.0,0.38498091577389293,0.1378013533305716,0.0,0.09176108648061213,0.0,0.0,0.0,0.0,0.03985666158169672,0.03411779224913935,-0.030846817898924857,0.0,0.05914095077868399,-0.089474845011402,-0.03773586664484331,0.03586080866432755,-0.03947726879958858,0.0368164297309439,-0.014989752848011115,-0.031145745722776015,0.053148177913447246,0.028370475956027534,-0.03624615107507472,0.05156517219248614,0.027238902209474582,-0.024881108352017525,0.033432037428587774
1997-08,-0.11060426096002608,0.0,0.0,0.09984814174723226,0.0,0.11675705490453198,0.033451885231218954,-0.16151086081029936,-0.030182082305354692,0.0,0.12986297240697348,0.0,0.18745207447643672,-0.06746200148120067,0.11529323821263683,0.0,-0.05736485278992824,-0.029825807023993234,0.012939783680812805,0.020172902088582675,0.0764953457433139,0.07026589424134358,0.0,0.027172089364199032,0.0,-0.03683071334565499,0.06007953638277631,0.04131560173109835,-0.05664993578515231,0.07754463122001316,0.0,0.36786481267374527,0.1345300984109089,0.0,0.09151910769306187,0.0,0.0,0.0,0.0,0.03783524064602491,0.03549392959668159,-0.0326483241569372,0.0,0.05670100252094324,-0.08235007545447838,-0.03698077386972635,0.03303787145001166,-0.041548610456894744,0.03774639938638402,0.015338389182488244,0.028948359866926034,0.05197194284274111,0.029424170091267007,0.037667376727969264,0.05168703898942191,0.02776823573553192,-0.0257203768553906,0.03220932427780842
1997-09,-0.10967815980300916,0.0,0.0,0.0997729057612544,0.0,0.11655421720434588,0.037333443889404384,-0.16335323822313144,-0.03021365729013677,0.0,0.13040406725822926,0.0,0.187123222371335,-0.06919021865657635,0.11555816623593991,0.0,-0.05658670025350352,-0.029319414198202002,0.014753037026872431,0.02115062920190001,0.0758163827615838,0.07049220162555088,0.0,0.029346438571938152,0.0,-0.03324398555511838,0.06194315215335804,0.04144450873739945,-0.057869140899823535,0.0722070186949605,0.0,0.3702595054283563,0.13349604565284903,0.0,0.08958505012720407,0.0,0.0,0.0,0.0,0.03664464634924041,0.03685923502360257,-0.032876387789815734,0.0,0.05510883495966548,-0.08289057608658518,-0.03840808278278496,0.03043430923519142,-0.042482259307726394,0.037869299692729,0.016849986272744023,0.02911496410812998,0.050312279492010434,0.029266863293781954,-0.037477854271443525,0.05062021116771592,-0.032747194355045854,-0.027177289665936598,0.030857878266838442
1997-10,-0.10616430258921285,0.0,0.0,0.09746474863502796,0.0,0.1159814821573933,0.03570830133438874,-0.16999547216004401,-0.0299988811201544,0.0,0.13650970344938393,0.0,0.18467382577221447,-0.06936011828080475,0.11811999621464128,0.0,-0.05535873734833001,-0.029557770045420432,0.013033081523617386,0.019954535510571234,0.08086801068779864,0.07021109329858446,0.0,0.026952672490248283,0.0,-0.03187957919978457,0.062276612295312464,0.03886818075480614,-0.058045901488070165,0.07276857507574835,0.0,0.3634060272304119,0.1322870994144817,0.0,0.08958193838174254,0.0,0.0,0.0,0.0,0.036865516745826485,0.03670450790297667,-0.031032065952831842,0.0,0.05403407199775526,-0.08342282027904908,0.03810485459079822,0.029074888015723367,-0.04273669555124131,0.03578315850387839,0.016778438181173364,0.02692615595040965,0.05331522271769731,0.031394604320385475,-0.036418976008544296,0.050500448022495356,-0.03432710941083614,-0.02456794373759899,-0.03448975861145288
1997-11,-0.10204724009475888,0.0,0.0,0.10075879307465947,0.0,0.11777411035299627,0.03396643628413286,-0.16565966963034945,-0.030769883896138935,0.0,0.1379022615832261,0.0,0.1857264670470118,-0.07043258535484019,0.11708114426586479,0.0,-0.054944407800832144,-0.030936195634197264,0.012788921598390582,-0.022754462012229373,0.07337714260392991,0.06707988002067992,0.0,0.026804542990029906,0.0,-0.03184054083348667,0.05922957874432641,0.04150412926650109,-0.059740247748172555,0.07019130826152857,0.0,0.3635543886566521,0.13375893082228218,0.0,0.09172955710685714,0.0,0.0,0.0,0.0,0.037652643014739515,0.03638548288171523,0.034361715945584334,0.0,0.053550469050755056,-0.07700416604556613,-0.03801088372619604,0.029191499606438926,0.047710789686577486,0.03690750027593633,0.01689605657847495,0.02682983735471675,0.04976144936565721,0.031960175502433956,0.03685442795698179,0.05140594585879312,-0.033979960798161325,-0.025026631524361083,-0.03371611579572368
1997-12,-0.09926055452242112,0.0,0.0,0.10128269494865068,0.0,0.11594397676948497,0.03452574993585876,-0.1658868957135772,-0.03061182215495406,0.0,0.1390897165976913,0.0,0.18450172899430553,-0.0684369680501232,0.11725781556158153,0.0,-0.05212013628065933,-0.03483813746644521,0.01439091244530967,-0.024037695369063958,0.07333091448855168,0.06695564665309216,0.0,0.026027884249720464,0.0,-0.03206897640265347,0.05841409240643872,0.042739607137660215,-0.058187210054363864,0.07226830767871575,0.0,0.3611119840937886,0.13311114190253898,0.0,0.09199073519511324,0.0,0.0,0.0,0.0,0.03738357977914838,-0.039559794794650424,0.033327969197632604,0.0,0.05438887299760503,-0.07313424712908882,0.036403119368844404,-0.03359732459320608,0.04825895593761642,0.03656689061576685,-0.014765471884076672,0.02714653917784877,0.047013352650724934,0.03144417494507005,0.037877459589018704,0.05148749148624988,-0.03045539652266016,-0.02465222524160048,-0.03367030969693299
1998-01,-0.0938759976823812,0.0,0.0,-0.10251608128985606,0.0,0.11278874932014094,0.03462649895412598,-0.17071463929304603,-0.032311002820640713,0.0,0.14405502897947584,0.0,0.17959110581378393,-0.06853079488686263,0.11485182241150471,0.0,-0.05192120829377801,-0.03401106603702682,0.014604662621543798,-0.020267705234218215,0.07492318499462901,0.06686783670941539,0.0,0.02438955574887254,0.0,-0.03099537611290126,0.0570358677805549,0.042812612957707316,-0.057630601790570175,0.07096991956827052,0.0,0.35073140053929036,0.12983905576359586,0.0,0.090180505210523,0.0,0.0,0.0,0.0,0.03545098493200598,-0.0356700106995287,0.030471216686019938,0.0,0.04989746733142376,-0.07179474897199678,0.03754611223359277,-0.02966306671471613,-0.05481196176880754,0.031583660568882156,-0.013148643273294541,0.026940739551693717,0.04403511835767403,0.03043938019725731,0.034443290016162795,0.05437951518786014,-0.027068178124238045,-0.024304386975334526,-0.034752390436319426
1998-02,-0.09835798916444932,0.0,0.0,0.10306908763075412,0.0,0.11384196088274187,0.03541215885049792,-0.166987787374727,-0.03274325079188952,0.0,0.146335097992033,0.0,0.18065813783948853,-0.06945684116635122,0.11633029968471668,0.0,-0.05278462114227211,0.028393051906297755,0.015606240709157688,-0.020728726408619523,0.07659368438780782,0.06502542596298953,0.0,0.02491363068518443,0.0,-0.034045444283934655,0.05535184644069542,0.04263617463184428,-0.05849484160454185,0.07114604148768218,0.0,0.35047006225868044,0.1308118703795733,0.0,0.09095600122564662,0.0,0.0,0.0,0.0,0.03499633661867528,-0.03520767609842184,0.031191720849889384,0.0,0.051414527372709684,-0.07462011739183183,0.03816326434237457,-0.029926011249670453,-0.05397558735638835,0.030513061782402998,-0.013899226088840987,0.02717138615522775,0.046052436869763444,-0.032683575743221,0.03404679686787191,-0.06069241464683042,-0.027170182407591347,-0.025002605822609394,-0.03505818015802328
1998-03,-0.09624233055709602,0.0,0.0,0.10289239749454417,0.0,0.11197048266327438,0.03557498997565838,-0.1689021298256947,-0.034756172779307495,0.0,0.14619611227790935,0.0,0.17836247905528615,-0.07266180307306737,0.11414692588891956,0.0,-0.05262050905530788,0.027085594276297406,0.014673161135432445,-0.01998516782951052,0.07486364392074517,0.06788455307274123,0.0,-0.02807153643660233,0.0,-0.0340362294956867,0.05877828734752312,-0.04465004632102779,-0.06006272429060372,0.07244773729283452,0.0,0.34516873227703004,0.12818529822837918,0.0,0.08884232263399623,0.0,0.0,0.0,0.0,0.033820681312604094,-0.03379784759774019,-0.03341022821576977,0.0,0.048168598535523376,-0.07272577518498771,0.03816872682509921,-0.029967039431967487,0.054428053461963964,0.02796582861820561,0.015542622900202403,-0.0299507694333801,0.045027395918196544,-0.03147071648280709,-0.03613183389576585,-0.057276903299927004,-0.026106090970894794,-0.024942511703129923,-0.03176347605620274
1998-04,-0.09085290522782352,0.0,0.0,0.10151550963547357,0.0,0.10948394402243783,0.03599548438212638,-0.16415974326057947,-0.034405976685273315,0.0,0.14209568126897765,0.0,0.17535691440761256,-0.07916283452327902,0.11203391266201691,0.0,-0.061307072559527304,0.02653355389141912,0.012878456212333338,-0.020253844316112574,0.07400308548771631,0.06629634216034475,0.0,-0.02746221834970843,0.0,-0.03105729559986553,0.05923084010003691,-0.04477615110958522,-0.06736834761809075,0.07069995740409954,0.0,0.33566428070594784,0.12397375932629608,0.0,0.0859581948686502,0.0,0.0,0.0,0.0,0.03467583420646086,-0.033221884314645844,-0.03103634183768566,0.0,0.05138252843799628,-0.0708549808838133,0.0369239036686343,-0.030102306162306584,0.05304228814151285,-0.030078996996140455,0.0161211379593328,-0.026591482937577675,0.04635710905616347,-0.02898803381272309,-0.03431663579523665,-0.05999001243829498,-0.02571610022884088,-0.02440489187864984,-0.033824288716802535
1998-05,-0.0868739962689595,0.0,0.0,0.09921666308689225,0.0,0.10861632875279384,0.03640951543212562,-0.1770564016927408,-0.03869212001019403,0.0,0.13985528148130882,0.0,0.17534496262977467,-0.07931167617736345,0.10972912076342725,0.0,-0.06238926311503932,0.025662518028203424,0.012750268657777033,-0.020112374057126053,0.0722266132772803,0.0653206589427496,0.0,-0.025345550865501505,0.0,-0.03096472077060477,0.05777894881824232,-0.036919913535007946,-0.06649250889509756,0.06950709024035016,0.0,0.3339804209848524,0.12327573934291491,0.0,0.08382935595548105,0.0,0.0,0.0,0.0,0.031995730789263925,-0.034339685522483454,-0.028872031914135874,0.0,0.05430973769131424,-0.07016690390779554,0.03443377857852462,-0.030633597151294975,0.05342101456761005,-0.027997253706533238,-0.015111316009598618,-0.025496473969925916,0.04481863342216322,-0.029088311014035882,-0.03315109814284017,-0.06183360180405436,-0.02571936302413906,-0.023938439455520204,-0.03296762113699815
1998-06,-0.08336267512994894,0.0,0.0,0.09698167281791677,0.0,0.10912345445676161,0.03615430445662367,-0.17392166379365298,-0.042018953810122696,0.0,0.1415417838897995,0.0,0.19343811257400598,-0.07970136430343137,0.11110530800630546,0.0,-0.05972273504089174,0.026170309982305552,-0.013881772725126052,-0.019305017832881195,0.07129572520942551,0.06080018834958857,0.059488861741511266,-0.025325886782572922,0.0,-0.031012873404606556,0.05418802473885278,-0.03615563841399902,-0.0671325371198053,0.06654819301048215,0.0,0.3344352709704803,0.13593670083019027,0.0,0.0850267858259517,0.0,0.0,0.0,0.0,0.03111377339791152,-0.032959589774685605,-0.02770843824158411,0.0,-0.05208545699610078,-0.06670807612744156,0.029830810371157833,-0.028392680480865625,0.04871843200594868,-0.02788453461397592,-0.014490114646189572,-0.025961600057042344,0.04123500993206684,-0.031143751357096305,-0.03213256958825706,-0.05774060520008839,-0.024924037550138795,-0.02327124086552496,-0.033646231311039165
1998-07,-0.08129334711332853,0.0,0.0,0.09761105666806211,0.0,0.10718368965443428,-0.03897302653650696,-0.16958516528800044,-0.04457302484701432,0.0,0.14599684765162935,0.0,0.19136549713111403,-0.07723959944680744,0.11974614007057587,0.0,-0.05914538773278777,0.024964271169961687,-0.012334767671304148,-0.02044449815426599,0.06897555373727103,0.06019066522523361,0.05802500600632406,-0.02867595772975006,0.0,-0.031002138673739993,0.053385285007202334,-0.035935643957444675,-0.06417535544496536,0.06564120871997876,0.0,0.3291680448858757,0.1345044842271649,0.0,0.08504043262529778,0.0,0.0,0.0,0.0,0.03087591820859988,-0.03172422275353953,-0.028478856584921056,0.0,-0.049305243655597485,-0.06626189439160553,0.03166279317553005,-0.02842274952901712,0.046685518555061443,0.02840488137169576,0.014623602041915625,-0.0250261944166025,-0.043708875065464226,-0.028633757083991768,0.03351618586177387,-0.05567963590157205,-0.024010683390563697,-0.024939305336867116,-0.03180773426509876
1998-08,-0.08189383738932979,0.0,0.0,0.0939117996602768,0.0,0.11244022146469944,-0.037690315638505945,-0.16149665017882972,-0.040121012943373245,0.0,0.14791966402644896,0.0,0.19357201790969886,0.08229934533998536,0.12129581401883713,0.0,-0.059434187105783604,0.02520212660400324,-0.014193955731129365,-0.020641389840612007,0.06741194156202175,0.05631482664503692,0.058377891203035076,-0.02758382216805225,0.0,-0.03405082732494844,-0.04677959413537225,-0.036012020254130056,-0.06404491248096991,0.0632994510049891,0.0,0.3230055239528655,0.1365631652616512,0.0,0.08530081087688544,0.0,0.0,0.0,0.0,0.031246381304100505,-0.03038478205904965,-0.025814491772520917,0.0,-0.04520720527084203,-0.0632131453463765,0.03064513092395273,-0.029087485829971928,-0.04811103666582584,-0.028277383614802774,-0.013944849367569739,-0.024347326562399893,-0.04492212056688969,-0.028697615715947977,-0.033401244718952484,-0.05079712862040631,-0.024092906150984375,-0.02452220018301815,-0.028485098777564794
1998-09,-0.08030861428493646,0.0,0.0,0.09265210878807144,0.0,0.1187455097964861,-0.03738614678653604,-0.15086991915563697,-0.04471095408096617,0.0,0.1470462389132455,0.0,0.1894848905530352,0.08099089066209837,0.12152609315934959,0.0,-0.06686614859370259,0.02595214127453325,-0.013286048808254465,-0.020727203615503134,0.0578128784369355,-0.0419690061452943,-0.05571916313528082,-0.028737971381279655,0.0,-0.03203151846590477,-0.03590094968245852,-0.033323871357028016,-0.06550789705589462,0.05147792269600917,0.0,0.33309994202153875,0.13479837789530993,0.0,0.08604926388643463,0.0,0.0,0.0,0.0,0.02745961529130452,-0.031229613680029696,-0.02581303757428648,0.0,-0.046626042256960175,-0.06466545989567365,0.028517609151111203,-0.028859726088342964,-0.044676454138049056,-0.025661226193173518,-0.012973248652531601,-0.024898627569685514,-0.04095003331659477,-0.03017128504648482,-0.030237491865934336,-0.0532178368615268,-0.0245558570693387,-0.025328447069469295,-0.028126759572815734
1998-10,-0.08420556255761005,0.0,0.0,0.09452167324294207,0.0,0.1253044591021894,-0.03777490783556761,-0.15617159817005286,-0.04775506021307281,0.0,0.15011841467127032,0.0,0.19561172322333498,0.08563744321394814,0.12602973953666582,0.0,-0.06908899156813693,0.025385452372480855,-0.013366179053332705,-0.02126691688415422,-0.0576499433527602,-0.04550336421058206,-0.056850439415339384,-0.030682272697406424,0.0,-0.032843403373876236,-0.03886160202997159,-0.033913821258708385,0.07424203797693268,0.05327086859124211,0.0,0.3415334673756386,0.1406918017488873,0.0,0.08966994707939158,0.0,0.0,0.0,0.0,0.028467372342566157,-0.035961762117005754,-0.02722216878820177,0.0,-0.047752546298877485,-0.06978524912737004,0.03289127781414913,-0.030029867668440655,-0.04599920530025252,-0.02635432048862273,-0.01588433118573868,-0.02611338910954065,-0.04113277624381285,-0.04019857749348143,-0.031112272765877445,-0.05480266037670645,-0.0284443034302077,-0.027027838084361672,-0.032331330147506325
1998-11,-0.09107012754069467,0.0,0.0,0.09617953533838579,0.0,0.12795295314482444,-0.038789899390778725,-0.15956195845044002,-0.04730460841696915,0.0,0.15252747983785847,0.0,0.20112874533130445,0.08892452113271436,0.12814488215491485,0.0,0.05214858459979772,0.029761529891716765,-0.014416283594578421,-0.022345970678495274,0.056852191577618505,0.04126222520385986,0.06419630668608974,-0.033858361711675,0.0,-0.03480192951496674,-0.04179436305558091,-0.03524718202810744,-0.07517266879550404,0.05276517652160362,0.0,0.35220093814161896,0.14371040895528164,0.0,0.09064833198802656,0.0,0.0,0.0,0.0,0.028916697986113356,-0.03466658575309793,-0.029409219037927873,0.0,-0.0532432339148498,-0.07068365580908204,0.03190521838674096,-0.03039460374143205,-0.0482415722429046,-0.030060144331568298,-0.013541813177511866,-0.027524294236883125,-0.04123041580276675,-0.04372591946548027,-0.03436335983547548,-0.05947580225304937,-0.025917316375670376,-0.03045325504831103,-0.030858534856235208
1998-12,-0.08921210481712605,0.0,0.0,-0.1045039748860618,0.0,0.12555147867103283,-0.037749620933091296,-0.15662521130026463,-0.04742250687033175,0.0,0.15132835851109952,0.0,0.19403958175738312,0.08457747962071456,0.12793574479217273,0.0,0.04770705394512929,0.029210492089030246,-0.01456491429057809,-0.023448396623547533,0.058838119635443956,0.041838754709949175,-0.06521235175949351,-0.034199536257912944,0.0,-0.036665974083845164,-0.04254131556759808,-0.03670106294189036,-0.07072614013410997,0.052620602663311374,0.0,0.3470695499706681,0.13866240522581533,0.0,0.08905173630195147,0.0,0.0,0.0,0.0,0.027974191600796033,-0.02642766990205177,-0.02871926545241923,0.0,-0.04923784794611306,-0.06879596928444891,-0.030650485241852758,-0.03031643761054073,-0.04863133633664192,-0.030247461336414032,-0.012724532325769889,-0.026855813634172124,-0.04247380081181267,-0.04342973259944102,-0.0350028784632335,-0.056019358051631746,-0.021052555005776484,-0.02812402116626125,-0.024696846674788404
1999-01,-0.08278612169685659,0.0,0.0,0.10513197528965887,0.0,0.12148516395488602,-0.0377863256971395,-0.1499743809858028,-0.047322545387723305,0.0,0.14617493726919983,0.0,0.18522747010597346,0.0822122070107172,0.12455295784741317,0.0,0.04930649090195432,0.024101364005221507,-0.01492691034114517,-0.023637510238470875,0.05653388264046681,0.04384158202545457,0.06457480124014432,-0.03179866519715999,0.0,-0.03308243003736839,-0.042801301691079305,-0.034622403752203754,0.07614513905649364,0.05212725190252053,0.0,0.3480151657506346,0.13266735490573797,0.0,0.08788115529162659,0.0,0.0,0.0,0.0,0.0314207745133277,-0.027076563693248863,-0.027638680499035496,0.0,-0.04819978448713998,-0.06460866349867077,-0.030184964082783122,-0.030177143884987045,-0.043508519453532,-0.026839984147437088,-0.014020242699736035,-0.02755532377236413,0.04516655394542127,-0.043776670810495216,-0.030690971859542816,-0.05352679242913557,-0.021448654259579585,-0.02579601800231395,-0.024253827038560435
1999-02,-0.08673139082196046,0.0,0.0,0.10557848646150188,0.0,0.12270684702926639,-0.03761877652470701,-0.15402043621122366,-0.0491696391053995,0.0,0.15018064026075353,0.0,0.18750726704331633,0.08105031689736351,0.12723014669860686,0.0,0.048486440750145215,-0.026936318997774312,-0.014819671197893106,0.023751572732208254,0.05778627959624912,0.042787921172940974,0.064789100364907,-0.03214124408557803,0.0,-0.03576868268998841,-0.04279411498567806,-0.03396589357126631,0.07462453392526804,0.0521265293413547,0.0,0.351851403567555,0.13422443664901137,0.0,0.08904145780803234,0.0,0.0,0.0,0.0,0.031422785258055703,-0.027766725433444606,-0.02808666087485904,0.0,-0.051445420785667,-0.06467273669902318,-0.03183740969943817,-0.030213301769331177,-0.04296839743554264,-0.026123247548774108,-0.01398939897258095,-0.028067895490489315,-0.045189601681185874,-0.04214142112775919,-0.030304116446276282,-0.05559912749829749,-0.022900963327093318,-0.026021097066216616,-0.025362145086465282
1999-03,-0.08459501887523624,0.0,0.0,-0.10632318733539735,0.0,0.11833890483481346,-0.03754206568784086,-0.1531962840096418,-0.04904448677187663,0.0,0.15053418788096143,0.0,0.1810449261160214,0.08125854576074319,0.1254468135495724,-0.0,0.04698436241747769,-0.02315417913507859,-0.015095497117025526,0.022994736594746202,0.05967815520872862,0.04016601507983282,0.0677793233887652,-0.02906663846518086,0.0,-0.03490493439596697,-0.03920498826291774,-0.034050870356661454,-0.07883350461779741,0.04997904979550842,0.0,0.35213677027929674,0.12834366059306407,0.0,0.08888127920032896,0.0,0.0,0.0,0.0,0.03180770590374829,-0.027588876182499344,-0.028096009053128767,0.0,0.053864613701145085,-0.06503856441961743,-0.033876954357827234,-0.03061865175443727,-0.03663594834110506,-0.026322667481847334,-0.014115056073598715,-0.02812128014411586,0.04326593611156299,-0.039175010295525316,-0.02972634891326618,-0.05780007231301539,-0.02230878133195574,-0.025463471173191574,-0.025207966004351833
1999-04,-0.08886992530058593,0.0,-0.0,-0.10945995719131388,0.0,0.12350166019482867,-0.03730781297602836,-0.15683335144954624,-0.05175630637677724,0.0,0.15428957598779366,0.0,0.18590044759360427,0.08101283651993407,0.1286971589870937,0.0,0.04785627846713132,-0.024099749082323665,-0.016455160054606184,0.023772957731817222,0.06215608588117389,-0.039216581764008385,0.0737802037089727,-0.03133492591645062,0.0,0.0361597250961523,-0.04027525641121435,-0.03402031461477152,-0.07839114859246504,0.051953631342136396,0.0,0.361081828156104,0.131159944729245,0.0,0.0909829783228884,0.0,0.0,0.0,0.0,0.031909724576441485,-0.02614018256191404,-0.03081190730144163,0.0,-0.053819029156056214,-0.06491963287507724,-0.030578449910222953,-0.031060758806373576,-0.03966320457824476,-0.0293310681230299,-0.01684930980566409,-0.030918903908758823,-0.04289284689007085,-0.03937811266485021,-0.032103824902090954,-0.05741003026361778,-0.023052968453354996,-0.02936298414792344,-0.02474910800627363
1999-05,0.07903653271159575,0.0,0.0,-0.11077155706208869,0.0,0.12419337009680909,-0.03371749316202598,-0.15946868085247393,-0.0540263661288599,0.0,0.15821517889626488,0.0,0.1878798463029308,-0.0910046571754893,0.12905899812572688,0.0,0.048116520930724736,-0.024477189068884967,-0.015541385469059274,0.024546861063174708,0.061978586205860595,0.03829653697539383,0.07408376646971003,-0.033355260375415245,0.026148266161685852,0.038587584148420014,-0.04110898832422239,-0.031006513479839355,-0.07718470813776028,0.051552746876489704,0.0,0.36549250632903085,0.13291056802659404,0.0,0.09191058538201004,0.0,0.0,0.0,0.0,0.027803979756812543,-0.026494667533229967,-0.029949712592400507,0.0,-0.05605089907883244,-0.0671579070451635,-0.03223098317914928,-0.034998451196978954,-0.04079762634257044,-0.028450491683754894,-0.01661175651007548,-0.03362814198651146,-0.04245077226089563,-0.041623145955606664,-0.032099464327979756,-0.05746767992326693,0.02064574925784359,-0.02733842838073588,-0.025599530227327593
1999-06,0.07793521095052024,0.0,-0.0,-0.11036958252993452,0.0,0.12271556684650195,-0.03212984123032974,-0.15794400993668187,-0.05060699248700034,0.0,0.15594886618944273,0.0,-0.19787580630544188,-0.089387165881129,0.1267971389433305,0.0,0.047198870073678324,-0.027010665343189303,0.01659593929128123,0.025631007511035257,0.059013293431683767,0.03840158744326952,0.07194871059813876,-0.03370091228202515,0.02532352637808203,0.03689083477037342,-0.04150519659554412,-0.035815394427821466,-0.07664210742336344,0.05009154477796311,0.0,0.3638457713753225,-0.1421142263493345,0.0,-0.1017738189007338,0.0,0.0,0.0,0.0,0.030255013144290112,-0.023583696175380742,-0.03063352823500972,0.0,0.05761648381329903,-0.06319457344487162,-0.02908653641589761,-0.030244142209253144,-0.03741707385902502,-0.028139359020475697,-0.016775345299778744,-0.03501636356219227,-0.043801554561683276,-0.03894031770137477,-0.030500411588070275,-0.06054356512709298,0.018784862897202263,-0.027191541530988097,-0.022859601417444177
1999-07,0.0791716147725348,0.0,-0.0,-0.10833373053251871,0.0,-0.12610776573078344,-0.03550201667322512,0.14664112263907284,-0.05034419804067294,0.0,0.15082373008626043,0.0,-0.19691085024551427,-0.08833054183512405,0.12321695468979302,0.0,0.046915267942304655,-0.024805622686032494,0.014607461345746121,0.028093682286519928,0.059269859200220605,0.03996095140881203,0.07227064625841174,-0.035384552051855325,0.027844915886325167,0.0379126362016576,0.03836753800243884,-0.03348909906222112,-0.07507331693514928,0.05133764409304012,0.0,-0.3961239090010761,-0.14095373243508771,0.0,-0.09990799655279287,0.0,0.0,0.0,0.0,0.028302253350728793,0.023736685921671916,-0.03101057803140419,0.0,0.0565826507381046,-0.06265752570944663,-0.031051022353952178,0.030160577051491836,-0.03647383085657041,-0.028922244818915383,-0.016760886776349328,-0.03321972234182202,-0.041798313332530104,-0.03983435723749862,-0.029885485918955443,-0.06152009054534913,0.021289722713790545,-0.027710413306957737,-0.020183409556076545
1999-08,0.07742132317134874,0.0,-0.0,0.10792412605011924,0.0,-0.12412541579968013,-0.034180774376142746,0.14266774154250333,-0.05084241055287647,0.0,0.14795680814481588,0.0,-0.19564737845284683,-0.09116277597449274,-0.12988441823391916,0.0,0.049352641888249345,-0.02342644895167662,-0.016363071788652428,0.027337863604971993,0.05823992790928293,0.038908032634698254,0.07254848058528826,0.03847161281669956,0.027222951232511613,0.037612400765477706,0.036991147083445246,-0.03217085259480503,-0.07774669605669483,0.04945342338773701,0.0,-0.39508075409831245,-0.13975976949549926,0.0,-0.09903985361562,0.0,0.0,0.0,0.0,0.029878979980872907,0.025835937842656052,-0.03181329271652357,0.0,0.058312138444040686,-0.06348454283044654,0.029243964549230873,-0.030349861895621645,-0.035923989589399574,-0.028074207047797242,-0.017507740083232477,-0.03111036093386481,-0.04076309625842076,-0.04008341749317951,-0.029811341023550483,0.0678382011129277,0.022509579421358953,-0.028074202206647476,-0.02237528177770954
1999-09,0.07690073932743446,0.0,0.0,-0.10752236378699474,0.0,-0.1250993583386475,-0.031504092745584834,0.1453201067526001,-0.05152336945076285,0.0,-0.14789655072964442,-0.0,-0.19805334559915877,-0.09091751793709428,-0.13345765676661464,0.0,0.05196151674582778,-0.026067937802127093,-0.016007150054163893,0.025381761697504977,0.05884420111853249,0.037855110756016386,0.07268952225781328,0.038855956692833774,0.028943121189173956,0.03782747472963149,0.03596192078130422,-0.03205597422696583,-0.07716826946220678,0.049568225215507106,0.0,-0.3990232581688083,-0.1409532127186908,0.0,-0.09967944040650521,0.0,0.0,0.0,0.0,0.030511649916347233,0.025704297005759262,-0.03272096207560287,0.0,0.05980173224617353,-0.06384029428548245,0.028159583853207524,0.03044697229030551,-0.040673205771370936,0.0294116401656784,0.016759992343621456,-0.031342600826475525,-0.042064759440022845,-0.03949045512286391,-0.03361408049741323,0.0709315385942491,0.022880510180514,-0.028583709702784343,-0.02391015348718969
1999-10,0.07860856544510968,0.0,0.0,-0.1103880059390592,0.0,-0.12586007947043937,-0.03418805476851242,0.14829265583946843,-0.053529799041302985,0.0,-0.1471670538016415,-0.0,-0.19961728488966773,-0.09169919753069188,-0.129733377402253,0.0,0.05339863816408669,0.023761800037155983,-0.01528521200141843,0.024833488169701254,0.057018247586409145,0.03681194100317748,0.07325946077954543,-0.038998684903821294,0.029214875116961882,0.037864596199646106,0.036064129406506405,0.0295642253847461,-0.07783031418980885,0.048347789916157666,0.0,-0.40123152257305106,-0.142360189176039,0.0,-0.09994709157105842,0.0,0.0,0.0,0.0,0.0313119565038746,0.025492172826562565,-0.03398432973444816,0.0,0.06148846084003408,-0.05779599673153108,0.030381133190043097,0.03186695404563264,-0.03895855645905946,0.030745866794927967,-0.016794531208133116,-0.03160060856271818,0.0409450001790318,-0.03993882155809156,-0.03428908416064836,0.07256462758599533,0.023093655876596852,-0.028303448851171552,-0.02505955712143743
1999-11,0.07507641624291875,0.0,0.0,-0.10806088343409148,0.0,-0.12177134745868808,-0.028468589284953535,0.1448625347654501,-0.052163845184013236,0.0,-0.14427194490970582,-0.0,-0.19467270965929878,-0.08851493411524901,-0.12891551423009984,0.0,0.053201572888167854,-0.02346645312323788,-0.018120166450903672,0.029396470817117052,0.05777218388299409,0.03755504734512398,0.07124800359109013,-0.03775322164288034,0.029221358906967632,0.03818327423184938,0.03567110920730709,0.028763100205364538,-0.07496312715853208,0.05022220425742795,0.0,-0.39224424004872416,-0.1389824095983405,0.0,-0.09764145052002819,0.0,0.0,0.0,0.0,0.03118326472963185,0.02258471099906727,-0.034523570243433874,0.0,0.05909996349358854,0.05184986072357025,0.027462579911072246,0.030431399259749355,-0.037216794115012164,-0.030146650553452566,0.016858020326645032,-0.03125946286146154,0.0411820301476106,-0.03881620190692007,-0.03226185731166175,0.07043813527787227,0.02006389155817605,-0.029009950704333966,-0.024502868431272133
1999-12,0.07273021110274891,0.0,0.0,-0.10179173311724664,0.0,-0.1244849966014944,-0.026860492686653817,0.14005763015059916,-0.04997647377820559,-0.0,-0.1401927937418932,-0.0,-0.18838127076588262,-0.08195501771833454,-0.12579948145257586,0.0,0.052480181215632526,-0.02446525646296169,0.015506338893435742,0.030458393359520428,0.058952035638338306,0.03806809573672731,0.07117799111539531,-0.03583054358691617,0.02887602235713111,0.037954767726255854,0.03621289431971273,-0.02785432277050459,-0.07315545915917275,0.04920478307049333,0.0,-0.3788224721760951,-0.135806260313104,0.0,-0.09791261364516965,0.0,0.0,0.0,0.0,0.030581067370530172,0.02426890036767272,-0.03427368414878183,0.0,0.05914628014296575,-0.05135430817268523,0.026754243277185705,0.030296087392361698,-0.03709368370467824,-0.02957015125725407,-0.017075984133361796,-0.03072742972323134,0.0416521435132253,-0.03957408964521814,-0.030839756411867272,0.06898118252528672,0.021864153404255498,-0.02922664733759995,0.022579931903953347
2000-01,0.07108313217278124,0.0,0.0,-0.10017663094945267,0.0,-0.12824880922936,-0.026384573804637004,0.13490560318743403,-0.04977437386862475,-0.0,-0.13773373835305153,-0.0,-0.19126478815650994,-0.08078181656644948,-0.11656698526232245,0.0,0.0492693113018327,-0.021848760124124626,0.013891779629604986,0.029402193000014717,0.05830049296692881,0.03806360451739798,0.06783831217915133,-0.03572571362459963,0.02690786926821806,0.03668419706958568,0.03816939556291062,-0.02793778633842686,-0.07367262991918375,0.049052115143496104,0.0,-0.35722569634231194,-0.13734789684802892,0.0,-0.0987035461763463,0.0,0.0,0.0,0.0,0.030549890989810424,0.0233310813769894,-0.03422168211334341,0.0,0.05618024927698952,-0.04807817393783367,0.02636875763277124,0.030270168892153993,-0.03278425329533207,0.030442390438189037,-0.016322374388058242,-0.030765289861615024,0.04041162609751641,-0.03898611826805869,-0.030623991021315362,0.06491023439108978,0.022011438676106984,-0.029269370965020653,0.020747134372737615
2000-02,0.0707735837293543,0.0,0.0,-0.12046362291302412,0.0,-0.1259412551993599,-0.026285570890709084,0.13469001484644214,-0.05118412588374695,-0.0,-0.13619128207171738,-0.0,-0.1889242100822274,-0.0840070902124705,-0.11453838538540949,0.0,0.04663875931636077,-0.021944376130276395,0.013933620585042845,0.029592793846272312,0.052494539845043146,0.03676364781559366,0.06759426220150619,-0.035794035970817664,0.0258806854899552,0.03785033862258762,0.03708998811661357,-0.02472917602172333,-0.07554320139745688,0.046281657064150855,-0.0,-0.35462242752375656,-0.13586976142211385,-0.0,-0.1000495644478126,-0.0,0.0,0.0,0.0,0.03041909869256883,0.0240452233421475,-0.03679901921892877,0.0,0.05615519010710532,-0.04721377279773878,0.025699948244994733,0.030105017415603296,-0.03391848169622298,0.033239277927322,0.016841100631737795,-0.03152658809075436,0.04353017313945871,-0.0416292418822305,-0.03310252181984097,0.06516344417022743,0.02176796364629366,-0.030168756655684185,0.021654781461006592
2000-03,0.07114264831208988,0.0,0.0,-0.11943066556163019,0.0,-0.125349076123339,-0.02624165436871022,0.13048365903321385,-0.048510441075443125,-0.0,-0.13719279441789348,-0.0,-0.18675095621753746,-0.08534335790650895,-0.11372278974913862,0.0,0.04400362995939315,0.024687782213907255,-0.01623522850895377,0.02951395566415887,-0.048907387429831854,0.038271309071444846,0.06802260826524406,-0.03668833273605271,0.02654949798037283,0.037791887145472866,0.037495351568063606,-0.024242855029787097,-0.07711629792126551,0.04402316590876992,-0.0,-0.3513656469380257,-0.13516836897847495,-0.0,-0.10020896644088545,-0.0,0.0,0.0,0.0,0.023470984935704015,0.023491419965243985,-0.03508039081690485,0.0,0.05308974144136403,0.053594173018441146,-0.02834124232046379,0.03091398341098589,-0.03247527523558559,0.03259470355067629,0.016879786022340203,-0.034378068336579075,0.04383513830586201,-0.039892254173778015,0.03444596483720877,0.0637884008260688,0.021863665429093005,-0.029362145742094527,0.020274039028517713
2000-04,-0.0791769583167984,0.0,0.0,-0.12370922608548346,0.0,-0.1306352164757693,-0.027697473807528388,0.13389412563527214,-0.04945522794862327,-0.0,-0.14420720874555257,-0.0,-0.19443812451856995,-0.08650201668824131,-0.1186154840744565,0.0,0.0483820543897921,0.025105616513315592,-0.017209771484457785,0.02940384561292608,0.04845491279878225,0.0416556123160439,0.07160484279857797,-0.03844661146568784,0.027047363265211462,0.039413753985936495,0.03570376462259081,0.02496430564567401,-0.07872018200956736,0.04925455933658163,-0.0,-0.3616048937700877,-0.14263140730818794,-0.0,-0.10610272140906836,-0.0,0.0,0.0,0.0,0.020203556458376456,0.0234337478051816,-0.0379316680399348,0.0,0.055010987429001866,-0.05304220411311921,0.028475432666501554,0.03200722430501375,-0.03597217303875277,0.034840759172130545,0.018315186991399352,-0.036552618701944116,0.047136301491945795,-0.04312120996104833,0.03773757694393042,0.06675617217002908,0.021113074764391747,-0.03051247957700647,0.02330974903078377
2000-05,-0.07457438834004856,0.0,0.0,-0.11815359004320723,0.0,-0.12617173953988445,-0.02770767985824487,-0.14186194462790563,-0.045113862780209485,-0.0,-0.14088713021439633,-0.0,-0.18885709403858614,-0.08340083988547214,-0.11649381705828797,0.0,0.04461202423974226,0.0240272673037733,-0.015489523268853722,-0.03268917510844614,-0.04829695485910268,0.03901558831100447,0.06957975003168042,-0.039211746565098196,0.02266776106844111,0.03452723619559017,0.03267317613071276,0.027002650802681015,-0.07690773998440273,0.046530289857708504,-0.0,-0.3532286352103682,-0.1382421424324367,-0.0,-0.10283281073375243,-0.0,0.0,0.0,0.0,0.020644034749910042,0.022519886371071666,-0.03516476263065371,-0.0,0.05512676729957129,-0.05077005429264097,-0.02907000576622868,0.03105322324288049,-0.03407273593608677,0.03382322871788605,0.019084480245076987,-0.0364166595163685,0.047239751698217855,-0.037453872884552285,0.035727297546488485,0.06573710325886774,0.020335946366290717,-0.030746486181811795,0.02394808875721354
2000-06,-0.07258135025944691,0.0,0.0,-0.11317841804382386,0.0,-0.12645253350978822,-0.02992792183933639,-0.13937389169291367,0.04214990612364255,-0.0,-0.1405938067761472,-0.0,-0.1877592710647477,-0.08506508416558872,-0.11595879193400169,0.0,0.044274813415415344,0.024332278457767382,-0.01653310256763525,-0.03126219948744686,-0.04781973972795613,0.038335377460018916,0.06869537841638311,-0.04245025002887924,0.02032806453322111,0.031792284983448785,0.030317824735560904,0.026125321275839504,-0.07913715107458293,0.04499665116737633,0.0,-0.35282061861654385,-0.1371983518667504,-0.0,-0.1012312678760842,-0.0,0.0,0.0,0.0,0.019323894251084408,0.022334110618282686,-0.03564949806115646,-0.0,0.05557311780190845,-0.049928143297842786,-0.02856943207227946,0.03165299020096643,-0.029739370887391404,0.03462071052218695,0.01741095588922424,-0.03403491561846713,0.04746912760987124,-0.03758199964107479,0.03403855471033345,0.06316378857668242,0.021516003351994793,-0.03291977749301623,0.021300738295103358
2000-07,-0.07468523502105508,0.0,0.0,-0.11304269605404084,0.0,-0.12631589593047107,-0.029240057498056925,-0.13892982178138108,-0.038274136663456665,-0.0,-0.14312313663131815,-0.0,-0.18805823742893818,-0.08532741771044339,-0.1144153064570587,0.0,0.044187380975081084,0.025300111148188562,-0.018043644558744073,-0.029167921809125707,-0.0466671624610127,0.038101590501097723,0.066533539518045,-0.04288336103776503,0.022679519391078037,-0.03477207979059365,0.03245598785342476,0.025466059033340857,-0.0801596077795064,0.045170584397962704,-0.0,-0.35382476365809024,0.1466640235055386,-0.0,0.10687020395258086,-0.0,0.0,0.0,0.0,0.02120754855567242,0.022498293782659783,-0.032950203468842185,-0.0,0.05612076611111391,0.05224698238943101,-0.02857688553715454,0.031821694556676,-0.029558204593554155,0.03266536703533423,0.01749352802187576,-0.03264143726067883,0.04829116712638953,-0.03593489176275638,0.036810641509462685,0.06299316919306883,0.021253974204915052,-0.03234132850872852,0.021689239808102268
2000-08,-0.0709599216529794,0.0,0.0,-0.11038041251485688,0.0,-0.1326414590214987,-0.029432380921655163,0.1402060992847017,0.03611044487544771,-0.0,-0.14231258309222333,-0.0,0.21042247220122964,-0.08400604540908838,0.12264727689687227,0.0,-0.048059381185840105,0.022256342361434693,-0.017868165732983474,-0.028231279761594542,-0.045573377931849644,0.037768455487531355,0.06906270876017856,-0.04305599079990992,0.021040468085518484,-0.030952688054897814,0.030766372519605314,0.023363552727807883,-0.07903006908720085,0.04334366879440074,0.0,-0.3479781610737231,0.14418050994156337,-0.0,0.10597248458168479,-0.0,0.0,0.0,0.0,0.02117802717943462,0.019822803747636425,-0.03437544383802218,-0.0,0.05524296747655152,0.048612370310605016,-0.027730544193695972,0.033063115751391335,-0.02916925237776947,0.031607503474836623,0.01445799141704317,-0.03642708367512554,0.046780237719332284,-0.035437194926225754,-0.04037982859864799,0.0638838178239611,0.018086958437781915,-0.032818648020938576,0.020768082912049794
2000-09,-0.06809243137442246,0.0,0.0,-0.10642765624739353,0.0,0.14770462215733443,-0.03085811982755452,0.13651672657255753,0.0367422287101735,-0.0,-0.14298138010302422,0.0,0.20459014684680307,-0.08210295548639641,-0.12266249188522628,0.0,-0.04720571578104113,-0.024390140023016482,-0.018002608941248898,-0.027642910233805794,0.04859934694263946,0.04001594145256026,0.06824619741529532,-0.044776116118125334,0.02296350470151835,-0.0318886241898406,0.03148608846692956,0.022871742729525073,-0.0771597275403039,0.04418397856962625,0.0,-0.3482664003660938,0.14078163780835967,-0.0,0.1057818319190625,-0.0,0.0,0.0,0.0,0.01795223752273357,0.021216382006745096,-0.034222219911990016,0.0,0.05595783955686288,0.046693749494470374,-0.02642646473970355,0.032249240501330996,-0.029157995801857663,0.035571624094132476,0.016712532911349744,-0.036029183356252076,0.0456585298885246,-0.035552124595117286,-0.041842638823599905,-0.07254483904146532,0.0196839186764028,-0.03334577739841095,0.019316098777465304
2000-10,-0.06505477302920669,0.0,0.0,-0.10995566941346877,0.0,0.14972766374446417,-0.03142679334996609,-0.1347536126364027,0.03572718673067153,-0.025034959459087867,0.15854798232431014,0.0,0.20891785860468082,-0.08302271963351326,0.13164369230785014,0.0,-0.04710466734075486,-0.024291298699643703,-0.01905232436754089,-0.028443294115067474,0.04634743474678896,0.04021262278031893,0.06759214482222282,-0.04650631591462415,0.020303814591207805,-0.02989531454036238,0.030991293963248297,0.020910513086828536,-0.07888744164426868,0.04227963407232276,0.0,-0.3548626041578322,0.14326808313727202,0.0,0.10559259103168886,-0.0,0.0,0.0,0.0,0.018144756955036246,0.0200387560883794,-0.03499909891130793,-0.0,0.05802203641778365,-0.050651624353465055,-0.026426928973494045,0.03370664443334482,-0.0288910164261507,0.03580830355812218,0.016503909636200527,-0.035766202559183946,0.04540838425527278,-0.036829365185010385,-0.0411511259380092,-0.07591616880354811,0.019127181693211374,-0.0335615010679756,0.02165767482973049
2000-11,-0.061690780508437584,0.0,0.0,-0.10748295789841666,0.0,0.1447151130084625,-0.029742344347151794,-0.12937750281209512,0.035011452846215034,-0.021702877420709244,0.15451353821496455,0.0,0.20358497455350832,-0.08134901717144237,0.12849991920432935,0.019397419246287087,-0.04522167828472774,-0.022518679045343062,-0.017438460402187723,-0.027337783441445815,0.046055608651039005,0.037405490089425814,0.06550391945595545,-0.0440358605222316,0.01848032058746715,-0.029267012015645442,0.028619921455895564,0.021318206093461394,-0.07734635559065584,0.040760827189306924,0.0,0.3745821240903411,0.14008982620957633,0.0,0.10485150170419578,-0.0,0.0,0.0,0.0,0.01931663882998425,0.020352324759376827,-0.03547880769433214,-0.0,0.057431287483573866,-0.04741222327583148,-0.02647814610520092,-0.033565584976076375,-0.028614872957895887,0.03490929105813893,0.01362908874831966,-0.03571341873144297,0.0450682929944403,-0.03654907695958002,-0.037511485858594595,0.06816329081213168,0.01901210477387125,-0.033212058212135034,0.019899082784090347
2000-12,-0.06183945092328965,0.0,0.030955909180170688,-0.10738741608356805,0.0,0.14538137047247046,-0.02954352221201813,-0.12586506488818608,0.035638780312838576,-0.0217579340039528,0.1543642354961728,0.0,0.20239595053526954,-0.08183516359799255,0.1284988863626016,-0.019282307683449365,-0.043568391263778386,-0.024476026495608347,-0.017738850133241307,-0.0277902508117224,-0.049869415523156664,0.0339539906684499,0.06579237976076856,-0.04366052222053807,-0.01892068874751054,-0.02927555408947909,-0.030599761765183045,0.020591266769513228,-0.07858491472748476,-0.042325871225598916,0.0,0.36944150030196843,0.14044257134008475,0.0,0.10568291611044282,0.0,0.0,0.0,0.0,0.019838374376826902,0.020015919235480496,-0.03515502351042603,-0.0,0.05606390573607024,-0.04724306743470736,-0.02729211831289969,-0.03250424183058364,-0.028644304633724936,0.0358675210047304,0.01485360813899761,-0.03428594128110769,0.04631990628891236,-0.035860413543522617,0.03762905452022984,-0.068111654175944,0.019236216306218988,-0.033164799990766346,0.020613773674853925
2001-01,-0.0654904915535582,0.0,-0.03160768800419688,-0.11263735661713314,-0.0,0.14659179268119601,-0.030766037196171755,-0.1289320666229385,0.03253294043280036,-0.022132498885813923,0.15594429496878334,0.0,0.20564632222047882,-0.08592560825643039,0.12866371092312573,-0.02064515330152375,-0.04307610560232819,-0.02366563387393826,-0.0179893908825636,-0.028028522541995525,-0.05005365097705345,0.03628245716701141,0.0650074707184626,-0.04500464042436125,-0.01747812009706408,-0.029989639876219,-0.03289110467598422,0.021581222600836645,-0.08390790504323156,-0.042207519741820194,0.0,0.3728316287679196,0.14319217573112097,0.0,0.10790388693524243,0.0,0.0,0.0,0.0,0.02013299679564951,0.018141872928064202,-0.03701534280032764,-0.0,0.05782386477967814,-0.04737577200037262,-0.02917898190707577,-0.03246485058494949,-0.029033975589029606,0.03645614342816855,0.013559937098983163,-0.03567428385895355,0.04718629936852267,-0.03637425376171144,0.03731822475912909,0.06698607222199651,0.015460940933915458,-0.03392244900747542,0.020705628677351713
2001-02,-0.0650160032105716,0.0,-0.033402637150040784,-0.11127468606275759,0.0,0.14817637130678352,0.023948268331832476,-0.13017537009979338,-0.03398273835890497,-0.02267005131834668,0.15808343742937583,0.0,0.20872551901172007,-0.08584487225401408,0.13022751403599442,0.019865943752387625,-0.04295940623072573,-0.024122849202747675,-0.01813679650489338,-0.028354493013074838,-0.051277756193052595,0.03719876344576914,0.06587069442807303,-0.04530665545599219,-0.019407158227269506,-0.03107518504710763,0.030342350214054962,0.021256934573850597,-0.0832835910527252,-0.043830699836880906,0.0,0.37920471609375983,0.1450900522840823,0.0,0.10837481224467045,0.0,0.0,0.0,0.0,0.020228273264112504,0.01911221388450659,-0.033708464460515265,-0.0,-0.05896775135242625,-0.04789868852915579,-0.030608906728252522,-0.03288173575066168,-0.028933634343837673,0.03209835537654969,0.010290101625810375,-0.03333994051384357,0.04709363115698352,-0.03594124944416009,-0.037170129544385824,0.06722044515441274,0.017447844937667878,-0.0342885567353989,0.020149541182441423
2001-03,-0.062262363635409324,0.0,-0.02952141597470937,-0.10641382643236796,-0.0,0.1440299999111905,0.025397232880053133,-0.12278666970233397,-0.02986138497433465,-0.024276643812837912,0.15343933113533695,0.0,0.20328643191402965,-0.0820715760468249,0.1253810291993165,-0.020845981849782282,-0.04297255572742694,-0.02401725815986249,-0.01816272786115361,-0.0275538206819525,-0.047092731275263956,0.0337797305609173,0.06428994828500456,-0.04535964807587749,-0.015850844470147965,-0.030796057103154487,-0.030383045446269408,0.019249967168401747,-0.0790281510644852,-0.038360456219338986,0.0,0.3677505952069591,0.1417888700238178,0.0,0.10639493645611328,0.0,0.0,0.0,0.0,0.01567438034302212,0.018415928248989466,-0.03348432890801831,-0.0,0.06035179882461664,-0.04795912549043177,-0.029041403098428818,-0.03179144413182855,-0.029881841438734565,0.0297408653790251,0.010262387789114783,-0.033447537627090664,0.04623749698447486,-0.036639038416201516,-0.03566652008021351,0.06888269679521167,0.016284259753782986,-0.034315043711541426,0.02142048621303668
2001-04,-0.05900239002646783,0.0,-0.02798507817728988,-0.10023302322170577,-0.0,0.1375555667230761,0.02301682547140599,-0.11880456287390115,-0.028354481623526204,-0.025285877881452503,0.1482899732354294,0.0,0.19607871300475055,-0.07506855485071094,0.1205386576966095,-0.018450245966550927,-0.042739229690643366,-0.02421834338471105,-0.018344466783949968,-0.027750605909591913,-0.046756789044860254,-0.03513636566947012,0.06391467111184299,-0.04575334982530303,-0.015451933191185499,-0.03132808968860518,-0.027618516398393043,0.018522364593191048,-0.07267424784937125,-0.03689509320570317,0.0,0.35437112818139577,0.13651574026319258,0.0,0.10327803506253154,0.0,0.0,0.0,0.0,0.015523202892636286,0.018685046675674666,-0.03280033840992127,-0.0,-0.06069333928487078,-0.04797258315340179,-0.02915575722022001,-0.03177964597245685,-0.029238823568412106,-0.033638839536740274,0.010335733202669062,-0.03408498037009098,0.039625720373596005,-0.03355126230412538,-0.0334576951907757,0.06310130749538666,0.015612375476162187,-0.03427687746253994,0.020985280498053663
2001-05,-0.06622832636970719,0.0,-0.03206272961959902,-0.1075176106410013,-0.0,0.14268203135166702,0.02214504357257915,-0.12950614665877122,-0.029596456458331387,-0.026164512652838836,0.15381739508938858,0.0,0.2056420970985164,-0.08050672088249604,-0.12994681882728307,-0.02040964688017722,-0.04612568769260769,-0.0248161303560639,-0.019834856104825757,-0.02894919979951319,-0.05281039474378432,0.033993137412706174,0.07013101313755726,-0.05124876506525875,-0.01851290980705649,-0.03628128733463959,-0.031505849806501,0.022598118997560174,-0.07750500490817198,-0.04206550244847027,0.0,0.37573289752970157,0.14177761644100248,0.0,0.10584411363600366,0.0,0.0,0.0,0.0,0.01573408474516231,0.020428803374380165,-0.03435542380511195,-0.04138145287515684,0.06532450240424648,-0.052005081900848474,-0.03116556665947704,-0.03401789364028066,-0.029432412474123378,0.033465757439043335,0.010410534142427966,-0.03683433869078576,0.046267898044376865,-0.03587294226691532,-0.03628268739120556,0.06611701834215572,0.0178377613809604,-0.03893344132502419,-0.021360735920638717
2001-06,-0.06417911602660947,0.0,-0.030847516211647052,-0.10461278115453045,-0.0,0.1395627353941813,0.021069133809239193,-0.12712236711105812,-0.02847132584797988,0.02455999810441083,0.14964872416134226,0.0,0.20155869749036517,-0.07532202181127898,-0.12667714943910052,-0.019856205731834827,-0.046826983097390855,-0.02555447520779183,-0.018118592158132905,-0.029070820975905225,-0.05005069545623108,0.034017968472739406,0.07023087628472575,-0.04899290380863493,-0.017561910835564343,-0.03295716168786792,0.030243530549300898,0.022324229150090125,-0.07331722810550788,-0.0414122422520739,0.0,0.36929639605775244,0.13896001216857776,0.0,0.10365068292615126,0.0,0.0,0.0,0.0,0.015510842819925904,0.019197585579581584,-0.032640353564992654,-0.0412893105562956,0.0666294000627773,-0.05137304904685376,-0.03230855893106091,-0.032569794607351835,-0.029661750717661882,0.03554740593078256,0.01020978387565678,-0.037065033235400245,0.04606189144124448,-0.035853073302674766,-0.036688314562529904,0.06794988400151505,0.017113813648195683,-0.0360408121293193,0.021202722281244764
2001-07,-0.0637816575843537,0.0,-0.029880382825693025,-0.10312538073100042,-0.0,-0.14322071586959334,0.0215600108246508,-0.1273349712650213,-0.029249325417175405,0.022630462025588386,0.14836325553885227,0.0,0.1987473370891406,-0.07453445802588039,-0.12444354154401442,-0.019267480407925204,-0.04395135240985037,-0.023884874926931785,-0.018638080499820235,-0.026297651005285572,-0.04783026497196159,0.03327866271376991,0.07095007210121053,-0.04515171691811776,-0.017543513238030266,-0.0315931088707113,-0.030142053237311832,0.02217229085828074,-0.07229459224612886,-0.03969347861960497,0.0,0.36425639160820344,0.13729249582524453,0.0,0.10297485933914138,0.0,0.0,0.0,0.0,0.015357616376380528,0.016014815069904712,-0.0331820491117073,-0.03918450704154465,0.06519982361557553,-0.051496161839673316,-0.03318491038882844,-0.03218502927850339,-0.029548005472223932,0.035921003677962846,0.010032620632510453,-0.03512326668807673,0.04225277613872636,-0.036213894270569445,-0.03860719649502702,0.06657455158105074,-0.01753163630806798,-0.03319688589880952,0.022628733134700874
2001-08,-0.06499020452642773,0.0,-0.029344251687471033,-0.1061675246053185,-0.0,0.14028544750630947,0.021819111045613317,-0.12846209658169708,-0.030071689997701788,0.024474036145579966,0.1539578193333543,0.0,0.206764825368888,-0.07834300150211145,0.12780662493194683,-0.019597951380328313,-0.04456214016537047,-0.024575888722139606,-0.019611667107525765,-0.027783158937182546,-0.04775627237088043,0.03332465966132694,0.07187615946714562,-0.047886500037120666,-0.016404111197877463,-0.029775188918056916,-0.029007990608009467,-0.019732970700177974,-0.07650589662894232,-0.039941563379821285,0.0,0.37515878821364607,0.14422026113930805,0.0,0.10891025672939594,0.0,0.0,0.0,0.0,-0.016326691971886888,0.016403674555495382,-0.03752877348407167,-0.03982923443084428,0.06614950685122768,-0.05159609736400974,-0.03344971246633782,-0.032569385239312465,0.028246207420605362,0.036620958051689384,0.010630866496122885,0.030073241426226572,-0.03838515205661588,-0.0347790732577932,0.035085710525197905,0.07188852145865841,0.017724586336088283,-0.03654529885750869,0.023574728933859587
2001-09,-0.06612503660929736,0.0,-0.02852637570701478,0.1144111046543971,-0.0,0.1396385442046323,0.02108321270057655,-0.12405302306276857,-0.028378866523795693,0.02368651434708248,0.15129340374639322,0.0,0.20335564503463727,0.07016414068494145,0.12611608711087405,-0.019015948610674696,-0.045644045628790215,-0.02347372724625081,-0.018955141994575733,0.025782472755181505,-0.04649647543919272,-0.03921024458572116,0.07846471056247946,-0.0462881645248119,-0.01493114592362627,-0.03070481849517673,-0.030423801194995256,-0.01920289965674245,0.07193544975867301,-0.03866587994095258,0.0,0.36764385381602427,0.14216989361357057,0.0,0.10834580644318903,0.0,0.0,0.0,0.0,-0.015600749617778187,0.01782535091172973,-0.03678501886701522,-0.04102025647192623,0.06542716940113766,-0.05170613436511921,-0.035402117986353926,-0.03214941726452564,-0.026602819676314532,0.036194008778834504,-0.010822972442170705,0.029480414652515993,-0.03497167517869964,-0.03092532306890068,-0.03449958786784927,0.06971566735212056,-0.01734635955629016,-0.034978248460715004,0.022265813874990565
2001-10,-0.057386844438605485,0.0,-0.026335871880914033,0.10845023170591384,-0.0,0.1385284890750367,0.022410967068557445,-0.1271715173164304,-0.027811654582088913,0.022871192860012206,0.14966707974589305,0.0,0.1944145838496996,0.06612268504535038,0.12100607610399937,-0.018747766065054725,-0.04229332108948698,-0.024170484545685888,-0.018759698116126624,-0.02385260383623912,-0.04396840708228499,-0.033149656627647885,0.07437183413751247,-0.04711253675902481,-0.014680936439722986,-0.02971092267225924,-0.02865502534510002,-0.017164843233468355,0.06927304344662681,-0.03771316016715669,0.0,0.3489670579204622,0.13594314665916163,0.0,0.10160845608821219,0.0,0.0,0.0,0.0,-0.01361627050019626,-0.017221482792977732,-0.03357814038396572,-0.03765635813280677,-0.06716407299839706,0.05307098877553797,-0.03687106013370303,-0.031852474505485694,-0.02355732911748088,0.032039770277124686,-0.009712663889918406,0.029892204966905284,-0.03268570297075036,-0.030716231990545587,-0.030390419277346068,-0.06479492926452789,-0.015420142307824477,-0.0329584066853595,0.021114342799519615
2001-11,-0.057545890494115924,0.0,-0.027332880448859304,0.10488889772041174,-0.0,0.13968964315018592,0.020680845397298628,-0.12777836827822422,-0.02701226999657947,0.021111640098742085,0.1507799004244791,0.0,0.19294334795970874,0.06651685925082093,0.12162261338893084,-0.02282939520176562,-0.05263046015549772,0.027033711791345037,-0.018864977873847694,-0.021629414630029983,-0.04538845347912866,-0.03385350064136507,0.07546054045198779,-0.04960026010690137,-0.01671709515999887,-0.030901939129725272,-0.029563868181105398,-0.017196273250381075,0.06708542222813356,-0.03912744799976421,0.0,0.3441984098981614,0.1362008849547611,0.0,0.10395249637998721,0.0,0.0,0.0,0.0,-0.013489486514582313,-0.015303074454561062,-0.03417260731865244,-0.039699554091856354,-0.06745747205312472,0.04948299103807583,-0.03594556039763114,-0.031781497369118714,-0.02365646428058964,0.031588922703503226,-0.011626804854986336,0.02774008841936146,-0.033133673071658494,-0.030114083401476366,-0.031024690950426374,-0.06403144565574981,-0.015463148760696876,-0.034888077471951155,0.01978181764209743
2001-12,0.06043567773073486,0.0,-0.0313363330455708,0.10827819029160997,-0.0,0.14416836931166727,0.021197223126186514,-0.1359035758461328,-0.027448787279708706,0.023087767391174505,0.15651667130392433,0.0,0.19985327038130674,0.0698213924723213,0.12669491996147828,-0.027117106583064394,-0.05501887118746733,-0.027224843334509488,-0.019553593689298224,-0.02164766680423643,-0.04936008285814591,-0.03823761768971316,0.08044322471872958,-0.05053600634387117,-0.017508544594257297,-0.0333083714905044,0.03166804655467619,-0.020638522777428888,0.07028836823783177,-0.0442898035234854,0.0,0.36058006770650497,0.13913049766982558,0.0,0.10385288346599167,0.0,0.0,0.0,0.0,-0.015720422395553317,-0.01626487289564317,-0.03655999207236674,-0.04545223980000921,0.07647110353029347,-0.052699941561117916,-0.03694538409759267,-0.035700526534126226,-0.02592026683475986,-0.034132914617900044,-0.009493577640319682,0.027536122157298233,-0.03801630661534206,-0.03333486640148455,-0.03325532338859612,-0.06732140874003016,-0.016458344622884848,-0.035230885823203474,0.02185638667117499
2002-01,-0.060937703477626746,0.0,-0.03223804593855155,-0.11220598131273855,-0.0,0.14405761480993973,0.020934111447145597,-0.13550276068459008,-0.025109540201436298,0.02254339460537205,-0.1499775458396633,0.0,0.1997331001450507,-0.07573915543490234,-0.1314260448006579,-0.02746476449431204,-0.05787635903172121,-0.025731290644549053,-0.019735148279726576,-0.024025617310589158,-0.049845751900292834,-0.04051646718817524,0.08261900131106961,-0.05067404415752071,-0.01743761880213805,-0.03266160807083741,0.03387419182605705,-0.020048613195365692,-0.07607118521911307,-0.045010318739954494,0.0,0.36276178180206753,0.13804262830649883,0.0,0.10263740624867168,0.0,0.0,0.0,0.0,-0.016273620152424617,-0.017003724346829667,-0.034975012320565296,-0.04648984369267166,0.0785509785534757,-0.053979687716407466,-0.04115565410285276,-0.032437129439658735,-0.024524513640255007,-0.033143850106360714,-0.009513673862065372,0.02593733999443441,-0.03904626678094654,-0.031085956496703412,-0.03236903115644576,-0.06845468169062062,-0.016575312969957495,-0.03549653423130618,0.02277797735828646
2002-02,-0.04750885204563463,0.0,-0.022445911183999384,-0.08376740764065625,-0.025495623122642558,0.10916927077150004,0.014801843862716674,-0.110229753699045,-0.019010599818139056,0.01976734093801759,0.1053903531485257,0.0,0.14851182154308593,-0.05778593579066707,-0.09926650994927659,-0.01916403387073442,-0.049232417503050185,-0.021514221351679765,-0.01670857689325104,0.016954120281867886,-0.040030908259843075,-0.030008896810322122,0.06690500186469539,-0.04310598148922523,-0.012760429181906103,-0.02664291040327618,-0.022054433060452308,-0.014396009660865839,-0.05797659639137403,-0.034039112533291185,0.25882172403780407,0.2847038964415845,0.10309603390050848,0.17646185735647288,0.07294815569498724,0.25882172403780407,0.0,0.0,0.0,-0.011039960735339426,-0.01383513016831595,-0.029567275275073236,-0.03313404565629624,0.06175467217959151,0.036672219425927556,-0.02906604010118311,-0.023566865085862088,-0.020686286557730697,0.024540524184356382,-0.007277230591594327,0.019445284318137503,-0.026804302495225956,-0.025417272722630075,-0.027769112252452467,-0.05372829740495214,-0.013958529727580162,-0.028938542253763168,0.020685627153604107
2002-03,0.0447240096963275,0.0,-0.021889966431097495,-0.08343490409225907,-0.02515142194499296,0.10929108095228036,0.015385316862635206,-0.10794225164477964,-0.018270171906244328,0.01828127667050382,-0.11484308944597144,0.0,0.14867803329977072,-0.05791883123820288,-0.09767648718908353,-0.01837830081526309,-0.04906850419770855,0.02196143172463107,-0.015954036118051077,0.018488804479897557,-0.039390135735661386,0.028991166785075538,0.06680533733123864,-0.0412017045051317,-0.011058805997411764,-0.027274422447668083,-0.02119491062121647,-0.014058476104611278,-0.05816561402285633,-0.0329844996177465,0.25618181919767524,0.28298010541443036,0.10333487523699218,0.1749655800866243,0.07306523774826976,0.2565019333362003,0.0,0.0,0.0,-0.011029910340315034,-0.014397102203954399,-0.02850728465779725,-0.033427924868399524,0.05904636411594461,0.03811560667229799,-0.03040085251605383,-0.02271780147073871,-0.020666366467108503,0.024391307279586733,-0.007727056183141341,0.019853043135964733,-0.028157435025626152,-0.024007755987190668,-0.027867961047233537,-0.05223631477666896,-0.014570473453728338,-0.02712508831502692,0.02028546834776225
2002-04,0.047153030258562025,0.0,-0.022931705111063037,0.07904159156471997,-0.0268551479271654,-0.1031855082790684,0.015131367295898208,-0.11072142263443306,-0.019317922428933345,-0.018215160499588115,-0.11466052292056213,0.0,0.1479401361948187,-0.0592999071604962,-0.09765905606260764,-0.019897010248320978,-0.05026950358590663,0.022840388178034663,-0.015688283286592566,0.01793572224079032,-0.04129341677143719,0.03069104274691934,0.06942420191571509,-0.04321677455737938,-0.0120404780712604,-0.027303820353469697,0.02254283938414915,0.013514613588983648,0.05401352700839734,-0.03486095163488203,0.26109795826090215,0.28578221056531483,0.10198646937129018,-0.1775079653997206,-0.06855334976929776,-0.26434308759712555,-0.0,0.0,0.0,-0.011279727577880547,0.014242989302245344,-0.028387012433192988,0.03100557706432689,-0.05574646975867315,0.03960699448810638,0.028530907187358696,-0.023874415713357314,-0.022425985920138797,0.02640553003806674,-0.007977508503890167,0.019574494098110795,0.025131645865044096,-0.024236016612102368,0.026420754717273957,-0.05028507398549754,-0.015766844559119017,-0.028580089694979285,-0.020371366283274992
2002-05,0.047007183477230916,0.0,-0.021219271291899235,0.07987902301377225,-0.025213844565920702,0.10486711270646479,0.015451332089981593,-0.1110758835526386,-0.016756956772890755,-0.01763265945223611,0.1130008166879516,0.0,0.1492231086472817,0.054413996621187524,0.09967716581545019,-0.02051867549320642,-0.05113955812686343,0.02195282003825659,-0.013773972790159518,-0.01704856437367782,-0.03990175169807157,0.030081013659570326,0.06606481228736327,-0.043190426874411166,-0.010908857369367577,-0.02755716435400343,0.022404881823307278,-0.014638502866605072,0.05558222905637158,-0.032241622743948616,0.25818389558788557,0.28540817346863995,0.10368165019579316,0.18114737053623275,0.06789684288499277,0.27384682681572187,-0.0,0.0,0.0,-0.010173646937146787,-0.014723223819033847,-0.027013253195113846,-0.03388710221445349,-0.05367045795105168,0.0397848884233218,0.027767913303921078,-0.02259963125132628,0.02141096726107239,0.026251161271819746,-0.008241243127337795,0.015311563481922015,-0.02618806597610303,-0.023350140217316257,0.025426948729204868,-0.04797506629187444,-0.016031269850382578,-0.02930311090013009,-0.01876275742137761
2002-06,0.04856149461670892,0.0,-0.019954885989865265,0.0782064410068767,-0.02427933672748405,0.10385624749795404,0.015996971199258022,0.10712448585841267,-0.018498259449143874,-0.01714495154741701,0.11032048597241498,0.0,0.14751976953782567,0.05517712646294908,0.09719214334414006,-0.01980801418998398,-0.05055542769315484,0.02209749275522524,-0.01396323806900914,-0.016378541851009672,-0.03825113315422232,0.028876803077341865,0.06409648376521301,-0.04390695162758831,-0.010912227489773151,-0.027361631622778423,-0.023730353873886143,-0.015753591453038288,0.05590013167498906,-0.03125211271006507,0.25251173431875706,0.27998142218888844,0.10244658600225383,0.17681618526172854,0.06639895268293641,0.26738065918041587,-0.0,0.0,0.0,-0.009742842785773378,-0.01338590887288432,-0.028201177544247537,-0.0330556585672446,-0.05112601804315515,0.04104969514392391,0.03006403103720881,-0.022853847454717715,0.022543379726399238,0.027294256592895222,-0.006733659952254448,0.015907642868286272,-0.026260924207405546,-0.02591553586635609,0.027109398849638613,-0.044665122936841314,-0.014949616253745822,-0.030101820979890736,-0.018893726277307628
2002-07,0.04667762015502186,0.0,-0.019823708799915928,0.07951964680014612,-0.024000586768566787,0.10091517245087149,0.01604211585751645,0.10423647984505338,0.016821198269565477,-0.016822418819138447,0.10842774802650826,0.0,0.14442256530375974,0.05474835841013344,0.09541485876067754,-0.019820326326537317,0.04516165246709039,0.021285813184848745,-0.014314082828359267,-0.016296084232329287,-0.03468432671763372,-0.028938014055335675,-0.07246025326836003,-0.0462819257259292,-0.010946910105381544,-0.02408108544336741,-0.021730546867807378,-0.013492101029684426,0.05613632281054724,-0.029552450239022275,0.24762803383269674,0.27248815717138514,0.10068528603118615,0.17316169509346824,0.06511815543269803,0.2598592385499523,-0.0,0.0,0.0,-0.009712002898591386,-0.013649031415829776,-0.028672909811748488,-0.03028688176115378,-0.051238327296580836,0.03796512240702743,0.02802491828668266,0.03044720585300106,0.021225140424744524,0.02802127142589601,-0.006708425114572714,0.01579583958622333,0.02655704008122743,-0.02356910771486642,0.027519352367714977,-0.044936053546023105,0.01549854060773603,0.0307069879990308,-0.02071109691404481
2002-08,0.04365887057676652,0.0,-0.018949046347454736,0.0788797453032338,-0.023088791123588356,0.09953067146779591,0.01689027684032109,-0.10069755144014796,-0.01698566017399033,-0.01951044677517016,0.10940766662856674,0.0,0.1439465845361459,0.05237844385788742,0.09559245765687702,-0.0199791869502371,0.04364472003300037,0.02296410566517741,-0.014547444714691039,-0.016187324960405404,-0.033275506208418744,-0.0253132919878377,0.07287458317132164,0.03628331692968394,-0.01101191299410842,-0.024106949639018098,-0.02020797709490538,0.014715385120849666,0.05427868297291773,-0.0291388301703628,0.25003098140217606,0.26829312683171375,0.10078518982373391,0.17033715723148826,0.06513444457611045,0.25393452775914643,-0.0,0.0,0.0,-0.009820139788360965,0.0153980458745267,-0.029527530417649748,-0.030218683535523056,-0.05231369857292278,0.035577640787305964,0.02819453649628865,-0.028778916255096702,-0.021011924554123318,0.028044656279105996,-0.0067511006379280016,0.016045014639582425,0.0254459763231066,-0.02464988031941743,0.029027737522413603,-0.044600394257392185,-0.015673883882739444,0.0317989015202248,-0.02193082125718103
2002-09,0.04290157402144923,0.0,-0.01912518785224895,0.0755164706560756,-0.023532586629798697,0.09764856028248155,0.017556640853731494,0.0993515389688667,0.01707652562853941,-0.019082796486479772,0.10878701534944818,0.0,0.1408731381709554,0.05077376437288522,0.09613728547338087,-0.02012452565321505,-0.04880983355059395,0.023987166111447102,-0.014811519349749664,-0.016121559169613917,-0.03341740985186631,-0.025508136819386323,-0.07351887437761723,0.03459223455813563,-0.011114259397647618,-0.024226200107786307,-0.0203818189186368,0.014626317178905513,0.051873198304539965,-0.029238071698248585,0.25129750262594697,0.25950755771402095,0.09944317491863731,0.16610127078987738,0.06575173231435072,0.25129750262594697,-0.0,0.0,0.0,-0.009869101855803496,-0.015560983820869687,-0.029592284196734115,-0.030461012818010707,-0.05238814998444257,0.03529208428189073,0.02848186313414779,-0.02803486060383898,0.022002264129635702,0.027620868342095064,0.007538913316521308,0.015994968133124277,0.02647082429501024,-0.020168624028927377,0.028425512982091387,-0.0446503402758747,0.015700216857474598,0.032178993652202975,-0.017935286405478458
2002-10,0.041112408370386856,0.0,-0.01712383704185995,0.07192316752595539,-0.021511360376318,0.09614212086576732,0.01768560215271951,0.09158745517304205,0.01556114407995793,-0.019137711321650763,0.10733365602286822,0.0,0.13578975214062283,0.0479514474742276,0.1018618890457943,-0.020064628431055737,-0.04466966212340149,0.024197522600511508,-0.014603439663357006,-0.01638879064094347,-0.030810683182539624,-0.025113235669549153,0.07206691711354217,0.031060260966746252,-0.011146482675042604,-0.02442787913785993,-0.020308369137592305,0.015628477361614202,0.04938356597905519,-0.02805232833943175,0.25377759618629403,0.2513555811167162,0.09668778990556806,0.16008426774384943,0.06421921884777257,0.25377759618629403,-0.0,0.0,0.0,-0.009994973449123073,0.01584071098522921,-0.0260400974584087,-0.028764356206289574,0.05787097634119479,0.04554694874451728,-0.033121830788157836,0.02948728087474924,0.020006461371731073,0.026199593961825245,0.008008798498454147,0.016031401956019733,0.025155157588774915,-0.020424276252152394,0.026703370655050483,-0.04523632779071868,0.015385655434620003,0.031604709566521026,-0.018468746350524437
2002-11,0.04308455766481889,0.0,-0.019736222615630503,0.07331115937373447,-0.02488381351696751,0.09848576370425328,0.015875656085021027,0.09541102481512469,0.016541765713287866,-0.019276551436754042,0.1082960848873862,0.0,0.13797250749040663,0.04915578207637741,0.10261092639146474,-0.02130450377770915,-0.04518957936918735,0.024904810725822284,0.01633155257443548,-0.01705364901689085,-0.03418543171884599,-0.026708246041956048,-0.07263400608409729,0.029424780287921802,-0.013320449019678066,-0.024444756488120726,-0.021362983207144512,0.01621208185183704,0.05024962524266398,-0.03111439088371713,0.2590425540018662,0.25694122212403087,0.09770301781656598,0.16260742391864258,0.06350289683627758,0.2590440345885394,-0.0,0.0,0.0,0.01115816609329454,0.015615403694986763,0.028472754384095245,-0.03239322082044918,0.05960923472799063,0.04552733175697336,0.034232346665873166,0.03154398363308378,0.022492427981449018,0.02635916302415574,0.00790365149305546,0.015864957713249972,0.02639019670461153,-0.020471465806575093,0.028171720688178577,-0.047868207869859195,0.014479282431444652,0.03229596721257869,-0.018434235622720292
2002-12,0.04495252747462711,0.0,-0.020538607502837775,0.07541595716859183,-0.02577757635499651,0.10144837824751589,0.014875446498144405,0.09816406029280053,0.017692881135734036,-0.020561299258935784,0.11186894726302583,0.0,0.13865132872835761,0.05112365262706465,0.10516495140731051,-0.02368892228101744,-0.046617539026192756,0.026510183213976007,0.01771365398711406,-0.017716606917383464,-0.03644317318887586,-0.029133252667804366,-0.07580060041433656,0.027462663413902494,-0.01329634850199849,-0.02673604051571291,-0.02399880321955733,0.01685830445906539,0.051668830691190895,-0.03287714972330285,0.26690209628050554,0.2637088971707747,0.09887412292515066,0.16771135285060715,0.06470321225844983,0.2673264403978538,-0.0,0.0,0.0,-0.011009021417462525,0.016037224023532068,-0.028639038363007716,-0.03263330272807255,0.06347204823215455,0.04679480848990238,0.03460776727746539,0.031191459252897097,0.023850826483454747,0.026696901019542373,0.008010491163817008,0.016220628796674824,0.027732959249785454,-0.021727000965058283,0.02972203217118831,0.04934503250287418,0.015158859785654706,0.03146574099704508,0.017029052414497273
2003-01,0.042460574502721754,0.0,-0.017844504367018583,0.0738932554540462,-0.02238362778844854,0.09817969503665226,0.0166741983341154,0.09202974438836402,0.017033749788991897,-0.019522828020871855,0.10803586488267422,0.0,0.13424719418558526,0.05105370518560664,0.10267819214741329,-0.0219374447638121,0.05002484381036817,-0.02759230281101707,0.0174749760817362,-0.016924156980345204,-0.03240882263810863,-0.026343433948501783,-0.0704376510852192,0.023201968793898634,-0.011594297994469876,-0.024223579862891084,-0.021374334201703624,0.01635118013023098,0.052385584090703444,-0.02918184011714324,0.2569182886258633,0.25187973603322145,0.09667801806750279,0.1612329031244108,0.06378964775422095,0.2569182886258633,-0.0,0.0,0.0,-0.01006672122418369,0.017340843292790932,-0.026400445702568904,-0.028997919241212405,-0.058926665924337866,0.04841676305674187,0.03545987765746253,0.02731683684479502,0.02107097960431637,0.025808223863233764,0.00860821984572187,0.015001635246397634,0.027076345569561212,-0.020771031162499703,0.02764214559434622,0.04728038818595989,0.016591738330170205,0.025429934080662835,-0.01715176518167793
2003-02,0.043056987659561376,0.0,-0.017801786737456644,0.07278339550393276,-0.022157393506525413,0.09889928721740168,0.016923830462927197,0.09184848372581106,0.016755811707398913,-0.019469049274192064,0.10774603806347058,0.0,0.1282062642417539,0.050333337368031444,0.10527604750308615,-0.022224831967526802,0.047537997757484164,0.027835620751873003,0.018218201465635776,-0.018862721495409268,-0.03045665556106212,-0.02546128293329398,-0.06471952086999579,0.023161651271645847,-0.011574817534602534,-0.02446137546153688,-0.020794739690459488,0.01720929933527662,0.0509362853963858,-0.027640770980296266,0.25665729088136574,0.25665729088136574,0.09218542450005579,0.15814703485454476,0.06103628080419601,0.25665729088136574,-0.0,0.0,0.0,-0.010528744447457373,0.017340716453611797,0.029951053044573833,-0.027266708002250457,-0.05547447059943394,0.04918007650343391,0.03442024124703914,0.02913070048888805,0.019705108920461276,0.02656031977986072,0.008558948612228242,0.01431084308568016,0.02884514334305202,-0.02167633632860231,0.026647206184271202,0.04638609117978352,0.01752565173884843,0.025027831784751466,-0.016382612510019035
2003-03,0.04362707685110392,0.0,-0.01854621307487222,0.06803186497436224,-0.02300765519017413,0.10146459475522795,0.014168861030733648,0.09188134726214356,0.016512372727134964,-0.01938223381818521,0.10681659979803784,0.0,0.12725159359643973,0.04939799360919607,0.10794845403695069,-0.022973450530152574,0.04707376023497004,-0.02809610880564751,0.017113656111504682,-0.015649863627658116,-0.030545073770618904,-0.02602529992541615,-0.06373571393225669,0.023185938704837726,-0.012067619737080329,-0.024629547646689127,-0.022950540170569796,0.017034635792912502,0.05014061285630877,-0.02763285689170903,0.2565380289332256,0.2565380289332256,0.09205282043407279,0.15646795534278837,0.06149412103331032,0.2565380289332256,-0.0,0.0,0.0,-0.012129634318140407,0.017829861154152114,0.028342689553500073,-0.027867385046502244,-0.051697069153199784,0.045550987723676994,0.031714226955165806,0.027751599786398302,0.01987747352572363,0.02682938185326739,0.008008840977649275,0.01497869447823798,0.028734246388529255,-0.02173467665960371,0.026647202122365477,-0.04783651774029053,0.01794581454132527,0.024998333203708797,-0.015439603838032459
2003-04,0.04429900426089414,0.0,-0.018477394489319485,0.06991236896719091,-0.02296296424386201,0.10266864185544652,0.01395321341799696,0.09495936087712771,0.016704205266493927,-0.01980525485565831,0.10833102291306036,0.0,0.12979659430747184,0.05098860503806988,0.10941461429108076,-0.022918255390139683,0.050598856911136525,-0.029421279740701883,-0.019085626943018377,-0.01497826323582375,-0.03110929207321593,-0.026796774186858618,-0.06736398062104093,0.02312265189753909,-0.012427231102582294,-0.024601309224143792,-0.023746024422490398,0.015822394136116556,0.05115820196188966,-0.029109851543610246,0.2619480574060091,0.26238430242900534,0.09365425541500877,0.1587003066914366,0.06189275271940944,0.2616104304602769,-0.0,0.0,0.0,-0.011734090642320852,0.01592186755046727,0.029364696396915153,-0.028739628860009206,0.056234788133114,0.04465432268375675,-0.032865090869594736,-0.026186777347465547,0.02115929860003531,0.026743749804473204,0.0062527378819068925,0.01421644627084666,0.028104732396464847,0.022580529014924577,0.027204717006056565,0.04792297853813339,0.01597549101210307,-0.0272565095290124,-0.015561109206027598
2003-05,0.04675249603197283,0.0,-0.020351985655786834,0.07175629785424044,-0.026258911232101088,0.10555425873281739,0.01485110757145761,0.09807985675749886,0.01618761310013248,-0.02059205330961872,0.10972687113178511,0.0,0.13167219701943195,0.05298835688770742,0.11034746951277033,-0.02386684582407839,0.053329324703298285,-0.027630494721899095,0.018313450194040324,-0.015352809033011987,-0.03410902512629946,-0.02906569101646564,-0.07185905133569409,0.02312410563154118,-0.013650930233543206,-0.02535777250310446,-0.026291542815531553,0.015352702223488324,0.051687439336207064,-0.031869620598544576,0.2650106561628389,0.26605293448381384,0.09500508908056447,0.1607485662572272,0.06336105118823665,0.26499406629511324,-0.0,0.0,-0.0,-0.011661377394861047,0.013711244281636385,0.029003105105483547,-0.030970390885651736,0.05827166453212257,0.04553594667172493,0.032596741645144686,-0.026989454321998993,0.02185212687461877,0.030488545552347306,0.006645891713912242,0.012905442253686058,0.026960057743110603,0.022530479809256928,0.030066066939275694,0.04957680605359084,0.013899741224092472,0.027717861342766645,0.017226031740649492
2003-06,0.04764364074349099,0.0,-0.020254615884068104,0.07178419761242645,-0.026299899173072717,0.10652249102115516,0.012689786029132871,0.09190122112059254,-0.018699870460104583,-0.019539714032939914,0.10992693631708142,0.0,0.13127957697405127,0.05447675522682597,0.10966041442953979,-0.025603756726668033,0.05416535288694982,-0.027283641236322022,-0.018087636020870983,-0.015702386162245764,-0.03455385552420061,-0.03062520658296946,0.06643675364705545,0.023944392402684582,0.013576227519505457,-0.026805945052574012,-0.027281415769317585,0.01511543492645037,0.05252286520700416,-0.03263953395516553,0.2600211740115431,0.2602172436828836,0.09567452323512389,0.1592852666699887,0.0652133271457227,0.2600211740115431,-0.0,0.0,-0.0,-0.013447833794527728,0.014610793627152242,0.029836314511041514,-0.0315881572843506,0.05725795055377461,0.047624070051242036,-0.033015747032142606,0.02616184355550869,0.02258046737429923,0.02921751614524089,0.007419867061500097,0.013222818565713602,0.027901042887787626,0.020126945104333976,0.02915526095246455,0.05041517923269492,0.015732505925012033,0.029057192479099346,0.017691611129073744
2003-07,0.05024987532713792,0.0,-0.02028918614046482,0.07437511077773021,-0.026349832941071377,0.10873240798158436,0.014759510556751744,0.09158663291123506,-0.020851148224994148,-0.02040708960629775,0.11191701899226544,0.0,0.13379115208145384,0.0544615172390957,0.1113176708372359,-0.026309065763240366,-0.06047472227965304,-0.028421670320480662,0.018145736469784377,-0.018073014681469126,-0.0349340651685842,-0.03146857848774458,0.06750267070086133,0.023478741498810303,0.013933337120879472,-0.029515129240706255,0.025374400418480044,0.015103269539538132,0.05155144209244527,0.030819315249525928,0.26631840789721556,0.2665876229157918,0.09715404543168589,0.16256497013482016,0.06573531663544788,0.26621064887657064,-0.0,-0.0,0.0,-0.013537033125229473,0.01559828897778685,-0.03390606049968567,0.031174865206624422,0.059600629927752106,0.046195122670786154,-0.033960666368049605,-0.026017622512351193,0.0229545265574635,0.029684447254034473,0.006504858190443125,0.013660444121168154,0.030033376208769346,0.020816771909600185,0.029402866379820015,0.05172351296084149,0.017052086225504883,-0.026285665857506982,0.016994066977848474
2003-08,0.05048988268413855,0.0,-0.020516280466427426,0.0753405473987923,-0.026669713526907703,0.10970464128397088,0.013618513208055584,0.08836347293914629,-0.021170292275551453,-0.02407068718903632,0.11353430304004374,0.0,0.12715527208133087,0.055436503972924475,0.11300561472934968,0.026702278804307932,-0.06238286157597903,-0.027524564165061785,0.01959077713538499,-0.018165608578457042,0.0326589335294546,0.029054289070536636,0.0696242091251674,0.026566666649766264,0.015381835058678812,-0.03156594720315783,0.028010260771733405,0.018199158132487733,0.05284232960853769,0.0325682156738479,0.27670548580648885,0.2750369480817299,0.08706889006197144,0.16596458809362605,0.05749490202114927,0.2749401038797754,-0.0,-0.0,0.0,-0.014124204960568876,0.0171162108965575,-0.03245440297296985,0.03331572332002019,0.06241964748824876,0.04910362574110868,0.031148226656027705,0.026131921321023793,-0.024695530159152008,0.02892956613219929,0.006649997025628724,0.015151079997540957,0.03126294718206916,0.022873672128898688,0.027540310377189372,0.04739614910599007,0.01810309540996176,0.02602024138068217,-0.017668439338344173
2003-09,0.0501192939574681,0.0,-0.020357111110389695,0.07307784873196109,0.024280451902498654,0.10931461526146702,0.015107876774387092,0.08838839285371587,0.02001554133488162,-0.023423372292073898,0.11257519860407537,0.0,0.12570194327686696,0.05354774966932869,0.11121635097267218,0.028648288653184355,0.06216223706838475,-0.026857881862893413,0.018569411557691175,0.015864403578966214,0.03259048667179784,0.030002120579877844,-0.07126744207156645,-0.026258808032601475,0.015863677173288317,0.02878412590830322,0.0285079591833681,0.01569958668055813,0.05106741472881391,0.03280307536937953,-0.29639793866905245,0.2718277474419571,0.08677455338922115,0.1639421419729808,0.05780189985086589,0.2715932146752712,-0.0,-0.0,0.0,-0.015486381629592441,0.018604710756600418,-0.034592196880354004,0.033666120321029024,0.05810352964983058,0.048701872514361595,0.030739833636244454,0.02530414462289574,0.024119225337895157,0.032420148227361646,0.006816152863270353,0.014903535997398454,0.03138920450702911,0.022486591650618646,0.03151311150263413,0.04657237882489197,0.018567476616746105,-0.025909736445338245,0.017822197510742488
2003-10,0.04967006118961523,0.0,0.01904476406799883,0.0728312183905331,0.02219280504936085,0.10554362750668629,-0.013819750059685996,0.08556500417808144,0.021328732714854488,-0.022107447826386215,0.10778831320682028,0.0,0.12238583802889934,0.053612562865754804,-0.11875829303191918,0.027766332307102043,0.061261270233158124,-0.027274714140638225,0.01736672176647481,0.014481263651513965,0.031109863627447425,0.027820410051081233,0.07311091712816263,-0.023900966236497376,0.014520115953675831,0.026793345145422736,0.026367547164904255,0.01616344847157892,0.05116888017222817,0.030552737523889633,-0.279516461003524,0.25930136947889065,0.08538079134559755,0.15694171281989447,0.057170284340255735,0.27103045755483474,0.0,0.0,0.0,-0.015403753017755255,0.01627214622142397,-0.029708148446991437,0.031342312586799585,0.05692105134207715,0.047045058021577844,0.029033654728677416,0.024109452945942463,0.02495567669470976,0.0322349435537007,0.006930471180696032,-0.01596856443821511,0.029608302536040392,0.020550553932283642,0.03040617777309824,0.04628498743909873,0.016232922938091424,-0.023486669756765183,-0.018405077469471773
2003-11,0.04999989007322937,0.0,0.02055479918495336,0.07173580992148183,0.02300005869781949,0.09989963362770492,-0.012473580435271824,0.08462896106350237,0.02097228306046119,-0.021921954256487887,0.10174570178736693,0.0,0.11626966600133563,0.05207667773652642,-0.11077204013766385,0.02897572476675091,0.059737335726551655,-0.026949200754012668,-0.01973477904022955,0.014714789200280801,0.031387907824135794,0.02882414527746887,-0.07432273105177964,-0.024204188612302634,0.01519932567339465,0.02723112353705344,0.027531594935061774,-0.018085162592846437,0.051524181015954254,0.031097364615205934,-0.27517395244581544,0.2563190440313731,0.08064355576992892,0.14887329141191885,0.05342844005789712,0.27517395244581544,0.0,0.0,0.0,-0.014367523875841965,0.01638664411091872,-0.032152700952707766,0.03186532911082081,0.056560889713287224,0.04517690832904285,0.0292887509460323,0.02665253691353907,0.025452353654713464,0.02730659296603378,0.007073999069512476,-0.015023349698733597,0.030443156309432885,0.02038563295944173,0.028980223526014127,0.04602675902829795,0.016560568622657087,-0.023897390765928287,-0.017653285947268917
2003-12,0.050273277451000443,0.0,0.020630255127870603,0.07158539634699651,0.022878992546628417,0.09813814397528779,0.013964887099392857,0.08441244196974501,0.017788726876688633,-0.021570433919516775,0.1021407285419589,0.0,0.11373949385717887,0.05288740321100331,-0.10851095969870232,0.0289562885713076,0.05876533553107309,-0.02851538929430375,-0.018971775286917486,0.01543277788252482,0.03133858166974614,0.029204851371936243,-0.07055908276184314,-0.02511415625074912,0.014968368684906908,0.027035304580677526,0.02790679490871546,-0.01868456378156021,0.052392817955024526,0.03071546753987689,-0.2744904284889023,0.2542060610378481,0.07901738122923196,0.14511239567535236,0.0526044637959837,0.2744904284889023,0.0,-0.0,0.0,-0.013180232376240783,0.01677949160746251,0.02952907324993299,0.031303721060231826,0.05570679178369036,0.04567625316685692,0.030367263216173557,0.025209686020965783,0.025496822084697755,0.024252930818078163,0.007549522633846711,-0.014663455122747648,0.03071153530465365,0.02176305752521107,0.026921893151694513,0.04398336839815415,0.01709791894436866,0.026140672419529293,-0.016862393486693376
2004-01,0.050889788570559896,0.0,0.020836584508372856,0.07217746097682474,0.02299401477285682,0.0966498694855644,-0.014055388689282144,0.0822001344680824,0.018499265440573127,-0.021744671092652188,0.10200622940331616,0.0,0.11168866589871707,0.054312436780802324,-0.10757240758238268,0.028749535712906164,0.058035528554596295,-0.027690430687432516,-0.01972736853189252,0.014999157989422734,0.031323578347338135,0.02886198947029516,-0.06990124341660886,0.026646251968864255,0.014965364182270397,0.027735137560913784,0.02762967463353387,-0.016458046197535256,0.053610405384807075,0.03135387442736465,-0.27638512650665364,0.25687974805739566,0.07767507071531969,0.14424702738817533,0.05177313971533058,0.27638512650665364,0.0,0.0,0.0,-0.013765630157860326,0.017953708851364707,0.028355039735588946,0.032430328297348765,0.03932206145207136,0.046369603813049706,0.03267966971414131,0.026841431173274186,0.025383718183314495,0.02507971780612879,0.009211722475650604,-0.014767871888377054,0.03156099488796977,0.021433600081761994,0.0272582943128875,0.03369994031073804,0.01782084804043841,0.02352543362977574,-0.016956285891435302
2004-02,0.05098208656619614,0.0,0.02089399483809019,0.07271665563227553,0.023102494957505798,0.09612611848002671,-0.01398020043181117,0.07912071797374967,0.017134831182962485,0.023961439584566546,0.10182842890616249,0.0,0.11049408142821257,0.05435316113573109,-0.10514161406384048,0.029725525870074612,0.057972008229408914,-0.027611997115172413,-0.020717362940870374,0.015039686570247053,0.03136449240421987,0.02896102889156009,0.07275910311242641,0.02754376813322922,0.01495264142277767,0.027293568302623698,0.028318691974875004,-0.016721074085591724,0.053681988405021364,0.03135997946068254,-0.2760919093487143,0.25827589666422635,0.0771603840454722,0.14407548665560935,0.05184458450769609,0.2760919093487143,0.0,0.0,0.0,-0.01586684421790101,0.018321895877108557,0.03130389994341787,0.03204485734080589,0.03950591596001943,0.044020331203474775,0.03366298467061725,0.026247863167658543,0.025806765033854966,0.02581870295166459,0.008504995516518727,0.016714642563951713,0.03199108155934039,0.019454262846972534,0.027658794724205613,0.033725332105588327,0.018110822391018702,0.023864299339686975,-0.018299779916629844
2004-03,0.04912766169001788,0.0,0.019551917258455093,0.07156913538920648,0.022704124921291938,0.09483692427512454,-0.014068179708383276,0.07563649418363493,0.016974538753230933,0.0256682062487945,0.10066829579331756,0.0,0.10607334433267106,0.054742259486934126,-0.10071609791449214,0.029651933630360006,0.0564908916560565,-0.027829971536072497,0.018837664678313173,0.016483368581764586,0.03170009365302052,0.029370271344766125,0.06914539063116362,0.02768236976857983,0.01573502255683177,0.027306546209679268,0.02706243628084743,-0.016209386309655037,0.0542113797281003,0.03140504174361241,-0.2761470848179894,0.25780488647396294,0.07439712610992487,0.14201413256130127,0.05025413666622789,0.2761470848179894,0.0,0.0,0.0,0.015349264923811126,0.019061688511910993,0.03155208087703431,0.030708437655564663,0.03871482665709007,0.04115053709320736,0.03415847222092036,0.024637724304137045,0.02450416815377602,0.026977647070124212,-0.009467204925323955,-0.016763996289907553,0.0318394829978047,0.020485463905648364,0.028759797763148916,0.033462055926594035,0.019273763220298827,0.023327852194825912,-0.018175495659711702
2004-04,0.05312415175955633,0.0,0.01814038734912473,0.07139251376857893,0.022421792756780516,0.09385286476680968,-0.013926857624232784,0.07634152186578193,-0.018529626292833796,0.019970470118350837,0.0988770316677591,0.0,0.10377406180109931,0.05658183431043773,-0.09908091908089695,0.026046271585862722,0.05986223166671697,-0.027394391557232906,0.01752884277196129,0.01616992235660189,0.0315458906307042,0.03000972223830728,0.06683392291209111,0.027402661633200227,0.016213412888305866,0.028139819916774295,0.026441355300042282,-0.016451073919165317,0.055637345292158774,0.031694851174183684,-0.27194567694986216,0.25389571209236544,0.073012155069861,0.13963050047571643,0.04936755073443504,0.27194567694986216,0.024198997687002868,0.0,0.0,0.015581309867965791,0.018607516649107207,0.03164050221554454,0.030379159215551434,0.038573114903002595,0.042911193135650554,0.03047093438077164,0.024106162711832538,0.022472053276381868,0.028543124958043054,-0.009912884363048647,0.01651200732946374,0.031567202291995736,0.02042093410031805,0.02895038218433631,0.03364265632528868,0.0188439892448883,0.02358703993265601,0.01814514834826309
2004-05,0.05240850959455663,0.0,0.01939405036221635,0.07199335519596842,0.023676929036465413,0.09634398148138314,-0.014108476479331736,0.07613724097874239,-0.01785443932010937,0.02086055096361828,0.10216434655775003,0.0,0.10469069818578661,0.057475278816153504,-0.10249985471539835,0.025848064613442804,0.05893412105306386,-0.027794291685265662,-0.01877436317906085,0.01906278891821746,0.03360214634087607,0.0318218227686642,-0.07547859102520035,0.027428593654065133,0.017253972202589465,0.028813851578971053,0.026119854546747406,-0.017881673729728584,0.0566703869948372,0.033157366715791003,-0.2833939181368042,0.26135628746352735,0.07285116161184392,0.14609125961115382,-0.05061129313407338,0.28193370373498955,0.025217715708595607,0.0,0.0,0.014464797991657981,0.02087629896941956,0.03208143934684948,0.03176126406042793,0.03549690650143604,0.04045206373516885,0.024269000610218805,0.02228532903211341,0.024411874008627585,0.02900438278229679,-0.010040132964885057,0.01718660073258229,0.029022606416285086,0.02223895276881657,0.029341617830243114,0.03387169430001509,0.02083542520718154,0.023635842928573972,0.01876339052280901
2004-06,0.05261394421511823,0.0,0.019408952189709228,0.07527574676980135,0.024257557512891326,0.09673853784943381,0.015814668510547608,0.07752048530182083,0.019016686076381257,0.021152663013025076,-0.11363342289089463,0.0,-0.10597264548439762,0.059800085878714875,-0.10262360440221027,0.027043457383031537,0.05958946573544929,-0.02798882376281051,0.01746434966049076,0.018714352778197343,0.03350725420979039,0.03285427347510806,-0.07688317448946455,0.026848662837644276,0.018266021250640307,0.02853109067522622,0.026842657196096346,-0.01838901918025298,0.05932885812676487,0.0340019766953934,-0.28638966373095925,-0.26611887374372173,-0.07469747615259381,-0.16084339628761687,-0.05097875532271689,0.28471143889536654,0.02555085173093248,0.0,0.0,0.014593626731206495,0.020932905162252036,0.030713623660674136,0.032148011306289304,0.03368508690528369,0.04163168547548825,0.024653715621695528,0.023871163156127303,0.020830917607569985,0.02368065493210394,-0.010531764095445019,0.014283820118967817,0.03067903830121109,0.020042949696375278,0.02387148693704383,0.03374889531457317,0.021950486224040038,-0.026186538566216222,0.01971666305965244
2004-07,0.052465519655155675,0.0,0.02042568506562866,0.07619776232811519,0.025221131733946075,0.09804975499383933,-0.01559811676401779,0.08086198382739934,-0.01843371700169534,0.02117067501551694,-0.11642254162915218,-0.0,-0.10837319560694433,0.06081349130956893,-0.10489642482348666,0.027799488543324466,0.0614797524650525,-0.030690787078826227,0.01533540372383229,0.01768585892726002,0.03435422209336571,0.034172157623795406,-0.07815266957146862,0.026260833174138916,0.019223349105472926,0.03073135240175194,0.028529491209098957,0.019703917401433787,0.06039990400533997,0.03523774396393723,-0.2917023798147763,-0.27085604873970975,-0.07669579944286703,-0.16414550593714536,-0.052456400991464175,0.29001107921361235,0.026648893310422726,0.0,0.0,0.01268644089120348,0.0195885958081913,0.026557433734868074,0.03350330841577973,0.03375641020162767,0.0421692076777574,0.023715925716403068,0.022879402043530613,0.02117021710353561,0.024835770342983742,-0.010130862199166032,-0.015662181550481526,0.02970266188015537,0.017649790175219542,0.025384881828992525,0.033235410116259564,0.020648233151966736,-0.02480763572884081,0.020472583852894483
2004-08,0.05400563783967128,0.0,0.019883783906152003,0.07794096135315334,0.025073320688216622,0.10095139004783893,0.01488849179222074,0.08256155840561172,-0.016239349894916294,0.021127080135696415,0.11431865955410206,0.0,0.1070475066664908,0.06111108669292031,-0.10701246673588634,0.028277449558267113,0.06110780793386252,-0.030751740178069465,-0.016956030866286782,0.018577564227692196,0.03453362306990781,0.033156370503041474,-0.08055082480589479,-0.0256407624341728,0.01806436685770065,0.029527644368122996,0.027079368465527578,-0.0204015643762374,0.05996635718577136,0.0346736016121936,-0.29712126025740554,0.26994587815676463,0.07553248942584713,0.16115399750109788,0.05107403610998203,0.29626169607346564,0.026184511290094643,0.0,0.0,0.013184827340196574,0.02168371796888981,0.02316608422997361,0.033194297114811734,0.03375924553035407,0.042761231974332514,0.024695061817661807,0.02405794420258417,0.019525188947807602,0.020474751012591903,0.009752392304346276,-0.014921743865187997,0.03166163458707679,-0.018672614387804633,0.021747091834866252,0.03353248027801665,0.021045629560288645,-0.023393720735191414,0.02040150323796566
2004-09,0.05422512898470008,0.0,0.01927443927278479,0.07711553103841438,0.024630853612298272,0.1024900330296605,-0.014911353084303924,0.08354771262307864,-0.018556287659674608,0.018781495891764366,0.11593608301911944,0.0,0.10873240981034166,0.061751245277378033,-0.10806289738053082,0.029638702051474546,0.06273984680405811,-0.028116810749073413,0.016928978322934586,0.01855498494893543,0.03493624149567305,0.03293485464779352,0.07714913721272475,-0.026048076323379552,0.01769424663023117,0.029528197547820687,0.026827240455673633,0.020338221045387034,0.06041535242543284,0.03467036369112423,-0.29672419217557533,0.2711637000678562,0.07721968997397731,0.1626061671849821,0.05295424367683457,0.2967834154504463,0.025765030503085668,0.0,0.0,0.01319142850040263,0.01907013421316444,-0.025539637338151962,0.033208936368447,0.03350158317392619,0.04467120472886515,0.02473503601557923,0.023533147744400847,0.02250322437675671,0.021082321278922803,-0.009980585600401352,-0.01754979978036288,0.03351115245933168,0.019128743646641744,0.023906221284596296,0.031893741714691136,0.020392607629706953,-0.023419697663501524,0.019389174735872428
2004-10,0.05719967442076958,0.0,0.01937150064874854,0.0763557837428762,0.024873585411397562,0.10075118095673842,-0.013057491178940896,0.08528538687093987,-0.015515203703175042,0.020129117141207624,0.11410282668479872,-0.0,0.10669967939141112,0.061898791614005196,-0.10662147262627174,0.029763173022140852,0.061912617516789434,-0.02537567572696098,0.018192051764947537,0.015393169776128977,0.035007858563411355,0.03500408081727719,0.07606735415822427,-0.025243610231051695,0.01899998667098929,0.03036237649746549,0.02783503543894752,0.020384298764128995,0.060295807038915815,0.03515257736936158,-0.2913078163020617,0.2653570451630195,0.07593332075317898,0.15962823117984715,0.05235038840624397,0.2907989658015377,0.025671577553859886,0.0,0.0,0.013538580338233058,0.0212125610703072,-0.021907568062845648,0.03505046997113622,0.033254271169094525,0.04465464066684445,0.024703434415099212,0.023697126904540768,0.01816041415482377,0.018218984215175586,0.009879942862562883,-0.0163324033543218,0.03288106620141134,0.01663156617493116,0.019696190035433072,0.03131838663247824,0.020979245603210704,-0.023188422767306063,0.01958501755623003
2004-11,0.05774325370585629,0.0,0.019301502325672383,0.07600794001050941,0.024904498363793406,0.09986448261532223,0.014411029743855728,0.08442254643585434,-0.014953666978211702,0.020789442119952862,0.11303689483630826,-0.0,0.10512768183374384,0.062401234078731806,0.11900634925929075,0.029050881122428658,0.06291061575798133,-0.022090038483171138,0.016102575522224386,0.015255395105090531,0.034555500420635724,0.03482591959191352,0.07379696208606136,-0.025318933253970985,0.019756987592484652,0.03057272588739661,0.02777005984323765,0.018959019833539637,0.061509191806547056,0.03491598704961662,0.2983214368879788,0.2606342486860265,0.07501403525416157,0.15757360793639308,0.05203237730221567,0.28581092936450875,0.02594287749840698,0.0,0.0,0.013503733265216561,0.020905809752827333,-0.021707893227178785,0.03468409473705698,0.032249025991940586,0.04468149296209474,0.02528626039760862,0.022244451600782218,0.01844665931973626,-0.019260854357301013,0.010481017747213866,-0.015835191243149572,0.031147953064068878,-0.018586239780950593,-0.020360818768999263,0.029699413113067726,0.02150338530189176,-0.02344068004700457,0.018723245512715644
2004-12,0.05683585641213095,0.0,0.01902965684570528,0.0752887154514508,0.02486528742359577,0.10271368731919545,0.015461122482165492,0.08250789113452296,-0.016504457683196885,0.01821833787987087,0.10859086844542853,-0.0,0.09833316805077812,0.06161107802685642,0.114162301115362,0.02976660507103337,0.061388568138845814,-0.021349037700063238,0.016553239194254905,0.015496259978527155,0.0338288198661438,0.035120453678846475,0.07238468927832185,-0.022441007836525258,0.02089722137871116,0.030524562198860787,0.028628267479603304,0.018959411470158723,0.061202806088463874,0.0356268343951682,0.28364142003707726,0.2458072554148694,0.06989199398880423,0.1505702163062062,0.048225254422681135,0.27200521383722914,0.025140473286917084,0.0,0.0,0.013646908397595116,0.01905762441312154,-0.02157418939137606,0.03595011149419719,0.030616858448890432,0.044592439101852246,0.025202673297596255,0.022893619686403688,-0.018840404049805005,-0.01827016972227872,0.009170969338000831,-0.015696900365385343,0.03099340853312206,-0.019059872684110468,-0.01939217266875904,0.02999033315843747,0.019370322865991513,-0.022995467538724612,0.0186496525309912
2005-01,0.05795327917529734,0.0,0.019661155245068798,0.07589176953922404,0.025298576136887962,0.10443129002058013,0.014533803523720972,0.08176119487403337,-0.016554772715559666,0.016767461865360316,0.11307190987297723,-0.0,0.09929677037489247,0.06302464185498632,0.11513959727099209,0.03019097752864965,0.06599275015151161,0.02177853062403398,0.016270132753403208,0.016340766502157954,0.034579186412630025,0.036644614256725425,0.07361668446659779,-0.02294623955294272,0.021591789958052304,0.032445198586616424,0.029556912269782132,0.019451497097111536,0.06123900584347042,0.03688224306244494,0.28461209631210654,0.24680660313979577,0.07087572205040571,0.1513141679297771,0.049428717551836324,0.2725303770532915,0.025802414956854824,0.0,0.0,-0.016292692310280396,0.01672830357434992,-0.021752008722144868,0.03714220951584078,0.030083051329536804,0.043277825843329135,0.022229628166337462,0.023264923594256887,-0.018864197232249053,-0.01914205468713025,-0.00985514533380283,-0.01595327803069957,0.0313444168031661,-0.018429273140270902,-0.019993252718987515,0.029510331529919144,0.01691747102573198,-0.02355038728650593,0.018396971192715533
2005-02,0.0575055819838516,0.0,0.019667316454292306,0.07476945018673484,0.025947320832476063,0.10522729592557224,0.014335210956803875,0.07858493161734777,-0.01647258115149519,0.017550585876378276,0.11441136700759932,-0.0,0.09909593886811209,0.06064087675347647,0.11504194165397076,0.029119232151427085,0.0671335729193538,0.020376972059687002,0.016284603986063625,0.017629207156450718,0.03480292912762777,0.035655960431943974,0.07378000298675451,-0.022577672256739942,0.020362360285292154,0.03211137151745436,0.0282796520647038,0.019851048382629022,0.058676189401197884,0.03592951637848625,0.2847378354367437,-0.26921350700441776,0.07112233748167637,0.1521960241983802,0.05048606491209707,0.2731913991323716,0.026219451008808577,0.0,0.0,-0.0167546125594497,0.01950529059584905,-0.021320199946767225,0.03618579517933301,0.030464970273660682,0.04168412001920819,0.021949001884626496,0.022998017675760398,-0.017580067276357043,-0.018071384205007545,-0.010078044743707049,-0.01708529338214833,0.03333227370180774,-0.016642661745692015,-0.018816256287556093,0.030306532827117857,0.018678679599197456,-0.022460991213527116,0.017979216256847078
2005-03,0.059057647211427096,0.0,0.01999112662397077,0.07671996197557218,0.026724231056765066,0.1051742671085088,0.01620544986290605,0.07926779321952264,-0.01897132404334255,0.017717939658132165,0.11326242114635994,-0.0,-0.10421564586370817,0.061730842487511234,0.11492882756888137,0.030223796010054177,0.06695304277776659,0.02101993759064041,0.016169825596725338,0.019015704658767906,0.03576895803349212,0.03687580079525197,0.07489035113240596,-0.024540109084871232,0.021345799587382343,0.03328211544796113,0.028775063702568923,0.019716338359921325,0.06016737058633523,0.03670557780279856,0.2851157690946796,-0.2687420121820025,0.07040089405143521,0.15164313757554856,0.04982963608772651,0.27349601417402236,0.026752941894522864,0.0,0.0,-0.016141116940326952,0.019211325921599635,-0.023267993013909506,0.03729367806878233,0.030126366667467337,0.04312295569507748,0.02398415139142703,0.024151277618797977,-0.01945138799681531,-0.01989467802245103,-0.010602292996976476,-0.016498380830914334,0.03429954740818182,-0.016543793036462473,-0.020740348733761564,0.029602676194920623,0.019857278589239385,-0.025792486631304706,0.017709792264110003
2005-04,0.05802972007906719,0.0,0.02013565353394973,0.07590077523417027,0.02711124358816798,0.1099498786912609,0.01518624928254195,0.07810596671516722,-0.01927683792246319,0.016497966926323892,0.1153558318237153,-0.0,-0.10427874233847674,0.060691299409137464,0.11751342564377965,0.02885150402650316,-0.07105585307480439,0.022925688992916485,0.016795180723832105,0.018693119893512355,0.03555474245423863,0.03642729767723358,0.07519980784989837,-0.023229907834195835,0.021191370846191313,-0.034420674442109805,0.02806568872568194,0.019234540856079924,0.05860256893658317,0.03614340818808697,0.28688242544600767,-0.2694697131015637,-0.07638310470970187,0.155168908124914,0.04965342375185343,0.2753338827970587,0.026886465762545116,0.0,0.0,-0.017865137612386745,0.020183997211501103,-0.02236361099118925,0.03649312281762346,0.032183264094612966,-0.03878447643874427,-0.021883290243626216,0.02433930336862706,-0.019139822252060106,-0.019598462494148934,-0.011598928149015898,-0.01712526187760655,-0.03821396821020606,-0.01728918842746417,-0.020502299359212127,0.030684814692070725,0.02108390835376277,-0.024854790149838758,0.017107557252512333
2005-05,0.059323792032383485,0.0,0.019596292845968335,0.07740647014655713,0.026258810310333808,0.1123656820531687,0.01396856142251859,0.07370640625455685,0.017784499795370317,0.015113024045301432,0.1184192122764073,-0.0,0.10788921506197838,0.060761267986799906,0.12007110723871758,0.030089670883038516,0.07150850433701508,0.021951779099810925,0.016723567796222392,0.016775193742572532,0.03502189578627372,0.03535894272296944,0.07713861496798993,-0.02295664811731905,0.021937093437156503,-0.032736208291357816,0.026622801700111623,0.0193888307051438,0.05905518413190044,0.035683653766406996,0.2896870010561376,-0.2729437978332389,0.07689484966331966,0.15836697352839094,0.051657086699020596,0.2791352794070461,0.026268377688476622,0.0,0.0,-0.0175244676663147,0.018037056383985832,-0.02176624054044447,0.035688535323471424,0.03221370864548523,0.038582602834244466,0.021688145808140765,0.023984002471393786,-0.018917805440958967,-0.019488564273042453,-0.009919116004794936,-0.015712059579683264,0.0379260705711805,-0.01823686350254236,-0.020404273621186336,0.03109504454864294,0.018626523075155978,-0.023947143317565072,0.016862945525359958
2005-06,0.05728364029425949,0.0,0.02079085212223925,0.07357225447896971,0.027987287722192347,0.11360978984029317,-0.014566637208044766,0.0736450944634623,-0.017653188341562702,0.015529208187846638,0.11952481129109373,-0.0,0.10807156470578479,0.05782043175583933,0.12152386485916032,0.03029466854693903,-0.0703087493090001,0.021528888801040074,0.0154017108539417,0.017448682531419752,0.036090832471573686,0.037228871636472496,0.07849278519575982,-0.02315536229555425,0.023672838199370497,0.03363140212299959,0.028165760256293176,-0.021706177645324707,-0.055073369472225554,0.03656535218861374,0.2886744292672917,0.28681089747532146,0.0777418052924369,0.15881584844792193,0.05265103267827812,0.27860588471078834,0.02779132870355047,0.0,0.0,-0.01614321518420133,0.01748768961737662,-0.022534651652541416,0.036519826059488565,0.032769182961204645,0.036679207765692654,0.023187760168158256,0.02375782897193604,-0.01924237605995415,0.01758808628252871,-0.009561715012171276,-0.019566668459452444,0.03744406775065685,-0.017571468262788513,0.018613611325604223,-0.030649135210221876,0.018870180342236257,-0.024263798664859823,0.0157791543815058
2005-07,0.05686091061277041,0.0,0.021005830022781776,0.07152728112225222,0.02839136138646795,0.11326137245610378,0.014263778514220131,0.07251713683508895,0.01760115917767717,0.015495986209719552,0.11910867800163076,-0.0,0.10658650381292818,-0.06059119162825632,0.12085963917173966,0.030438896364207838,-0.06763011209523717,0.02178538689952457,0.013488680652577767,0.015132884201837225,0.03657344747765039,0.03742054372107181,0.07860922921405882,-0.02267932125197291,-0.025141621919295132,-0.03532737335668828,0.02881591053966073,0.022282213654103555,-0.05276805939337464,0.036296934485703626,0.2849461785879747,0.28250247010989715,0.07672284682785309,0.15763881010221087,0.05244760413524616,0.27526829536816566,0.028173790381645386,0.0318014591201565,-0.0,-0.015661865927173918,0.018286601628074692,-0.021329108673839924,-0.0387449582515984,0.03135068063235829,0.037706970913277335,0.02155199460392522,0.024307628660096676,0.01745785711891519,-0.017140133422092207,-0.010191807398841032,0.02140075836469437,0.03795651207536924,-0.015780403652428564,0.017593504290042618,-0.028268406722434785,0.019788275122537967,-0.02319254725892817,-0.017038129052058044
2005-08,0.056949103442829406,0.0,0.022337506871483136,-0.06707981242765321,0.029901888421817676,0.11299180276104376,-0.014196958940487761,0.07291462934332205,0.016434967814709715,0.014300738945725514,0.11847734230818073,-0.0,0.10527810902430146,0.060366250573800566,0.11993803818075255,0.03204873216278578,-0.06671991829523616,0.02151429801264309,0.013325234327226897,-0.015933765868539826,0.03776087598100049,0.03941379701029744,0.08045756801726163,-0.022900974552087516,0.02537582192453079,0.03579118808714686,0.03066563907253676,0.02355323789478263,-0.052554347112782604,0.03823848112091306,0.2859085187049831,-0.2785518563226835,0.07528859380117996,0.1570812719281829,0.05109605132706532,0.2750366063709336,0.029414996769007443,0.03283718978806746,0.0,-0.016805713911939843,0.018818208756228406,-0.02277074119219733,0.03924343569670076,0.031219581550614155,0.03720214837913992,0.02219336805067346,0.02514185213127961,0.01797277640153492,0.016940869560363846,-0.01126461531066247,0.022400318292542475,0.03872382115947197,-0.01618097282427522,0.01820647442809202,-0.02908308209753143,0.019858791357218367,-0.023005276913882575,0.016965633260275843
2005-09,0.05633377889721769,0.0,0.021893290787945222,0.06662012259231608,0.029288203648193484,0.11351799887471953,-0.013025786511249877,0.07456137262163044,-0.01724408434816601,0.0145287342372364,0.11899860936939205,-0.0,-0.10737182765240942,0.06083631244871041,0.12035000672875802,0.03184360206066179,-0.06704835798516391,0.01930158702800584,0.013263880698244268,-0.015502370858750355,0.0376424038555266,0.038543740237277295,0.07904584513024816,-0.024588498496483785,0.024749905389729928,0.037409704726684846,0.02976166075375292,0.023937169561387875,-0.05342887453505074,0.03803822547695263,0.28348967939991576,-0.2775907208383338,0.07600515719487343,0.1567019642306977,0.05206307805338863,0.27323029561245044,0.028678855662174783,0.03243766647456053,0.0,-0.015601560549291406,0.016344518005380865,-0.01945766016069947,0.03830166535780121,0.031172118818584463,0.03710821110056988,-0.021162529144502937,0.025127054674416248,-0.017176776948592053,0.014739755342463556,0.009307552060764038,-0.02080024767010588,0.03828110790317766,-0.016420166166583094,-0.017378749907889613,-0.028460270432597568,0.01970622269254589,-0.021236173592044515,0.018641476044408026
2005-10,0.05678685795430503,0.0,0.022666192145572483,-0.06397733847723046,0.030366104481701076,0.1113598109840484,-0.013037630583860146,0.07502510704708797,0.016730871765938685,0.014412554631367478,0.11782709026416187,-0.0,-0.1052518244851971,-0.05751149832821837,0.11839717104172648,0.03275267602215837,-0.0647252002477882,0.02115010969324211,0.012847979455631781,0.015969013057010116,0.041751204000853304,0.04039177806764085,0.07903146823999796,0.02701091204978353,0.024869104660987268,0.03691093983236957,0.030378104975967817,0.02593601409181835,-0.05130512090539342,0.04400003884285057,0.28106804795171225,-0.27436600101810205,-0.07495501056270912,0.15489065862077114,0.050169336918464015,0.2707299239549321,0.029878454772663803,0.035928437161605584,0.0,-0.016685600973010563,0.015513528752807575,-0.018884292481457832,0.04068185527520419,0.030353854804345833,0.03949998013668394,0.02031962352462162,0.024774186834920886,0.016808874634021264,0.014181830238570822,0.009986632784554503,0.02146332102009098,0.03984618495435469,-0.016955114141598573,0.016875334566928794,0.02766473638789942,0.018585781519118924,-0.023023853934938228,0.02116109906457188
2005-11,0.05694781384409606,0.0,0.023289132260131906,-0.06563581988753135,0.03287180076786893,0.11215328256899275,-0.012771308648324648,0.07338126405737731,0.016677979441365818,0.014599184072101591,0.11819720228352214,-0.0,-0.106457771736571,-0.058508061720914765,0.1203777038395771,0.031168730446464305,-0.06431712415959108,0.020110140972015772,0.013563249436563004,0.016598558647462028,0.044050160983974254,0.040215684084280084,0.08082181604458714,0.026814703655337013,0.027084299289920767,0.03773042535385508,0.02995075327083996,0.026712538437445196,-0.052527910857209224,0.04702905724320265,-0.2700359817850239,-0.27911331237009845,-0.07548514140671297,0.15633605878691945,0.05011737506716185,0.2751967341017096,0.03125816533786678,0.038816599742793854,0.0,0.014683303725117544,0.012070636686355107,-0.018726988294082248,0.045046529457930286,0.03019938690489746,0.039412208354916066,0.02092778693181964,0.024766549571052107,0.016379389308648216,0.01441466665048454,0.008680659692159195,0.0215340001763195,0.040490613708266475,-0.017030398724896912,0.01694497216993731,0.028527807626549554,0.017179038603759966,-0.021515476093337278,0.02114031737824298
2005-12,-0.05891674025445621,0.0,0.023671779877321237,-0.06167296099726145,0.03319442338487869,0.1086538478561686,-0.012868030847936654,0.07153710452186016,0.015269068018582984,-0.015756794450823963,0.11353568839202545,-0.0,-0.10254826670596437,-0.05523054626140909,0.11653704576943806,0.030968496564200095,-0.059864476519783105,0.01944108379310365,-0.014921936458313884,0.0167402348926626,0.04433142214454698,0.04040903888120971,0.07976426200569284,0.02581508896567994,0.028807930788260033,0.03753836837410362,0.030534109613013387,0.02680468309868375,-0.049369782654023746,0.04828524219164967,-0.25957920014193175,-0.268450396644366,-0.07275163991162133,0.15004164540607115,0.048312309831451815,-0.2695605387171094,0.03133568455624487,0.03901310733840734,0.0,0.015976696530389425,0.011731440525681466,-0.018666313561693088,0.04631230122509941,0.029840443900641948,0.03871741331918455,0.021979200360831258,0.02439775100214724,0.014980783841061274,0.014109270254650945,0.00809141532833081,0.02255104314233242,0.04027660432207609,-0.016686607606535613,0.01578449746621031,0.028202502487963608,0.015590988071990386,-0.02016751348996708,-0.0237679030453102
2006-01,-0.05731108533265355,0.0,0.025074694732120005,-0.06001343719385796,0.034691538569821566,0.10683901192328345,-0.01339096111012746,0.0701229937022214,0.015491006135833433,0.01545153380203301,0.11231174091116936,-0.0,-0.10075287840377652,-0.05414579376223894,0.11566074353767287,0.030821512542771705,-0.05927234503941524,0.01901557916657282,-0.016125243474054213,0.017032296155408015,0.045855927116412884,0.040525188427353954,0.07802023302276227,0.02665881214873868,-0.03477068067300811,0.03715204290386241,0.030747573534668112,0.023798950127341855,-0.04901800776149258,0.051206674336852276,-0.2542734934438945,-0.2628629694904171,-0.07177893331205154,0.15083095372448296,0.0481952293889166,-0.26367294000591834,0.03323709226913819,0.043443979591833895,-0.0,0.01572724477306637,0.012817429516907546,-0.01953724983481177,-0.05351037528227899,0.028793776726851492,0.03942934222199753,0.021538847696715078,0.024490827613113393,0.014849751960024795,0.015727651790603744,0.007798004434175021,0.02206148601032933,0.039092560977379676,-0.01717780321893774,0.016642639726318603,0.027790236146023124,0.0159832364237357,-0.020877192405654003,-0.02254590684740273
2006-02,0.05845442529792611,0.0,0.02562330572426862,-0.06063923260171479,0.035521103104768074,0.10289350491109245,-0.013624206677566178,0.06979403267836282,0.015537722174474208,-0.015394956601377702,0.10828518402188353,-0.0,-0.09902193034235768,-0.05415325101689208,0.11500141027474467,0.03205344172543848,-0.05789784108126105,0.0189593042250925,-0.016022570291812793,-0.016202308764463404,0.05741859774080148,0.0417184447400024,0.07767580430646864,0.026420954838570133,0.03440982574369876,0.037138757967951394,0.032576922439551216,0.021702858153830402,-0.04905770411564807,0.052131718219150094,-0.24783733156538978,-0.2559948190541801,-0.06940077321453386,0.14853402777812,-0.04874465439161693,-0.25688382932850934,0.03443887112056446,0.04707632988254548,0.0,0.0156288563803877,0.01275418816429622,-0.019323844480024586,0.054796209342532355,0.027074446404495092,0.03752503411172981,0.020927988405406474,0.024746480391613833,0.014783738521423413,0.01445845476443614,0.007705006638803023,0.0211894141518641,0.03873839255482575,0.01749774901281943,0.01572542923239655,0.026278326548588544,0.01715141884772203,0.022480705480289385,-0.019647487660099265
2006-03,-0.05806062839545126,0.0,0.026484309313466785,-0.06008145428103975,0.03714791972445425,0.10371829252997497,-0.013871427026828045,0.07024418804843219,-0.01589828930306389,-0.014099170358954107,0.10882081681355604,-0.0,-0.10011337314699169,-0.053323046913791715,0.11523565308313614,0.032282490442551125,-0.05883115200288644,0.019798062087494586,-0.015088074813856666,-0.015130407808397538,0.05794347523479735,0.04144253466863729,0.07808762381529279,0.028112500774034932,0.0336870071515153,0.03597205898344851,0.03254085488243031,0.02056401823762612,-0.04792038770161194,0.052386456901786865,0.2580087506909844,-0.25686139747092074,-0.06951758959869223,0.15115267158894713,0.048975792303951965,-0.2581434733588656,0.035879261184674466,0.04954833466384281,0.0,0.01531086762801094,0.011052360833410928,-0.02021829515940294,0.05580700046991304,0.02648681959275829,0.03696529791445818,0.020693501822877776,0.024459004560204944,-0.01610342113485149,-0.014478747982619722,-0.009264172805232847,0.02031105121735786,0.03783013413758762,0.017040814421129084,-0.01580749946425591,0.02516277545667868,0.015336717038625278,-0.021878454725164555,-0.019639819669794615
2006-04,-0.05492152066067297,0.0,0.027319494702233896,-0.058243565164242776,0.038943619120904556,0.10068107512651511,-0.013927806281718417,0.06687246263118919,-0.014792294019703452,-0.013788910897042962,0.10449689056393624,-0.0,-0.1000618205280191,-0.053027358720727516,0.1128222775848364,0.031471682728353115,-0.0564365020873577,0.01942122308791361,-0.013911730583554403,-0.015131086085887705,0.05868112209624996,0.041456572989585945,0.07367337517198698,0.02601560806733218,0.03353041355917087,0.03706683608968394,0.03337619211429382,0.021068379927451274,-0.04724031266468665,0.052559784209510706,-0.25888395637443684,-0.2510322227298855,-0.06824856312793934,-0.16608097950196515,-0.04834015360541497,-0.2519210408260937,0.03709324904048886,0.05079187315033378,0.0,0.016783784446968177,0.012762835185076355,-0.019581112050728662,0.05527101766977292,0.024310945373305557,0.037344922779873974,0.02014276093621599,0.025157233717744653,-0.015001398207444656,-0.014063455706921857,-0.009537781829590662,-0.019944660018084797,0.037301448324447435,0.016765250608114807,-0.014900973580353825,-0.025208983561419034,0.01580816575444688,-0.019650477921749187,-0.019725605703062955
2006-05,-0.057599257783350774,0.0,0.034084044007719846,-0.060415133605615894,0.04516466742611473,-0.10885911682646238,-0.013808128778598036,0.06771885272177827,-0.01412101848762156,-0.013629076405591396,-0.10982275134616624,-0.0,-0.09869560693348943,-0.054468186419399676,-0.11978830598359072,0.03285359497328031,-0.05755289118740146,0.018825307308658387,-0.013743777755313526,-0.01587727048690004,0.06513259118983783,0.04177312052717747,0.07839923700382416,0.026215993611687867,0.03298828450182658,0.03647673829052357,0.03288103297194333,0.019907679936091903,-0.04891013581846891,0.0584809068398911,-0.2559043779841649,-0.24812106937961131,-0.06698300777197473,-0.16333011455115554,-0.046796037455101226,-0.24895410110973185,0.043971206974310194,0.06047403995850003,0.0,0.016977489077371666,0.01361386383009395,-0.01948526522501445,0.05579640472440401,-0.025005061527888995,0.03555173079548723,0.018997743667295872,0.020145634223933933,0.015553298087263532,-0.01383135320457294,-0.008825306230530372,0.020122944125598247,0.03851917189871013,-0.018764117647849576,-0.015139426727753048,-0.02464687882204148,0.01653707299168185,-0.019349610709913,-0.02002430246269236
2006-06,0.05438448704043734,0.0,0.0332086215382455,0.05867749527423432,0.045021394643545536,-0.11248500987054744,-0.015086991570444245,0.07003828939012807,-0.014331668162075076,-0.01453983707508939,-0.11359668106607382,-0.0,-0.1018786746993712,0.05719848785856485,-0.12387604885247122,0.03228631369052035,-0.05961696401333546,0.01905791236858784,-0.013457160569758805,-0.014028848486497238,0.06379624499690646,0.04155132657826401,0.07895089530750726,0.029666362690471643,-0.03375210191079136,0.0347684910176504,0.03182904715630109,0.018196715306824936,-0.05117098643955841,0.058256828106672036,-0.2635633361100774,-0.25495589723402173,-0.06913114460241851,-0.16878368405042485,-0.048010019169576285,-0.25679510862986565,0.04340912452601124,0.05953156181038399,0.0,0.01616107696523174,0.0135027215756875,-0.020260518726225592,0.05629397470840803,-0.0269459115446034,0.03572612386291052,0.0178886362716173,0.01968147132232566,0.015677976780533065,-0.01414542475666204,-0.008858883843225968,0.019810795487557507,0.0378262469684869,0.018647008737924818,-0.01504257683383736,-0.026471170306663988,0.016630145116118787,0.022107867123151787,-0.020943562748583274
2006-07,-0.05467483061021254,0.0,0.03306424626204888,0.05788949177873617,0.045361753711548256,-0.11159539629405053,0.017045138985113426,0.06888005082303818,-0.014376892316794752,-0.013662160065668531,-0.11256245222675751,-0.0,-0.10188303835434079,0.05692326464998713,-0.12263946299581749,0.03306863596904057,-0.05833923160773402,0.01866602725701713,-0.01343909875917227,-0.01429354729489034,0.06463349803671158,0.04134226612997956,-0.08386995681049492,0.029882556434638233,0.03366913892644096,0.03431222836297949,0.03191735385220347,0.018665576084757052,0.05208377743640138,0.057996964959691116,-0.26322331339908867,-0.2539720678818186,-0.06921552168252679,-0.16754296631614837,-0.048125347046951504,-0.2557187577340625,0.043631029341141735,0.05978247537269359,0.0,0.014778842786971901,0.013474989166996323,-0.018870858084315326,0.05608347488248733,0.02451678563931955,0.03385043316220362,0.015517755824287494,0.018660129657938136,0.01626958310536895,-0.01439294717272336,-0.008926568556126075,0.020940274551920816,0.03717001798252458,0.01872180215758856,-0.015377444412988777,0.02373107653571121,0.017054608243785414,0.02122598523260871,0.021341740283067047
2006-08,0.05389150535880718,0.0,0.03318200546714673,0.05893008988506166,0.046032150672804445,-0.11481205566615846,-0.016584891818305584,0.0684543919911804,-0.014782502811354807,-0.013343830355742046,-0.11486533773735588,-0.0,-0.10830098570197311,0.057172365012374764,-0.12450309144665085,0.034661742309572384,-0.05845632704110241,0.018250974317048797,-0.013305521902713023,-0.013555413642009715,0.06613747578082654,0.04029266826493965,0.07751458855860893,0.029679735187748104,-0.03265937567569205,0.03442518076431033,0.030974571888493466,0.017167084096030412,0.052043977561767756,0.058542702319706354,-0.26506258887691075,-0.2567485947656078,-0.07796546518826256,-0.17000145741245684,-0.05223067302187903,-0.2581288913574402,0.04435498434996533,0.06140736926411508,0.0,0.014597449554267523,0.013000749525348415,-0.018471616998367878,0.056419620244015464,0.024513446013926375,0.034471657139884024,0.016278733442041508,0.018978304877719662,0.016550775442641573,-0.013566872091711979,-0.009980386816069843,0.020850389607687852,0.03647841430078603,0.018315438892586536,-0.014917846079780667,0.023699202262749183,0.017037320488362463,0.021466531480452702,0.02135753815259745
2006-09,0.05342706253316209,0.0,0.03390415899405828,0.05970101461560177,0.04702510236805778,-0.11616932928147465,-0.016812361764234625,0.0696774556199393,-0.014646922440121498,-0.01349107147253546,-0.1156415820792099,-0.0,-0.1085324460545358,0.05689587381681977,-0.12452668870112783,0.035310404061086154,-0.05650730088802314,0.018262279745105355,-0.013857843999440081,-0.015101391656784735,0.06562651767011034,0.0403134976539443,0.07750253197830034,0.02807857353011713,-0.03384973381625045,0.03567338059030156,0.03154819652708954,0.01603597060379811,-0.05116386588386192,0.05929503481334449,-0.26307615430691866,-0.25615000792430914,-0.07849887650893668,-0.16989102869439976,-0.0531057534875178,-0.25678206796640823,0.045478866091622716,0.062408686487737584,0.0,0.015695739265666288,-0.011402033040951403,-0.017790746931944747,0.05690728021287375,0.02478127114462006,0.03361215409031122,0.016977637755037432,0.01842614912742596,0.015380914023659816,-0.012940738364635941,-0.007848586230509888,0.019773024379508074,0.036554684886582006,0.01682200586766296,-0.014070045504885722,0.024741816825294742,-0.01752606178892751,0.021513462321837342,0.023008853514231962
2006-10,-0.053734009561457255,0.0,0.034521819937758505,0.058338539508218434,0.04752091114092133,0.12197974807250705,-0.016589597480100228,0.06793020289531339,-0.01401416144976605,-0.013085254096720456,-0.11557250245166566,-0.0,-0.11867972975961577,0.05595790446369209,-0.12377385407428101,0.03540536576180666,-0.0556640792989131,0.01703379730147566,0.014050873992100414,-0.014085582154454546,0.06580042842081718,0.040222115909612,0.0767889249576722,0.027676077468002224,-0.03501582099677802,0.03490742247398966,0.03159298511639351,0.01538027891960496,0.05324095733521841,0.060284922965288916,-0.25971271545612523,-0.2550971193556435,-0.08464990137937436,-0.1690086628646543,-0.0547013087598475,-0.25530244840028316,0.04629574621172533,0.06245219375131299,0.0,0.014172525188965775,-0.00978280166030725,-0.018739228784909065,0.05796175493509985,-0.02336680252681568,0.03186401862677308,0.01496307047071835,0.018360213777207843,-0.015513791585979948,-0.013044942279056707,-0.007354984859300565,0.02002263134370517,0.03284321522115615,0.01845833616869781,-0.01421566283501927,0.023985640875454836,-0.015354648272514357,0.022460729612315617,-0.020513732069788966
2006-11,0.052890892692086924,0.0,0.03817192164621104,0.058569292565322346,0.04756548040842355,0.11990008657035182,0.018536687208017034,0.06664213817559074,-0.014258614339590699,-0.013062253990932464,-0.11363226025007381,-0.0,-0.11933003980509486,0.0554026209740206,-0.12491404710481924,0.03643409057028814,-0.05517129311045347,0.016919890023950866,-0.013835618927577443,-0.014070740823081062,0.06651069580162572,0.04110112298208018,0.07729731611518999,0.028000379277268245,0.03240108892317177,0.0342965740969756,0.03278722093496306,-0.016955073356233294,0.05260316998328936,0.06107643033929159,-0.2536136346764043,-0.2512666683761133,0.09477036098128122,-0.16618744680889816,0.06131286788686587,-0.25133379214365453,0.04677582891146249,0.0635655923679125,0.0,0.01424442641146329,-0.009470332571604664,0.01711569637253152,0.05891634849818235,-0.021621754464582164,0.03153601734575901,0.015594088221423361,0.017491856777616166,0.0149394275444032,0.014703579517979931,-0.008126746248373257,0.018790016804817015,0.03057353781345027,0.01790477689128568,-0.016118544018100343,0.023103590324101277,-0.014287924883095226,0.02335521478872546,0.019845507124995707
2006-12,0.05298708958366072,0.0,0.03812793104459665,0.05928955059612985,0.047099931922755155,0.11879573105205697,0.018683166826351617,0.06428326624938818,-0.014601541139658983,-0.013285531110814906,-0.11227419232236131,-0.0,0.1321096400797574,0.05638545771086333,-0.12467258383299729,0.03700164664094415,-0.05450127300388569,0.016993104462628222,0.013617798089108214,-0.01410238420947973,0.06449551422763379,0.041489826746958045,-0.0833327184155237,0.028191843143253275,0.03278187197181448,0.03339456908042174,0.032900461589102196,-0.017840903010718116,0.053463668039345345,0.06085791294298609,-0.2492111784373816,-0.2470219480372465,0.0938309846162359,-0.1674114812429241,0.06113799636123889,-0.24701728423994282,0.04582819951923028,0.06141290648970786,0.0,0.014260513397159018,0.010418416752615905,0.01761735151706548,0.05849276512240212,-0.020643443963096687,0.03166538712788607,0.015303815665880606,0.01624709084379958,0.01595210403172976,0.014810004325149936,-0.008627401993376192,0.018497044527632716,0.030644882113297894,0.017895423973256008,0.015615134114211403,-0.0239453657795128,-0.014610205412936061,0.02360688054343252,-0.019816931724731906
2007-01,0.052466229989414685,0.0,0.03932521012318697,0.05845462838170922,0.04842607252751616,0.11605465714779493,-0.01840340285169194,-0.05890093520939551,-0.015194472378236817,-0.013204275951015596,-0.10874068957718759,-0.0,-0.13182066472282428,0.05715359936869933,-0.1266000389474399,0.03680370098222162,-0.05230087308616636,0.016576676144831385,0.013698945509565883,-0.014046485990768515,0.06533701064843085,0.04073972781928722,0.08330406462643536,0.02732697501452457,0.03173561812063523,0.03460690066356212,0.03261359487935456,-0.016792518905476218,0.05186526123580845,0.060874242180306536,-0.2465577686233507,-0.24359632057882966,-0.09283916026842064,-0.16368763720093454,-0.05939985607783409,-0.24360245829319732,0.046907858044276454,0.062240226260469385,0.0,0.014304757714478323,-0.010371606002549407,0.01744444667129404,0.05892140700926458,-0.02553844735321379,0.030656484902593185,0.013895517044703425,0.01446307621562393,0.015583068439499194,-0.014922377991051306,-0.007012849899708367,0.018437883449103035,0.029267627184499215,0.01798116806390559,0.015370374698795312,-0.0281804443100587,-0.014206443249693567,0.022470612609511508,-0.0185879714226346
2007-02,0.051176670614667276,0.0,0.04012208755525302,0.05809049868790401,0.04837837670408897,0.11415762528286454,-0.01802947076786445,-0.05776658842308364,-0.014671430203466536,-0.013651126772646564,-0.10673243101863619,-0.0,-0.1298960551476764,0.056883275102817564,-0.1232171479319286,0.03665278359037132,-0.05150486782490589,0.015489873608603108,-0.014041620142943315,-0.013739022318595128,0.06440755374786664,0.04162228910792716,-0.08214948475943831,0.02585128516580648,0.03191817213844116,0.03460377070708335,0.0326868267073029,-0.015002689514956246,-0.05334489489515983,0.06090638478139425,-0.24354589975848512,-0.2407423677642037,-0.09133367728901597,-0.16417105769303222,-0.05813718981214447,-0.24107260766060248,0.047173187698199226,0.06283905047993339,0.0,0.01425332288879684,-0.009600854582548021,0.017885794505723918,0.05891937025313916,-0.025950866709132547,0.031007493432430627,0.014437992270069427,0.014011746822397182,0.015246835603761456,0.014910544815347433,-0.00835217833335306,0.01733459187440891,0.02994921015612152,-0.017507712542790186,0.01570904337883823,-0.028571382656455722,-0.01406125973102112,0.020766919651002694,0.020003219565839555
2007-03,0.05270282893032368,0.0,0.039917192662661034,0.0588476096282459,0.04807118849303037,0.11711832449943908,0.01830258906033765,-0.05876254624353967,-0.014817448753418309,0.013901650595417961,-0.10931821509751523,-0.0,0.1321209677113414,0.05844409895451252,-0.1265195616233577,0.0359850572691919,-0.0530372910242315,0.017220332923045638,-0.01395701735692043,-0.01442997546566827,0.0649451034858566,0.04229775808755448,-0.08207597736268467,0.02707307474772974,0.031672050517042416,0.034610735437444584,0.032715108939941194,-0.015606577162882435,0.0527379371012555,0.0602454521449669,-0.2470458598943301,-0.24514513289878906,0.09295465461126587,-0.17114396009026106,-0.06043592277626,-0.24469168955314227,0.046205300524226674,0.06125487445701632,0.0,0.014889148720353549,0.010251184796523132,0.01818621534970708,0.05787037445142953,-0.027867536467632487,0.03200455755638122,0.01512315384168651,0.015000557376979723,0.015877709593649363,0.016383829109199544,-0.008024348373661555,0.01726789241882204,0.030509442829382984,0.01806075550062959,0.01705296392249218,0.03177326224667553,-0.014954515479189268,0.021311988210015075,0.020123819651991615
2007-04,0.053716421144122305,0.0,0.040594905020604595,0.05848470027293389,0.048644946601099075,0.11553397611083518,0.019154163232548364,0.059569356251143346,-0.015253742301447836,0.015431508924142232,-0.1076779588049276,-0.0,0.13084818081097657,0.05842359623043505,-0.12379780660788355,0.03623891908044358,-0.055238580114148866,0.016121034323911043,-0.012762471612003822,-0.014173225885914367,0.06594879982309418,0.042353080193162265,0.07960003629084542,0.025044644740640196,0.03149107253607407,0.033945349815691445,0.03270419685750977,-0.014690006518389583,0.0522708725423459,0.06016759862878627,-0.2447942410295956,0.22664199917002212,0.09179717364500621,-0.1722685023118187,0.05854885203006574,-0.24220711567340344,0.04698301484778165,0.061644594846688355,0.0,0.014901177005011607,-0.010095883203920075,0.01551116912230796,0.05771961756216377,0.028167140818950498,0.03127981245797515,0.014172424285041282,0.017007841958833435,0.016626199101910256,0.014919294607418998,-0.008281668421868364,0.01826619326429516,0.030033692664433485,-0.0179178154523682,0.016349839448186864,0.03175464248150086,-0.015371824357542129,0.018972078479257568,0.019086868795634367
2007-05,0.05314206084871243,0.0,0.04154372119989587,0.05721810373714941,0.0495589407707425,0.11091622515182901,0.016736915343780003,0.05957794854019629,-0.014601022750355236,0.017241523031245633,-0.10308059507352675,-0.0,0.13841887625069094,0.05743518872851075,-0.11848637889527013,0.035522181831742876,-0.057871717014151364,0.013508109793425578,-0.012136454560556915,-0.014407445208703528,0.0649176189343381,0.04184540458346788,0.07751147048204508,0.02553859367576753,0.031818302350251085,0.03276815929298407,0.03191275822909246,-0.014088587766019345,-0.05126000611415879,0.06024542949076915,-0.23559118494822226,-0.21954481561867015,0.09491583147830117,-0.1751383618248214,0.05797032513131912,-0.2328495984844025,0.04752299368005046,0.06162751248973457,0.0,-0.01649192560826174,-0.010713989146242981,0.01420146756207903,0.058593050798405176,0.028007690348831448,-0.03142046068703903,-0.015429912429565429,0.017193015865033634,0.016365648104513554,0.013101249960084469,-0.007975412619674702,0.01664402503331709,0.029920852875824928,0.019411602817005,0.015011688415212058,0.03033202698365999,-0.014083531228270036,0.020152753515695225,0.018303924302228665
2007-06,0.05152795903274194,0.0,0.04289260949876895,0.05638694109399486,0.050035581796704545,0.1045912522479945,0.01702491716254906,0.05998707205294323,-0.014728445754071564,0.01724805755033641,-0.09952970053367502,-0.0,0.13472498992740647,0.055847897959739747,-0.11600439477346888,0.035430021406180484,-0.05790640449902221,0.013123926379703058,-0.013483327929013007,-0.01587278950984883,0.06445155719016701,0.04248433452825997,0.07675188512276576,0.02517567877538915,0.03178569316900111,0.03302376900167668,0.032125996308552764,-0.014214624187882361,-0.04895766094368383,0.060282598982293524,-0.22877237965587702,-0.21200138269943328,0.09313702589793584,-0.17067113389005506,0.05727238264507426,-0.22518584927901955,0.048148302414045975,0.061819548658148316,0.0,0.016637178088221585,-0.01056844092067646,0.014642948064548203,0.05924504750915897,0.03221961132316378,-0.029500695198950013,0.01556553586170152,-0.015582614884447708,0.016816701311014575,0.013888529691689529,-0.007662118627174197,0.017018718710987157,0.0287883371016166,-0.02027354422971362,0.01586096094455227,0.029411171214379455,-0.013971756214409,0.02042940645448217,0.018122233710083674
2007-07,0.052698748206320804,0.0,0.04304332867946746,0.05707998457844396,0.04965012992273978,0.10376857225869987,0.01834265022782407,0.06018643686828985,-0.01668800973181932,0.016644880561561964,-0.0989291316788727,0.0,0.1354348149576132,0.056009287073155674,-0.11382979103327583,0.037195240091657575,-0.058646362418876406,-0.014178761954874223,-0.014073285103740438,-0.015956506955136077,0.0642228023056908,0.041322130713939254,0.07634213106862753,0.023730028561765766,0.03170084258589703,0.03329109055029859,0.031530385581963694,-0.014209512901447658,-0.04887283133316374,0.05890609611856377,-0.22809178815343573,-0.21158074198734947,0.09355329414407272,-0.17056539487034916,0.05713625567643117,-0.22459771444430807,0.04749901022950613,0.061025325497170366,0.0,0.016394328374662207,-0.010873318586534864,0.014037249781300139,0.05802993150437104,-0.035922100000616554,0.030970380041163457,0.014245884449416431,0.01589520928055561,0.017215625315475887,0.014645324464138527,-0.006682865095199271,0.015948356066796725,0.02856290531826354,-0.02044637384124825,0.01661327978188134,-0.03301602992000329,-0.01523557772349005,0.020995005372801124,-0.020184028292340547
2007-08,0.05491420686588848,0.0,0.041732238271882105,0.059685234216795266,0.04846665654478986,-0.11304087266599518,0.01786482825328954,0.06190732003274552,0.017199158502401966,0.017351842292119102,-0.10395698318254837,0.0,0.14154419068957225,0.05837285725838953,-0.11943302895686984,0.04068328087865224,-0.06245769382353352,-0.015215333605679135,0.01622668994067252,-0.015580376029552416,0.06339485206106434,0.040599707338272166,0.07775211822372538,0.02458112608814925,0.032522710472565296,0.032369303117228465,0.03015865259871347,-0.015903422680958415,-0.051101650772330275,0.058606856066610154,-0.2353374991566428,0.22334563679527714,0.09805311177640862,-0.17766208925315702,0.06019095380981331,-0.23242853110988723,0.04661860216272668,0.059116877369501546,0.0,0.016834376140361148,-0.010859616263975311,0.01492470998507043,0.05877645477446172,0.035980441208279604,-0.031166884979216623,0.015332918622899068,0.017333729451365375,0.018228398257775245,0.01552200809040923,-0.00670134822041994,0.016900957723368106,0.029825304229991002,-0.02127687198168748,0.0166493634067774,0.032531085957354024,-0.017297115399218268,0.021640345210431015,0.019728343449375494
2007-09,0.05219023335297434,0.0,0.042324601464321696,0.058920833508116936,0.04731265338224349,-0.1136394917621166,0.01736988139325274,0.06220091972897332,-0.019660457648467446,0.01750922699197603,-0.10395086528024836,-0.0,0.1427012883467305,0.05784666819071938,-0.12062412356887044,0.041796372649812154,-0.0634756122745341,-0.013227181866109071,-0.016107798558785653,-0.015077176121960174,0.06274052210976448,0.04060036659929009,0.07705070746821423,0.023837881335066882,0.03319601553621151,0.031184728737388107,0.03055755320453049,-0.014526362972263139,-0.05057946914903263,0.05894114404540854,-0.23318736458813358,0.22345457802760654,0.09940175036363143,-0.17786650927119962,0.06083050415761111,-0.2323203256505217,0.04684964704695068,0.05888856970459785,0.0,-0.017575806132238754,0.010200089898326284,0.014890777530631435,0.058912044615552,0.036001883758358326,0.03122495581855015,-0.015510112225244019,-0.01560291942978337,0.017345150514715288,0.016883278635696913,-0.00668812503404492,0.01858378456422802,-0.03172644790090787,0.025282132336893536,0.017054963185131073,-0.032626419168596835,-0.01635355121147501,0.01913020872466325,-0.018902456836561887
2007-10,0.05178169999741665,0.0,0.041523528092425065,0.05739863500740404,0.04569047379998802,-0.10983007221039373,0.01860335326413802,0.06227242216062947,0.02092107070448109,0.015375527656797484,-0.09914169948716356,-0.0,0.13742600721686915,0.05800529084882606,-0.11563726537677138,0.03679675268571102,-0.06125045607563656,-0.01381651286834581,0.01644048974754744,-0.015933178724851112,0.061472064727485815,0.03985432538660496,0.0746426243146993,0.019490068173040106,0.03336398951877826,0.030268778436062235,0.03010479731509401,-0.014502413993979115,0.052750670728408236,0.05839239855753447,-0.22379843076743805,0.2153633729719763,0.09578568865349107,-0.17397046843221772,-0.0665850927507214,-0.22281101313583151,0.045647468975910946,0.056814521324059265,0.0,0.017694037526769884,0.010271368073354239,0.01562026307766392,0.05876333800999634,0.0341458318569049,0.03253322825802211,0.015164531250133655,0.015775289529269244,0.01948206627532837,0.018492699069536295,-0.007332091656998791,0.02028359395051839,0.030278098187599224,0.025570350191392033,0.01839801297972826,-0.03134439563412487,0.016849126727876657,0.017746420870040164,-0.017575724607057475
2007-11,0.05043194701232797,0.0,0.04097624243863639,0.05659989341304809,0.04508643187187704,-0.10670490588285621,0.017710935933624813,0.060504069271220755,0.01997941333127856,0.016360719637225875,-0.10012245378270379,-0.0,0.13809151354707683,0.05704227433348197,-0.11239399079170669,0.03240321038599955,-0.059849148033287884,-0.014580570639875999,-0.01668171510188115,-0.015788051316200438,0.06163914549178137,0.03941873664217514,0.07415358171348764,0.01738428481645077,0.034436814150629935,0.029478763083957117,0.030054204814277303,-0.014084655818468548,0.05125370673623578,0.0571819896287954,-0.21653782149179462,0.2086836755417226,0.0959723568976206,-0.17741201178010582,0.06676208157623603,-0.21535947367399585,0.04541376596437313,0.05609658155457012,0.0,0.018225975832350104,0.011339054983745852,0.015306505986870618,0.056687636386669474,0.03083079596202249,0.03200554975705276,0.01523634058784578,0.014580526805243361,0.01996425114482748,0.017761372339133573,-0.007926440519904307,0.01932660561631263,0.0303674578951404,0.024990744618391063,0.018137036031717242,-0.02917999368595051,0.01749188281659607,0.014789750037587411,-0.016706952547246454
2007-12,0.0489097017633135,0.0,0.04107496359936634,0.05972096281225093,0.04483516953606188,-0.112148485677665,0.01906358076703012,0.05707590257838828,0.01891759135956092,0.018441822042524505,-0.10398971184552619,-0.0,0.1457004292466988,0.05905162345096704,-0.11773552728716882,0.03061133411347712,-0.06347800650159226,-0.014810556466442146,-0.018494786227125623,-0.016351056980283225,0.060545438916570465,0.038365040050597855,0.07466254071968201,0.0190786873377512,0.032848192123511644,-0.031073892493101926,-0.03376934337017887,-0.01431650024506178,0.0536740531371126,0.055972809887137875,-0.2214669877279875,0.21696450961283476,0.10189262117350742,-0.1838847718336498,0.07128038031699992,-0.22220754557671138,0.045380829994906814,0.055324474977828234,0.0,0.01740934736916004,0.011143467998305267,-0.01735062765599969,0.05600677452046926,0.03153195989360339,0.03229422634639797,-0.015399622442439921,0.014002361211706456,0.022059500864539366,0.01885495663872652,-0.00692811588744268,-0.019881667938849656,0.031076867063097383,0.027110330736869553,0.019600974817737957,-0.03069709973189171,0.01701874141984843,0.016179596297120295,-0.01874461194153014
2008-01,0.048140046656721454,0.0,0.04151237993336099,0.05705069140488534,0.04371220119316736,0.11324975751724621,0.01936101879859635,0.05702616275399757,0.020061855341956224,0.018956554807708928,-0.10143223836644419,-0.0,0.14440058661388136,0.05914976346555627,0.11716511566455433,0.029216516599193554,0.0664372005494871,-0.015290161043510733,-0.01929282681984542,-0.01642166998329546,0.05964333464257546,0.03904815686331828,0.07393802040296105,0.018851398950373306,0.03233748362415394,-0.029720915317134305,-0.03336895932451367,-0.01572213775079339,0.053058792786421276,0.0547658633270067,-0.21968556693416483,0.21483682457572187,0.10099321743225013,-0.18030786913546462,0.07004532754812864,-0.21891619074561816,0.04476033108729618,-0.05103746878043096,0.0,0.018438598597318,0.011757954867293667,0.016682701655634843,0.054692155147451856,0.031002023148780544,0.032616894433642435,0.016001427487687753,0.01387443741201325,0.023173746676350897,0.018369500111073,-0.007047485372365932,0.019478502509734864,0.032523566862352575,0.028223650926769966,0.02116963488976444,-0.030838772354883713,0.0182394998298602,0.01604181489176965,-0.018536071090358295
2008-02,0.04886109930115153,0.0,-0.03275728268392484,0.06038152916075715,-0.03576176697490298,0.11354495000928898,0.021952924558401584,0.05574154289315136,0.01983634983246498,0.019608925771675306,0.1078222611342798,0.0,0.14677803867060332,0.06521445429641845,0.11658738102163463,0.024227836556473075,0.06891871861611538,-0.015942555241980502,0.021668007697441972,-0.016890792440926318,-0.04865670121094689,-0.042782544091165525,0.07580103880544999,0.016696738160090596,-0.031210147436569545,-0.02688097844881735,-0.030987898623979798,0.015709594668496696,0.05512439883105962,-0.0555990833382319,-0.21829942017275458,0.21612921382889377,0.10312668322401446,0.17339098473028236,0.07123948124499895,0.23765305003000073,-0.03675380459479021,-0.04427693316309805,-0.0,0.019079401182134643,0.010861447890617474,0.01818989923802773,-0.0538119350887814,0.032195255609067885,0.03323078564420579,0.01799132486301289,0.014926662088428935,0.024898460331808533,0.018484020548195954,-0.007602591530891449,0.02071225498314297,0.03222879682470092,0.02992644542056175,0.02201915731043725,-0.03176905499092856,0.017389200059710095,0.01666034272392831,-0.01924128843451427
2008-03,0.04581992005518241,0.0,-0.029423304905826154,0.06216500708092301,-0.03253283196872122,0.10427066735546915,0.022352774599322483,0.05127524247860798,0.021306858904008172,0.019748600595228816,0.0995265326314357,0.0,0.1342815851514509,0.06550985882415075,0.11329567262728435,0.022591912949478158,0.06334977674740233,-0.015907416641680494,0.022675325436222072,-0.01768415230850081,-0.044618047976555275,-0.039126493766190686,0.07677895650317698,0.013956167973516892,-0.02783253607594694,-0.02724271228699361,-0.030975034203596635,0.016230840932425633,0.054207003219753455,-0.049515866597762595,-0.21665953866643373,0.21665953866643373,0.0942758124469884,0.1573473883664185,0.06433286883417996,0.21665953866643373,-0.032885052061405656,-0.0386808744785436,-0.0,0.015308980245443816,0.010377498612006366,0.017712287455084103,-0.048954179351367116,-0.03621668506905402,0.03141277182983154,0.017689089970460495,0.015650650710022047,0.024335980009289944,0.018259876284062358,-0.007934672700057602,0.018658488084290412,0.02509336358626148,0.029464540034634057,0.02314703914555471,-0.03236831970844351,0.01736562092661302,0.017208190523862223,-0.01902210929232199
2008-04,0.04618125914801714,0.0,-0.02954856366396519,0.0636297926635133,-0.032757800010525626,0.10845908579271862,0.01912970292733357,0.0501985899628051,0.018478703455903318,0.020514351213389532,0.10118371466083662,0.0,0.1374673339725846,0.06977156292128117,0.11704055461532406,0.02258938852105796,0.06753197199924114,-0.015622109885679667,0.01773232439114302,-0.01772190715888866,-0.04476287919714704,-0.03971663860432041,0.07932416272585395,0.010554145671196004,-0.02906393815441629,-0.02720765777046512,-0.031876168197082964,0.013285552420474266,0.05824985211541606,-0.05058732453405106,-0.22155981951530768,0.22155582859915762,0.09790164753581516,0.15913856837613227,0.06596356884249054,0.21996881774343005,-0.033227307007748744,-0.03768843125841831,-0.0,0.01223730493083677,0.010641637217733438,0.01848537371461861,-0.050448314162775384,-0.03370960435365737,0.030256308866895638,0.015742129272920985,0.015924294664973783,0.01905956021108527,0.01615761350810723,0.00831545738830464,0.016313692867410804,0.024009449559496517,0.028309249252589593,0.01846660375407651,-0.031782505576452735,0.017927522659740198,0.015071751422443191,-0.019013143008709085
2008-05,0.04987231674230496,0.0,-0.03224013633103929,0.06641458321629262,-0.03619279582938174,0.11112946519594945,0.020416134327346225,0.05340002841032229,0.01878759549108198,0.02226280842156566,0.10334546465669282,0.0,0.13982489599546907,0.071841740092801,0.11815552617612786,0.026081578686543087,0.06714443125015206,-0.017908795330015152,0.019197084498941266,-0.018241980103125693,-0.04960603228346173,-0.0442994909412249,0.08396355191185169,0.010625490524053921,0.03118480656928709,-0.030950846307182124,-0.03439241130862937,0.013259888782196007,0.058095776752908876,-0.05494651275596766,-0.229656363087962,0.2277749609186531,0.09889946854128168,0.16301092059035283,0.06734466478895966,0.22685083850086024,-0.03627846940565102,-0.04186836844638519,-0.0,0.01192306407346665,0.01223451657030386,0.019893644599812174,-0.054693329855592464,-0.03661789588976278,0.029471193416275042,0.015554966623701899,0.016837540671890427,0.02021435624983771,0.017534781791620758,0.00916995724917676,0.017220532968196624,0.02359224292433615,0.02803324664802699,0.020079243809107153,-0.035128737966243474,0.02026299576288769,0.014285554233596872,-0.021331914884095884
2008-06,0.05179694988702585,0.0,-0.03375269518489005,0.07031559168461168,-0.037913563004796445,0.11233782098693332,0.020467245853963534,0.05521138024429505,0.018892140674361346,0.024206712542892327,0.10358334039974004,0.0,0.14155431653587197,0.07326511123941158,0.11839174243571045,0.025416499216534882,0.0676194173918424,-0.016572266779015476,0.0194321820437906,-0.019090732317046707,-0.05032798315773508,-0.047255797317094055,0.08758209146302891,0.012233679508415453,0.03379085320922204,-0.032579118440380264,-0.036747326755683735,-0.014172596732306642,0.05897904432348773,-0.05685487896540065,-0.23430926091585202,0.23202590548147392,0.09952760973532357,-0.16574124681711097,0.0674893450861062,-0.24582851018994126,-0.037504239003997755,-0.04261599770261746,-0.0,0.012570623050955562,0.013017956909020932,0.01979826156233323,-0.055259542483513335,-0.03948202560060121,0.030943978115363705,0.016188712257296744,0.015922805899957218,0.02010042765498445,0.017948633528924143,0.00927455702798771,0.01736047403762832,0.024483166967665133,0.025172469019365006,0.020238299205213067,-0.037209769900659086,0.019656085716947574,0.014126995506382066,-0.022593073519560133
2008-07,0.04871567503735976,0.0,-0.028421102007784946,0.07216899900618054,-0.03128980900598518,0.10627319984895241,0.019778583516247346,0.05115041013885109,0.01919890146668204,0.02053291038649592,-0.11496481236113561,0.0,0.13299529616098782,0.07443442808615754,0.10912781374050988,0.02146346048803316,0.06272614586121554,-0.017072243737112743,0.020365354043457067,-0.019079888794169542,-0.04376142750307196,-0.04097358231223591,0.08219337714376748,0.011603482982365337,-0.03043848664191432,-0.028468788597545248,-0.03228971687332517,0.01371545665287571,0.05633367203571757,-0.04851040160112146,-0.2247021450043954,0.2247021450043954,0.09424147882373472,-0.15248037280380794,0.06743143886773999,-0.22816555436364266,-0.03099091679780077,-0.036128198326337194,-0.0,0.012433532353993722,0.012750713924501536,0.018714325695930383,-0.04631396094744468,-0.03556835016651553,0.030104419761602656,0.015606547417251938,0.01602330935221135,0.020209707910918397,0.018162136365705857,0.009367213461872883,0.01847717533840476,0.023461472279712958,0.024104381945877117,0.01960360350417518,-0.03530227091645147,0.01979318792148676,0.014585529827533254,-0.019314065069496688
2008-08,0.04984675782946957,0.0,-0.029619552929019084,-0.0823567022197312,-0.03198837295783626,0.11136301529362459,0.018428785107067087,0.05275698192372153,-0.021633583600058428,0.020712113396883343,-0.12142452359750884,0.0,0.13886417608028256,0.07641268683523984,0.11636305574743372,0.02286918558001633,0.06380402925413375,-0.015383372004038089,0.019205983048335915,-0.019383413579840972,-0.0434240903884994,-0.04158666340116085,0.08795026686973807,0.011017940240723471,-0.03169108191517638,-0.029081375031272824,-0.034630078193957727,0.015125359267631087,0.05683546407117066,-0.049746321372780886,-0.23364154649343005,0.23385059116193938,0.09848701533975994,-0.1609258814672913,0.07036620107643099,-0.23812765569023214,-0.03206475995476255,-0.03690321498062373,-0.0,0.011721191797591072,0.011530172659040185,0.015451341665259377,-0.04810309233338908,-0.03751178504594105,0.030693823013933315,0.016439659791433185,0.01566753795313264,0.01838704820981422,0.017010045506160153,0.007436111123420135,0.015859325981360254,0.02068459046690241,0.021901746227438228,0.017940267074234646,-0.0350148300546681,0.018101149932860158,0.014077725320892204,-0.0222667709602274
2008-09,0.046798822147325184,0.0,-0.030093488921505367,-0.07304576113334027,-0.033422754246603625,0.11590513250386607,0.018918934527331958,-0.05690469374212092,-0.020832880198722106,-0.02190599792908508,0.11366546210962515,0.0,0.14429083870956622,0.07388987482017724,0.12076094035693734,-0.022768708894848656,0.06496972142204645,-0.016353542691515534,0.020077471536277806,-0.019851191894383058,-0.04665437149555818,-0.04340188323360079,0.08860193852581379,0.011087202654430648,-0.032957985494542055,-0.028947094370474557,-0.03682011294559208,0.014242321958336884,0.05547902061878834,-0.05177399751753927,-0.24041762096737596,0.24161180052705228,0.10294317725922898,-0.16673405517847792,0.07402142553365405,-0.24548298188015932,-0.03294884619119869,-0.03863281714248587,-0.0,0.011361267275807512,0.01245326126980351,0.015228225521995896,-0.05025134756878355,-0.03690366971930404,0.028566649215202838,0.013612039068973132,0.014932994145344991,0.017145238083316194,0.01675406060125515,0.008429522051124069,0.015256745176076038,0.017982818952895448,0.02539848093377358,0.01741453756644032,-0.03523979501700262,0.017288165177692393,-0.01609358916418569,-0.021069858287402734
2008-10,-0.041989532634533915,0.0,-0.029088473323468908,-0.0714978639002568,-0.03032135815054428,0.11251640002004426,0.01661013705094953,-0.05656572692490436,-0.018777064032305966,0.02232916543356898,0.11357095272008048,0.0,0.14318604565248486,0.07098514251737575,0.11975426586455822,-0.019324125213042463,0.06602875568134148,-0.014739389538670065,-0.018994008762805693,-0.01961769711827592,-0.04042899816387573,-0.038367718285001226,0.08313242745879637,0.010875609305247846,-0.02762756004069568,-0.027684282670802987,-0.033445309162555496,0.012888939717813241,0.055382897046209675,-0.046597822483380735,-0.2374401678848992,0.2404301234470367,0.10111290326719889,0.15663389061517294,0.07678510314060168,0.2608011889188066,-0.03160742461724903,-0.0348655499636114,-0.0,-0.011532646502117603,0.012524267308032628,0.014555555898518611,-0.04683333246184463,-0.03429859625258035,0.029814480002032726,-0.015215863971197256,-0.015671400885650964,0.015303398630027346,0.014574502589044941,-0.009691363015670319,0.014289632696420047,-0.016124216657096156,0.02501186177556461,0.01518197875606499,-0.033936052401644136,0.016025299974861195,-0.01427503396511709,-0.020624555403457995
2008-11,-0.033182357010780025,0.0,-0.025068379455261344,-0.059049773878828433,-0.026380328345936014,0.10815246207437153,0.01463544163960461,-0.046775295450393085,-0.016470400508096332,-0.02187234649655047,0.10730001930731717,0.0,0.13529943362062918,-0.05476497136427476,0.11127575033737876,-0.01670080036785624,0.06532779787365552,-0.014464751736678166,-0.016140862066839658,-0.019246741392130347,-0.03333111715063772,-0.0279621061466362,-0.046355683125873445,0.010412286253559461,-0.022526884411273766,-0.021336257733791494,-0.02476703796011982,-0.013663630152265542,-0.058518551708262714,-0.03615405276056692,0.25517468140531435,0.22965721326478292,0.09720659463516765,0.1500494970123972,0.07259236193396915,0.24794628823270096,-0.02656611595685537,-0.030076333562078755,-0.0,-0.010631132748004967,-0.012189127968122764,0.013552667675411998,-0.037542920322118485,-0.03268285679856708,-0.02439157358479689,-0.012551938269813333,-0.011498429555050966,-0.015027083333325284,0.014197091363642412,-0.008557057750201085,-0.013971287429660369,-0.013399230503790487,0.018574611379366533,-0.01608299814297285,-0.0318546543829029,-0.01472792911522734,-0.013163245400250973,-0.018205704201281526
2008-12,-0.030034250623528973,0.0,-0.023659318218766167,-0.051787438389584335,-0.02491294526496533,0.10316417337326941,0.014902571018865928,-0.04161981382550318,-0.015918826131163126,-0.02133561659266756,0.10063969721184883,0.0,0.11897892533336779,-0.05016281356216359,0.09453899082689882,-0.01591448917585842,0.06195521753366331,-0.0136548484133284,-0.015366745056264407,-0.018689631573639343,-0.02998848920846056,-0.023236140641607266,-0.04103965187400408,0.009825251207165668,-0.02084194980042068,-0.020930401088409975,-0.02223461626207827,-0.01242927775141856,-0.051148244156147875,-0.03075014687374451,0.236663813944658,0.21833303072654303,0.07852530247360386,0.1407546326510443,0.05335946971590452,0.22923495644522032,-0.02512777514907462,-0.027817078332782106,-0.0,-0.009948047979639192,-0.010071751432987707,-0.013980370690997368,-0.03272918562613458,-0.030492823007279138,0.021999680308357795,-0.012094886791112204,-0.010906008235411952,-0.013363727117304951,-0.014836852332947268,-0.0081338911701141,-0.011843588326464082,-0.013063726097930398,0.016455256397577486,-0.01398704626039038,-0.029870281301626722,-0.011789598224870452,-0.012547055968338841,-0.01825300717339188
2009-01,-0.031135639023121487,0.0,-0.024298982084538682,-0.04789567884616029,-0.025677772350031793,0.09837895163629651,0.016564161844924832,-0.0400240099431289,-0.015920734267768646,-0.015509406108655577,0.09960547039026975,0.0,0.117192834836762,-0.05062503679878123,0.08364444588932787,-0.016242905254325975,0.06093589827065958,-0.013788221037953026,-0.016092831637012223,-0.019856563429730235,-0.030002779957358405,-0.023472078298262002,-0.039624370632469805,0.010170765086635213,-0.02123462987504985,-0.021864339623617043,-0.022614241208226745,-0.01273266341923481,0.042023763469649665,-0.029871490654418884,0.2302135063979863,0.22320744527663605,0.07702675629312951,0.13776028965031428,0.04985011762508976,0.22320744527663605,-0.02595048896847612,-0.02863012072885308,-0.0,-0.010166126477160543,-0.01020656244790467,-0.015021919552695169,-0.03259483759528092,-0.03085892675627061,0.0229377106165876,-0.012894841249041902,-0.010946912421443402,-0.013256762020067116,-0.01635678481505751,-0.00828902479934774,-0.01219595832983836,-0.013385210720590466,0.0185545877296362,-0.014916516458018845,-0.030581277014519532,-0.011392687924119444,-0.013183923892707073,-0.01701205936088989
2009-02,-0.02772590699792775,0.0,-0.023512520197818906,-0.0466077969259913,-0.025494852981081558,0.09441081166084782,0.016531059803073626,-0.03952609570960791,-0.015932971887346475,-0.015401630574953959,0.09572938125309467,0.0,0.11409356815984065,-0.04559898199632469,0.07613330484840582,-0.01610497789326196,0.060355100293337814,-0.014439107582399767,-0.01674940327685246,-0.018180859367406287,-0.029419435128409215,-0.023218266801106963,-0.039806560952792766,-0.011112327763228777,-0.021348224057764185,-0.02078668949569663,-0.022248523826702133,-0.013735534137151534,-0.03896049355222557,-0.02841838318729878,0.22614462318256753,0.22271011634737975,0.07370061236485016,0.13439401050326535,0.04487654785671527,0.22271011634737975,-0.025257852510941023,-0.028480004984594263,-0.0,-0.010322367097054952,-0.011479303506444986,-0.013720243084983397,-0.03083756738027793,-0.030845868156788886,0.023575094116586412,-0.014069658618407295,-0.011182665125988122,-0.01320693699999315,0.014933764612038793,-0.008220703140223311,-0.012165257659543967,-0.01382325252841471,-0.015895465706587324,-0.014630524366242218,-0.030255052679414522,-0.0112468732066101,-0.012622049252879646,-0.01747087151820797
2009-03,-0.02710281376329447,0.0,-0.020924733371247478,-0.044661503477091996,-0.023109240714010406,0.0895803269574094,-0.013637654292653165,-0.036977543823195264,-0.014359319715495247,-0.014842143328968844,0.08973928408998313,0.0,0.10987803578252758,-0.043340809844827924,0.06977393104048502,-0.015017981140892069,0.0495622210615786,-0.013335997764463522,-0.015203478295348152,-0.017436200793115093,-0.02676195696184582,-0.021019768015738013,-0.03665383782660811,-0.01030587910486228,-0.019821360408358878,-0.01928180284087178,-0.019840467383865454,-0.013998849938362,-0.03744115474370563,-0.025106541121819346,0.21802162815465115,0.2151876119658115,0.0699836894867985,0.13092745982317675,0.04196482477288524,0.21597475944893862,-0.022393911652598134,-0.02543919039064237,-0.0,-0.010056500020108727,-0.011249652818781966,-0.012252023485822671,-0.02670265255289564,-0.030329986989293786,-0.021226596477473006,-0.013870608237916728,-0.011186520803358057,-0.012293471682951756,-0.013662513934440582,-0.0080011185262772,-0.011279260832706238,-0.014623380135914152,-0.01624360464115547,-0.012713656394129061,-0.02951839333386267,-0.010556829849552135,-0.011693683108043858,-0.01630196522861698
2009-04,-0.030164660647590685,0.0,-0.022998497188901172,-0.04763622830884501,-0.02582566469849018,0.09409551200094064,0.015132960389536512,-0.041083520078994934,-0.015859182060876616,-0.016295496554476294,0.0929404591840765,0.0,0.1150763585979172,-0.04661458181075555,0.07414071794624533,-0.016590194324447895,-0.05056077899666689,-0.015021634756671795,-0.01701609097447522,-0.019449415988317162,-0.029893282398959133,-0.023596547096611104,-0.04064224897970573,-0.011172119862682043,-0.022601465848887312,-0.022359227058022967,-0.022272347571425252,-0.014253334440387858,-0.03942200401375353,-0.028066722640008004,0.2322853764933076,0.2322853764933076,0.07437523695612384,0.13500673932711016,0.045367974019611956,0.2322853764933076,-0.024571337265189522,-0.028275433984723493,-0.0,-0.011559016730899605,-0.011825042887427813,-0.014201384129540631,-0.02966549961315374,-0.03294364251604449,0.02364825513674238,-0.014123798836158743,-0.01368464482787167,-0.013680630305570497,0.015120240513907294,-0.008941776982821021,-0.012658777593506108,-0.015569431590261367,-0.016435447381747285,-0.014269992243978754,-0.033467999085021266,-0.01172959633915031,-0.013201184058217809,-0.0183860436281051
2009-05,-0.028798869341750587,0.0,-0.0219201518783832,-0.04861032146822798,-0.024830019270322495,0.08498853682710596,-0.013008922217498605,-0.04285180677669845,-0.016078257248202017,-0.013256006739789192,0.08979160566281343,0.0,0.10521690697633682,-0.042061904498996536,0.06630700215207555,-0.017026851993270888,0.04481863633525719,-0.015346738793789599,-0.016548392569310535,-0.01806091861735262,-0.030185481865463548,-0.021932937318402696,-0.03995028907147851,-0.011164587722566711,-0.021179279459157197,-0.021463121788322992,-0.020898463860253923,-0.014899649552760071,-0.0389203484475976,-0.02665854861384863,0.2296690388917926,0.22912143365713056,0.06582170046969416,0.13203351398721885,0.03937010717743886,0.22912861282407063,-0.023232002999967437,-0.027484937474596995,-0.0,-0.011388588731667355,-0.011889075963950297,-0.013654926238290722,-0.02905928479892507,-0.034039755729885914,0.022509658905445363,-0.013216625255128922,-0.013211794661582158,-0.01455633614708949,0.014225668723839954,-0.007793984334190314,-0.012576549021694434,-0.014494536672841984,-0.015844380520819278,-0.014823055977210172,-0.033388214244347174,-0.01139459019289963,-0.012849997230299986,-0.016188607119862933
2009-06,-0.028153007940659194,0.0,-0.02242313654215967,-0.047098122508810326,-0.02491144416632048,0.08284605463005194,0.013261376084970543,-0.04016965809249874,-0.016380784688388245,-0.013549491526209687,0.08741367925319507,0.0,0.10411045276325165,-0.04118749003424688,0.06488105672805837,-0.016474656421269943,0.0463474087835747,-0.015289686131353413,-0.01759115703414398,-0.019529682090411626,-0.030745209545611333,-0.02245931705374079,-0.039629894970264645,-0.01129460877376112,-0.021758547515075725,-0.02171981847678619,-0.021467283775032174,0.013895193625939573,-0.039375729671490715,-0.02682568316124631,0.22930326488289918,0.2287967735596136,0.06433282481144549,0.1303876443076479,0.03813117422423013,0.2286407726469437,-0.023342338366193593,-0.027050488997653492,-0.0,-0.012011450451602679,-0.011307377497702279,-0.013891322091042433,-0.029329652050582494,-0.034589911587331816,0.023464332227339332,0.012494272713181003,-0.01372761278372159,-0.015031422114990763,0.01422707977288764,-0.008588134666908595,-0.013033073526458334,-0.014826936282147648,-0.01489071993045085,-0.014994601683644197,-0.03263138283349474,-0.011861901737968063,-0.013973962946889086,-0.01620142751648944
2009-07,-0.027768345763500863,0.0,-0.021060565791399557,-0.04678273721391488,-0.02331362567764372,0.08110534060549725,-0.013713980252412236,-0.036788651361625256,-0.01474154387836897,-0.013641133614563814,0.08642126634248497,0.0,0.10068259841959534,-0.0398707226333023,0.06359128162681,-0.01627394367253141,0.044606010872231226,-0.012566330538541833,-0.014699365318666176,-0.018937086500025964,-0.028963881539707723,-0.022029866271921824,-0.03888820346193246,-0.00917553324696005,-0.021799097287689587,-0.021815737684812573,-0.02124325488386845,0.01446430330129643,-0.03768253605812049,-0.026152067001888938,0.22313389611958714,0.22210026269305083,0.06222834195281617,0.12779018878172707,0.037338600187973546,0.2227090245556776,-0.02214222588785004,-0.025517272914755907,-0.0,-0.012356471999440679,-0.011135806488569464,-0.011150260462020013,-0.028408469935066787,-0.03407579544673905,0.021608476782810224,-0.012840075378186738,-0.013748061867130753,-0.013143371726768837,0.014511188984107993,-0.008121338911625984,-0.01093683149914097,-0.014219808391747435,-0.014383185986419385,-0.014524305976834002,-0.03455367236222676,-0.012050846565401922,-0.011215961674789944,-0.01717471809375034
2009-08,-0.02856374556566439,0.0,-0.022020729520283777,-0.047092905501145546,-0.024504889825018215,0.08001002292521682,0.013528609197617189,-0.037715447122531845,-0.015287863520677458,-0.014122343058386144,0.08671183662464389,0.0,0.10056793285017708,-0.040199744182481456,0.0628003341469491,-0.016621418785923506,0.04498703001349718,-0.014448513391434662,-0.015566402905536191,-0.01741610708831645,-0.030010546107383202,-0.022455829574783592,-0.03855606233679965,-0.009119974563919778,-0.022061617279400442,-0.021939300582866028,-0.021348197731098483,0.014978029459793617,-0.037998316166148,-0.026614132044464976,0.2222919888586339,0.2209371274831416,0.06233958129822141,0.12777522350726228,0.03728212661020561,0.22173101851578675,-0.02306186509331337,-0.02653915719925179,-0.0,-0.01229587825405123,-0.01157856471159517,-0.01110062730597849,-0.028651514156428564,-0.033684768890707976,0.022053655285319444,-0.013070298838566282,-0.013720895238412825,-0.013014122150231115,0.013670003954198722,-0.00874643958986928,-0.01059884012315367,-0.014465702750395687,-0.015933798783905218,-0.014186777467273596,-0.034426776645597096,-0.011699085810778293,-0.011171183951584224,-0.01712152696799235
2009-09,0.03284096821681872,0.0,-0.02258795119545325,-0.049038224918768504,-0.025900454679390537,0.09029520265181715,0.015221122976303108,-0.03876135434927903,-0.017042791396546457,-0.017000091737189738,0.09350114290809616,0.0,0.11188833504681485,0.04799232838079374,0.06970480872435693,0.018888602129140033,0.052831040686121516,-0.015176645651773492,-0.017569509651634705,-0.02156215454665236,-0.03186072727021343,-0.02314215806345636,-0.042192986544630634,-0.011263714497594583,-0.02272812558942672,-0.022664571040415676,-0.021873754828338393,0.01821285428119833,0.045807372113804014,-0.027229586365110452,0.2670388652581046,0.2670388652581046,0.06955229788856677,0.14061947839795483,0.042021770117491496,0.2670388652581046,-0.02398821931840691,-0.027543734590167547,-0.0,0.01395190541696942,-0.01220887570100498,-0.013901927796391798,-0.02941570276820793,-0.03852149728942882,0.02467743498838838,0.016290761468625747,-0.014532805026851243,-0.015645719246919675,0.015047618274841131,-0.010975205125106219,-0.013233963191828173,-0.015552156740355889,-0.016937081924684322,-0.015973533568945042,-0.044620337069475005,-0.012481849873209107,-0.01381179964278752,-0.0218016119730755
2009-10,0.034220687922544284,0.0,-0.024692700643092987,-0.053829921664916486,0.02990357541686739,0.09913184661776434,0.017010641734983834,-0.04234534916815923,-0.018771247893491685,-0.018653781586277705,0.10258848737785424,0.0,0.12267020747167902,0.04877263399489176,0.07648578301805242,0.020018808193565905,0.05742956507025624,-0.016694773315978358,-0.019192779492071432,-0.0245020749086444,0.03584300724568304,0.027603414700524454,-0.046267448716409934,-0.012253784607370711,0.027576184188791503,-0.02485341527616622,-0.02373059422715703,0.017748713475938992,0.04657674978957966,-0.029636653838579784,0.2929272011540833,0.2929272011540833,0.07626159419851214,0.15420593537788865,0.046083731887524244,0.2929272011540833,0.02851023516100128,-0.029330767862405446,-0.0,0.01414299945060094,-0.013657328990474338,-0.015276471503694712,-0.03196021056078712,-0.04234061634627459,0.027204204367993014,0.01808262875387128,0.01704566244476813,-0.01722550171259623,0.01641599901129684,-0.01377548073181866,-0.014607115272700252,0.019157325900843576,-0.018756840920931994,0.01934668438374429,-0.04895331969417311,-0.013843461302906908,-0.015089573091692485,-0.02357563636500428
2009-11,0.03558937918590719,0.0,0.027405402091330848,0.059423260372830355,0.02887150203384505,0.10018024246707787,0.018177187637933384,0.04700658201733852,0.02063712242869283,-0.019602113963987818,0.10470835334457924,0.0,0.12518761551719895,0.0498943770888767,0.07780145953671837,0.021141612964115923,0.05816939465367462,0.017952229442230523,0.0211830210484413,-0.027618758724140297,0.035821073276064874,0.02678721184893435,0.05127748719751262,-0.01299910301576669,0.027205823711201376,0.027682835840795394,0.02632470764596596,0.016220838730548057,0.047864326205376645,0.03308737553170819,0.29789656695228284,0.2988959817725049,0.0777708548924696,0.1571567900953854,0.0464135431631481,0.2981590422381251,0.02753907601851891,0.032822621530885984,0.0,0.015545416006666268,0.01514180024203711,-0.01653590593353446,0.03575003485902218,-0.043450921994021924,0.028529961525005105,0.017952290249316872,0.01818132293933166,0.019347733546090536,0.017372853683957558,-0.012222715607483168,-0.016232156738180743,0.019840092600525498,-0.020673515056721006,0.020708143583767484,-0.049543431291370774,-0.015256617086023721,-0.01658489302279128,-0.027355805994988863
2009-12,0.03386244167027966,0.0,0.026839625320158243,0.055499216413988736,0.027695012726698078,0.09660265489910096,0.01653381759336622,0.04489549457772241,0.02004439838277396,-0.01829108545691971,0.09927409634303196,0.0,0.1190713017802119,0.04749598248724787,0.07369818067049945,0.019875609952746294,0.05673517695633406,0.017294765765927925,0.020289602953768648,-0.0240795486930663,0.0348053004155466,0.026062345479119828,0.04906442956070716,0.012638030001234998,0.02699830216854232,0.024065675060267314,0.025378643318446015,0.015198395633510055,0.04558845221351554,0.03279109477818367,0.27848099780306845,0.2812672142929225,0.07430914978223442,0.14866300240059488,0.04455495839525273,0.2797989675371307,0.026555748260111842,0.03137286716967468,0.0,0.015528089423958565,0.01433370998022121,0.017177985497794875,0.03573498857119267,-0.040447830490456874,0.02972316276683419,0.018447575927150458,0.017457096094835055,0.01977161331317458,0.017630884596872086,-0.011220332579966465,0.015490104685220196,0.01968803113763695,0.01922253696636633,0.020289822860160744,-0.04565074674315342,-0.014212729517819173,-0.016829088284791766,-0.02536998136525198
2010-01,0.0335561457362803,0.0,0.028412765438227613,0.054922581977632355,0.029842295279359766,-0.10383983416919602,0.016766947849370422,0.04559303003056689,0.02038597802072934,-0.018766038550890936,0.10462959539131154,0.0,-0.1306926959072456,0.047261859182591154,-0.08348139834239654,0.020126243035222518,-0.05897321362306976,0.018323564610817075,0.01967602558220799,-0.020662834918709634,0.03636974146020912,0.027838897729962484,0.04908780025650384,-0.01364787841529971,0.028557624043036644,0.027741094431283097,0.027576570162526633,0.0181743347119752,0.04602482757127374,0.03356795762351768,0.2967223277703427,0.2967223277703427,-0.08201279869140804,0.15728315705197526,-0.04990227659826673,0.2967223277703427,0.02827908831135328,0.033544270125487864,0.0,0.01668023358247403,0.014487128858243511,-0.018650543627311403,0.036224799321976246,-0.04357491334781143,0.027687943472660834,0.016853130925102756,0.01847529691156219,0.019754832484802955,0.01748806190531496,-0.012885191527825966,0.01611599123644388,0.019855335514778923,-0.020771491884367974,0.020004562894123005,-0.05091517164526743,0.015633556068413802,-0.015551325300003305,-0.025003508401537308
2010-02,0.03434303223715481,0.0,0.02744672573933273,0.05629300966004347,0.02928747792824755,0.10256687460101278,0.016800899890530286,0.046152150414243684,0.01927331080613066,-0.019323661873646706,0.11048978487051822,0.0,0.1305049588053505,0.04732543986973329,0.08458041503944197,0.019193009986364477,-0.06297238918371817,0.01989500353356536,0.01986990766344436,0.02286853663843684,0.036154853898081665,0.027881037391096642,0.05103397626464194,-0.012981302068937441,0.027662723620425475,0.027357918610901918,0.027499991569990015,0.01959651722856768,0.046461636370767216,0.03348915139619244,0.3072982499108606,0.30956876739283784,0.08195527157273175,0.16524914217275016,-0.05319882890215961,0.30887567043619024,0.0270094315165449,0.032913055242867265,0.0,0.016738467716703467,0.014058958802742568,-0.016605724012250883,0.03624146006829926,0.04823969442938206,0.028313683115921043,0.016768307421618837,0.01744540837766965,0.018130744919169064,0.016691496330001627,-0.013097200488306388,-0.016377812292023904,0.021043891283211567,0.02079559711691358,0.018052651971276847,-0.05233993037405265,0.014766845601233201,-0.014758335020947273,-0.026200703571141747
2010-03,0.03304826333243169,0.0,0.026191292002679147,0.05084268704119095,0.027515787340670058,0.09704211422542815,0.014841193884177336,0.04444485683312482,0.019488345054433573,-0.017533146850105343,0.10524062558012191,0.0,0.12427971302145324,0.04403336233164138,0.08027883575498589,0.01854715968508912,0.05347541408680832,0.018334571124477134,0.0185229841905614,0.022401104745104858,0.035330342188651956,0.02724438869181387,0.04957271136099431,-0.012725353440203108,0.027104445641857287,0.02576922526735808,0.02582893023431129,0.015123297958813137,0.043441607009975416,0.03261026620673946,0.29098381214610747,0.29397481869891695,0.07810933936093718,0.1576966390949167,-0.04987801355119786,0.2940121237905464,0.025459457654466184,0.03167166621282437,0.0,0.015133450188159578,0.01432221114184373,0.016557363035454947,0.03508703534132433,0.04669295166757749,0.027684536845449026,0.016180746950337905,0.017416584241394147,0.018627820713218432,0.01595866206718765,-0.011849532304658844,0.014817543551645548,0.019557736031156337,0.01862086156458007,0.017798092440226593,-0.0509858280411897,0.015208778678388988,-0.014879120986146285,-0.024845125554587337
2010-04,0.03312016720104404,0.0,0.02799927984204781,0.05412365481209028,0.028719240262227507,-0.10242712735600214,0.01677315415861119,0.04483970166010135,0.018533070751035965,-0.01936418773602512,0.10554004443996323,0.0,0.11985059493012334,0.04703046236865223,-0.08596596807283728,0.01881783013305819,0.05138933422436641,0.016817258345889364,0.020146859427995642,0.022884785145271046,0.036479115314849965,0.028419781900859198,0.05020828762837803,-0.012295496903179553,0.028416015813236807,0.027695745010503016,0.027217019370144414,0.014032563900416758,0.04623233344474563,0.033660705952656016,0.29935698472857414,0.29935698472857414,-0.08231801277880278,0.1572260752999398,-0.047913849905730395,0.29935698472857414,0.026673911930750346,0.03273761589685473,0.0,0.016302334452293094,0.014692817632285993,-0.01855002134624478,0.03598005443259993,0.04910984935276817,0.026817376790573003,0.01671081257066334,0.01834732064402289,0.017497547524613924,0.017088565605197947,-0.012938071078047538,-0.016461487482894326,0.020286793963380227,-0.02040249538446951,0.017716183617825388,0.0561518372763053,0.015504022899692651,-0.014665492893262739,-0.024595905600009637
2010-05,0.033380643420975284,0.0,0.02759961381661802,0.054258142617914874,0.027436013947859172,0.10137369813522694,0.018046245365321973,0.04458232916705567,0.01890015485044164,-0.020154491319136977,0.10627737446366385,0.0,0.12042483793748791,0.04656231639229798,0.0850678090456089,0.01864395703483663,0.051084212075381163,0.016796196380016212,0.020008486816254733,0.023135083954267697,0.035665778130102334,0.029378484234222773,0.05039539101002624,-0.013384020639178675,0.028920593191093982,0.02746066947160793,0.027618861437335336,0.013824206200645752,0.04540912069750918,0.034049104419947615,0.29794625122627116,0.2990134836353379,0.08123546320457847,0.15786427298920983,0.049606256005594734,0.29925392729510647,0.02525977631702794,0.031269611820733845,0.0,0.0162078542902924,0.01512921906521964,-0.019564255306307995,0.03637652100621171,0.048836877340546696,0.028296302878917642,0.017670694852510875,0.017136090144453647,0.017502454702941504,0.018781016738478838,-0.012793076455300485,-0.01658157954813318,0.021328860771972824,-0.020526104024356263,0.01853714925804819,0.056329942499388885,0.015751001923357433,-0.015900849239627066,0.024568572373839574
2010-06,0.031999686404192706,0.0,0.0281124341483553,-0.058923870390132645,0.02690557432734463,0.10864959333776372,0.01719805980727651,0.04489966432606897,0.01872432623879398,-0.021076611194285715,0.11452173272316546,0.0,0.1271645719318079,-0.049835062757403494,0.09149636506961004,0.01876894054845101,0.0550133799891172,0.018141264616895202,-0.022683290824837186,-0.021608129613915984,0.03497053632654484,0.02837473211784387,0.05016629028247335,-0.013117474247517165,0.027902124765309008,0.02524871864121997,0.026567851196759952,-0.015525385954460949,-0.0489210213568625,0.032606142262976,0.3103176059458203,0.31307154287720285,0.08660028566257888,0.16756129914311294,0.053364402426694525,0.31337420696507023,0.025343003708048883,0.031399699285944854,0.0,0.014020452050565266,0.014208381186392338,-0.01948639899274788,0.03498992033436444,0.04754140933711046,0.030269006067099122,0.018182923188315183,0.016515667898069176,-0.019277450315140953,-0.01909304728000694,-0.014450347692070828,-0.015425915554269606,0.019715431850889156,-0.019717338964459496,-0.01980898773708729,0.05608908533227318,-0.015271214285986613,-0.015065240886968655,0.024193189087238404
2010-07,0.03237938381452566,0.0,0.028096965765434377,-0.061412375561951574,0.02677622690858111,0.11206590723394469,0.017134770210736748,0.04483351868921812,0.018742609506673853,-0.02180721945252587,0.11680187914246423,0.0,0.13025595515347707,-0.04996575729275355,0.09445041632355491,0.019362574025304124,0.056963162593195574,0.01896922455014969,0.02084339701098514,-0.019241715874870984,0.03345984234735265,0.026763321219402225,0.05079071802389587,-0.013117992052094154,0.026466506505705516,-0.02510715476455584,0.024764499839274295,0.015290211653623143,0.04694274359586852,0.03117953644674927,0.3136336509248653,0.3171274347726746,0.08939568978805845,0.17038716043498345,0.05514555126437302,0.3167627051675819,0.025374662937684415,0.030529298196518548,0.0,0.01357551470878814,0.014607614308955666,-0.019377669458705345,0.03410447507189546,0.050053890073543064,0.03134199701128484,0.018599773703835518,0.016225711510390043,-0.01878300016472816,-0.02011237563554807,-0.015367123870014855,0.015000295665670635,0.01964146504487573,-0.01754698936281563,-0.019993346473757476,-0.05545558630237515,-0.015519645094647514,-0.015450218602367087,0.02322785374296225
2010-08,0.03444457726795456,0.0,0.02905812839354836,-0.06220244407595984,0.0280696666237437,0.11116117809521787,0.01782728440153415,0.04588789703050715,0.01915164347854029,-0.02294421922121883,0.11496196606856718,0.0,0.13068742838442593,-0.05277203321998117,0.09395122649538566,0.020078979950672864,0.057794031067576766,0.01857712029010394,0.02195590361378188,-0.01932611443501908,0.035633336420653694,0.028343877071441204,0.05142665379341957,0.012973386763025488,0.02810186992673679,-0.025357438275201923,0.026228275432314326,0.016351734732781724,0.0481433166710034,0.03305495345678838,0.31104717373150803,0.314683563973223,0.08950149488033139,0.16757068304497116,0.05516880410300746,0.31304417617680563,0.027251185822825544,0.03231498472376369,0.0,0.01513584456322201,0.014964027224888314,0.019036996028894762,0.036234146199171466,0.0498969869631033,0.029421770601454907,0.017736999769108,0.01804625569951101,0.019185891901017174,0.019244017705793086,-0.015780393649967316,0.01592250042607517,0.01996347522260854,-0.018949496362143915,0.019672475169567084,0.05643419580808203,-0.01594113299554651,0.014640786926206482,0.024203539397707686
2010-09,0.03328446151818821,-0.0,0.027277222637807394,-0.05952385913228534,0.02664036163244938,0.11211545518056339,-0.01884270971680747,0.04336065499189957,0.02052912524235393,0.024272260254656983,0.11782505440075625,0.0,0.12939329204284566,-0.050139657224849636,0.09297190824910304,0.01915551550410794,0.058133648961567176,0.01791866299482848,0.021559284880040098,-0.01949121442709785,0.03461432014671003,0.02638412779265037,0.048305972098157644,0.012739501518488119,0.026111385705670682,-0.02291105534656714,0.02379290312528144,-0.01509957659451644,0.04824111202333834,0.03090454398118363,0.30477092316740334,0.3086598965667202,0.08957662887400254,0.16772746009444545,0.05456935296845828,0.3082472437210616,-0.027850134267048784,0.031193382001246495,0.0,0.014823386726304684,-0.01589169736862198,0.02013797459304954,0.03409210572590086,0.048896929002039145,0.030435045201492705,0.018700634358178047,0.01787784066364731,0.018563609160444333,0.019187758583146728,-0.012737749264607114,0.015200778248325855,0.018893747254536145,-0.019469155951637455,0.019365730308240528,0.056842211575645826,-0.0141434025593551,0.014177753540155743,0.023592228280444556
2010-10,0.03509455824394067,-0.0,0.027754466570667255,-0.05887781862804682,0.027359245726221695,0.10833841459841888,-0.018707305839745156,0.04412160222787627,0.021912892345203182,0.024535400085184077,0.11234724597288402,0.0,0.125422431880213,-0.05151394780373311,0.08903778451448588,0.020318359286075845,0.056530783992560465,0.019328282506024443,0.021339259467724293,-0.020652774666609853,0.03563601656075879,0.028333819986276983,0.04927388156222608,0.012598469600028,0.02807903263363684,-0.023746975852642283,0.025834230247617107,0.014548718743844372,0.04818012617026168,0.0324799976802522,0.3056786424035102,0.3056786424035102,0.08672508012115057,0.1607773054091184,0.052143576423294945,0.3056786424035102,0.027727508891213684,0.03045804127101124,0.0,0.016079301210015395,0.015838353068266427,0.02078211886412529,0.035478957427271286,0.045766574854045616,0.03075988919872013,0.02026320278826474,0.018691698686019706,0.020165948757217198,0.01924859721166247,-0.01310483261628907,0.016212849762994568,0.01979727013228194,-0.02081593102918145,0.02047630672106959,0.05495774093763333,0.01582825558411381,0.014505069563392793,0.023980981658915185
2010-11,0.03456014553806919,0.0,0.028570322509094522,-0.05816330054218823,0.027393384451585456,0.10491474414191333,-0.01801685034957224,0.045182494085873,0.020530565250261142,-0.025137530679482028,0.10714310779776377,0.0,0.12296953851752516,-0.0508445775230466,0.08560739245536,0.020315658954980227,0.056729281646746614,0.018797403983209362,0.022981223255937218,-0.02230909592979263,0.03535071965099977,0.028394336197462813,0.048788116817993644,0.013151215248152949,0.028128377678892764,-0.022482826289460044,0.026060019805705898,0.015478361673668442,0.04648380184105629,0.03266216692122936,0.30601535789085127,0.30601535789085127,0.08418886325688413,0.1546482532477947,0.049473847346971696,0.30601535789085127,0.027948898897256765,0.030312442676872667,0.0,0.01597210354891088,0.015635440002991493,0.020048894421763434,0.03547711330479239,0.044874583238435115,0.030897835571865664,0.020686383257850206,0.01851820363805721,0.021008772335138294,0.02052303846875653,-0.013379020458441448,0.016153433828345075,0.019743528389857417,-0.02067793078167665,0.021823981721559353,0.05283680214786125,-0.01634152272471498,0.014956641509660485,-0.02697108533551186
2010-12,0.03412783572782709,-0.0,0.028996511110069394,-0.05673248730025783,0.02613191121117902,0.10303177707820951,-0.017918286697467794,0.04644096241758501,0.0201558600614336,-0.024760444079219894,0.10609681334866235,0.0,0.1257396158171482,-0.04778152545004127,0.08508807392166765,0.020499887047079602,0.05476280334423716,0.01799597668952249,0.022514349666173168,-0.019742113782396497,0.03473603618696156,0.028631828095771892,0.04867311535699683,0.012639436057682293,0.0281534884448947,0.02461824107763589,0.026846840155814494,0.014688789430558668,0.045792821775826116,0.032765639097256535,0.3069479663407855,0.3063566812865882,0.0835933607273293,0.15540333646753915,0.04880640554239132,0.3082217800320795,-0.02744820705054735,0.02976426862075353,0.0,0.016035947899091626,0.01679354513478998,0.018308603620700747,0.035367383930639124,0.048510952996630254,0.03160083256520177,0.020355973641794416,0.018991696985991565,0.02115493596638529,0.020651966302738765,-0.013522376824847247,0.014866015560986419,0.0193353850142911,-0.019554778793422163,0.021880910372481684,0.0549099014277744,-0.016841740600298187,0.014665486628436373,-0.02824255818665307
2011-01,0.03384039175449355,-0.0,0.027714053902062042,-0.05266713523933277,0.02552890621133972,0.09558317405671547,-0.01795765219744476,0.04493210801144425,0.019149238011522123,0.025591283992538183,0.09664258697444521,0.0,0.11848944063419929,-0.045528789293415195,0.07794228928973176,0.020070492881785616,0.05227809754364877,0.01886058030915828,0.0216879900805367,0.018037315767917422,0.03444843570023805,0.027709492179927325,0.04562969004931027,0.013585151501418773,0.027336790984809525,-0.023995811534398587,0.02589205062744237,0.01494224026293243,0.04558773287223766,0.03239487286409517,0.2989816243543582,0.2989816243543582,0.0751968984943434,0.1495895415089037,0.04340981600784619,0.2989816243543582,-0.026805080064761674,0.028823597234190115,0.0,0.015524279176287625,0.017258197643380095,0.019239953491185756,0.034517654369937506,0.04598743267130632,0.0300390604013546,0.01977247779782193,0.01938869432430532,0.020288714359455222,0.02078482250373867,-0.01315279280442624,0.015512470696079661,0.01906884065680786,-0.018267042353339386,0.02128658680197591,0.05184548344469555,0.01596977379486618,0.015637274638008458,0.026191032638382985
2011-02,0.030443275561265835,0.0,0.0247968624998048,0.04333792003144217,0.024683307586694198,0.08629497047070331,0.014939856677793429,0.041058756277436104,0.01476821384246847,0.01910892427294308,0.08747384725069102,0.0,0.10963483064898279,-0.03822436553974997,0.06997797872202013,0.018691055396158538,0.047571800126947415,0.01661379830900756,0.017112130724053674,-0.014557608955526411,0.02936650597598902,0.02214991107574075,0.04194406640447569,0.012575908092548408,0.02277311583273791,0.019357437687182278,0.02071224616536812,0.01189676900106838,0.039043623230865444,0.02609569834258932,0.2749018894684799,0.275367942832264,0.06937534543795794,0.13500666642403622,0.03943955338334704,0.27251938315233176,0.02168976081003791,0.02717039041072301,0.0,0.012250894634579377,0.013676154377047741,0.015312739018508319,0.028495846431328756,0.0395323574488156,0.025780197911018415,0.01563157356032129,0.01538780715586697,0.016142813421632297,0.01707498938569099,-0.012139638363005602,0.012401122981315214,0.017046131165029885,0.014478192667156227,0.016828116992411428,0.04794039661021585,0.013869717545946696,0.013455150957343322,0.02234938282854709
2011-03,0.030538411539332084,0.0,0.024893682270032,0.043051844577120836,0.0247621101586741,0.08463843806398455,0.01600575281635208,0.041439660020499335,0.016085612016417547,0.019737131356166296,0.08609333813859413,0.0,0.10679838219771376,0.03745338313998898,0.06884315905626344,0.01828692876546618,0.04668417425201164,0.017121432454689417,0.018417942096906025,-0.014057066094782994,0.02942073201237214,0.02267399717234044,0.04125866243145925,0.012930781318703406,0.02297014479905225,0.019658981770482028,0.02137166120486268,0.011014412431255963,0.03878483003715631,0.026399294391113944,0.2689350465907539,0.26923884472946746,0.0676271232911429,0.1327359689972713,0.03899791262296015,0.26662941900738707,0.021576423754529662,0.027193694007301514,0.0,0.012701456301406976,0.014599295392566332,0.016362349674966536,0.028757921736187853,0.03930127430211469,0.02664593867057725,0.016544894808429522,0.01513491506509229,0.015470133491003814,0.01572227076807344,-0.011679068951959994,0.011776742903577546,0.01675296659052831,-0.015930012658102594,0.015751019547694815,0.046426930031651374,0.013762323405376475,0.012290556735899067,-0.022158329479057978
2011-04,0.031175706053373164,-0.0,0.024063643252560895,0.04250970947646708,0.024009270648958313,0.0844268783318196,0.014140211609091766,0.04155461251630764,0.01618449188324567,0.017904152077718057,0.08496560974473936,0.0,0.10661650892564481,0.03852585741636928,0.06910218216120594,0.018456888179833587,0.04589317685840593,0.015953229002932202,0.017898388962847653,-0.013823266429655204,0.029182951893866278,0.0230480244731729,0.04208300244895875,0.013617702053427869,0.022840856094158195,-0.019909847745605298,0.021562394216972963,0.010521432731469313,0.03928418499787418,0.026382529179842965,0.2689560652536711,0.26891006184115274,0.06758889073064189,0.13121735448700791,0.03893036788097089,-0.2729937058429318,0.02087849092834886,0.026059840385385485,0.0,0.013078617573623217,0.014136507659049122,0.01551064479163015,0.028987272413428838,0.041012007188935634,0.02717434045824398,0.01632395803374469,0.01449235554302708,0.01641023172472594,0.01609684572881106,-0.01246407055950382,0.011609262689425852,0.016469384105943154,0.01579953498734947,0.01644016365810312,0.04923355861732506,0.01451258468622555,0.01188472441472657,0.021681458881045834
2011-05,0.03199757345577758,-0.0,0.02475438133649963,0.04273447547818634,0.02396610475049695,0.08266881621295119,0.015406221583984863,0.04114842668824773,0.013592017913775033,0.01699277738899162,0.0832631135120611,0.0,0.10554267301948944,0.03890175426319776,0.06790195808048884,0.01876374629211751,0.04541234905464369,0.016115114781479627,0.019426168715053437,-0.013235947551319394,0.028908481688718436,0.022867186826081666,0.042145056506233056,0.013839720604231682,0.02267850438890657,-0.019682608629619396,0.021383447849172274,0.010522730535576143,0.040262294115060986,0.02623826860849915,0.26036858115111894,0.2610174349817346,0.06646302645555752,0.12763429928272918,0.03829992369923152,-0.2641219152432428,0.020923557454355538,0.02597923168065608,0.0,0.013344457783980706,0.01433301908944884,0.01599408773692086,0.029160205301355605,0.037501365026507305,0.027766666254927543,0.015443918296957267,0.013607094077506598,0.017071241441862554,0.01541737504269761,-0.012709505835823115,0.011730058216729069,0.016647047389500975,0.01593845282945901,0.016812668195082328,0.04457182830817229,0.014879889986535796,0.012266231368172951,-0.02205541382267401
2011-06,0.02811800900632358,0.0,0.022939861035220846,0.04053983673692208,0.022964029842986497,0.08093624733946668,0.01331877054039919,0.03871513239586925,0.013144675524184279,0.017603302863367667,0.08166295619982088,0.0,0.10323115922308666,0.0351424708625248,0.0665996688161549,0.01823033452438455,0.04353495361269692,0.01634632284438801,0.016510166546680867,-0.011760339747539315,0.02753087226145768,0.020883240600426973,0.03876065741625395,0.014411849118067534,0.021578177640178813,0.018247901447243968,0.01931797076733879,0.010556478025143971,0.036844669865908224,0.024420614672499247,0.25081539008389364,0.25235874425023413,0.0655198691483631,-0.13133796495468983,0.0380206846471678,-0.2554623723240203,0.01957901734205512,0.02507806020131995,0.0,0.012642019018388054,0.01286988875590556,0.014128754257618214,0.026533584103775015,0.033122209739853935,0.02444548294797437,0.011723721700264617,0.013100396844846185,0.01641651352147691,0.014509686214199785,-0.011974067852370558,0.012371160227015475,0.015762532101918972,0.01548415552334172,0.015983398238638286,0.03969761410416928,0.01284580533358335,0.011533605483394426,-0.020180235486925876
2011-07,0.02794434146623636,0.0,0.023164363171976517,0.03974906956762876,0.02297889902583787,0.08105393434650562,0.014075897860181956,0.039098940154138895,0.011637256201552312,0.017728329867420813,-0.07917381526563655,0.0,0.10364696446580017,0.03496230845594312,0.06687620649813464,0.01741972890074221,0.044242267200517216,0.016406504746787273,0.016421047971801182,-0.011870966811271191,0.02750592181563559,0.020525888277389326,0.0384931742413237,0.011618269628613141,0.02122711392528201,0.01855899772921536,0.01895164973102738,0.011582821949214272,0.036672176445485656,0.024091625567206575,0.25175900503502574,0.25343950870082477,0.06560276490351266,-0.13227790004172843,0.037602353857887655,-0.2568810535462591,0.01956086744771081,0.02444234806513897,0.0,0.012356539224483595,0.012638539209232249,0.012383628427356486,0.02632539714016868,0.03461157347516521,0.023990041598891145,0.010694711314504458,0.013416833246798088,0.015488076371184578,0.01503047571116226,-0.011174286936042398,0.010899232559951491,0.014859004153746878,0.014249935562735173,0.015499962646241695,0.041287689351383876,0.011910152390942242,0.010337622961876479,-0.020819746246023913
2011-08,0.028395462143791624,-0.0,0.02310029437407668,0.04174702161685692,0.024041115917655707,0.08234249027867974,-0.01762032872605372,0.04010402223252123,0.013321524045948975,0.01978241845182923,0.09094442894254048,0.0,0.11092810741952205,0.03437170486875019,0.06878001989647602,0.020310750556894446,0.04674021049882175,0.01730327132526883,0.01737557945576889,-0.013935343386333725,0.028105264588222337,0.02064482816063236,0.03818127354463743,0.01404121995256761,0.02189349689465982,0.01974961009413166,0.019082815341997964,0.012950583222983593,0.038584613110858486,0.02449951774567804,0.26221851478357416,0.26221851478357416,0.06658550912929458,0.15929360552922808,0.03868345779760282,0.2913539053150824,0.022291314221020722,0.027653823690459243,0.0,0.01467309254343089,0.013024183214110478,0.01506949346304039,0.027158861542247226,0.03407426831419399,0.025689989088903745,0.012184345941968044,0.014621722277969759,0.01878016168571138,0.01841215893086655,-0.013668267552475126,0.012749154088303913,0.018097743928427903,0.01564504144041046,0.019188703117338685,0.04150539380757101,0.013275027963352793,-0.013709628297656122,0.02407937519349732
2011-09,0.03278091772310459,-0.0,-0.026289055465066328,0.05136581585667504,-0.029351755438979575,0.08928294834460818,0.020164769062246027,0.046398780570676264,0.01537949515008208,0.019748346669282206,0.09414874086395092,0.0,0.1261434781967277,0.040458526654274754,0.0755170312537224,0.02312618600617556,0.05383175386655218,0.017939518998899347,0.02073548175188002,-0.015983393401885412,0.031655152942034026,0.02329078569356957,0.043093547236664614,0.01653046468158463,0.02483961547607123,0.022316331344194265,0.021494804463247533,0.013073639216462485,0.04148389000830131,0.02774821981332982,0.30053628819204375,0.30053628819204375,0.0743609824826109,0.16304324798478925,0.04171350568434322,0.30053628819204375,-0.027053173646644686,-0.03357538525658566,0.0,0.018062193227948137,0.014690945699026906,0.017148730172442606,0.030868411581113062,0.03911999551679815,0.029035464835140287,0.015006889088870603,0.016783790762597426,0.02181702582249784,0.021039784504097547,-0.015817897277682284,0.014608450183663095,0.021860941663460372,0.018152956246907784,0.021975022244532495,0.046825285116034454,0.01520653967604631,-0.015590086381539168,0.024887810674072277
2011-10,0.0318452555196796,-0.03759064179799083,-0.026412701568437905,0.05238268951008896,-0.028569358774749403,0.09711833836280942,-0.019536995018089177,-0.04904179590827326,0.015858921639609943,0.01922907350858815,0.10274823311116385,0.0,0.1336443640001502,-0.043301006459904846,0.0822762231293179,-0.025453329024598088,0.05667644193621513,0.01902064913790568,0.01769523936731965,-0.015799330860840587,-0.03727184389058161,-0.02561987043106677,-0.04396429704971593,0.016518031473303177,0.026453141218726453,-0.025038151148442638,-0.02332724621836048,0.012850033738705007,0.03902637028773657,0.027792939591170573,0.3188269650354683,0.3181406774342064,0.07947198205621614,0.17507696309213594,0.04635974723758766,0.3193949752184113,-0.026907249315815708,-0.03435972500771202,0.0,0.02032060276675516,0.014550435863600084,0.016176531775856453,0.030765836331109183,0.04389622222651652,0.02725968501014775,0.013729924019434844,-0.01750133612466744,0.0220125239193966,-0.02320821839554287,-0.01559323574968409,-0.016198522445341892,-0.029023349098730392,0.017669272587193297,0.02219148564083238,0.05338930613342417,-0.016787677649204493,-0.013384387077532341,0.028886122410254796
2011-11,0.0351661715538324,-0.04057608887293826,-0.028282260495651496,0.05454532690082388,-0.03130101211813554,0.09671052440915381,-0.020354404150113595,0.05319155781360207,0.01645435586108964,0.021462587861882227,0.10293550921044023,0.0,0.13483166427022555,0.04416477705548577,0.08187006894098016,-0.029202206522480022,0.05639165160103231,0.022179197985848376,0.017682069464595433,-0.016910812661096345,0.037494601695841866,0.02718098244091572,-0.04656825184110654,0.01695566881667447,0.029427481664237507,0.027693674171970023,0.023579012428363147,0.013198466973148646,0.040751706015432446,0.031078464113557247,0.3212986670316853,0.3207535806104133,0.07946135064860177,0.17746572213161155,0.045546611331536965,0.3224981672164206,-0.029504432094963444,-0.03663967268411784,0.0,0.02169991796780268,0.017022923363018704,0.017803413538152898,0.03402790903234071,0.04346562005408503,0.02921676966279248,0.015802529985364827,0.019908471738938383,0.02489179634674383,-0.02396022174835629,-0.0159355886866874,-0.01664937714086489,-0.030864362683111726,-0.019885930332921437,-0.024412461040698753,0.052031891246114514,0.017225557034699555,-0.013910219132622007,0.02900521288374704
2011-12,0.03371442537943177,-0.03842400890686065,-0.02794818635597013,0.0535446515926888,-0.030078110993078003,0.09779407437325732,-0.01714991634221222,0.05115206292748604,0.015956307695383674,0.0215854823825771,0.09976566673179245,0.0,0.14335332271134502,0.0420362850399659,0.08129206677897578,-0.026333414114414283,0.05594747029027438,0.02218520387433646,0.01793568582346515,-0.015140898558067798,0.03666994804805175,0.02671222004498626,-0.04457860953000793,0.015748668224668565,0.028788736215147073,-0.02711198498643269,0.023169333824631936,0.012151022922993327,0.038417179634528786,0.030565249872594423,0.31683003115763625,0.31647197195086235,0.08642352257993655,0.174188522435626,0.04571943232224239,0.3191847062136351,-0.028884314420323135,-0.036036485846595835,0.0,-0.021028913459324436,0.01832397623925837,0.01629981000443592,0.033941021620742355,0.04322679154312375,0.02934770838606563,0.014845715069563087,-0.020026665931750173,-0.027168780283042985,-0.021712736598552846,-0.014529027199784208,-0.015418873653358636,-0.029548339538623437,-0.017705196477435545,-0.0223721470514582,0.052946834232814495,0.01831113086454894,-0.01302043924416094,0.02880080283243449
2012-01,0.03371121719518943,-0.03742773357783371,-0.026773278397997417,0.054352034738550783,-0.030026872557544666,0.09843680946342453,-0.01749418443068443,-0.05197645336121927,-0.01748002953554245,0.021605118610015007,0.10218189736156298,0.0,0.1457633500414336,-0.04550143257065503,0.08317172549894902,-0.026681781211737768,0.05591646417915783,0.021467432128869347,-0.018791725441590898,-0.017024894277449153,-0.03662722234511374,-0.027508106893231066,-0.044788975190971976,0.016131170071193777,0.028375954589189893,-0.02709551078857308,-0.023996264251609518,-0.013309038306922429,0.038471092869644605,0.030650786795281697,0.31443588872264533,0.31430469551520385,0.08946499726118942,0.1764082800393753,0.04658788355002584,0.3180659713874694,-0.028298163932039214,-0.03682012217897185,0.0,-0.02236461248931554,0.019455495134883177,0.017209583618065297,0.03421680117028075,0.04301720868361319,0.027445007710181796,0.012821720037335156,-0.0191094159931652,-0.02837063197057795,-0.022810694892501808,-0.014231759011843946,-0.014807652130159206,-0.026859098568125184,-0.01842872378133782,-0.02352255743732234,0.05165852844630442,0.017870658191501708,-0.013744413582464466,0.026325603459195056
2012-02,0.03566985374898012,-0.038961046902960615,-0.02762460977987914,-0.05897697415265926,-0.03103660730051748,0.09798847286671983,-0.018819450003521625,0.05081715904332163,-0.017578517242477564,0.020014952720477874,0.10176351109634132,0.0,0.14522661367990206,-0.04545546184340742,0.08505942831578353,-0.02760868381219592,0.05588527882494491,0.02027275710761981,-0.017635974919437428,-0.016018892253442468,0.03715263092617052,0.027515847056209863,-0.0475087103994121,-0.016243955213406176,0.030435216257720683,-0.02790297358570723,0.024362125215638568,-0.013365621921255162,0.04013423492959764,0.031690727665505146,0.3116608655716308,0.31144199365548964,0.09110517571479725,0.1753423822017171,0.05066893706114122,0.3150229983499914,-0.02898759480086169,-0.0369156644258625,0.0,-0.022446223962288524,0.020904053372258837,-0.017416168592189023,0.03506442021800108,0.04441431886854264,0.030129022915567967,0.01505977620187717,-0.020866742793984303,-0.027254174799464407,-0.02303033667084248,-0.014114906081523325,-0.014414597449007317,-0.03005681087249397,-0.019920331265124505,-0.023118465053565556,0.05266137359654743,0.018234016627816412,-0.013882938191495707,-0.026303402061544624
2012-03,0.036079215762777936,-0.03932320159345988,-0.028164926795201044,-0.05929559294743759,-0.031825090372684585,0.09700005340798741,-0.018937213792554912,-0.050107847887587306,-0.01684944635618063,-0.02112075273749283,0.10021090857466691,0.0,0.14365512196309962,-0.0460881917260096,0.08407842116475599,-0.026763122192963264,0.05380163526356408,0.018034884714682398,-0.016419404957847213,-0.016988894284486054,0.038320660020688256,0.028482454868746968,-0.048152704657910994,-0.015903714903943197,0.03222392020596349,-0.029523427557082517,0.02480849629545095,0.012573599429694852,0.04062852338064474,0.032876602760128396,0.30991456543997076,0.3093062467466119,0.08992564517152442,0.1742564544512057,0.04958918220253205,0.3133506605195565,-0.02971600508397706,-0.03777231444492675,0.0,-0.021764691358616143,0.022321167572712103,-0.017726117798405255,0.035876610353298234,0.044661456923972456,0.029468578438619327,0.014578154220888975,-0.021201871317832084,-0.02791068793001858,-0.024525653462658996,-0.014673909366602346,-0.015547077433963174,-0.030058489151885415,-0.020116236859267063,-0.025197157485582357,0.0528603887267959,0.01964761954419546,-0.013769096161586171,0.02555011825072502
2012-04,0.03558835430372731,-0.04007179117566987,0.026272108827746176,0.05812329459124229,-0.031958575944765547,0.09685204529982419,-0.01816318726668623,-0.05014513725586492,-0.017577328642551154,0.021570938746818563,0.10101168703764105,0.0,0.144345056024531,-0.046470042331090096,0.08691137128303729,-0.025524393051714177,0.05438273745101721,0.016112444556915493,-0.015928863213939642,-0.016247398274190715,0.03818037326070463,0.02911772049920068,-0.048673874438420556,0.016055720947375195,0.03416355981895267,0.028588481104069276,0.025697318168974855,0.012534484009873479,0.04100079276843689,0.03425673737770225,0.3124603139395389,0.311902235648418,0.09217986556095498,0.17574686983881227,0.050614211232734525,0.3159995665433147,-0.029686409619535795,0.03542131475299548,0.0,-0.020273655278491752,0.022892554053360648,-0.017502049258085548,0.037029049177747436,-0.03894644134131994,0.029001942950855897,0.013790615767553211,-0.02108858392554277,-0.02848148676070072,0.02260696903064354,-0.013350722885067742,-0.017018513445471097,-0.02937131640168861,-0.020722073176297755,-0.0261932685649005,-0.04572594221442371,-0.02013011828675408,-0.013739862270398698,-0.025511680870711824
2012-05,0.03564844243948608,-0.04020910468393814,-0.028071894254939566,-0.05836504758663623,-0.029715632905243212,0.09663756720767974,-0.0178130289138714,-0.050253391357819026,-0.01709722289057065,0.020922766623921552,0.10137103180165816,0.0,0.14813688332707892,-0.045743082996439546,0.08915068298013115,-0.026079605315645384,0.055969718096897304,0.014995926107494343,-0.015775631966351625,-0.017113506956749458,-0.0392890045485257,-0.03102418457411384,-0.04756247426091809,-0.01583088954478773,0.03348757023646899,-0.028056007522886416,-0.027331153505680078,0.0113162533378862,-0.043609523736841016,0.033735540195912204,-0.29134998931056877,0.3098429166506733,0.09459209333204519,0.17618878429206328,0.052583591331086185,0.3142232471233455,-0.027679381609214262,-0.037597695179532147,0.0,-0.020970999737226086,0.021892433099164266,-0.017361110992394596,0.037221119821725095,0.0391031260611553,0.028625236237448243,-0.013286278154836876,-0.020887235989444496,-0.02799336001703997,0.02487691184957134,-0.013554450141667486,-0.016971093684102982,-0.027844564537347728,-0.0207145842086089,0.02405469188614,-0.04455952812488773,-0.020210510595325845,-0.013338086728639254,-0.024044364613456652
2012-06,-0.03979572519856547,-0.035375090539421526,-0.024452564485827263,-0.05721239803076293,-0.027658677999022524,0.09459767386243999,-0.017401841837483917,-0.04998455593870503,-0.014735362634223642,0.02181931776988006,0.09862689694648875,0.0,0.14966983374037465,-0.04229869423987414,0.08810805542610743,-0.024411183918948667,0.053526996357101564,-0.015700508411800193,-0.016114267965162726,-0.016019608245525046,-0.03414246936660852,-0.027226492329993652,-0.04179805804180532,-0.014604729796109753,0.02918953255615507,-0.024408444804780174,-0.023971744034966047,0.011142900078881503,-0.038411176323829586,0.03230126588470798,-0.2736573268611829,0.2910503802411265,0.09630731305552415,0.16765566897947642,0.0519536356043361,0.29572702740015233,-0.026247513042353524,-0.0339787670977509,0.0,-0.017660074612351962,0.02185884702216606,-0.015362318957027622,0.03549858953401809,0.03708141526713244,0.02531732044286709,-0.012279429579401844,-0.01818690504936086,-0.023493763266622926,0.021162368250594876,-0.013426472654054727,-0.014194884848619771,-0.02371797676487613,-0.01955096917694354,-0.023620997569439424,0.0446831122341894,-0.019304850367289406,-0.012759349056163088,0.02566933367195016
2012-07,0.039637752809151855,-0.037285825486730616,-0.026272912790106184,-0.060993148370065635,-0.030894910091005114,0.09923970789056868,-0.020183194753726985,-0.05385616160898541,-0.017020044437139767,0.024199832365380147,0.09711593126538559,0.0,0.1565006774433167,-0.045345964117674734,0.09115159320402573,-0.026868230000121816,0.054995549850527736,-0.01793880326226753,-0.017730030838788796,-0.016326769995483235,-0.03764866744829969,-0.028783439506859635,-0.04708035780905809,0.016062160876681043,0.03168887207875997,-0.02753129089892749,0.026595768786701786,-0.012460132286965055,-0.041169929041345234,0.03523427768906085,0.29175290730537207,0.3045681834234567,0.10045674775007923,0.1733732409698285,0.05378453091090172,0.3088675108300245,-0.02966221907694342,-0.03777399797063082,0.0,-0.017614371361312452,0.02266988297939838,0.017441414898408683,0.03877913353226059,-0.03879087590970839,0.027198105023673508,-0.012766297842785374,-0.019741404290006485,-0.026109163782666107,0.02437783340770098,-0.015989440035726624,0.01536540436406373,-0.025366320508919196,-0.02050353129031035,0.02315347068969884,0.0474148602195731,-0.019786372885832775,0.01453881262839964,0.028551285481420007
2012-08,0.039497911169097094,-0.03760530894542381,-0.026698989602347258,-0.05905570785092712,-0.030835429229954612,0.0964032242205688,-0.02027028486882904,-0.05951927041212678,-0.016479766710885933,-0.023673230154559296,0.09551833445290868,0.0,0.15253072081543775,-0.04266480246614115,0.09028685481647733,-0.026416380214502294,-0.059027129300233495,-0.015675200086854503,-0.017534624567826635,-0.016347516923093636,0.0390351997343805,0.030717965086401528,-0.04581880793822815,0.01739706059835601,0.030989230916070018,-0.02514538224561866,0.025395240312977012,-0.012997144818797225,-0.038704450878939256,0.0345644694977181,0.2829589968728318,0.2953872970234921,0.09817641649484572,0.17052906409182217,0.0531410535404233,0.3003211200346641,-0.029333352066800968,0.039233864509127796,0.0,-0.01722564915640862,0.02430392283507725,0.017452303682119655,0.03795150723558723,-0.03436985060655262,0.026421297679386002,-0.012653125526185652,-0.01911348157752995,-0.02538924925920561,0.02258217520331624,-0.01548353425052418,0.016732238459635406,-0.02395403244594933,-0.021388654768073972,0.024204736515618122,0.045478571768040876,-0.019760537146303672,0.015482868658592502,0.027550466333331757
2012-09,0.03928824990508966,0.04257676541428905,0.02834205600763166,-0.060403076124328735,0.032166759951786764,0.09677248383306292,-0.021513390560891715,0.06616286083099368,-0.018022442936716145,0.023689897801554564,0.09490123078514659,0.0,0.15432207527997546,-0.04402568793886187,0.09123337021461067,0.028311190731538545,-0.05942260975459027,0.015046581358981766,-0.016811425771502755,0.015819428960551475,0.040069690047426915,0.03208415742049359,-0.04687249134492701,0.017193874839239308,0.03289055780391916,0.026530623958290925,0.02651095384978445,-0.011736422631126378,-0.039936058928311306,0.03567901252960808,0.2855990854430946,0.29827109940702495,0.09925208649679518,0.17202706342146012,0.053504156103956785,0.30316433760797984,0.02977897251428377,0.040262477026588875,0.0,-0.01848755131277182,0.02546691117406398,0.017320091913869736,0.038709505808418164,-0.036203826176866814,-0.028769344370929737,-0.014350777258492759,-0.019479299151626432,-0.02739419055007224,0.02243099162443826,-0.013415943929050161,0.016909136857590473,-0.026245223437262752,-0.02077214864948764,0.024013960037065598,0.04652583247828647,0.021228646668573735,0.015292004935635855,0.02569933102528923
2012-10,0.03960300515282221,0.04329977746939447,0.02951997479485132,0.06439068759200951,0.03179376329396689,0.09727750820435119,-0.02075010432029048,0.06636534311333886,-0.016487888169958945,0.024940229652875224,0.09358685476481857,0.0,0.15436037083032422,-0.04498567005238991,0.09102977966098989,0.030571826652222026,-0.059708548799224354,0.014319642535484109,-0.017713283595770637,0.015602522031001573,0.040394196591331186,0.032421117358860316,0.04366285223455048,0.01738835217420739,0.03323656479737059,0.02673997518915485,0.02741910021544944,-0.01170679355507032,-0.04054739626285998,0.0366113917640094,0.28559600369101035,0.29835650197037833,0.09912755763978616,0.17108028567953504,0.05281268926744649,0.3028469673261607,0.03025336542179096,0.040490153751211275,0.0,0.01894907804551288,0.02547533218045157,0.01638618799676295,0.0398382932434076,-0.03554351576000192,0.028592389539764076,0.013838026029032115,0.020913722915247783,0.0252694260361001,0.020485934098927436,-0.015129046083218708,0.015768455383658873,0.025310082775246167,-0.021040974611590185,0.021898855593884856,-0.045396846442814394,0.02022578753280258,0.015523245201268692,-0.0264225649191702
2012-11,0.03985650855847944,0.044610043893421825,0.0296890118432879,0.06453805434854105,0.03257970653653565,0.09739621419571724,-0.01975591733992509,0.06549610310092648,-0.016398027239886558,0.02513227098703213,0.09362228823851591,0.0,0.15431986839020959,-0.04548085516457408,0.09016627073705714,0.030672258907512493,-0.058520339892486624,-0.015546128086640357,-0.016383455223858107,0.017125681951403574,0.04086942274550074,0.032235702241594055,0.04313367237210914,0.017137232005187446,0.031521558810530946,0.027011989471506227,0.02689644542777612,-0.011752750339929617,-0.04102551956889439,0.036013120724544156,0.28637447644768166,0.2989216287295309,0.09906943275585124,0.17129851618484956,0.05293934509260241,0.303755616616515,0.030882793578164407,0.040733766548533785,0.0,-0.018908211361136063,0.024026508628295442,0.016421542761273396,0.03897832901638842,-0.035927533770186815,0.02778783375162841,-0.013770626930195004,-0.02076836909712519,-0.025268133446476257,0.020346034537151454,-0.01532586617945064,0.016602204802424008,-0.02502286354268523,-0.020269620338279466,0.021212917730458823,-0.04597211428202659,-0.0210486127176569,0.014911540403030863,-0.028122798205741196
2012-12,0.03993360986817175,0.044516797156652396,0.030166467757990836,0.06381717055520092,0.03371140698462744,0.09878639163304316,0.019978376339341363,0.06569448000493654,-0.01730489766619716,0.02392226734016116,0.09382402196849354,0.0,0.15437982286112115,-0.045379923039089595,0.09047210850383561,0.030667729332985626,-0.05637023964852098,0.015173063974992691,-0.016296198186794956,0.017501038418696237,0.041448665400233155,0.03278126799267992,0.04356412473904797,0.01675910001395579,0.031790769918519216,0.02840300140509545,0.026916499846505196,-0.011758166950101892,-0.04099042341640708,0.036035720658084705,0.28501483034162,0.297734521177031,0.09942357720707261,0.1714179725857614,0.05343120808633523,0.30256106598810495,0.03175791387328259,0.04123262173509477,0.0,0.018936362802551635,0.02520624765464011,0.016185939828374525,0.0387277805487754,-0.03516125368039001,-0.030287286948291144,0.013952759782682522,0.020907994298268538,-0.02478777042658505,0.01846072192693641,-0.014454633006956498,0.015705176436205975,0.025804303181315817,-0.02039564775725127,0.019612601357310504,-0.04594816545200929,-0.021477485387050757,0.014573573061504074,0.027965660069158346
2013-01,0.03954422685802603,0.04535994798359651,0.030688638550664615,0.06414204774947106,0.03428918226776828,0.10232859926040837,0.017725803920999896,0.06507403823448155,-0.017158800824193347,0.02279260635972315,0.09284754969751437,0.0,0.17077933426262842,0.04551353568918503,0.08937555527801591,0.029606339410315246,-0.05445631822146901,0.014162361721288725,-0.01576395545762873,0.01757439356678938,0.04119938967291077,0.033181321300544755,0.043344010757358206,0.015351976347456405,0.031339159701025854,0.029594894459449166,0.027641891096526337,-0.011759406405426366,0.0412783836470981,0.03602833764196915,0.2826331179984481,0.29521025416802277,0.10551378875598852,0.17016053888995467,0.05314873602033685,0.3000837299241476,0.032011043982554804,0.04097190573598959,0.0,0.019187925424726294,0.02471633444397077,0.014885668364885979,0.03864853390850024,-0.036243244559509794,0.030189277260895115,0.012564883091578632,0.020743701328387227,-0.024349923035175986,0.017749545022059353,-0.014531609728841394,0.014286697059584706,0.024527542755711475,-0.01979730414733764,0.01906973950309136,-0.04621919523348096,-0.021853217261019336,0.013018324727891648,0.027343831309531396
2013-02,0.03921736584132165,0.046875495823522045,0.030843629946996406,0.061647522969037506,0.03458452213755464,0.10335408764095957,-0.0191785374480587,0.06392925659528755,0.015854432337257317,0.020879233362185664,0.08908054840617656,0.0,0.1765141536599318,0.046066081136654335,0.08610886120125398,0.03054606372105539,-0.05297989918292909,-0.014788934973113768,-0.015928549525108363,0.016270334903214702,0.04342121646750662,0.03384249316526673,0.043479734499544544,0.015106300891707343,0.031665911599997584,0.02968447863623775,0.02893496991025287,-0.011923209287164591,0.040830893600916185,0.03730049714592667,0.2782698981559439,0.29059107575721255,0.10655568296898318,0.16470947540709266,0.05277276247785839,0.29392027709460467,0.03252923333780646,0.041543048949138364,0.0,0.020029110493034564,0.0251986674350744,0.015542611146516838,0.04030105226081159,-0.03453735060816428,-0.030495248360328707,-0.01367875876271994,-0.020942142916442724,0.02649607166854615,0.017767042124510763,0.01633271862627682,0.014572053451485038,0.026231232946080252,0.022251753739494267,0.019561179418639923,-0.044122993909283474,-0.022734564504424473,0.013015791981821012,0.02739740926971512
2013-03,-0.03876013631715665,0.0476389196051729,0.0303948787334053,-0.06397350957904402,0.03416837437598118,0.10366607913847709,-0.018428044854254217,-0.06492458555005101,0.015798793161894257,0.02105271130362455,0.08997269455499761,0.0,0.17685577504533107,-0.04556736374966869,0.08627087844426123,0.029287541491449996,-0.05318574798667579,-0.0155718500516171,-0.015908523301134264,0.017375413833099172,0.04367891424903777,0.03383861637051771,0.04306029519894271,0.014491023724332351,0.03150997998701688,0.029660065477044202,0.02897722447177068,-0.012388040515628706,-0.04176092379736494,0.03743556012399838,0.27566976828379675,0.2879918870916366,0.10668912632166594,0.16278428620241506,0.0529288570339283,0.2925477655562519,0.03133213162405362,0.04136177202508829,0.0,0.019488963048920668,0.024053950067403643,0.014735600644640124,0.04060942404263232,-0.032477450959338405,-0.028676075149773786,-0.01225896775869054,-0.019623441280115887,-0.026491872746557243,0.01804064060898211,-0.016327235730522697,0.015450066767668233,-0.024325368639426054,-0.022446762361519074,0.019583781101953208,-0.042726780385512766,-0.02113743407704372,0.012973609574111755,-0.026766412969474466
2013-04,0.03838672538597129,0.04577136852462559,0.030277738067831433,-0.06304053914743213,0.033832459307086477,0.1053824901945568,-0.018464077513806448,-0.06487855706615549,0.01614618409735971,0.021125340442409577,0.08880357070541875,0.0,0.1812085297443519,-0.04404148492907963,0.08653000451451939,0.027989654691875015,-0.05490177859913335,0.014676434584181408,-0.015730394791801522,0.017356693257351712,0.04342612637436563,0.03422185644518919,0.04393254266483122,0.01453075295502491,0.03192502832326026,0.029703332896609244,0.02987002978365505,-0.013622301000818893,-0.04060179223172708,0.03821050844821648,0.27141386837450315,0.28375409904735216,0.10753588364744991,0.16096565794367024,0.05277855887061165,0.2886040723404835,0.03090318580666812,0.04180059776375041,0.0,0.02008454023323433,0.02384211212196987,0.01434951775058055,0.04149469988046649,-0.03257943632957167,-0.028538524965598333,-0.012046643486893315,-0.018917334981109365,-0.026632059192891036,0.017327585041653867,0.01632779087407945,0.015990613797676224,-0.02377259037606997,-0.021528478201408102,0.019323298783070375,-0.04192373408108794,-0.021886507195266216,-0.014536472508910669,0.0264710870348004
2013-05,0.03739588722269489,0.04651999879013253,0.029930657227606194,-0.06304632464247172,0.03425116127293034,0.10528871505387234,0.019298020993235496,-0.06397571560575611,0.015232279464361084,0.021346303090365455,0.08741887433334306,0.0,0.182381941725948,-0.044171828703350374,0.08540044501044095,0.02785740801033379,-0.05366264411688411,0.014940490766107432,-0.015730416341066793,0.01497412562179471,0.0426370588941124,0.03362353701712556,0.043808225426982206,0.015310663622551098,0.03195081652283134,0.028439411580443788,0.029061052767419628,-0.01385311219986898,-0.04048459079670474,0.038029905863940394,0.265179558416725,0.277395899108536,0.10805121826266594,0.1572631699319611,0.0529497346890464,0.28168699445241147,0.03142285945498746,0.04146069540472907,0.0,0.017820054520640942,0.020907037589455016,0.014297368516413625,0.04130499386920682,-0.03230795242793566,-0.026187752681625147,-0.011768962455326788,-0.018904623582948792,-0.025538349846934854,0.017766746965248416,0.017096137619625543,0.01576400817544647,-0.022227461963952113,-0.02060159290893074,0.01942030127142774,-0.04013747855816348,-0.020478193852337186,0.014619614122013484,0.026283481622038106
2013-06,0.03479722409054402,0.044611162355333925,0.03147799061769972,-0.06192822619904113,0.03593314045118935,-0.11049266953303685,0.017943826257751726,0.06595821296701503,0.014488105576372612,-0.02201285026205345,0.08616187230916851,0.0,-0.19383976555943525,0.047392038255567294,-0.08638165577779254,0.02777783213372016,-0.05384306475003535,0.01600346187288148,-0.015562065617840687,0.015153931078873641,0.04411095595584907,0.03452987099139075,0.04172009457905468,0.015344521167125593,0.03321682697031528,0.028202012841551653,0.030370347536953904,-0.013788147458570713,0.0429481606566656,0.039089930185848366,0.2663864352873676,0.27819323279013225,-0.11490748560610092,0.1571699370197733,-0.05556066645124035,0.2827920956612002,0.032503186026592225,0.04225449115798114,0.0,0.019283030129270743,0.02137661378955856,0.014629063309221415,0.04241574042728419,-0.032922231275428766,-0.025668786902516123,-0.011617127061966485,-0.019617990856684128,-0.02522337808099585,0.0192576612872742,0.015571686546856377,0.015129868945663337,0.025415332058006803,-0.020958140565396195,0.02105887998501777,-0.04076528079941363,0.022327784127200715,0.014175268713905426,0.027221431099998205
2013-07,-0.038057227262970075,0.043951343373524555,0.030384523088329493,-0.06275274871477902,0.034478648846177976,-0.10851795658008415,-0.019312846261313063,-0.0661301538624073,0.015827713811993348,-0.02076415244617921,0.08564714730954648,0.0,-0.1938044298149927,0.04804067638388049,-0.08439253182587886,0.026104066637093845,-0.05525158048366136,0.013725201948657973,-0.01706217816853313,0.015612058339561278,0.04209553521116269,0.03424436707750112,0.04188105659179026,-0.0162672733679958,0.032757250915779856,0.02835939704504192,0.030549225553178946,-0.014145363295624321,0.04414333693346445,0.038946272008312764,0.269211490709084,0.281104372147114,-0.11379583946329826,0.1572750191171827,-0.0544980159205739,0.28525786294548183,0.031082325204029433,0.040524241158164026,0.0,0.01777313653632078,0.021399297779587316,0.01418775313946105,0.042295123581518115,-0.034470032534250454,-0.02417225279519342,-0.011457928823858913,-0.018973919375451953,-0.024426963711298252,0.020203989701065097,0.014567706219996571,0.01598932388351192,-0.02487898832973572,-0.02285477890222139,0.021313386559296696,-0.04175738074387587,0.023645687200701898,-0.014602951383891706,0.02925279119216348
2013-08,-0.03645466509508409,0.04486272547373861,0.030731867121663432,-0.06396066094169908,0.03579258175487308,-0.10555110703782467,-0.019925268970179804,-0.0658836441481031,0.01559278901836914,-0.020663075272550065,0.08404272662991394,0.0,-0.18880629860497383,0.04781102397638002,-0.08257075408039903,0.026808661259677274,-0.05448731579177042,0.014911616364937734,-0.017090236496214658,0.015746120760082406,0.04357001213741681,0.035330538358618054,0.041436881818189074,-0.01739960133982347,0.03382217936807205,0.027565483327864907,0.031759730790687536,-0.014893805224232693,0.04381143825428139,0.039763152589238536,-0.27574106279489846,-0.27574106279489846,-0.11045930713861198,0.15381120672806106,-0.05225807377677178,-0.27574106279489846,0.03215454258409676,0.040773066374397295,0.0,0.01898505066140935,0.02330699401799933,-0.015468352078990001,0.042783903427337226,-0.03438325787849179,-0.02517945964729278,-0.011367419982017853,-0.019487629760244162,-0.02359782430695203,0.020790191510220556,-0.01622822566653537,-0.017504845964176254,0.024306528195813592,-0.02324334100008292,-0.021970983633138378,-0.04107847514765813,0.023778548528532582,-0.016004155131529488,0.02802200650024211
2013-09,-0.036416177196868356,0.046222107946184296,0.030303610054829577,-0.06557152022252262,0.03560582069625019,-0.10538334276608316,-0.02119766755075738,-0.06472224897114212,0.015414898214201136,-0.019654067610307666,-0.08289576302408073,0.0,-0.1892495470658706,0.04774660600774675,-0.08085307551184645,0.026772408163157468,-0.05504508126356181,0.014301216504630699,-0.01691129422929072,0.01639335556262115,0.042901977885749086,0.03428225529361671,0.03998489977824988,-0.017193988138883256,0.034006454723470726,0.027240286368951094,0.031024099026000555,-0.014701391641988828,0.04382066197853623,0.038929224199476836,-0.27798692411203707,-0.2779034382647464,-0.1105979204434122,-0.15006124818439717,-0.05241670470627449,-0.2777964347481193,0.03189005237151826,0.040922787770711996,0.0,0.019034536309381702,0.023691980976277633,-0.015529083857197853,0.04136614377799624,-0.0347286412418496,-0.027002554307208423,-0.013405100964349994,-0.020338771167580746,-0.02468675152369787,0.020608397752081706,0.01708149846920387,0.017144500358058867,0.026170090325806687,-0.023405818307322652,0.021092604627623673,-0.0418673975131263,0.024164467728900095,-0.015833427334433336,0.029095118386455145
2013-10,-0.03811943601574518,0.04701063203895753,0.031527683598053795,0.06781184363845909,0.036456146417774914,-0.10577319389366588,0.018906026175841775,-0.0660167047586982,0.01605576210860648,-0.01948540882600186,0.08258746134675764,0.0,-0.1908715022799716,0.04874312203748385,-0.08130302302641106,0.028376534264583888,-0.054856761300726274,0.013633223554825376,-0.016836497362095897,0.017555704372122977,0.0431045930980539,0.03594367808072884,0.04070141609720516,-0.017110297262121817,0.03573842575403302,0.029695661319991726,0.03292634408474778,-0.015880122119546605,0.04499306352781921,0.039998849922547264,-0.2772592643378777,0.2709400007350377,-0.11215775824668475,0.14932420384800674,-0.052850838745211126,0.2709400007350377,0.03380766732748807,0.04247402973938449,0.0,0.01906736969725541,-0.023057242459113114,-0.014184098021165185,0.04285503868983714,-0.03570802250377797,-0.025593803486724055,-0.012341142499116107,-0.02084612733523564,-0.024145159846300793,0.019663241863153314,-0.016949191668373546,0.016701276657873857,-0.02374058480366524,-0.02400400983135035,0.019874939087602572,-0.042173512525075056,0.023099485852042637,-0.016380234645619007,0.02874958389626661
2013-11,-0.03823728707859251,0.04810643193990024,0.031538208323147625,0.06638523753617384,0.03618107080189541,-0.10576629378185756,0.018915830528966674,-0.06446268832110372,0.015516338448070459,-0.020669253515911434,0.08233065576537513,0.0,-0.1893589900127521,0.0483336476961164,-0.08091777600613595,0.028430116266620377,-0.05648862568121672,0.012536824749566576,-0.017238810037566738,0.0181972777499618,0.04438390676905639,0.03678053344851763,0.04065681817889411,-0.017147191806462733,0.037027123401439176,0.02897151144067267,0.033294081357114966,-0.017748104228975953,0.04431385374877536,0.04128125183597434,-0.27365598084607295,0.2675676128335303,-0.11153157267548221,0.1483139627357839,-0.05271813855394338,0.26766991974758936,0.03331808382439866,0.043553891313650596,0.0,0.019066428210932834,0.022860243907057886,-0.014347672084816878,0.043503075631738,-0.034978603054991154,-0.025193414194968587,-0.01226819712210915,-0.020432735585592242,-0.025036724833972394,0.01931877826422275,-0.0162664563010959,-0.01861048229445169,-0.02402534349498752,-0.02663519960311868,0.01940220031476656,-0.04185572399240907,0.021494678140934396,-0.01590280972535036,0.02920682468547803
2013-12,-0.0359318604359066,0.04613918157709346,0.031209888746683068,0.06596999321325087,0.035288519933866704,-0.10210551543276108,0.019032067867147246,-0.061669258082158326,0.015446733147880701,-0.020413825487828698,0.080066352336977,0.0,-0.1847471298089465,0.051271890581374234,-0.07789982979762779,0.028505044360893104,-0.05595744701564298,0.013947525415200395,-0.0171687595575145,0.017585222383384395,0.04289297766247842,0.03631779563137575,0.03937274270403139,-0.017049881591885023,0.03736207839372061,0.02982263779291256,0.03375155113928356,-0.017607799399822023,0.043121795434535655,0.04145973248546183,0.26787371616643624,0.2610553613644152,-0.10813074279606145,0.14460802693445488,-0.051177856540973635,0.2609382861606698,0.03274254359302194,0.042927886659394975,0.0,0.018891267472290925,0.023000782379081437,-0.014438022043897165,0.04401895069647492,-0.03427169723413666,-0.023185744984435822,-0.011076493905353578,-0.019295640472689182,-0.024994768544948393,0.020071537605678265,-0.0172809587220897,0.018687647090344216,-0.02213195961057847,-0.027432782852262794,0.019961784029298626,-0.04093468488808468,0.02008281763985062,-0.015830888986601767,0.027389172323541714
2014-01,-0.03670266383504452,0.04542868431284543,0.030842576442377766,0.06549000995953047,0.034658761362042226,-0.09856825632947515,0.018127706259133524,-0.0605327498142511,0.016775213322159123,-0.02179053545026962,-0.08254346487648409,0.0,-0.17869327254933573,0.05110464314220268,-0.07468143135046804,0.02722090983688007,-0.05637467808916151,0.013555172235652679,-0.018875056366388827,-0.01931284019560375,0.042668767380017895,0.03667036087560813,0.03875766011468094,-0.017358838093417813,0.03769034884038348,0.0293958741699111,0.03375811453164434,-0.018614719860872948,0.04310344372517996,0.041620529611810564,-0.26428812690076264,0.2553442569981941,-0.1040299185469562,-0.14504013194999962,-0.05198449929285512,-0.26428812690076264,0.0324429047928487,0.04204184783718639,0.0,0.01971645667326695,0.023477474878480713,-0.014810054750104214,0.04445759425538466,-0.033844447829712146,-0.02246815730905266,-0.011021866954560526,-0.02032427672346868,-0.027298053537261252,0.01935555668819211,0.016190263031726236,0.019576607375399097,-0.021751319206252485,-0.02583754628528571,0.019301347006577506,-0.040436805841565435,0.02086484918674976,-0.01617009711422354,0.02532241710273591
2014-02,-0.03747700598339762,0.04568886980576007,0.03084743914968159,0.06757013169825045,0.034936623181588244,-0.1063022997995835,0.02025461648486874,-0.06017613163144388,0.017973767737824886,0.02015179608267317,0.08194204769123367,0.0,-0.18787463442858493,-0.057267126683351086,-0.08045575243831403,-0.02599844666060585,-0.06030676820753179,0.014435380594528018,-0.021960965487981713,-0.01925409148164476,0.04278946978426953,0.03730652462705864,-0.04156099668582175,-0.017963920785174812,0.038432851578192366,0.027918547286108434,0.03410572240645419,-0.018896122364485384,0.04389661530254182,0.04176664572449423,0.2662875926344198,0.2660147709406358,-0.110561577912435,0.15118953643184524,-0.05628589696388597,0.2662875926344198,0.03262234868119883,0.04278413099407365,0.0,-0.022084114919041293,-0.02306972254655375,-0.015839519935915043,0.043811433110750336,-0.0356704559966901,-0.024091008577538597,-0.011314305549957007,-0.020316547749902537,-0.027414224387646055,0.02008188736095354,0.016895567529258783,0.02006845492553392,-0.022650497843580315,-0.027191084259468465,0.01992086714847214,0.04294291766158185,0.021440141562964,-0.016320158099084926,0.026846214376607367
2014-03,-0.037950195273265895,0.04676688161610274,0.030801597988151404,0.0682329127511537,0.0365526872196013,-0.10570420658111546,0.0202510379843299,-0.05994328341659619,0.019226239048123525,0.020733070198657135,0.08142282685043019,0.0,-0.1864143954142742,0.05672153305515391,-0.07963065993963027,0.02588481053422376,-0.060006130185995606,0.01466168937783477,0.01472262049633736,-0.018855411386468065,0.04443936744549971,0.03826033785985464,-0.041460440017681933,-0.01974558742990918,0.04000957412163482,0.027721925660453117,0.03485249279107736,-0.020812002685851146,0.04489865648490031,0.04323253973923982,0.2636688742649141,0.26347596925458877,-0.10975648999037689,0.1497104020723822,-0.056132050474651876,0.2634475627491522,0.03361468487831417,0.044134946366615746,0.0,0.021944706072555775,-0.024243153080335516,-0.016527556093346375,0.045250351640346596,0.03739271764039875,-0.02542203991609285,-0.012424424161152607,-0.020340988202664927,-0.029930051384418548,0.020014125034975565,0.016975326646569817,0.018082460399560057,-0.023582454633834758,-0.028417836163487805,0.021906584763361287,0.043889393156450594,0.022473951637905765,-0.0176310074432445,0.029165045492420882
2014-04,-0.039262170912873394,0.04643887538672948,0.03036603593357461,0.06750187217147803,0.036303451340498304,-0.10456063640941908,0.020116927529462866,-0.059933499007719826,0.020515948483225865,0.022030027807016104,0.08142200290695141,0.0,-0.18394464993989068,0.0562048286238078,-0.07924663833041655,0.02502557971988022,-0.05882821717192776,0.014901258810322346,0.0144433157797945,-0.017877315175636156,0.04303206691969961,0.03814640217379038,-0.041966156081300714,0.018764229341462036,0.03867993207008874,0.027432749725294258,0.03443116819651286,-0.02081709111800034,0.0443249013476148,0.043309166529333885,0.26219784088621306,0.2615936457055085,-0.10822377646954333,0.14914359729495957,-0.055875890942727706,-0.26671822706560944,0.033796023539551016,0.043435828754407865,0.0,0.02277586258236935,-0.0236919433174299,-0.0177978970323157,0.04536189771987793,0.03801540606327636,-0.024553714126593296,-0.011667947509157405,-0.020305592566938008,-0.028781421169733014,0.019996465519187094,0.01616325912112303,0.015510701430268095,-0.023010471580915858,0.03161368591249696,0.022551217828730277,0.043846525181903365,0.022242521513384374,0.01707356125515873,0.02699180251719845
2014-05,-0.03915070536355218,0.04632175650658937,0.030276023501222913,0.06788855508288077,0.03680532027424022,-0.10462425538000572,0.020086438300483386,-0.06023191748060794,0.02022861174415262,0.021740091557850602,0.0814664172951831,0.0,-0.18336842935677744,0.056183101116324956,-0.07924228026076184,0.02473660567700478,-0.05902287424704507,0.014742996571123306,0.015890834896955645,-0.01963673055442286,0.04402970802508919,0.03726743833139218,-0.041727585273072985,-0.018531491642410972,0.03825817600653817,0.026326914894685215,0.032810216488167517,-0.019800832011424775,0.04419779436933834,0.043299279141113145,0.2602956916367272,0.2600522523888668,-0.10823512214373013,0.1484688249513208,-0.05618333487421432,-0.26486610141913297,0.034166381693022226,0.044183378130228185,0.0,0.02363929371005559,0.02399667050138045,-0.018071879162053467,0.045410078692518833,0.038448471123795756,-0.024604009944255843,-0.012736224975760558,-0.02026712876872523,-0.029587685908320293,0.019867653986259188,0.016716778075841352,0.0157900362655693,-0.02295585096064272,0.031056579655468118,0.023040683845088172,0.04343130239680307,0.02189537701952088,-0.016856117704011946,0.02594133376175055
2014-06,0.04194204455927808,0.04622298552793919,0.03102059911751683,0.06685101669368232,0.03652952266877515,0.09740402926510633,0.020523823400326137,-0.06034037352563586,0.019188081630799894,0.02144172956415422,0.08269847290493225,0.0,0.20187992995700352,0.05476869413165323,-0.08021598034308305,0.025932553050731062,-0.058762144860075964,0.014511842857321045,0.01358851305192932,-0.019661139446809806,0.044169068813219074,0.03760529359689358,0.0413282893263579,-0.01688952662971128,0.03966328716968448,0.026877961745878903,0.032815895731401284,-0.01925553045303856,0.04307968046300081,0.043936804787514355,0.25813443446213136,0.2583696914445144,0.11291590751093857,0.14758506498181279,0.056557642471961975,0.2618637401619074,0.03449389790277814,0.0450361736532889,0.0,0.02360294726083546,0.0240061914018734,-0.0160830628884684,0.045559433818351126,0.03997755773284521,-0.02345634925125873,-0.013279571979046143,-0.02073626785636033,-0.026825667643773914,0.019819912331747742,0.015609764926880756,0.016114768616706215,0.023092811638315596,-0.03132569539383485,0.022554803267165482,0.047006353565354625,0.022514276294119295,-0.014685953451757178,0.023773528640385344
2014-07,0.04217397827977085,0.04489924058329087,0.03034739891688369,0.06758166554770893,0.03556827950462256,0.0965793196782186,0.02070799109378684,-0.060809599670725335,-0.02195312891097568,0.02180057532867132,0.08269726747769526,0.0,0.1994733880272938,0.05449692016588176,0.07584142784512075,0.02602127682104289,-0.058446753518320814,0.012919356233625341,0.013068793126493894,0.021466534057287222,0.04333971955821663,0.03757347849975053,0.04059362908339837,-0.018197321238731266,0.040464138383496946,0.02749455909713986,0.033666321194825155,-0.02126807696695311,0.04306989169171797,0.04438506115906946,0.2555218157331947,0.25572402431699015,0.11154082351699654,0.14678075253442896,0.05590769619470534,0.25950286627791336,0.03399818273687794,0.04446002420314287,0.0,0.023569490342369385,0.024604106549359312,-0.014796723651857602,0.045414079540077784,0.042759251430063185,0.0249640092112844,0.014471959446416606,0.021999485034602254,-0.02681567572232444,0.01765412793580339,0.015144531294709758,0.014432897096411348,0.02333600597807409,-0.029897689056310683,0.020687877598811088,0.05041640137248905,0.02306802412014099,-0.016104548515251647,0.02584873838161578
2014-08,0.04162973963686534,0.04643237982739151,0.028868692395600894,0.06665017843442453,0.03409881917948322,0.09712955026332866,0.021293751603113815,-0.059482621655407075,-0.01934436582625141,0.0220823231847683,0.08319447335349817,0.0,0.1982297553084201,0.05322562668306553,0.07628885478078212,0.026742816105494168,-0.0577015470325556,-0.012977989896254817,0.014543253138166158,0.020718405843953017,0.043111989685211086,0.03592059877406664,-0.040363209160102095,-0.01758074492359337,0.04088904928113629,0.028186962532787213,0.031552689668245225,-0.022122058328924617,0.04470563544676491,0.04371353794867702,0.2553553328101758,0.2552662988858102,0.11092764890392551,0.14771976480842824,0.055940398837064954,0.2592412826567306,0.03265883604940643,0.043839169121446545,0.0,0.023582685873945616,-0.023392807643613768,-0.014073927144275666,0.04470159733550439,0.04430213640609521,-0.025200266757198213,0.01401499710312376,0.022165960402442463,-0.024953493396981434,0.015679357070243195,0.013035944500385846,0.015812312408273348,0.02303358429963124,-0.029933809224423125,0.018452686355606436,0.051870890448780974,-0.022026727526079523,-0.015954638457598588,0.023115427246654323
2014-09,0.04088300455185717,0.04553747102501498,0.031259425349207774,0.06381460286628551,0.034324367653369076,0.09615996597178395,0.02092227237849654,-0.058234021508320695,-0.01998672943511899,0.021594133190558275,0.0830224929018802,0.0,0.1977435104447796,-0.05624952687452225,0.07635896303883465,0.026086796225402716,-0.05632940038882857,0.013087787667979307,0.014305182531318978,0.02171151489991004,0.04281441988554506,0.03682356316222352,0.0400806460085647,-0.018504352716862005,0.04102685132414455,0.027108130252787455,0.032349305404918045,-0.021350264657283215,0.043570230263583073,0.04434890895263732,0.24926347648372857,0.2494379052013918,0.10984569854412529,0.14836276984630903,0.05622443911531102,0.2532645490648925,0.032615074411625304,0.04446009314470864,0.0,0.023001875085278352,-0.022450664366766397,-0.014117105006295887,0.04517840164545736,0.042887515321520554,-0.02467691189571078,-0.014341524784966688,-0.021337976727512066,-0.022424687885825533,0.015381304886071374,0.013351491764052726,0.0160934186806293,-0.022370645036004687,-0.03158525144624061,-0.01901376696411068,0.04871288576773687,-0.021182970838036382,-0.016267689730369902,0.021449944492308925
2014-10,-0.04109172930898905,0.0424146749856643,0.031412927058247074,0.061799763915995835,0.035321163601758084,0.09389428095832072,0.021331394208636383,-0.060373120082564374,-0.01823724774498036,0.021619833368175266,0.08225057365725937,0.0,0.194768592868208,-0.05351376531729668,0.07531158202199861,0.02388391876451302,-0.05289131484351505,0.01249641701346546,0.013606296154780012,-0.021222463589484677,0.0413155119638732,0.034725721715820786,0.04074107383368414,-0.017022637105708217,0.0403104227154467,0.027796878336931268,0.030052004912729087,-0.021046845756091205,-0.058134972085983436,0.043279377134981284,0.24682681228320602,0.2466574157894412,0.10773613925498904,0.1473352355788466,0.055690121164922925,0.25090097971630054,0.03271801912250044,0.04482513270432469,0.0,0.02005471812310384,-0.02098562027776303,-0.014580922484131415,0.04461931008790589,0.04131824350595326,-0.02403229600863994,-0.013687949879299777,-0.023466372655043238,-0.023575650929122102,-0.016595631158769136,0.013186635015714997,0.015614470743855547,-0.021374434685367746,-0.03358417551039127,-0.017767060947964517,0.050085226679179855,-0.02010033834265688,-0.016618201146332567,0.02306020738989615
2014-11,-0.04126077649352223,0.044078213198122614,0.034185386407912646,0.06216594286886202,0.03566172537862855,0.09448688125098192,0.01968744743123282,-0.06546869347352613,-0.01905555892489184,0.02172560558730158,0.08258644786761975,0.0,0.1957078012131182,-0.05335814140915627,0.07623034926462177,0.02492705964070452,-0.05140073644136085,0.011866988351888636,0.013163125133626798,-0.020482618341505825,-0.04455765335014249,0.0373404226714829,-0.045912689603456604,-0.018230570262672836,0.0411559918120298,0.02706215978300653,0.031929236356869034,-0.02070798447149232,-0.057361880285102,0.04671391491589756,0.2457809987436352,0.24622092235876072,0.10867158917516055,0.1468002912776986,0.05669029647656428,0.24961449421355786,0.033807654822953996,0.0483553515450391,0.0,0.020382338153558603,-0.019190787497794938,-0.01670883043916137,0.046540011127084474,0.040606061813552405,-0.024110515113184232,-0.013958594368357587,-0.026299797817125815,-0.02521978022388161,0.014177869395936717,0.0120809224676804,0.01557089294067284,-0.021059034207115114,-0.033224499717502395,-0.020153333795616103,0.05010827878499004,-0.020639456531931395,-0.018429324749799345,0.021366284423177558
2014-12,-0.04096499618068429,0.04122682553329638,0.03536299866367975,-0.06922543594466052,0.03581555225006399,0.0928588414584416,0.02163683389850762,-0.0661950471495067,-0.017404000672392384,0.019914249084764576,0.08083456738002877,0.0,0.19051366543903664,-0.05464661600202655,0.07580293414973059,0.025576502335800378,-0.04871830886754695,0.012300502850811482,0.012672612813643618,-0.020024641369099056,0.04405219761288569,0.037315318605077134,-0.04302635125565248,-0.018635905743795,0.0415917746229651,0.02679457340243526,0.03148093291518703,-0.020951498987278237,-0.055548954236298534,0.046686696027465835,0.23765797798580854,0.23843280155770147,0.10623057367782275,0.1445885708972338,0.055972590018701814,0.24107803859304963,0.03413931135095938,0.04824195219404887,0.0,0.0202060110042383,-0.01783450148836893,-0.016128673335916634,0.046299568624943145,0.03966874382238803,-0.024050079324010234,-0.013908376045546724,-0.025620176601002558,-0.022547028144789,0.01330165216588292,0.012280452946103065,0.013712448717528991,-0.020996319302746858,-0.03862307175066497,-0.018867931379416388,0.0492498142109916,-0.018873673571376447,-0.01896700265899698,0.021028674569055075
