month,AN,AP,AX,BN,CA,CB,CC,CN,CT,DA,DT,EC,FB,FN,GS,HS,JN,JO,KC,LB,LX,MD,MP,MW,ND,NK,RL,SB,SN,SP,SS,TU,TY,UB,US,UZ,XU,XX,YM,ZA,ZB,ZC,ZD,ZF,ZG,ZI,ZK,ZL,ZM,ZN,ZO,ZP,ZR,ZS,ZT,ZU,ZW,ZZ
1976-01,0.0,0.0,0.0,0.0,0.0,0.0,0.0,0.0,0.0,0.0,0.0,0.0,0.0,0.0,0.0,0.0,0.0,0.0,0.0,0.0,0.0,0.0,0.0,0.0,0.0,0.0,0.0,0.0,0.0,0.0,0.0,0.0,0.0,0.0,0.0,0.0,0.0,0.0,0.0,0.0,0.0,0.0,0.0,0.0,0.0,0.0,0.0,0.0,0.0,0.0,0.0,0.0,0.0,0.0,0.0,0.0,0.0,0.0
1976-02,0.0,0.0,0.0,0.0,0.0,0.0,0.0,0.0,2.1648410372657127e-05,0.0,0.0,0.0,0.0,0.0,0.0,0.0,0.0,4.6393901695944156e-05,0.0,0.0,0.0,0.0,0.0,0.0,0.0,0.0,0.0,0.0,0.0,0.0,0.0,0.0,0.0,0.0,0.0,0.0,0.0,0.0,0.0,0.0,0.0,1.9826212365544613e-05,0.0,0.0,0.0,2.1761718713209735e-05,0.0,1.3285963553503905e-05,1.1722515294925238e-05,0.0,0.0,2.3920707431866737e-05,0.0,1.3732235702394468e-05,2.492333044870181e-05,0.0,1.771101222546439e-05,2.0594264228866275e-05
1976-03,0.0,0.0,0.0,0.0,0.0,0.0,0.0,0.0,7.000130860659523e-08,0.0,0.0,0.0,0.0,0.0,0.0,0.0,0.0,1.4970243530687545e-07,0.0,0.0,0.0,0.0,0.0,0.0,0.0,0.0,0.0,0.0,0.0,0.0,0.0,0.0,0.0,0.0,0.0,0.0,0.0,0.0,0.0,0.0,0.0,6.481482736872199e-08,0.0,0.0,0.0,7.316076750565198e-08,0.0,4.557800375175336e-08,3.8026091714701835e-08,0.0,0.0,7.526607521086623e-08,0.0,4.474257850949244e-08,7.975077462162722e-08,0.0,1.9364727589996772e-07,7.084509594983482e-08
1976-04,0.0,0.0,0.0,0.0,0.0,0.0,0.0,0.0,0.0,0.0,0.0,0.0,0.0,0.0,0.0,0.0,0.0,0.0,0.0,0.0,0.0,0.0,0.0,0.0,0.0,0.0,0.0,0.0,0.0,0.0,0.0,0.0,0.0,0.0,0.0,0.0,0.0,0.0,0.0,0.0,0.0,0.0,0.0,0.0,0.0,0.0,0.0,0.0,0.0,0.0,0.0,6.918850522992862e-08,0.0,0.0,0.0,0.0,0.0,5.19702344837513e-07
1976-05,0.0,0.0,0.0,0.0,0.0,0.0,0.0,0.0,0.0,0.0,0.0,0.0,0.0,0.0,0.0,0.0,0.0,0.0,0.0,0.0,0.0,0.0,0.0,0.0,0.0,0.0,0.0,0.0,0.0,0.0,0.0,0.0,0.0,0.0,0.0,0.0,0.0,0.0,0.0,0.0,0.0,0.0,0.0,0.0,0.0,0.0,0.0,0.0,0.0,0.0,0.0,0.0,0.0,8.591735064686878e-08,0.0,0.0,0.0,1.3477692210696474e-06
1976-06,0.0,0.0,0.0,0.0,0.0,0.0,0.0,0.0,0.0,0.0,0.0,0.0,0.0,0.0,0.0,0.0,0.0,3.762526999771011e-06,0.0,0.0,0.0,0.0,0.0,0.0,0.0,0.0,0.0,0.0,0.0,0.0,0.0,0.0,0.0,0.0,0.0,0.0,0.0,0.0,0.0,0.0,0.0,0.0,0.0,0.0,0.0,0.0,0.0,0.0,0.0,0.0,0.0,0.0,0.0,3.971023127080989e-07,0.0,0.0,0.0,0.0
1976-07,0.0,0.0,0.0,0.0,0.0,0.0,0.0,0.0,5.781241597075052e-06,0.0,0.0,0.0,0.0,0.0,0.0,0.0,0.0,3.457055989185026e-06,0.0,0.0,0.0,0.0,0.0,0.0,0.0,0.0,0.0,0.0,0.0,0.0,0.0,0.0,0.0,0.0,0.0,0.0,0.0,0.0,0.0,0.0,0.0,1.0205968075426008e-07,0.0,0.0,0.0,5.398507624095744e-08,0.0,1.3821743196018588e-07,3.614249287139243e-08,0.0,0.0,6.115026494852779e-08,0.0,4.103686467617912e-08,4.405768222375678e-07,0.0,5.758173154939844e-09,4.8706877410920754e-08
1976-08,0.0,0.0,0.0,0.0,0.0,0.0,0.0,0.0,0.0,0.0,0.0,0.0,0.0,0.0,0.0,0.0,0.0,5.097560674779268e-06,0.0,0.0,0.0,0.0,0.0,0.0,0.0,0.0,0.0,0.0,0.0,0.0,0.0,0.0,0.0,0.0,0.0,0.0,0.0,0.0,0.0,0.0,0.0,5.518588581022711e-06,0.0,0.0,0.0,0.0,0.0,0.0,0.0,0.0,0.0,0.0,0.0,0.0,2.8804323099165737e-06,0.0,2.8148881837270143e-06,1.0839746437530071e-06
1976-09,0.0,0.0,0.0,0.0,0.0,0.0,0.0,0.0,1.0333935985965687e-06,0.0,0.0,0.0,0.0,0.0,0.0,0.0,0.0,9.958451197482136e-07,0.0,0.0,0.0,0.0,0.0,0.0,0.0,0.0,0.0,0.0,0.0,0.0,0.0,0.0,0.0,0.0,0.0,0.0,0.0,0.0,0.0,0.0,0.0,0.0,0.0,0.0,0.0,6.738205197330573e-07,0.0,1.2238189546434735e-06,0.0,0.0,0.0,0.0,0.0,0.0,0.0,0.0,4.523623751530405e-06,0.0
1976-10,0.0,0.0,0.0,0.0,0.0,0.0,0.0,0.0,0.0,0.0,0.0,0.0,0.0,0.0,0.0,0.0,0.0,0.0,0.0,0.0,0.0,0.0,0.0,0.0,0.0,0.0,0.0,0.0,0.0,0.0,0.0,0.0,0.0,0.0,0.0,0.0,0.0,0.0,0.0,0.0,0.0,0.0,0.0,0.0,0.0,0.0,0.0,0.0,0.0,0.0,0.0,0.0,0.0,0.0,2.327287788477385e-06,0.0,1.7946057957412693e-06,1.4454802188675237e-06
1976-11,0.0,0.0,0.0,0.0,0.0,0.0,0.0,0.0,0.0,0.0,0.0,0.0,0.0,0.0,0.0,0.0,0.0,3.6772430326360505e-06,0.0,0.0,0.0,0.0,0.0,0.0,0.0,0.0,0.0,0.0,0.0,0.0,0.0,0.0,0.0,0.0,0.0,0.0,0.0,0.0,0.0,0.0,0.0,9.22887550264935e-07,0.0,0.0,0.0,0.0,0.0,5.47689906157469e-07,0.0,0.0,0.0,0.0,0.0,0.0,0.0,0.0,1.09485826880985e-06,1.474366308568592e-06
1976-12,0.0,0.0,0.0,0.0,0.0,0.0,0.0,0.0,0.0,0.0,0.0,0.0,0.0,0.0,0.0,0.0,0.0,1.13888846910723e-06,0.0,0.0,0.0,0.0,0.0,0.0,0.0,0.0,0.0,0.0,0.0,0.0,0.0,0.0,0.0,0.0,0.0,0.0,0.0,0.0,0.0,0.0,0.0,1.4007536091263165e-06,0.0,0.0,0.0,0.0,0.0,0.0,0.0,0.0,0.0,0.0,0.0,0.0,0.0,0.0,1.8926718689499973e-06,0.0
1977-01,0.0,0.0,0.0,0.0,0.0,0.0,0.0,0.0,1.6934939449802719e-06,0.0,0.0,0.0,0.0,0.0,0.0,0.0,0.0,3.889356321951754e-06,0.0,0.0,0.0,0.0,0.0,0.0,0.0,0.0,0.0,0.0,0.0,0.0,0.0,0.0,0.0,0.0,0.0,0.0,0.0,0.0,0.0,0.0,0.0,0.0,0.0,0.0,0.0,0.0,0.0,0.0,1.9058964188904683e-09,0.0,0.0,0.0,0.0,0.0,0.0,0.0,0.0,3.6895575254636237e-06
1977-02,0.0,0.0,0.0,0.0,0.0,0.0,0.0,0.0,2.3278237417737985e-06,0.0,0.0,0.0,0.0,0.0,0.0,0.0,0.0,5.548584035601632e-05,2.197169484979091e-05,2.987291383870642e-05,0.0,0.0,0.0,0.0,0.0,0.0,0.0,0.0,0.0,0.0,0.0,0.0,0.0,0.0,0.0,0.0,0.0,0.0,0.0,0.0,0.0,6.652474414487707e-07,0.0,0.0,0.0,1.0130413340177918e-07,0.0,0.0,0.0,0.0,0.0,0.0,0.0,0.0,0.0,0.0,5.83231107562688e-07,0.0
1977-03,0.0,0.0,0.0,0.0,0.0,0.0,0.0,0.0,0.0,0.0,0.0,0.0,0.0,0.0,0.0,0.0,0.0,1.0982140342439273e-06,3.067916836971864e-06,0.0,0.0,0.0,0.0,0.0,0.0,0.0,0.0,0.0,0.0,0.0,0.0,0.0,0.0,0.0,0.0,0.0,0.0,0.0,0.0,0.0,0.0,0.0,0.0,0.0,0.0,8.836970512867765e-06,0.0,0.0,9.31184162262129e-07,0.0,0.0,8.152795137145716e-06,0.0,1.3372773059082375e-06,3.391862648851364e-07,0.0,3.530352562382162e-07,0.0
1977-04,0.0,0.0,0.0,0.0,0.0,0.0,0.0,0.0,0.0,0.0,0.0,0.0,0.0,0.0,0.0,0.0,0.0,5.862946405122277e-07,2.9172610568260657e-06,0.0,0.0,0.0,0.0,0.0,0.0,0.0,0.0,0.0,0.0,0.0,0.0,0.0,0.0,0.0,0.0,0.0,0.0,0.0,0.0,0.0,0.0,1.966663684939328e-06,0.0,0.0,0.0,1.2328221797490087e-06,0.0,1.0949983577787057e-06,1.176165394361297e-06,0.0,0.0,2.9166974916943653e-06,0.0,2.2123745248585176e-06,7.247131951082509e-08,0.0,2.4792719225229244e-06,0.0
1977-05,0.0,0.0,0.0,0.0,0.0,0.0,0.0,0.0,4.7690307680859497e-08,0.0,0.0,0.0,0.0,0.0,0.0,0.0,0.0,4.036430162537852e-08,4.303547149056564e-08,6.786487581580715e-07,0.0,0.0,0.0,0.0,0.0,0.0,0.0,0.0,0.0,0.0,0.0,0.0,0.0,0.0,0.0,0.0,0.0,0.0,0.0,0.0,0.0,4.0564905757279476e-07,0.0,0.0,0.0,1.1448671973128683e-06,0.0,6.723666046543411e-07,1.6298695791646979e-06,0.0,0.0,1.3623040901683746e-06,0.0,1.9316140028983636e-06,5.009986352261936e-08,0.0,1.6066299981079384e-06,1.8949877660161368e-06
1977-06,0.0,0.0,0.0,0.0,0.0,0.0,0.0,0.0,3.1446111782626743e-06,0.0,0.0,0.0,0.0,0.0,0.0,0.0,0.0,4.411871927702166e-06,0.0,8.740867551164863e-07,0.0,0.0,0.0,0.0,0.0,0.0,0.0,0.0,0.0,0.0,0.0,0.0,0.0,0.0,0.0,0.0,0.0,0.0,0.0,0.0,0.0,2.5751077148311945e-07,0.0,0.0,0.0,3.432829604187053e-06,0.0,1.4468641460104285e-06,0.0,0.0,0.0,2.1449984441539034e-06,0.0,0.0,0.0,0.0,1.5479974315784178e-06,0.0
1977-07,0.0,0.0,0.0,0.0,0.0,0.0,0.0,0.0,6.456678089824739e-07,0.0,0.0,0.0,0.0,0.0,0.0,0.0,0.0,9.216493868015146e-07,0.0,0.0,0.0,0.0,0.0,0.0,0.0,0.0,0.0,0.0,0.0,0.0,0.0,0.0,0.0,0.0,0.0,0.0,0.0,0.0,0.0,0.0,0.0,2.000792858422765e-06,0.0,0.0,0.0,0.0,0.0,0.0,9.901846720454314e-07,0.0,0.0,0.0,0.0,2.523591473038503e-07,4.548189449168454e-07,0.0,6.770429743686509e-07,0.0
1977-08,0.0,0.0,0.0,0.0,0.0,0.0,0.0,0.0,1.6731953809697616e-06,0.0,0.0,0.0,0.0,0.0,0.0,0.0,0.0,5.749475053756309e-06,1.9288799066025444e-07,0.0,0.0,0.0,0.0,0.0,0.0,0.0,0.0,0.0,0.0,0.0,0.0,0.0,0.0,0.0,0.0,0.0,0.0,0.0,0.0,0.0,0.0,9.348705685989784e-06,0.0,0.0,0.0,0.0,0.0,4.0593023234706525e-06,8.29574413147552e-06,0.0,0.0,2.4673372868835865e-08,0.0,6.649374530231556e-06,2.2211285344550665e-06,0.0,3.1790698037651478e-06,0.0
1977-09,0.0,0.0,0.0,0.0,0.0,0.0,0.0,0.0,2.5986723335420584e-06,0.0,0.0,0.0,0.0,0.0,0.0,0.0,0.0,0.0,2.8639734261905748e-06,0.0,0.0,0.0,0.0,0.0,0.0,0.0,0.0,0.0,0.0,0.0,0.0,0.0,0.0,0.0,0.0,0.0,0.0,0.0,0.0,0.0,0.0,3.3415276628514374e-06,0.0,0.0,0.0,5.3698760139941145e-06,0.0,2.186844908008285e-06,4.121692400582279e-06,0.0,0.0,4.774548187599461e-06,0.0,2.626540048793525e-06,2.6163603661838384e-06,0.0,1.8648110985500996e-06,0.0
1977-10,0.0,0.0,0.0,0.0,0.0,0.0,0.0,0.0,1.203349843139568e-06,0.0,0.0,0.0,0.0,0.0,0.0,0.0,0.0,2.4659484444758165e-06,1.7908809257305183e-06,5.007207000827068e-07,0.0,0.0,0.0,0.0,0.0,0.0,0.0,0.0,0.0,0.0,0.0,0.0,0.0,0.0,0.0,0.0,0.0,0.0,0.0,0.0,0.0,2.1769913459669665e-07,0.0,0.0,0.0,0.0,0.0,2.2029666302298553e-06,6.71324753313867e-07,0.0,0.0,0.0,0.0,4.4370555891408077e-07,0.0,0.0,0.0,0.0
1977-11,0.0,0.0,0.0,0.0,0.0,0.0,0.0,0.0,2.4249639971552842e-06,0.0,0.0,0.0,0.0,0.0,0.0,0.0,0.0,0.0,0.0,3.1108423781246004e-06,0.0,0.0,0.0,0.0,0.0,0.0,0.0,0.0,0.0,0.0,0.0,0.0,0.0,0.0,0.0,0.0,0.0,0.0,0.0,0.0,0.0,0.0,0.0,0.0,0.0,0.0,0.0,1.5799667476402435e-06,0.0,0.0,0.0,0.0,0.0,0.0,0.0,0.0,0.0,0.0
1977-12,0.0,0.0,0.0,0.0,0.0,0.0,0.0,0.0,1.3301663048839e-06,0.0,0.0,0.0,0.0,0.0,0.0,0.0,0.0,0.0,0.0,0.0,0.0,0.0,0.0,0.0,0.0,0.0,0.0,0.0,0.0,0.0,0.0,0.0,0.0,0.0,0.0,0.0,0.0,0.0,0.0,0.0,0.0,0.0,0.0,0.0,0.0,2.2446704028935006e-06,0.0,0.0,0.0,0.0,0.0,0.0,0.0,0.0,0.0,0.0,0.0,0.0
1978-01,0.0,0.0,0.0,0.0,0.0,0.0,0.0,0.0,8.686385045141194e-07,0.0,0.0,0.0,0.0,0.0,0.0,0.0,0.0,2.3697693704718622e-07,1.2597952062125517e-06,0.0,0.0,0.0,0.0,0.0,0.0,0.0,0.0,0.0,0.0,0.0,0.0,0.0,0.0,0.0,0.0,0.0,0.0,0.0,0.0,0.0,0.0,5.815526397332515e-07,0.0,0.0,0.0,2.6148136869934212e-06,0.0,0.0,0.0,0.0,0.0,0.0,0.0,1.4644271885888918e-07,0.0,0.0,0.0,0.0
1978-02,0.0,0.0,0.0,0.0,0.0,0.0,0.0,0.0,7.637493283288131e-07,0.0,0.0,0.0,0.0,0.0,0.0,0.0,0.0,4.282492682724029e-07,2.770798013477939e-06,1.6107079328862087e-06,0.0,0.0,0.0,0.0,0.0,0.0,0.0,2.044691463571219e-05,0.0,0.0,0.0,0.0,0.0,0.0,0.0,0.0,0.0,0.0,0.0,0.0,0.0,9.044126196170315e-07,0.0,0.0,4.110924139664388e-05,1.1839033833914714e-06,0.0,7.939600829828253e-07,5.241465209252887e-07,0.0,2.617333667315087e-05,1.3000019442397087e-05,0.0,5.053079489333138e-07,1.2776620275400975e-06,0.0,7.035573774937798e-07,7.56815631503244e-06
1978-03,0.0,0.0,0.0,0.0,0.0,0.0,0.0,0.0,0.0,0.0,0.0,0.0,0.0,9.597454818592143e-05,0.0,0.0,0.0,1.107990737524156e-08,0.0,0.0,0.0,0.0,0.0,0.0,0.0,0.0,0.0,1.8627373290532046e-06,0.0,0.0,0.0,0.0,0.0,0.0,0.0,0.0,0.0,0.0,0.0,0.0,0.0,1.745116096198332e-06,0.0,0.0,0.0,0.0,0.0,0.0,8.793716416687601e-07,0.0,1.611373195614562e-06,0.0,0.0,8.153232574639736e-07,0.0,0.0,9.852334419651263e-07,0.0
1978-04,0.0,0.0,0.0,0.0,0.0,0.0,0.0,0.0,0.0,0.0,0.0,0.0,0.0,0.0,0.0,0.0,0.0,0.0,0.0,7.542787641591081e-07,0.0,0.0,0.0,0.0,0.0,0.0,0.0,2.87183120533617e-06,0.0,0.0,0.0,0.0,0.0,0.0,0.0,0.0,0.0,0.0,0.0,0.0,0.0,0.0,0.0,0.0,0.0,0.0,0.0,1.1027922991478299e-06,0.0,0.0,0.0,0.0,0.0,0.0,2.6363807622815235e-07,0.0,0.0,0.0
1978-05,0.0,0.0,0.0,0.0,0.0,0.0,0.0,0.0,0.0,0.0,0.0,0.0,0.0,0.0,0.0,0.0,0.0,0.0,0.0,0.0,0.0,0.0,0.0,0.0,0.0,0.0,0.0,1.4767678670645664e-06,0.0,0.0,0.0,0.0,0.0,0.0,0.0,0.0,0.0,0.0,0.0,0.0,0.0,0.0,0.0,0.0,1.781465401893563e-06,0.0,0.0,7.389203339376073e-07,0.0,0.0,0.0,0.0,0.0,0.0,2.6360034929026057e-06,0.0,0.0,8.470730650436305e-07
1978-06,0.0,0.0,0.0,0.0,0.0,0.0,0.0,0.0,5.362117397044141e-07,0.0,0.0,0.0,0.0,1.2874248963186397e-06,0.0,0.0,0.0,2.8893815245013137e-07,4.039887388450486e-07,1.4899499602884745e-06,0.0,0.0,0.0,0.0,0.0,0.0,0.0,2.4048318840202177e-06,0.0,0.0,0.0,0.0,0.0,0.0,0.0,0.0,0.0,0.0,0.0,0.0,0.0,7.563919284820503e-07,0.0,0.0,7.795341624790009e-07,8.44300994573402e-07,0.0,8.222822424624396e-07,4.35750270365725e-07,0.0,5.216692789094153e-07,5.052144194062379e-06,0.0,4.646252574800683e-07,2.9130386584903247e-06,0.0,5.991279190868844e-07,5.692148920799222e-07
1978-07,0.0,0.0,0.0,0.0,0.0,0.0,0.0,0.0,3.5791124799692753e-07,0.0,0.0,0.0,0.0,1.1776991392148246e-06,0.0,0.0,0.0,4.921134218552371e-07,2.5869638514966143e-07,4.5041471673439723e-07,0.0,0.0,0.0,0.0,0.0,0.0,0.0,5.621262165360318e-07,0.0,0.0,0.0,0.0,0.0,0.0,0.0,0.0,0.0,0.0,0.0,0.0,0.0,5.006877877720626e-07,0.0,0.0,5.436908896224932e-07,5.75556721400132e-07,0.0,2.996539860644076e-07,2.928822907156646e-07,0.0,3.190869493900662e-07,1.0363627885481009e-06,0.0,2.9790161271485426e-07,4.1681997275913597e-07,0.0,8.361126207352791e-07,3.4470791453149186e-07
1978-08,0.0,0.0,0.0,0.0,0.0,0.0,0.0,0.0,0.0,0.0,0.0,0.0,0.0,1.541331243870367e-05,0.0,0.0,0.0,0.0,4.968962009216621e-06,0.0,0.0,0.0,0.0,0.0,0.0,0.0,0.0,5.801404818277116e-06,0.0,0.0,0.0,0.0,0.0,0.0,0.0,0.0,0.0,0.0,0.0,0.0,0.0,3.4427958258348783e-06,0.0,0.0,1.3157400796015712e-06,0.0,0.0,1.264568579026522e-07,0.0,0.0,1.6407868760565971e-06,2.8438745232405582e-06,0.0,3.9878822366340785e-07,0.0,0.0,0.0,0.0
1978-09,0.0,0.0,0.0,0.0,0.0,0.0,0.0,0.0,0.0,0.0,0.0,0.0,0.0,4.435221911314319e-07,0.0,0.0,0.0,0.0,1.5838892978999147e-06,0.0,0.0,0.0,0.0,0.0,0.0,0.0,0.0,1.7265713416550477e-09,0.0,0.0,0.0,0.0,0.0,0.0,0.0,0.0,0.0,0.0,0.0,0.0,0.0,2.7584477632676686e-06,0.0,0.0,0.0,0.0,0.0,0.0,0.0,0.0,1.6608667741079275e-06,0.0,0.0,0.0,0.0,0.0,0.0,0.0
1978-10,0.0,0.0,0.0,0.0,0.0,0.0,0.0,0.0,3.3451004317300997e-07,0.0,0.0,0.0,0.0,3.286015404810619e-06,0.0,0.0,0.0,0.0,0.0,0.0,0.0,0.0,0.0,0.0,0.0,0.0,0.0,4.250415771683755e-06,0.0,0.0,0.0,0.0,0.0,0.0,0.0,0.0,0.0,0.0,0.0,0.0,0.0,4.241263952411076e-07,0.0,0.0,0.0,0.0,0.0,0.0,2.08252331284485e-07,0.0,0.0,1.4902768006638812e-07,0.0,0.0,0.0,0.0,0.0,2.1910667363962341e-07
1978-11,0.0,0.0,0.0,0.0,0.0,0.0,0.0,0.0,5.388914251507546e-07,0.0,0.0,0.0,0.0,9.031388267391236e-06,0.0,0.0,0.0,1.6493332528550003e-06,0.0,0.0,0.0,0.0,0.0,0.0,0.0,0.0,0.0,0.0,0.0,0.0,0.0,0.0,0.0,0.0,0.0,0.0,0.0,0.0,0.0,0.0,0.0,1.569063549379593e-06,0.0,0.0,0.0,0.0,0.0,0.0,0.0,0.0,1.1384878996059528e-06,1.4743425747652215e-05,0.0,0.0,1.1071883341386076e-06,0.0,0.0,0.0
1978-12,0.0,0.0,0.0,0.0,0.0,0.0,0.0,0.0,1.4136212044925725e-07,0.0,0.0,0.0,0.0,1.4417530059642332e-05,0.0,0.0,0.0,7.830980111244238e-08,1.1360844163802245e-07,1.9691037619224556e-07,0.0,0.0,0.0,0.0,0.0,0.0,0.0,1.2573520627355214e-07,0.0,0.0,0.0,0.0,0.0,0.0,0.0,0.0,0.0,0.0,0.0,0.0,0.0,1.9622064823997255e-07,0.0,0.0,1.8753862083373958e-07,2.2363479686655224e-07,0.0,1.186976883018262e-07,1.0708413373759773e-07,0.0,8.11293485422672e-08,1.331693478282131e-07,0.0,1.1082806362111217e-07,1.6574456312056647e-07,0.0,1.6887380716791578e-07,1.462672385522078e-07
1979-01,0.0,0.0,0.0,0.0,0.0,0.0,0.0,0.0,7.30657472163939e-07,0.0,0.0,0.0,0.0,4.682533302509659e-06,0.0,0.0,0.0,0.0,0.0,3.921911166065856e-07,0.0,0.0,0.0,0.0,0.0,0.0,0.0,0.0,0.0,0.0,0.0,0.0,0.0,0.0,0.0,0.0,0.0,0.0,0.0,0.0,0.0,4.2800079190139645e-07,0.0,0.0,7.059909425486149e-06,0.0,0.0,0.0,0.0,0.0,2.0850171021336884e-06,9.930006754111757e-07,0.0,0.0,0.0,0.0,0.0,0.0
1979-02,0.0,0.0,0.0,5.908198343376011e-05,0.0,0.0,0.0,0.0,3.988597791157317e-07,0.0,0.0,0.0,0.0,4.2200082321956075e-06,0.0,0.0,0.0,3.5584027701191996e-07,4.4722778329259887e-07,2.2526599885461657e-06,0.0,0.0,0.0,0.0,0.0,0.0,0.0,5.031488044199111e-07,4.574781093365212e-05,0.0,0.0,0.0,0.0,0.0,0.0,0.0,0.0,0.0,0.0,0.0,0.0,8.060734600608688e-07,0.0,0.0,1.6182117116491646e-06,4.388492845457295e-06,0.0,4.910026405706078e-07,4.5079188964378125e-07,0.0,5.336373314436642e-07,3.698205974363461e-06,0.0,4.668658446484106e-07,1.0711976072166966e-06,0.0,6.640889468236961e-07,6.258348530012864e-07
1979-03,0.0,0.0,0.0,5.057030709827715e-08,0.0,0.0,0.0,0.0,1.9125356683450597e-06,0.0,0.0,0.0,0.0,5.6451559123607554e-08,0.0,0.0,0.0,1.0793954310845886e-08,1.6278002378838225e-08,3.2051558654246084e-08,0.0,0.0,0.0,0.0,0.0,0.0,0.0,1.8963729227619574e-08,3.876038701380869e-08,0.0,0.0,0.0,0.0,0.0,0.0,0.0,0.0,0.0,0.0,0.0,0.0,2.669057477865111e-08,0.0,0.0,4.395622398612117e-07,6.172122230462804e-06,0.0,1.9216843868571227e-08,1.701568571617351e-08,0.0,1.2681300655756553e-06,3.621095054244343e-07,0.0,1.7849826713472324e-08,3.909389644230488e-07,0.0,2.5300909879712177e-08,2.3085890915409967e-08
1979-04,0.0,0.0,0.0,0.0,0.0,0.0,0.0,0.0,1.3882839497939073e-06,0.0,0.0,0.0,0.0,0.0,0.0,0.0,0.0,0.0,0.0,0.0,0.0,0.0,0.0,0.0,0.0,0.0,0.0,0.0,0.0,0.0,0.0,0.0,0.0,0.0,0.0,0.0,0.0,0.0,0.0,0.0,0.0,0.0,0.0,0.0,0.0,0.0,0.0,0.0,0.0,0.0,0.0,0.0,0.0,0.0,2.1717104573181003e-06,0.0,0.0,0.0
1979-05,0.0,0.0,0.0,0.0,0.0,0.0,0.0,0.0,3.5388233101727246e-07,0.0,0.0,0.0,0.0,0.0,0.0,0.0,0.0,0.0,7.942337616064499e-07,0.0,0.0,0.0,0.0,0.0,0.0,0.0,0.0,9.5953445032336e-07,0.0,0.0,0.0,0.0,0.0,0.0,0.0,0.0,0.0,0.0,0.0,0.0,0.0,0.0,0.0,0.0,0.0,0.0,0.0,0.0,0.0,0.0,3.804041135027497e-07,0.0,0.0,0.0,3.0450697845893426e-06,0.0,0.0,0.0
1979-06,0.0,0.0,0.0,2.1075421496943858e-08,0.0,0.0,0.0,0.0,8.66823499816604e-07,0.0,0.0,0.0,0.0,0.0,0.0,0.0,0.0,2.3802917318944266e-07,0.0,0.0,0.0,0.0,0.0,0.0,0.0,0.0,0.0,7.923505056041217e-07,0.0,0.0,0.0,0.0,0.0,0.0,0.0,0.0,0.0,0.0,0.0,0.0,0.0,0.0,0.0,0.0,3.2717343993941828e-06,3.5751050167517687e-06,0.0,0.0,8.402915236449191e-07,0.0,4.866380003665794e-07,1.8273249658403192e-06,0.0,5.662479783332987e-07,0.0,0.0,0.0,0.0
1979-07,0.0,0.0,0.0,0.0,0.0,0.0,0.0,0.0,9.19330372889109e-06,0.0,0.0,0.0,0.0,0.0,0.0,0.0,0.0,1.1012791884889104e-06,1.0289068329284587e-05,0.0,0.0,0.0,0.0,0.0,0.0,0.0,0.0,0.0,0.0,0.0,0.0,0.0,0.0,0.0,0.0,0.0,0.0,0.0,0.0,0.0,0.0,0.0,0.0,0.0,0.0,0.0,0.0,0.0,1.3156409620182081e-06,0.0,0.0,0.0,0.0,1.6928620399705267e-06,0.0,0.0,3.775512137852058e-06,2.463207645504242e-06
1979-08,0.0,0.0,0.0,0.0,0.0,0.0,0.0,0.0,3.698245943311668e-06,0.0,0.0,0.0,0.0,0.0,0.0,0.0,0.0,0.0,0.0,3.6391889600129456e-06,0.0,0.0,0.0,0.0,0.0,0.0,0.0,1.0312927354178132e-06,5.57714911405889e-07,0.0,0.0,0.0,0.0,0.0,0.0,0.0,0.0,0.0,0.0,0.0,0.0,0.0,0.0,0.0,0.0,0.0,0.0,8.137357947879051e-08,1.6436395354142118e-06,0.0,3.1810382011425164e-06,0.0,0.0,1.5009102873358334e-06,2.8759063576724204e-06,0.0,0.0,6.145148873687306e-07
1979-09,0.0,0.0,0.0,0.0,0.0,0.0,0.0,0.0,7.444720132611104e-07,0.0,0.0,0.0,0.0,0.0,0.0,0.0,0.0,0.0,0.0,2.4310167202032525e-06,0.0,0.0,0.0,0.0,0.0,0.0,0.0,1.9912473334132708e-08,1.707646720538969e-06,0.0,0.0,0.0,0.0,0.0,0.0,0.0,0.0,0.0,0.0,0.0,0.0,0.0,0.0,0.0,0.0,3.181895489644579e-06,0.0,0.0,1.414545543206771e-06,0.0,0.0,0.0,0.0,8.918142084791623e-07,0.0,0.0,0.0,0.0
1979-10,0.0,0.0,0.0,8.998080709193556e-06,0.0,0.0,0.0,0.0,4.74526858529143e-06,0.0,0.0,0.0,0.0,0.0,0.0,0.0,0.0,0.0,0.0,0.0,0.0,0.0,0.0,0.0,0.0,0.0,0.0,1.6581538518809052e-06,8.153413780342885e-07,0.0,0.0,0.0,0.0,0.0,0.0,0.0,0.0,0.0,0.0,0.0,0.0,1.523478527584051e-06,0.0,0.0,5.464111618346011e-06,3.3712853799817323e-05,0.0,1.0488110520173317e-06,1.8438810472424238e-06,0.0,2.3493393654424253e-06,5.058370011949278e-06,0.0,2.342836810458361e-06,0.0,0.0,1.0727097138287997e-07,3.444133301468734e-07
1979-11,0.0,0.0,0.0,0.0,0.0,0.0,0.0,0.0,0.0,0.0,0.0,0.0,0.0,0.0,0.0,0.0,0.0,0.0,0.0,0.0,0.0,0.0,0.0,0.0,0.0,0.0,0.0,4.256410220859888e-06,0.0,0.0,0.0,0.0,0.0,0.0,0.0,0.0,0.0,0.0,0.0,0.0,0.0,0.0,0.0,0.0,8.961169316855297e-07,1.3784797400798257e-06,0.0,0.0,1.6657125552176077e-07,0.0,4.6035775828094997e-07,0.0,0.0,4.334966500988829e-07,0.0,0.0,0.0,0.0
1979-12,0.0,0.0,0.0,0.0,0.0,0.0,0.0,0.0,0.0,0.0,0.0,0.0,0.0,0.0,0.0,0.0,0.0,6.453364094362486e-08,0.0,0.0,0.0,0.0,0.0,0.0,0.0,0.0,0.0,5.261713789789787e-06,0.0,0.0,0.0,0.0,0.0,0.0,0.0,0.0,0.0,0.0,0.0,0.0,0.0,5.587964875572449e-08,0.0,0.0,1.4594419189762897e-06,1.2650145157639022e-06,0.0,0.0,0.0,0.0,4.843119960249928e-07,5.630145036896531e-07,0.0,3.818858106097688e-07,0.0,0.0,6.047770263585828e-07,0.0
1980-01,0.0,0.0,0.0,0.0,0.0,0.0,0.0,0.0,0.0,0.0,0.0,0.0,0.0,0.0,0.0,0.0,0.0,8.857557029791456e-07,4.5958730650587367e-07,0.0,0.0,0.0,0.0,0.0,0.0,0.0,0.0,0.0,1.388820113210995e-06,0.0,0.0,0.0,0.0,0.0,0.0,0.0,0.0,0.0,0.0,0.0,0.0,1.8967822271357023e-06,0.0,0.0,9.06921966026406e-06,1.315251765662864e-05,0.0,2.153054790741689e-06,1.5122945447532363e-06,0.0,1.5439807305668782e-06,5.041197614866555e-06,0.0,2.1294312261428172e-06,8.968024951120854e-07,0.0,1.4689138445446935e-06,1.3298684243960717e-06
1980-02,0.0,0.0,0.0,1.9066152197242391e-06,0.0,0.0,0.0,0.0,3.0222141640891957e-06,0.0,0.0,0.0,0.0,3.4834682858471967e-06,0.0,0.0,0.0,8.992800627731534e-06,1.965109865731859e-06,0.0,0.0,0.0,0.0,0.0,0.0,0.0,0.0,7.328309997786657e-06,3.3931473167136196e-06,0.0,0.0,0.0,0.0,0.0,0.0,0.0,0.0,0.0,0.0,0.0,0.0,3.107518003635103e-06,0.0,0.0,7.221826109026063e-06,3.110222492268288e-06,0.0,1.2632868244046407e-06,1.1906774520996749e-06,0.0,3.4604103574491055e-06,2.950953478989254e-06,0.0,1.0035498572697824e-06,3.1955932954671407e-06,0.0,8.407634077297089e-07,2.2392299470493405e-06
1980-03,0.0,0.0,0.0,0.0,0.0,0.0,0.0,0.0,1.955587625939621e-06,0.0,0.0,0.0,0.0,0.0,0.0,0.0,0.0,0.0,0.0,0.0,0.0,0.0,0.0,0.0,0.0,0.0,0.0,2.1840047693590382e-06,0.0,0.0,0.0,0.0,0.0,0.0,0.0,0.0,0.0,0.0,0.0,0.0,0.0,2.827861185557279e-08,0.0,0.0,0.0,5.753867214346349e-07,0.0,3.2477353098071815e-07,6.555181160512493e-07,0.0,3.141307834056417e-07,2.7796912881245215e-06,0.0,5.679563472305027e-07,0.0,0.0,4.99256708585076e-07,1.2412164922149388e-07
1980-04,0.0,0.0,0.0,5.9092942848629135e-06,0.0,0.0,0.0,0.0,9.896206193975077e-06,0.0,0.0,0.0,0.0,4.609519548895477e-06,0.0,0.0,0.0,1.905158742443295e-06,2.121224020513679e-06,1.0970387739829938e-06,0.0,0.0,0.0,0.0,0.0,0.0,0.0,1.2460584055642849e-06,1.4306139200005523e-06,0.0,0.0,0.0,0.0,0.0,0.0,0.0,0.0,0.0,0.0,0.0,0.0,1.2115005015637809e-06,0.0,0.0,1.5224741547180816e-06,8.426616472084585e-08,0.0,7.383502808617041e-07,7.627855344033985e-07,0.0,8.623186217770612e-07,4.5402682951247233e-07,0.0,7.85867961654238e-07,9.849503357099617e-07,0.0,9.486232858194125e-07,7.846104405516905e-07
1980-05,0.0,0.0,0.0,6.658857784706818e-08,0.0,0.0,0.0,0.0,0.0,0.0,0.0,0.0,0.0,2.7898263085278583e-06,0.0,0.0,0.0,0.0,0.0,0.0,0.0,0.0,0.0,0.0,0.0,0.0,0.0,3.5716608846396022e-06,2.4190251901363424e-06,0.0,0.0,0.0,0.0,0.0,0.0,0.0,0.0,0.0,0.0,0.0,0.0,0.0,0.0,0.0,0.0,3.1193583048221675e-06,0.0,7.466700104515334e-07,0.0,0.0,0.0,1.070687524817246e-07,0.0,1.3905669039613114e-07,0.0,0.0,0.0,0.0
1980-06,0.0,0.0,0.0,8.479403819165593e-07,0.0,0.0,0.0,0.0,1.1890513853195505e-06,0.0,0.0,0.0,0.0,0.0,0.0,0.0,0.0,0.0,0.0,0.0,0.0,0.0,0.0,0.0,0.0,0.0,0.0,8.094123909201278e-06,0.0,0.0,0.0,0.0,0.0,0.0,0.0,0.0,0.0,0.0,0.0,0.0,0.0,0.0,0.0,0.0,0.0,0.0,0.0,0.0,8.214883911880529e-07,0.0,4.019226655008895e-07,0.0,0.0,4.340510228434992e-07,0.0,0.0,0.0,1.0552304365272492e-06
1980-07,0.0,0.0,0.0,0.0,0.0,0.0,0.0,0.0,1.9391947131895196e-06,0.0,0.0,0.0,0.0,0.0,0.0,0.0,0.0,7.802948702191788e-07,6.359376735888458e-07,0.0,0.0,0.0,0.0,0.0,0.0,0.0,0.0,0.0,0.0,0.0,0.0,0.0,0.0,0.0,0.0,0.0,0.0,0.0,0.0,0.0,0.0,0.0,0.0,0.0,2.041753835476487e-06,0.0,0.0,0.0,2.283519452214191e-06,0.0,0.0,0.0,0.0,2.249420624451881e-06,0.0,0.0,0.0,0.0
1980-08,0.0,0.0,0.0,0.0,0.0,0.0,0.0,0.0,1.5607542833276089e-06,0.0,0.0,0.0,0.0,0.0,0.0,0.0,0.0,2.8315817225309445e-06,3.1383243363065987e-06,4.491169850168106e-07,0.0,0.0,0.0,0.0,0.0,0.0,0.0,1.4698111698297142e-06,0.0,0.0,0.0,0.0,0.0,0.0,0.0,0.0,0.0,0.0,0.0,0.0,0.0,0.0,0.0,0.0,0.0,0.0,0.0,0.0,0.0,0.0,0.0,3.315284260548088e-07,0.0,3.3382434517428147e-07,0.0,0.0,0.0,1.480019143054786e-06
1980-09,0.0,0.0,0.0,0.0,0.0,0.0,0.0,0.0,4.063004948716157e-06,0.0,0.0,0.0,0.0,0.0,0.0,0.0,0.0,0.0,1.9036558359078921e-06,2.6888666991114892e-06,0.0,0.0,0.0,0.0,0.0,0.0,0.0,0.0,0.0,0.0,0.0,0.0,0.0,0.0,0.0,0.0,0.0,0.0,0.0,0.0,0.0,0.0,0.0,0.0,0.0,0.0,0.0,1.0994243729798987e-06,1.0616193535128646e-07,0.0,0.0,0.0,0.0,7.051088717539185e-07,0.0,0.0,4.902325585764839e-07,0.0
1980-10,0.0,0.0,0.0,0.0,0.0,0.0,0.0,0.0,0.0,0.0,0.0,0.0,0.0,0.0,0.0,0.0,0.0,0.0,1.0941426912448645e-06,1.9447809793281394e-06,0.0,0.0,0.0,0.0,0.0,0.0,0.0,0.0,0.0,0.0,0.0,0.0,0.0,0.0,0.0,0.0,0.0,0.0,0.0,0.0,0.0,0.0,0.0,0.0,0.0,1.3508274152828036e-06,0.0,1.1312376253218779e-06,0.0,0.0,0.0,0.0,0.0,4.869802144911798e-07,2.461689738310555e-07,0.0,0.0,2.212259067377629e-06
1980-11,0.0,0.0,0.0,0.0,0.0,0.0,0.0,0.0,0.0,0.0,0.0,0.0,0.0,1.3873889971847132e-06,0.0,0.0,0.0,9.992542407342293e-07,6.360668097435997e-07,1.3932101747975746e-06,0.0,0.0,0.0,0.0,0.0,0.0,0.0,3.745498137548015e-09,1.3980591948258501e-06,0.0,0.0,0.0,0.0,0.0,0.0,0.0,0.0,0.0,0.0,0.0,0.0,0.0,0.0,0.0,0.0,0.0,0.0,0.0,0.0,0.0,0.0,5.816794758667209e-07,0.0,0.0,3.764842719915923e-07,0.0,0.0,0.0
1980-12,0.0,0.0,0.0,0.0,0.0,0.0,0.0,0.0,0.0,0.0,0.0,0.0,0.0,5.5644193275458665e-08,0.0,0.0,0.0,7.618816153580482e-07,1.0779182972955136e-06,8.220838507619899e-07,0.0,0.0,0.0,0.0,0.0,0.0,0.0,0.0,3.7709326354297414e-07,0.0,0.0,0.0,0.0,0.0,0.0,0.0,0.0,0.0,0.0,0.0,0.0,2.537871906621525e-06,0.0,0.0,0.0,0.0,0.0,0.0,0.0,0.0,0.0,8.371348244682296e-08,0.0,0.0,7.428475061155016e-07,0.0,0.0,0.0
1981-01,0.0,0.0,0.0,0.0,0.0,0.0,0.0,0.0,3.244943406893741e-06,0.0,0.0,0.0,0.0,0.0,0.0,0.0,0.0,5.16447038962451e-07,0.0,0.0,0.0,0.0,0.0,0.0,0.0,0.0,0.0,0.0,0.0,0.0,0.0,0.0,0.0,0.0,0.0,0.0,0.0,0.0,0.0,0.0,0.0,2.004060586493918e-06,0.0,0.0,0.0,0.0,0.0,0.0,0.0,0.0,2.24243614848213e-08,0.0,0.0,0.0,0.0,0.0,0.0,0.0
1981-02,0.0,0.0,0.0,1.2423890139818386e-05,0.0,0.0,0.0,0.00010565208846424785,5.816345634201525e-06,0.0,0.0,0.0,0.0,2.048023019720728e-06,0.0,0.0,3.541572607002999e-05,2.3285711910510826e-05,2.00628624104871e-06,1.2686717800484659e-06,0.0,0.0,0.0,0.0,0.0,0.0,0.0,5.272127169921991e-07,1.5907533323747115e-06,0.0,0.0,0.0,0.0,0.0,3.8919031674580606e-05,0.0,0.0,0.0,0.0,0.0,0.0,5.6506204716028494e-06,0.0,2.6899876139839147e-05,7.085359201025164e-07,3.838928155212784e-07,0.0,1.0102291323075933e-06,2.2857067964140615e-06,0.0,5.2455544572301495e-06,1.6758162351715802e-08,0.0,2.020648806281524e-06,1.1922202655814986e-06,0.0,1.6640574500750642e-06,2.308011493319398e-06
1981-03,0.0,0.0,0.0,1.0925764015855265e-06,0.0,0.0,0.0,2.259689683042035e-06,6.448174896236738e-07,0.0,0.0,0.0,0.0,8.757508263359595e-07,0.0,0.0,7.44828811457196e-07,3.875294045078675e-07,3.252951366071212e-07,4.605279430107932e-07,0.0,0.0,0.0,0.0,0.0,0.0,0.0,1.4610534960724127e-07,6.688232717463049e-07,0.0,0.0,0.0,0.0,0.0,7.868133218151344e-07,0.0,0.0,0.0,0.0,0.0,0.0,7.448603256751049e-07,0.0,5.64085116372532e-07,2.8962815053238005e-07,4.768676644811131e-07,0.0,4.574460719044722e-07,4.855867443369806e-07,0.0,8.283225575571284e-07,1.2992727402131276e-07,0.0,6.607383718671076e-07,5.058016888727473e-07,0.0,5.17194581242917e-07,3.8016244648806516e-07
1981-04,0.0,0.0,0.0,0.0,0.0,0.0,0.0,0.0,0.0,0.0,0.0,0.0,0.0,0.0,0.0,0.0,7.930360466128217e-08,8.894406427470848e-07,0.0,0.0,0.0,0.0,0.0,0.0,0.0,0.0,0.0,1.3516330113699672e-06,0.0,0.0,0.0,0.0,0.0,0.0,0.0,0.0,0.0,0.0,0.0,0.0,0.0,0.0,0.0,0.0,0.0,4.376646244019398e-07,0.0,0.0,0.0,0.0,0.0,0.0,0.0,0.0,0.0,0.0,7.847531280752822e-07,0.0
1981-05,0.0,0.0,0.0,9.943173720898535e-08,0.0,0.0,0.0,2.133767713035223e-07,5.618012967664038e-08,0.0,0.0,0.0,0.0,7.918564608191264e-08,0.0,0.0,6.731344217413698e-08,2.7746986257428525e-08,1.931613169838392e-07,4.54917765177823e-08,0.0,0.0,0.0,0.0,0.0,0.0,0.0,1.5120917593110188e-06,6.024400696277855e-08,0.0,0.0,0.0,0.0,0.0,6.938561193776949e-08,0.0,0.0,0.0,0.0,0.0,0.0,5.776969457499046e-08,0.0,5.126468169030021e-08,2.68509031261608e-08,2.5355538493361267e-07,0.0,4.1290012990146534e-08,4.754952823168845e-08,0.0,4.859857492900757e-08,1.92798953686079e-08,0.0,5.095769118082169e-08,4.794610080307779e-08,0.0,4.796690607822979e-08,3.492145809938854e-08
1981-06,0.0,0.0,0.0,0.0,0.0,0.0,0.0,0.0,0.0,0.0,0.0,0.0,0.0,0.0,0.0,0.0,0.0,2.0978135049549465e-07,0.0,0.0,0.0,0.0,0.0,0.0,0.0,0.0,0.0,0.0,0.0,0.0,0.0,0.0,0.0,0.0,0.0,0.0,0.0,0.0,0.0,0.0,0.0,0.0,0.0,0.0,0.0,1.9684559308756015e-07,0.0,0.0,0.0,0.0,0.0,0.0,0.0,0.0,0.0,0.0,0.0,4.148035012123755e-08
1981-07,0.0,0.0,0.0,4.427583903523463e-06,0.0,0.0,0.0,4.365521966889663e-06,1.4611772545764165e-06,0.0,0.0,0.0,0.0,9.874412418479501e-07,0.0,0.0,2.8333773040158803e-07,1.0702521842050582e-07,1.0012704455004788e-07,6.411796212442075e-07,0.0,0.0,0.0,0.0,0.0,0.0,0.0,7.438604720193947e-08,2.644593598244982e-07,0.0,0.0,0.0,0.0,0.0,1.5293587028521321e-06,0.0,0.0,0.0,0.0,0.0,0.0,2.3139183661598576e-07,0.0,2.2049552795672458e-07,1.0312644206928075e-07,7.699362316106696e-07,0.0,1.6537873704995307e-07,1.8439484504439996e-07,0.0,2.0242105066825903e-07,7.1148161867127386e-09,0.0,2.0103704412432686e-07,2.088608774404102e-07,0.0,1.8159405396916614e-07,1.5314734296882626e-07
1981-08,0.0,0.0,0.0,3.8521702077936454e-07,0.0,0.0,0.0,2.3207858059517554e-06,2.5027788649587336e-07,0.0,0.0,0.0,0.0,3.420701985464986e-07,0.0,0.0,1.974883508409381e-06,1.218222222384123e-07,3.372642584012476e-06,1.950159363354083e-07,0.0,0.0,0.0,0.0,0.0,0.0,0.0,8.876412009129962e-08,2.763312593909648e-07,0.0,0.0,0.0,0.0,0.0,3.2343555356723065e-07,0.0,0.0,0.0,0.0,0.0,0.0,2.576851796471033e-07,0.0,2.4320489183520325e-07,1.0646726045662747e-07,5.8349496607107074e-08,0.0,1.8787372868368097e-07,2.1065755936216722e-07,0.0,2.310960229827512e-07,2.6133611873360373e-07,0.0,2.3035030144064398e-07,2.32563754332258e-07,0.0,2.08939965331556e-07,1.6919627677410357e-07
1981-09,0.0,0.0,0.0,2.2554321602839822e-07,0.0,0.0,0.0,1.206272678978286e-05,1.3271860846988948e-07,0.0,0.0,0.0,0.0,2.0135867098720201e-07,0.0,0.0,1.884795054724678e-07,6.614689884002628e-08,5.921385796821797e-08,9.681507952996605e-08,0.0,0.0,0.0,0.0,0.0,0.0,0.0,1.2850567234574457e-06,1.6087668805406934e-07,0.0,0.0,0.0,0.0,0.0,1.7843984496471178e-07,0.0,0.0,0.0,0.0,0.0,0.0,1.3552572936842422e-07,0.0,1.4809771229412282e-07,6.55017826179851e-08,4.0253958013103385e-08,0.0,7.168752068159972e-07,1.0802494381428538e-07,0.0,1.3479307701146083e-07,5.0484855040125455e-08,0.0,1.2132044919695855e-07,1.4062738338448122e-07,0.0,1.1684323969719454e-07,2.5592827203541405e-07
1981-10,0.0,0.0,0.0,0.0,0.0,0.0,0.0,0.0,0.0,0.0,0.0,0.0,0.0,2.3414763709742463e-06,0.0,0.0,0.0,0.0,2.7694063536073453e-06,1.3892059050353047e-06,0.0,0.0,0.0,0.0,0.0,0.0,0.0,7.384330370331614e-07,0.0,0.0,0.0,0.0,0.0,0.0,0.0,0.0,0.0,0.0,0.0,0.0,0.0,3.473262139348822e-07,0.0,0.0,0.0,0.0,0.0,8.287170885057649e-07,0.0,0.0,0.0,0.0,0.0,0.0,0.0,0.0,0.0,0.0
1981-11,0.0,0.0,0.0,0.0,0.0,0.0,0.0,0.0,0.0,0.0,0.0,0.0,0.0,0.0,0.0,0.0,1.3892914959323933e-06,1.390384222368056e-07,7.691266483964288e-07,1.0669711848283332e-06,0.0,0.0,0.0,0.0,0.0,0.0,0.0,7.559058539099821e-07,1.984914244094263e-06,0.0,0.0,0.0,0.0,0.0,0.0,0.0,0.0,0.0,0.0,0.0,0.0,1.2771435240746462e-06,0.0,0.0,0.0,0.0,0.0,8.974289595487968e-07,0.0,0.0,2.9332045189035053e-06,9.862289817479438e-07,0.0,0.0,0.0,0.0,0.0,0.0
1981-12,0.0,0.0,0.0,0.0,0.0,0.0,0.0,0.0,4.130843474370247e-07,0.0,0.0,0.0,0.0,0.0,0.0,0.0,0.0,0.0,0.0,0.0,0.0,0.0,0.0,0.0,0.0,0.0,0.0,0.0,0.0,0.0,0.0,0.0,0.0,0.0,4.775147931772292e-06,0.0,0.0,0.0,0.0,0.0,0.0,1.8342120972487004e-06,0.0,4.999155335041785e-07,1.3540358605010002e-06,8.506673571813568e-07,0.0,1.602119549582351e-06,4.7593001757835485e-07,0.0,0.0,7.825267074590865e-07,0.0,8.959074615666994e-07,0.0,0.0,2.2395329502030923e-07,4.660709756809066e-07
1982-01,0.0,0.0,0.0,0.0,0.0,0.0,0.0,0.0,0.0,0.0,0.0,0.0,0.0,0.0,0.0,0.0,0.0,0.0,1.309180035878238e-06,0.0,0.0,0.0,0.0,0.0,0.0,0.0,0.0,0.0,0.0,0.0,0.0,0.0,0.0,0.0,4.183330655040396e-07,0.0,0.0,0.0,0.0,0.0,0.0,0.0,0.0,0.0,0.0,0.0,0.0,1.7806562640822546e-07,0.0,0.0,0.0,0.0,0.0,0.0,0.0,0.0,7.141489183093465e-07,0.0
1982-02,0.0,0.0,0.0,0.0,0.0,0.0,0.0,0.0,0.0,0.0,0.0,0.0,0.0,1.4345885141934107e-06,0.0,0.0,0.0,0.0,6.377402491881123e-07,0.0,0.0,0.0,0.0,0.0,0.0,0.0,0.0,0.0,0.0,0.0,0.0,0.0,0.0,0.0,0.0,0.0,0.0,0.0,0.0,0.0,0.0,0.0,0.0,0.0,7.232807843122538e-07,0.0,0.0,0.0,0.0,0.0,4.028555540173152e-07,6.690356151861435e-07,0.0,0.0,1.294792761150042e-07,0.0,1.2467177784180294e-06,7.70015307587045e-08
1982-03,0.0,0.0,0.0,0.0,0.0,0.0,0.0,2.858689014277341e-06,0.0,0.0,0.0,0.0,0.0,0.0,0.0,0.0,0.0,0.0,1.6782565572598351e-06,7.461509424670082e-07,0.0,0.0,0.0,0.0,0.0,0.0,0.0,0.0,0.0,0.0,0.0,0.0,0.0,0.0,6.077510739128448e-07,0.0,0.0,0.0,0.0,0.0,0.0,0.0,0.0,1.2527053370750967e-06,2.1852120703776818e-07,1.8765115838703663e-09,0.0,2.1202219114479366e-07,0.0,0.0,6.796466087114518e-07,1.6218758005641028e-07,0.0,0.0,2.3843312729772275e-06,0.0,3.1328310976603755e-07,0.0
1982-04,0.0,0.0,0.0,0.0,0.0,0.0,0.0,0.0,0.0,0.0,0.0,0.0,0.0,0.0,0.0,0.0,2.7513537088586644e-07,0.0,0.0,0.0,0.0,0.0,0.0,0.0,0.0,0.0,0.0,3.516442593936107e-07,0.0,0.0,0.0,0.0,0.0,0.0,5.360991061934967e-07,0.0,0.0,0.0,0.0,0.0,0.0,0.0,0.0,1.168273619312401e-06,1.1666955780422918e-06,6.081003016295759e-07,0.0,1.5014236170883543e-07,0.0,0.0,8.49186290599005e-07,7.853569030152868e-07,0.0,0.0,2.206867846524272e-06,0.0,0.0,2.0514699986978293e-06
1982-05,0.0,0.0,0.0,0.0,0.0,0.0,0.0,0.0,0.0,0.0,0.0,0.0,0.0,0.0,0.0,0.0,0.0,0.0,0.0,2.110944873786696e-06,0.0,0.0,0.0,0.0,0.0,0.0,0.0,1.6891245859962621e-06,0.0,0.0,0.0,0.0,0.0,0.0,4.934800932501968e-07,0.0,0.0,0.0,0.0,0.0,0.0,0.0,0.0,0.0,0.0,4.6083953278763194e-07,0.0,0.0,0.0,0.0,0.0,2.0793050048608513e-07,0.0,0.0,2.2535414722476763e-07,0.0,7.043915772255022e-07,1.5120930906353283e-06
1982-06,0.0,0.0,0.0,0.0,0.0,0.0,0.0,0.0,0.0,0.0,0.0,0.0,0.0,0.0,0.0,0.0,0.0,0.0,1.2715596204439066e-06,0.0,0.0,0.0,0.0,0.0,0.0,0.0,0.0,9.156826420758154e-07,0.0,0.0,0.0,0.0,0.0,0.0,9.96067119508684e-07,0.0,0.0,0.0,0.0,0.0,0.0,0.0,0.0,0.0,2.1202278180858235e-07,5.037964173157037e-07,0.0,0.0,0.0,0.0,0.0,7.422332765431132e-07,0.0,0.0,2.1697496167079854e-06,0.0,7.816905206758582e-07,1.070827654907857e-06
1982-07,0.0,0.0,0.0,0.0,0.0,0.0,0.0,4.718328687532136e-06,0.0,0.0,0.0,0.0,0.0,0.0,0.0,0.0,0.0,0.0,0.0,0.0,0.0,0.0,0.0,0.0,0.0,0.0,0.0,8.594435242928293e-08,1.3868184289805852e-08,0.0,0.0,0.0,0.0,0.0,1.1601272982179889e-07,0.0,0.0,0.0,0.0,0.0,0.0,2.207301504273708e-07,0.0,0.0,0.0,2.4831755951993175e-08,0.0,0.0,0.0,0.0,9.608207211735872e-07,0.0,0.0,0.0,0.0,0.0,3.025219857189527e-06,0.0
1982-08,0.0,0.0,0.0,0.0,0.0,0.0,0.0,1.0525996816578023e-05,0.0,0.0,0.0,0.0,0.0,0.0,0.0,0.0,0.0,0.0,0.0,5.852075335358864e-07,0.0,0.0,0.0,0.0,0.0,0.0,0.0,3.800345661341964e-07,5.947616158721858e-08,0.0,0.0,0.0,0.0,0.0,1.925836802612657e-06,0.0,0.0,0.0,0.0,0.0,0.0,1.5602977745228439e-06,0.0,1.0272428799458742e-06,0.0,0.0,0.0,0.0,0.0,0.0,0.0,0.0,0.0,0.0,0.0,0.0,8.150438014700376e-07,1.200818292200801e-06
1982-09,0.0,0.0,0.0,0.0,0.0,0.0,0.0,6.653837019345299e-07,0.0,0.0,0.0,0.0,0.0,0.0,0.0,0.0,0.0,0.0,0.0,6.36473315481386e-07,0.0,0.0,0.0,0.0,0.0,0.0,0.0,1.3621767541512742e-06,1.3138994783390908e-06,0.0,0.0,0.0,0.0,0.0,2.5493875783781165e-06,0.0,0.0,0.0,0.0,0.0,0.0,2.1998294158518083e-06,0.0,0.0,1.071466896588085e-06,3.2207818565724475e-07,0.0,2.4935965370604246e-06,9.560907364749016e-07,0.0,1.330148060037676e-06,0.0,0.0,1.0495951210136093e-06,0.0,0.0,2.52301154067279e-06,0.0
1982-10,0.0,0.0,0.0,0.0,0.0,0.0,0.0,3.931095519695782e-06,0.0,0.0,0.0,0.0,0.0,0.0,0.0,0.0,0.0,0.0,1.7057520418751193e-06,1.4425541514382148e-06,0.0,0.0,0.0,0.0,0.0,0.0,0.0,6.173030154150265e-07,1.32813566657327e-06,0.0,0.0,0.0,0.0,0.0,4.295577542559569e-06,0.0,0.0,0.0,0.0,0.0,0.0,0.0,0.0,0.0,0.0,0.0,0.0,3.458266407184163e-07,3.3026231005208946e-07,0.0,5.017606336968072e-07,1.0738463392276423e-06,0.0,2.21482232548878e-07,0.0,0.0,1.1299475343550733e-06,0.0
1982-11,0.0,0.0,0.0,0.0,0.0,0.0,0.0,0.0,2.622824417777593e-07,0.0,0.0,0.0,0.0,1.4838420113453613e-06,0.0,0.0,2.1786131305782526e-06,0.0,0.0,0.0,0.0,0.0,0.0,0.0,0.0,0.0,0.0,0.0,2.378616139526807e-06,0.0,0.0,0.0,0.0,0.0,1.7474527894921975e-06,0.0,0.0,0.0,0.0,0.0,0.0,1.5951887987874086e-06,0.0,0.0,0.0,1.4826438710889897e-06,0.0,7.644599823758078e-07,0.0,0.0,1.943476898761426e-06,8.968251294716283e-08,0.0,1.0099840517453876e-06,6.89332930415898e-07,0.0,9.348886711714848e-07,0.0
1982-12,0.0,0.0,0.0,3.2773131479127e-06,0.0,0.0,0.0,0.0,1.4729656949448305e-06,0.0,0.0,0.0,0.0,0.0,0.0,0.0,0.0,0.0,0.0,0.0,0.0,0.0,0.0,0.0,0.0,0.0,0.0,0.0,0.0,0.0,0.0,0.0,0.0,0.0,0.0,0.0,0.0,0.0,0.0,0.0,0.0,0.0,0.0,0.0,0.0,0.0,0.0,1.2119897958021605e-06,0.0,0.0,0.0,4.798605010654846e-07,0.0,0.0,2.8912562328061233e-07,0.0,0.0,0.0
1983-01,0.0,0.0,0.0,8.826924843609308e-08,0.0,0.0,0.0,0.0,6.529077298262493e-08,0.0,0.0,0.0,0.0,0.0,0.0,0.0,1.8984104717281458e-06,0.0,0.0,0.0,0.0,0.0,0.0,0.0,0.0,0.0,0.0,1.1891803311847357e-06,0.0,0.0,0.0,0.0,0.0,0.0,0.0,0.0,0.0,0.0,0.0,0.0,0.0,0.0,0.0,0.0,0.0,0.0,0.0,1.1989223665964665e-06,0.0,0.0,0.0,0.0,0.0,1.402190505131219e-07,0.0,0.0,9.375276839268774e-07,0.0
1983-02,0.0,0.0,0.0,2.1666569461084933e-06,0.0,0.0,0.0,0.0,3.0892734360446937e-06,0.0,0.0,0.0,0.0,0.0,0.0,0.0,0.0,7.078704645489247e-07,2.8287997685658496e-07,0.0,0.0,0.0,0.0,0.0,0.0,0.0,0.0,1.952312827400927e-06,0.0,0.0,0.0,0.0,0.0,0.0,0.0,0.0,0.0,0.0,0.0,0.0,0.0,9.330870664360399e-07,0.0,0.0,0.0,1.6092751829472098e-06,0.0,0.0,0.0,0.0,5.243545703088846e-07,3.4178200798304343e-06,0.0,0.0,4.922365576593355e-07,0.0,0.0,0.0
1983-03,0.0,0.0,0.0,0.0,0.0,0.0,0.0,0.0,0.0,0.0,0.0,0.0,0.0,0.0,0.0,0.0,0.0,0.0,0.0,0.0,0.0,0.0,0.0,0.0,0.0,0.0,0.0,0.0,0.0,0.0,0.0,0.0,0.0,0.0,0.0,0.0,0.0,0.0,0.0,0.0,0.0,1.0238049285601e-06,0.0,0.0,1.1182144684669105e-06,0.0,0.0,0.0,0.0,0.0,1.0933474432709354e-06,0.0,0.0,0.0,0.0,0.0,8.462684770908017e-07,0.0
1983-04,0.0,0.0,0.0,6.108092574363018e-06,0.0,0.0,0.0,8.110505129127408e-06,0.0,0.0,0.0,0.0,0.0,6.238159109796631e-06,0.0,0.0,0.0,3.2452413258622637e-07,7.99533849032006e-07,1.7244830847118058e-06,0.0,0.0,0.0,0.0,0.0,0.0,0.0,0.0,4.621003075236573e-06,0.0,0.0,0.0,0.0,0.0,0.0,0.0,0.0,0.0,0.0,0.0,0.0,1.1210334706137914e-06,0.0,4.058067337284268e-06,3.7242636051371716e-06,3.254271325162407e-06,0.0,0.0,0.0,0.0,1.8210185066189037e-06,3.633907311689494e-06,0.0,0.0,0.0,0.0,0.0,2.571591443532181e-06
1983-05,0.0,0.0,0.0,0.0,0.0,0.0,0.0,0.0,0.0,0.0,0.0,0.0,0.0,6.092299030809163e-06,0.0,0.0,0.0,2.517310568353019e-07,0.0,0.0,0.0,0.0,0.0,0.0,0.0,0.0,0.0,0.0,5.0065715098530015e-06,0.0,0.0,0.0,0.0,0.0,1.5073187148869973e-06,0.0,0.0,0.0,0.0,0.0,0.0,0.0,0.0,1.1320341752483894e-06,0.0,0.0,0.0,0.0,0.0,0.0,1.5989095751340819e-06,0.0,0.0,0.0,0.0,0.0,4.954770274228498e-07,9.331739597327089e-07
1983-06,0.0,0.0,0.0,0.0,0.0,0.0,0.0,9.105502197036486e-06,0.0,0.0,0.0,0.0,0.0,3.977035867485386e-06,0.0,0.0,2.2303669925799672e-06,0.0,0.0,4.634009863122984e-07,0.0,0.0,0.0,0.0,0.0,0.0,0.0,8.108286912408724e-06,2.953075906275318e-06,0.0,0.0,0.0,0.0,0.0,2.817579645549892e-06,0.0,0.0,0.0,0.0,0.0,0.0,0.0,0.0,2.8759105235686005e-06,1.511509113480903e-06,0.0,0.0,3.468183244822697e-07,1.5958773691350376e-06,0.0,3.6302415589259952e-06,0.0,0.0,2.2515816775147793e-06,0.0,0.0,2.6405187527474526e-06,1.6313651013147927e-06
1983-07,0.0,0.0,0.0,5.896656043943086e-07,0.0,0.0,0.0,1.6659269338519523e-06,1.7525153326508615e-08,0.0,0.0,0.0,0.0,1.559796764369424e-06,0.0,0.0,7.785765541741263e-07,1.2014748868410462e-07,8.38910844241236e-07,0.0,0.0,0.0,0.0,0.0,0.0,0.0,0.0,0.0,1.1716082518904367e-06,0.0,0.0,0.0,0.0,0.0,4.343512793955964e-07,0.0,0.0,0.0,0.0,0.0,0.0,0.0,0.0,1.9153397940275957e-06,2.324078976077601e-06,1.4210588477530616e-06,0.0,4.236630935664787e-07,6.363963592672557e-07,0.0,0.0,5.598075190497709e-07,0.0,1.0261151965871123e-06,1.11352159290495e-06,0.0,5.936135089388804e-07,1.8118480555885872e-06
1983-08,0.0,0.0,0.0,1.5199771471456347e-06,0.0,0.0,0.0,3.041099129631658e-06,7.345899939811402e-06,0.0,0.0,0.0,0.0,2.7632581137458852e-06,0.0,0.0,1.8000812414275674e-06,0.0,9.558232956309378e-07,6.156813607732827e-07,0.0,0.0,0.0,0.0,0.0,0.0,0.0,1.2157244053787043e-07,2.0888246789597804e-06,0.0,0.0,0.0,0.0,0.0,3.177069691996645e-06,0.0,0.0,0.0,0.0,0.0,0.0,0.0,0.0,1.1645904031690261e-06,7.949878764219112e-07,1.4780941785198094e-07,0.0,2.884273694181809e-07,0.0,0.0,0.0,0.0,0.0,0.0,7.983307905899406e-07,0.0,0.0,1.2987686032996693e-06
1983-09,0.0,0.0,0.0,6.870318598496586e-06,0.0,0.0,0.0,8.492274132632885e-06,5.5758656516564085e-06,0.0,0.0,0.0,0.0,4.981640098977405e-06,0.0,0.0,4.4174876853113885e-06,7.884594161564045e-07,9.407308021033498e-07,4.4353145185489875e-06,0.0,0.0,0.0,0.0,0.0,0.0,0.0,1.8516163145427585e-06,4.34317083241232e-06,0.0,0.0,0.0,0.0,0.0,2.636025586273683e-06,0.0,0.0,0.0,0.0,0.0,0.0,2.2329599834348264e-07,0.0,3.9642402813355665e-06,1.7852290696954917e-06,8.010780122312475e-07,0.0,1.935657698581162e-05,1.0427170627346008e-06,0.0,0.0,1.1418618713643844e-06,0.0,9.462483388640656e-06,3.6957066135322113e-06,0.0,1.8065310065602804e-08,0.0
1983-10,0.0,0.0,0.0,3.023832766651385e-08,0.0,0.0,0.0,5.909965028603886e-07,2.381677698277143e-06,0.0,0.0,0.0,0.0,0.0,0.0,0.0,0.0,0.0,0.0,0.0,0.0,0.0,0.0,0.0,0.0,0.0,0.0,1.2191815115856312e-06,0.0,0.0,0.0,0.0,0.0,0.0,0.0,0.0,0.0,0.0,0.0,0.0,0.0,0.0,0.0,0.0,1.2092191646275488e-06,2.77145352767383e-06,0.0,0.0,0.0,0.0,0.0,1.4375972956500208e-06,0.0,0.0,0.0,0.0,3.1584423283798485e-06,2.3404370274607497e-06
1983-11,0.0,0.0,0.0,0.0,0.0,0.0,0.0,0.0,0.0,0.0,0.0,0.0,0.0,0.0,0.0,0.0,0.0,0.0,0.0,7.77334704100234e-07,0.0,0.0,0.0,0.0,0.0,0.0,0.0,1.1445060793675699e-06,0.0,0.0,0.0,0.0,0.0,0.0,0.0,0.0,0.0,0.0,0.0,0.0,0.0,0.0,0.0,7.75675912103653e-07,6.450800640352382e-07,2.3428880934985644e-06,0.0,0.0,0.0,0.0,0.0,6.242034929729162e-07,0.0,0.0,0.0,0.0,8.750013271247789e-07,0.0
1983-12,0.0,0.0,0.0,0.0,0.0,0.0,0.0,0.0,0.0,0.0,0.0,0.0,0.0,0.0,0.0,0.0,0.0,0.0,0.0,0.0,0.0,0.0,0.0,0.0,0.0,0.0,0.0,0.0,0.0,0.0,0.0,0.0,0.0,0.0,0.0,0.0,0.0,0.0,0.0,0.0,0.0,0.0,0.0,3.0716899284763815e-06,0.0,0.0,0.0,0.0,0.0,0.0,0.0,0.0,0.0,0.0,0.0,0.0,1.311814534718965e-06,0.0
1984-01,0.0,0.0,0.0,1.1246843324348374e-06,0.0,0.0,0.0,0.0,0.0,0.0,0.0,0.0,0.0,2.3160963619466707e-07,0.0,0.0,0.0,1.5328079197383868e-06,0.0,9.105854151444625e-07,0.0,0.0,0.0,0.0,0.0,0.0,0.0,1.5712461308999161e-06,0.0,0.0,0.0,0.0,0.0,0.0,0.0,0.0,0.0,0.0,0.0,0.0,0.0,0.0,0.0,1.5104911032601115e-06,0.0,0.0,0.0,0.0,2.892517670339892e-07,0.0,0.0,0.0,0.0,0.0,2.2094921118596817e-06,0.0,0.0,0.0
1984-02,0.0,0.0,0.0,0.0,0.0,0.0,1.76202133129446e-05,0.0,0.0,0.0,0.0,0.0,0.0,1.4298234334635813e-07,0.0,0.0,0.0,2.6671620088736593e-06,1.0649541102866859e-06,0.0,0.0,0.0,0.0,5.609344408916167e-05,0.0,0.0,0.0,0.0,0.0,0.0,0.0,0.0,0.0,0.0,0.0,0.0,0.0,0.0,0.0,0.0,0.0,0.0,0.0,4.090497624521621e-06,0.0,0.0,0.0,0.0,4.80860157358428e-07,0.0,0.0,0.0,0.0,0.0,2.9046913816497474e-06,0.0,0.0,0.0
1984-03,0.0,0.0,0.0,0.0,0.0,0.0,0.0,0.0,0.0,0.0,0.0,0.0,0.0,0.0,0.0,0.0,0.0,0.0,3.325315060499906e-07,0.0,0.0,0.0,0.0,0.0,0.0,0.0,0.0,1.5433300828572964e-06,0.0,0.0,0.0,0.0,0.0,0.0,0.0,0.0,0.0,0.0,0.0,0.0,0.0,0.0,0.0,0.0,0.0,0.0,0.0,0.0,3.8505621433921474e-07,0.0,0.0,0.0,0.0,0.0,1.7517164815926413e-06,0.0,0.0,0.0
1984-04,0.0,0.0,0.0,0.0,0.0,0.0,0.0,0.0,0.0,0.0,0.0,0.0,0.0,0.0,0.0,0.0,0.0,0.0,3.1636041280715815e-07,0.0,0.0,0.0,0.0,0.0,0.0,0.0,0.0,6.883651607339502e-08,0.0,0.0,0.0,0.0,0.0,0.0,0.0,0.0,0.0,0.0,0.0,0.0,0.0,4.65889194793033e-07,0.0,0.0,4.42281018254144e-07,0.0,0.0,0.0,4.859389083073582e-07,0.0,0.0,3.7406836533828215e-07,0.0,0.0,0.0,0.0,4.6922100990787196e-07,0.0
1984-05,0.0,0.0,0.0,9.024454027793463e-07,0.0,0.0,2.6948336155223696e-07,1.93516512064118e-06,7.243387667819415e-07,0.0,0.0,0.0,0.0,9.344945282518738e-07,0.0,0.0,7.695938198328742e-07,4.120286730490419e-07,1.3204743658045485e-06,1.993786775506011e-06,0.0,0.0,0.0,8.919387682557803e-07,0.0,0.0,0.0,9.518174624574098e-07,7.738673529728776e-07,0.0,0.0,0.0,0.0,0.0,5.777707240326585e-07,0.0,0.0,0.0,0.0,0.0,0.0,1.443733953218833e-06,0.0,5.519280549852387e-07,3.652432473399865e-07,2.3696997543757455e-07,0.0,1.447591519967633e-06,1.386453659098369e-07,0.0,4.862881609140127e-07,2.785511028442836e-07,0.0,3.528890334802658e-07,7.021968129744399e-07,0.0,7.620086484810967e-07,7.152066949925074e-07
1984-06,0.0,0.0,0.0,2.005637383489453e-07,0.0,0.0,6.228909070342057e-08,4.327088548453373e-07,1.676739337205871e-07,0.0,0.0,0.0,0.0,2.0833309302079745e-07,0.0,0.0,1.6869427846067514e-07,9.100238065940305e-08,6.465450980368965e-08,2.139242904202622e-06,0.0,0.0,0.0,2.0573178320423824e-07,0.0,0.0,0.0,1.2488467458798003e-06,1.0205261710791724e-06,0.0,0.0,0.0,0.0,0.0,1.4201713535439143e-06,0.0,0.0,0.0,0.0,0.0,0.0,1.2588567538762695e-07,0.0,1.2478565264527343e-07,8.36460109094779e-08,5.463508524562732e-08,0.0,2.6684466566953835e-06,2.5001934808546735e-08,0.0,1.1646089868230097e-07,6.311972384686823e-08,0.0,8.589850837607827e-08,1.2052105921118993e-07,0.0,7.644421853155517e-07,9.948780948288577e-08
1984-07,0.0,0.0,0.0,2.8035496983190858e-06,0.0,0.0,4.013572234816722e-07,0.0,0.0,0.0,0.0,0.0,0.0,0.0,0.0,0.0,0.0,0.0,0.0,2.7847956364541357e-06,0.0,0.0,0.0,0.0,0.0,0.0,0.0,1.5229700266447007e-06,1.6869111130904183e-06,0.0,0.0,0.0,0.0,0.0,1.5100812899854905e-07,0.0,0.0,0.0,0.0,0.0,0.0,0.0,0.0,0.0,2.2934332802807753e-06,1.165386050330463e-06,0.0,0.0,2.2019418441969858e-06,0.0,0.0,1.6245640569923642e-06,0.0,1.0611660659765738e-07,0.0,0.0,0.0,0.0
1984-08,0.0,0.0,0.0,1.4697601683676953e-06,0.0,0.0,1.7145029264589753e-06,3.2037384906661025e-06,3.6514457794390583e-06,0.0,0.0,0.0,0.0,1.452537434200027e-06,0.0,0.0,1.1809875326753289e-06,6.514832158921145e-07,4.6981026086767576e-07,4.3309787909553284e-07,0.0,0.0,0.0,6.414729559620844e-06,0.0,0.0,0.0,1.2163293611020324e-07,1.2318093698201748e-06,0.0,0.0,0.0,0.0,0.0,4.172302852007606e-06,0.0,0.0,0.0,0.0,0.0,0.0,3.5676506784504197e-06,0.0,4.479705606133422e-06,5.874870565431359e-07,3.282321255855952e-07,0.0,3.6410445864593426e-07,5.516780899819176e-07,0.0,3.2790890637304506e-06,4.186693040283164e-07,0.0,4.6687235722356685e-07,5.972178109994113e-06,0.0,4.044000470771053e-06,6.824557930171088e-07
1984-09,0.0,0.0,0.0,0.0,0.0,0.0,2.2024055885560486e-06,0.0,0.0,0.0,0.0,0.0,0.0,0.0,0.0,0.0,0.0,0.0,9.773593754892688e-07,2.5451252468423196e-07,0.0,0.0,0.0,0.0,0.0,0.0,0.0,6.023671323421506e-07,0.0,0.0,0.0,0.0,0.0,0.0,0.0,0.0,0.0,0.0,0.0,0.0,0.0,0.0,0.0,0.0,0.0,0.0,0.0,0.0,1.887976816389126e-06,0.0,0.0,0.0,0.0,0.0,0.0,0.0,0.0,0.0
1984-10,0.0,0.0,0.0,1.5867793604266989e-06,0.0,0.0,8.836935448657407e-07,3.6302148708725057e-06,1.0923783329264275e-06,0.0,0.0,0.0,0.0,1.5479802456670258e-06,0.0,0.0,1.3854474430448973e-06,2.7076811187604355e-06,6.398011461519533e-06,4.928142098714859e-07,0.0,0.0,0.0,1.7307721842050803e-06,0.0,0.0,0.0,1.139497910635865e-07,1.3490904262542098e-06,0.0,0.0,0.0,0.0,0.0,3.5515332096234322e-06,0.0,0.0,0.0,0.0,0.0,0.0,8.904926368523275e-07,0.0,3.028660993980331e-06,6.707290882318716e-07,3.907547241731157e-07,0.0,4.2330228910562874e-07,5.987226783141473e-07,0.0,1.802388985655573e-06,4.5910121600450245e-07,0.0,5.135271521203786e-07,2.183247248818694e-06,0.0,8.460505771494751e-07,7.298226622730157e-07
1984-11,0.0,0.0,0.0,0.0,0.0,0.0,0.0,0.0,0.0,0.0,0.0,0.0,0.0,0.0,0.0,0.0,0.0,0.0,1.4695954886386614e-06,0.0,0.0,0.0,0.0,0.0,0.0,0.0,0.0,0.0,6.853302015797106e-06,0.0,0.0,0.0,0.0,0.0,6.066530240568593e-07,0.0,0.0,0.0,0.0,0.0,0.0,0.0,0.0,2.090197467163185e-07,0.0,0.0,0.0,0.0,0.0,0.0,0.0,0.0,0.0,0.0,0.0,0.0,0.0,4.5735582235494065e-08
1984-12,0.0,0.0,0.0,1.0980073273212723e-06,0.0,0.0,0.0,0.0,0.0,0.0,0.0,0.0,0.0,0.0,0.0,0.0,0.0,0.0,0.0,0.0,0.0,0.0,0.0,0.0,0.0,0.0,0.0,3.7003475847207855e-07,1.2039427139409823e-06,0.0,0.0,0.0,0.0,0.0,0.0,0.0,0.0,0.0,0.0,0.0,0.0,0.0,0.0,2.4326469794153304e-06,0.0,1.7942053191762064e-07,0.0,5.815018348163184e-07,0.0,0.0,2.5024679885905095e-07,0.0,0.0,0.0,1.5691970562458287e-06,0.0,0.0,3.874224491659021e-06
1985-01,0.0,0.0,0.0,2.0714581654195096e-08,0.0,0.0,0.0,0.0,0.0,0.0,0.0,0.0,0.0,0.0,0.0,0.0,0.0,0.0,0.0,0.0,0.0,0.0,0.0,0.0,0.0,0.0,0.0,1.8425617916656996e-06,0.0,0.0,0.0,0.0,0.0,0.0,0.0,0.0,0.0,0.0,0.0,0.0,0.0,0.0,0.0,0.0,1.4101820339657706e-07,1.0735076771540789e-06,0.0,0.0,5.677273454077411e-07,0.0,4.1872992256822287e-07,9.939684414437475e-07,0.0,0.0,0.0,0.0,0.0,2.0252120566705e-07
1985-02,0.0,0.0,0.0,1.7030869567124866e-06,0.0,0.0,1.2681870158572467e-06,0.0,0.0,0.0,0.0,0.0,0.0,0.0,0.0,0.0,0.0,0.0,0.0,0.0,0.0,0.0,0.0,0.0,0.0,0.0,0.0,0.0,2.0473751005855094e-06,0.0,0.0,0.0,0.0,0.0,0.0,0.0,0.0,0.0,0.0,0.0,0.0,0.0,0.0,4.4193582580516965e-06,6.180757840400751e-07,2.023145397522276e-08,0.0,1.8172252600464795e-06,8.355302550184553e-07,0.0,0.0,7.926334114903323e-07,0.0,0.0,5.453884633497414e-07,0.0,0.0,0.0
1985-03,0.0,0.0,0.0,1.2168472001234943e-06,0.0,0.0,1.6284415859756339e-06,1.6515226901549856e-05,8.735998627572086e-07,0.0,0.0,0.0,0.0,1.1731635297530032e-06,0.0,0.0,1.0442927057925448e-06,5.649345675734531e-07,6.933934493573782e-07,3.791005814700356e-07,0.0,0.0,0.0,3.902151343736678e-06,0.0,0.0,0.0,2.0337103877559465e-07,1.1730398610748441e-06,0.0,0.0,0.0,0.0,0.0,3.956223431640822e-06,0.0,0.0,0.0,0.0,0.0,0.0,6.927967810449881e-07,0.0,8.715106251305921e-07,4.6743313562898696e-07,2.6067326841330323e-07,0.0,3.0949406242292247e-06,4.218457564036625e-07,0.0,3.538494645834833e-06,3.2128811941730883e-07,0.0,3.9423987507158226e-07,7.165147473880071e-07,0.0,2.876973695598854e-06,5.74757921308941e-07
1985-04,0.0,0.0,0.0,2.113128189531948e-05,0.0,0.0,1.166819560012175e-06,2.690600639329882e-06,9.129481352951815e-07,0.0,0.0,0.0,0.0,8.795516365317224e-06,0.0,0.0,1.0699174145435004e-06,2.190575524726495e-06,7.099161736568021e-07,2.0252067379764124e-06,0.0,0.0,0.0,1.1433971742568077e-06,0.0,0.0,0.0,5.680746585447361e-07,8.306089855295455e-06,0.0,0.0,0.0,0.0,0.0,8.98803316771453e-07,0.0,0.0,0.0,0.0,0.0,0.0,7.126938933787186e-07,0.0,7.622106408847126e-07,5.286877311920374e-07,3.0513191025722043e-07,0.0,1.1655526897711016e-06,4.435475862485348e-07,0.0,6.449787298979625e-07,3.602694247480422e-07,0.0,4.133298742076408e-07,4.881250045800367e-08,0.0,7.586018439625087e-07,1.1306782531334581e-06
1985-05,0.0,0.0,0.0,1.663270967653653e-06,0.0,0.0,3.322002405305585e-07,2.482090661453884e-06,8.19734673973331e-07,0.0,0.0,0.0,0.0,1.0001056568057637e-06,0.0,0.0,9.76504633715264e-07,5.386197959665675e-07,6.636284968191964e-07,3.747705127459117e-07,0.0,0.0,0.0,1.0617268833145107e-06,0.0,0.0,0.0,9.058776134797386e-07,1.9360823716037186e-06,3.743433199871062e-05,0.0,0.0,0.0,0.0,8.413052168331978e-07,0.0,0.0,0.0,0.0,0.0,0.0,6.625745794455462e-07,0.0,7.615924139840885e-07,4.6196632574511954e-07,2.577159617522858e-07,0.0,2.1539789794847787e-06,7.388281637447265e-07,0.0,5.748593337993948e-07,3.160574669694195e-07,0.0,3.701420197332467e-07,1.7783757533570976e-07,0.0,9.953448099259966e-07,9.398057272641848e-07
1985-06,0.0,0.0,0.0,2.6245083185208185e-06,0.0,0.0,0.0,0.0,0.0,0.0,0.0,0.0,0.0,0.0,0.0,0.0,0.0,1.6179349272615328e-06,0.0,7.911160606949262e-07,0.0,0.0,0.0,0.0,0.0,0.0,0.0,1.438316515671393e-06,0.0,0.0,0.0,0.0,0.0,0.0,5.202465758398611e-06,0.0,0.0,0.0,0.0,0.0,0.0,0.0,0.0,2.2193062199265396e-07,0.0,0.0,0.0,0.0,1.6330441656600795e-06,0.0,0.0,5.0044911641206056e-08,0.0,2.097296588850356e-07,2.2530568923654557e-06,0.0,0.0,0.0
1985-07,0.0,0.0,0.0,1.033327923992744e-06,0.0,0.0,0.0,0.0,0.0,0.0,0.0,0.0,0.0,0.0,0.0,0.0,0.0,6.123695036999895e-07,0.0,0.0,0.0,0.0,0.0,0.0,0.0,0.0,0.0,9.213286582537995e-07,0.0,0.0,0.0,0.0,0.0,0.0,0.0,0.0,0.0,0.0,0.0,0.0,0.0,0.0,0.0,1.1815556599240677e-06,0.0,0.0,0.0,0.0,0.0,0.0,0.0,1.2702642439045563e-07,0.0,3.27214514977945e-07,2.2838055931311206e-06,0.0,0.0,1.1875531809754993e-07
1985-08,0.0,0.0,0.0,6.7452665891659315e-06,0.0,0.0,0.0,6.799637616754839e-06,0.0,0.0,0.0,0.0,0.0,8.759387316187695e-06,0.0,0.0,0.0,1.0586850105688376e-06,9.860367570147591e-07,0.0,0.0,0.0,0.0,0.0,0.0,0.0,0.0,4.868027107140013e-06,1.2861069989329176e-05,0.0,0.0,0.0,0.0,0.0,0.0,0.0,0.0,0.0,0.0,0.0,0.0,0.0,0.0,1.6857886402100175e-06,0.0,0.0,0.0,2.6375984865318475e-07,4.298574447092474e-08,0.0,1.988744892078686e-06,0.0,0.0,1.1413331900682091e-06,1.5620685994290651e-06,0.0,0.0,2.851683345036299e-06
1985-09,0.0,0.0,0.0,5.861438821734357e-07,0.0,0.0,0.0,1.2456660502182805e-06,1.2849306421994222e-07,0.0,0.0,0.0,0.0,7.217577976462441e-07,0.0,0.0,0.0,0.0,0.0,0.0,0.0,0.0,0.0,0.0,0.0,0.0,0.0,8.661383428885481e-07,5.175240861601676e-07,0.0,0.0,0.0,0.0,0.0,0.0,0.0,0.0,0.0,0.0,0.0,0.0,6.781947667252805e-08,0.0,0.0,0.0,1.284333460643914e-07,0.0,1.09830452641373e-06,0.0,0.0,9.16088534513311e-07,1.6200229444634991e-06,0.0,1.4418779862719958e-07,0.0,0.0,0.0,1.2999046782973743e-06
1985-10,0.0,0.0,0.0,0.0,0.0,0.0,0.0,6.497906067247428e-06,4.0934222524076357e-07,0.0,0.0,0.0,0.0,1.5900276240302936e-06,0.0,0.0,4.9882123012220255e-06,0.0,5.740475315783818e-06,0.0,0.0,0.0,0.0,0.0,0.0,0.0,0.0,4.031775297285937e-07,1.4621845312904405e-06,1.9821844918802985e-06,0.0,0.0,0.0,0.0,0.0,0.0,0.0,0.0,0.0,0.0,0.0,4.631923807355415e-07,0.0,0.0,1.8161143337628756e-06,1.0814852941799201e-06,0.0,9.996957273276755e-07,0.0,0.0,1.2494409405645266e-06,0.0,0.0,7.159739319512782e-07,0.0,0.0,0.0,0.0
1985-11,0.0,0.0,0.0,0.0,0.0,0.0,0.0,6.870989681973999e-06,0.0,0.0,0.0,0.0,0.0,0.0,0.0,0.0,0.0,1.7332489522216347e-06,4.466432780510648e-06,0.0,0.0,0.0,0.0,0.0,0.0,0.0,0.0,5.265735960679821e-07,0.0,5.778258286121503e-06,0.0,0.0,0.0,0.0,0.0,0.0,0.0,0.0,0.0,0.0,0.0,0.0,0.0,0.0,1.1271144047959835e-06,1.3481176396182119e-06,0.0,1.1405710126261344e-06,0.0,0.0,9.072145302629065e-07,0.0,0.0,5.19240418980136e-07,0.0,0.0,0.0,1.5668501102981125e-06
1985-12,0.0,0.0,0.0,0.0,0.0,0.0,0.0,5.051545276745117e-06,7.498251993544383e-07,0.0,0.0,0.0,0.0,1.407802509786546e-07,0.0,0.0,0.0,1.0620030547233636e-06,4.124179535771461e-07,0.0,0.0,0.0,0.0,0.0,0.0,0.0,0.0,0.0,0.0,0.0,0.0,0.0,0.0,0.0,0.0,0.0,0.0,0.0,0.0,0.0,0.0,8.854208919733299e-07,0.0,0.0,1.4235456450456056e-06,5.439215002109709e-07,0.0,8.94824189421467e-07,0.0,0.0,2.094244934000962e-06,0.0,0.0,1.5853359859901128e-06,0.0,0.0,0.0,0.0
1986-01,0.0,0.0,0.0,0.0,0.0,0.0,9.075809686098432e-08,1.0688650478202083e-05,2.964062766099632e-07,0.0,0.0,0.0,0.0,0.0,0.0,0.0,2.3838784981046885e-06,2.592920967187891e-06,3.06563965086968e-05,9.700925450663658e-08,0.0,0.0,0.0,0.0,0.0,0.0,0.0,0.0,0.0,0.0,0.0,0.0,0.0,0.0,0.0,0.0,0.0,0.0,0.0,0.0,0.0,8.828260580811091e-07,0.0,0.0,8.949019048420174e-07,1.5217371558238092e-06,0.0,0.0,2.8899465215672866e-07,0.0,0.0,3.2806043201938363e-07,0.0,0.0,0.0,0.0,0.0,0.0
1986-02,0.0,0.0,0.0,8.237463055083688e-08,0.0,0.0,3.209852631190675e-08,3.122658930214961e-07,8.051696342702836e-08,0.0,0.0,0.0,0.0,3.30329004811037e-06,0.0,0.0,1.211221956329972e-07,6.475617590954129e-07,4.2112748853132683e-08,8.998914928361884e-09,0.0,0.0,0.0,9.641305428959024e-08,0.0,0.0,0.0,1.9876211966777733e-08,1.061355096250903e-06,9.834570860899062e-08,0.0,0.0,5.640917361643028e-05,0.0,4.832856168337091e-07,0.0,0.0,0.0,0.0,1.8482990562289488e-05,0.0,6.75147019019856e-08,0.0,8.051206534537975e-08,5.975626927983563e-08,3.12476368551199e-07,0.0,2.8401508134443323e-08,4.49878651364484e-08,0.0,5.389885100298697e-08,3.937116473978763e-08,0.0,4.046072861967412e-08,6.532101865947687e-08,0.0,5.997811444742596e-08,6.100168636212836e-08
1986-03,0.0,0.0,0.0,0.0,0.0,0.0,1.440664596365283e-06,0.0,0.0,0.0,0.0,0.0,0.0,3.360957901109095e-06,0.0,0.0,1.541641563221563e-06,1.5915508247e-06,2.7194106470250742e-06,0.0,0.0,0.0,0.0,0.0,0.0,0.0,0.0,0.0,3.3603048937899604e-06,5.8838761574221e-07,0.0,0.0,0.0,0.0,6.789605625566631e-06,0.0,0.0,0.0,0.0,4.6984496866165836e-07,0.0,1.373930414710442e-06,0.0,0.0,4.458946328207654e-06,2.3574941431495597e-06,0.0,1.1639983888449089e-06,0.0,0.0,1.7752848031489105e-06,4.2510332543811705e-07,0.0,0.0,0.0,0.0,0.0,0.0
1986-04,0.0,0.0,0.0,0.0,0.0,0.0,1.5767089354223296e-06,0.0,0.0,0.0,0.0,0.0,0.0,0.0,0.0,0.0,0.0,0.0,0.0,1.2121454395859628e-06,0.0,0.0,0.0,0.0,0.0,0.0,0.0,4.112473889650068e-06,0.0,1.8871533184990284e-06,0.0,0.0,0.0,0.0,3.7992297097904775e-06,0.0,0.0,0.0,0.0,7.629286849622427e-07,0.0,2.5972669660486344e-06,0.0,1.2504340107599919e-06,1.8374790810330479e-06,2.0866254754846827e-06,0.0,0.0,2.2225089209051974e-07,0.0,3.3669418994651744e-06,6.791380902694613e-07,0.0,2.619824156542827e-07,3.5666080308102006e-06,0.0,0.0,0.0
1986-05,0.0,0.0,0.0,0.0,0.0,0.0,1.4766993558832342e-06,0.0,7.552317004838813e-07,0.0,0.0,0.0,0.0,7.416927149711539e-08,0.0,0.0,1.0284196525989568e-06,0.0,0.0,0.0,0.0,0.0,0.0,0.0,0.0,0.0,0.0,0.0,0.0,0.0,0.0,0.0,0.0,0.0,0.0,0.0,0.0,0.0,0.0,2.6011205495124307e-06,0.0,0.0,0.0,2.3167424430641027e-06,0.0,1.420138577532204e-06,0.0,0.0,0.0,0.0,0.0,1.6254875318882923e-07,0.0,9.376539389134922e-08,1.9023543132781103e-06,0.0,0.0,0.0
1986-06,0.0,0.0,0.0,1.849214560949969e-06,0.0,0.0,2.497021425133077e-07,8.226787110059087e-06,6.598238280326672e-07,0.0,0.0,0.0,0.0,2.805384663672292e-06,0.0,0.0,5.305713220021935e-06,1.7688530669035217e-06,2.3076689558680469e-07,2.738640180401132e-07,0.0,0.0,0.0,3.916856061914304e-06,0.0,0.0,0.0,1.5781821902276852e-06,2.847603326060169e-06,3.6020457887067855e-06,0.0,0.0,2.1349796404392456e-06,0.0,5.901151332337734e-07,0.0,0.0,0.0,0.0,3.5025538436064127e-07,0.0,5.732343537643986e-07,0.0,5.619678389054347e-07,5.21501463655677e-07,3.0182936218447336e-07,0.0,1.950781454032359e-07,3.204995755092012e-07,0.0,3.9747757707588037e-07,3.445880472111723e-07,0.0,2.961207111248504e-07,4.963622276495557e-07,0.0,4.517719200538388e-07,2.9984262465418826e-06
1986-07,0.0,0.0,0.0,0.0,0.0,0.0,0.0,0.0,1.36987864244105e-07,0.0,0.0,0.0,0.0,9.764680767832684e-07,0.0,0.0,3.0364394565312106e-06,0.0,1.7707382298154593e-06,3.5353126362146044e-07,0.0,0.0,0.0,0.0,0.0,0.0,0.0,1.6463662181382157e-06,3.050034202241564e-06,0.0,0.0,0.0,5.694446695843e-07,0.0,9.019338999879737e-07,0.0,0.0,0.0,0.0,0.0,0.0,0.0,0.0,0.0,0.0,2.4222108393540804e-07,0.0,9.101367558967504e-07,1.0376900811763825e-06,0.0,2.0224377212130217e-07,0.0,0.0,1.0977950764764766e-06,0.0,0.0,0.0,9.54386497344725e-06
1986-08,0.0,0.0,0.0,0.0,0.0,0.0,0.0,0.0,6.702374558657034e-07,0.0,0.0,0.0,0.0,1.1307150527032766e-06,0.0,0.0,3.4027420857279805e-06,0.0,1.4069402869890112e-07,3.936063171307465e-07,0.0,0.0,0.0,0.0,0.0,0.0,0.0,4.7524157241519464e-07,2.622120751680626e-06,0.0,0.0,0.0,0.0,0.0,0.0,0.0,0.0,0.0,0.0,0.0,0.0,2.722558224345438e-06,0.0,0.0,0.0,3.7963739910020984e-07,0.0,9.119816161931478e-07,1.166398807048892e-07,0.0,1.4518174527568504e-06,0.0,0.0,8.766356102263943e-07,0.0,0.0,0.0,1.226107809406206e-06
1986-09,0.0,0.0,0.0,5.263372201608149e-07,0.0,0.0,2.375182068946203e-07,1.9149514785850446e-06,5.920712819573737e-07,0.0,0.0,0.0,0.0,5.698254834917774e-07,0.0,0.0,7.116091286498566e-07,3.2237898275526076e-07,2.3510414097610392e-07,2.71974687867365e-07,0.0,0.0,0.0,7.504707493382543e-07,0.0,0.0,0.0,1.7459048944362642e-06,5.324096579180093e-07,6.250918749618403e-07,0.0,0.0,7.991292105758857e-07,0.0,5.323201912129441e-07,0.0,0.0,0.0,0.0,4.573564228326312e-06,0.0,5.277199700471042e-06,0.0,5.36695940734147e-07,4.870626304671958e-07,2.413806747386671e-07,0.0,5.126195428995293e-06,1.1690355244833029e-06,0.0,3.974935045445577e-07,9.959297146905071e-06,0.0,6.31496458340633e-06,4.96306725805945e-07,0.0,3.914764497549954e-07,7.457914845789456e-07
1986-10,0.0,0.0,0.0,0.0,0.0,0.0,3.1964411671886116e-07,0.0,2.3412923710016458e-05,0.0,0.0,0.0,0.0,0.0,0.0,0.0,0.0,0.0,0.0,0.0,0.0,0.0,0.0,2.273276149226268e-06,0.0,0.0,0.0,5.82960318372858e-07,0.0,0.0,0.0,0.0,0.0,0.0,0.0,0.0,0.0,0.0,0.0,0.0,0.0,0.0,0.0,8.15780698384977e-07,1.7150761901669963e-06,0.0,0.0,0.0,9.469640825615703e-07,0.0,0.0,0.0,0.0,4.623573118835954e-07,0.0,0.0,0.0,0.0
1986-11,0.0,0.0,0.0,0.0,0.0,0.0,1.2332155751098184e-06,0.0,0.0,0.0,0.0,0.0,0.0,0.0,0.0,0.0,0.0,4.33647975710591e-07,1.0897648866233304e-07,0.0,0.0,0.0,0.0,0.0,0.0,0.0,0.0,0.0,0.0,0.0,0.0,0.0,0.0,0.0,0.0,0.0,0.0,0.0,0.0,0.0,0.0,0.0,0.0,8.04102432942308e-07,0.0,1.2470569506663996e-06,0.0,0.0,4.980751848991764e-07,0.0,0.0,0.0,0.0,3.540642582478479e-07,0.0,0.0,0.0,0.0
1986-12,0.0,0.0,0.0,0.0,0.0,0.0,1.043953248196082e-06,0.0,3.991723281696846e-06,0.0,0.0,0.0,0.0,0.0,0.0,0.0,0.0,1.688295998041149e-07,1.459085611114099e-06,0.0,0.0,0.0,0.0,1.2894639629904003e-08,0.0,0.0,0.0,0.0,0.0,0.0,0.0,0.0,0.0,0.0,0.0,0.0,0.0,0.0,0.0,2.115358345594922e-06,0.0,3.047732976252798e-07,0.0,8.25644943190651e-07,0.0,2.4325368268535813e-06,0.0,1.6087593304954691e-07,8.940371926951484e-07,0.0,8.498582762206546e-06,1.6345276981589649e-06,0.0,4.81652984361633e-07,0.0,0.0,0.0,0.0
1987-01,0.0,0.0,0.0,0.0,0.0,0.0,1.2480484018191421e-06,0.0,4.255851170150138e-06,0.0,0.0,0.0,0.0,0.0,0.0,0.0,0.0,0.0,8.602702558988193e-07,0.0,0.0,0.0,0.0,8.018319796767454e-08,0.0,0.0,0.0,4.6947811708084045e-07,0.0,0.0,0.0,0.0,0.0,0.0,0.0,0.0,0.0,0.0,0.0,0.0,0.0,8.86860480971096e-07,0.0,1.033797115481759e-06,0.0,0.0,0.0,4.4356751840925883e-07,2.614368070178695e-07,0.0,1.817096808240961e-06,0.0,0.0,3.0354983331713074e-07,0.0,0.0,0.0,0.0
1987-02,0.0,0.0,0.0,0.0,0.0,0.0,1.6309013757863644e-06,0.0,0.0,0.0,0.0,0.0,0.0,7.55055399199317e-08,0.0,0.0,0.0,0.0,1.369757406882893e-06,1.5123576947518105e-06,0.0,0.0,0.0,0.0,0.0,0.0,0.0,3.7279132559754626e-07,0.0,6.122532863288309e-06,0.0,0.0,0.0,0.0,0.0,0.0,0.0,0.0,0.0,0.0,0.0,1.5033172519149236e-06,0.0,1.8258481549480733e-06,0.0,3.0896432370432213e-07,0.0,0.0,2.049129208554403e-06,0.0,0.0,0.0,0.0,1.91980946190028e-06,1.763174400254308e-06,1.1064981389548751e-05,0.0,0.0
1987-03,0.0,0.0,0.0,0.0,0.0,0.0,0.0,0.0,0.0,0.0,0.0,0.0,0.0,0.0,0.0,0.0,0.0,0.0,0.0,1.8599806758317453e-06,0.0,0.0,0.0,0.0,0.0,0.0,0.0,1.608738572864612e-07,0.0,6.23211738241071e-07,0.0,0.0,0.0,0.0,0.0,0.0,0.0,0.0,0.0,0.0,0.0,1.265533168877172e-06,0.0,0.0,0.0,1.4587495061866608e-06,0.0,3.619177962894404e-07,1.320044858736172e-07,0.0,0.0,0.0,0.0,7.712388133985712e-07,6.922422645012638e-07,0.0,0.0,0.0
1987-04,0.0,0.0,0.0,0.0,0.0,0.0,7.37001212504848e-08,7.291203766976589e-07,0.0,0.0,0.0,0.0,0.0,0.0,0.0,0.0,0.0,0.0,2.1480050867623072e-06,0.0,0.0,0.0,0.0,0.0,0.0,0.0,0.0,1.5705010880560053e-07,0.0,0.0,0.0,0.0,2.303628280049333e-07,0.0,0.0,0.0,0.0,0.0,0.0,0.0,0.0,0.0,0.0,0.0,0.0,0.0,0.0,6.003133304018066e-07,0.0,0.0,5.303579734062362e-07,0.0,0.0,1.4645983152129436e-07,2.1794243853039825e-07,0.0,0.0,0.0
1987-05,0.0,0.0,0.0,0.0,0.0,0.0,9.793179865917532e-07,0.0,1.1968771567053248e-06,0.0,0.0,0.0,0.0,0.0,0.0,0.0,0.0,0.0,0.0,0.0,0.0,0.0,0.0,1.1254776153652724e-06,0.0,0.0,0.0,3.196030760881444e-08,0.0,0.0,0.0,0.0,2.9510629426771004e-06,0.0,2.442240896798301e-06,0.0,0.0,0.0,0.0,0.0,0.0,0.0,0.0,0.0,0.0,8.298257949364121e-06,0.0,8.96497297129463e-07,0.0,0.0,0.0,0.0,0.0,0.0,1.0218227108058434e-07,0.0,1.7865185313946688e-06,0.0
1987-06,0.0,0.0,0.0,0.0,0.0,0.0,6.494197009519788e-07,0.0,4.020185893686891e-06,0.0,0.0,0.0,0.0,0.0,0.0,0.0,0.0,0.0,0.0,0.0,0.0,0.0,0.0,7.98076366800602e-07,0.0,0.0,0.0,5.946258688963001e-07,0.0,0.0,0.0,0.0,2.8284008525862883e-06,0.0,1.5181153791011536e-06,0.0,0.0,0.0,0.0,0.0,0.0,0.0,0.0,0.0,0.0,0.0,0.0,4.013887689136644e-07,0.0,0.0,0.0,0.0,0.0,0.0,1.8299299273542153e-07,0.0,0.0,1.1167806822679795e-06
1987-07,0.0,0.0,0.0,0.0,0.0,0.0,0.0,0.0,4.529335542313266e-07,0.0,0.0,0.0,0.0,0.0,0.0,0.0,0.0,0.0,0.0,0.0,0.0,0.0,0.0,1.8550665641592774e-06,0.0,0.0,0.0,2.7976359082430325e-07,0.0,0.0,0.0,0.0,2.2945023396613725e-07,0.0,2.8220481475166664e-07,0.0,0.0,0.0,0.0,0.0,0.0,0.0,0.0,0.0,0.0,0.0,0.0,4.937600324999535e-07,0.0,0.0,0.0,0.0,0.0,2.239202682277869e-06,0.0,0.0,1.3004643734410606e-06,5.969955966018334e-07
1987-08,0.0,0.0,0.0,1.9409360402118868e-06,0.0,0.0,2.458369121242119e-06,0.0,1.1711581035182828e-07,0.0,0.0,0.0,0.0,2.511838894589877e-06,0.0,0.0,2.183079248120896e-06,5.247298670319374e-07,1.0310102730235836e-06,7.606813772817814e-07,0.0,0.0,0.0,2.5089651195789773e-06,0.0,0.0,0.0,1.802070731152761e-06,2.3952400536187206e-06,0.0,0.0,0.0,5.167284192323734e-06,0.0,3.4175282477667096e-06,0.0,0.0,0.0,0.0,0.0,0.0,1.2152376803084806e-06,0.0,0.0,2.7327562310836136e-06,0.0,0.0,2.3581865828296924e-06,1.0108612056936168e-06,0.0,0.0,0.0,0.0,9.490646280323415e-06,0.0,0.0,1.926247706500378e-06,1.7529164834520147e-07
1987-09,0.0,0.0,0.0,0.0,0.0,0.0,5.926398170966338e-06,0.0,0.0,0.0,0.0,0.0,0.0,0.0,0.0,0.0,0.0,0.0,0.0,0.0,0.0,0.0,0.0,6.745034890138154e-07,0.0,0.0,0.0,6.019382188147248e-07,0.0,0.0,0.0,0.0,1.022901180347341e-06,0.0,9.691612080387006e-07,0.0,0.0,0.0,0.0,0.0,0.0,1.4966555271631495e-06,0.0,0.0,1.3366223338804711e-06,0.0,0.0,1.5312581755968572e-06,1.2543010609275437e-06,0.0,0.0,0.0,0.0,2.271961410446166e-06,0.0,0.0,0.0,3.363958455283103e-07
1987-10,0.0,0.0,0.0,1.4374979236821753e-06,0.0,0.0,2.334038992414668e-06,0.0,0.0,0.0,0.0,0.0,0.0,2.927193432190646e-06,0.0,0.0,0.0,0.0,0.0,0.0,0.0,0.0,0.0,5.151992804390896e-07,0.0,0.0,0.0,0.0,1.937578643583765e-06,0.0,0.0,0.0,1.0880355681586324e-06,0.0,1.432091241855303e-06,0.0,0.0,0.0,0.0,5.808665189907559e-07,0.0,0.0,0.0,0.0,6.696592527199626e-07,1.2185922650174984e-07,0.0,0.0,0.0,0.0,0.0,9.902619856817837e-07,0.0,0.0,0.0,0.0,0.0,0.0
1987-11,0.0,0.0,0.0,0.0,0.0,0.0,1.0367984127023395e-06,0.0,0.0,0.0,0.0,0.0,0.0,0.0,0.0,0.0,0.0,0.0,0.0,0.0,0.0,0.0,0.0,4.920186092593828e-07,0.0,0.0,0.0,0.0,0.0,0.0,0.0,0.0,0.0,0.0,0.0,0.0,0.0,0.0,0.0,2.064299733249304e-06,0.0,0.0,0.0,0.0,4.011957930601801e-08,1.5698716386653016e-06,0.0,0.0,5.429876262135133e-07,0.0,0.0,1.1775829460873906e-06,0.0,5.712029056326243e-07,0.0,0.0,0.0,0.0
1987-12,0.0,0.0,0.0,0.0,0.0,0.0,1.2951330511344894e-06,5.768626996911233e-06,4.917370678073941e-07,0.0,0.0,0.0,0.0,0.0,0.0,0.0,0.0,2.8212454172200156e-06,0.0,0.0,0.0,0.0,0.0,2.655893267624082e-06,0.0,0.0,0.0,0.0,0.0,1.0985560447401323e-06,0.0,0.0,7.926317562088962e-07,0.0,0.0,0.0,0.0,0.0,0.0,0.0,0.0,0.0,0.0,0.0,4.2915322432546256e-07,9.098518602608171e-07,0.0,0.0,7.738130523943177e-06,0.0,2.3539705852250945e-06,1.244410966623871e-06,0.0,0.0,0.0,2.735802743755265e-07,1.5995637452499712e-07,0.0
1988-01,0.0,0.0,0.0,0.0,0.0,0.0,1.6754695649589953e-06,2.431654361124358e-06,1.26473296179222e-06,0.0,0.0,0.0,0.0,0.0,0.0,0.0,0.0,0.0,0.0,0.0,0.0,0.0,0.0,1.3491167082085657e-06,0.0,0.0,0.0,7.947830455486658e-07,0.0,0.0,0.0,0.0,1.1317549896339082e-06,0.0,3.438026336810979e-07,0.0,0.0,0.0,0.0,1.0057010919033924e-06,0.0,0.0,0.0,0.0,3.031434224968342e-06,1.9835936810962198e-06,0.0,0.0,0.0,0.0,0.0,1.3145880619106054e-06,0.0,0.0,0.0,1.1582741699185956e-06,1.6066195119639436e-06,1.2085886888286782e-06
1988-02,0.0,0.0,0.0,0.0,0.0,0.0,2.3546251045076445e-06,0.0,9.207341495551871e-07,0.0,0.0,0.0,0.0,0.0,0.0,0.0,0.0,0.0,0.0,0.0,0.0,0.0,0.0,0.0,0.0,0.0,0.0,3.054297375613413e-07,0.0,0.0,0.0,0.0,0.0,0.0,0.0,0.0,0.0,0.0,0.0,1.1933173283711004e-06,1.294140560425954e-05,0.0,0.0,0.0,7.21815417070254e-07,3.6335552448100646e-07,0.0,0.0,0.0,0.0,0.0,1.1373268600434576e-06,0.0,0.0,0.0,0.0,0.0,0.0
1988-03,0.0,0.0,0.0,2.241314469091746e-06,0.0,0.0,4.144013296239198e-06,2.0599068231925532e-05,1.7639542443716738e-06,0.0,0.0,0.0,0.0,2.7477098108594155e-06,0.0,0.0,0.0,0.0,0.0,3.4783977079234917e-07,0.0,0.0,0.0,0.0,0.0,0.0,0.0,3.9212951970704107e-07,2.0904464579481337e-06,0.0,0.0,0.0,2.00811489512015e-06,0.0,1.3792937891691365e-07,0.0,0.0,0.0,0.0,1.5262766193988275e-06,0.0,0.0,0.0,0.0,4.398453872456472e-06,2.757626971301403e-06,0.0,0.0,2.321782858854503e-07,0.0,0.0,9.985985637810008e-07,0.0,0.0,0.0,9.624536973666456e-07,6.88840497587745e-07,0.0
1988-04,0.0,0.0,0.0,7.153954689758602e-06,0.0,0.0,7.553268929757947e-06,3.980348982967841e-06,7.12377598445453e-07,0.0,0.0,0.0,0.0,4.1120006780369365e-06,0.0,0.0,0.0,0.0,8.059768122914459e-07,2.6057877099086786e-06,0.0,0.0,0.0,3.4307378590323345e-06,0.0,0.0,0.0,0.0,3.6920538630950822e-06,1.0071985596665188e-06,0.0,0.0,3.597585083023533e-06,0.0,2.8178110191987226e-06,0.0,0.0,0.0,0.0,1.0931974130684585e-07,0.0,0.0,0.0,1.1434751745691001e-06,5.337982452381589e-06,1.1923311301597316e-06,0.0,1.766632095978587e-06,9.970343768336415e-07,0.0,1.1845481979026219e-06,0.0,0.0,1.1306748522514899e-06,0.0,0.0,3.4396293250748523e-06,0.0
1988-05,0.0,0.0,0.0,1.5765490614203793e-06,0.0,0.0,6.411111372250783e-07,3.2387670266054992e-06,3.8837842379159386e-08,0.0,0.0,0.0,0.0,2.207340451418495e-06,0.0,0.0,9.239756087492391e-07,0.0,7.70405413762108e-07,8.672080223552301e-07,0.0,0.0,0.0,0.0,0.0,0.0,0.0,3.2613692940202525e-07,1.84988679325903e-06,6.177984958439624e-07,0.0,0.0,2.100220813381147e-06,0.0,1.5934466718561524e-06,0.0,0.0,0.0,0.0,1.1816553414830677e-06,0.0,1.0384588387026723e-06,0.0,1.5497849406183872e-06,2.8588480769538294e-06,1.8946507136091695e-06,0.0,0.0,1.706408256158906e-06,0.0,7.60995991586657e-07,8.086843247701731e-08,0.0,0.0,0.0,0.0,1.634178165906483e-07,1.0400675361096e-06
1988-06,0.0,0.0,0.0,3.800558275797228e-06,0.0,0.0,2.11703112195219e-06,7.71969539985501e-06,1.0929660710963519e-07,0.0,0.0,0.0,0.0,2.9368282991584573e-06,0.0,0.0,2.43661029760045e-06,1.2499537066076387e-06,6.463897489256583e-07,7.562185913727176e-07,0.0,0.0,0.0,0.0,0.0,0.0,0.0,0.0,2.788730564139162e-06,1.5270313777493404e-06,0.0,0.0,8.054124526561852e-06,0.0,4.741877704696328e-06,0.0,0.0,0.0,0.0,1.1938241208292247e-06,1.7392131202047245e-07,0.0,0.0,2.5222998583557743e-06,2.096177449538099e-06,1.0710225605196667e-06,0.0,0.0,1.486721986787079e-07,0.0,0.0,0.0,0.0,2.553169922709632e-06,1.94411486494607e-07,5.934533908030677e-07,0.0,0.0
1988-07,0.0,0.0,0.0,6.484890788872308e-06,0.0,0.0,6.627540158501914e-06,1.590544757680079e-05,3.894666496966685e-06,0.0,0.0,0.0,0.0,6.7211042051814885e-06,0.0,0.0,6.208482443578064e-06,6.002635952204981e-07,2.310828742315179e-06,3.46916349425732e-06,0.0,0.0,0.0,1.534633590009554e-05,0.0,0.0,0.0,5.871160648409888e-07,6.208785504928704e-06,2.919243003959786e-06,0.0,0.0,6.5691166415451225e-06,0.0,3.660348418007213e-06,0.0,0.0,0.0,0.0,3.8151862813740955e-06,2.4324068328622478e-06,1.7165029295393442e-05,0.0,6.264750314124632e-06,7.01998522321793e-06,3.254882398191928e-06,0.0,2.8465655978590214e-06,4.406664088161573e-06,0.0,2.479132720700367e-05,1.7121067660477268e-06,0.0,1.4169631911896623e-05,6.81759562582749e-06,3.0563308255363766e-06,0.0,3.087607348913727e-06
1988-08,0.0,0.0,0.0,8.455438130583679e-07,0.0,0.0,6.519861456411799e-07,2.6450603778821747e-06,3.7670030833439684e-07,0.0,0.0,0.0,0.0,7.815609810383415e-07,0.0,0.0,7.740140317636854e-07,4.893965563596038e-07,2.4373725388329366e-07,4.2912120224603346e-07,0.0,0.0,0.0,1.9552515502654944e-06,0.0,0.0,0.0,2.1247900330252646e-07,6.932068481528553e-07,5.207519275167889e-07,0.0,0.0,1.1319581506149812e-06,0.0,7.130497623348414e-07,0.0,0.0,0.0,0.0,4.447793879113447e-07,2.691106374099091e-07,3.2048348563394266e-07,0.0,7.239264169099923e-07,7.96951633597727e-07,4.425741645652896e-07,0.0,3.7267649473526553e-07,1.717815322725344e-06,0.0,1.6796494342266945e-07,3.083339753858841e-07,0.0,2.200875488665252e-06,6.593474864397333e-07,2.3987830062170877e-07,5.605477801107345e-07,3.6810882149686253e-07
1988-09,0.0,0.0,0.0,2.0786289008441206e-07,0.0,0.0,4.280904152990928e-07,6.439342083770783e-07,8.754462523938648e-08,0.0,0.0,0.0,0.0,1.9437244003973897e-07,0.0,0.0,1.8746973557546427e-07,1.2519239021198393e-07,5.915193012986583e-08,1.0333314591622068e-07,0.0,0.0,0.0,4.829245255148635e-07,0.0,0.0,0.0,8.603158473485632e-08,1.6961548890047363e-07,1.2403578710501462e-07,0.0,0.0,2.803940417983736e-07,0.0,1.7729070157157524e-07,0.0,0.0,0.0,0.0,1.0934123860154021e-07,6.437717310509017e-08,2.300700591868418e-07,0.0,7.005434216618214e-07,1.9499918975073029e-07,1.0529433598481866e-07,0.0,9.394201578515754e-08,3.80420919075556e-06,0.0,4.005286881371764e-08,7.745314806128362e-08,0.0,3.7120567620571727e-06,1.703893838615467e-07,5.502494295135142e-08,7.349747827041856e-07,8.977751138698753e-08
1988-10,0.0,0.0,0.0,8.927390715909173e-08,0.0,0.0,2.0473003822768995e-06,2.412136230091344e-06,3.715427106468217e-08,0.0,0.0,0.0,0.0,8.286854682994226e-08,0.0,0.0,8.124622219163325e-08,5.235280120196792e-08,2.68443476450584e-08,4.389033436991152e-08,0.0,0.0,0.0,7.158820652874501e-07,0.0,0.0,0.0,3.3667617830406007e-09,7.204057438441741e-08,5.4873057262150304e-08,0.0,0.0,1.2285637625286672e-07,0.0,7.838877971499958e-08,0.0,0.0,0.0,0.0,4.582325385596789e-08,2.7384719810773574e-08,3.40217464493385e-08,0.0,7.960252620658332e-08,7.537369446938835e-08,4.1608962102829965e-08,0.0,3.569067669343881e-08,4.598772655816513e-08,0.0,2.7765683071195523e-07,2.6364180521380385e-07,0.0,4.8819224510270045e-08,7.243137334219523e-08,2.0831693615471284e-08,6.60412090991054e-07,3.9861383439008384e-08
1988-11,0.0,0.0,0.0,0.0,0.0,0.0,1.4757746557689107e-06,0.0,0.0,0.0,0.0,0.0,0.0,0.0,0.0,0.0,0.0,0.0,8.876379156219812e-08,0.0,0.0,0.0,0.0,0.0,0.0,0.0,0.0,0.0,0.0,0.0,0.0,0.0,0.0,0.0,0.0,0.0,0.0,0.0,0.0,0.0,7.933968157206422e-07,0.0,0.0,0.0,0.0,0.0,0.0,2.8726788607504745e-07,0.0,0.0,6.354531695546649e-07,0.0,0.0,0.0,0.0,0.0,0.0,1.7479919285136315e-07
1988-12,0.0,0.0,0.0,0.0,0.0,0.0,5.652658719280855e-06,8.717104888070204e-07,0.0,0.0,0.0,0.0,0.0,0.0,0.0,0.0,0.0,0.0,3.066473972375052e-07,1.0993142439803713e-06,0.0,0.0,0.0,0.0,0.0,0.0,0.0,0.0,0.0,0.0,0.0,0.0,0.0,0.0,0.0,0.0,0.0,0.0,0.0,0.0,1.6231504485030302e-06,0.0,0.0,0.0,0.0,7.78237766148153e-07,0.0,1.723466797331697e-06,0.0,0.0,1.4875869346653338e-06,0.0,0.0,0.0,0.0,0.0,0.0,9.175109601972966e-07
1989-01,0.0,0.0,0.0,0.0,0.0,0.0,0.0,0.0,0.0,0.0,0.0,0.0,0.0,0.0,0.0,0.0,0.0,1.1264898551858819e-06,0.0,0.0,0.0,0.0,0.0,0.0,0.0,0.0,0.0,0.0,0.0,0.0,0.0,0.0,0.0,0.0,0.0,0.0,0.0,0.0,0.0,0.0,1.8931577548459907e-07,0.0,0.0,0.0,0.0,9.107618878869406e-07,0.0,0.0,0.0,0.0,0.0,0.0,0.0,0.0,0.0,5.576221997470217e-07,0.0,0.0
1989-02,0.0,0.0,0.0,0.0,0.0,0.0,0.0,0.0,0.0,0.0,0.0,0.0,0.0,0.0,0.0,0.0,0.0,4.477729017017956e-06,1.1919757179197979e-07,0.0,0.0,0.0,0.0,0.0,0.0,0.0,0.0,0.0,0.0,0.0,0.0,0.0,0.0,0.0,0.0,0.0,0.0,0.0,0.0,0.0,3.047557470293831e-07,0.0,0.0,0.0,0.0,2.669742083413404e-07,0.0,6.18114494761849e-07,0.0,0.0,0.0,0.0,0.0,0.0,0.0,1.7460405904955526e-07,0.0,0.0
1989-03,0.0,0.0,0.0,0.0,0.0,0.0,2.0247183670656854e-06,0.0,0.0,0.0,0.0,0.0,0.0,0.0,0.0,0.0,0.0,1.6080062584750144e-07,6.035705966380978e-07,3.565976370251932e-07,0.0,0.0,0.0,0.0,0.0,0.0,0.0,0.0,0.0,0.0,0.0,0.0,5.909252146604344e-07,0.0,3.570586109274826e-07,0.0,0.0,0.0,0.0,1.6731186361863618e-06,0.0,0.0,0.0,0.0,0.0,1.692526426026776e-07,0.0,0.0,0.0,0.0,0.0,0.0,0.0,0.0,0.0,4.2549317900890393e-07,0.0,0.0
1989-04,0.0,0.0,0.0,0.0,0.0,0.0,0.0,0.0,0.0,0.0,0.0,0.0,0.0,0.0,0.0,0.0,0.0,1.7777067690788463e-06,0.0,1.208317341168469e-06,0.0,0.0,0.0,0.0,0.0,0.0,0.0,0.0,8.045318100356955e-07,0.0,0.0,0.0,2.168359636381456e-06,0.0,2.9349936397390364e-06,0.0,0.0,0.0,0.0,6.067681028285227e-06,4.087006950598417e-06,0.0,0.0,0.0,0.0,6.776201031463528e-07,0.0,1.0389252542844958e-06,0.0,0.0,6.771704070201445e-07,0.0,0.0,0.0,0.0,1.4878808900319375e-06,0.0,7.091829956448748e-08
1989-05,0.0,0.0,0.0,0.0,0.0,0.0,0.0,0.0,0.0,0.0,0.0,0.0,0.0,1.3415839219254392e-06,0.0,0.0,0.0,2.404333670419069e-06,0.0,1.1172135649329189e-06,0.0,0.0,0.0,0.0,0.0,0.0,0.0,2.2770406433284507e-07,1.4670064315692593e-06,0.0,0.0,0.0,0.0,0.0,0.0,0.0,0.0,0.0,0.0,0.0,0.0,0.0,0.0,0.0,9.91158393134621e-07,7.841563034085356e-07,0.0,0.0,0.0,0.0,3.0823111465041846e-07,0.0,0.0,2.408900737568172e-07,0.0,0.0,0.0,1.2226012458853992e-08
1989-06,0.0,0.0,0.0,0.0,0.0,0.0,0.0,2.048174040009454e-06,1.187637702318091e-06,0.0,0.0,0.0,0.0,1.761047907882285e-06,0.0,0.0,0.0,2.0330507549195868e-06,0.0,0.0,0.0,0.0,0.0,0.0,0.0,0.0,0.0,1.0060495062090073e-06,9.781646943102864e-07,1.3034773945599238e-06,0.0,0.0,0.0,0.0,0.0,0.0,0.0,0.0,0.0,0.0,0.0,0.0,0.0,0.0,4.0543969490228206e-07,1.1299374409287285e-06,0.0,1.1583961918599888e-06,0.0,0.0,7.981288796876235e-07,0.0,0.0,1.1974403185232436e-07,8.399427463065199e-07,3.626287638312277e-07,2.0815207426439775e-06,0.0
1989-07,0.0,0.0,0.0,0.0,0.0,0.0,0.0,0.0,0.0,0.0,0.0,0.0,0.0,2.1127068572410896e-06,0.0,0.0,1.483981465759822e-06,0.0,1.5953675295956419e-06,6.88414434989449e-07,0.0,0.0,0.0,1.1491549926663131e-06,0.0,0.0,0.0,2.1097218908304962e-06,2.4458417922797736e-06,0.0,0.0,0.0,0.0,0.0,0.0,0.0,0.0,0.0,0.0,0.0,0.0,0.0,0.0,0.0,0.0,8.267854336588658e-07,0.0,1.1443198539724981e-06,6.43198390672204e-07,0.0,9.727273111542948e-07,0.0,0.0,1.2449828993111693e-06,1.5675728320784024e-06,5.317595643293365e-07,0.0,2.4463574399458155e-06
1989-08,0.0,0.0,0.0,0.0,0.0,0.0,0.0,1.6237682160534784e-06,1.5680963965628118e-06,0.0,0.0,0.0,0.0,0.0,0.0,0.0,0.0,0.0,3.0142438637338307e-06,0.0,0.0,0.0,0.0,8.846270103693085e-07,0.0,0.0,0.0,2.41114503102699e-07,0.0,1.675830920535651e-06,0.0,0.0,0.0,0.0,0.0,0.0,0.0,0.0,0.0,0.0,6.890087323773303e-07,1.7833060192318611e-06,0.0,0.0,7.518891128293972e-07,0.0,0.0,1.974943571324134e-06,1.0562807279496794e-06,0.0,1.400388065756257e-06,0.0,0.0,1.7685333323943716e-06,0.0,0.0,1.027024571509147e-06,5.419833168643224e-07
1989-09,0.0,0.0,0.0,0.0,0.0,0.0,1.4780784819341113e-07,1.5006388050944619e-06,0.0,0.0,0.0,0.0,0.0,0.0,0.0,0.0,0.0,0.0,0.0,3.1331718189216082e-06,0.0,0.0,0.0,0.0,0.0,0.0,0.0,0.0,1.368965161213098e-07,2.6970275836659537e-07,0.0,0.0,0.0,0.0,0.0,0.0,0.0,0.0,0.0,1.7291795946153578e-06,4.69667708845305e-06,0.0,0.0,0.0,2.1860214056867654e-06,3.7880874971781e-07,0.0,1.5097071225532477e-06,0.0,0.0,0.0,4.736719646315342e-06,0.0,0.0,0.0,1.8672055818808528e-06,0.0,0.0
1989-10,0.0,0.0,0.0,0.0,0.0,0.0,2.737416167074489e-06,0.0,1.6786706228610546e-06,0.0,0.0,0.0,0.0,0.0,0.0,0.0,0.0,0.0,6.112504342187762e-07,3.9750120849000453e-07,0.0,0.0,0.0,8.511791888754957e-07,0.0,0.0,0.0,0.0,0.0,0.0,0.0,0.0,1.7344403288619554e-06,0.0,2.685045429575664e-06,0.0,0.0,0.0,0.0,0.0,0.0,0.0,0.0,0.0,4.127906944340842e-06,3.314053653905996e-07,0.0,2.9986275408905304e-07,0.0,0.0,0.0,1.6749717910562874e-07,0.0,8.204391881083163e-07,1.4571843568463098e-06,0.0,0.0,0.0
1989-11,0.0,0.0,0.0,0.0,0.0,0.0,1.0770938250336503e-06,0.0,0.0,0.0,0.0,0.0,0.0,0.0,0.0,0.0,0.0,0.0,1.0246416143553234e-06,1.7473136367592708e-07,0.0,0.0,0.0,0.0,0.0,0.0,0.0,0.0,0.0,0.0,0.0,0.0,0.0,0.0,0.0,0.0,0.0,0.0,0.0,0.0,0.0,0.0,0.0,0.0,0.0,0.0,0.0,0.0,0.0,0.0,0.0,0.0,0.0,0.0,0.0,0.0,1.0857126548077245e-06,0.0
1989-12,0.0,0.0,0.0,0.0,0.0,0.0,1.6424647048785998e-06,0.0,2.4521521400907126e-06,0.0,0.0,0.0,0.0,0.0,0.0,0.0,0.0,0.0,3.9761546532206956e-07,3.108789505780613e-07,0.0,0.0,0.0,5.451896846221279e-07,0.0,0.0,0.0,0.0,0.0,0.0,0.0,0.0,0.0,0.0,0.0,0.0,0.0,0.0,0.0,6.282584986677005e-07,1.1084622875808664e-07,0.0,0.0,0.0,0.0,0.0,0.0,6.443298141270079e-07,0.0,0.0,2.8780615266081958e-08,9.77539465511143e-07,0.0,0.0,1.0863076677074189e-06,0.0,0.0,0.0
1990-01,0.0,0.0,0.0,0.0,0.0,0.0,1.0698382840518931e-06,0.0,2.4403595954343577e-06,0.0,0.0,0.0,0.0,0.0,0.0,0.0,1.3518765035388376e-06,6.594865231134083e-06,4.071057825637617e-08,1.5479088673874264e-06,0.0,0.0,0.0,8.260929893936717e-07,0.0,0.0,0.0,0.0,0.0,0.0,0.0,0.0,0.0,0.0,0.0,0.0,0.0,0.0,0.0,1.3093089060463962e-06,0.0,1.7789429972941974e-07,0.0,5.568363724964901e-07,0.0,3.2223624347908764e-07,0.0,9.244593560774721e-07,2.1724345184311738e-07,0.0,4.06993253228476e-07,1.4064424220869252e-06,0.0,8.916252478459071e-07,1.4945520403851846e-06,0.0,1.0313847264976362e-06,0.0
1990-02,0.0,0.0,0.0,0.0,0.0,0.0,0.0,0.0,1.694399450045278e-06,0.0,0.0,0.0,0.0,0.0,0.0,0.0,8.715950058318101e-07,9.213875938926259e-06,2.4278559945108135e-07,4.380196253042708e-06,0.0,0.0,0.0,1.7028333036033829e-06,0.0,0.0,0.0,0.0,0.0,1.5573719012348976e-06,0.0,0.0,6.878705011297004e-07,0.0,4.862050594782938e-07,0.0,0.0,0.0,0.0,1.8148982725453568e-07,0.0,3.0155915162289463e-07,0.0,1.0165208471331969e-05,0.0,4.644620495602853e-07,0.0,6.727786329659043e-07,1.4333267339063858e-06,0.0,1.117518356557443e-06,2.708864912719586e-07,1.578226716733737e-05,9.826441525725392e-07,7.901812554494848e-06,0.0,2.0563235972282102e-06,0.0
1990-03,0.0,0.0,0.0,0.0,0.0,0.0,0.0,0.0,0.0,0.0,0.0,0.0,0.0,0.0,0.0,0.0,8.282019119608408e-07,0.0,0.0,2.3725235713757813e-06,0.0,0.0,0.0,0.0,0.0,0.0,0.0,0.0,0.0,0.0,0.0,0.0,2.0998867121588272e-07,0.0,4.478332082792844e-07,0.0,0.0,0.0,0.0,1.5448482819425333e-06,0.0,0.0,0.0,5.195096990626285e-07,0.0,3.7053856250694737e-07,0.0,0.0,5.574051657591672e-07,0.0,0.0,1.1120046734958145e-07,0.0,0.0,2.4740263081249324e-07,0.0,0.0,0.0
1990-04,0.0,0.0,0.0,0.0,0.0,0.0,3.7384641054212418e-06,0.0,0.0,0.0,0.0,0.0,0.0,0.0,0.0,0.0,2.6141960248691616e-06,8.142777667532568e-07,0.0,0.0,0.0,0.0,0.0,2.03776174629227e-07,0.0,0.0,0.0,0.0,0.0,0.0,0.0,0.0,1.5541150786694963e-06,0.0,1.258884626657221e-06,0.0,0.0,0.0,0.0,1.0040761587784726e-06,0.0,0.0,0.0,0.0,0.0,2.3389873791788523e-06,0.0,0.0,0.0,0.0,0.0,1.7376611016323117e-06,0.0,0.0,0.0,2.601120339372487e-07,3.673088310203465e-07,0.0
1990-05,0.0,0.0,0.0,0.0,0.0,0.0,2.6007631062960405e-06,0.0,5.309840577338784e-07,0.0,0.0,0.0,0.0,0.0,0.0,0.0,1.367701791914179e-06,0.0,0.0,1.4475432305205981e-06,0.0,0.0,0.0,0.0,0.0,0.0,0.0,0.0,0.0,7.597148722583886e-07,0.0,0.0,5.5480565277118006e-06,0.0,3.687318689155235e-06,0.0,0.0,0.0,0.0,3.2460937756539146e-06,8.495564663953543e-07,0.0,0.0,0.0,1.5235498317212049e-06,1.0796322609928754e-05,0.0,0.0,0.0,0.0,0.0,1.255741337587036e-06,3.34409796619254e-08,0.0,2.043347848203779e-06,1.8795881806808884e-06,0.0,3.318174511717023e-07
1990-06,0.0,0.0,0.0,0.0,0.0,0.0,2.6192119315504618e-06,0.0,5.781953944157328e-07,0.0,0.0,0.0,0.0,0.0,0.0,0.0,0.0,0.0,1.1738895289585203e-07,0.0,0.0,0.0,0.0,1.5518453454669013e-06,0.0,0.0,0.0,4.166261564203036e-07,0.0,0.0,0.0,0.0,0.0,0.0,0.0,0.0,0.0,0.0,0.0,2.559031098620414e-07,0.0,0.0,0.0,0.0,1.6356892754173721e-06,0.0,0.0,0.0,6.853354871633188e-09,0.0,6.28646380603658e-07,0.0,7.904161604405762e-07,0.0,7.512325413877933e-07,1.7966241552271958e-06,0.0,0.0
1990-07,0.0,0.0,0.0,0.0,0.0,0.0,0.0,0.0,0.0,0.0,0.0,0.0,0.0,0.0,0.0,0.0,0.0,0.0,2.0650813655137513e-06,6.931477660648069e-07,0.0,0.0,0.0,1.1599116242484823e-06,0.0,0.0,0.0,6.979775664357791e-07,0.0,0.0,0.0,0.0,0.0,0.0,0.0,0.0,0.0,0.0,0.0,3.1391961449118644e-07,0.0,0.0,0.0,5.791498065565796e-07,8.239059549436656e-07,1.3984306742080359e-06,0.0,7.025402330707031e-07,0.0,0.0,4.0783492474809684e-07,0.0,0.0,0.0,0.0,1.038009192979337e-06,1.3004504784860926e-07,0.0
1990-08,0.0,0.0,0.0,2.3167610088132355e-06,0.0,0.0,0.0,0.0,0.0,0.0,0.0,0.0,0.0,0.0,0.0,0.0,0.0,0.0,0.0,1.7679022898713788e-06,0.0,0.0,0.0,2.2687877858714663e-06,0.0,0.0,0.0,2.1774313636559843e-06,0.0,0.0,0.0,0.0,0.0,0.0,0.0,0.0,0.0,0.0,0.0,1.6723707475688258e-06,6.822227799470649e-07,2.1289670920248556e-07,0.0,0.0,0.0,6.8820358388032025e-06,0.0,0.0,1.1782696544683087e-06,0.0,1.0934000826681636e-06,1.5826910387851807e-06,1.3079906019414796e-06,5.850318157603792e-07,0.0,0.0,1.7562168680437598e-06,0.0
1990-09,0.0,0.0,0.0,1.7287612712144282e-06,0.0,0.0,0.0,0.0,0.0,0.0,0.0,0.0,0.0,0.0,0.0,0.0,0.0,0.0,0.0,9.019091588336026e-06,0.0,0.0,0.0,1.1734714571884144e-06,0.0,0.0,0.0,7.476828396187352e-07,0.0,1.030286313059639e-07,0.0,0.0,0.0,0.0,0.0,0.0,0.0,0.0,0.0,1.3804403967937126e-06,1.9088695497849868e-05,9.625681662711431e-07,0.0,1.077668114917385e-06,0.0,3.074617302570429e-06,0.0,0.0,0.0,0.0,1.390415450681624e-06,8.095454258314275e-08,1.4332360571836634e-06,0.0,0.0,1.1576546407351139e-05,1.3770895307710397e-06,0.0
1990-10,0.0,0.0,0.0,0.0,0.0,0.0,0.0,0.0,8.4982452969469e-07,0.0,0.0,0.0,0.0,0.0,0.0,0.0,0.0,5.234279711561555e-07,0.0,5.126933237706015e-06,0.0,0.0,0.0,1.1472653080004044e-06,0.0,0.0,0.0,2.5833091755242054e-07,0.0,2.0899226941274925e-06,0.0,0.0,3.2099134697572e-06,0.0,9.93667096130378e-07,0.0,0.0,0.0,0.0,2.6183037421276917e-06,4.544140731984031e-06,8.952296800562622e-07,0.0,8.501767214291537e-07,0.0,1.6275011275416473e-06,0.0,0.0,5.246954951617991e-07,0.0,0.0,2.6908784424715118e-06,4.7167475909003e-06,2.1388792606430104e-07,0.0,1.4267728698697035e-05,7.412246677314452e-07,2.546847311481533e-06
1990-11,0.0,0.0,0.0,1.5461503810545384e-06,0.0,0.0,5.372287747102029e-07,0.0,0.0,0.0,0.0,0.0,0.0,0.0,0.0,0.0,0.0,1.4663098119574273e-06,0.0,0.0,0.0,0.0,0.0,2.49193113377906e-07,0.0,0.0,0.0,5.735918133958334e-07,0.0,6.855059790278693e-06,0.0,0.0,2.102612410533403e-06,0.0,1.0433687141802802e-06,0.0,0.0,0.0,0.0,9.901149489699203e-07,0.0,0.0,0.0,5.373000332869901e-06,0.0,1.4210857986741016e-06,0.0,0.0,1.1732693385112583e-07,0.0,0.0,0.0,0.0,1.2785624531787624e-07,0.0,0.0,6.363485195268227e-07,0.0
1990-12,0.0,0.0,0.0,1.328739334385473e-07,0.0,0.0,0.0,0.0,0.0,0.0,0.0,0.0,0.0,0.0,0.0,0.0,0.0,9.194191794130828e-07,8.060804672512384e-07,0.0,0.0,0.0,0.0,0.0,0.0,0.0,0.0,0.0,0.0,0.0,0.0,0.0,0.0,0.0,0.0,0.0,0.0,0.0,0.0,1.2081642802334662e-06,0.0,0.0,0.0,0.0,0.0,0.0,0.0,0.0,2.0460692770292997e-06,0.0,3.237332598976378e-07,0.0,0.0,8.091098666724341e-07,0.0,0.0,7.890496699362836e-07,8.684767417142803e-08
1991-01,0.0,0.0,0.0,0.0,0.0,0.0,0.0,0.0,0.0,0.0,0.0,0.0,0.0,0.0,0.0,0.0,0.0,0.0,0.0,7.498296072254336e-06,0.0,0.0,0.0,1.1852072611437739e-07,0.0,0.0,0.0,1.0114523881392043e-07,0.0,0.0,0.0,0.0,0.0,0.0,0.0,0.0,0.0,0.0,0.0,2.087096012965441e-06,0.0,0.0,0.0,0.0,0.0,0.0,0.0,2.923482528314515e-07,1.4326348074158203e-06,0.0,9.339633810168287e-07,7.222669859596361e-07,0.0,1.0979548584221234e-06,0.0,0.0,2.9632427473719537e-07,5.7298866445731904e-08
1991-02,5.6155642720124904e-05,0.0,0.0,0.0,0.0,0.0,0.0,0.0,0.0,0.0,0.0,0.0,0.0,0.0,0.0,0.0,0.0,0.0,2.3646426308427532e-07,0.0,0.0,0.0,0.0,0.0,0.0,0.0,0.0,3.2105592791849964e-07,0.0,0.0,0.0,0.0,0.0,0.0,0.0,0.0,0.0,0.0,0.0,0.0,7.471227163929253e-07,0.0,0.0,0.0,0.0,3.8108437401013915e-07,0.0,0.0,2.8672421932457447e-07,0.0,0.0,1.2648169717788919e-06,1.016434311056285e-06,0.0,0.0,1.4107503102076934e-06,0.0,2.990179008794287e-06
1991-03,0.0,0.0,0.0,0.0,0.0,0.0,5.504479059029525e-07,0.0,3.2094336904769373e-06,0.0,0.0,0.0,0.0,0.0,0.0,0.0,0.0,0.0,0.0,1.340735539251535e-06,0.0,0.0,0.0,0.0,0.0,0.0,0.0,4.6833577516561257e-07,0.0,0.0,0.0,0.0,0.0,0.0,0.0,0.0,0.0,0.0,0.0,0.0,2.421551375724664e-07,0.0,0.0,0.0,0.0,2.0535075658218576e-06,0.0,0.0,1.9490283956891813e-07,0.0,0.0,0.0,0.0,0.0,0.0,7.819933916926922e-07,1.5768596483370367e-07,1.4171046033072816e-07
1991-04,0.0,0.0,0.0,0.0,0.0,0.0,6.206738582677576e-08,0.0,0.0,0.0,0.0,0.0,0.0,0.0,0.0,0.0,0.0,0.0,0.0,2.7968175451528328e-06,0.0,0.0,0.0,0.0,0.0,0.0,0.0,0.0,0.0,0.0,0.0,0.0,0.0,0.0,0.0,0.0,0.0,0.0,0.0,0.0,0.0,0.0,0.0,0.0,0.0,1.2341641901050804e-07,0.0,0.0,0.0,0.0,0.0,7.717944060945635e-07,0.0,0.0,0.0,0.0,0.0,1.4673441108605523e-06
1991-05,0.0,0.0,0.0,0.0,0.0,0.0,1.8020748865238308e-06,0.0,4.827106025782076e-06,0.0,0.0,0.0,0.0,0.0,0.0,0.0,0.0,0.0,0.0,0.0,0.0,0.0,0.0,0.0,0.0,0.0,0.0,1.41204032888027e-06,0.0,0.0,0.0,0.0,0.0,0.0,0.0,0.0,0.0,0.0,0.0,1.958034593735586e-06,0.0,0.0,0.0,0.0,0.0,0.0,0.0,6.443167438487801e-07,0.0,0.0,0.0,1.6513051769644766e-07,2.413721551878731e-07,0.0,0.0,0.0,0.0,0.0
1991-06,0.0,0.0,0.0,0.0,0.0,0.0,1.58988175095319e-07,0.0,0.0,0.0,0.0,0.0,0.0,0.0,0.0,0.0,0.0,0.0,0.0,8.572689133238442e-06,0.0,0.0,0.0,3.0500431846802735e-07,0.0,0.0,0.0,0.0,0.0,0.0,0.0,0.0,1.5776661955418241e-06,0.0,0.0,0.0,0.0,0.0,0.0,0.0,0.0,0.0,0.0,0.0,0.0,0.0,0.0,1.0244262219360271e-06,3.2175233762781095e-06,0.0,0.0,5.2014103250708805e-06,0.0,1.965578507946552e-06,0.0,0.0,9.712270816602808e-07,0.0
1991-07,0.0,0.0,0.0,0.0,0.0,0.0,1.4631989272222355e-06,0.0,0.0,0.0,0.0,0.0,0.0,0.0,0.0,0.0,0.0,0.0,0.0,2.686838053619488e-06,0.0,0.0,0.0,2.056928829855933e-05,0.0,0.0,0.0,0.0,0.0,4.6899785001031095e-07,0.0,0.0,0.0,0.0,0.0,0.0,0.0,0.0,0.0,0.0,0.0,1.3181176559975136e-05,0.0,0.0,0.0,1.7016094798481611e-06,0.0,6.7630911758160726e-06,6.580275068995233e-06,0.0,1.0816039552476567e-05,0.0,0.0,7.248066925378844e-06,0.0,0.0,2.8852176993175093e-06,1.1636239523173803e-07
1991-08,0.0,0.0,0.0,0.0,0.0,0.0,0.0,0.0,0.0,0.0,0.0,0.0,0.0,0.0,0.0,0.0,0.0,0.0,1.0696517341697333e-06,0.0,0.0,0.0,0.0,3.2267069820579033e-06,0.0,0.0,0.0,1.7641492760317595e-06,8.770194645336751e-07,7.073658278772474e-07,0.0,0.0,3.0712541515806465e-06,0.0,1.376536390026703e-06,0.0,0.0,0.0,0.0,0.0,0.0,0.0,0.0,6.516101880319522e-06,0.0,0.0,0.0,0.0,0.0,0.0,0.0,2.126182065394014e-06,1.9855553814425166e-06,1.5217024513812308e-06,0.0,0.0,0.0,0.0
1991-09,0.0,0.0,0.0,0.0,0.0,0.0,0.0,0.0,0.0,0.0,0.0,0.0,0.0,0.0,0.0,0.0,0.0,0.0,0.0,0.0,0.0,0.0,0.0,0.0,0.0,0.0,0.0,0.0,0.0,8.173633517405757e-07,0.0,0.0,0.0,0.0,0.0,0.0,0.0,0.0,0.0,0.0,9.76818221419106e-07,0.0,0.0,0.0,0.0,0.0,0.0,0.0,9.479881285906697e-07,0.0,2.2807609318424918e-07,1.247368830048709e-06,0.0,3.2078625373057753e-06,0.0,0.0,0.0,0.0
1991-10,0.0,0.0,0.0,0.0,0.0,0.0,0.0,0.0,2.329204142289397e-06,0.0,0.0,0.0,0.0,0.0,0.0,0.0,0.0,0.0,1.1863749140284229e-06,0.0,0.0,0.0,0.0,0.0,0.0,0.0,0.0,0.0,0.0,0.0,0.0,0.0,0.0,0.0,0.0,0.0,0.0,0.0,0.0,3.4951739101376707e-07,0.0,9.01521875572936e-07,0.0,0.0,4.59056727244829e-06,0.0,0.0,2.0460516724585055e-06,9.944604654435196e-07,0.0,1.968632044522245e-06,8.903202618334508e-07,4.470856137911879e-07,3.1835107824826208e-06,0.0,0.0,0.0,5.141511259641463e-07
1991-11,6.194861640995627e-07,0.0,0.0,0.0,0.0,0.0,0.0,0.0,2.4156729948121327e-06,0.0,0.0,0.0,0.0,0.0,0.0,0.0,0.0,9.502882801451188e-06,8.479384363780408e-07,0.0,0.0,0.0,0.0,3.7123995378097395e-06,0.0,0.0,0.0,0.0,7.382838354669103e-07,0.0,0.0,0.0,1.203894017244328e-06,0.0,8.377013013458195e-07,0.0,0.0,0.0,0.0,0.0,0.0,3.224336798473837e-07,0.0,9.035931029288818e-07,1.4616447696307808e-06,0.0,0.0,1.8090415976628922e-06,1.8711115101616507e-06,0.0,0.0,1.7279422566038178e-06,0.0,2.5592578315410743e-06,0.0,0.0,0.0,2.1181862042352755e-06
1991-12,3.166155496947154e-06,0.0,0.0,0.0,0.0,0.0,0.0,1.4976099856594871e-05,5.754579521935894e-07,0.0,0.0,0.0,0.0,0.0,0.0,0.0,0.0,1.1637070277437795e-07,0.0,0.0,0.0,0.0,0.0,1.6425189570798693e-06,0.0,0.0,0.0,0.0,0.0,0.0,0.0,0.0,1.6210232761214029e-06,0.0,6.008115627067351e-07,0.0,0.0,0.0,0.0,0.0,0.0,1.4584784606650262e-06,0.0,0.0,0.0,0.0,0.0,8.271339556831757e-07,6.18767289582517e-07,0.0,1.1367391235628e-06,1.96777617492102e-06,0.0,2.571511036424806e-08,0.0,0.0,1.681877792890016e-07,0.0
1992-01,1.7622519411391591e-06,0.0,0.0,0.0,0.0,0.0,0.0,0.0,3.144030938847936e-07,0.0,0.0,0.0,0.0,4.695656535166189e-06,0.0,0.0,0.0,0.0,4.488105208100064e-06,0.0,0.0,0.0,0.0,9.721664068957032e-06,0.0,0.0,0.0,0.0,0.0,2.675045314183666e-06,0.0,0.0,0.0,0.0,0.0,0.0,0.0,0.0,0.0,9.76618682479051e-07,0.0,2.716387519823907e-07,0.0,0.0,3.2689906285607305e-07,0.0,0.0,1.439756207931707e-06,1.7201036954639509e-06,0.0,1.3735312204885623e-06,6.7630395212403346e-06,3.4293109394894007e-07,2.0287059926081124e-06,0.0,3.588724310313006e-07,6.289177563587989e-06,1.2530318489844158e-06
1992-02,3.6078161529293217e-07,0.0,0.0,3.1266191479771557e-07,0.0,0.0,1.2939583586593987e-07,1.0443568281842396e-06,1.7569165741163767e-07,0.0,0.0,0.0,0.00012658706880640973,3.089897904085537e-07,0.0,0.0,3.1792831009635344e-07,1.0020691043872987e-07,1.1989520837981833e-06,1.996978562025145e-06,0.0,0.0,0.0,1.1071416844773593e-05,0.0,0.0,0.0,9.993571508162477e-08,2.9466890926731215e-07,6.625435773965696e-07,0.0,0.0,6.011290880850173e-07,0.0,4.057511262733904e-07,0.0,0.0,0.0,0.0,1.6592914683306522e-07,9.090239426749053e-08,2.0663280531737356e-07,0.0,3.8349998595967744e-07,2.722520506940121e-07,2.2544413349510907e-07,2.3380257587654833e-05,1.9071096281524786e-07,2.441027849433147e-07,0.0,1.5496486403885832e-07,2.567126379385762e-07,1.5061736005356902e-07,2.4802015631920913e-07,1.2513744805757177e-06,7.743752134582033e-08,6.757588398800994e-06,1.9613940881682556e-07
1992-03,1.1572289667745345e-05,0.0,0.0,2.242296941450013e-06,0.0,0.0,2.729153026522942e-07,4.3140396990452305e-06,7.621557295241534e-07,0.0,0.0,0.0,3.2973853892181714e-06,1.3556836005088614e-06,0.0,0.0,1.2839955210060748e-06,4.1429546051984306e-07,5.155945701514411e-08,9.621137301416249e-07,0.0,0.0,0.0,1.3905410641576396e-06,0.0,0.0,0.0,4.0793203577266234e-07,1.184100269948675e-06,2.4270333839104472e-06,0.0,0.0,2.6171653454421657e-06,0.0,1.6910718385031165e-06,0.0,0.0,0.0,0.0,6.557448222865025e-07,3.73170725829805e-07,8.635906679455227e-07,0.0,1.5432598833965139e-06,1.1154924842594964e-06,9.185156589463644e-07,6.417353957618964e-07,8.125263683583933e-07,1.005112627690409e-06,0.0,1.3514633352094962e-06,1.0726120028657014e-06,5.712573182849387e-07,1.0433917361753406e-06,3.6585207128759582e-06,3.1626049097476136e-07,8.045630794504092e-07,8.084254654604738e-07
1992-04,9.392809554982367e-07,0.0,0.0,6.205547377437851e-07,0.0,0.0,1.691311123116119e-06,2.135748327511955e-06,3.941670427825214e-07,0.0,0.0,0.0,1.6213409968429127e-06,6.294001773343716e-07,0.0,0.0,6.227214893715083e-07,2.1041785744485912e-07,5.454106156917681e-07,5.60425300069084e-07,0.0,0.0,0.0,4.91379917035975e-07,0.0,0.0,0.0,2.1917608377182083e-07,5.831813645904779e-07,5.111797907308008e-07,0.0,0.0,1.227540364028501e-06,0.0,8.257232850563262e-07,0.0,0.0,0.0,0.0,3.359570418010709e-07,1.8296142257879894e-07,4.139934018671174e-07,0.0,7.837037503372821e-07,5.367096979870256e-07,4.5662342420050435e-07,3.1362961899392834e-07,3.9952561919429434e-07,5.039207531827364e-07,0.0,2.9270356816742463e-07,5.407875249008112e-07,2.8584266380798224e-07,5.168146636195456e-07,9.17867075426744e-07,1.61567918551684e-07,3.7823977524019044e-07,4.1040279929897146e-07
1992-05,1.9183903412206548e-06,0.0,0.0,3.4483761327783467e-06,0.0,0.0,9.802978722135563e-07,4.426394606212192e-06,8.340561757195914e-07,0.0,0.0,0.0,3.3779536413705845e-06,1.7056393436569936e-06,0.0,0.0,1.2852719437024332e-06,3.8998476638751544e-07,1.0103544579169142e-06,7.979487460426926e-07,0.0,0.0,0.0,9.85512702371287e-07,0.0,0.0,0.0,1.569374435808301e-06,1.203674094704836e-06,2.2327417992220043e-06,0.0,0.0,4.370175348646199e-06,0.0,1.701243102509062e-06,0.0,0.0,0.0,0.0,6.690904837556612e-07,3.925995028892411e-07,7.970098322200408e-07,0.0,1.5643696376324152e-06,1.0878952239018816e-06,9.099650066916251e-07,6.408143929286792e-07,8.043446407166484e-07,1.0155129281145328e-06,0.0,5.479980073715384e-07,1.0692486775246979e-06,1.5851014356190774e-06,1.0437251406283237e-06,2.2959152724417385e-06,3.584688258208863e-07,7.620237207302157e-07,8.958369673965489e-07
1992-06,1.0026024879397952e-05,0.0,0.0,0.0,0.0,0.0,2.1681980818683417e-06,0.0,0.0,0.0,0.0,0.0,0.0,0.0,0.0,0.0,0.0,0.0,8.159229412005864e-07,0.0,0.0,0.0,0.0,0.0,0.0,0.0,0.0,4.2047207254679307e-07,0.0,0.0,0.0,0.0,0.0,0.0,0.0,0.0,0.0,0.0,0.0,1.9507592704939255e-06,0.0,0.0,0.0,0.0,1.2068172478244475e-06,0.0,0.0,0.0,0.0,0.0,9.394047592466981e-07,0.0,1.4539289076297598e-06,0.0,0.0,0.0,0.0,0.0
1992-07,3.379889898094249e-06,0.0,0.0,0.0,0.0,0.0,0.0,0.0,0.0,0.0,0.0,0.0,0.0,3.2897166487608905e-07,0.0,0.0,0.0,4.4871265137172955e-07,3.0298892238954485e-06,0.0,0.0,0.0,0.0,0.0,0.0,0.0,0.0,0.0,0.0,0.0,0.0,0.0,0.0,0.0,0.0,0.0,0.0,0.0,0.0,1.3251194791192161e-06,2.316009449427302e-07,0.0,0.0,0.0,9.6959038473899e-07,0.0,0.0,0.0,0.0,0.0,1.8081229711120577e-06,0.0,1.805182545954541e-06,0.0,0.0,0.0,0.0,0.0
1992-08,8.41616485760116e-08,0.0,0.0,0.0,0.0,0.0,0.0,0.0,0.0,0.0,0.0,0.0,0.0,1.5982119092649016e-06,0.0,0.0,0.0,3.6327290106622467e-07,4.513608187371131e-06,0.0,0.0,0.0,0.0,0.0,0.0,0.0,0.0,0.0,0.0,0.0,0.0,0.0,0.0,0.0,0.0,0.0,0.0,0.0,0.0,0.0,3.49831162661296e-07,3.008865288401285e-06,0.0,0.0,0.0,0.0,0.0,1.653089720782288e-06,8.464347640383258e-07,0.0,1.3730726739463185e-06,0.0,0.0,7.422314920175893e-07,0.0,0.0,1.775657888275585e-06,0.0
1992-09,0.0,0.0,0.0,0.0,0.0,0.0,0.0,0.0,0.0,0.0,0.0,0.0,0.0,2.7055356496433827e-06,0.0,0.0,0.0,3.314108423351416e-07,2.0431621248574832e-06,3.210020575328508e-06,0.0,0.0,0.0,0.0,0.0,0.0,0.0,5.246269820138177e-08,1.026605013157815e-06,0.0,0.0,0.0,0.0,0.0,0.0,0.0,0.0,0.0,0.0,0.0,0.0,3.6006002917881793e-07,0.0,5.249325330052984e-07,0.0,0.0,0.0,4.669680817353389e-07,0.0,0.0,0.0,0.0,1.0805411299537014e-06,0.0,0.0,0.0,0.0,9.80059926871113e-08
1992-10,0.0,0.0,0.0,0.0,0.0,0.0,1.4694644130187202e-07,7.425010486871414e-06,9.218599909627916e-07,0.0,0.0,0.0,0.0,0.0,0.0,0.0,0.0,7.941248874643956e-07,0.0,0.0,0.0,0.0,0.0,0.0,0.0,0.0,0.0,1.622993883280268e-06,0.0,0.0,0.0,0.0,0.0,0.0,0.0,0.0,0.0,0.0,0.0,0.0,1.7589679450408235e-07,9.122790042029594e-07,0.0,0.0,0.0,9.147342685353644e-07,1.022745579294007e-06,1.1811722457625434e-08,1.27079708622619e-06,0.0,0.0,0.0,8.872484948075562e-07,9.51446818013256e-07,0.0,0.0,0.0,7.130224709073554e-07
1992-11,5.399509356966703e-07,0.0,0.0,2.91787380959814e-07,0.0,0.0,6.487837122415504e-07,9.25316512544444e-06,1.83536103085441e-07,0.0,0.0,0.0,9.111988783740699e-07,3.3158922214868854e-07,0.0,0.0,3.536068603664164e-07,5.301505283209201e-07,6.682456381239547e-06,1.2226573173516748e-06,0.0,0.0,0.0,2.4192616123270424e-07,0.0,0.0,0.0,1.3234377273566718e-07,1.956675376803017e-06,2.6968986714599743e-07,0.0,0.0,6.797207136666484e-07,0.0,4.624417273615261e-07,0.0,0.0,0.0,0.0,7.446169971778021e-07,9.827735790048434e-08,1.1888984225074533e-07,0.0,4.215014440818246e-07,2.8878867585812457e-07,2.1916178679158573e-07,3.9823597689919725e-08,2.084253357356597e-07,2.601053681878171e-07,0.0,1.5858751087726235e-07,2.736858643312551e-07,4.257907323806376e-07,2.631380352054805e-07,4.3745537204481487e-07,9.129564496754978e-08,1.9909489691850163e-07,9.718182228782776e-07
1992-12,3.1845740717497127e-06,0.0,0.0,3.1166048753115476e-06,0.0,0.0,8.296925092355218e-07,2.1067728812028052e-05,1.3860950126178689e-06,0.0,7.697478273590062e-05,0.0,5.412127562453156e-06,3.4723259108443775e-06,4.973543400371569e-05,0.0,2.1021184759595633e-06,6.661880993148582e-07,3.0858044326620703e-06,6.110416276801041e-06,0.0,0.0,0.0,4.2362170455296566e-06,0.0,0.0,0.0,7.622081037343375e-07,3.61952492632895e-06,1.8239697653767636e-06,0.0,0.0,7.214780742647198e-06,0.0,2.786123024571277e-06,0.0,0.0,0.0,0.0,5.2185121715779275e-06,5.600483553519619e-07,1.206537347698093e-06,0.0,8.974551412050183e-06,4.1486319816125275e-08,1.3053553012909448e-06,9.923833872683697e-07,1.3177069145110556e-06,1.5543449559312848e-06,0.0,1.0105033097431888e-06,2.1290974633039403e-06,1.029846050775718e-06,1.611166123248256e-06,7.934518462859662e-06,5.26075786304701e-07,2.2953884461440688e-06,4.363692326118593e-06
1993-01,0.0,0.0,0.0,0.0,0.0,0.0,6.907122625205118e-07,0.0,0.0,0.0,0.0,0.0,0.0,0.0,0.0,0.0,6.512344957832275e-07,1.8555999660373954e-06,7.370549525405682e-08,2.3845563140086903e-06,0.0,0.0,0.0,0.0,0.0,0.0,0.0,2.621889605555726e-07,0.0,0.0,0.0,0.0,0.0,0.0,0.0,0.0,0.0,0.0,0.0,2.312536959311596e-06,5.751727724304795e-07,0.0,0.0,0.0,3.3548533380105064e-06,3.2806241736460484e-06,0.0,0.0,0.0,0.0,0.0,0.0,2.4673052206955237e-06,0.0,0.0,0.0,0.0,0.0
1993-02,2.9331509935132115e-07,0.0,0.0,1.4993882498445798e-07,0.0,0.0,1.596559528962982e-08,4.7248108349455534e-07,1.1409847847458979e-07,0.0,3.1126506802905965e-07,0.0,5.170066099282334e-07,1.7162759186864497e-07,2.0521562038467583e-07,0.0,1.9593982486194178e-07,3.071215101260764e-06,6.971382989797923e-08,4.4046090299576205e-06,2.8252215042520083e-05,0.0,0.0,1.2685864818719542e-07,0.0,0.0,0.0,2.387260560271498e-07,1.6192546823533272e-07,1.5556441919134523e-07,0.0,0.0,3.782671425633655e-07,0.0,2.696883510078518e-07,0.0,0.0,0.0,0.0,2.2032986603656124e-06,5.5679349022865615e-08,1.0759174839898925e-07,0.0,2.1715210804189312e-07,1.746621949948249e-07,1.2991502745472728e-07,5.042861307575156e-07,1.2157712702965535e-07,1.441544411160331e-07,0.0,9.031952287447478e-08,1.5426734805861625e-07,1.5207649801259431e-06,1.4968894204357708e-07,3.277004974795092e-07,4.862740516999552e-08,1.1430069479190577e-07,1.2571930194771665e-07
1993-03,0.0,0.0,0.0,0.0,0.0,0.0,1.2983256869635586e-06,0.0,0.0,0.0,1.2999660394346178e-05,0.0,0.0,0.0,0.0,0.0,0.0,9.438296356976614e-07,0.0,1.5399093005660952e-05,0.0,0.0,0.0,0.0,0.0,0.0,0.0,0.0,0.0,0.0,0.0,0.0,0.0,0.0,0.0,0.0,0.0,0.0,0.0,0.0,3.5951390512329284e-07,7.375537177984789e-07,0.0,0.0,1.3615928691946347e-06,1.1683160955725942e-06,3.88507551150959e-06,0.0,1.921753291071256e-06,0.0,0.0,0.0,2.6305817847936502e-06,0.0,1.36917798687871e-06,0.0,0.0,0.0
1993-04,0.0,0.0,0.0,0.0,0.0,0.0,2.0214014120755497e-06,0.0,0.0,0.0,8.161277927637947e-06,0.0,0.0,0.0,3.6823904042126087e-06,0.0,9.226378511117684e-07,0.0,1.8071160073856104e-06,2.4678270912263483e-07,0.0,0.0,0.0,0.0,0.0,0.0,0.0,2.8792805485348753e-06,0.0,0.0,0.0,0.0,0.0,0.0,0.0,0.0,0.0,0.0,0.0,0.0,3.8567902692580003e-07,0.0,0.0,0.0,5.0698984671936825e-06,0.0,3.2851849521938066e-06,2.1702732992457535e-07,0.0,0.0,0.0,0.0,2.1309470967210664e-06,0.0,0.0,0.0,0.0,2.2905697149759596e-06
1993-05,0.0,0.0,0.0,0.0,0.0,0.0,7.676070035886433e-07,0.0,0.0,0.0,6.9602986885886205e-06,0.0,0.0,0.0,3.3804764604986117e-06,0.0,0.0,0.0,0.0,0.0,5.5062231529762196e-08,0.0,0.0,0.0,0.0,0.0,0.0,6.884702225140662e-07,0.0,0.0,0.0,0.0,0.0,0.0,0.0,0.0,0.0,0.0,0.0,1.1344945822584913e-06,7.621920142463455e-08,9.766692361086147e-07,0.0,0.0,0.0,4.19955946503308e-06,1.5299363685781774e-06,8.490631020795087e-07,2.0258396459175085e-06,0.0,0.0,8.433940025803777e-07,2.1678101974668964e-08,3.008538779377054e-07,0.0,1.9299667100958033e-07,0.0,0.0
1993-06,0.0,0.0,0.0,0.0,0.0,0.0,1.4402918898859667e-06,0.0,0.0,0.0,0.0,0.0,0.0,0.0,4.3908099202073155e-06,0.0,0.0,6.402151510862686e-06,0.0,1.0827078898046696e-06,1.4762250399600746e-06,0.0,0.0,0.0,0.0,0.0,0.0,0.0,0.0,0.0,0.0,0.0,0.0,0.0,0.0,0.0,0.0,0.0,0.0,1.3737061071215502e-06,3.694711110984149e-07,5.204248725839064e-07,0.0,0.0,1.426298157943283e-06,2.1554041981314277e-06,7.772646838765767e-07,0.0,0.0,0.0,2.4102000824994046e-06,9.87684854065321e-07,1.4414109587426727e-07,0.0,0.0,3.04377985452884e-07,0.0,0.0
1993-07,5.110691229845706e-06,0.0,0.0,0.0,0.0,0.0,2.0599867625807485e-06,0.0,7.16341198410117e-07,0.0,3.762798639465881e-08,0.0,0.0,0.0,0.0,0.0,0.0,1.115416578774918e-07,5.847389076343093e-07,1.541417183896162e-06,2.790266300797158e-07,0.0,0.0,1.0603252327886017e-07,0.0,0.0,0.0,7.663146493381707e-07,0.0,1.2781484389523534e-07,0.0,0.0,0.0,0.0,0.0,0.0,0.0,0.0,0.0,3.15859354090791e-06,1.1064952867104635e-06,1.5612033007865178e-06,0.0,0.0,0.0,0.0,0.0,0.0,0.0,0.0,2.4062279623070575e-07,0.0,0.0,0.0,0.0,1.0571988117853357e-06,0.0,0.0
1993-08,0.0,0.0,0.0,2.3941382520299357e-07,0.0,0.0,1.4211529890033673e-07,2.3545056934796695e-06,3.6645848013740907e-08,0.0,6.293907686209035e-06,0.0,4.939000730635995e-06,9.970096246215838e-07,4.604453293076683e-07,0.0,6.948241175227382e-08,0.0,1.3700070439738137e-06,0.0,1.4082169430980513e-06,0.0,0.0,1.6823674913520535e-06,0.0,0.0,0.0,2.5006521948879367e-06,2.855216875783523e-07,2.1941188467814733e-06,0.0,0.0,0.0,0.0,0.0,0.0,0.0,0.0,0.0,0.0,1.7251707020189134e-06,1.7473963515715098e-06,0.0,7.847154852306735e-07,1.5494637778243337e-06,5.953486406901805e-06,4.739681803305924e-07,0.0,0.0,0.0,2.0267672606395955e-06,4.1981081763034503e-07,0.0,0.0,0.0,1.4575277954610808e-06,6.8796077320828e-07,0.0
1993-09,0.0,0.0,0.0,0.0,0.0,0.0,0.0,0.0,4.783241817583016e-07,0.0,1.2064505379495439e-06,0.0,0.0,0.0,0.0,0.0,0.0,0.0,1.2431659372930463e-07,0.0,0.0,0.0,0.0,0.0,0.0,0.0,0.0,5.530794023598206e-08,0.0,1.9655602732543963e-06,0.0,0.0,0.0,0.0,0.0,0.0,0.0,0.0,0.0,0.0,5.888374586314758e-06,3.4482732723288556e-07,0.0,0.0,8.315222636528647e-07,0.0,3.4691875720064064e-07,0.0,0.0,0.0,2.8362724267503894e-06,0.0,3.379163038300104e-08,0.0,0.0,1.0263852607880383e-06,0.0,0.0
1993-10,4.079555525769156e-06,0.0,0.0,2.830089006349127e-06,0.0,0.0,6.532344842567342e-06,8.593672266615018e-06,1.8734422900649507e-06,0.0,6.6182551456851896e-06,0.0,7.622335620124779e-06,5.8623790007190785e-06,7.1749251574537575e-06,0.0,3.1410502316340587e-06,3.0853801651291713e-06,2.922782986742048e-06,2.333286389484258e-06,1.8612940777125962e-06,0.0,0.0,2.6972229224419586e-06,0.0,0.0,0.0,2.3492574834557534e-06,5.481903505545619e-06,2.4533769652166777e-06,0.0,0.0001934763026395319,6.912047830184453e-06,0.0,4.209068043019681e-06,0.0,0.0,0.0,0.0,2.5987900747025636e-06,4.842777059696491e-08,2.296741444074775e-06,0.0,3.0022907921740463e-06,6.979575596824029e-06,2.2445276678719725e-06,1.4199197238621877e-06,4.082842868073342e-06,5.899476401941158e-06,0.0,1.5791800922589708e-06,3.4844256157029983e-06,8.531973804775078e-06,3.559034861212243e-06,4.414419878677925e-06,3.8522167432136094e-06,1.8347115109610576e-06,1.7585585839306023e-06
1993-11,0.0,0.0,0.0,0.0,0.0,0.0,0.0,0.0,0.0,0.0,0.0,0.0,0.0,0.0,0.0,0.0,0.0,7.546334821388212e-07,0.0,8.154104520677782e-07,0.0,0.0,0.0,0.0,0.0,0.0,0.0,0.0,0.0,0.0,0.0,0.0,0.0,0.0,0.0,0.0,0.0,0.0,0.0,0.0,3.2144841344192815e-06,0.0,0.0,0.0,0.0,0.0,2.1727021881396553e-07,0.0,0.0,0.0,0.0,0.0,1.3430936226959062e-05,0.0,0.0,2.993981086047138e-06,0.0,0.0
1993-12,0.0,0.0,0.0,0.0,0.0,0.0,0.0,0.0,0.0,0.0,0.0,0.0,0.0,0.0,0.0,0.0,1.8400229304129517e-07,1.0394862491879142e-06,0.0,9.798586603899599e-07,0.0,0.0,0.0,7.080836557455329e-06,0.0,0.0,0.0,0.0,0.0,4.899174521861075e-07,0.0,5.643152907472415e-07,0.0,0.0,0.0,0.0,0.0,0.0,0.0,0.0,2.0439657800815047e-06,2.5392248276687284e-06,0.0,0.0,0.0,0.0,0.0,1.206807682312499e-06,0.0,0.0,9.351210635156135e-07,0.0,9.596796846124966e-07,0.0,0.0,2.7552496974027706e-06,0.0,0.0
1994-01,0.0,0.0,0.0,0.0,0.0,0.0,4.329523766459544e-07,0.0,0.0,0.0,2.5747287856082296e-06,0.0,0.0,4.00235950888353e-07,0.0,0.0,3.063445616559704e-06,0.0,3.04728506275255e-07,6.484953249274311e-07,0.0,0.0,0.0,1.3534533951038813e-06,0.0,0.0,0.0,0.0,0.0,1.6355339399801995e-06,0.0,1.0185577115526256e-05,0.0,0.0,0.0,0.0,0.0,0.0,0.0,3.615028790127546e-07,3.036189065681573e-06,1.079354844208149e-06,0.0,6.630899664494261e-07,0.0,1.6359531609785386e-06,0.0,3.3539744875004456e-06,0.0,0.0,2.1928184624967694e-06,0.0,0.0,0.0,0.0,2.22740428010209e-06,6.141071624653806e-07,5.907315342978635e-07
1994-02,1.2686429989392235e-06,0.0,0.0,0.0,0.0,0.0,5.660169708254503e-07,0.0,4.9612933105672545e-06,0.0,3.4778374400834673e-06,0.0,0.0,0.0,0.0,0.0,0.0,2.0424482443732324e-08,0.0,0.0,0.0,0.0,0.0,0.0,0.0,1.5023988206037796e-05,0.0,0.0,0.0,0.0,0.0,0.0,0.0,0.0,0.0,0.0,0.0,0.0,0.0,0.0,0.0,0.0,0.0,0.0,0.0,0.0,0.0,0.0,0.0,1.0127143274054514e-05,4.824558433419064e-07,0.0,0.0,0.0,0.0,1.8297680751500622e-06,0.0,0.0
1994-03,1.4609840331265487e-06,0.0,0.0,0.0,0.0,0.0,0.0,0.0,0.0,0.0,0.0,0.0,0.0,0.0,0.0,0.0,0.0,0.0,0.0,0.0,0.0,0.0,0.0,0.0,0.0,0.0,0.0,0.0,0.0,3.744737562924108e-07,0.0,0.0,0.0,0.0,0.0,0.0,0.0,0.0,0.0,0.0,0.0,0.0,0.0,0.0,0.0,8.443809616030424e-07,0.0,8.099839113704863e-08,0.0,0.0,3.0101436957933463e-07,0.0,0.0,0.0,0.0,7.221670273025484e-07,0.0,0.0
1994-04,1.6027636769129703e-06,0.0,0.0,2.1339613558131813e-07,0.0,0.0,1.2981620707294694e-07,6.183114373293219e-07,1.6423530094141978e-07,0.0,7.292156410697582e-07,0.0,1.869669536535612e-06,3.8470154349267913e-07,3.684250544150197e-07,0.0,3.696847912115081e-07,7.58038505068049e-08,1.0750562320836938e-07,7.237084477239135e-08,1.9509351248160958e-07,0.0,0.0,1.677533116321295e-07,0.0,1.1200066183821022e-07,0.0,1.1387197466066271e-07,2.2375933251619906e-07,2.685916524185206e-07,0.0,1.4666162763772306e-06,5.309296075078767e-07,0.0,3.9712319474215914e-07,0.0,0.0,0.0,0.0,1.544146599375372e-07,1.7176353867355554e-07,1.7904051130731083e-07,0.0,3.040285943790369e-07,2.6887843424910905e-07,2.495655905240233e-06,1.7299654863036155e-07,6.606221140199424e-07,2.1901346794775748e-07,1.3996325899540835e-07,1.2497190992024934e-06,2.7471959582907776e-06,8.29429355124027e-08,2.3298316557039678e-07,3.361196324069352e-07,1.6031764282059198e-07,1.7682009582021402e-07,1.7149180295342876e-07
1994-05,2.3979810700259716e-06,0.0,0.0,2.7971535510340833e-07,0.0,0.0,1.6002696069343514e-07,7.93189250568288e-07,5.988069607255828e-07,0.0,9.177132183499081e-07,0.0,1.8408227017329138e-06,3.032617912796451e-07,4.633305763023024e-07,0.0,4.75627649485659e-07,9.394237222288584e-08,7.367472890378989e-07,2.5596915337957467e-08,2.5561100900772447e-07,0.0,0.0,2.835708103632328e-06,0.0,1.4572119502059487e-07,0.0,1.3893876291372862e-07,2.8833663100377714e-07,3.4661335546985055e-07,0.0,1.8639916401629876e-06,6.7348089693893e-07,0.0,5.000088101717246e-07,0.0,0.0,0.0,0.0,1.9990669148227045e-07,2.294827052463054e-07,2.239127801700984e-07,0.0,3.778961095048036e-07,3.2982248935985867e-07,1.6977122162798938e-07,2.333241891453383e-07,2.2400826523778784e-07,2.7615071841523287e-07,4.573766403999369e-08,1.1938266228929302e-06,2.4883310634738963e-07,1.3640755789644539e-06,2.964078430010564e-07,4.1305486732950983e-07,1.1582728213671532e-06,2.279480671755034e-07,2.1278724096335244e-07
1994-06,0.0,0.0,0.0,1.8439221745119097e-07,0.0,0.0,2.7175880192257774e-06,0.0,0.0,0.0,0.0,0.0,0.0,1.1342468562251935e-06,0.0,0.0,3.5344980933687403e-07,7.994475687998805e-07,8.578802799188492e-06,0.0,0.0,0.0,0.0,0.0,0.0,0.0,0.0,0.0,3.60890375030197e-07,6.539613411777127e-07,0.0,0.0,0.0,0.0,0.0,0.0,0.0,0.0,0.0,0.0,0.0,0.0,0.0,8.102863781495468e-07,0.0,0.0,2.7489675238409583e-06,0.0,0.0,1.2399503349669987e-06,2.7346880456503856e-07,0.0,9.176198720491202e-07,0.0,0.0,2.830100199385378e-06,0.0,6.368704554063146e-07
1994-07,1.5109144331458547e-07,0.0,0.0,0.0,0.0,0.0,0.0,0.0,0.0,0.0,0.0,0.0,0.0,0.0,0.0,0.0,0.0,1.259755369981753e-06,9.24989656389971e-06,2.608768595361629e-07,0.0,0.0,0.0,0.0,0.0,0.0,0.0,5.786481520433234e-07,0.0,1.8273128858728242e-06,0.0,0.0,0.0,0.0,0.0,0.0,0.0,0.0,0.0,0.0,0.0,0.0,0.0,0.0,0.0,0.0,1.3485011823767337e-06,0.0,0.0,0.0,1.0352211381569818e-06,0.0,9.535100789723767e-07,0.0,0.0,3.275744391213264e-06,0.0,9.376162389473226e-08
1994-08,0.0,0.0,0.0,7.337543871928954e-07,0.0,0.0,3.1092253507215144e-08,0.0,0.0,0.0,0.0,0.0,0.0,0.0,0.0,0.0,0.0,0.0,2.5991211284013756e-07,4.110292421766644e-07,0.0,0.0,0.0,0.0,0.0,0.0,0.0,1.1165264318759444e-06,0.0,4.0540593844640845e-07,0.0,0.0,0.0,0.0,0.0,0.0,0.0,0.0,0.0,0.0,0.0,4.322268215853908e-06,0.0,0.0,0.0,0.0,9.928215454180211e-08,2.3534717054893294e-06,1.9514526202066493e-06,3.598567838561835e-07,3.636138280133431e-06,0.0,0.0,1.773150972185833e-06,0.0,1.4364528063812479e-06,0.0,4.153956724041001e-07
1994-09,0.0,0.0,0.0,0.0,0.0,0.0,0.0,0.0,0.0,0.0,0.0,0.0,0.0,0.0,0.0,0.0,0.0,0.0,2.417662511419866e-07,0.0,0.0,0.0,0.0,2.261761104253163e-06,0.0,0.0,0.0,0.0,0.0,0.0,0.0,0.0,0.0,0.0,0.0,0.0,0.0,0.0,0.0,0.0,0.0,0.0,0.0,0.0,0.0,0.0,1.2344692894591495e-06,0.0,8.212246127546306e-07,1.5548652874502701e-06,0.0,0.0,0.0,0.0,0.0,0.0,0.0,9.284251776405552e-07
1994-10,5.552177934176686e-07,0.0,0.0,5.321242941547927e-08,0.0,0.0,2.7172919444928833e-08,1.4606096003580428e-07,3.365102096413927e-08,0.0,1.5401924189922812e-07,0.0,1.6681179948389858e-07,5.954097963617455e-08,7.815349221199086e-08,0.0,8.617832574037838e-08,1.7067548521114766e-08,1.2489271662225778e-07,6.041787248890293e-07,4.359467106873627e-08,0.0,0.0,2.0692707470238784e-06,0.0,2.5691696957168623e-08,0.0,2.9304418268091132e-08,5.625119485680452e-08,6.760733755099834e-08,0.0,3.2907377130239615e-07,1.1724335738350078e-07,0.0,8.529239773522046e-08,0.0,0.0,0.0,0.0,3.88975288781665e-08,4.005530836016791e-08,3.900821689166098e-08,0.0,9.88428330648411e-08,6.008121731609223e-08,3.0899640076648835e-08,7.026075327561804e-08,3.841867393985024e-08,4.875869998758018e-07,4.844464130250963e-07,5.198648741604889e-08,4.551707472978672e-08,1.676454474288519e-08,4.5445487125692073e-08,6.726495173435543e-08,3.459731963690454e-08,2.0383522700376626e-06,5.348810117295385e-07
1994-11,0.0,0.0,0.0,0.0,0.0,0.0,0.0,0.0,0.0,0.0,0.0,0.0,0.0,0.0,0.0,0.0,0.0,1.645610638474175e-07,0.0,0.0,0.0,0.0,0.0,0.0,0.0,0.0,0.0,0.0,0.0,0.0,0.0,0.0,0.0,0.0,0.0,0.0,0.0,0.0,0.0,0.0,0.0,1.4433709589599386e-07,0.0,0.0,0.0,0.0,2.527756846500525e-06,0.0,8.886085344270364e-07,7.506504447829521e-08,0.0,0.0,8.155310024424676e-08,2.773774255224841e-07,0.0,0.0,0.0,1.275441954003618e-06
1994-12,4.155357188807822e-06,0.0,0.0,9.778573393993267e-08,0.0,0.0,1.3770328474460928e-08,2.632708996811867e-07,7.134870367396865e-08,0.0,4.524160614473985e-06,0.0,3.0348417268415143e-07,1.0862341089636768e-07,1.4928649360046453e-07,0.0,1.588767504973332e-07,5.729533585462962e-07,3.784555752503133e-07,2.8646014768152205e-08,8.194559385367103e-08,0.0,0.0,6.54437276375805e-08,0.0,6.236545720905255e-07,0.0,2.186613686364268e-06,1.0069805090552608e-07,1.224384316574137e-07,0.0,6.025562586200184e-07,2.1395753048422672e-07,0.0,1.572517920058747e-07,0.0,0.0,0.0,0.0,7.280818340238415e-08,7.537454178556738e-08,9.164008924910858e-08,0.0,1.178125345108888e-07,1.0632468987425287e-07,4.3374011464638806e-07,5.374813285749166e-06,3.0581744731332203e-06,2.7944000807439765e-07,1.3171432423216963e-06,8.12785033746065e-08,8.050672056633679e-08,1.2414374133281821e-07,8.736881722445564e-08,1.224063183103627e-07,6.271601851963113e-08,7.308207183796822e-08,7.589950815190156e-07
1995-01,0.0,0.0,0.0,0.0,0.0,0.0,0.0,0.0,4.086264115614264e-06,0.0,0.0,0.0,0.0,0.0,0.0,0.0,0.0,0.0,0.0,0.0,0.0,0.0,0.0,0.0,0.0,0.0,0.0,5.309610863814297e-07,0.0,8.119506689868182e-06,0.0,0.0,0.0,0.0,0.0,0.0,0.0,0.0,0.0,0.0,0.0,0.0,0.0,2.977867267618582e-06,0.0,3.730795387983897e-07,9.408536963269356e-07,1.407738892464927e-06,8.1185911273041e-07,3.171818166846363e-07,0.0,0.0,0.0,0.0,8.895172947434721e-07,0.0,0.0,0.0
1995-02,0.0,0.0,0.0,0.0,0.0,0.0,0.0,0.0,0.0,0.0,1.3225061477746131e-06,0.0,0.0,6.93127617307672e-07,0.0,0.0,0.0,6.649459698806864e-08,1.866151508451118e-07,2.4652675359512937e-07,0.0,0.0,0.0,0.0,0.0,2.5459959364601723e-07,0.0,0.0,0.0,0.0,0.0,0.0,0.0,0.0,0.0,0.0,0.0,0.0,0.0,0.0,0.0,0.0,0.0,1.6653316499066623e-06,0.0,6.76744299079702e-07,2.5814319661504602e-08,0.0,0.0,1.6327908107737982e-06,0.0,0.0,0.0,0.0,2.0195379537380626e-07,0.0,0.0,2.720735031051802e-07
1995-03,1.6939589283165165e-07,0.0,0.0,9.477786532127026e-08,0.0,0.0,4.957358413655577e-08,2.493053985286181e-07,3.3319510348320744e-06,0.0,4.2149206128851145e-07,0.0,3.006674761751316e-07,1.1376805185490252e-07,1.4219388296601853e-07,0.0,1.5422198539180588e-07,7.379310453256034e-07,2.5683312035246903e-08,2.490201365779182e-07,7.592168925617954e-08,4.047989457504626e-05,0.0,1.4943725760902666e-08,0.0,1.166534878701924e-06,0.0,5.3346084911455594e-08,1.0308093742058405e-07,1.5111166300452173e-07,0.0,5.873211335764017e-07,2.1498132118184798e-07,0.0,1.5964710616242496e-07,0.0,0.0,0.0,0.0,6.881659891488923e-08,7.555240184391188e-08,7.218556305376572e-08,0.0,1.479694676958139e-06,9.932331186851551e-08,5.396928677802414e-07,6.277999988622482e-08,8.041947257475882e-08,3.505153467290474e-07,2.6589758698250532e-08,8.188011224132332e-08,7.794449295089879e-08,2.9150623836194866e-08,8.08083838027239e-08,1.2573696844828814e-07,6.21047327320004e-08,1.0829804418024218e-06,6.606199042425223e-08
1995-04,0.0,0.0,0.0,0.0,0.0,0.0,1.649230125401538e-07,0.0,0.0,0.0,0.0,0.0,0.0,0.0,0.0,0.0,9.714246484687924e-06,0.0,0.0,1.3374190076601844e-06,0.0,0.0,0.0,1.0533787389667565e-06,0.0,1.802094993008414e-06,0.0,0.0,5.07399080227483e-07,0.0,0.0,0.0,0.0,0.0,0.0,0.0,0.0,0.0,0.0,1.0364902424991363e-06,0.0,0.0,0.0,3.614993833173791e-08,1.0537256373174819e-07,0.0,0.0,0.0,0.0,0.0,0.0,0.0,1.8368204033142322e-07,4.5511258103674016e-07,0.0,0.0,1.6262178579686538e-06,0.0
1995-05,0.0,0.0,0.0,9.464263004166953e-07,0.0,0.0,0.0,0.0,2.227874439122524e-06,0.0,0.0,0.0,0.0,0.0,2.8179991091156763e-07,0.0,0.0,9.81050863733438e-07,0.0,7.008191019814815e-07,3.6746731820466725e-07,0.0,0.0,0.0,0.0,1.0799119120561556e-07,0.0,7.312317143999894e-07,0.0,0.0,0.0,0.0,0.0,0.0,0.0,0.0,0.0,0.0,0.0,0.0,2.2947355524186378e-07,6.79944629041234e-07,0.0,0.0,1.7675987280136655e-06,4.544193271068253e-07,0.0,0.0,4.0098589079690454e-07,0.0,0.0,0.0,0.0,1.3227081693366062e-06,0.0,0.0,0.0,0.0
1995-06,0.0,0.0,0.0,2.297286631882306e-06,0.0,0.0,1.3122038550211803e-06,0.0,0.0,0.0,0.0,0.0,0.0,9.647205715303253e-08,0.0,0.0,0.0,1.2344317464569287e-07,1.108948490417606e-06,1.155052144684504e-06,3.4988877414471666e-07,7.831536101380044e-07,0.0,0.0,0.0,1.8337773225329153e-06,0.0,7.42292869767975e-07,0.0,0.0,0.0,0.0,0.0,0.0,0.0,0.0,0.0,0.0,0.0,0.0,0.0,1.8946077376733734e-07,0.0,3.179173342139699e-07,1.9306554555601622e-06,0.0,0.0,0.0,1.2500368331972538e-06,6.345111414823579e-07,0.0,1.6888933147400295e-06,0.0,2.2025561165798897e-06,0.0,0.0,0.0,0.0
1995-07,9.585267882069801e-07,0.0,0.0,1.135668420170724e-06,0.0,0.0,1.1876809402841647e-06,0.0,1.512404548588503e-06,0.0,0.0,0.0,0.0,1.0450603765548364e-06,4.952906062574841e-07,0.0,0.0,9.996604955717065e-07,1.2216910626589714e-06,0.0,1.8628094049945831e-06,0.0,0.0,5.558296357678405e-06,0.0,1.943351452419657e-06,0.0,1.6126727485954624e-07,0.0,0.0,0.0,3.6555364673909186e-06,0.0,0.0,0.0,0.0,0.0,0.0,0.0,0.0,0.0,0.0,0.0,1.2342671615609007e-06,6.584170478005705e-07,0.0,0.0,0.0,8.267804129959839e-09,1.214939329897048e-06,0.0,2.540373572186873e-07,0.0,2.1423204540741563e-07,0.0,2.7318905245683407e-07,2.983301083893362e-06,0.0
1995-08,0.0,0.0,0.0,3.9257239499679295e-07,0.0,0.0,9.068357116792693e-07,0.0,0.0,0.0,0.0,0.0,0.0,1.0837404057451525e-06,0.0,0.0,0.0,0.0,0.0,5.75250330919124e-07,0.0,0.0,0.0,0.0,0.0,0.0,0.0,5.940963748898367e-07,0.0,0.0,0.0,5.663497713024601e-06,0.0,0.0,0.0,0.0,0.0,0.0,0.0,1.1542024084529243e-06,0.0,2.6216117512166473e-06,0.0,1.8766680508875422e-06,1.3220900573555142e-06,0.0,0.0,7.872282267545258e-07,0.0,2.4458760520414816e-07,1.5362991132141582e-06,9.035812885856732e-07,0.0,1.4261926410412095e-06,0.0,0.0,0.0,0.0
1995-09,0.0,0.0,0.0,1.3796995267222854e-06,0.0,0.0,0.0,0.0,3.230905388197439e-07,0.0,0.0,0.0,0.0,1.7631257559950139e-06,1.4336232011739891e-08,0.0,0.0,0.0,0.0,0.0,2.301739969388303e-07,0.0,0.0,0.0,0.0,5.990473135061049e-07,0.0,0.0,1.209229539362852e-06,0.0,0.0,2.772592135051988e-06,0.0,0.0,0.0,0.0,0.0,0.0,0.0,6.637162185643454e-07,0.0,0.0,0.0,8.682862810516015e-07,1.1163929845807025e-06,0.0,0.0,5.784147337982715e-07,0.0,0.0,0.0,4.694872619035798e-07,0.0,0.0,0.0,0.0,0.0,0.0
1995-10,0.0,0.0,0.0,4.18343106893361e-06,0.0,0.0,2.268507219445326e-08,3.2558301698403235e-06,7.956936546293474e-07,0.0,0.0,0.0,0.0,0.0,1.3228593730828241e-06,0.0,0.0,0.0,6.597185362560883e-07,0.0,3.243707852275096e-06,0.0,0.0,0.0,0.0,0.0,0.0,0.0,0.0,0.0,0.0,6.738570561252266e-06,0.0,0.0,0.0,0.0,0.0,0.0,0.0,8.122579502839248e-07,0.0,0.0,0.0,1.1037819529975678e-07,7.587563526889954e-07,0.0,0.0,0.0,0.0,6.352756199263197e-07,1.8271072242270411e-07,7.442711365787912e-07,6.687125255524351e-07,0.0,0.0,0.0,0.0,0.0
1995-11,0.0,0.0,0.0,1.1697849260474382e-05,0.0,0.0,0.0,2.4005466481001603e-07,0.0,0.0,0.0,0.0,0.0,2.5967967232769297e-06,1.8712814365944019e-07,0.0,0.0,0.0,0.0,4.6226696709180967e-07,0.0,0.0,0.0,0.0,0.0,0.0,0.0,0.0,2.1699263191735723e-06,0.0,0.0,1.9264076362265073e-06,0.0,0.0,0.0,0.0,0.0,0.0,0.0,4.7416083808506093e-07,0.0,4.994215371329873e-07,0.0,9.499966743514721e-09,2.662410035087423e-07,0.0,0.0,0.0,0.0,3.2095058620233016e-08,3.461670640150478e-06,6.266501533217679e-07,0.0,0.0,0.0,0.0,2.787282134977462e-07,0.0
1995-12,0.0,0.0,0.0,1.5626644690636057e-06,0.0,0.0,5.457226707110945e-07,8.860922505911626e-06,0.0,0.0,0.0,0.0,0.0,1.6100087422428467e-06,0.0,0.0,0.0,0.0,7.266936718205502e-07,3.143588626542543e-08,0.0,0.0,0.0,0.0,0.0,1.1809598448328171e-07,0.0,0.0,1.7846590514959855e-06,0.0,0.0,2.074267257799273e-06,0.0,0.0,0.0,0.0,0.0,0.0,0.0,1.0225631571488466e-06,0.0,0.0,0.0,1.850363989994351e-06,4.292986421263953e-07,4.804710133058526e-08,0.0,1.2068210095387e-06,0.0,0.0,1.886374737548744e-06,3.4130195291707035e-07,0.0,0.0,0.0,0.0,0.0,0.0
1996-01,1.3385840956480628e-06,0.0,0.0,7.766235298203583e-07,0.0,0.0,1.2117623711997428e-06,5.421020042986169e-06,0.0,0.0,0.0,0.0,2.1433114526050178e-06,1.3036211594631766e-06,1.1949820754132423e-06,0.0,4.37773237692958e-07,1.1908988878223982e-07,8.471541263465245e-07,4.515930584003706e-07,3.607134483109564e-07,1.5074714099643643e-07,0.0,0.0,0.0,4.839459151014837e-07,0.0,0.0,8.224447990175799e-07,0.0,0.0,5.941587289368944e-06,1.039256895410727e-06,0.0,0.0,0.0,0.0,0.0,0.0,1.8183647326935302e-06,0.0,2.2083742097131766e-06,0.0,1.0197482812024026e-06,1.2682403963952677e-06,6.693531984750118e-07,2.3625349480209045e-07,7.062766054656972e-07,1.6651766118569167e-06,3.0102782029582942e-06,2.9727129194041003e-06,1.5322110041431844e-06,1.986329493657013e-08,0.0,0.0,0.0,0.0,0.0
1996-02,5.9264687444014755e-08,0.0,0.0,4.102408490626111e-07,0.0,0.0,1.8272595528189168e-07,4.971468945404179e-07,0.0,0.0,0.0,0.0,4.004583495549607e-06,2.195955446418485e-07,2.5722253582563527e-08,0.0,5.244791169197183e-07,2.3762620820487122e-07,1.1593125707496393e-06,0.0,0.0,0.0,0.0,0.0,0.0,8.883441348802139e-07,0.0,0.0,3.223643554582101e-07,0.0,0.0,0.0,1.4228369021354882e-06,0.0,0.0,0.0,0.0,0.0,0.0,0.0,0.0,0.0,0.0,8.308271810637258e-07,0.0,0.0,7.712555632772289e-07,5.075544244461001e-07,0.0,6.270890845168509e-07,0.0,0.0,3.3383783538469723e-07,0.0,0.0,0.0,0.0,0.0
1996-03,0.0,0.0,0.0,0.0,0.0,0.0,0.0,1.7929978121353219e-07,0.0,0.0,0.0,0.0,0.0,0.0,0.0,0.0,0.0,0.0,0.0,2.2109104476731157e-06,0.0,0.0,0.0,4.982266579431072e-07,0.0,0.0,3.854695339809823e-05,0.0,0.0,0.0,0.0,0.0,0.0,0.0,0.0,0.0,0.0,0.0,0.0,0.0,1.796784329142407e-06,2.3104384483646143e-06,0.0,0.0,0.0,0.0,0.0,0.0,3.4566338795757185e-07,0.0,6.300258856648672e-09,0.0,0.0,0.0,0.0,2.113318668687185e-06,0.0,0.0
1996-04,0.0,0.0,0.0,6.221553085544611e-06,0.0,0.0,0.0,0.0,0.0,0.0,0.0,0.0,0.0,0.0,0.0,0.0,7.119869491098025e-07,1.8205312059067086e-07,0.0,0.0,0.0,0.0,0.0,5.186727247124406e-09,0.0,5.885806661064044e-07,0.0,0.0,0.0,0.0,0.0,0.0,0.0,0.0,0.0,0.0,0.0,0.0,0.0,0.0,1.9689798691781038e-06,1.0486326405396568e-06,0.0,0.0,0.0,0.0,0.0,0.0,0.0,1.4427731866731297e-07,8.63144241875398e-08,0.0,0.0,0.0,3.896565678618014e-07,3.2760256239932443e-06,0.0,0.0
1996-05,0.0,0.0,0.0,5.73944722998157e-06,0.0,0.0,0.0,2.6898685229061887e-06,0.0,0.0,0.0,0.0,1.0257637159329924e-06,1.552991176503482e-06,1.4278365716982322e-06,0.0,9.682257534511692e-07,0.0,0.0,0.0,0.0,0.0,0.0,4.4096611682989815e-06,0.0,0.0,0.0,5.072389664266021e-07,1.707239662500245e-06,0.0,0.0,6.146129790946781e-06,1.2738955719454464e-06,0.0,0.0,0.0,0.0,0.0,0.0,8.181589426948035e-07,2.4545582894774445e-06,5.955450157669868e-06,0.0,1.6972468254894541e-06,8.770352369608034e-07,6.741926283438445e-07,6.834732736567817e-07,0.0,0.0,0.0,1.7603121574561038e-06,2.071372637555132e-06,0.0,0.0,1.7474315158053435e-06,9.433286913397739e-07,6.280269241759746e-06,1.5121704364429862e-07
1996-06,0.0,0.0,0.0,0.0,0.0,0.0,0.0,0.0,0.0,0.0,0.0,0.0,0.0,0.0,0.0,0.0,8.532667191446311e-07,3.2296237616714143e-06,0.0,0.0,4.6133965771234106e-08,0.0,0.0,0.0,0.0,0.0,0.0,3.082540855780837e-07,0.0,0.0,0.0,0.0,0.0,0.0,0.0,0.0,0.0,0.0,0.0,0.0,0.0,1.4293757654213965e-06,0.0,0.0,1.8873249472355705e-06,0.0,7.155395448400804e-07,0.0,0.0,0.0,0.0,0.0,0.0,0.0,0.0,0.0,0.0,1.0803919096480063e-06
1996-07,0.0,0.0,0.0,0.0,0.0,0.0,0.0,0.0,8.363461258852935e-08,0.0,0.0,0.0,0.0,2.2066155092669573e-06,0.0,0.0,0.0,0.0,0.0,0.0,0.0,0.0,0.0,0.0,0.0,0.0,0.0,0.0,1.342700296704205e-06,0.0,0.0,0.0,0.0,0.0,0.0,0.0,0.0,0.0,0.0,7.111435842523384e-07,0.0,7.726096755630123e-07,0.0,1.6974647027779567e-06,0.0,3.9137438564186904e-07,6.311501478306336e-07,0.0,0.0,1.981419401524378e-06,5.429798206625716e-07,1.374413953042948e-07,0.0,0.0,0.0,1.7972141402954578e-06,0.0,0.0
1996-08,0.0,0.0,0.0,0.0,0.0,0.0,0.0,0.0,0.0,0.0,0.0,0.0,0.0,0.0,0.0,0.0,0.0,8.35666382740484e-08,0.0,0.0,0.0,0.0,0.0,0.0,0.0,0.0,7.851533143304196e-07,0.0,0.0,0.0,0.0,0.0,0.0,0.0,0.0,0.0,0.0,0.0,0.0,6.588715106986553e-08,2.96683254871654e-07,0.0,0.0,2.070745555277101e-06,2.1206037062717343e-06,7.754155611713609e-07,0.0,2.3121884232701894e-08,0.0,2.3918169046570347e-07,0.0,0.0,0.0,0.0,0.0,1.959240185044099e-07,0.0,3.9960809928716e-06
1996-09,0.0,0.0,0.0,0.0,0.0,0.0,8.660598640231228e-08,2.444350494775052e-06,0.0,0.0,0.0,0.0,1.5893450730043862e-06,0.0,2.105335271815563e-06,0.0,0.0,1.608761439647402e-07,3.7489257679463805e-07,2.507626725890628e-06,0.0,0.0,0.0,0.0,0.0,0.0,1.3729017974816946e-06,0.0,0.0,0.0,0.0,0.0,1.0300675308007185e-06,0.0,0.0,0.0,0.0,0.0,0.0,3.259420235870676e-06,6.226052074476893e-07,2.327731670656863e-07,0.0,4.846399213151859e-07,7.40026283580119e-06,7.788023087101099e-07,0.0,0.0,2.085172848073823e-06,1.2010681878490761e-06,0.0,2.9065473371398635e-06,0.0,1.982146552919707e-06,1.576376573985714e-06,1.9998626743447518e-06,0.0,0.0
1996-10,3.2894825327809756e-06,0.0,0.0,0.0,0.0,0.0,0.0,3.6532640596345643e-08,0.0,0.0,8.368530442772749e-07,0.0,0.0,4.1306771779921895e-07,0.0,0.0,2.5791587176685405e-07,0.0,0.0,0.0,0.0,0.0,0.0,0.0,0.0,0.0,1.4244459886662495e-06,9.91484268024187e-07,0.0,1.3270415128770196e-06,0.0,0.0,0.0,0.0,0.0,0.0,0.0,0.0,0.0,7.547533811653635e-07,5.490818067167072e-07,0.0,0.0,2.210518325915005e-06,3.1888059001001503e-06,2.4324402394329746e-06,7.410412873431124e-07,7.202881097768294e-07,0.0,0.0,0.0,1.937655647003385e-06,0.0,0.0,7.682297791977815e-07,2.5674363100336577e-06,0.0,1.5371990443023217e-06
1996-11,1.4492738842752027e-06,0.0,0.0,0.0,0.0,0.0,7.533447999306595e-08,0.0,3.0348543135731537e-07,0.0,9.901537831836228e-07,0.0,0.0,4.395970244051861e-07,0.0,0.0,5.30882569772382e-07,1.959157691945313e-06,1.3175206188584515e-07,2.6280690125378775e-06,0.0,0.0,0.0,3.969401985081771e-07,0.0,0.0,0.0,4.5967138481151085e-07,4.517170823222991e-07,1.8312454675774374e-06,0.0,0.0,0.0,0.0,0.0,0.0,0.0,0.0,0.0,5.41344098584591e-07,4.312990370025187e-07,0.0,0.0,0.0,1.8879711436429054e-06,4.54127001632644e-07,0.0,7.115904894894192e-07,0.0,2.474043624121538e-07,0.0,3.3122622533774195e-07,2.4901343779840674e-06,0.0,0.0,0.0,5.582620271396676e-07,0.0
1996-12,1.3932651605745097e-06,0.0,0.0,0.0,0.0,0.0,1.0369514859711795e-06,2.6520506401961352e-06,4.6861590579182386e-07,0.0,3.049091397211712e-07,0.0,0.0,2.950732430631188e-06,0.0,0.0,1.8189496080647968e-06,1.9842190546950285e-06,0.0,0.0,0.0,0.0,0.0,7.629302375674659e-07,0.0,0.0,0.0,6.639171094013942e-07,2.392995995926902e-06,2.873149079211719e-06,0.0,2.175577094541137e-06,0.0,0.0,0.0,0.0,0.0,0.0,0.0,2.2271047426647983e-06,0.0,0.0,0.0,0.0,3.420793846446703e-06,1.3600892102819325e-06,8.422973187305408e-07,2.1283902354698564e-06,0.0,2.1454169598310884e-06,1.3477154102632238e-06,2.199536805565068e-06,1.8969219415627786e-07,0.0,0.0,0.0,0.0,0.0
1997-01,0.0,0.0,0.0,0.0,0.0,0.0,3.60624830411967e-07,0.0,0.0,0.0,1.5995269269020451e-06,0.0,0.0,0.0,4.051950042629274e-07,0.0,0.0,1.261802841577387e-06,6.181407660900018e-07,4.5066639041386504e-07,0.0,0.0,0.0,0.0,0.0,2.6050317284428623e-07,0.0,0.0,0.0,1.4691965423133876e-06,0.0,0.0,0.0,0.0,0.0,0.0,0.0,0.0,0.0,0.0,0.0,1.1921020943539766e-07,0.0,4.579875801989028e-07,5.082838627692953e-06,1.31620601021655e-06,0.0,1.9140597276663847e-06,0.0,0.0,7.896964523479606e-08,2.199278998236017e-06,0.0,0.0,0.0,0.0,0.0,5.970177169131556e-07
1997-02,1.0886368197178808e-06,0.0,0.0,2.6864827449947505e-06,0.0,0.0,8.376877250017983e-07,0.0,8.206069709775672e-07,0.0,0.0,0.0,0.0,0.0,0.0,0.0,1.1718836220408446e-06,0.0,1.550426259022535e-06,0.0,0.0,7.725724377310034e-07,0.0,2.856742343051201e-07,0.0,2.9098957245500874e-06,0.0,0.0,3.6528198047087666e-07,3.6055940469820124e-06,0.0,0.0,0.0,0.0,0.0,0.0,0.0,0.0,0.0,0.0,0.0,0.0,0.0,6.785721080388371e-07,0.0,0.0,0.0,0.0,2.4155299568875828e-06,0.0,0.0,1.0455659873102423e-06,0.0,6.166288728739026e-07,0.0,0.0,3.6461146759345607e-07,0.0
1997-03,3.6777065489361495e-07,0.0,0.0,0.0,0.0,0.0,1.2112870668794259e-06,0.0,7.541821708971168e-07,0.0,0.0,0.0,2.9851793662493688e-06,7.702152083142594e-07,4.788689816351805e-06,0.0,1.4723574040266876e-06,3.3537372286815416e-07,2.2649834185331023e-06,0.0,1.0615670812072383e-06,0.0,0.0,0.0,0.0,5.180078114416994e-07,0.0,0.0,1.959963387856822e-06,0.0,0.0,3.938117807144342e-06,1.9289360401835433e-06,0.0,0.0,0.0,0.0,0.0,0.0,6.92034796112755e-06,0.0,0.0,0.0,0.0,0.0,0.0,1.5445644489256414e-06,0.0,2.658343868990821e-06,1.6666809284911107e-06,0.0,1.8667014537563019e-06,0.0,1.651208552883289e-06,0.0,1.0584548909469208e-07,1.840254326534313e-08,0.0
1997-04,0.0,0.0,0.0,1.4482781293918278e-06,0.0,0.0,2.1075710480225608e-07,1.4185551284034426e-06,1.5919669777670656e-07,0.0,0.0,0.0,1.6138982496599342e-06,0.0,1.3813940009048606e-06,0.0,3.781252852099251e-08,0.0,8.858811542472919e-07,0.0,2.7684531525478187e-06,0.0,0.0,0.0,0.0,1.013500283429461e-07,0.0,0.0,0.0,0.0,0.0,0.0,1.9382218720935608e-06,0.0,0.0,0.0,0.0,0.0,0.0,0.0,0.0,0.0,0.0,0.0,0.0,0.0,9.884730342946679e-07,0.0,4.854390654236495e-06,0.0,1.0938757230081232e-06,0.0,0.0,3.933931392879488e-06,7.683818374760142e-07,0.0,0.0,0.0
1997-05,3.998260836857934e-07,0.0,0.0,0.0,0.0,0.0,0.0,1.6724217990758406e-06,3.185511981591699e-07,0.0,0.0,0.0,1.9398524181559322e-06,2.4258151258682583e-07,8.40449105085371e-07,0.0,1.388980735826384e-06,6.910361626455333e-07,1.4704580231180743e-06,0.0,0.0,0.0,0.0,0.0,0.0,0.0,0.0,0.0,0.0,1.5698038682565584e-08,0.0,0.0,3.6981165351521183e-07,0.0,1.6836466129496742e-07,0.0,0.0,0.0,0.0,1.038320158928876e-06,0.0,0.0,0.0,3.890373339888249e-06,0.0,1.0714729645815887e-06,0.0,0.0,2.470537328153749e-08,0.0,0.0,0.0,1.4388125078961446e-06,4.413255630355377e-07,0.0,3.960264218169883e-07,0.0,0.0
1997-06,3.3335404089895466e-06,0.0,0.0,0.0,0.0,0.0,9.280309437425145e-07,9.071762251899595e-07,7.733969838505106e-07,0.0,0.0,0.0,3.315511746435476e-06,8.185398928859667e-07,8.112924591774616e-06,0.0,0.0,4.274957978045776e-07,1.6972988664270454e-06,4.6966594617011726e-07,2.0478473991120754e-06,2.0735829800984723e-06,0.0,0.0,0.0,0.0,1.6030841424253402e-06,0.0,0.0,2.21248768118492e-06,0.0,4.27322563512203e-06,2.1985519280963984e-06,0.0,1.425529141322629e-06,0.0,0.0,0.0,0.0,3.1575611319355803e-06,0.0,0.0,0.0,0.0,0.0,9.301169344345904e-07,0.0,6.759666330082432e-07,0.0,0.0,0.0,2.5373069224936264e-07,3.208094633594914e-07,0.0,0.0,3.429646378673417e-07,0.0,3.2015756707545406e-07
1997-07,0.0,0.0,0.0,1.208707421830116e-07,0.0,5.9333159027576856e-05,7.723931213583675e-07,0.0,0.0,0.0,0.0,0.0,0.0,0.0,0.0,0.0,0.0,5.16220668800053e-07,1.0675242328373676e-06,0.0,0.0,2.034010265576168e-06,0.0,0.0,0.0,0.0,2.6519868197734664e-06,0.0,0.0,3.0160105244515305e-06,0.0,0.0,0.0,0.0,0.0,0.0,0.0,0.0,0.0,1.3342058709532763e-06,0.0,1.7191403537309552e-07,0.0,2.3324719067208607e-06,0.0,0.0,0.0,2.393553957931553e-07,0.0,0.0,0.0,5.388055345509822e-06,5.077471085293498e-07,0.0,0.0,4.594744169533413e-09,1.0114091693582891e-07,0.0
1997-08,1.4096133424925384e-06,0.0,0.0,0.0,0.0,0.0,3.585413902533717e-07,2.5833298804382733e-07,6.404461454407491e-07,0.0,0.0,0.0,0.0,1.981870256577471e-06,0.0,0.0,0.0,1.5776924737604792e-06,0.0,9.967945910594762e-07,0.0,3.6671488992511966e-06,0.0,0.0,0.0,0.0,0.0,0.0,1.4527388550645629e-06,2.457340746508857e-06,0.0,0.0,0.0,0.0,0.0,0.0,0.0,0.0,0.0,2.712337994098594e-06,0.0,0.0,0.0,0.0,0.0,9.088252239546658e-07,0.0,1.6354570322691282e-06,0.0,0.0,1.1090511573779472e-06,0.0,1.2949478675274677e-06,0.0,0.0,8.827992336771229e-07,0.0,0.0
1997-09,0.0,0.0,0.0,0.0,0.0,0.0,0.0,0.0,3.4672312599032945e-08,0.0,0.0,0.0,0.0,0.0,0.0,0.0,0.0,8.720845884877364e-07,0.0,0.0,0.0,5.421521750422625e-07,0.0,0.0,0.0,0.0,5.234770562664443e-07,0.0,0.0,1.542142389198281e-06,0.0,0.0,0.0,0.0,0.0,0.0,0.0,0.0,0.0,0.0,0.0,0.0,0.0,0.0,0.0,0.0,0.0,4.353188068391412e-08,2.3930243746416934e-06,9.76188767387004e-07,2.9579602679236097e-07,0.0,1.640392930772009e-07,0.0,0.0,9.543884642337354e-07,0.0,0.0
1997-10,7.088404509396074e-07,0.0,0.0,0.0,0.0,0.0,0.0,6.051025565346299e-06,6.9246562188169e-07,0.0,8.31642141925229e-07,0.0,0.0,0.0,0.0,0.0,0.0,0.0,0.0,1.0452399220083585e-06,0.0,7.134775601628854e-07,0.0,0.0,0.0,2.1980972797727704e-07,1.6674936633054374e-06,0.0,0.0,0.0,0.0,0.0,0.0,0.0,0.0,0.0,0.0,0.0,0.0,0.0,0.0,1.1814169097432159e-07,0.0,0.0,0.0,8.083927265329152e-08,0.0,0.0,0.0,3.9307511096872693e-07,0.0,1.591205991317228e-06,0.0,0.0,0.0,0.0,3.2886332123879296e-07,1.0187906882232063e-06
1997-11,0.0,0.0,0.0,0.0,0.0,0.0,0.0,0.0,8.770098658888309e-08,0.0,1.7048505942385273e-07,0.0,0.0,0.0,0.0,0.0,0.0,1.7329040199339091e-06,3.766676045962045e-07,1.8257940170473068e-07,0.0,0.0,0.0,0.0,0.0,9.495605172299363e-07,0.0,0.0,0.0,0.0,0.0,0.0,0.0,0.0,0.0,0.0,0.0,0.0,0.0,9.697642532288698e-07,0.0,0.0,0.0,0.0,0.0,0.0,8.854256502074647e-07,0.0,1.6601505534092828e-06,9.873484011370497e-07,0.0,0.0,0.0,2.63866507445594e-07,0.0,0.0,0.0,4.275752114006916e-07
1997-12,7.702585004889379e-07,0.0,0.0,0.0,0.0,0.0,4.4105144429329796e-07,0.0,2.2190745987256226e-07,0.0,0.0,0.0,0.0,0.0,0.0,0.0,0.0,1.5833815765853994e-07,0.0,0.0,2.49832037890467e-07,0.0,0.0,0.0,0.0,0.0,0.0,0.0,0.0,6.459098939528216e-07,0.0,0.0,0.0,0.0,0.0,0.0,0.0,0.0,0.0,7.37153903915086e-07,0.0,0.0,0.0,0.0,0.0,1.5081984507042957e-06,1.1580943891048439e-06,8.436098141278887e-07,1.4674584646222692e-06,4.4770184040652824e-07,0.0,0.0,0.0,1.3168198643461297e-06,0.0,1.0854867459501177e-08,6.21923713891321e-08,2.7531202204638535e-07
1998-01,0.0,0.0,0.0,0.0,0.0,0.0,0.0,0.0,1.1477620813034015e-06,0.0,0.0,0.0,0.0,0.0,0.0,0.0,0.0,4.4520454656596377e-07,1.400432437019608e-07,0.0,4.34463288420197e-06,1.5826745262188801e-06,0.0,0.0,0.0,0.0,3.7746588525632356e-07,0.0,0.0,1.7898350692990423e-06,0.0,0.0,0.0,0.0,0.0,0.0,0.0,0.0,0.0,2.789100083221696e-07,0.0,0.0,0.0,0.0,0.0,4.62547267458964e-06,6.422680245245852e-07,7.247357468478446e-07,0.0,4.417222705614598e-07,0.0,0.0,0.0,0.0,6.306135722449549e-07,4.248862686154053e-07,5.46708799119517e-07,1.2021309028107837e-06
1998-02,0.0,0.0,0.0,0.0,0.0,0.0,7.665571174558482e-07,1.438005618778604e-06,9.58595819833435e-07,0.0,0.0,0.0,0.0,6.641827328953548e-07,0.0,0.0,0.0,5.720961915039641e-06,1.6898725283976367e-07,9.5504294370009e-08,0.0,0.0,0.0,0.0,0.0,0.0,0.0,1.6827955033596916e-06,3.3057384399919066e-07,0.0,0.0,0.0,0.0,0.0,0.0,0.0,0.0,0.0,0.0,3.371923232803331e-06,6.656490232005082e-07,0.0,0.0,0.0,0.0,0.0,4.309068493360824e-07,1.8838119192535856e-06,0.0,6.386964023166057e-07,3.075694202969055e-07,0.0,0.0,0.0,1.8444133344556814e-06,1.0109324673306351e-06,2.2080168738143092e-07,8.145643239220665e-07
1998-03,0.0,0.0,0.0,0.0,0.0,0.0,0.0,0.0,1.0878450727015987e-06,0.0,0.0,0.0,0.0,9.573562990616847e-07,0.0,0.0,0.0,0.0,0.0,2.401834328558117e-07,3.5159428338695855e-06,2.4757566598559226e-06,0.0,0.0,0.0,0.0,1.3567095019066667e-06,5.917172388818018e-07,2.8264349027784867e-07,2.208975234922528e-06,0.0,0.0,0.0,0.0,0.0,0.0,0.0,0.0,0.0,0.0,6.510561691459964e-07,0.0,0.0,0.0,0.0,7.60314466664698e-07,4.479336136545258e-07,0.0,0.0,0.0,4.601264539752792e-07,0.0,0.0,0.0,4.5223649154747107e-07,8.876677935931495e-07,2.9239508471686633e-07,7.881076664626521e-07
1998-04,0.0,0.0,0.0,0.0,0.0,0.0,0.0,0.0,0.0,0.0,0.0,0.0,0.0,4.209844417796288e-06,0.0,0.0,5.574245059149611e-06,0.0,0.0,0.0,5.876215233084556e-07,2.028867299313841e-06,0.0,0.0,0.0,0.0,1.632808386881783e-06,0.0,5.1674366556816146e-06,2.2700840452788417e-06,0.0,0.0,0.0,0.0,0.0,0.0,0.0,0.0,0.0,2.0305756817709345e-06,1.5978599421092103e-07,0.0,0.0,0.0,0.0,0.0,0.0,0.0,1.1278553425972046e-07,0.0,7.827089880138913e-07,8.316053587118094e-07,2.4490197097803806e-07,0.0,3.622741528533476e-06,8.635281492791469e-08,4.775120598672633e-07,0.0
1998-05,0.0,0.0,0.0,0.0,0.0,0.0,0.0,2.7909162340986476e-06,2.8198921657023e-06,0.0,0.0,0.0,0.0,0.0,0.0,0.0,4.456187542354537e-07,0.0,0.0,3.555960236500278e-07,5.331293342667881e-07,7.083025895825157e-07,0.0,0.0,0.0,0.0,3.419603911890036e-07,6.636954277185608e-07,0.0,7.045710661914285e-07,0.0,0.0,0.0,0.0,0.0,0.0,0.0,0.0,0.0,4.9176147474329604e-06,6.395448015671517e-07,6.161641197652625e-08,0.0,0.0,0.0,0.0,0.0,0.0,4.1856065112309654e-07,1.9515181771228348e-07,7.32057443726451e-07,6.106260515800071e-08,0.0,0.0,0.0,3.816503282513088e-07,8.322806967500964e-07,0.0
1998-06,1.1476549323138977e-06,0.0,0.0,1.8819277617654757e-06,0.0,1.4766807144581395e-06,4.423089401522223e-07,2.0638775433275555e-06,4.986266418525072e-07,0.0,1.7874775833304351e-06,0.0,9.608114820045533e-07,9.751443919382291e-07,2.4973232008112107e-06,0.0,7.07035995018198e-07,1.4785182479714957e-06,1.5451156408440546e-07,1.7153650142219187e-07,3.690636379741971e-06,3.1670099177615214e-06,2.9072748061754545e-05,2.958962771012555e-07,0.0,3.707150222816286e-07,2.491334144842799e-06,4.232885197148796e-07,8.211038422373946e-07,3.4812803244415327e-06,0.0,4.189555403729117e-06,1.5597327786560228e-06,0.0,1.0878187989121768e-06,0.0,0.0,0.0,0.0,1.6881177527992321e-06,3.8956857542429144e-07,3.2413815334520617e-07,0.0,6.290594524424078e-07,9.41422873424018e-07,3.525048462624317e-07,3.5574383438957345e-07,1.3050880507009393e-06,3.169438652726852e-07,1.5475495927059613e-07,3.0807871876244347e-07,1.5036583989045395e-06,3.747943816889421e-07,4.1031446878270205e-07,7.064550003639189e-07,2.875624756139925e-07,2.682036713934546e-07,6.694034759969596e-07
1998-07,2.8212552397695325e-07,0.0,0.0,2.1380429015561e-06,0.0,3.874715305520471e-07,1.0762623061011042e-07,5.376017840510728e-07,1.0876233659366553e-06,0.0,4.7289587445707716e-07,0.0,5.760503790919469e-07,2.5245604999857285e-07,3.983966256763533e-07,0.0,1.8441952080435266e-07,8.599045239330791e-08,5.796169892549616e-07,6.166626238002758e-08,2.0804935207874992e-07,1.8155169799720373e-07,1.7501947066585546e-07,1.5802310097309812e-06,0.0,9.749623934854346e-08,1.628732046598906e-07,1.1239021063075977e-07,2.096891235569068e-07,1.4179564970518976e-06,0.0,1.1015802229000504e-06,4.122805390802398e-07,0.0,2.9064901561193927e-07,0.0,0.0,0.0,0.0,6.18245964130253e-07,2.272413286238794e-07,8.899861582971347e-08,0.0,1.590782925641708e-07,7.493998493483603e-07,9.995208612006631e-08,8.862668478707564e-08,1.5442923115506143e-07,8.772230008629798e-08,4.537887189516154e-08,7.788996473269069e-08,1.407916009716903e-07,8.990195130557759e-08,3.2999873435779135e-07,1.819877503993275e-07,9.505120723968599e-07,9.256940321934627e-07,1.0506011764734382e-07
1998-08,1.6809052579134301e-06,0.0,0.0,4.0893822071018385e-06,0.0,2.3329321570905726e-06,6.447316690299486e-07,3.1712581205965705e-06,7.559421306288436e-07,0.0,2.902208826632141e-06,0.0,3.495752621420115e-06,1.5577983825277587e-06,2.4301716508033365e-06,0.0,1.0730554154394986e-06,5.240211952828137e-07,3.78932937931324e-07,3.856606596123972e-07,1.9612626014118146e-06,1.7917918822113848e-06,1.090723841853266e-06,4.450316888517276e-08,0.0,6.150500869882454e-07,1.121946238750858e-06,6.976631279359269e-07,1.2962461808821297e-06,2.6025679319693836e-06,0.0,6.695818045787394e-06,2.500367282173649e-06,0.0,1.7527737614325899e-06,0.0,0.0,0.0,0.0,2.2444932812058226e-06,2.900233658725375e-07,4.647070301718563e-07,0.0,9.034844927376315e-07,2.2536912590866014e-06,5.992380077022782e-07,5.618234115656005e-07,8.894928885522444e-07,5.050561746353793e-07,1.7268869765078333e-07,4.30859729259778e-07,2.77588510288293e-06,5.348881199245172e-07,8.113015736850582e-07,1.0114249648954243e-06,4.2935335850087866e-07,2.815685238744415e-07,5.604817802647571e-07
1998-09,2.020574248484626e-06,0.0,0.0,3.875023825970949e-06,0.0,2.941650025809678e-06,8.361930668951481e-07,3.88873562171431e-06,9.77725534675497e-07,0.0,7.831218819594351e-06,0.0,4.561083771777733e-06,2.008211805889698e-06,4.083672289141083e-06,0.0,9.151820375639039e-07,1.255571158636299e-06,3.244851201083532e-07,4.7022339531752403e-07,3.0159239897737357e-06,2.8365787661411258e-06,1.249685925578066e-06,6.150853736661913e-07,0.0,7.789612958896546e-08,1.2280572454294001e-06,7.673197507916084e-07,1.7549390933403117e-06,3.498205474921183e-06,0.0,8.628399949187016e-06,3.2896541990588557e-06,0.0,4.2499015726424685e-06,0.0,0.0,0.0,0.0,6.337433597997621e-07,3.594957434221481e-08,1.537166237435151e-07,0.0,1.1618713909267824e-06,1.6387798636866777e-06,6.494029512151955e-07,6.601828671699301e-07,1.098094268758041e-06,5.83776727722335e-07,1.4105968451708864e-07,3.337658352671573e-07,1.0071371942383494e-06,6.771718509669973e-07,7.404560502338557e-07,1.2706540561494735e-06,2.0882457537018536e-08,9.782777755931726e-08,6.279868749531434e-07
1998-10,0.0,0.0,0.0,0.0,0.0,0.0,2.58799443908617e-06,0.0,3.113579150591999e-06,0.0,0.0,0.0,0.0,0.0,0.0,0.0,3.1780005483376013e-06,6.702130031059784e-07,5.815923101910332e-07,1.5625213796098252e-06,0.0,0.0,0.0,1.1962168568764881e-06,0.0,2.3279487674090303e-06,0.0,1.9586571839576053e-06,0.0,0.0,0.0,0.0,0.0,0.0,0.0,0.0,0.0,0.0,0.0,0.0,0.0,1.3313777826143396e-06,0.0,0.0,0.0,0.0,5.13718765694277e-07,0.0,1.1956847463597126e-06,0.0,1.276106861568373e-06,0.0,6.266029884123767e-06,0.0,7.019343050204928e-07,0.0,1.133562602120589e-06,0.0
1998-11,0.0,0.0,0.0,0.0,0.0,0.0,8.504305499322865e-07,0.0,2.212247987082184e-06,0.0,0.0,0.0,0.0,0.0,0.0,0.0,9.658387063704091e-06,0.0,0.0,3.5500258511316984e-07,0.0,8.329662295601358e-07,1.979501509355462e-06,0.0,0.0,1.3744665860762965e-07,0.0,6.488421459799574e-07,0.0,0.0,0.0,0.0,0.0,0.0,0.0,0.0,0.0,0.0,0.0,6.364202571965163e-07,5.158728592315701e-07,0.0,0.0,0.0,0.0,0.0,9.330370269216397e-07,0.0,0.0,8.15017060255171e-07,4.777639875628206e-07,1.5428865357907072e-06,2.7489264039554407e-06,0.0,0.0,3.252239439071308e-07,0.0,3.4666569817039077e-07
1998-12,0.0,0.0,0.0,4.122870271432294e-07,0.0,0.0,6.867418211989572e-07,0.0,6.60489645185277e-07,0.0,0.0,0.0,0.0,0.0,0.0,0.0,0.0,0.0,0.0,0.0,0.0,1.2732120293950482e-06,0.0,0.0,0.0,0.0,9.041024590561789e-08,0.0,0.0,1.5915148773909538e-06,0.0,0.0,0.0,0.0,0.0,0.0,0.0,0.0,0.0,5.1644352761053004e-08,1.3785882310211258e-06,0.0,0.0,0.0,0.0,0.0,2.677846465316859e-07,0.0,0.0,9.159803737271442e-07,8.275146405801563e-07,0.0,4.056316419260714e-07,0.0,0.0,1.5942897151369085e-06,0.0,1.4304805932529794e-06
1999-01,0.0,0.0,0.0,0.0,0.0,0.0,6.592918079820799e-07,0.0,1.0464173322807248e-06,0.0,0.0,0.0,0.0,0.0,0.0,0.0,3.061017643165669e-06,0.0,0.0,0.0,0.0,3.5148898455957186e-06,0.0,0.0,0.0,0.0,1.6449150423614722e-06,0.0,0.0,2.1113425516699305e-06,0.0,0.0,0.0,0.0,0.0,0.0,0.0,0.0,0.0,1.2958392133224673e-06,0.0,8.5806530903082e-07,0.0,0.0,0.0,0.0,6.937024391140394e-07,0.0,0.0,8.200142465511466e-07,1.6036059915762458e-06,0.0,0.0,0.0,0.0,0.0,2.441205715563548e-07,9.965173988896996e-07
1999-02,2.1659287244996244e-06,0.0,0.0,8.624003788114606e-07,0.0,0.0,5.731678022988796e-07,0.0,7.972738996416331e-07,0.0,0.0,0.0,0.0,0.0,0.0,0.0,0.0,0.0,5.640806415829281e-07,1.0440901485642435e-06,0.0,0.0,0.0,0.0,0.0,0.0,9.240773235526592e-08,5.843753580952807e-07,0.0,7.547897864335664e-07,0.0,0.0,0.0,0.0,0.0,0.0,0.0,0.0,0.0,1.6518789819830808e-07,0.0,0.0,0.0,0.0,0.0,0.0,6.237356577697608e-07,9.385173153174179e-07,7.2485705531755154e-09,6.702331566003665e-07,0.0,0.0,1.0097783741199358e-06,2.7221767288087944e-07,0.0,0.0,5.518342908586438e-08,3.0337632900329717e-06
1999-03,2.525021581912014e-06,0.0,0.0,8.858275942947442e-07,0.0,1.1763833695574017e-06,3.31692466252323e-07,6.501910352776558e-06,4.3307113454975e-07,0.0,1.4576951426282376e-06,0.0,1.7487484633983975e-06,7.707579457210401e-07,1.2715062071688848e-06,0.0,8.716490594512065e-07,2.7658377349647908e-08,1.353843393370538e-07,6.484069773660465e-07,4.211797492545178e-06,5.689765616444e-07,6.222838277686118e-07,2.6263302628139195e-07,0.0,3.369369542934389e-07,7.626301252521596e-07,2.9543502439487517e-07,6.517213618845649e-07,1.8175833101247222e-06,0.0,3.357214425741939e-06,1.2568618046705781e-06,0.0,8.380186710299012e-07,0.0,0.0,0.0,0.0,2.4068975064718937e-06,1.3553962454122999e-07,2.4902393316461256e-07,0.0,4.993351309239732e-07,6.542958132194354e-07,7.152220422659596e-07,2.743179085961216e-07,3.2719955875297815e-07,2.34793304413998e-07,7.048210207879959e-08,2.51418212716065e-07,2.5016395346677546e-06,3.4050222511109243e-07,1.5305860335323128e-07,5.425394339823621e-07,2.0624089033673305e-07,3.137100636332567e-07,9.939235942150322e-07
1999-04,0.0,0.0,0.0,0.0,0.0,0.0,1.7136410656133916e-06,0.0,0.0,0.0,0.0,0.0,0.0,0.0,0.0,0.0,0.0,4.6355653857125394e-07,0.0,0.0,0.0,0.0,0.0,0.0,0.0,4.959519712110401e-07,0.0,1.7409381336232158e-06,7.548761848501992e-07,0.0,0.0,0.0,0.0,0.0,0.0,0.0,0.0,0.0,0.0,0.0,4.672864885887522e-06,0.0,0.0,0.0,0.0,0.0,4.70030952617162e-07,0.0,0.0,0.0,0.0,0.0,1.5321524420212307e-06,0.0,0.0,3.919756292526538e-06,0.0,0.0
1999-05,1.7573218995285064e-06,0.0,0.0,0.0,0.0,0.0,1.6168505029940922e-06,3.880814907326502e-06,0.0,0.0,0.0,0.0,0.0,1.1695983235494797e-06,0.0,0.0,0.0,1.5144073557967452e-07,2.2448014519846697e-07,0.0,0.0,9.554624122523267e-07,1.511362665327573e-07,2.6251883483390075e-06,1.3074133080842926e-05,1.0267442696196006e-06,8.256186002322738e-07,1.7936959513470096e-06,1.955513265733809e-06,1.133410635212155e-07,0.0,0.0,0.0,0.0,1.0344177084096047e-06,0.0,0.0,0.0,0.0,0.0,0.0,1.3485543945647214e-06,0.0,0.0,0.0,0.0,0.0,0.0,0.0,4.719754951807414e-07,0.0,0.0,0.0,3.474033562078857e-07,1.162817428029192e-07,1.2801544464585406e-06,1.2012323268728518e-06,3.264835421755222e-07
1999-06,1.1001084167668942e-06,0.0,0.0,7.36264462516123e-08,0.0,9.767517764192046e-08,8.169052220191459e-07,3.1094129329538173e-06,3.5780202439439355e-08,0.0,1.2091411617597138e-07,0.0,1.4319236669828317e-07,6.193167075493194e-08,1.029038268630933e-07,0.0,3.774144638926322e-08,1.9708010863889876e-08,8.63782767188976e-08,1.060696655144338e-07,2.854046475330857e-07,1.0385718929429543e-06,1.3297050721065713e-06,2.5292180925663016e-08,1.949482322883417e-08,1.0079876796872598e-07,1.3117695175392658e-06,9.691487351047302e-07,5.482502993088556e-08,7.60034933893601e-07,0.0,2.777462840560241e-07,1.0193863328027131e-07,0.0,6.941980511973589e-08,0.0,0.0,0.0,0.0,2.5528541394020248e-08,1.7808375304146503e-08,2.316064136850468e-08,0.0,4.222648765487419e-08,5.059779848638063e-08,2.11027793214167e-08,2.3034945721006617e-08,5.4163521025440976e-08,2.009709254224487e-08,6.63796542244334e-07,2.5066627776373223e-08,3.260920335864531e-08,2.9108719817642905e-08,7.300281415338964e-09,6.868286732593723e-08,1.590727664466801e-08,2.1846886746869527e-07,1.759801861957004e-08
1999-07,2.0249643688960428e-07,0.0,0.0,6.484969853629841e-07,0.0,0.0,7.077048744256638e-07,0.0,2.653368534914678e-06,0.0,0.0,0.0,0.0,3.478061820041331e-07,0.0,0.0,0.0,0.0,0.0,1.9056307042673234e-06,0.0,3.949255316897174e-07,1.7534375742137913e-06,0.0,2.615860987959136e-08,2.496372412144697e-06,7.220848076662512e-08,3.768344233117463e-06,1.9640856095648473e-07,8.886634384694773e-07,0.0,0.0,0.0,0.0,1.91322548194324e-07,0.0,0.0,0.0,0.0,0.0,5.771922426887916e-07,3.7385856951319305e-07,0.0,0.0,0.0,0.0,2.0083933318559808e-06,1.7018786458185554e-06,0.0,0.0,0.0,0.0,0.0,7.684268837958239e-07,1.090075928675726e-06,8.389842370083306e-07,4.990263999257606e-07,4.97591990236303e-07
1999-08,1.0803246732908611e-08,0.0,0.0,0.0,0.0,0.0,0.0,2.3259579159509714e-07,2.9147171524463236e-07,0.0,0.0,0.0,0.0,0.0,0.0,0.0,0.0,0.0,6.041597634704474e-07,0.0,0.0,0.0,9.71962340325233e-07,0.0,0.0,0.0,0.0,0.0,0.0,0.0,0.0,0.0,0.0,0.0,0.0,0.0,0.0,0.0,0.0,0.0,1.590948049251334e-06,1.0078311171999015e-06,0.0,0.0,0.0,0.0,1.781515317141498e-07,9.304371878698196e-07,0.0,0.0,0.0,0.0,0.0,4.459703329110117e-07,0.0,9.294596701905876e-07,0.0,0.0
1999-09,0.0,0.0,0.0,0.0,0.0,0.0,0.0,0.0,1.8629248097890676e-06,0.0,0.0,0.0,0.0,0.0,0.0,0.0,7.994158340054805e-07,9.962285094271846e-07,5.311117120501592e-07,0.0,0.0,0.0,1.215341738237327e-07,9.767028850227525e-08,2.538039722554189e-07,0.0,0.0,2.43871714136323e-06,0.0,0.0,0.0,0.0,0.0,0.0,8.810014145411022e-07,0.0,0.0,0.0,0.0,0.0,9.874801314903627e-07,1.9901670254039717e-07,0.0,0.0,0.0,0.0,5.429771235153022e-08,0.0,0.0,3.4107563628242056e-07,1.7429078708162785e-07,0.0,1.2425183534280523e-06,0.0,0.0,5.091840534413843e-07,7.534381975929892e-08,0.0
1999-10,0.0,0.0,0.0,0.0,0.0,0.0,0.0,2.2797786229239446e-08,0.0,0.0,0.0,0.0,0.0,6.924403841524901e-07,0.0,0.0,0.0,0.0,9.060825505155861e-07,1.3397414268851126e-06,0.0,0.0,0.0,1.0998302778146876e-06,0.0,0.0,0.0,0.0,1.496023348308971e-06,0.0,0.0,0.0,0.0,0.0,1.98463797702024e-06,0.0,0.0,0.0,0.0,1.229940587861647e-07,9.942191690423524e-07,2.086642911625424e-06,0.0,0.0,7.425252898595931e-06,0.0,1.6276844205811645e-07,0.0,0.0,0.0,1.3691897931524637e-06,3.6076504239207846e-07,7.096765566061772e-07,0.0,0.0,8.127926184206981e-07,7.568635196376176e-07,0.0
1999-11,0.0,0.0,0.0,0.0,0.0,0.0,0.0,2.3375947496616368e-07,0.0,0.0,0.0,0.0,0.0,0.0,0.0,0.0,1.0055903614989598e-06,0.0,3.728193829419992e-07,1.2834002521265996e-06,0.0,0.0,0.0,2.6656615855206666e-07,1.2979937863590636e-06,0.0,0.0,0.0,0.0,0.0,0.0,0.0,0.0,0.0,3.8907470228106976e-07,0.0,0.0,0.0,0.0,1.3503286116209532e-06,0.0,7.294490102038587e-07,0.0,0.0,9.123166964154044e-07,0.0,5.48541304632999e-08,0.0,0.0,0.0,0.0,1.2775133944165455e-06,6.778981981722006e-07,0.0,0.0,0.0,1.1747762122853566e-06,0.0
1999-12,0.0,0.0,0.0,0.0,0.0,1.771703671808525e-07,0.0,4.677823491602839e-08,4.7158625830439477e-07,0.0,0.0,0.0,0.0,0.0,0.0,0.0,6.812837063114307e-07,9.900446780221911e-07,3.260323813603328e-06,0.0,1.4162998710780113e-06,0.0,3.147904920116143e-07,7.450076581042541e-07,1.9010577769886031e-06,0.0,0.0,0.0,4.952382768832198e-07,0.0,0.0,0.0,1.0358305061780315e-06,0.0,1.3289452186467446e-06,0.0,0.0,0.0,0.0,1.9403447749050292e-07,9.99034994720956e-07,7.726486024846532e-07,0.0,0.0,0.0,0.0,0.0,0.0,0.0,1.5356258471581159e-06,8.720538496350267e-07,1.2102900069510952e-06,4.7594111832525297e-07,0.0,0.0,9.060543989580731e-07,1.3179642432854729e-06,1.4314265163598764e-06
2000-01,0.0,0.0,0.0,2.1420575600367143e-07,0.0,2.744061084094848e-06,4.0745279420265415e-07,1.5768447757733838e-06,1.2968343975662544e-09,0.0,0.0,0.0,2.8111268485496584e-06,2.0031774572173283e-07,0.0,0.0,0.0,0.0,0.0,0.0,1.3406094785892304e-06,8.280813960861374e-07,0.0,5.770306911424272e-07,4.387317172081882e-06,0.0,1.839112938246297e-06,0.0,6.653531995079731e-07,8.48647251137237e-07,0.0,0.0,2.425549874829458e-06,0.0,1.8879190184404039e-06,0.0,0.0,0.0,0.0,2.270604553506923e-06,0.0,0.0,0.0,0.0,0.0,0.0,0.0,0.0,0.0,3.259455729044941e-08,4.4740088470984244e-07,3.539068426778452e-07,1.801969569745522e-06,3.499660058758746e-07,0.0,4.969852504948351e-07,1.939007083613161e-07,0.0
2000-02,0.0,0.0,0.0,9.72047644637434e-06,0.0,0.0,4.562433450628657e-07,0.0,3.0869254416980194e-06,0.0,0.0,0.0,0.0,2.9140312871634643e-06,0.0,0.0,0.0,2.6174232111167083e-07,0.0,0.0,0.0,0.0,2.6605149246630015e-07,0.0,0.0,4.6041027985038035e-07,0.0,7.232833860469634e-08,2.2517381713165545e-06,0.0,0.0,0.0,0.0,0.0,0.0,0.0,0.0,0.0,0.0,1.4463746446498494e-06,1.6712115610282262e-06,0.0,0.0,0.0,0.0,0.0,0.0,0.0,0.0,0.0,0.0,2.0446980052775294e-06,0.0,0.0,0.0,1.4229218623418029e-06,0.0,2.6957935531155e-07
2000-03,0.0,0.0,0.0,2.3255432079834977e-06,0.0,0.0,1.0446430802694417e-06,0.0,0.0,0.0,0.0,0.0,0.0,1.9833285402264465e-06,0.0,0.0,0.0,0.0,1.2477167494865548e-06,1.6251463596239287e-07,0.0,8.618617594092458e-07,6.019236275327384e-07,1.1705562091647235e-06,1.9071860090622545e-06,8.102617602313497e-08,4.309681933861453e-06,1.4957446372670345e-06,1.9197740994449307e-06,0.0,0.0,0.0,6.204558556599516e-09,0.0,0.0,0.0,0.0,0.0,0.0,1.0167663051879636e-05,2.0970127861983294e-06,0.0,0.0,0.0,0.0,0.0,0.0,0.0,0.0,0.0,1.7471914212470948e-06,0.0,1.3643428682171901e-06,0.0,0.0,1.2266373520402608e-06,2.826162481176838e-07,0.0
2000-04,0.0,0.0,0.0,2.075565841296055e-06,0.0,9.284679883826904e-07,9.408139031932082e-07,0.0,0.0,0.0,0.0,0.0,2.651940029806038e-06,2.6059741269398653e-06,0.0,0.0,0.0,2.879970655912216e-07,1.274606737729318e-07,1.0694719446246726e-06,0.0,4.0550943143074017e-07,0.0,9.052126395214418e-07,0.0,0.0,0.0,0.0,2.3596431203214418e-06,0.0,0.0,5.066311277488078e-06,7.335120375168147e-08,0.0,0.0,0.0,0.0,0.0,0.0,0.0,0.0,0.0,0.0,0.0,0.0,0.0,4.78085700045934e-07,2.3345357439692738e-07,0.0,0.0,1.691161571288624e-07,0.0,0.0,0.0,5.500945522841118e-07,0.0,7.45911633057917e-07,3.451634805228202e-07
2000-05,0.0,0.0,0.0,0.0,0.0,0.0,1.7038644265655532e-07,0.0,0.0,0.0,0.0,0.0,0.0,0.0,0.0,0.0,0.0,0.0,4.139700865918028e-07,2.8265105795383975e-07,2.9628146384623466e-08,5.551890616907231e-07,1.2903019119458252e-06,3.914930518165577e-07,0.0,0.0,0.0,2.585634906458592e-06,0.0,2.1205495341145021e-07,0.0,0.0,0.0,0.0,0.0,0.0,0.0,0.0,0.0,0.0,0.0,0.0,0.0,0.0,0.0,0.0,0.0,2.5729929876040085e-07,0.0,3.821274336834723e-07,0.0,4.4939545173050197e-07,0.0,0.0,0.0,0.0,6.549837523679852e-07,1.3641964679932933e-06
2000-06,0.0,0.0,0.0,0.0,0.0,0.0,0.0,0.0,2.353089156210353e-06,0.0,0.0,0.0,0.0,0.0,0.0,0.0,0.0,0.0,1.1091002217429175e-06,6.005309367057946e-07,0.0,0.0,0.0,1.5771376593583693e-06,0.0,0.0,0.0,2.2417785850339707e-06,0.0,0.0,0.0,0.0,0.0,0.0,0.0,0.0,0.0,0.0,0.0,0.0,2.7336680291975507e-06,2.027313217311394e-07,0.0,0.0,0.0,0.0,0.0,0.0,0.0,4.625657743963344e-06,0.0,1.804709942790781e-06,0.0,0.0,0.0,7.803466598539904e-07,0.0,0.0
2000-07,0.0,0.0,0.0,0.0,0.0,0.0,3.2283221755576366e-07,0.0,0.0,0.0,0.0,0.0,0.0,0.0,0.0,0.0,0.0,0.0,1.6130487715997422e-06,1.1038603260863228e-06,0.0,0.0,0.0,9.08609359891923e-07,0.0,0.0,0.0,1.8332139806679742e-06,0.0,0.0,0.0,0.0,0.0,0.0,0.0,0.0,0.0,0.0,0.0,0.0,5.714317252552438e-07,1.7678722494616218e-06,0.0,0.0,0.0,0.0,0.0,0.0,0.0,1.1622217207319166e-07,1.5940962124370122e-06,2.123990634436343e-08,1.8269372650255266e-06,3.2702072817802335e-06,0.0,1.648458552891358e-06,7.241362626802285e-07,0.0
2000-08,0.0,0.0,0.0,0.0,0.0,0.0,0.0,0.0,1.5393493500885091e-06,0.0,0.0,0.0,0.0,0.0,0.0,0.0,0.0,0.0,0.0,7.975041329371154e-07,0.0,0.0,3.335853593459337e-06,1.6599439709852372e-06,0.0,0.0,0.0,4.304039176373427e-06,0.0,0.0,0.0,0.0,0.0,0.0,0.0,0.0,0.0,0.0,0.0,3.2980244704440744e-06,0.0,1.6551649889978634e-06,0.0,0.0,0.0,0.0,0.0,0.0,4.0999929800810895e-07,0.0,1.0598047589511391e-06,3.0248099172035663e-06,0.0,7.347385014629671e-07,0.0,0.0,1.378701065221576e-06,0.0
2000-09,0.0,0.0,0.0,0.0,0.0,0.0,2.228795520806251e-06,0.0,8.556557537036728e-07,0.0,0.0,0.0,0.0,0.0,0.0,0.0,0.0,5.372901839410961e-07,1.2648891356995402e-06,1.5972868750755813e-06,3.5765136448206657e-07,1.7765752204313771e-06,5.3776197272488446e-08,9.084850364543297e-07,6.64288658228096e-08,0.0,0.0,0.0,2.797836772082882e-07,0.0,0.0,0.0,0.0,0.0,0.0,0.0,0.0,0.0,0.0,0.0,1.4698128708221323e-06,3.2481034868706015e-08,0.0,0.0,0.0,0.0,0.0,0.0,0.0,1.0094798514675153e-06,1.7269453083531803e-06,0.0,0.0,0.0,1.5777972452466067e-06,1.474343603960782e-06,4.7560514100291815e-07,0.0
2000-10,0.0,0.0,0.0,0.0,0.0,0.0,0.0,0.0,0.0,1.2517479729543934e-05,0.0,0.0,0.0,0.0,0.0,0.0,0.0,0.0,0.0,6.429174643105759e-07,0.0,4.843416140470798e-07,9.502168190760538e-07,0.0,0.0,0.0,0.0,0.0,0.0,0.0,0.0,0.0,0.0,0.0,0.0,0.0,0.0,0.0,0.0,0.0,0.0,0.0,0.0,0.0,0.0,0.0,0.0,0.0,2.4251873518960424e-07,8.269230617304404e-07,0.0,0.0,0.0,0.0,0.0,0.0,0.0,0.0
2000-11,5.178851251801884e-07,0.0,0.0,8.812291597059749e-07,0.0,1.0271331716789901e-06,2.2843445029875967e-07,2.4860115336775012e-06,1.3860485944564362e-06,1.6978485517775943e-07,1.1688858467225755e-06,0.0,1.5584396205595986e-06,6.116013903045906e-07,1.0081341723657683e-06,9.555950905085807e-06,3.5808931794806615e-07,1.5982432252303024e-07,1.3105881775869396e-07,2.2092047851319726e-07,3.9941652947543887e-07,4.543461433061981e-07,5.124469563557791e-07,3.472673389901364e-07,1.5045854732938756e-07,2.302473484195166e-07,2.4168576415705206e-07,4.913282092912398e-07,5.803884370724766e-07,6.928715960745104e-07,0.0,2.8960361043552096e-06,1.1135661091468408e-06,0.0,8.347489873176615e-07,0.0,0.0,0.0,0.0,6.310645010253486e-07,9.980000034276285e-07,2.79786314890642e-07,0.0,4.639377319199771e-07,3.630927664208007e-07,1.9755552972571153e-07,2.5757584081650615e-07,2.1301157887394091e-07,2.749898634433999e-07,1.0662239916308172e-07,2.816364604217858e-07,5.067469472999804e-07,2.9446957286518793e-07,2.799878148358297e-07,5.391570286632785e-07,1.2425028849186778e-06,2.469618430840023e-07,1.6046119296560594e-07
2000-12,0.0,0.0,1.5477954590085344e-05,0.0,0.0,0.0,9.576502526955425e-07,0.0,1.3428336857444768e-07,0.0,0.0,0.0,0.0,0.0,0.0,0.0,0.0,0.0,1.1241145470623284e-06,1.0029864442272219e-07,0.0,0.0,0.0,0.0,9.444246703465033e-07,0.0,0.0,0.0,0.0,0.0,0.0,0.0,0.0,0.0,0.0,0.0,0.0,0.0,0.0,1.0018581971223996e-07,0.0,0.0,0.0,0.0,0.0,9.256181440196864e-07,0.0,1.7947629560768724e-07,2.4133621001039307e-06,2.865168880642831e-06,2.135865936700003e-07,0.0,0.0,0.0,0.0,1.544414337347061e-07,3.60862199086584e-07,0.0
2001-01,0.0,0.0,0.0,0.0,0.0,0.0,1.659085202630594e-07,0.0,0.0,0.0,0.0,0.0,0.0,0.0,0.0,0.0,3.122644689313933e-07,1.121507193887622e-07,1.2093118675701766e-06,2.4287285101274992e-06,0.0,0.0,0.0,7.98280331860926e-07,1.0604323746293988e-06,1.5355807138424312e-06,0.0,0.0,0.0,0.0,0.0,0.0,0.0,0.0,0.0,0.0,0.0,0.0,0.0,1.1462493293451452e-06,0.0,0.0,0.0,0.0,3.558650510076082e-07,1.8263850392067453e-06,0.0,1.2165400664539036e-06,0.0,3.911146984240688e-06,0.0,0.0,9.84559322449001e-07,0.0,0.0,3.178696977419477e-07,7.008315146372762e-07,0.0
2001-02,0.0,0.0,0.0,0.0,0.0,0.0,7.139481004018863e-06,0.0,0.0,0.0,0.0,0.0,0.0,0.0,0.0,0.0,1.1838107351920882e-07,1.3520279707897667e-06,2.1193741372948875e-07,0.0,0.0,0.0,0.0,2.542489087761328e-07,0.0,2.6283861698506856e-07,0.0,0.0,0.0,0.0,0.0,0.0,0.0,0.0,0.0,0.0,0.0,0.0,0.0,1.1490327337831535e-06,0.0,0.0,0.0,0.0,7.306613486607675e-07,0.0,0.0,7.912627927714015e-08,0.0,9.310342515647386e-07,1.0664973559222703e-06,0.0,8.664064476239762e-07,0.0,0.0,0.0,3.7626698609907055e-07,0.0
2001-03,4.054878887463365e-08,0.0,1.76120628091591e-08,6.823263472546803e-08,0.0,8.288798302374945e-08,2.0037300693578326e-06,8.36269157915015e-08,1.8120090991290832e-08,1.5399124197781542e-08,9.411698438320515e-08,0.0,1.2617647671697708e-07,4.832771795675803e-07,7.975777982129062e-08,2.5375621369946e-07,2.5866649465675073e-08,3.5542242764884625e-07,1.0929136758418625e-08,5.418171924363742e-07,2.805557902381059e-08,2.1645981637660737e-08,4.0780303321261147e-08,2.7250441788920916e-08,6.778256400322208e-07,3.016093117345197e-07,1.760621544160887e-08,1.2109218933574126e-08,4.808243594407735e-08,2.3647096341766066e-08,0.0,2.3053456616925484e-07,9.13855003700087e-08,0.0,6.867963046359311e-08,0.0,0.0,0.0,0.0,9.869640815651435e-09,1.098950283466571e-08,2.141040069612507e-08,0.0,3.524683554884459e-08,2.9196147000420948e-08,1.7370149514805976e-08,1.8937037789337753e-08,1.88390117791884e-08,1.7888597500207925e-08,2.2224212124628134e-07,1.9964477235380473e-08,2.974684392828206e-08,2.309908770904007e-08,2.074913129425371e-08,2.3900091140327122e-06,1.0288288438934854e-08,6.296526422061577e-10,3.5872046262239516e-07
2001-04,1.5112589084357655e-06,0.0,6.632056560255794e-07,2.7466745241857757e-06,0.0,3.331291345297069e-06,7.115297518456611e-07,5.05015928581061e-06,4.694688168057019e-07,2.578944749598142e-06,3.827709131633536e-06,0.0,5.751922489740116e-06,3.931553517683435e-06,3.22428880027055e-06,1.2478713878012054e-08,9.691432523186093e-07,5.620567034869163e-07,3.7125273070851526e-07,6.901329109512602e-07,1.0753852835256456e-06,8.05889507806707e-07,2.488368890627403e-06,1.0656497819960081e-06,3.6017712716927397e-07,7.451256200097893e-07,6.734895924979321e-07,4.218218169964091e-07,1.860719978795243e-06,8.903952539141939e-07,0.0,1.0784401536757749e-05,4.7916083325631746e-06,0.0,2.7468908932282434e-06,0.0,0.0,0.0,0.0,3.524600215254357e-07,5.836487037269092e-07,7.904488239598162e-07,0.0,1.397335321484953e-06,1.1338443912705458e-06,6.678660600814395e-07,7.165884585364925e-07,7.650023963819766e-07,6.848240050782682e-07,2.3295598621674365e-07,8.068759761391404e-07,1.3349978746476643e-06,8.078969945891114e-07,7.884510971791179e-07,3.392568020837268e-06,3.952741341151818e-07,6.931412622720214e-07,1.4609684338772797e-06
2001-05,0.0,0.0,0.0,0.0,0.0,0.0,0.0,3.763055105868163e-08,1.153966389061697e-06,1.083735994140628e-06,0.0,0.0,0.0,0.0,0.0,3.4845786150145516e-07,4.2351044507486086e-07,5.750250195582507e-07,4.003867456267643e-07,3.822790025696273e-06,0.0,2.521876011094444e-07,0.0,0.0,0.0,0.0,0.0,0.0,0.0,0.0,0.0,0.0,0.0,0.0,0.0,0.0,0.0,0.0,0.0,9.145842301690969e-07,1.5612027319484942e-06,0.0,2.0296801220546364e-05,0.0,0.0,3.4209577662663514e-07,6.797125818460842e-07,0.0,0.0,6.109466215467718e-07,0.0,1.6508003391261412e-06,0.0,0.0,0.0,0.0,0.0,0.0
2001-06,0.0,0.0,0.0,0.0,0.0,0.0,0.0,0.0,1.5471151307297759e-06,6.641119507554781e-07,0.0,0.0,0.0,0.0,0.0,3.0718698185447545e-07,0.0,0.0,8.876505305066302e-07,1.2966543397687231e-06,0.0,2.837217448423898e-07,0.0,0.0,0.0,0.0,0.0,0.0,0.0,0.0,0.0,0.0,0.0,0.0,0.0,0.0,0.0,0.0,0.0,4.0202095376255365e-07,0.0,8.88067645115195e-07,0.0,0.0,0.0,1.3013537076917939e-06,5.444628647046541e-07,0.0,0.0,8.194705475598977e-07,0.0,0.0,0.0,0.0,0.0,0.0,5.266919673989692e-07,0.0
2001-07,4.5306738681969577e-07,0.0,1.9638376602403723e-07,7.70295324375142e-07,0.0,9.189454705990224e-07,1.4646549733956551e-07,4.127407064454261e-06,6.053214005366393e-07,1.6902622634964484e-07,1.0620653150734266e-06,0.0,1.4314751240492725e-06,5.140824255281534e-07,8.872461587745296e-07,1.267710063458001e-07,2.8209445275049e-07,1.6059918129859678e-07,1.8109365175097806e-07,1.7856031663136125e-07,3.0508434763079975e-07,5.452503854408569e-07,1.2250341329968634e-06,2.9165108957614554e-07,1.1204512808922831e-07,2.0839422361220232e-07,2.1680527300645473e-07,1.0411315631728546e-06,5.133387131440458e-07,2.6566302617922823e-07,0.0,2.6459710274739922e-06,1.0186477785360249e-06,0.0,7.595605150393786e-07,0.0,0.0,0.0,0.0,1.972441907455054e-07,1.0544468862551393e-07,2.3095971401668193e-08,2.7140864724645856e-07,4.214686369382048e-07,3.3754598202553543e-07,3.1127024274475725e-07,4.1823830295744173e-07,2.0313138344413977e-07,4.497509437144144e-07,8.995641603606305e-07,2.3058782241058145e-07,2.9266079070640677e-07,2.418355191659595e-07,2.5231596885058954e-07,4.630594169280078e-07,1.0848452614618636e-07,4.742380858369852e-07,1.0182863763920358e-06
2001-08,0.0,0.0,2.414861822986232e-07,0.0,0.0,0.0,4.878094119732841e-08,0.0,8.741976306253941e-07,0.0,0.0,0.0,0.0,0.0,0.0,1.1531924491906526e-06,1.1169635314628063e-06,2.8850285847469014e-07,1.9418124163671485e-06,0.0,7.178746054035089e-07,0.0,0.0,2.5550237198554498e-06,1.596774972184847e-07,8.635540510593086e-07,0.0,0.0,0.0,0.0,0.0,0.0,0.0,0.0,0.0,0.0,0.0,0.0,0.0,1.7340310435632004e-06,6.725413642723775e-07,0.0,0.0,3.342429150567563e-06,4.956170817714268e-07,1.3168886643935493e-06,1.6563270049978658e-06,2.5450796476115984e-06,0.0,2.470395797117258e-07,5.11842284337876e-06,0.0,9.491902035506511e-07,8.772820902682929e-07,2.9987141962584535e-06,0.0,0.0,0.0
2001-09,7.618167837790888e-07,0.0,1.6630994086182413e-06,4.400578807196992e-07,0.0,5.316447653933854e-07,8.008702247662078e-08,4.933311009566593e-07,4.5367764419097443e-07,9.846817290148219e-08,6.028078704246182e-07,0.0,8.152161382003753e-07,2.278558223531173e-06,5.082786399590866e-07,4.7401415028028824e-07,1.7201076725756326e-07,9.000544305167585e-08,7.269951870537452e-08,1.0384854729509826e-07,1.1566417238862704e-06,4.0327511930889764e-07,1.9599649785233957e-06,1.778214175036548e-07,6.962550945846498e-07,1.6373040970204344e-06,5.867097032619517e-07,6.795984401569005e-08,1.341572155505219e-06,1.1789153470309378e-06,0.0,1.4864122037759332e-06,1.31166001145952e-06,0.0,1.116699514464345e-06,0.0,0.0,0.0,0.0,5.493989790045402e-08,6.974899590823404e-08,1.3411829844384855e-07,1.4880858092563565e-06,2.5601063302738843e-07,1.9252706149982397e-07,8.672152161399057e-07,1.233344718997026e-07,1.0410593851764572e-07,1.3592980092972178e-07,1.0841058086232579e-06,7.420014581284544e-07,1.297076810447169e-07,8.182113836696682e-07,1.397240621872249e-07,2.7167093850716946e-07,6.48876561341015e-08,1.275308076653936e-07,8.307929067087605e-08
2001-10,1.5855402757601958e-06,0.0,4.2484295632549095e-07,1.7538645647291394e-06,0.0,2.034993516724884e-06,1.0802917016250556e-06,1.8475319066673796e-06,9.361492229544716e-08,1.220341286468087e-06,2.2975666291127488e-06,0.0,8.466447939538047e-06,1.5102873499650838e-06,1.9314781372796325e-06,8.779517274417476e-08,6.492843317533227e-07,3.452007949380446e-07,4.85678258609068e-08,3.1365447371510013e-07,6.095199354181554e-07,1.4161783890326644e-07,1.0935263369524634e-06,5.907026465011254e-07,8.920264114650372e-07,3.195366494626543e-07,8.076878878316568e-08,4.9010939018295784e-08,4.098426109433035e-06,3.618386605912134e-07,0.0,1.5169183241099948e-05,4.54923253480756e-06,0.0,2.942831867889739e-06,0.0,0.0,0.0,0.0,5.671691662718004e-07,2.284801472908181e-07,4.7238537587233897e-07,5.195731593433118e-07,9.245162636805082e-07,7.806293826136575e-07,5.644034592797998e-07,4.463882966783822e-07,3.603743927261555e-07,5.472538208671982e-07,5.445371288578111e-07,5.618476434135062e-06,4.817654665332793e-07,4.3329847758419654e-07,4.947473561088024e-07,9.309581381856877e-07,2.1053057591079345e-07,4.5564085436166496e-07,3.2093967226868096e-07
2001-11,0.0,0.0,0.0,0.0,0.0,0.0,0.0,0.0,2.19601161447776e-06,2.7102910040932574e-07,0.0,0.0,0.0,0.0,0.0,2.471022733536844e-06,4.20557061161413e-06,0.0,1.3437507323083557e-06,5.207384180545612e-07,8.719152233807489e-07,5.514631507138011e-07,0.0,1.8492775487446295e-06,0.0,0.0,0.0,3.225990020348738e-07,0.0,1.3814459570991763e-06,0.0,0.0,2.027683276756287e-08,0.0,3.039485741498392e-06,0.0,0.0,0.0,0.0,1.0199078366840905e-06,7.024799265577071e-07,1.2679911970536751e-06,1.2600445624220622e-06,0.0,0.0,1.4436469358202962e-07,9.350991230334463e-07,0.0,0.0,2.124718227428683e-07,2.9855087624072774e-06,1.98747339670291e-07,1.6101807458534704e-06,0.0,0.0,1.2043262032782886e-06,0.0,0.0
2001-12,0.0,0.0,0.0,0.0,0.0,0.0,3.225098324782955e-06,6.414024928115963e-07,2.978760789485181e-06,5.027934917632981e-07,0.0,0.0,0.0,0.0,0.0,0.0,2.0411075489312446e-06,0.0,4.810295572964391e-07,1.2598078413867224e-06,4.957931857004632e-07,0.0,0.0,2.3158614643174062e-06,5.199228789486317e-07,1.221101131543157e-07,0.0,0.0,0.0,0.0,0.0,0.0,0.0,0.0,1.8318463537287527e-07,0.0,0.0,0.0,0.0,0.0,1.005887021504932e-06,1.7024865690710643e-07,0.0,6.737160210217586e-07,0.0,1.0330893495057343e-06,1.4725901741144757e-07,0.0,0.0,4.120440387285467e-07,1.3498477440114387e-06,0.0,0.0,0.0,0.0,1.3554007595757197e-06,6.487384681839806e-07,6.156817358626294e-07
2002-01,5.1631072846315686e-08,0.0,2.3720475567735876e-08,9.358512926434942e-08,0.0,1.131293194571309e-07,1.6829343445821586e-08,1.0284004782447343e-07,2.0186052648260913e-08,1.2414823007364517e-07,1.2565247124315948e-07,0.0,1.662618317088832e-07,5.977726435062169e-08,1.0589230452320853e-07,2.0526867655516756e-08,2.508291224106198e-06,2.129007365656889e-08,1.5530435565220755e-08,1.931466574249703e-08,3.8059174575715006e-08,3.028156895402978e-08,6.48580139027341e-08,2.7020620529298947e-07,1.4018444319427795e-08,3.1714910362790926e-07,2.598904494248086e-08,1.498411646031622e-08,5.881904358465834e-08,3.364022495437602e-08,0.0,3.0479503852848257e-07,1.184419004507553e-06,0.0,3.806912256548167e-07,0.0,0.0,0.0,0.0,1.417975242574407e-06,1.3669628042889404e-08,6.837654960613095e-07,3.474600588702567e-08,5.6833807323401764e-08,4.101001907226218e-08,3.260962311945823e-08,2.6076845588352688e-08,1.94684523785911e-08,2.5867616012125588e-08,2.2523686512903804e-07,2.0851537164091535e-08,4.084120757993047e-07,1.5349572812785664e-07,1.217701515835272e-07,5.257839324740443e-08,1.332521972082293e-08,2.728450382474476e-08,1.831166347478555e-08
2002-02,9.344070967950765e-06,0.0,3.901440686573263e-06,1.6655232521648077e-05,1.2656698778480683e-05,1.814540968680873e-05,3.713047873968041e-06,1.150331283080118e-05,3.459087113827799e-06,1.9614948007102977e-06,2.3807996879970635e-05,0.0,3.3083331401479414e-05,8.286932439002688e-06,1.9760611479089704e-05,2.8990685555404675e-06,4.221888660760436e-06,2.253202032726307e-06,1.4217507297714302e-06,3.4129284593759445e-06,4.135796892986092e-06,4.376854477243652e-06,8.536646627729481e-06,4.2191524826559715e-06,2.479566198693632e-06,1.7838097876478644e-06,4.4123859483858885e-06,1.1412772910334513e-06,7.606607178526278e-06,4.309309709853371e-06,0.00012848592021915672,5.437298728430856e-05,2.4847016470951042e-05,8.760031334431703e-05,1.803396260200286e-05,0.00012848592021915672,0.0,0.0,0.0,1.3298504048438734e-06,1.7085766652461922e-06,2.7124152846593944e-06,5.683736851015545e-06,5.069291417066347e-06,6.546307358592504e-06,4.807628576491033e-06,6.9026040272040215e-06,1.9416458876364943e-06,4.089870777354764e-06,2.8043098532989747e-07,4.0176620439728565e-06,5.0253440118046886e-06,1.739291709190318e-06,2.972330251769177e-06,8.193687877218105e-06,1.2469507389922027e-06,2.9392208283306413e-06,8.083397867902232e-07
2002-03,0.0,0.0,0.0,0.0,0.0,0.0,1.0854302542632772e-07,0.0,0.0,0.0,0.0,0.0,0.0,0.0,0.0,0.0,0.0,0.0,0.0,1.3347299331074452e-06,0.0,0.0,0.0,3.513565178761384e-07,0.0,2.532849771956277e-07,0.0,0.0,0.0,0.0,0.0,0.0,0.0,0.0,0.0,0.0,0.0,0.0,0.0,0.0,0.0,0.0,0.0,0.0,2.1752949795583384e-07,0.0,0.0,0.0,0.0,0.0,7.818898728494411e-07,2.221867370602107e-07,0.0,0.0,0.0,2.1664000038505976e-07,0.0,0.0
2002-04,0.0,0.0,0.0,0.0,0.0,0.0,3.7947124969257143e-08,0.0,0.0,0.0,0.0,0.0,0.0,0.0,0.0,0.0,0.0,0.0,1.5692370222327532e-06,0.0,0.0,0.0,0.0,6.643038736174507e-07,0.0,4.126500399044015e-07,0.0,0.0,0.0,0.0,0.0,0.0,0.0,0.0,0.0,0.0,0.0,0.0,0.0,0.0,4.32321583769886e-07,0.0,0.0,0.0,0.0,0.0,0.0,0.0,0.0,1.300376739273414e-06,0.0,7.09104247393462e-07,0.0,0.0,0.0,4.842957751507813e-07,8.702388367739823e-07,3.631715608882202e-07
2002-05,0.0,0.0,0.0,0.0,0.0,0.0,0.0,0.0,0.0,5.630363131904452e-08,0.0,0.0,0.0,0.0,0.0,0.0,0.0,0.0,0.0,0.0,0.0,0.0,0.0,1.285659637763132e-06,3.708929728742337e-07,1.440840052691784e-07,0.0,0.0,1.440322330435416e-07,0.0,0.0,0.0,0.0,0.0,0.0,0.0,0.0,0.0,0.0,0.0,0.0,2.3917461493856184e-07,0.0,0.0,1.8669799166159267e-07,0.0,0.0,0.0,0.0,5.891528304304787e-07,5.7109143051736754e-08,2.6860105783171884e-07,5.46734112801768e-07,0.0,0.0,1.479014887240289e-07,1.2199358724456281e-06,1.2274233339297937e-06
2002-06,8.843900738877663e-07,0.0,1.3968267590263455e-07,0.0,6.513401351709858e-07,0.0,0.0,0.0,0.0,1.0901944757617095e-06,0.0,0.0,0.0,5.279871032410968e-07,0.0,1.772847551767369e-08,0.0,0.0,9.577741454448557e-08,0.0,0.0,0.0,1.4095456865892594e-06,0.0,4.481714332493737e-07,0.0,0.0,0.0,3.8821409504191313e-07,0.0,1.0366896304760537e-06,0.0,0.0,0.0,0.0,1.4073333410807853e-06,0.0,0.0,0.0,0.0,0.0,0.0,0.0,8.372133813879662e-09,3.4222875470753604e-07,0.0,1.986835719586938e-08,4.575734461468844e-07,0.0,0.0,2.0909922362578484e-06,0.0,0.0,6.046416293047831e-07,4.2829543739037605e-07,0.0,0.0,1.2203404226579992e-06
2002-07,0.0,0.0,9.83604214768603e-07,2.488923049971857e-06,1.068001982211266e-06,0.0,0.0,0.0,9.879073843402417e-07,1.1379591635603016e-06,0.0,0.0,0.0,3.2403385145180766e-06,5.115091292956716e-07,1.0772915179065051e-06,7.24937286225566e-07,0.0,1.0439376887210306e-06,4.2155495907126446e-08,5.783505918179992e-07,0.0,2.1204655823044496e-06,0.0,8.253453116360927e-07,0.0,0.0,1.9477796616678127e-07,2.5760119390322544e-06,9.940124061410816e-07,2.1961682239091953e-06,0.0,0.0,3.71333006426014e-07,0.0,1.7403237590703363e-06,0.0,0.0,0.0,4.126683922823409e-07,0.0,0.0,8.406075899528402e-07,1.7188187306051846e-07,0.0,0.0,2.4430555486630244e-06,0.0,5.070200034614954e-07,1.0555296825949133e-07,8.717107411271627e-07,0.0,0.0,5.476330400449123e-07,0.0,0.0,0.0,4.3288461634074723e-07
2002-08,0.0,0.0,1.2471536382320028e-06,0.0,1.173140038738439e-06,0.0,3.9613757490405964e-07,0.0,0.0,1.8582536874899337e-06,4.5589316201320034e-07,0.0,0.0,0.0,1.4469005493457297e-06,5.540492150714355e-07,0.0,0.0,5.081426335854068e-07,9.799271126712874e-07,1.090896217146406e-06,6.663125156152871e-07,5.730289916114351e-10,6.303195281537312e-06,5.638436141737497e-07,6.082005280120679e-07,1.119483136974882e-06,0.0,0.0,1.1469645119530185e-06,2.3351924487349656e-06,0.0,0.0,6.150318492557649e-07,0.0,1.9972648441558688e-06,0.0,0.0,0.0,1.0877096778646404e-07,0.0,0.0,1.01709469975831e-06,3.844587882858401e-07,0.0,0.0,1.0630472808491332e-06,3.869145294854194e-08,0.0,4.084932772409327e-07,1.7218250772087738e-07,0.0,0.0,1.1111226980182864e-06,0.0,0.0,1.585243530543394e-07,0.0
2002-09,0.0,0.0,2.890964511339366e-07,0.0,6.795092920040477e-07,0.0,6.153024227308069e-07,0.0,0.0,1.2758989378865229e-06,7.541899779126005e-08,0.0,0.0,0.0,5.965911722995917e-07,4.286819226849269e-07,0.0,6.032323486047462e-07,0.0,1.0590787785680015e-06,3.889864297499032e-07,3.8037063011840157e-07,1.0426912779401486e-06,5.100038882560543e-06,2.895296894540869e-07,6.225273271749203e-07,3.49320810700042e-07,0.0,0.0,2.9819206815456973e-07,3.4087995918191395e-06,0.0,0.0,4.3002483536262735e-07,0.0,2.954511680931096e-06,0.0,0.0,0.0,3.733797175831024e-08,0.0,0.0,5.757360507904086e-07,0.0,0.0,7.465467778530275e-07,2.5779635827074404e-07,0.0,0.0,0.0,4.423426061033083e-08,0.0,0.0,0.0,1.9770630275327966e-07,0.0,1.2319810229248844e-06,8.943456660084112e-07
2002-10,0.0,0.0,1.4582897366224287e-06,0.0,1.2546338196880065e-06,0.0,6.471715154936046e-07,0.0,0.0,0.0,0.0,0.0,1.286197104345993e-06,0.0,2.5188160873611392e-06,1.0741488960538168e-06,0.0,8.627284892445912e-07,0.0,7.86577720945844e-07,1.051070852736943e-06,9.944155316010534e-07,6.082196184388766e-07,4.22355948246823e-06,7.339683048906811e-07,7.218402109695748e-07,8.295836190818379e-07,5.996471595508639e-07,0.0,1.185139430288475e-06,2.6099334619555103e-06,0.0,5.543560771534214e-07,0.0,1.132185878258682e-06,1.7073151176934532e-06,0.0,0.0,0.0,2.4065855578036916e-07,0.0,0.0,1.1731665963161004e-06,0.0,3.276542712438206e-06,5.891610695742122e-07,9.278458997049495e-07,0.0,0.0,0.0,1.1385357570740228e-06,0.0,1.384187492003853e-07,0.0,2.6558397350307657e-07,0.0,1.2249402277435402e-06,2.4639340309194553e-06
2002-11,0.0,0.0,0.0,0.0,0.0,0.0,0.0,0.0,0.0,8.56408720055506e-07,0.0,0.0,0.0,0.0,1.2298803161438637e-06,0.0,0.0,1.8894768962873788e-07,7.939933749706585e-08,7.183460053577715e-08,0.0,0.0,3.8175050129522773e-07,0.0,0.0,1.0223067177779454e-06,0.0,1.164598463052797e-06,0.0,0.0,2.2268088023239265e-06,0.0,0.0,0.0,0.0,2.2260941511902387e-06,0.0,0.0,0.0,2.2698496408452268e-07,1.7693235584899208e-07,0.0,0.0,0.0,7.416148181320568e-07,8.525526694440917e-07,0.0,0.0,0.0,0.0,0.0,0.0,9.64501817682647e-07,0.0,0.0,0.0,0.0,4.6219480647759217e-07
2002-12,0.0,0.0,0.0,0.0,0.0,0.0,3.400653837393368e-07,0.0,0.0,0.0,0.0,0.0,0.0,0.0,5.637152508989052e-07,0.0,3.700630732441472e-07,0.0,0.0,1.2952534758642678e-07,0.0,0.0,4.469585994250347e-07,0.0,6.415385320541548e-07,0.0,0.0,0.0,0.0,0.0,1.183486971588349e-06,0.0,0.0,0.0,0.0,9.8382313298076e-07,0.0,0.0,0.0,6.687289569519807e-07,1.9764102131725885e-07,0.0,1.7069519974021245e-07,0.0,5.302746224440832e-07,4.2426345352297375e-07,0.0,2.1759439852108744e-07,0.0,0.0,0.0,0.0,0.0,0.0,0.0,0.0,0.0,4.6893801001493716e-07
2003-01,0.0,0.0,4.676372383158791e-07,0.0,0.0,0.0,0.0,0.0,0.0,4.489949864485629e-07,0.0,0.0,2.663882248148397e-07,0.0,1.7508661861369986e-07,1.0376105314006904e-06,0.0,1.4815903192894626e-06,1.0497603337682547e-06,8.002500206830124e-07,0.0,0.0,7.794296149911533e-07,5.710911208898842e-07,7.496436881187542e-09,2.5961205647821206e-07,2.93642649148336e-08,0.0,0.0,0.0,2.4222656174262835e-06,0.0,1.1968270382692326e-07,0.0,0.0,1.7498775271337087e-06,0.0,0.0,0.0,6.521027931633778e-07,8.221812708813538e-08,1.9600695728771816e-07,0.0,0.0,0.0,0.0,0.0,0.0,0.0,0.0,0.0,0.0,5.69461534277586e-07,0.0,0.0,0.0,0.0,0.0
2003-02,0.0,0.0,6.22829818346042e-07,0.0,3.6863370316615396e-07,7.304011977301641e-07,1.427937446634657e-06,0.0,0.0,7.929264293826226e-07,8.066974960727544e-07,0.0,0.0,0.0,2.1159524266223182e-06,4.336648404067497e-07,7.443386844305962e-07,9.268435034037875e-07,0.0,5.687010380938228e-07,1.3028132230808644e-06,6.167724538681738e-07,1.7343291107385639e-07,1.2442412975666694e-07,1.4060054931077857e-07,5.897644991044257e-07,5.266889392890936e-07,5.129751216639052e-07,0.0,0.0,2.922680255240645e-06,3.239377723122855e-06,0.0,0.0,0.0,2.6040467142489364e-06,0.0,0.0,0.0,0.0,6.791534813663999e-07,5.93493678292029e-07,0.0,7.947535559113435e-07,9.162827541966782e-07,0.0,2.1380394377463855e-07,0.0,0.0,6.682945686906083e-07,0.0,5.393817948742656e-07,0.0,0.0,0.0,4.753236090059704e-07,4.5949923972201866e-07,0.0
2003-03,0.0,0.0,1.0935839598013829e-06,0.0,1.1806914845383064e-06,9.665387492191203e-07,0.0,0.0,0.0,6.076528100613845e-07,0.0,0.0,0.0,0.0,1.0415213899090115e-06,5.68400006620123e-07,0.0,9.548015116264027e-07,5.45609494739906e-07,0.0,0.0,6.258602094134542e-07,9.688637869867609e-07,1.6270328212482888e-07,1.067707110692772e-07,7.428006321465521e-08,1.4244044296217382e-06,0.0,0.0,1.6676653940387796e-07,0.0,0.0,0.0,0.0,0.0,0.0,0.0,0.0,0.0,1.073507646988832e-06,5.092014158666961e-07,4.1513807827974794e-07,0.0,6.313167889822752e-07,0.0,0.0,0.0,0.0,0.0,2.3933718204032792e-06,0.0,2.642744865815217e-07,0.0,0.0,0.0,9.460921705169226e-07,4.49082841077331e-07,0.0
2003-04,0.0,0.0,1.3975659973381251e-07,0.0,2.0013950127724564e-07,0.0,0.0,2.0100373225460795e-06,0.0,0.0,0.0,0.0,7.724411724920471e-07,0.0,0.0,3.2025960318663066e-07,1.2478450670127574e-06,0.0,0.0,0.0,0.0,0.0,0.0,0.0,0.0,3.218299208952065e-07,0.0,0.0,0.0,2.180914967685535e-07,0.0,0.0,5.200585035034303e-07,0.0,3.5280399372249196e-07,0.0,0.0,0.0,0.0,1.1824400990944592e-06,0.0,0.0,0.0,0.0,0.0,0.0,0.0,0.0,0.0,5.514022409326323e-07,0.0,0.0,8.245086299239237e-08,0.0,0.0,0.0,3.833378613919691e-07,5.4159488893627646e-08
2003-05,0.0,0.0,5.14879273157038e-07,0.0,0.0,6.96935386322782e-07,0.0,0.0,3.740320281337365e-07,0.0,8.851105346018088e-07,0.0,0.0,0.0,1.2615856321814487e-06,4.4002210765414254e-07,2.4761230765748683e-06,4.668346126275452e-07,0.0,1.735495657870928e-08,0.0,0.0,0.0,8.87605899287068e-07,0.0,1.061127368482899e-06,0.0,0.0,0.0,0.0,1.0803054055285865e-06,3.0909349738847404e-07,0.0,0.0,0.0,8.046668506169475e-07,0.0,0.0,0.0,1.001370288217132e-06,3.2202886284240977e-07,6.017063139706833e-07,0.0,0.0,0.0,0.0,0.0,0.0,4.542548899654983e-07,0.0,3.1317053704673153e-07,0.0,3.121495651622246e-06,0.0,0.0,3.43160166002751e-07,9.491337584725187e-07,0.0
2003-06,0.0,0.0,0.0,0.0,0.0,0.0,1.2343795735297479e-06,2.1774224942450667e-06,1.5200345420913502e-06,1.1272880985859317e-06,3.445372629713797e-07,0.0,0.0,0.0,1.8435714937239945e-06,0.0,2.1901940603995288e-06,8.150712894763029e-07,6.378482926657769e-07,1.7653052162312084e-07,0.0,0.0,0.0,3.122432456055709e-08,0.0,0.0,0.0,6.297149043595517e-07,0.0,0.0,1.0012812598653928e-05,9.434234701131527e-06,0.0,1.2777316678128094e-07,0.0,9.250376461698184e-06,0.0,0.0,0.0,0.0,2.981813182612791e-07,4.9969726310982246e-08,0.0,3.7805062349247423e-07,0.0,8.674688105258441e-07,0.0,1.0789704117291945e-06,0.0,0.0,5.408375134278807e-07,0.0,0.0,0.0,0.0,0.0,0.0,6.323673498854696e-09
2003-07,0.0,0.0,3.2611674672767405e-07,0.0,0.0,0.0,0.0,9.261725432141502e-07,0.0,0.0,0.0,0.0,0.0,0.0,0.0,0.0,2.1165499428097216e-07,0.0,0.0,0.0,0.0,0.0,0.0,4.1720673887530277e-07,0.0,0.0,0.0,7.637888733177971e-07,0.0,0.0,0.0,0.0,0.0,0.0,0.0,0.0,0.0,0.0,0.0,0.0,0.0,2.45799378363892e-06,0.0,0.0,0.0,0.0,0.0,5.421149900255648e-08,0.0,3.523937794689593e-07,1.0583339826234633e-07,0.0,0.0,0.0,0.0,0.0,0.0,4.349684580893269e-07
2003-08,0.0,0.0,7.804494181320263e-07,0.0,0.0,0.0,0.0,2.5673278229351034e-07,0.0,0.0,0.0,0.0,0.0,0.0,0.0,0.0,1.0351001710159244e-06,1.2189463001165222e-06,0.0,0.0,0.0,0.0,8.631753819068333e-07,0.0,0.0,0.0,1.8694860624626947e-07,0.0,0.0,0.0,1.1264375614741251e-06,6.664905010659028e-07,4.4456354480493927e-07,0.0,1.3536141411999332e-06,1.9697333616851e-06,0.0,0.0,0.0,0.0,0.0,1.3884555901581656e-06,0.0,0.0,0.0,0.0,0.0,9.86093847588146e-07,0.0,4.6913309672865075e-07,0.0,0.0,0.0,7.168993441266508e-07,9.760907372465544e-07,0.0,0.0,8.099686273343532e-07
2003-09,0.0,0.0,0.0,9.746299166126308e-07,0.0,8.474726389794823e-08,6.226143492795398e-08,0.0,8.909073221923837e-08,0.0,1.5241424768041024e-06,0.0,0.0,5.375239343496513e-07,2.3171772511194204e-06,0.0,0.0,9.417719756437404e-07,5.058809327064314e-07,1.3051778704875303e-06,0.0,0.0,1.6038993555269054e-06,0.0,0.0,0.0,0.0,4.2386407897139576e-07,1.7883709301405697e-06,0.0,6.29927876545186e-06,5.322470159894871e-06,0.0,1.106956476157786e-06,0.0,6.2166457441439895e-06,0.0,0.0,0.0,0.0,0.0,0.0,0.0,0.0,0.0,0.0,0.0,0.0,0.0,2.3535650463789912e-07,6.512537303988292e-08,0.0,0.0,0.0,9.784946614723975e-07,0.0,1.7048802867264054e-07,0.0
2003-10,0.0,0.0,0.0,0.0,0.0,7.455859879265947e-07,0.0,0.0,0.0,4.70946670404794e-08,1.8015015082432363e-06,0.0,0.0,0.0,2.858885031309745e-06,0.0,0.0,1.0854218841304507e-06,6.222532105402481e-07,0.0,3.222136197930589e-07,0.0,1.8216036070325855e-06,5.559101193774764e-07,0.0,0.0,0.0,6.825732522611023e-07,0.0,4.742706986476022e-07,7.758072861298621e-06,2.257336607881383e-06,0.0,1.962486285707027e-06,0.0,6.859123523125566e-06,0.0,0.0,0.0,0.0,4.199393247190219e-07,0.0,7.309479266030139e-07,4.718463648338764e-07,0.0,0.0,0.0,8.468905677464986e-07,0.0,2.7808085614870097e-07,3.058249520767869e-07,0.0,0.0,1.5009782122849242e-06,1.9102732184242065e-07,8.335146740734e-07,0.0,5.666070343903528e-07
2003-11,0.0,0.0,0.0,0.0,0.0,1.982499386218424e-06,4.930161962855353e-07,0.0,3.7443839208192545e-07,4.015092792377644e-07,1.4610643391249484e-06,0.0,0.0,9.998194591805122e-07,3.447988498729432e-07,0.0,8.705448128003974e-08,1.5159800145925513e-06,1.01949971540914e-06,4.349072227005273e-07,0.0,0.0,1.4161816313414886e-06,5.510872500627713e-08,0.0,0.0,0.0,9.111309867121655e-07,9.516616450430878e-07,0.0,6.31938983402075e-06,3.0872135953312896e-06,0.0,1.1320105873913605e-06,0.0,6.831898296506323e-06,0.0,0.0,0.0,0.0,2.892547235842022e-07,0.0,0.0,7.335365577008195e-07,0.0,0.0,0.0,0.0,5.458008990042698e-06,3.9642187569516235e-07,4.5853379983353853e-07,0.0,0.0,2.8935644584430416e-06,1.2205860903554169e-06,4.2559272559153544e-07,0.0,4.4673793013476003e-07
2003-12,0.0,0.0,0.0,0.0,0.0,1.434509762412925e-06,3.532975191211131e-08,0.0,0.0,4.54698097245217e-07,1.3625018622308443e-06,0.0,0.0,0.0,1.7040464525031815e-06,0.0,3.056629115363481e-07,1.434550261059422e-06,3.582615825722651e-07,0.0,0.0,0.0,8.700276881215067e-07,0.0,6.924037715257646e-08,0.0,0.0,0.0,0.0,0.0,1.5135735230766001e-06,8.804986249101032e-07,0.0,1.397204301225266e-06,0.0,1.787576871726787e-06,0.0,0.0,0.0,6.621958984696979e-07,0.0,0.0,0.0,1.2226327718066616e-06,0.0,0.0,0.0,5.709029797468963e-07,0.0,4.3810466066843483e-07,3.9754445916250113e-07,0.0,0.0,0.0,2.7133720104090437e-06,0.0,0.0,5.726172203555334e-07
2004-01,0.0,0.0,0.0,0.0,0.0,8.441700804690187e-07,0.0,0.0,0.0,3.733020248113932e-07,6.898512069332605e-07,0.0,0.0,8.918153383804042e-08,0.0,0.0,1.2907611520742226e-06,1.485184078976515e-06,0.0,0.0,0.0,0.0,5.006659067272393e-07,8.753854994617006e-08,8.269771259511623e-08,0.0,0.0,6.129672750216078e-07,2.1275821070612655e-07,0.0,4.779313501837523e-06,4.427139431678787e-06,0.0,1.8613132117031445e-06,0.0,4.172350292816651e-06,0.0,0.0,0.0,2.6530495578807114e-07,0.0,0.0,0.0,1.7935310276892513e-06,0.0,0.0,1.3944397392696133e-06,0.0,0.0,0.0,7.145731223885329e-09,0.0,0.0,0.0,0.0,0.0,0.0,5.64123514397186e-07
2004-02,0.0,0.0,0.0,2.1252271099215376e-07,0.0,9.366320255412356e-07,7.715192038271349e-07,0.0,0.0,0.0,1.3653740972516677e-06,0.0,0.0,1.1300287703670843e-06,1.4810696386337933e-06,0.0,6.265051908338968e-07,9.636331181718025e-07,7.397216770958261e-08,1.0033752386559656e-07,7.955695265573007e-07,0.0,2.943282982593304e-07,0.0,2.2113431899730905e-07,0.0,0.0,8.448987514017917e-09,1.3223557375552954e-06,0.0,4.718365581616618e-06,4.892220504683686e-06,0.0,2.001056278376989e-06,0.0,4.367621664182753e-06,0.0,0.0,0.0,0.0,0.0,2.1156826529900378e-07,0.0,6.88053496224545e-07,1.0581535335288383e-07,0.0,1.0695145409779608e-06,0.0,0.0,4.3327104391034653e-07,0.0,0.0,3.090704579172231e-07,0.0,3.7502043796716274e-07,1.9464642133462836e-07,0.0,0.0
2004-03,1.1091659479377687e-06,0.0,0.0,1.1416112055296149e-06,0.0,1.7019765591396314e-06,1.6587598305349126e-07,1.1311449025110526e-06,3.588363180106434e-07,0.0,1.292003895216977e-06,0.0,0.0,1.5558473290778822e-06,2.0073883634927973e-06,0.0,1.9352224148558585e-06,1.39639146954809e-06,0.0,0.0,6.51551491913439e-07,5.627170355135686e-07,1.6974281223440593e-06,0.0,1.1409404196130085e-06,3.09726983209838e-07,0.0,4.730208030695547e-07,1.7769021432529204e-06,1.1562513984974594e-06,7.3483209348031155e-06,5.975117305079547e-06,0.0,1.8418256927589944e-06,0.0,6.56453935999296e-06,0.0,0.0,0.0,0.0,0.0,5.468747790179952e-07,4.904770251011377e-07,0.0,1.2950835285360057e-06,5.1271853374057486e-08,2.3506825910400205e-06,2.0643329401249055e-06,0.0,1.6951627041316385e-07,2.526235101853926e-07,0.0,0.0,5.672574618725054e-07,0.0,0.0,3.957432766375033e-07,0.0
2004-04,3.628007532878518e-06,0.0,7.210201311782378e-08,1.6068734111027856e-06,2.0901761827725984e-07,1.0455461811713502e-06,2.872889043644845e-07,1.021000353518625e-06,1.463329375953411e-06,5.441997154777108e-06,4.864064343435767e-07,0.0,2.1869564269023922e-07,2.3336250444598654e-06,1.0100743104512895e-06,4.136660861083601e-07,1.522641839110484e-06,6.556350725659098e-07,0.0,0.0,8.276136577571348e-07,8.300042688989453e-07,1.6632058570724486e-06,0.0,7.064519897551462e-07,0.0,0.0,6.822373667463196e-08,1.856009865955792e-06,9.83619644903724e-07,3.22724093127727e-06,2.5449584115838643e-06,0.0,9.022134388555759e-07,0.0,2.6798494314762002e-06,1.2099498843501434e-05,0.0,0.0,9.982471739141442e-07,0.0,2.1144928480203162e-07,8.96303231873119e-07,2.8595745803402726e-07,0.0,4.209049195481346e-06,0.0,0.0,2.159160978219138e-08,0.0,0.0,0.0,0.0,2.1011847210521128e-07,0.0,0.0,0.0,0.0
2004-05,0.0,0.0,0.0,0.0,0.0,0.0,4.365021823383511e-07,0.0,2.785308040545026e-07,1.9586242041135655e-07,0.0,0.0,0.0,0.0,2.5946806066427796e-08,1.6821772936636073e-07,0.0,0.0,0.0,4.6815311892788035e-08,0.0,6.558483078209499e-07,0.0,0.0,3.2598901785931e-07,0.0,0.0,0.0,0.0,1.8492950468363897e-07,0.0,0.0,0.0,5.284905303582915e-07,0.0,0.0,0.0,0.0,0.0,0.0,2.3985694971268708e-08,4.106347238362097e-07,1.2717677733657327e-07,5.512573413203319e-06,0.0,0.0,0.0,0.0,6.816867776620449e-07,0.0,0.0,0.0,1.3405919145012407e-06,8.585132124622284e-07,1.622460016700411e-06,0.0,2.8024205747231163e-07,0.0
2004-06,0.0,0.0,0.0,0.0,0.0,0.0,0.0,0.0,0.0,1.8053278833966325e-07,2.400370510256891e-07,0.0,0.0,1.2519773183847575e-07,1.749438082857685e-07,0.0,0.0,9.469305158896802e-07,1.0218771358707912e-06,0.0,0.0,0.0,0.0,3.927623523621374e-08,0.0,0.0,0.0,0.0,0.0,0.0,0.0,0.0,0.0,0.0,0.0,0.0,0.0,0.0,0.0,0.0,8.370212386365397e-07,0.0,0.0,3.2729195979959366e-06,0.0,0.0,0.0,0.0,0.0,0.0,3.8279894676567035e-07,0.0,0.0,0.0,1.2501295921373592e-06,2.812332995673281e-07,7.475557937564014e-07,2.555551803990457e-07
2004-07,0.0,0.0,0.0,0.0,0.0,0.0,2.728135940618494e-07,0.0,8.481675645132499e-07,6.905815025538744e-07,0.0,0.0,0.0,0.0,0.0,0.0,0.0,0.0,0.0,0.0,0.0,0.0,1.888635661613375e-07,4.642546337010837e-07,0.0,0.0,0.0,0.0,0.0,0.0,0.0,0.0,0.0,0.0,0.0,0.0,0.0,0.0,0.0,2.1761225687175636e-07,0.0,0.0,0.0,4.8244329728582e-07,0.0,0.0,0.0,0.0,1.0924709973031307e-06,0.0,5.377956374293981e-07,0.0,0.0,0.0,0.0,0.0,7.368498106395463e-07,4.3503307634724585e-07
2004-08,0.0,0.0,0.0,0.0,0.0,0.0,5.431709995348619e-07,0.0,8.013740366355068e-07,7.499013942192205e-07,0.0,0.0,0.0,0.0,0.0,0.0,0.0,0.0,1.9444844613397163e-07,1.0893674361882219e-06,0.0,0.0,0.0,6.2161974931608e-07,0.0,0.0,0.0,0.0,0.0,0.0,0.0,0.0,0.0,0.0,0.0,0.0,0.0,0.0,0.0,9.315548726074405e-08,4.610717225306833e-07,5.941086007445022e-07,0.0,1.0561054141141058e-06,0.0,1.203284244480709e-06,3.9573224254467987e-07,7.779616002167988e-07,0.0,0.0,1.2010773986438272e-06,0.0,8.649898552889301e-07,0.0,0.0,1.7033816301110036e-06,8.69410456795578e-07,4.2367099705960084e-07
2004-09,1.8874033262221425e-09,0.0,2.2274693448973844e-07,0.0,1.3263567917914942e-07,3.1829787314901353e-07,0.0,0.0,2.357622400652841e-07,0.0,0.0,0.0,0.0,7.957618156646356e-07,1.1121668297357432e-06,0.0,1.7078403331298557e-06,3.575268830849323e-06,0.0,4.875590737184014e-08,0.0,2.476567653020706e-07,0.0,2.5049218440207145e-07,5.143905548617486e-07,1.023948925846242e-06,2.388464525710718e-07,0.0,0.0,5.258803882973381e-07,0.0,0.0,0.0,0.0,0.0,0.0,0.0,0.0,0.0,3.2885911554964356e-07,0.0,0.0,4.5467276633179287e-07,0.0,0.0,0.0,0.0,3.1093112564613626e-07,0.0,7.935183642898687e-07,0.0,0.0,0.0,0.0,0.0,0.0,5.205276854383968e-07,0.0
2004-10,2.034566509529972e-06,0.0,2.7848554879124354e-07,0.0,5.685753086145159e-07,0.0,0.0,0.0,0.0,0.0,0.0,0.0,0.0,0.0,0.0,0.0,2.4584293658875057e-07,3.604451459737807e-06,0.0,0.0,1.7202234054656055e-07,1.4261744194972448e-06,4.896359156858002e-07,2.512408825739356e-07,4.996673791128372e-07,9.023155193717686e-07,4.837122334208234e-07,0.0,0.0,7.015961999183134e-07,0.0,0.0,0.0,0.0,0.0,0.0,0.0,0.0,0.0,1.270385677511806e-08,0.0,9.987928630821354e-07,1.7262884578569532e-06,0.0,0.0,0.0,3.6502400608770353e-07,0.0,1.9062305692979856e-08,0.0,0.0,0.0,3.5691901066830026e-07,0.0,0.0,9.484878143569565e-07,6.118952939921391e-07,6.476713328359626e-07
2004-11,0.0,0.0,0.0,0.0,2.172928442478045e-08,1.492185841514636e-06,0.0,0.0,3.044696548330176e-08,0.0,5.14685981050457e-07,0.0,0.0,0.0,2.031616160303139e-06,0.0,0.0,0.0,0.0,3.928387396461234e-07,2.338878516749618e-08,0.0,1.8161783007116448e-06,0.0,6.307560708493365e-08,5.296721015572541e-07,0.0,2.9407202452556327e-07,0.0,0.0,0.0,0.0,0.0,0.0,0.0,0.0,0.0,0.0,0.0,4.698084766556199e-07,0.0,2.442672815863335e-07,2.1177261595544534e-07,0.0,0.0,1.279678724507155e-07,0.0,0.0,3.084294851128447e-07,7.190862234464964e-08,0.0,3.950327180770111e-07,5.092973781663443e-07,0.0,0.0,7.443205777703417e-08,0.0,0.0
2004-12,0.0,0.0,1.0973702292508928e-07,0.0,3.6019972501752375e-07,3.563947780310335e-06,0.0,0.0,8.741038681877875e-07,3.7469989952897913e-06,2.3426298850819235e-06,0.0,0.0,0.0,1.7784794099924422e-06,1.1030239222127939e-07,0.0,7.80609906958862e-07,8.742646607188247e-07,0.0,5.105229718783827e-07,0.0,0.0,1.0105186693421219e-06,4.590690329672239e-07,4.556099807537899e-07,0.0,4.2438337159565225e-07,0.0,3.8609078532937313e-07,1.6343415399353302e-06,9.507180021448708e-07,0.0,3.729592420821007e-06,0.0,1.405364915916335e-06,0.0,0.0,0.0,3.925832465201595e-07,0.0,8.733530605724137e-07,6.298084187151658e-07,0.0,0.0,2.019910876803494e-07,0.0,0.0,3.6229367899778644e-07,3.151126087201188e-07,0.0,2.123898884505808e-07,0.0,2.0706263501696007e-07,0.0,0.0,1.1123930373550078e-06,1.1842882634675085e-06
2005-01,0.0,0.0,0.0,0.0,0.0,0.0,8.238080547227824e-08,0.0,5.436746829925836e-08,0.0,3.945756269207734e-06,0.0,0.0,0.0,3.186898003282403e-06,0.0,2.1318335811264593e-06,3.738260829460206e-07,6.124326338444245e-07,0.0,0.0,0.0,0.0,0.0,0.0,0.0,0.0,0.0,0.0,0.0,0.0,1.8018470018084378e-07,0.0,2.882117886598798e-06,0.0,0.0,0.0,0.0,0.0,1.4433004853163052e-06,1.933312206880578e-07,0.0,0.0,0.0,0.0,0.0,0.0,7.044941168437777e-09,0.0,7.961210838380705e-07,0.0,5.22188073816994e-07,0.0,0.0,0.0,0.0,0.0,0.0
2005-02,0.0,0.0,0.0,0.0,0.0,0.0,1.9997279913606948e-09,2.5085170436574267e-07,7.39331438560243e-08,6.08906415372647e-07,0.0,0.0,0.0,0.0,4.4259215302566713e-07,2.522991450449805e-07,5.583321966656785e-07,0.0,2.2533620892863093e-07,0.0,0.0,0.0,0.0,0.0,5.5095856910667223e-08,0.0,0.0,0.0,0.0,0.0,0.0,0.0,0.0,0.0,0.0,0.0,0.0,0.0,0.0,0.0,0.0,1.7203420636810463e-07,0.0,0.0,0.0,0.0,0.0,3.9124178758214586e-07,0.0,0.0,0.0,5.312773293227394e-07,5.657614967553986e-07,9.981495618029656e-08,0.0,0.0,6.184049346031131e-08,0.0
2005-03,0.0,0.0,0.0,0.0,0.0,5.523682373458627e-07,0.0,0.0,0.0,1.7139577776820874e-07,2.2367351713353108e-07,0.0,1.073875195288579e-06,0.0,2.3576116735366458e-06,1.324215473485109e-07,1.3400765991159192e-06,0.0,7.944182881656197e-07,0.0,0.0,0.0,0.0,0.0,8.97006252427817e-07,0.0,0.0,6.697428554602574e-07,0.0,0.0,2.51626461159693e-06,1.6921534147127105e-06,4.708542217414444e-07,1.213019563635856e-06,0.0,2.4797069524198636e-06,0.0,0.0,0.0,5.063517339819329e-07,0.0,0.0,0.0,0.0,0.0,0.0,0.0,0.0,0.0,0.0,0.0,1.172412686983329e-06,3.9987857082672984e-07,4.873610996748192e-08,0.0,0.0,0.0,0.0
2005-04,0.0,0.0,0.0,0.0,0.0,3.5183860625195087e-06,0.0,6.623351772461206e-08,0.0,0.0,1.3887917312670542e-06,0.0,1.2052113438137669e-06,0.0,8.70695534333249e-07,3.913612952764992e-07,0.0,1.2916735664925735e-06,4.5383788266639e-08,0.0,0.0,0.0,0.0,0.0,1.0243235531894393e-07,0.0,0.0,2.2491953665382432e-07,0.0,0.0,0.0,3.381561172364586e-06,7.671646528404561e-07,1.8163152060250294e-06,1.8885994964891463e-08,0.0,0.0,0.0,0.0,0.0,6.941760926555598e-07,0.0,0.0,0.0,0.0,0.0,0.0,0.0,2.6938555793614567e-07,0.0,0.0,0.0,0.0,2.5478409862720804e-07,0.0,0.0,0.0,0.0
2005-05,0.0,0.0,0.0,0.0,0.0,0.0,9.302154450736237e-08,1.1098446302422737e-06,3.2747820247155077e-07,0.0,0.0,0.0,0.0,0.0,0.0,0.0,0.0,0.0,0.0,0.0,0.0,0.0,0.0,0.0,7.231929591185598e-07,0.0,2.831119182710538e-07,0.0,0.0,4.0684061803755376e-07,0.0,2.777710284314977e-06,0.0,0.0,0.0,0.0,0.0,0.0,0.0,0.0,0.0,0.0,0.0,4.969473945432707e-07,0.0,0.0,0.0,0.0,5.216585391302538e-07,2.2285531066205e-07,2.2630036441059417e-07,0.0,0.0,1.810464583708489e-08,0.0,0.0,0.0,0.0
2005-06,0.0,0.0,0.0,0.0,0.0,0.0,3.9535656272225195e-07,0.0,0.0,0.0,0.0,0.0,0.0,0.0,0.0,0.0,0.0,0.0,0.0,0.0,0.0,0.0,0.0,0.0,0.0,0.0,0.0,6.402383069523989e-08,0.0,0.0,0.0,1.7027761913845919e-06,0.0,0.0,0.0,0.0,0.0,0.0,0.0,0.0,0.0,0.0,0.0,1.3480895843609105e-07,0.0,0.0,0.0,0.0,1.0025827786603724e-06,3.303495002911971e-07,2.4240410716381936e-06,0.0,0.0,7.120554587188923e-07,0.0,0.0,0.0,3.7641455149642347e-07
2005-07,0.0,0.0,0.0,0.0,0.0,0.0,0.0,7.303392412474907e-07,0.0,0.0,0.0,0.0,0.0,3.384481025767543e-07,0.0,0.0,4.1721987424729253e-07,0.0,1.2014001919837849e-08,0.0,0.0,0.0,0.0,0.0,7.269978918727008e-08,1.9025394226504858e-07,0.0,0.0,0.0,3.6337803575607964e-07,0.0,0.0,0.0,0.0,0.0,0.0,0.0,1.590072956007825e-05,0.0,0.0,0.0,0.0,3.977921368222316e-07,0.0,0.0,0.0,0.0,7.756131760739555e-08,0.0,0.0,0.0,0.0,4.3682009675490456e-07,0.0,0.0,0.0,0.0,4.197200543866776e-07
2005-08,4.820067361301049e-07,0.0,0.0,0.0,0.0,0.0,0.0,0.0,0.0,0.0,0.0,0.0,1.087827480824588e-06,2.660304675090215e-07,0.0,0.0,3.7191057724081033e-07,0.0,3.1606246343068854e-07,3.373280730890535e-07,0.0,5.7744943957639684e-08,0.0,5.128895978693884e-07,0.0,0.0,0.0,4.2384068404207126e-08,0.0,6.11978972795961e-07,0.0,0.0,0.0,0.0,0.0,0.0,0.0,0.0,0.0,0.0,7.636849878327832e-07,0.0,0.0,0.0,0.0,0.0,3.7663045963305144e-07,1.3855050595559283e-07,4.979479870749135e-08,4.412058264949368e-08,0.0,0.0,0.0,0.0,0.0,8.556225859849588e-08,0.0,0.0
2005-09,2.3150182957194094e-07,0.0,0.0,0.0,0.0,0.0,4.168471505180066e-07,0.0,1.7208097029165326e-07,1.1555682230870913e-07,0.0,0.0,0.0,0.0,0.0,0.0,0.0,0.0,4.518776603696026e-07,3.59823542900462e-07,0.0,3.1950993473770646e-07,0.0,1.5953140146008661e-06,0.0,0.0,2.3817123894723582e-07,0.0,0.0,3.29431546075034e-07,0.0,5.504723563095754e-07,0.0,0.0,0.0,0.0,0.0,0.0,0.0,0.0,4.412407587513193e-06,4.538764588527984e-07,2.5558492873795427e-07,4.3430826234054644e-07,0.0,0.0,4.743021062789121e-08,0.0,0.0,2.968086349365558e-06,0.0,0.0,3.3285192166572327e-07,0.0,0.0,1.1372994533146928e-06,5.100241249469013e-07,0.0
2005-10,0.0,0.0,8.428816745287612e-07,0.0,9.914258479373392e-07,0.0,0.0,0.0,0.0,0.0,0.0,0.0,1.7975313587569459e-06,0.0,0.0,0.0,4.4601133368206425e-07,0.0,4.0596726163849226e-07,0.0,2.8599778069199162e-06,1.6841975437884502e-06,0.0,0.0,4.137242741022989e-07,0.0,6.309626637030514e-07,0.0,0.0,3.237799805545737e-06,0.0,5.7522110406091344e-08,7.323481294666256e-07,1.5724786281947205e-06,0.0,0.0,9.61050928106541e-07,1.6623141252107738e-06,0.0,0.0,0.0,4.526944027253878e-07,2.9612127452175868e-06,8.115626803922791e-07,4.313410670695843e-07,0.0,7.630532222622864e-07,0.0,0.0,7.254588399029259e-07,0.0,0.0,0.0,0.0,0.0,0.0,0.0,1.6455034378413028e-06
2005-11,0.0,0.0,3.896693184176781e-07,0.0,1.3443274138925307e-06,0.0,1.332202149357713e-07,3.7076527818900863e-07,0.0,0.0,0.0,0.0,0.0,0.0,0.0,0.0,0.0,2.146561615685693e-06,0.0,0.0,1.127856449405367e-06,0.0,0.0,0.0,1.4240121989603643e-06,0.0,0.0,0.0,0.0,1.2722882569940614e-06,0.0,0.0,0.0,0.0,0.0,0.0,1.0764181859004174e-06,1.3206136696876057e-06,0.0,8.931265990708148e-07,0.0,6.240555384089998e-08,1.941165907913555e-06,8.411084122604361e-07,4.31088743016974e-07,2.7486346237446355e-07,1.011578431480571e-06,0.0,0.0,0.0,0.0,0.0,0.0,0.0,0.0,0.0,0.0,0.0
2005-12,0.0,0.0,0.0,0.0,1.059566125229186e-07,0.0,6.65512483892499e-08,0.0,0.0,1.3622697281229745e-07,0.0,0.0,7.062313409528301e-07,0.0,0.0,0.0,2.003668262704067e-07,0.0,2.526770755898709e-07,0.0,2.5907623990293477e-07,0.0,0.0,0.0,4.863994617618703e-07,9.853304621467475e-07,0.0,0.0,0.0,4.714593483792565e-07,0.0,0.0,4.37015671031174e-07,0.0,0.0,0.0,0.0,1.0469336862940424e-07,0.0,8.176234356100255e-07,5.367941541253255e-07,5.907760276251793e-07,3.4054826335115986e-07,2.7986739494882673e-08,9.646319472819478e-07,8.550387045246858e-07,1.0402286533497777e-06,0.0,0.0,0.0,0.0,0.0,0.0,0.0,0.0,0.0,1.288901813047312e-08,7.993409626078433e-08
2006-01,0.0,0.0,5.251356223346833e-07,0.0,8.376225828502816e-07,0.0,0.0,0.0,0.0,0.0,0.0,0.0,2.27082911463556e-06,1.298810886651368e-06,1.603843026985137e-06,8.535112867882853e-07,5.126747810325974e-07,0.0,0.0,2.117784468174972e-07,8.572306064622594e-07,2.2291482992458506e-07,0.0,0.0,2.000762726096974e-06,1.1051096152405426e-06,3.0143090486639987e-05,2.648197172952121e-06,1.93894073270854e-06,2.3603692135367033e-06,0.0,0.0,1.2560168846274256e-06,2.023970908315478e-06,8.619260795182313e-08,0.0,7.783132339566796e-07,2.5032508672145763e-06,0.0,0.0,0.0,0.0,2.001057954338522e-06,0.0,0.0,4.865652680065523e-07,2.49038362412194e-07,0.0,0.0,3.563822788627711e-07,2.2984701939688517e-07,0.0,0.0,0.0,0.0,0.0,0.0,4.5668313122976776e-07
2006-02,5.884478292169995e-07,0.0,0.0,0.0,0.0,5.927017579396842e-07,5.249224177469635e-07,0.0,0.0,2.8861212685053154e-07,2.661390117653789e-07,0.0,1.641402003761755e-06,7.43233524551877e-08,1.909980066703128e-06,0.0,7.91630173965413e-07,0.0,0.0,0.0,6.099654061131201e-06,0.0,1.1838042485437447e-06,0.0,0.0,0.0,0.0,3.2376012959286457e-06,0.0,8.07653334605786e-07,0.0,3.2127916890278693e-06,1.1848817515427504e-06,1.9783575321634245e-06,7.874434338348661e-07,0.0,6.701316444161603e-07,1.9436911207647705e-06,0.0,7.809037306058114e-07,0.0,0.0,1.185410806855844e-06,0.0,1.8690650144557314e-06,1.0847344778692394e-06,5.148715381964059e-07,0.0,0.0,7.850260495749035e-07,0.0,0.0,0.0,0.0,0.0,0.0,6.251564576693382e-08,9.929136138572096e-07
2006-03,0.0,0.0,8.563965512425539e-08,0.0,5.55940602409509e-07,0.0,2.227889226860463e-07,0.0,0.0,3.8517990578971607e-07,0.0,0.0,0.0,0.0,0.0,0.0,0.0,3.10601684304794e-07,0.0,0.0,0.0,0.0,0.0,0.0,0.0,3.231212897248856e-08,0.0,0.0,0.0,0.0,0.0,0.0,0.0,0.0,0.0,0.0,4.277659941931758e-08,6.370045402029137e-07,0.0,0.0,4.6926933016261124e-07,0.0,0.0,0.0,0.0,5.0792155993403115e-09,1.0103592051575669e-07,0.0,0.0,1.4122589960415543e-06,0.0,7.08286519582567e-08,0.0,0.0,0.0,0.0,0.0,0.0
2006-04,0.0,0.0,1.8607059717127423e-09,0.0,4.902011117541641e-08,0.0,0.0,0.0,0.0,5.932150497376873e-09,0.0,0.0,0.0,0.0,0.0,0.0,0.0,1.3463680044452815e-06,0.0,2.3754315129302217e-07,0.0,0.0,0.0,0.0,0.0,8.469427786550604e-07,0.0,1.129333518913242e-08,0.0,0.0,0.0,0.0,0.0,0.0,3.5592444022798654e-08,0.0,1.7002416951494848e-07,2.0544814000713827e-07,0.0,5.455056259605906e-07,0.0,0.0,0.0,0.0,0.0,2.3022894609491286e-06,1.388144784931879e-06,0.0,0.0,1.115201033117675e-07,0.0,0.0,0.0,0.0,0.0,0.0,0.0,6.346268604770378e-07
2006-05,0.0,0.0,3.789789398444439e-06,0.0,3.894027496235016e-06,2.0561798946330118e-07,5.282259851847188e-09,7.27332808457118e-07,4.4484456985036116e-07,1.1370758834186243e-07,0.0,0.0,9.114135534393636e-07,0.0,0.0,0.0,0.0,0.0,1.1158238955765593e-08,0.0,2.8391062521435364e-06,9.968497694051031e-08,4.626701606803251e-06,0.0,3.433996282790602e-07,0.0,0.0,0.0,0.0,3.0218484272386757e-06,0.0,0.0,7.167729953289418e-07,7.349947550802649e-07,6.806769236113557e-07,0.0,4.107500819805203e-06,5.4436511583207605e-06,0.0,5.86490598772289e-07,2.5767446201491444e-07,0.0,4.554708624959214e-07,0.0,3.1388854993462287e-06,1.900518658959389e-06,5.9628714541803775e-06,0.0,0.0,5.581951979743284e-07,0.0,8.093767990850452e-07,5.162641790212794e-07,0.0,0.0,0.0,0.0,5.523352210663225e-08
2006-06,0.0,0.0,0.0,0.0,0.0,3.411096403288079e-06,7.492187736938055e-07,5.3088259062514246e-08,0.0,0.0,4.2346851951435837e-07,0.0,1.0008192674692829e-06,0.0,0.0,0.0,0.0,2.04198652521732e-07,6.078311082465936e-07,2.650610294674593e-07,0.0,5.167159979055508e-07,0.0,3.399104387537093e-08,4.931815359395693e-07,0.0,0.0,0.0,0.0,1.5255674929178302e-07,0.0,0.0,5.75799032548438e-07,1.1217269120856882e-06,4.717432812428833e-07,0.0,0.0,0.0,0.0,0.0,2.833664234884294e-07,0.0,1.7410714310638758e-07,0.0,0.0,0.0,1.7257828369736367e-06,0.0,0.0,2.1929817791878446e-07,0.0,2.1506047131534814e-06,0.0,0.0,0.0,1.0822474649574248e-07,0.0,0.0
2006-07,0.0,0.0,0.0,0.0,0.0,0.0,0.0,0.0,3.615108383982811e-07,0.0,4.488148838062423e-08,0.0,0.0,0.0,0.0,0.0,0.0,1.2674987209594386e-06,1.9131620427008738e-08,2.6954032063693496e-07,0.0,0.0,0.0,8.928028620935822e-07,1.5780057929520518e-08,0.0,0.0,0.0,0.0,0.0,0.0,0.0,0.0,0.0,0.0,0.0,0.0,0.0,0.0,0.0,4.468282203946182e-07,0.0,0.0,0.0,0.0,0.0,0.0,3.65127316424076e-07,0.0,3.6894656685660094e-07,0.0,0.0,0.0,0.0,3.493868437401838e-07,0.0,0.0,0.0
2006-08,0.0,0.0,3.475550976105163e-07,0.0,0.0,1.443744119394484e-06,7.65022324740296e-08,0.0,0.0,1.2093185923952623e-07,1.2055665305412133e-06,0.0,3.688806276262613e-06,0.0,1.1819973804702357e-06,0.0,0.0,1.9363175847432815e-07,6.921781619675243e-09,4.7642163538360023e-07,0.0,0.0,0.0,0.0,4.964028123500015e-07,0.0,0.0,1.4387608520968592e-07,0.0,0.0,0.0,0.0,4.599718765182656e-06,2.835902419945385e-06,3.989552209744781e-06,0.0,0.0,0.0,0.0,0.0,9.81591406997431e-08,0.0,0.0,8.256305186918507e-08,0.0,0.0,3.138856739729988e-07,1.710243799363416e-08,0.0,7.395571188034576e-07,0.0,1.0673019528952e-07,0.0,4.406396124396507e-09,0.0,0.0,0.0,0.0
2006-09,0.0,0.0,0.0,0.0,0.0,0.0,1.2031798835664973e-06,0.0,0.0,0.0,0.0,0.0,0.0,0.0,7.577840099140532e-08,0.0,0.0,5.013659307730231e-07,0.0,4.256505462784735e-07,0.0,1.8611912063733193e-07,0.0,0.0,0.0,0.0,0.0,1.2608702314005263e-06,0.0,0.0,0.0,0.0,0.0,7.871392856188819e-08,0.0,0.0,0.0,0.0,0.0,0.0,0.0,3.683405488955887e-07,0.0,0.0,0.0,3.898407743112807e-07,0.0,0.0,3.9501498241313953e-07,3.437015050811467e-07,0.0,0.0,1.6000320746985957e-07,7.44136536853731e-07,3.915257820506606e-08,2.0128294660889512e-07,0.0,1.3117550387897226e-07
2006-10,0.0,0.0,0.0,0.0,0.0,0.0,0.0,1.0292726660354745e-07,3.970853029313217e-07,0.0,0.0,0.0,4.291814464405658e-06,9.181751904944711e-07,0.0,0.0,0.0,0.0,0.0,5.826647715033595e-07,0.0,0.0,0.0,0.0,0.0,0.0,0.0,1.4014372515478486e-07,0.0,0.0,0.0,0.0,2.4052908331536617e-06,4.935691648122881e-07,1.830893654235985e-07,0.0,0.0,0.0,0.0,0.0,3.6188439240130833e-07,0.0,0.0,1.2269252043629365e-07,0.0,0.0,1.1351207349710388e-07,0.0,0.0,7.976020426215622e-07,1.7973388404736967e-07,4.331009318839091e-07,0.0,1.055670113985262e-07,1.2436066388411306e-07,4.813597022417237e-07,0.0,0.0
2006-11,0.0,0.0,1.5732604027382593e-06,0.0,7.44906829889095e-07,1.6134343707976188e-06,1.2376009422111582e-07,0.0,5.037145077153131e-07,0.0,1.3769351275567318e-06,0.0,2.194269179760677e-06,1.4304866333415822e-07,7.202942505405333e-06,0.0,0.0,1.265987432913871e-06,0.0,8.962572418265771e-08,0.0,0.0,0.0,2.157457744746648e-08,0.0,0.0,0.0,3.1303597456193866e-07,8.201624697289425e-08,0.0,0.0,0.0,1.6139152092098445e-06,6.64146618550121e-06,1.054579518716639e-06,0.0,2.410236397029676e-07,0.0,0.0,0.0,3.8201656350739074e-07,1.8437428221679994e-06,0.0,0.0,0.0,2.2821685176549304e-08,0.0,0.0,0.0,0.0,1.6039581746845385e-06,0.0,0.0,0.0,0.0,5.669561949443658e-07,2.6501820230860617e-08,6.811484115059503e-07
2006-12,0.0,0.0,4.7529499989972315e-07,0.0,6.563316695632135e-07,1.0452657678713049e-06,3.0377888013499376e-08,0.0,2.7391927557331687e-07,0.0,1.957836964156197e-06,0.0,1.4627710741165688e-06,0.0,1.887542705725158e-06,0.0,7.202853707413345e-08,0.0,0.0,2.5981823999117384e-07,0.0,0.0,0.0,0.0,0.0,0.0,0.0,0.0,3.4667661683418506e-08,0.0,0.0,0.0,8.333606522133719e-07,3.3796667628333834e-06,3.1543815440651313e-07,0.0,6.63530559828724e-07,0.0,0.0,0.0,0.0,1.8195018531377214e-06,0.0,0.0,2.93619013300158e-07,9.10251614114877e-07,0.0,1.8560115108764985e-07,0.0,0.0,7.103548393946075e-07,4.222656719092919e-07,0.0,0.0,0.0,0.0,0.0,0.0
2007-01,0.0,0.0,0.0,0.0,0.0,0.0,0.0,0.0,0.0,0.0,0.0,0.0,0.0,1.2389943135045074e-06,8.351275614449094e-07,5.445070008863739e-07,4.4261685933869036e-08,0.0,0.0,0.0,0.0,0.0,0.0,0.0,0.0,2.0419009352694653e-07,0.0,1.3357083721762462e-08,5.980241049273784e-07,0.0,0.0,0.0,0.0,0.0,0.0,0.0,0.0,0.0,0.0,0.0,0.0,2.0097792761661348e-07,8.294324542022676e-07,1.3770760238104238e-06,0.0,0.0,0.0,7.56838437400674e-08,0.0,4.210554259932069e-07,2.7220035786994396e-07,0.0,0.0,0.0,1.786059526565265e-06,1.322505770158227e-07,0.0,0.0
2007-02,0.0,0.0,0.0,0.0,0.0,0.0,0.0,0.0,0.0,0.0,0.0,0.0,0.0,0.0,0.0,1.045924881043006e-07,3.471636060032139e-07,0.0,0.0,3.3932109899625486e-07,0.0,0.0,0.0,0.0,0.0,3.707072638086048e-07,0.0,4.7407136744356727e-07,7.125892440152867e-08,0.0,0.0,0.0,0.0,0.0,0.0,0.0,0.0,0.0,0.0,0.0,4.0769969081175946e-08,1.5068842689477947e-07,0.0,3.1317525870154345e-07,3.344279126640641e-07,3.806328137158366e-08,3.9260729201842476e-07,0.0,0.0,5.7509634893130114e-08,0.0,5.247712073041221e-07,0.0,5.2166587822120164e-08,4.1937978502043504e-07,2.935680908479092e-07,0.0,0.0
2007-03,0.0,0.0,0.0,0.0,0.0,0.0,0.0,0.0,0.0,0.0,0.0,0.0,0.0,0.0,0.0,0.0,2.245255156398014e-07,1.6764614859766068e-07,0.0,4.46222444709668e-07,0.0,0.0,0.0,0.0,0.0,0.0,0.0,0.0,0.0,0.0,0.0,0.0,0.0,1.8934732919717312e-06,0.0,0.0,0.0,0.0,0.0,0.0,0.0,1.7758216291463048e-07,0.0,0.0,0.0,1.271102068565672e-07,7.121412551287527e-08,0.0,1.410564591320454e-07,0.0,0.0,5.904320990071706e-07,0.0,9.247887217624096e-08,0.0,0.0,0.0,0.0
2007-04,0.0,0.0,0.0,0.0,0.0,0.0,7.668165837548501e-07,0.0,2.305071776719514e-07,2.3072969820177489e-07,0.0,0.0,1.676037142871803e-07,0.0,0.0,0.0,1.7271857772129773e-06,0.0,4.126670400748586e-08,4.4307462975189375e-07,0.0,0.0,0.0,0.0,0.0,0.0,0.0,3.001752641086349e-07,0.0,0.0,0.0,0.0,0.0,8.920394658535197e-07,0.0,0.0,0.0,0.0,0.0,2.1028072076318285e-07,1.1393356674742859e-07,0.0,0.0,0.0,0.0,0.0,0.0,1.197491426427437e-07,0.0,0.0,0.0,3.1597652040542614e-08,0.0,0.0,0.0,0.0,0.0,0.0
2007-05,0.0,0.0,0.0,0.0,0.0,8.358040494651637e-07,0.0,0.0,6.558598313053327e-07,4.1473666834688366e-08,0.0,0.0,1.0619343386009498e-05,0.0,0.0,0.0,2.484443574123651e-06,0.0,3.3810315339211865e-07,5.279399450700281e-07,0.0,0.0,0.0,1.0575156275169396e-06,0.0,0.0,0.0,4.231027006614506e-07,0.0,0.0,0.0,0.0,5.906855882705612e-06,3.823286535922316e-06,2.5269957597419404e-06,0.0,0.0,0.0,0.0,0.0,6.988682422137717e-07,0.0,0.0,1.5691299740389944e-07,0.0,0.0,6.155960111098366e-07,2.2493149095987285e-07,0.0,0.0,0.0,0.0,7.109858908930753e-07,0.0,0.0,0.0,0.0,0.0
2007-06,0.0,0.0,8.921330768953128e-08,0.0,0.0,0.0,0.0,6.956611940514556e-09,0.0,9.094192004650177e-07,0.0,0.0,0.0,1.8501314788601022e-07,0.0,0.0,9.746805122889426e-07,5.579206554381152e-08,4.187684372258553e-07,0.0,0.0,0.0,0.0,0.0,0.0,0.0,0.0,0.0,1.0321378100499705e-06,0.0,0.0,0.0,4.994608129872472e-07,0.0,6.598392604362791e-07,0.0,0.0,0.0,0.0,8.450135569494904e-08,0.0,0.0,0.0,2.4242872630291704e-06,0.0,1.6395884321225574e-07,0.0,0.0,0.0,0.0,0.0,0.0,5.644856577548332e-07,0.0,1.0566421550451347e-06,4.5512331174892266e-07,0.0,0.0
2007-07,0.0,0.0,1.2913287659273645e-07,0.0,0.0,0.0,2.7774796117921095e-08,0.0,0.0,0.0,0.0,0.0,2.2623427897250358e-07,0.0,0.0,0.0,6.983979154774924e-07,5.501337590589862e-07,3.8104389836460425e-07,0.0,0.0,0.0,0.0,3.032606723262686e-06,0.0,0.0,0.0,1.476578340206796e-07,0.0,0.0,0.0,0.0,3.1289180961874273e-07,0.0,1.7704334083108037e-07,0.0,0.0,0.0,0.0,7.512349045557922e-07,8.496565382520773e-08,4.0683851054947303e-07,0.0,0.0,0.0,4.937384019826265e-07,0.0,1.1665237646712318e-07,0.0,6.767784714460353e-08,0.0,0.0,4.473518210745906e-07,0.0,2.8515373926643955e-07,0.0,1.598203889015777e-06,1.909790716609107e-07
2007-08,0.0,0.0,0.0,0.0,0.0,0.0,2.8980295414366212e-08,0.0,0.0,4.4818569403456964e-08,0.0,0.0,0.0,0.0,0.0,0.0,0.0,0.0,1.9183662733767566e-07,0.0,0.0,0.0,0.0,0.0,0.0,0.0,0.0,0.0,5.1295089737585235e-08,0.0,0.0,0.0,0.0,0.0,0.0,0.0,0.0,0.0,0.0,9.652441980019869e-08,0.0,8.58831449873523e-07,0.0,0.0,0.0,0.0,0.0,0.0,5.951979264358703e-07,3.5016929227003325e-07,3.6828673202006677e-07,0.0,1.1888823413179986e-06,0.0,0.0,0.0,2.2127510499151716e-07,0.0
2007-09,0.0,0.0,0.0,0.0,0.0,0.0,4.887083753087e-07,0.0,6.956178313265501e-07,8.395657408353849e-07,0.0,0.0,0.0,0.0,0.0,0.0,0.0,7.810182202837953e-07,1.1662921348507688e-07,3.6869884585169486e-07,0.0,0.0,0.0,1.308251350356218e-06,0.0,0.0,0.0,0.0,7.999059171931792e-08,0.0,0.0,0.0,0.0,1.0711942583956081e-07,2.702510370343123e-07,0.0,0.0,1.4690163246029384e-07,0.0,4.896030487890439e-07,0.0,3.703631810597109e-08,0.0,0.0,0.0,3.1109285073403164e-07,0.0,1.4577267850264358e-07,0.0,4.5021995873858676e-07,1.4389523106835017e-06,0.0,3.771280898858063e-07,0.0,0.0,0.0,3.4422041829275697e-06,0.0
2007-10,7.658486255935452e-07,0.0,0.0,0.0,0.0,1.7176446412618049e-06,0.0,1.105679676526878e-06,5.954221400050092e-07,0.0,2.6268211823002596e-06,0.0,3.979338252721163e-06,0.0,0.0,3.6183567911331273e-06,0.0,1.9452701215718054e-07,0.0,1.2130582179337497e-06,0.0,0.0,2.960814371042106e-07,4.44350169197481e-06,0.0,0.0,7.453634472305953e-07,1.7711916181185375e-07,4.431116946003906e-07,0.0,1.2392876432395923e-06,2.443032633642067e-07,2.8427909270552362e-06,6.347142720314752e-06,2.2550361259482713e-06,1.1920068588325977e-06,0.0,0.0,0.0,2.55357276740825e-07,0.0,4.294012327700838e-08,0.0,4.2009359647961903e-07,0.0,0.0,0.0,1.0006041997887625e-06,0.0,0.0,0.0,0.0,8.770627891598326e-07,0.0,7.518164720205656e-07,0.0,1.9648963470060237e-06,1.3956889278162977e-06
2007-11,1.3193646378154462e-06,0.0,0.0,0.0,0.0,1.7811555425885639e-06,4.123943155180596e-07,1.6059038992966534e-06,3.8464573127169717e-07,0.0,1.6725407195772175e-06,0.0,1.8634273123814827e-06,3.031220837534307e-07,3.6716376447171186e-07,4.392172781640353e-06,2.0425895650333095e-06,0.0,5.851468500946933e-07,7.583088427749584e-07,0.0,0.0,0.0,0.0,0.0,1.4038340497530069e-07,8.249915453471812e-09,3.2332877217984036e-07,1.5812450515870352e-06,0.0,2.5928201267798877e-06,2.44872772871127e-06,9.827744790004978e-07,4.046456934970411e-06,5.044704703067552e-07,2.693887564106809e-06,0.0,0.0,0.0,0.0,0.0,1.3201669672607484e-07,0.0,6.149923372456116e-07,0.0,0.0,0.0,0.0,0.0,0.0,0.0,0.0,3.05039640976874e-07,0.0,8.759646709685358e-07,7.445380860726051e-07,0.0,9.390014748962717e-07
2007-12,0.0,0.0,0.0,8.535944469807884e-07,0.0,0.0,5.60344220254163e-07,2.4052906613707476e-07,6.67292301409746e-07,1.2928991007486734e-08,0.0,0.0,0.0,1.2926166460498315e-06,0.0,0.0,0.0,0.0,1.4657847418700674e-06,3.327248179290747e-07,0.0,7.816377923068538e-07,1.0224528943377082e-06,5.460795952021303e-07,0.0,3.462345532280805e-07,1.2210811044204122e-06,2.371271249273074e-07,1.065040350370819e-06,0.0,1.293339799116236e-06,0.0,0.0,0.0,0.0,4.0452417407717267e-07,0.0,0.0,0.0,2.6066382333672646e-07,0.0,0.0,0.0,1.9272359929818456e-07,0.0,0.0,1.7418162555085658e-07,0.0,0.0,1.7909441483941745e-07,2.335333120179889e-09,0.0,0.0,0.0,7.836224777371895e-07,0.0,0.0,7.376118709642131e-07
2008-01,0.0,0.0,0.0,3.1280362540079406e-08,0.0,0.0,0.0,0.0,0.0,4.157488458156507e-08,4.3308703366509716e-07,0.0,0.0,8.201677247969761e-07,0.0,0.0,0.0,9.228494922964258e-08,0.0,7.651438798736611e-07,0.0,6.58107370731964e-07,6.04764052943664e-07,9.534710539090083e-07,0.0,7.038878309308088e-07,3.0894793652937357e-07,0.0,5.19918633515512e-07,4.365121197437531e-07,1.0702549984875631e-06,8.828574965972641e-07,0.0,0.0,0.0,1.7589630709019117e-06,0.0,0.0,0.0,0.0,0.0,0.0,0.0,5.415400563673952e-07,2.867551269652019e-07,0.0,3.3152093244261975e-07,0.0,9.988746490672448e-07,8.524722601709923e-08,0.0,0.0,0.0,3.0135672638369717e-07,1.9127398273418792e-07,0.0,0.0,6.656526653690039e-07
2008-02,0.0,0.0,0.0,1.6660134386223825e-06,0.0,0.0,0.0,0.0,0.0,1.170064293208017e-06,0.0,0.0,0.0,2.5704724595981483e-06,0.0,0.0,0.0,8.000205619378585e-07,8.088030580475498e-09,1.5266251550591854e-06,0.0,1.097111331384671e-06,1.3807520936993252e-06,4.105793163795568e-06,2.43483120238119e-07,9.010263918814657e-07,1.3647125977578733e-06,3.017799874909261e-07,0.0,4.3970999992641593e-07,5.047923329562803e-06,3.7840440263451904e-06,0.0,0.0,0.0,4.139309599229188e-06,0.0,2.5911684311697577e-07,0.0,1.3811888777413503e-08,0.0,2.1947790861477462e-07,7.321087937481908e-07,1.0705875004248435e-06,1.273253958600243e-06,0.0,0.0,0.0,0.0,0.0,0.0,1.8784903443631978e-06,0.0,0.0,1.2867564665906534e-06,0.0,0.0,0.0
2008-03,0.0,0.0,0.0,3.1523992483886885e-06,0.0,1.2713209369715137e-06,8.241892206909251e-07,0.0,0.0,1.0736830514185281e-07,1.890817904904897e-06,0.0,0.0,1.9503720486253422e-06,5.452570467394689e-06,0.0,0.0,1.0791591566211359e-06,0.0,9.334525054367649e-07,0.0,2.1410719771612247e-06,2.9157045651945836e-06,3.918662860730583e-06,1.6321638882212282e-06,1.465947255628838e-06,1.7291772192691256e-06,6.867288487954412e-07,5.657677184815676e-07,2.43882158989445e-06,9.823081537344416e-06,8.473077897387827e-06,0.0,0.0,2.602863761158314e-06,8.967173882643467e-06,0.0,0.0,0.0,4.153004219659278e-06,0.0,0.0,2.6382083204376447e-06,1.6425540077004281e-06,0.0,4.663134086512078e-07,0.0,1.9418717565287786e-06,0.0,0.0,3.0308733891955854e-06,6.150907665682317e-06,7.462839910105864e-07,5.892916863231065e-07,1.4922198119671978e-06,0.0,0.0,1.4822556446150298e-06
2008-04,0.0,0.0,0.0,0.0,0.0,0.0,0.0,0.0,0.0,0.0,0.0,0.0,0.0,0.0,0.0,9.930722298599412e-09,0.0,6.815123754781386e-07,0.0,3.3172589866669806e-07,0.0,0.0,0.0,0.0,0.0,0.0,0.0,0.0,0.0,0.0,0.0,0.0,0.0,0.0,0.0,0.0,0.0,0.0,0.0,0.0,0.0,4.516449765523383e-07,0.0,8.746450909540744e-07,0.0,0.0,0.0,0.0,0.0,6.801369142902994e-08,0.0,1.0222490047781356e-07,3.344883865193127e-06,0.0,0.0,0.0,0.0,2.45121758364596e-07
2008-05,0.0,0.0,0.0,0.0,0.0,0.0,1.1728477766907614e-06,0.0,0.0,2.2989464548913396e-07,1.163027492647642e-06,0.0,0.0,0.0,0.0,0.0,0.0,0.0,0.0,9.391814702249622e-07,0.0,0.0,0.0,2.7477606114546545e-07,0.0,0.0,0.0,0.0,0.0,0.0,0.0,5.311513112979394e-08,0.0,0.0,9.92810961362757e-07,5.033733724775502e-07,0.0,0.0,0.0,1.220320866094759e-07,0.0,1.508020261622705e-07,0.0,0.0,0.0,0.0,0.0,6.760699108173066e-07,0.0,7.766673979064768e-08,0.0,0.0,1.027838160053765e-06,1.275903988706105e-07,0.0,1.5729604784571993e-07,5.52605162677522e-07,0.0
2008-06,0.0,0.0,0.0,2.689214359028497e-06,0.0,0.0,0.0,0.0,7.053965993699604e-07,0.0,0.0,0.0,0.0,7.839073407556255e-07,0.0,0.0,0.0,0.0,0.0,0.0,0.0,0.0,0.0,0.0,0.0,0.0,0.0,6.88832660502626e-07,0.0,0.0,0.0,0.0,0.0,0.0,4.860894140539182e-07,2.430379023550533e-08,0.0,0.0,0.0,0.0,4.063513256305556e-07,0.0,0.0,0.0,0.0,0.0,0.0,6.351511926808787e-07,0.0,3.503441769381636e-07,0.0,0.0,0.0,3.20994678579635e-07,0.0,1.605834317007608e-06,2.44410342059239e-07,0.0
2008-07,0.0,0.0,0.0,1.8223615464137837e-07,0.0,0.0,1.957776488540482e-06,0.0,0.0,0.0,1.000633077772671e-06,0.0,0.0,3.5670908028682946e-07,0.0,0.0,0.0,0.0,0.0,2.1164823610463589e-07,0.0,0.0,0.0,0.0,0.0,0.0,0.0,1.8280416170838276e-07,0.0,0.0,0.0,0.0,0.0,0.0,0.0,1.0744624664531798e-06,0.0,0.0,0.0,0.0,2.933857618867162e-07,2.612730896989827e-06,0.0,0.0,0.0,0.0,0.0,8.105864271023711e-07,2.0071442295798454e-06,6.316939604266064e-07,5.139633826009016e-07,0.0,0.0,2.1871142893173013e-06,0.0,9.979421995473075e-07,0.0,0.0
2008-08,0.0,0.0,0.0,0.0,0.0,0.0,0.0,0.0,0.0,4.222720536848235e-07,0.0,0.0,0.0,0.0,0.0,0.0,0.0,0.0,0.0,2.9493564322640927e-08,0.0,0.0,0.0,0.0,0.0,0.0,0.0,6.864276821592899e-07,0.0,0.0,0.0,0.0,0.0,1.736404081903703e-06,0.0,0.0,0.0,0.0,0.0,2.529091838987876e-07,0.0,0.0,0.0,0.0,0.0,0.0,0.0,0.0,0.0,4.380737412907148e-07,0.0,0.0,0.0,0.0,0.0,0.0,0.0,4.130209765779592e-07
2008-09,5.277531678092376e-07,0.0,1.761769056459611e-08,3.823751846018797e-08,1.9430371613629593e-08,6.4129496767866e-08,1.0264413505357839e-08,2.98590271739646e-08,8.923364531503511e-08,5.149197313567607e-07,6.176320596475853e-08,0.0,8.213432993994796e-08,4.0088739031135524e-08,3.3456511514967094e-06,1.2312795454182124e-08,3.461328233970301e-08,8.878016209917448e-09,1.0681398255338662e-08,1.0803132401626323e-08,7.72022799440577e-07,2.4534214683777367e-08,4.986628175332464e-08,6.403591030676968e-09,1.8041515406980873e-08,1.602308576126657e-08,2.035929945773743e-08,7.795286104259752e-09,3.1224288312484835e-08,2.8996050327894514e-08,1.315235831582523e-07,1.3161071420360326e-07,5.859809923965814e-08,2.745529055708129e-06,4.0824291484178875e-08,1.3116440479336855e-07,1.8990115582713517e-08,2.2460747518153467e-08,0.0,8.712372917173677e-07,3.1074133666202964e-07,8.262029951252616e-09,2.797598157245132e-08,2.0042103571558945e-08,1.6519479205924504e-08,9.62998211667468e-08,8.680881578416663e-09,9.335241766173994e-09,9.089867384267162e-09,9.063588441270737e-07,8.277503207533912e-09,1.030648358623168e-08,5.283219307604878e-07,9.44820726179324e-09,1.926072361858877e-08,9.379644285802124e-09,8.27067270147211e-09,1.1483607701732318e-08
2008-10,3.198816175665323e-06,0.0,8.499446672668477e-07,3.308394638678526e-06,9.167009166612152e-07,3.302418133766777e-06,4.780482677208872e-07,1.5744976039931449e-06,1.4063520077335635e-07,5.706776108410135e-07,4.433795087589489e-06,0.0,6.695855274728019e-06,2.307661210675785e-06,8.895102467602847e-06,5.490963142227527e-07,1.8660615360500607e-06,2.885794935741891e-07,5.019309170092526e-07,1.21993118070084e-07,3.7703916242950614e-06,2.4616546608640134e-06,8.095611008939123e-06,2.904069954388199e-07,8.082257853775626e-07,7.582767429417694e-07,9.810112698148132e-07,3.7422217669221775e-07,1.6194888127046594e-06,3.102444497996307e-06,6.890529481088648e-06,6.9474119496380214e-06,3.0531884370124524e-06,1.665707225683051e-05,2.1407722673585094e-06,6.944685118580013e-06,9.167871004763968e-07,1.5921905302845041e-06,0.0,7.276489040461062e-07,2.575759384003482e-07,2.3374609820779343e-07,2.317571143993221e-06,9.881233476483203e-07,2.4315311970910958e-06,3.1876544603272066e-07,3.87405402602679e-07,4.0401603260713066e-07,3.781312762393876e-07,1.218699253651475e-07,3.6866988736644974e-07,3.704923156151287e-07,1.8914373004410342e-06,3.910775541004106e-07,9.579481189055488e-07,4.2906980659115393e-07,3.69783273894469e-07,5.962966870049925e-07
2008-11,3.7894827566804025e-06,0.0,1.1267828998141726e-06,8.808481602033124e-06,1.2306437813807517e-06,6.9881632381690315e-06,5.984025117093378e-07,5.837080767867976e-06,7.01180142440895e-08,8.999397216316058e-07,9.12523929085124e-06,0.0,1.2173042982867352e-05,1.046229648707503e-05,8.843957546861994e-06,6.614713470641173e-07,1.1545355676301397e-05,1.22734878785365e-07,6.781662362456003e-07,6.095041516634599e-07,2.423079254345505e-06,3.4895364456571466e-06,1.5779421885837598e-05,3.626614079003318e-07,1.109443909372749e-06,9.067703569947267e-07,2.2337277175581426e-06,5.137954004259685e-07,2.4416680975089326e-06,4.881981473889171e-06,1.4818644086526306e-05,1.4374605770436173e-05,7.258223599896883e-06,2.041085405865331e-05,3.2237915002878426e-06,1.5684887105876873e-05,1.204093957680178e-06,2.145106725322629e-06,0.0,4.056349469141766e-07,1.2616377468155456e-06,3.73295341960251e-08,4.8070752908710294e-06,1.4597793037733967e-06,1.6222910257152665e-06,1.7620716592534146e-07,3.1811476926448325e-07,2.0562206654174688e-08,5.649332463477409e-07,1.0283785160694094e-08,3.2678844142088224e-07,8.376721314518922e-08,8.326466863031422e-07,4.2193659747186143e-07,1.3799338172083043e-06,2.698409665201672e-07,1.4241748405873465e-07,7.939073180270179e-07
2008-12,0.0,0.0,7.600858414876302e-08,0.0,0.0,2.737742639515248e-06,0.0,0.0,4.219864546445209e-07,0.0,6.82605383058886e-06,0.0,1.6339031749111692e-05,0.0,8.480146277896693e-06,5.763177953826675e-07,0.0,1.2923854126491008e-06,1.7035929353067387e-07,1.5582949554331093e-06,0.0,0.0,0.0,8.834969811179066e-07,0.0,8.539631505265141e-07,0.0,2.2806870750158305e-07,0.0,0.0,0.0,0.0,1.8730347699051678e-05,0.0,1.7097364904610203e-05,0.0,0.0,0.0,0.0,6.55748986843673e-07,1.584111691719241e-06,1.4643077684696488e-06,0.0,0.0,1.1387881046328006e-06,4.502034021514178e-07,1.1967798194731432e-06,1.0420223653828518e-06,8.923471109583752e-07,7.193617428212689e-07,1.420565959993834e-06,3.1842672548802656e-07,1.3512446957485333e-07,1.1703856282830363e-06,4.132499288529608e-07,1.8199193571401036e-06,7.036969929438836e-07,0.0
2009-01,0.0,0.0,4.6518928755392117e-07,0.0,5.308957236655442e-07,9.447726672608264e-06,1.4477097784416914e-07,0.0,3.0651222751326876e-07,2.6171947556912106e-07,0.0,0.0,0.0,2.2758436033777087e-06,7.583409983478e-06,2.1375183941536002e-07,0.0,1.0659173694353733e-06,9.95570156755339e-07,2.3081269291745054e-06,0.0,0.0,3.578724592800814e-07,0.0,3.4042172820735774e-07,2.9567745809696775e-07,0.0,7.739231176813198e-07,6.3946783267297344e-06,1.7857577716585277e-07,0.0,0.0,1.1679937602537758e-06,0.0,3.5159865959622714e-06,0.0,8.194060923750278e-07,6.521529634040228e-07,0.0,4.6436775932844067e-07,1.1990811302945627e-06,0.0,3.8317214335278906e-07,2.3683777896774116e-07,5.107604775681177e-07,0.0,1.1039649085990189e-06,3.22335063839602e-07,0.0,8.89094513358816e-07,6.304950722192766e-07,0.0,0.0,0.0,1.2549792099700794e-06,1.5387821529179646e-06,0.0,0.0
2009-02,0.0,0.0,0.0,0.0,0.0,5.118645698448575e-06,1.3043904236166373e-06,0.0,0.0,0.0,5.0414193274700915e-06,0.0,5.183002304571402e-06,2.6476794130670078e-06,6.152449657885903e-06,0.0,2.2726019175220854e-06,0.0,0.0,5.965401443118242e-07,0.0,0.0,0.0,0.0,0.0,7.47780700738037e-08,0.0,0.0,2.047487446031945e-06,0.0,0.0,0.0,4.013564223347317e-06,2.698418020428417e-06,2.753541288877115e-06,0.0,0.0,0.0,0.0,0.0,3.4577839870427155e-07,0.0,0.0,0.0,1.7408924181046352e-06,4.41987210999804e-07,0.0,0.0,5.115580906974796e-07,6.315350252123608e-07,0.0,0.0,0.0,0.0,0.0,5.246925318715696e-07,0.0,0.0
2009-03,8.101203952770239e-07,0.0,8.132360503322958e-08,0.0,0.0,3.997312125666973e-06,0.0,0.0,0.0,0.0,5.646236732956257e-06,0.0,3.5732231516079348e-06,1.2029252853518955e-06,4.462200674329571e-06,0.0,3.35855236912197e-06,0.0,0.0,0.0,0.0,0.0,0.0,0.0,0.0,4.251595252184777e-08,2.77233050581022e-07,0.0,1.0596719577873233e-06,0.0,7.184236058087045e-07,1.1007905754317483e-06,2.2755470357474148e-06,5.862248920906838e-06,1.1718270768075016e-06,1.0720886281670727e-06,0.0,0.0,0.0,0.0,2.6752390585250455e-07,0.0,0.0,0.0,9.984204825389775e-07,8.543468839100014e-07,1.3516221947668886e-07,0.0,0.0,1.8194086411533247e-07,0.0,9.242877114864767e-07,2.0608804992443795e-07,0.0,0.0,1.8665800828307315e-07,0.0,0.0
2009-04,1.7449559521226822e-06,0.0,2.7888056741819447e-07,5.94282355888192e-07,3.012513910995995e-07,1.1410054127793945e-06,1.9127549873552975e-07,5.230035221874402e-07,1.981279460075286e-07,2.062200522430363e-07,1.1269992026205628e-06,0.0,1.4070896838206047e-06,1.3407975565027062e-06,1.6657991326220686e-06,2.0597548006230476e-07,6.095893224325918e-07,3.672626674584897e-07,2.2007375073215125e-07,2.413202316209236e-07,3.8020221871051805e-07,2.918622093823261e-07,7.938207815121022e-07,1.3859604843858685e-07,2.924982910735841e-07,2.711287558381393e-07,2.700752521974277e-07,1.792876696899669e-07,5.156052727546163e-07,3.514274352351566e-07,3.17921942458374e-06,3.1876474334339157e-06,1.3013291682870271e-06,1.6558016533013975e-06,1.061235021949967e-06,3.1716620427657273e-06,2.9537066264502014e-07,3.331974024935267e-07,0.0,3.796283423268274e-07,1.5014676307753897e-07,1.7736787700683988e-07,3.8370514842494056e-07,4.089911346701301e-07,2.849923501787796e-07,1.7126567015123256e-07,1.480876035508093e-06,1.7699919345297474e-07,2.824046604085091e-07,5.880338741444937e-07,8.639787449076387e-08,2.0092917099592648e-07,1.992967998711466e-07,1.9185331006995285e-07,3.877321574005076e-07,1.4206677022502845e-07,1.3397055509494112e-07,2.1437481842108767e-07
2009-05,3.371491121613758e-07,0.0,8.403250763155731e-07,5.199240061501687e-07,2.895381665442842e-07,9.448244247917126e-07,1.46811623453931e-07,4.676942312792261e-07,1.979181865588691e-07,6.85736162522827e-07,9.417590448263791e-07,0.0,1.1755037272887583e-06,4.631629774140174e-07,7.309958612373366e-07,2.0032912521894716e-07,5.180211177135478e-07,1.8105707425197098e-07,1.8349328267299076e-07,4.4530156475436e-08,3.4872981275074074e-07,1.3044718534011828e-06,4.6351661969692635e-07,1.23016722995019e-07,1.5113431323045268e-06,2.442156364485734e-07,9.356015988103011e-07,1.6735809535819817e-07,4.364266683650198e-07,6.243436621788424e-07,2.694988991068542e-06,2.6956905611868477e-06,7.371091411667169e-07,1.3971467611938181e-06,4.310725702648295e-07,2.6822562739192703e-06,8.175650527778994e-07,3.145512389017887e-07,0.0,1.2945555290245265e-07,1.2942472779685355e-07,1.4624807829855933e-07,3.814461049447236e-07,3.623135876982195e-07,2.3257280105616966e-07,1.4070504785102054e-07,1.4924407661529288e-07,1.6146305498998363e-07,9.306093575655508e-07,8.134249921409902e-07,3.1184699781374936e-07,1.577621110563513e-07,1.7674923812548323e-07,3.3624914777868193e-07,5.796824104189989e-07,1.5221068283551195e-07,4.1429048445903484e-07,1.1893762459259244e-06
2009-06,1.553427085744557e-06,0.0,6.186299071532318e-07,1.2706049664665993e-06,6.912696036348031e-07,2.0725429781483577e-06,3.590280794833279e-07,1.4039122555491619e-06,4.5364159204828827e-07,4.873588121273647e-07,2.063119659039131e-06,0.0,2.6174221293193274e-06,1.1076263466209616e-06,1.6095867733172676e-06,1.8785629678559866e-06,1.205466760349494e-06,1.0234536226139472e-06,4.881855644068393e-07,4.747594019504763e-07,8.167547942189366e-07,6.062683553037726e-07,1.0998111368887044e-06,4.3459336072924035e-07,5.873517339908073e-07,5.883720267520504e-07,5.794893404810972e-07,4.073968569403078e-07,1.0442948509766341e-06,7.930559558565649e-07,6.054882725319538e-06,6.057524380334592e-06,1.6211988076036548e-06,3.104811515728105e-06,9.395176131548645e-07,6.023037651568225e-06,9.088027957625949e-07,8.095050539333754e-07,0.0,3.150864737673752e-07,1.5483965803275436e-06,3.548509849118373e-07,8.171544907126169e-07,8.284925234568613e-07,5.731424065359755e-07,7.864979408294983e-07,3.5947667452030946e-07,3.875753697590292e-07,1.272781087923865e-06,2.3182870018600023e-07,4.3490310867029625e-07,3.8265125284576376e-07,3.636195513505303e-07,9.462368001163357e-07,1.9723105273076363e-06,7.360731696192383e-07,3.687035092032453e-07,2.720898160938432e-07
2009-07,0.0,0.0,0.0,0.0,0.0,0.0,2.199372365940637e-08,0.0,0.0,9.808910274135994e-07,0.0,0.0,0.0,0.0,0.0,0.0,0.0,7.458850768044239e-08,0.0,3.117490098397333e-08,0.0,0.0,0.0,0.0,0.0,0.0,0.0,0.0,0.0,0.0,0.0,0.0,0.0,7.374213060482304e-07,0.0,0.0,0.0,0.0,0.0,0.0,0.0,6.228423790868419e-07,0.0,7.408150799329549e-07,2.452162407911903e-07,0.0,0.0,3.65617260880205e-08,1.7387651127607693e-07,1.1430274876379851e-07,0.0,0.0,2.5781761333741085e-07,0.0,4.813181737971031e-07,1.2224273576540852e-07,3.694061094184943e-07,1.370341942409396e-06
2009-08,2.7007371316062344e-07,0.0,4.841947884386116e-07,4.265117026507927e-07,3.418463736593082e-07,6.38370651055431e-08,1.2988472818770745e-07,1.101900360555793e-06,1.4213252562126668e-07,1.2989226966986667e-07,4.5505792218857725e-07,0.0,6.637293477416498e-07,3.6292739578460546e-07,2.3823628160345169e-07,8.000690450053784e-07,1.7112586801398128e-07,1.328922679480196e-07,1.4502648032642742e-07,9.398497079044985e-07,2.7829930063824266e-07,3.0636020553984417e-07,3.5921658337880955e-07,2.431325808964343e-07,3.7143733335197846e-07,2.0515039033755512e-07,5.672224715118357e-07,1.4742674057471177e-07,3.38319777233094e-07,8.733687500540946e-07,1.4645601699267707e-06,1.8664887285369387e-06,4.6127180335159975e-07,9.343579277593662e-07,2.9771248084894606e-07,2.033123976345294e-06,6.914442930812705e-07,7.40313601774607e-07,0.0,1.1394769942413026e-07,1.5481958372380935e-07,3.7811002534854715e-07,1.0954680817700235e-06,4.4378443048629506e-07,6.008014599248428e-08,1.1191119602346408e-07,5.958971046364547e-07,1.6581676639528148e-07,1.2657494303733916e-07,8.233330939695091e-07,5.235611098058723e-07,1.253313643543681e-07,1.3913450102403906e-07,1.34137718723267e-07,4.6487677705769546e-07,1.0867702332448184e-07,2.6718974821341237e-07,5.591935295237195e-07
2009-09,0.0,0.0,0.0,0.0,7.71135353152758e-07,9.343934660651713e-07,0.0,0.0,0.0,3.895811638493984e-07,1.352807352264153e-06,0.0,9.085291530938831e-07,0.0,0.0,0.0,5.479813050451935e-07,0.0,1.1893158308559724e-07,1.3490625975461549e-06,8.380420111143184e-07,2.38046289601666e-07,0.0,7.271426273077718e-07,0.0,0.0,0.0,2.8934177875802014e-06,0.0,1.5130590693279537e-07,3.3322024178431275e-06,2.973747353098369e-06,5.835309903905254e-07,1.8352109379279822e-06,2.8840496856230233e-07,3.399897186550635e-06,3.721557339221721e-07,4.6122198776684874e-07,0.0,3.186723473266508e-07,0.0,4.3695645307472844e-07,2.664652682687653e-07,1.1529161306838773e-06,3.849019652387518e-07,0.0,3.569189796496291e-07,2.9791675087192505e-07,0.0,1.4643724693934363e-06,0.0,0.0,0.0,0.0,1.973719803677946e-06,0.0,7.620481113935433e-07,1.4380273619158026e-06
2009-10,4.502949574672344e-09,0.0,1.665006482926834e-07,6.423497072510082e-09,2.779645655365901e-07,6.933104724227424e-07,2.1880998998646123e-09,5.700802576249359e-09,2.3375156471133753e-09,1.3007810151332081e-08,8.562608088854145e-07,0.0,7.821936828547386e-07,5.85712143786124e-09,5.958754578064725e-07,2.5624248935120914e-09,6.715158494378232e-09,2.0199396450456057e-09,2.259622490029256e-09,1.1421349271223385e-06,4.4540039335930206e-07,4.949805668598012e-07,5.552051038006101e-09,4.989705585217623e-07,2.0885171912553638e-07,3.1523726119232766e-09,5.236009238318313e-07,2.196747615648524e-09,5.478919475172816e-09,2.613280888468933e-07,2.6091398016360735e-06,2.447460126123388e-06,4.239733788860174e-07,1.1959280569427133e-06,1.841839172615073e-07,2.391338461025308e-06,2.341526252010815e-07,1.9070469824947548e-07,0.0,1.9255176100328036e-09,1.5829751588460061e-09,1.7849341753580634e-09,4.488230877310734e-09,4.981997571244928e-07,3.2148391948816357e-09,2.0954050697985853e-09,2.0981719874397718e-09,4.326146010157515e-07,1.888958552599511e-09,1.9111645168826477e-07,1.7488461722843518e-09,2.10350396088934e-09,2.875148284589742e-07,3.9903713123714584e-08,4.330007038371095e-07,1.6798298468293643e-09,6.1816642779734e-07,2.8162087314063945e-09
2009-11,6.619213644767919e-09,0.0,4.728567410005116e-09,9.492396733049024e-09,5.158137964313484e-09,7.531896003290794e-07,3.30484257805852e-09,8.108459912933852e-09,3.6177968606686264e-09,3.1837121885142442e-09,5.299965899573031e-07,0.0,6.558721854982713e-07,8.46910001227677e-09,4.7388085507966624e-07,5.046885284727687e-08,1.2228011169304609e-08,5.687821565586345e-07,3.4450861569872845e-09,4.485749799394701e-09,6.399737629553607e-09,4.785761898849772e-09,8.193753897878242e-09,2.1112724263860907e-09,4.860550447658568e-09,4.492501985193035e-09,4.4651758084150726e-09,2.837685298976746e-09,7.958208741470906e-09,5.872212215258036e-09,1.840280910447023e-06,1.4452903924556394e-06,4.00002717116512e-07,9.491290113204723e-07,4.2747700753420145e-07,1.7365449571501295e-06,4.920088790209832e-09,5.797506871192682e-09,0.0,3.8937316268889204e-07,2.5260726184321915e-09,2.7308936162342287e-09,6.461412990748511e-09,1.015077215085758e-06,4.7654295148840534e-09,2.9403831411705868e-09,5.392496267658375e-08,3.0178136110588575e-09,2.4626380924156616e-10,2.0713193570366663e-09,2.7468884321747017e-09,3.0791424428340195e-09,3.357725701751135e-09,3.0270149599803677e-09,4.2514029853275157e-07,2.6167153816597165e-09,2.693664885270765e-09,9.924261836777824e-08
2009-12,1.0787292065661883e-07,0.0,7.931914716557444e-08,1.5184987440508559e-07,8.474875471785499e-08,2.7396221825617267e-07,5.148792738587059e-08,1.3264492593966296e-07,6.018610572675054e-08,1.2291925181525005e-07,4.226624240397936e-07,0.0,1.2367548252215783e-07,1.380863382667505e-07,4.559949114326771e-07,6.128249415190968e-08,1.6075497811072689e-07,5.467963229088824e-08,5.651892841770749e-08,1.7797161673179692e-06,1.0650675256613541e-07,7.975267410701218e-08,1.342861169082929e-07,3.761097492043907e-08,8.261676970000402e-08,2.1341560787743742e-07,7.373124875158059e-08,6.0462660759841655e-09,1.2982741361770508e-07,9.967896478379514e-08,3.593932650480261e-06,2.838354776014421e-06,5.605918782137717e-08,4.95811516189118e-07,9.520296859431842e-09,3.1552373355711593e-06,8.126252252903775e-08,9.491402672019006e-08,0.0,7.350081962560892e-07,4.095765776454107e-08,4.793221517013224e-08,6.516049717045295e-07,1.047445652080068e-06,8.663102359327685e-08,5.356601132951253e-08,2.5917646807253373e-07,5.3297993860002e-08,4.913353245924925e-08,5.653999554092971e-07,4.403274883583303e-08,5.429602223825519e-08,5.6031498992586626e-08,5.2652528932658347e-08,1.0143110451309203e-06,4.175263731419788e-08,4.9533698155865625e-08,1.1628741384284505e-07
2010-01,1.8823262739176527e-07,0.0,1.4785763596915358e-07,1.363100364102296e-07,2.7003006361185113e-07,4.7055799103616626e-07,9.1942211637293e-08,2.372001732434577e-07,1.0778626783720068e-07,3.93233294636787e-07,9.506891786169313e-07,0.0,5.849439925567703e-07,2.3366970699707779e-07,7.001683822588367e-10,1.0927161068160878e-07,2.6398390450864046e-07,4.7340928127656556e-07,3.702288905461232e-08,1.0610298474146227e-07,3.950823812021199e-07,2.9198441008297313e-07,2.3657377360971484e-07,6.170027188907162e-08,5.687438467824272e-07,1.3973664267839629e-07,1.7938268962629235e-07,1.350907579213056e-07,3.668105974207608e-08,3.7138931428148773e-07,8.722836517728733e-07,9.608627806047265e-08,2.048032253166715e-07,1.0715711715544584e-06,3.9827952672947046e-07,7.211638214278116e-07,1.523792478252718e-07,4.5310230779483513e-07,0.0,9.014234928820495e-07,7.289327916544693e-08,8.419146903531055e-08,2.2286473377344449e-07,2.207516115186811e-07,1.4210121480542557e-07,8.617062876398879e-08,3.6867725420905094e-07,9.377148001634122e-08,8.581717875737541e-08,6.7875980720466e-08,8.066908532649263e-08,9.642099783472094e-08,9.457937551798826e-08,9.141105288873204e-08,3.0159055606559375e-07,7.398825738200946e-08,8.060022153606218e-08,1.3171225670505044e-07
2010-02,0.0,0.0,0.0,1.6381421636790448e-07,0.0,0.0,0.0,0.0,0.0,4.6436786209492e-08,0.0,0.0,0.0,2.1061725680143403e-07,0.0,0.0,0.0,4.829441898953295e-07,2.7720124882756744e-07,0.0,0.0,0.0,0.0,2.5460874720936286e-07,0.0,0.0,0.0,8.457527867383966e-07,3.806063233712e-07,0.0,0.0,0.0,0.0,0.0,0.0,0.0,0.0,0.0,0.0,8.171850832732701e-08,7.145647724000979e-08,6.561771659423562e-07,0.0,0.0,0.0,0.0,0.0,8.400992630507552e-08,3.764838500522078e-07,8.90121598349251e-08,4.466573227627302e-07,0.0,8.057377987726044e-08,4.6952800085002694e-07,1.557577902422322e-07,8.659049604573845e-08,1.1078365616692693e-07,0.0
2010-03,0.0,0.0,0.0,9.8393859723123e-07,0.0,0.0,9.511534601126023e-08,0.0,8.254626658066901e-07,4.7041115040929053e-07,0.0,0.0,0.0,7.15158697456135e-07,6.268281228592257e-07,0.0,0.0,0.0,3.099934793940624e-07,0.0,0.0,6.009563608410512e-08,0.0,0.0,0.0,0.0,0.0,0.0,6.576871110309177e-07,0.0,2.4211982639345263e-06,1.2094999517257011e-06,0.0,0.0,0.0,1.194387140781905e-06,0.0,0.0,0.0,1.6485196533051575e-07,0.0,0.0,0.0,0.0,0.0,0.0,0.0,0.0,1.3491760207160875e-07,4.2079306921212306e-07,2.916522653057009e-07,0.0,5.331911473264676e-07,0.0,2.292960230424676e-07,0.0,0.0,3.7078563702502845e-07
2010-04,1.3198721947233621e-08,0.0,2.884251989502297e-07,5.723466700029712e-07,1.0940188658039792e-08,3.233094469128062e-08,1.41139492502434e-07,1.6631250675046284e-08,7.138657872806861e-09,5.388826839984249e-07,5.200500461468166e-07,0.0,6.560625032082934e-08,5.473599687254236e-07,8.164527049578201e-07,7.241760374664119e-09,1.7893378511324443e-08,6.379157865269401e-09,6.9981460019546975e-09,8.303968479721202e-09,6.712883557195848e-07,7.731148674860692e-07,1.72509924609085e-08,4.784239404561421e-07,5.153136115794623e-07,3.144578843237416e-07,8.268025800054671e-07,1.3097766005728426e-06,4.226400534452362e-09,4.945584218244946e-07,2.5481859741268294e-06,2.859048791730129e-06,5.411811982022272e-07,5.001761804524912e-07,4.431364268413715e-07,2.4948754185337985e-06,1.0246906729015002e-08,1.688781711179678e-08,0.0,6.152406741316936e-07,5.282436884407674e-09,7.423566454395087e-07,3.8501812110539917e-07,1.70296587540808e-08,9.8122596947324e-09,6.091466838185032e-09,6.746393569453252e-09,5.993749034595778e-09,3.3170161819657573e-07,1.1075848238930424e-06,6.992736945032859e-07,7.318554413609721e-09,8.532786983198523e-07,2.2167283680529608e-07,1.8465534346669838e-08,5.312315531774692e-09,6.321983344228042e-07,9.473969937794438e-09
2010-05,0.0,0.0,0.0,2.63992649059179e-07,0.0,0.0,0.0,0.0,0.0,3.0249911246385544e-07,2.0156369505178878e-07,0.0,2.695901629198444e-07,5.769141260308919e-07,1.5633566000638686e-07,0.0,3.343373308420071e-07,0.0,2.6065794613896155e-07,0.0,0.0,3.738023349085795e-07,0.0,0.0,3.071096306235879e-08,0.0,5.65367980623328e-07,5.871107952782443e-07,5.381869352269996e-07,0.0,1.7626022097630839e-06,1.3375170853830443e-06,0.0,5.190496789896082e-07,0.0,1.241746921217493e-06,0.0,0.0,0.0,1.0646294690230368e-06,0.0,0.0,0.0,0.0,0.0,0.0,0.0,2.5542018551020023e-08,0.0,1.1613882337307459e-07,2.0008422239804065e-08,2.2874921985855877e-07,3.279147927952829e-08,0.0,0.0,0.0,0.0,3.3489636017766145e-07
2010-06,0.0,0.0,0.0,0.0,0.0,0.0,0.0,0.0,0.0,1.022850789114925e-07,0.0,0.0,0.0,0.0,0.0,0.0,0.0,0.0,0.0,2.9754262495915956e-07,0.0,0.0,0.0,0.0,0.0,0.0,0.0,7.026751054772275e-08,0.0,0.0,0.0,0.0,0.0,0.0,0.0,0.0,0.0,0.0,0.0,0.0,1.5707068052095776e-07,0.0,0.0,0.0,6.276867668016973e-08,0.0,0.0,0.0,0.0,0.0,3.4872759371403806e-07,0.0,1.57489569246559e-07,0.0,0.0,1.5964375308154603e-07,0.0,0.0
2010-07,0.0,0.0,0.0,0.0,0.0,0.0,5.320737515181369e-08,0.0,0.0,0.0,0.0,0.0,0.0,0.0,0.0,0.0,0.0,0.0,1.0272614532900945e-06,1.0606064159870665e-06,0.0,0.0,0.0,0.0,0.0,0.0,0.0,0.0,0.0,0.0,0.0,0.0,0.0,0.0,0.0,0.0,0.0,0.0,0.0,0.0,0.0,4.140278529582691e-08,0.0,0.0,5.899880696845668e-08,0.0,0.0,2.6235790455579787e-07,0.0,0.0,1.0480169489889142e-06,0.0,1.0102038721258006e-06,5.450374200948599e-09,0.0,9.591328334739718e-08,0.0,0.0
2010-08,8.995877345391486e-08,0.0,6.92934145464022e-08,1.334855651972701e-07,7.033839359048451e-08,2.3280579552823616e-07,4.080485833454772e-08,1.1196020289528861e-07,4.8526454304457026e-08,5.204418171111079e-08,2.623099604211893e-07,0.0,2.918661886127105e-07,1.1033416079880149e-07,1.962548560061131e-07,4.966217176326747e-08,1.3414004110049935e-07,4.6171628044221895e-08,2.7435097409644895e-07,4.347858718059096e-07,8.571569360185661e-08,6.578618526998161e-08,1.1623321989947394e-07,9.484384455843509e-07,6.640662657751012e-08,5.6868916892051714e-08,6.087587038827724e-08,9.083361525240308e-07,1.1343381521738277e-07,7.94390992772398e-08,4.32625663344538e-08,7.226395059724556e-07,1.8724727190608942e-07,3.836771310809506e-07,1.1884786618406376e-07,1.954808855297724e-07,6.712426245937021e-08,7.917899945882392e-08,0.0,3.5130320109137516e-08,3.233723115907486e-09,4.2749066839466166e-08,8.784820759327044e-08,1.1381905922867863e-07,7.014724436807569e-08,4.253121632380539e-08,4.2387279734650006e-08,4.353965870695399e-08,4.7860176511389104e-08,4.045350317546503e-08,2.5002549420539716e-07,4.633525880446635e-08,4.3985993282731096e-08,4.612048365567473e-08,1.271443968533445e-07,5.125882204881898e-08,1.5911557096956775e-06,6.179410019641757e-08
2010-09,0.0,0.0,0.0,0.0,0.0,0.0,7.783930945931724e-07,0.0,0.0,0.0,0.0,0.0,0.0,0.0,0.0,0.0,0.0,0.0,0.0,2.3264185313895403e-07,0.0,0.0,0.0,0.0,0.0,2.988685745392711e-07,0.0,0.0,0.0,0.0,9.78214149862558e-07,6.656047131821385e-07,0.0,0.0,0.0,3.938096361854604e-07,0.0,0.0,0.0,0.0,5.551488989753673e-07,0.0,0.0,0.0,0.0,0.0,0.0,0.0,0.0,2.1850244964445686e-07,0.0,0.0,0.0,0.0,0.0,5.370761759984329e-07,0.0,0.0
2010-10,1.4735015818384024e-07,0.0,1.0640091651776575e-07,2.031265660833101e-07,1.0901482723849227e-07,3.6476342313965934e-07,1.8046154672203726e-07,1.7049679215517393e-07,1.2966154789909782e-06,8.547203730923693e-08,4.1210813760431816e-07,0.0,1.2781670900044035e-06,1.7514251663226442e-07,3.084072407413263e-07,8.074653542278209e-08,2.1093498506652777e-07,7.37052732324179e-08,8.551069552228431e-08,7.772049617137816e-08,1.3781013805281606e-07,1.0572281991471332e-07,1.7903870890872976e-07,5.32068162308252e-08,2.403250829872243e-07,8.860272652258874e-08,9.63960268480172e-08,1.4237070194246032e-06,1.8249989802526443e-07,1.254879171320618e-07,4.766950806517595e-06,4.613855408110962e-06,2.916876755983955e-07,5.918079294936277e-07,1.895471712284845e-07,5.313881384326605e-06,1.0214437276757916e-07,1.1997649918306722e-07,0.0,6.075111345952948e-08,5.716021488367824e-08,8.02826699173257e-08,1.3828462040342723e-07,1.6783295511817522e-07,1.1790025295247038e-07,7.811310357205316e-08,7.058060405377899e-08,7.357153996268799e-08,7.69601300578274e-08,4.5619998422487525e-07,1.10818012528545e-06,7.387013914861816e-08,7.767848237252764e-08,7.717464378690069e-08,1.990544623160298e-07,5.6341454890669954e-08,5.6786532656339686e-08,9.196166621308448e-08
2010-11,1.673357932953836e-07,0.0,1.2630777501072484e-07,2.3140168459280868e-07,1.2587213579437658e-07,6.384426778070773e-08,2.446832808151644e-07,4.745530475788254e-07,2.161718896123152e-06,6.268770483336301e-07,4.5322666885268956e-07,0.0,1.0582214553241168e-06,1.9934890439956068e-07,3.419510546294052e-07,9.310406286010092e-08,2.44103131110774e-07,8.266194670776377e-08,3.4271614664600597e-07,9.832757595100092e-08,1.5764954909621396e-07,1.2217934319656842e-07,2.044309632701323e-07,6.404980679856724e-08,3.57220525345002e-07,1.2780761228245626e-07,1.1213490188353819e-07,1.4620289097360683e-06,2.0304803557425615e-07,1.4552358099628564e-07,3.1817232378982817e-06,2.9472502283677538e-06,5.323454474419342e-07,6.626435262674022e-07,2.073932583370325e-07,3.3852006556132075e-06,1.1873281192751293e-07,1.3769482142815364e-07,0.0,5.93623346331118e-07,6.507233607487908e-08,1.4074349902711784e-06,1.5946073643306573e-07,9.57274613652675e-07,1.3657162776066837e-07,6.792845428821495e-07,8.063765929859721e-08,8.988380770180976e-08,9.462607477526454e-08,5.307317310500169e-07,3.1558005218743516e-07,8.495536977093029e-08,8.118727304013002e-07,9.539208130619933e-08,5.212104310140034e-07,6.322782371680561e-08,6.752460899778733e-08,1.3279362154981073e-06
2010-12,1.864016517045923e-08,0.0,1.4460669910251398e-08,2.5461091767438328e-08,1.3488773935659351e-08,1.9630151084054637e-07,3.48852618832227e-08,5.094748259114011e-07,1.0056306893266483e-08,4.191988016928154e-07,5.0626893749398937e-08,0.0,1.2948634208410636e-06,2.1132795247718467e-08,3.833973404545124e-08,1.0550958979779064e-08,2.658149862810877e-08,9.795715798058182e-08,1.1432129241942257e-08,9.815552194674358e-09,1.7474407394475756e-08,1.423490896119116e-08,2.300644357182413e-08,6.9439623854280005e-09,1.404654125673581e-08,1.2186931121796821e-08,1.3129706180751641e-08,7.328636632425619e-09,2.2564321617592894e-08,1.646776826495257e-08,1.531446904462913e-07,9.694291158271473e-08,5.812361200656404e-07,5.059095242054834e-08,2.3079346038686055e-08,1.537802307489955e-07,1.255275112803031e-08,1.5251747695729095e-08,0.0,5.304492382422685e-07,7.884177639907661e-09,9.134660403265978e-09,1.793230644022044e-08,2.4203434114546814e-08,1.5756460942263975e-08,1.307409582629011e-06,9.328902500894618e-09,1.0449419819921063e-08,1.0741335908752078e-08,6.079307428209692e-08,7.4170595700555e-09,9.38526661976337e-09,9.756411097181124e-09,1.0856909870024869e-08,2.6883696426480834e-08,7.562522284807436e-09,2.95658662819988e-07,1.2681882516511755e-08
2011-01,3.9173113670181414e-07,0.0,2.9292364241481626e-07,4.3954596094531937e-07,2.7928345738632844e-07,6.76987409370701e-07,1.8411748600645396e-07,3.7735073863143924e-07,1.7610570621388235e-06,4.271452270336214e-07,9.77370419366047e-07,0.0,8.317189084500881e-08,4.267708405691472e-07,3.3814452340385354e-07,6.513260605222217e-08,5.378055345175576e-07,1.9970145863299533e-07,1.7104268325375088e-06,1.2018682593353787e-06,3.6728518054156453e-07,5.145791131874311e-07,3.8968384807879647e-07,2.0173017487134982e-07,2.890656042409557e-07,2.4654733271260025e-07,4.896894930251934e-07,5.463051941667681e-07,4.760850810899102e-07,3.8766261832024784e-07,1.9695394192349863e-06,2.4591100488485507e-06,4.610398269835163e-07,1.7608716258928625e-06,1.704797377447033e-07,1.597414354378532e-06,2.59808734984374e-07,3.130287878951189e-07,0.0,7.679442319214296e-07,1.726722730805135e-07,3.817171950953151e-07,3.709250746255291e-07,4.862818397378225e-07,3.174374769664024e-07,6.089365483771294e-07,5.307368779541915e-07,9.183967897818824e-07,2.7124756557594075e-07,1.3860699653382627e-07,1.6403248345879789e-07,1.9616873076726186e-07,1.931599666726569e-07,7.612415061084253e-07,5.379735815826299e-07,1.6047058700278083e-07,1.655721352719292e-07,2.6222279498175004e-07
2011-02,8.852101699013439e-08,0.0,6.94122279584139e-08,1.251641097528948e-07,6.780294193825011e-08,8.495885263562763e-07,4.69752601311383e-08,5.08649074484873e-07,1.1785945947931694e-06,1.506160255296025e-06,1.6863147267672032e-06,0.0,1.9781437185415058e-06,1.0095788700855736e-07,7.364995553142892e-07,5.16609480896984e-07,7.018980269652523e-07,4.753395065750996e-08,5.3708580582581545e-08,4.6769189529816644e-08,8.396684208976206e-08,6.874040025692252e-08,2.873728966219097e-08,1.0309983271357057e-07,6.869173649274273e-08,5.694344635811567e-08,6.282440990324282e-08,1.4676483598183646e-07,1.0882997401823886e-07,8.128846997700057e-08,2.497577893835659e-06,2.3079479059361086e-06,9.301540581610687e-07,1.8227677776629647e-06,5.699414142135464e-07,3.4669832860281526e-06,6.374357042010851e-08,2.5417691955315764e-08,0.0,3.855947071104183e-08,4.091708544598418e-08,1.2759027014687222e-07,8.810339914231205e-08,1.1660872143576944e-07,6.875143265292795e-08,4.38004479389794e-08,4.729305598897074e-08,4.895136761812712e-08,5.355084019682474e-08,1.4974905423882288e-07,3.807901506081273e-08,4.588606481020167e-08,4.8421831806626065e-08,5.215777288453301e-08,6.682689194816017e-08,3.6843414306081577e-08,4.047995532136667e-08,6.576191499340495e-08
2011-03,0.0,0.0,0.0,0.0,0.0,1.1598578646266622e-06,0.0,0.0,8.0078373350744e-07,2.1235570241157596e-07,6.9241159858522e-07,0.0,1.690565285247185e-06,4.4222722987761684e-08,5.704044974830236e-07,2.2225923184320504e-07,4.892637743196086e-07,0.0,2.1132749589562738e-07,0.0,0.0,0.0,3.482482806886796e-07,1.9387814184416465e-07,0.0,0.0,0.0,0.0,0.0,0.0,2.898328939875558e-06,2.961860600641533e-06,8.621211556810448e-07,1.3412173546917956e-06,2.364107809614234e-07,2.887710231887733e-06,0.0,3.697767675361202e-08,0.0,1.4249645277003565e-07,5.0669133327441683e-08,5.008118168187813e-07,0.0,0.0,0.0,3.756486002786958e-07,0.0,0.0,0.0,7.82127962178138e-07,0.0,6.647588082442672e-07,1.953612561502241e-09,0.0,6.791382491147074e-07,1.3673507493963157e-08,0.0,0.0
2011-04,0.0,0.0,0.0,2.14929014451002e-07,8.737947781252074e-08,4.430912151294972e-07,5.009271941328278e-07,2.1017425851033862e-07,2.6259213313809156e-08,0.0,4.301611219163573e-07,0.0,2.8601716301109025e-07,0.0,5.1463429008823115e-08,6.418087316910869e-08,6.353489070178991e-07,0.0,0.0,3.002743405515745e-08,0.0,1.928584409002735e-07,0.0,6.530716529902876e-07,0.0,2.698038852579094e-07,3.927371018518783e-08,2.6311495320473224e-08,0.0,0.0,5.760904655782163e-07,7.266325924247391e-07,2.2351298599303585e-07,1.1595491541759803e-06,1.0950889744362063e-07,1.1054751821596848e-06,1.7116711899036256e-07,5.725420166804423e-07,0.0,6.241448538957285e-07,4.7098647625087865e-07,0.0,0.0,0.0,0.0,7.338470632708487e-07,0.0,3.587894595335518e-07,0.0,0.0,2.672092494972536e-07,2.2299576500903976e-07,2.911640267562656e-07,1.0515082308191517e-08,0.0,0.0,3.0452063816144465e-07,0.0
2011-05,0.0,0.0,0.0,0.0,1.1337379472387693e-08,5.621591835711995e-07,0.0,0.0,0.0,0.0,7.365663459153737e-07,0.0,2.106755032611922e-06,0.0,8.193662984973399e-07,5.390906456040865e-07,5.040716837479177e-07,0.0,0.0,1.2306583090226893e-06,0.0,0.0,0.0,7.022003474656865e-08,0.0,1.9252220797393547e-07,1.6072842018703682e-08,6.427703767486687e-07,0.0,0.0,2.4242325155916096e-06,2.122019974922104e-06,7.772326982600116e-07,2.4420915862879146e-06,1.1910918536357785e-07,2.4909454848155292e-06,0.0,1.140839089219109e-07,0.0,2.8773339486726225e-10,4.774410160242257e-07,2.3010394501804012e-08,0.0,0.0,0.0,2.449996389821822e-06,0.0,5.001666483574795e-07,0.0,0.0,4.399545846105789e-07,0.0,0.0,3.947740651670598e-07,0.0,0.0,2.085762783265322e-07,5.323836366089019e-07
2011-06,0.0,0.0,0.0,0.0,1.2009303355957e-08,0.0,6.441966201022661e-08,1.8721558417113954e-07,0.0,0.0,0.0,0.0,0.0,0.0,0.0,0.0,8.92561573693322e-08,0.0,0.0,4.4366347408788305e-07,0.0,0.0,0.0,0.0,0.0,2.0076078284337468e-07,0.0,0.0,0.0,0.0,0.0,0.0,0.0,1.8752159904031619e-06,0.0,0.0,1.1428054969168932e-07,0.0,0.0,5.46138388090589e-08,0.0,0.0,0.0,5.578273190931516e-07,0.0,0.0,0.0,1.114371593946388e-08,0.0,0.0,0.0,0.0,0.0,5.7959977039705874e-08,6.505194231529107e-07,1.9045700352781498e-08,1.117090050394608e-07,5.499955655439703e-07
2011-07,0.0,0.0,0.0,0.0,2.966975322595787e-07,0.0,0.0,0.0,1.1232219778841997e-07,5.828234657916272e-08,0.0,0.0,0.0,0.0,0.0,3.127916636981327e-07,0.0,0.0,0.0,0.0,0.0,0.0,0.0,4.846922265713539e-07,0.0,0.0,0.0,1.0619754354212075e-07,0.0,0.0,0.0,0.0,0.0,1.500491156284714e-06,0.0,0.0,2.072547695533833e-07,3.932496597980374e-07,0.0,1.3895381097116417e-08,0.0,0.0,0.0,2.6342082319689295e-07,0.0,1.5051990117284728e-07,0.0,3.574933262245868e-07,1.0297476418910604e-06,1.077377328148341e-07,8.725528747572167e-08,1.9954578771501625e-07,3.384785574568764e-07,6.467893799560762e-07,0.0,3.7621420127716045e-07,1.0804329689524358e-06,0.0
2011-08,0.0,0.0,2.3901809212205708e-08,0.0,8.609823935207227e-07,0.0,3.6460868413950873e-07,0.0,8.377635533206047e-07,1.1720708079103504e-06,0.0,0.0,0.0,0.0,0.0,2.6350255993800277e-07,0.0,0.0,3.605085482850622e-07,2.2178371927150144e-07,0.0,0.0,0.0,0.0,0.0,0.0,0.0,6.673012307840442e-07,3.7707317937854533e-10,0.0,0.0,0.0,0.0,0.0,0.0,0.0,7.942848189257946e-07,5.997804984381322e-07,0.0,0.0,0.0,3.3781387780350455e-08,0.0,0.0,0.0,0.0,0.0,3.960205284283562e-07,0.0,8.424880263056327e-07,2.043754908490087e-07,2.6702430021151477e-07,0.0,1.5267274509818235e-07,0.0,2.148295279129197e-07,0.0,0.0
2011-09,0.0,0.0,9.590546009317999e-07,1.0299919464677419e-06,8.52461879301044e-07,0.0,0.0,6.082040834903685e-07,0.0,0.0,0.0,0.0,0.0,7.378209621206403e-09,0.0,7.262438894229863e-07,0.0,0.0,1.2553435695056813e-07,2.229717039946089e-07,7.333163594174033e-07,0.0,3.438648795413002e-07,0.0,0.0,6.705553647421147e-07,0.0,0.0,0.0,0.0,6.195927660667539e-07,0.0,0.0,0.0,0.0,0.0,8.993472232227893e-07,8.182315957457608e-07,0.0,7.516779272637814e-07,0.0,0.0,0.0,0.0,9.017903620639461e-07,0.0,6.898939430420321e-08,0.0,0.0,2.542091432075006e-07,0.0,1.815638287085142e-07,0.0,0.0,0.0,4.861525400632815e-07,1.5761120290867097e-08,0.0
2011-10,0.0,1.4398764977196637e-05,0.0,0.0,1.0640651054080914e-07,0.0,2.812417104705563e-07,0.0,0.0,0.0,2.030718183367905e-06,0.0,0.0,0.0,0.0,6.458335475239535e-07,0.0,5.4239401735644084e-08,0.0,4.857298789123178e-07,4.2599917950866125e-07,0.0,0.0,0.0,2.351336832334683e-08,0.0,0.0,0.0,3.5734089489005207e-07,0.0,0.0,0.0,0.0,0.0,2.1727102977338354e-06,0.0,0.0,0.0,0.0,1.981036580978205e-06,0.0,1.8374116357037543e-08,0.0,9.467575686544356e-07,2.6483010802473907e-07,3.801565966712415e-07,8.342408074677507e-07,5.829948210868841e-07,5.073766430438485e-07,2.3268604326290298e-07,5.964539996875222e-08,2.609996974074248e-06,0.0,6.709375397460793e-07,1.0556517601083699e-06,1.9463394923993367e-07,0.0,2.563041362429949e-07
2011-11,3.3938348110397826e-07,6.591886356505945e-07,1.2616239138181323e-07,2.957485200770549e-06,9.286098234955933e-07,0.0,1.0977270249112318e-06,2.712640557110152e-06,1.1328903867025694e-06,0.0,0.0,0.0,0.0,1.7838626835897567e-06,0.0,1.040354838512279e-06,1.153663039475228e-06,0.0,3.910846652818165e-07,3.463495145065998e-07,1.2945971945939779e-06,8.491372572347541e-07,3.6371852822173167e-06,0.0,1.2078630747267543e-06,1.892684286199162e-06,2.5910900065775033e-07,0.0,0.0,5.221246435574006e-07,4.2454541670289835e-06,3.86552873617152e-06,0.0,0.0,0.0,1.7356671613220353e-06,5.814504652447688e-07,4.449921399670622e-07,0.0,5.538061432585808e-07,1.3355516523376743e-06,4.4957352731006107e-07,7.914560819059085e-08,0.0,1.0743493259346947e-07,2.0997143794729972e-07,1.1350288724337855e-06,2.5900151233435812e-06,8.65883605293335e-07,6.842291755623716e-07,1.0666587052189855e-06,2.56568279435738e-06,3.229201743498583e-07,1.2110760164424466e-06,5.43725340597552e-08,2.4007309061503146e-07,4.1825460985601713e-07,0.0
2011-12,0.0,3.2672392494564886e-07,0.0,0.0,0.0,0.0,6.391194152333387e-07,0.0,6.710352634595445e-08,0.0,0.0,0.0,7.340237777002781e-06,0.0,0.0,8.527410023530941e-08,0.0,0.0,0.0,2.4516706359631586e-07,0.0,0.0,0.0,0.0,4.925852960088288e-07,6.138304275006036e-08,0.0,0.0,0.0,0.0,0.0,0.0,3.6099764335997613e-06,0.0,6.171499922811748e-07,0.0,0.0,0.0,0.0,3.005410666990713e-08,4.306054387601763e-07,2.7036357896952254e-07,0.0,0.0,0.0,0.0,0.0,0.0,2.399628656871069e-07,4.849092673395563e-07,1.628357048983351e-07,0.0,6.175563655550949e-07,1.3904753995468492e-07,0.0,0.0,0.0,0.0
2012-01,0.0,1.5573818747134996e-07,0.0,7.319657698208124e-07,0.0,0.0,8.261166403916105e-07,0.0,0.0,0.0,0.0,0.0,1.1902558314103792e-06,1.2477810743261146e-06,0.0,0.0,0.0,0.0,0.0,0.0,0.0,0.0,2.3944530027512555e-07,0.0,0.0,0.0,0.0,4.593116239157407e-08,3.143810065785943e-07,0.0,0.0,0.0,1.077536388812632e-06,0.0,6.777905941398599e-07,0.0,0.0,0.0,0.0,0.0,2.832239409619707e-07,0.0,0.0,0.0,5.354573144082317e-07,6.04447879964577e-07,5.548934457330398e-07,0.0,0.0,9.742528220585021e-07,1.6962133523307308e-07,3.4226803666503185e-07,4.834682604776134e-07,0.0,0.0,2.887277819903777e-07,0.0,3.8505761719806983e-07
2012-02,1.4155015640122775e-06,6.359779809006778e-07,0.0,1.215534430051443e-06,2.7999778826613525e-07,1.8880082684952573e-06,0.0,5.130500493772498e-07,2.5535788676386753e-07,8.176018387851883e-07,0.0,0.0,4.881699203589731e-06,2.3141878441817823e-06,5.700338861298337e-06,0.0,7.552808308069065e-07,8.775243155802366e-07,5.427844120757834e-07,1.0783690816819521e-07,4.332314845683152e-07,2.2473552919173059e-07,0.0,0.0,0.0,9.872605402960408e-07,2.3578587427750508e-07,2.8875119765433416e-07,1.9668812132929875e-06,5.067204341903629e-07,1.311541325043311e-06,1.192015674451194e-06,3.964013195898619e-06,6.494009009673646e-07,3.6034062576054996e-06,4.6804484919578395e-07,1.3928786722972562e-07,2.1448619926494295e-07,0.0,0.0,9.8473237321553e-08,2.264118829210836e-07,4.488199175731612e-07,0.0,0.0,0.0,0.0,2.1913154413683197e-07,4.0758855006922323e-07,1.54148175979393e-06,6.541078878470807e-07,0.0,1.8446359747087425e-06,2.6816681340880407e-07,5.406934795007812e-07,1.0404709876498707e-06,0.0,2.5634727462553987e-07
2012-03,4.0632768211501524e-07,8.446489581391339e-07,2.0323593805447218e-07,7.72087031575372e-07,4.259860115881538e-07,1.764008427536365e-06,2.6264117114635934e-07,9.471036060856967e-07,8.206454570795253e-07,8.11435491727899e-07,4.027236152939068e-08,0.0,2.7513831837934904e-06,3.853062848096535e-07,2.1207376149727646e-06,0.0,3.7930348311431377e-06,0.0,7.981723513020142e-07,0.0,8.345943767451587e-07,6.494590824960445e-07,2.4583862022058147e-07,3.841449975012963e-07,0.0,0.0,8.402233862675121e-07,0.0,4.444029083879343e-07,1.1944049871206799e-06,5.057450755250978e-06,5.20714772275116e-06,1.9556400870096234e-06,2.8236902769540327e-06,1.323253787556645e-06,5.022295754799483e-06,7.384874027306956e-07,1.2057873588139854e-06,0.0,0.0,0.0,2.1350477558919247e-07,2.0398069912848788e-06,0.0,0.0,0.0,0.0,0.0,0.0,0.0,0.0,0.0,3.407007270701621e-07,0.0,6.587428679381592e-07,0.0,2.3685116752441335e-07,4.1560335844417936e-07
2012-04,6.596265014240342e-07,3.280201920985125e-07,0.0,0.0,0.0,2.2850666711628916e-07,4.055239575365237e-07,0.0,0.0,0.0,0.0,0.0,1.0692033130923763e-06,2.988553137888636e-07,1.0828357815789586e-06,0.0,1.8695478666893793e-07,1.5705893806658867e-07,5.769086506284358e-07,1.366483713823299e-07,3.162485611372598e-08,0.0,1.0330342902310011e-06,0.0,0.0,0.0,0.0,0.0,0.0,0.0,0.0,0.0,1.393561516909371e-06,0.0,8.078242282922137e-07,0.0,8.795256939791996e-08,0.0,0.0,2.462791495942522e-07,0.0,2.4133433903239956e-07,0.0,2.5624584618509983e-07,5.3189052035279224e-08,0.0,3.970072309469781e-07,0.0,0.0,1.160360375044277e-06,0.0,0.0,0.0,0.0,8.924338643523377e-08,5.223713362368515e-08,2.1613639472835984e-08,5.664753080645221e-07
2012-05,0.0,0.0,8.649096202731615e-07,0.0,1.2962120726802885e-06,9.738829151053271e-07,1.2840420323883932e-07,1.7009193516887358e-07,0.0,7.76320333801539e-07,0.0,0.0,9.452167769273545e-07,0.0,5.754905897283544e-07,0.0,0.0,6.379803528929491e-07,1.2595044435273137e-07,0.0,4.458558787724873e-07,7.848261687776453e-07,8.733202461773046e-08,1.0977132025018123e-07,4.534335771457301e-08,0.0,5.298701875155135e-07,3.6858787653600707e-07,0.0,3.3184144866997034e-07,0.0,0.0,1.0760718841058837e-07,0.0,0.0,0.0,1.4524357856584431e-06,1.0259276916574496e-06,0.0,0.0,0.0,0.0,2.3273574982303133e-07,0.0,4.935861870039235e-08,0.0,7.996119125579932e-08,0.0,2.7812694950121037e-07,0.0,0.0,0.0,0.0,0.0,6.338567400276592e-08,0.0,6.170474549906796e-08,7.525133525346298e-07
2012-06,9.079083034629898e-08,0.0,0.0,1.5283933663950804e-06,0.0,0.0,8.610316944850615e-08,1.3148179819959909e-06,5.252474356719269e-07,0.0,0.0,0.0,0.0,8.609626802302816e-08,0.0,1.0590410840733474e-06,0.0,7.716933359533099e-07,5.785941189585722e-07,0.0,0.0,0.0,0.0,7.942197809751584e-08,0.0,0.0,0.0,7.959116055510172e-08,0.0,0.0,0.0,0.0,0.0,0.0,0.0,0.0,7.515105416463011e-08,1.1329014998755564e-07,0.0,0.0,1.6361580172920936e-06,3.054478003738006e-07,0.0,0.0,3.6981003212401e-08,2.974282110788191e-07,2.7360001550836426e-07,1.8826484368337886e-07,0.0,0.0,1.2149192626621958e-07,0.0,0.0,0.0,0.0,1.5845230074950706e-06,0.0,0.0
2012-07,0.0,1.7057347562669454e-07,2.3835721801673122e-07,8.226642391460405e-07,0.0,0.0,0.0,2.2462289021759412e-06,0.0,0.0,0.0,0.0,8.043308223338181e-07,3.05729864359925e-07,0.0,0.0,0.0,0.0,2.3623402084235398e-07,0.0,0.0,1.330043994910903e-07,0.0,0.0,0.0,0.0,0.0,0.0,9.745321075380759e-08,0.0,0.0,0.0,0.0,0.0,0.0,0.0,0.0,0.0,0.0,4.0695733400794575e-07,5.453373815419594e-07,0.0,0.0,0.0,4.821407864964954e-07,4.3593792689760115e-07,8.552096154332973e-08,1.7752589829860346e-07,9.162100880044308e-08,1.984640956351029e-07,0.0,0.0,8.660239439689174e-09,0.0,0.0,6.3014712312515e-07,0.0,0.0
2012-08,0.0,6.288140434367457e-07,2.9429204971702895e-07,1.22512402861049e-06,5.281304017381791e-08,7.869839713314855e-07,0.0,3.4168245930102303e-06,0.0,0.0,0.0,0.0,2.457951885204979e-06,1.276068001072963e-06,0.0,6.528067741483519e-07,0.0,5.336327006619486e-07,2.048579160127094e-07,0.0,5.214529879192728e-07,8.319716455610465e-07,0.0,6.169975002082735e-07,4.525718056066618e-07,4.177411294595066e-07,5.634999548267562e-07,0.0,1.0937308400732898e-06,4.548731917171801e-07,5.018440716301892e-07,5.502070309996581e-07,1.3612285254574336e-06,0.0,0.0,1.1309582891393111e-07,5.5146069653259564e-08,3.2425741539829703e-07,0.0,2.576300826899912e-07,0.0,2.104810713255313e-06,6.213111574880463e-07,1.0803529500852012e-06,4.5754394080433153e-07,1.7976409768250598e-07,9.129158382976608e-07,4.109570090743506e-07,3.441002182038768e-06,9.09782606348674e-07,5.354384639205296e-07,5.067551095570659e-07,0.0,1.7592747074305169e-06,9.471713100932255e-08,8.578139085153522e-08,2.3684651419160225e-07,0.0
2012-09,4.7596313781890153e-07,6.666764678146531e-07,0.0,5.784870747401228e-07,9.33430229332656e-08,1.0735081031940445e-06,0.0,2.746478539230601e-07,0.0,0.0,0.0,0.0,1.9346060371948915e-06,0.0,0.0,4.974471697811542e-07,0.0,8.353091465519869e-07,7.385798427660129e-07,0.0,7.306287182083162e-07,0.0,0.0,0.0,0.0,0.0,0.0,5.887796822985998e-07,1.1608245451329159e-08,1.0132237313857304e-07,3.095660071327652e-06,3.044614325638587e-06,1.071458428027708e-06,0.0,0.0,3.079493937628311e-06,0.0,4.0086895617738944e-07,0.0,0.0,2.7672548990377924e-07,0.0,3.7449578001643934e-07,0.0,0.0,0.0,2.2804568572263978e-07,0.0,5.837880796368319e-07,1.7274678703751903e-07,2.1848207390178996e-07,0.0,4.3382629718394414e-07,5.574502028204732e-07,5.926969631094118e-07,0.0,0.0,2.33061294466666e-07
2012-10,2.295819613427827e-07,4.458499473476707e-07,0.0,0.0,3.7898767462737905e-07,2.0730936623087476e-07,0.0,5.175839546902525e-07,1.3166251033275637e-07,0.0,0.0,0.0,5.823504629739601e-07,0.0,0.0,0.0,0.0,0.0,0.0,0.0,2.0607256836136304e-07,2.28538975941342e-08,0.0,0.0,0.0,0.0,0.0,7.205015452207628e-08,0.0,0.0,1.2134140859501874e-06,1.1773899148716378e-06,3.6006036041629636e-07,0.0,0.0,1.3390334811343996e-06,0.0,1.648283846933489e-07,0.0,0.0,4.7150983781860804e-08,0.0,0.0,2.0415524688519904e-07,0.0,0.0,0.0,2.0163060921736358e-07,0.0,0.0,0.0,0.0,2.430150168546662e-08,0.0,5.282489617015676e-07,0.0,0.0,0.0
2012-11,0.0,0.0,0.0,0.0,0.0,0.0,0.0,0.0,0.0,0.0,0.0,0.0,0.0,0.0,0.0,0.0,0.0,0.0,2.337063898025741e-07,6.471390453397473e-08,0.0,0.0,0.0,0.0,0.0,0.0,0.0,1.78590626935129e-07,0.0,0.0,0.0,0.0,0.0,0.0,0.0,0.0,0.0,0.0,0.0,0.0,0.0,0.0,0.0,0.0,0.0,0.0,0.0,2.543827261950529e-07,0.0,0.0,0.0,0.0,3.4036490743406116e-07,0.0,0.0,2.108198002311705e-07,0.0,0.0
2012-12,0.0,0.0,0.0,5.871221149346268e-07,0.0,1.998370075765685e-06,0.0,4.7654662802828694e-07,0.0,0.0,0.0,0.0,1.59153730038486e-06,0.0,0.0,0.0,1.2855489410242213e-06,1.4308555257913636e-08,6.409269855922008e-07,0.0,0.0,1.3715105314552994e-07,0.0,0.0,3.029644728042326e-07,0.0,2.004796760798084e-07,1.9091508879820387e-07,0.0,3.72510034609759e-07,6.276564408700391e-07,6.337606907002441e-07,4.778299194037814e-07,0.0,0.0,4.937793484996317e-07,0.0,0.0,0.0,0.0,0.0,0.0,5.44119977843982e-07,3.644615272723785e-07,4.900150036702046e-07,0.0,0.0,8.026620724890573e-07,0.0,2.786155469147334e-07,0.0,0.0,2.47522283413645e-07,0.0,0.0,1.8671821702327327e-08,0.0,0.0
2013-01,0.0,0.0,0.0,0.0,0.0,3.593757860930469e-06,5.473652319091353e-07,0.0,0.0,0.0,0.0,0.0,1.0508096106874656e-05,0.0,0.0,0.0,2.5859167752105805e-06,0.0,3.2812361073919927e-07,3.242596483693048e-07,0.0,0.0,0.0,7.944345063150456e-08,1.362197695279465e-07,0.0,0.0,1.0195773370634976e-07,0.0,0.0,0.0,0.0,5.88748293973046e-06,0.0,1.9549630218579363e-06,0.0,0.0,3.040738804310217e-07,0.0,0.0,0.0,0.0,0.0,0.0,6.364075924553385e-07,0.0,0.0,7.126976669630595e-08,4.668389784568544e-09,7.326084975359118e-07,0.0,0.0,2.4953877682708236e-07,7.766318404466184e-08,0.0,0.0,3.090656958382636e-07,0.0
2013-02,9.910282098784043e-08,0.0,0.0,2.9043804733734983e-07,0.0,1.2623436649180155e-06,2.1695120765998812e-07,7.684797031187254e-07,0.0,2.9932843735589954e-08,0.0,0.0,3.393500507975919e-06,0.0,0.0,0.0,7.14885362079077e-07,0.0,0.0,0.0,0.0,0.0,0.0,1.809154215111795e-07,2.4440852399624547e-07,0.0,0.0,3.2503504682887196e-07,0.0,0.0,1.045154350393318e-06,1.0860896309971974e-06,1.1791785826192057e-06,0.0,5.695698322329863e-07,1.656880099225405e-06,0.0,9.053697469307495e-08,0.0,0.0,8.151181957691874e-07,0.0,0.0,0.0,2.8382484369526667e-07,0.0,0.0,0.0,2.1697570890046383e-07,1.2179345996055774e-07,0.0,0.0,0.0,1.6580832472693104e-07,2.3466583519033553e-07,0.0,1.7479955832523653e-07,0.0
2013-03,6.251590789599706e-08,0.0,0.0,1.1229264001261646e-06,0.0,0.0,2.8947732454997e-07,3.8633524205012454e-08,0.0,0.0,0.0,0.0,0.0,0.0,0.0,0.0,1.6514011670897693e-07,2.128527771777678e-07,1.9432289388570008e-07,1.5639519618932707e-07,0.0,0.0,0.0,4.420907082758607e-07,0.0,2.999707521197e-07,0.0,2.081158617871174e-07,1.9447000174948466e-07,0.0,0.0,0.0,0.0,0.0,0.0,0.0,0.0,0.0,0.0,0.0,0.0,2.4096430423292855e-08,0.0,2.994053833103444e-07,3.2801118927548895e-07,1.1512981133254135e-07,5.5563037097338883e-08,6.451788849400446e-07,0.0,0.0,0.0,0.0,0.0,0.0,2.4021882978817607e-07,0.0,4.596627002724238e-07,8.690036292649355e-08
2013-04,0.0,0.0,0.0,1.3086207173995667e-07,0.0,1.2597672824284785e-07,0.0,4.3236109742373146e-07,0.0,0.0,0.0,0.0,2.0419343800906627e-06,1.043104655603852e-07,0.0,0.0,1.6035439628929345e-06,3.807383204286249e-07,3.5065545068796096e-07,4.726069138771653e-08,0.0,0.0,0.0,3.10623711766168e-07,0.0,9.851053234265546e-07,0.0,9.223212862534388e-07,3.0935555507331794e-07,0.0,0.0,0.0,0.0,0.0,0.0,0.0,0.0,0.0,0.0,0.0,0.0,2.656615759826205e-07,0.0,9.524720336093837e-07,0.0,5.342677619220998e-08,5.10565920798789e-07,0.0,2.434936296523537e-07,0.0,0.0,0.0,5.220350614025624e-07,2.4009478373714436e-07,5.361640787300143e-07,0.0,3.794797346542908e-07,2.6024806271099377e-07
2013-05,0.0,0.0,0.0,0.0,0.0,0.0,0.0,2.1119051327379847e-08,0.0,0.0,0.0,0.0,1.0993532562110637e-06,0.0,0.0,0.0,6.139681177814611e-07,2.3836402510207627e-07,3.1803871153530083e-07,0.0,0.0,0.0,0.0,0.0,0.0,2.1153079475484306e-06,0.0,1.7234588528887863e-07,0.0,0.0,8.2448744262964e-07,6.171352545433356e-07,1.892787286967984e-07,0.0,0.0,1.365226825827126e-07,0.0,1.511614320535183e-07,0.0,0.0,0.0,3.1744865044565103e-07,0.0,6.326072770440859e-07,7.936994575993752e-07,7.827565811365173e-07,7.029227088482283e-07,1.97760381970875e-07,0.0,1.8845085831512877e-07,0.0,0.0,4.290159810555524e-07,0.0,5.250471487432302e-07,4.3877598158586354e-08,0.0,1.2770771805073467e-08
2013-06,8.263396764899983e-07,0.0,0.0,3.785326114718324e-07,0.0,0.0,0.0,0.0,0.0,0.0,0.0,0.0,0.0,4.102142639846561e-07,0.0,0.0,9.84948897051613e-08,9.507483137632822e-07,1.4227874378868778e-07,6.403703123013414e-07,0.0,0.0,0.0,0.0,0.0,0.0,0.0,1.6634291713709619e-07,5.58222415310828e-07,0.0,0.0,0.0,0.0,0.0,0.0,0.0,0.0,0.0,0.0,0.0,0.0,0.0,0.0,2.3019645621084883e-07,5.550625238477484e-08,2.1541459384530683e-07,0.0,0.0,0.0,0.0,0.0,0.0,0.0,0.0,0.0,6.055661828259281e-07,0.0,0.0
2013-07,0.0,0.0,0.0,0.0,0.0,0.0,0.0,0.0,1.6465816104188103e-07,0.0,0.0,0.0,0.0,0.0,0.0,0.0,0.0,0.0,5.807551592160731e-07,0.0,0.0,0.0,9.157811625385217e-08,0.0,0.0,4.155820116416142e-07,0.0,0.0,0.0,0.0,0.0,0.0,0.0,0.0,0.0,0.0,0.0,0.0,0.0,0.0,0.0,0.0,0.0,0.0,0.0,1.8619168901418387e-07,0.0,0.0,4.856489917914337e-07,0.0,0.0,0.0,0.0,5.420762190835003e-08,0.0,0.0,0.0,8.279653009855662e-08
2013-08,8.469867911909991e-07,0.0,0.0,1.8035118515335978e-06,0.0,0.0,0.0,0.0,0.0,0.0,0.0,0.0,0.0,1.0311986913535964e-09,0.0,0.0,0.0,8.209326295292777e-08,6.857976049025865e-07,0.0,0.0,0.0,0.0,1.117254188636922e-06,0.0,0.0,0.0,3.3528695401130894e-07,0.0,0.0,0.0,0.0,0.0,0.0,0.0,0.0,0.0,0.0,0.0,0.0,0.0,5.107936780105512e-07,0.0,0.0,0.0,2.901590025683621e-07,6.568309165095286e-08,9.426828053961164e-07,0.0,4.061438169981543e-08,4.078048618057573e-07,0.0,2.906397155402647e-07,0.0,0.0,0.0,1.47627374535561e-06,0.0
2013-09,1.0878579645330622e-08,0.0,0.0,0.0,0.0,0.0,0.0,1.4223338030285028e-07,0.0,3.068794580154237e-07,0.0,0.0,0.0,2.537660588086896e-07,0.0,0.0,0.0,0.0,2.4488239854601747e-07,0.0,0.0,0.0,0.0,1.0178516137337827e-07,0.0,0.0,0.0,1.7268806693117746e-07,0.0,0.0,0.0,0.0,0.0,0.0,7.643722769312342e-08,0.0,0.0,0.0,0.0,0.0,0.0,1.493375561142929e-09,0.0,0.0,0.0,9.074236187858395e-08,0.0,0.0,1.9895905078858994e-06,1.4624888497022198e-07,0.0,0.0,0.0,6.728699767356901e-07,0.0,2.3886057897168703e-08,1.5748018388578572e-07,0.0
2013-10,1.077694759961806e-06,0.0,0.0,0.0,0.0,0.0,0.0,1.7393391656262588e-06,0.0,6.149272676023096e-07,0.0,0.0,0.0,2.56525560389766e-06,0.0,0.0,1.130935757453426e-06,0.0,6.669894048740204e-07,0.0,0.0,0.0,0.0,4.89635590361524e-07,1.1332320553054214e-06,0.0,0.0,5.288403880587389e-07,5.640836170202509e-07,5.796723861653009e-07,0.0,0.0,0.0,0.0,1.1795133492434918e-06,0.0,0.0,0.0,0.0,0.0,0.0,9.757946678860194e-07,5.224120796487319e-07,0.0,0.0,0.0,0.0,1.4197910645347786e-06,0.0,6.062697324428377e-07,7.462926649973679e-07,1.9744842917736317e-07,1.5452056776179887e-06,0.0,7.274498176351729e-08,0.0,1.2966508096157008e-07,0.0
2013-11,2.2848881931214483e-08,0.0,0.0,0.0,0.0,0.0,0.0,7.880607241143554e-07,8.25981770048446e-07,0.0,0.0,0.0,0.0,4.3179194644561715e-07,0.0,0.0,1.5352463325890749e-06,1.9501481834699724e-07,9.97539920438816e-07,0.0,0.0,0.0,0.0,2.2211170368038533e-07,0.0,0.0,0.0,1.0427397201531601e-06,3.9317223253909975e-07,0.0,6.853199398174914e-07,5.283896501447338e-07,0.0,6.056743852916463e-07,4.323381033651298e-07,7.133672782054512e-07,0.0,0.0,0.0,1.746842069141538e-07,0.0,6.074319570146353e-07,0.0,0.0,2.6197411792830937e-07,0.0,2.3801465558308948e-07,6.596305494264363e-07,0.0,3.581964543786162e-07,0.0,0.0,1.7441155536907367e-06,0.0,2.5141172887596306e-07,0.0,3.296698224879114e-07,0.0
2013-12,4.359688085239441e-07,0.0,0.0,0.0,0.0,7.062345550737231e-07,1.3457860493664223e-07,2.7176467113032565e-07,0.0,0.0,0.0,0.0,0.0,1.8064200453533353e-06,0.0,0.0,9.95252963603078e-07,0.0,0.0,0.0,0.0,0.0,0.0,3.605809498886392e-07,0.0,9.674861159065726e-08,0.0,5.344091505553768e-07,1.1079237008031554e-07,0.0,0.0,0.0,0.0,0.0,4.151305027402276e-07,0.0,0.0,0.0,0.0,3.827359444894124e-07,0.0,2.4651591460340527e-07,0.0,0.0,5.15044511639997e-07,3.4418832083665373e-07,2.8633846571980876e-07,3.746839845726983e-07,0.0,0.0,0.0,4.2683072608247846e-07,0.0,0.0,2.189228772358047e-07,1.890406425255325e-07,1.5510496513431588e-07,0.0
2014-01,7.171839641300429e-07,0.0,3.8130613901947963e-07,0.0,0.0,0.0,0.0,2.605230756532566e-07,0.0,0.0,0.0,0.0,2.1730552770859864e-06,0.0,0.0,0.0,7.793890425495872e-07,0.0,6.217495327113347e-07,5.742038797709858e-07,0.0,0.0,0.0,9.729714041369935e-07,0.0,8.556823344556732e-07,0.0,8.25657051462602e-07,4.2403334190892555e-07,0.0,0.0,0.0,1.8717247879994487e-06,0.0,7.093834185185471e-07,0.0,0.0,0.0,0.0,3.6612523976311924e-07,0.0,1.7970977487673494e-07,0.0,0.0,1.8961580831506133e-07,1.1960489686756345e-07,0.0,1.5713320095755937e-06,0.0,0.0,0.0,0.0,0.0,0.0,0.0,0.0,8.724453919949464e-07,0.0
2014-02,6.772629251023954e-07,0.0,0.0,0.0,0.0,0.0,2.2761490082372215e-07,4.39727988141965e-07,5.282137240088629e-07,2.7382125309628798e-06,0.0,0.0,0.0,4.0915242773602314e-07,0.0,0.0,0.0,0.0,0.0,4.962037223657841e-07,3.188425832728603e-08,0.0,0.0,8.118501195980149e-07,0.0,0.0,0.0,7.168680461100853e-07,6.980173256638106e-07,0.0,0.0,0.0,0.0,4.850573986699691e-07,0.0,0.0,0.0,0.0,0.0,3.8322057002381646e-07,0.0,0.0,0.0,0.0,0.0,2.0352047822025636e-07,6.056393865731657e-07,7.101373506947055e-07,0.0,1.9518284871427265e-06,8.077111748313274e-07,1.0433323717682318e-07,6.867550951131402e-08,0.0,0.0,0.0,8.103421753094202e-07,0.0
2014-03,9.263191979141244e-07,0.0,0.0,1.1839987187548667e-06,0.0,0.0,0.0,2.7025424097770133e-06,1.2616127067879846e-06,0.0,1.1976995091401086e-06,0.0,6.116336490596758e-06,9.253264868460988e-07,0.0,0.0,7.371737020729942e-07,0.0,5.857978846448841e-06,7.783425457834544e-07,1.4905468887551481e-07,0.0,5.005684345844099e-07,0.0,0.0,0.0,0.0,0.0,6.00143955250515e-07,0.0,7.935022476352291e-06,7.885288603933962e-06,2.1467861596303274e-06,4.643040281436584e-06,5.724722136717687e-07,7.9560155470203e-06,0.0,4.398881009330669e-09,0.0,1.0628962066129913e-07,2.4874615764430666e-07,1.6487389842371158e-07,0.0,8.013011200495128e-07,9.392978707107106e-09,0.0,6.499465738026271e-07,0.0,1.740033862928335e-07,0.0,2.7739634616523043e-06,1.2053504053447136e-07,1.0384852452658549e-06,0.0,0.0,0.0,0.0,0.0
2014-04,0.0,0.0,0.0,4.1984143394996343e-07,0.0,0.0,0.0,6.705772741992522e-08,0.0,1.176475600109179e-06,5.206484746648269e-07,0.0,0.0,6.253473774541531e-07,5.049734343093998e-08,0.0,5.36826224004e-07,0.0,0.0,4.1640872326740786e-07,4.069310327849095e-07,0.0,0.0,1.4816078707059754e-07,0.0,0.0,0.0,0.0,2.5790394100294254e-07,0.0,5.167214562495359e-07,7.048104909080782e-07,1.461298193054239e-07,2.3463610597495437e-06,9.88267760262361e-08,6.218474644580502e-07,0.0,6.943366039979422e-07,0.0,0.0,3.3353566008867407e-07,0.0,0.0,0.0,3.624070034226358e-07,4.871732237265994e-07,5.390247590340934e-07,0.0,4.375823358073305e-07,0.0,0.0,2.3994395216600343e-07,1.0749620743997178e-07,0.0,0.0,0.0,1.7112593491581432e-07,1.992429980625751e-06
2014-05,0.0,0.0,0.0,1.1745269398904247e-06,0.0,0.0,3.789837963014825e-07,4.467057167323006e-07,0.0,6.326828576409348e-07,9.877889431284676e-08,0.0,2.6838331082839757e-06,1.1641826424798121e-06,2.2642402221961094e-07,0.0,3.3680638728537936e-07,0.0,9.812838252685475e-07,1.1828543665156883e-06,0.0,0.0,1.5266708062794398e-07,2.0729348294366845e-07,0.0,1.504383264225289e-07,0.0,2.589878202176668e-07,1.111000852131925e-06,0.0,9.70300914426417e-07,8.088142904382339e-07,7.337273363260469e-07,4.2667805340412814e-07,0.0,9.33494126339085e-07,0.0,0.0,0.0,0.0,9.000987678266757e-08,0.0,0.0,7.99366690656285e-08,2.977274171888627e-07,8.242352574472029e-07,4.405963145799087e-08,0.0,3.6665781513990463e-07,2.254857654803346e-07,0.0,1.2276463919324264e-07,4.58093414217077e-07,0.0,1.0190613264414694e-06,2.389166332754048e-07,1.5364610783732795e-07,0.0
2014-06,0.0,0.0,0.0,3.8884875799746063e-07,0.0,0.0,0.0,0.0,4.947700955103603e-07,0.0,0.0,0.0,2.2148820273600325e-06,7.631088287253091e-07,0.0,0.0,0.0,0.0,0.0,6.284605000049983e-07,0.0,0.0,0.0,0.0,0.0,0.0,0.0,2.2114944821547377e-07,3.195736332154836e-07,0.0,0.0,0.0,2.3423750154547008e-07,5.113740871242056e-07,0.0,0.0,0.0,0.0,0.0,0.0,1.2503300406756236e-07,2.494968913589572e-08,0.0,0.0,3.83587562052699e-07,4.7241913414644477e-07,0.0,0.0,9.420713080512955e-08,0.0,0.0,0.0,4.4089775709723647e-07,0.0,2.0294474653883914e-06,0.0,0.0,0.0
2014-07,0.0,0.0,0.0,0.0,0.0,0.0,0.0,0.0,8.391051662859206e-07,0.0,0.0,0.0,6.758049597673233e-07,1.8545881206957076e-07,0.0,0.0,1.0101533150988496e-07,0.0,0.0,0.0,0.0,0.0,0.0,3.3358149344423285e-07,0.0,0.0,0.0,1.3783424353827709e-06,4.531659628396329e-08,0.0,1.0410716145782817e-06,8.397375196748381e-07,5.743792704709927e-07,3.481571178466508e-07,0.0,7.307383458659278e-07,0.0,0.0,0.0,0.0,0.0,8.164947265647945e-07,0.0,0.0,0.0,0.0,0.0,0.0,0.0,0.0,8.245388389730053e-08,0.0,1.091268687469251e-06,0.0,0.0,0.0,8.597030391537774e-07,3.6832572741819783e-09
2014-08,0.0,0.0,0.0,0.0,0.0,0.0,0.0,0.0,9.777033181538243e-07,6.740640928583168e-07,0.0,0.0,2.799993992268282e-06,0.0,0.0,5.819676566573666e-07,9.338349054368866e-07,0.0,0.0,0.0,0.0,0.0,0.0,2.709220813772017e-07,0.0,0.0,0.0,1.0584534916049226e-06,8.710240530283471e-07,0.0,0.0,0.0,1.868514143718303e-07,2.1554494746987563e-06,0.0,0.0,0.0,0.0,0.0,0.0,0.0,5.462588565115292e-07,0.0,0.0,0.0,0.0,0.0,0.0,0.0,0.0,0.0,0.0,6.722761516632266e-07,0.0,1.0827084231174803e-06,0.0,3.6898452049518356e-07,0.0
2014-09,0.0,0.0,2.085983165483687e-06,0.0,2.227562585135623e-07,0.0,0.0,0.0,0.0,1.2521985549334876e-06,0.0,0.0,4.680953968441093e-06,0.0,0.0,0.0,1.733754140152144e-07,0.0,0.0,0.0,0.0,0.0,0.0,5.292892901529473e-07,0.0,0.0,0.0,4.5231071727893506e-07,6.801399278878045e-08,0.0,0.0,0.0,3.023445907381177e-06,1.2128540880733812e-06,6.323614051883322e-07,0.0,7.158389324092278e-07,2.3124418764725457e-06,0.0,1.748726565494567e-07,0.0,1.2685255293840188e-07,0.0,0.0,8.306438733459397e-08,0.0,0.0,8.404747171816031e-07,0.0,0.0,1.7027705927093877e-08,0.0,1.4339508048823256e-06,1.68958699022519e-07,0.0,9.018043886538027e-08,0.0,0.0
2014-10,0.0,0.0,0.0,0.0,1.3573181708447305e-07,0.0,0.0,0.0,0.0,4.770117589380316e-07,0.0,0.0,0.0,0.0,0.0,0.0,0.0,0.0,0.0,0.0,0.0,0.0,1.1995066505780563e-06,3.214381759427936e-07,1.7510931904574436e-07,4.139060892147627e-08,0.0,4.0501457067156944e-07,4.277770309896092e-06,0.0,0.0,0.0,0.0,0.0,0.0,0.0,0.0,0.0,0.0,0.0,2.4297203275902567e-08,8.048147080733154e-07,0.0,1.9007760996632498e-06,3.432958446808413e-07,5.531397961028878e-07,1.4059434332351248e-06,0.0,3.8163879452305427e-07,0.0,2.2436697579289455e-07,8.075773190716566e-07,1.8592773104188914e-07,9.121433223217447e-07,1.989093571919679e-06,4.37040598614373e-08,1.0564187866886464e-06,6.674045896926175e-07
2014-11,2.0340664072952646e-06,0.0,1.2367305569164592e-06,0.0,1.1109242338867634e-06,0.0,0.0,2.651643148645591e-06,0.0,0.0,0.0,0.0,0.0,1.0095160993174035e-06,0.0,0.0,0.0,0.0,0.0,0.0,1.0091741224949152e-06,1.4528172013069073e-06,5.681713391784485e-07,0.0,0.0,9.663871541287367e-07,3.6632649713387067e-07,2.2014430146592193e-07,9.54331106911361e-07,1.7833980927256036e-06,0.0,0.0,0.0,0.0,0.0,0.0,6.788442816163219e-07,1.5410608524286385e-06,0.0,0.0,6.054321509939773e-07,1.0054564398788956e-07,6.372998659232334e-07,0.0,5.828497055214866e-07,5.987007285803373e-07,1.4132555267806613e-06,0.0,1.7985009779647922e-06,0.0,9.385525681694651e-08,5.070273654607626e-07,8.320323622637258e-07,0.0,6.113618776067143e-08,1.6340547622039746e-06,0.0,0.0
2014-12,2.0235507900927227e-05,2.0937949719304647e-05,1.7886043020056906e-05,3.1471574952446984e-05,1.8023236330029314e-05,4.8563952962226053e-05,1.2061336727210616e-05,3.350075016412034e-05,9.401911611613081e-06,9.305461840618712e-06,4.186879860971142e-05,0.0,0.00010251230132342179,2.7482980232770227e-05,3.935368845187137e-05,1.29346294354177e-05,2.51519742432015e-05,6.124514450707276e-06,6.176902402702113e-06,1.0799577428718582e-05,2.0241327377443115e-05,1.9122198005760372e-05,1.9976758731892662e-05,9.632652810378097e-06,2.122557977806589e-05,1.3799638525899685e-05,1.621754290999465e-05,1.019241681217332e-05,2.8373634730942395e-05,2.3865707256867596e-05,0.00012258413178493864,0.00012255493434111598,5.731828317165713e-05,7.720519976124115e-05,2.940374539063228e-05,0.00012259317039239775,1.699881876052059e-05,2.4191982985566604e-05,0.0,1.0375193569026747e-05,7.84182023156824e-06,8.50000354489008e-06,2.3906968584351004e-05,1.9430452993054805e-05,1.2151363724189205e-05,7.226851569593543e-06,1.326043089690187e-05,1.1439474073657961e-05,7.3994717423798395e-06,4.713035393441232e-06,7.317227848239776e-06,1.0664511785291666e-05,2.0738176682073747e-05,9.65877259880436e-06,2.457191399284451e-05,8.548364175611695e-06,9.985819940483487e-06,1.0275180594131574e-05
