month,nav_start,nav_end,gross_return,collateral_income,rebalance_cost,liquidation_cost,cost,net_return,turnover,rebalance_turnover,source_switch_extra_turnover,terminal_turnover,gross_exposure,net_exposure,held_instruments,cost_cash,rebalance_instruments,end_gross_before_liquidation,forecast_vol_annual,forecast_after_cost,gross_after_cost,gross_limit_breach,risk_limit_breach,limit_override,gross_override,risk_override,band_skipped_resizes,net_skipped_resizes,target_distance_l1,forecast_tracking_risk,drifted_gross_before
1976-01,1.0,1.0,0.0,0.0,0.0,0.0,0.0,0.0,0.0,0.0,0.0,0.0,0.0,0.0,0,0.0,0,0.0,0.0,0.0,0.0,False,False,False,False,False,0,0,0.0,0.0,0.0
1976-02,1.0,0.9923802350585526,-0.006966855973048394,0.0,0.0006529089683990336,0.0,0.0006529089683990336,-0.007619764941447427,0.6529089683990336,0.6529089683990336,0.0,0.0,0.6529089683990336,-0.02328773940590085,11,0.0006529089683990336,11,0.6804671327520302,0.09993470910316012,0.10000000000000002,0.6533355370305346,False,False,True,False,True,0,0,0.00042656863150092317,6.529089683988956e-05,0.0
1976-03,0.9923802350585526,0.9864325147953545,-0.005658724945050963,0.0,0.00033466352952614967,0.0,0.00033466352952614967,-0.0059933884745771125,0.33466352952614964,0.33466352952614964,0.0,0.0,0.7232456800286313,0.26478289056225535,11,0.00033211347209668524,11,0.7082006270787401,0.0999665336470474,0.10000000000000002,0.7234878050110255,False,False,True,False,True,0,0,0.00024212498239405827,3.346635295260725e-05,0.6804671327520303
1976-04,0.9864325147953545,0.9769652154773985,-0.009282949945668537,0.0,0.0003145634938799491,0.0,0.0003145634938799491,-0.009597513439548486,0.3145634938799491,0.3145634938799491,0.0,0.0,0.6659069456143514,-0.033799583422807894,11,0.0003102956583308113,11,0.6992794101701613,0.09996854365061196,0.09999999999999995,0.6661164815421162,False,False,True,False,True,0,0,0.00020953592776518787,3.145634938803843e-05,0.7082006270787401
1976-05,0.9769652154773985,0.9600775658456129,-0.016853748956300738,0.0,0.0004320759269663336,0.0,0.0004320759269663336,-0.017285824883267072,0.43207592696633357,0.43207592696633357,0.0,0.0,0.8940965032899763,0.23688332850751473,11,0.00042212315109126076,11,0.9447748169826241,0.0999567924073033,0.09999999999999994,0.8944829878561098,False,False,True,False,True,0,0,0.00038648456613405574,4.3207592696690414e-05,0.6992794101701613
1976-06,0.9600775658456129,0.9942316407318555,0.03640349946180946,0.0,0.0008292124445300931,0.0,0.0008292124445300931,0.03557428701727936,0.8292124445300931,0.8292124445300931,0.0,0.0,0.717936644869631,0.22655522001213818,11,0.0007961082653133422,11,0.7191052579091436,0.09991707875554692,0.09999999999999992,0.7185324609280314,False,False,True,False,True,0,0,0.0005958160584008665,8.292124445308054e-05,0.944774816982624
1976-07,0.9942316407318555,0.9709769462617283,-0.02312220524167012,0.0,0.0002674089261202704,0.0,0.0002674089261202704,-0.023389614167790392,0.2674089261202704,0.2674089261202704,0.0,0.0,0.666169221448611,0.15235030619309134,11,0.00026586641536289996,11,0.6367892531421578,0.09997325910738794,0.09999999999999998,0.6663474086935929,False,False,True,False,True,0,0,0.0001781872449819616,2.6740892612052904e-05,0.7191052579091436
1976-08,0.9709769462617283,0.9972524253582632,0.027735124307765053,0.0,0.000674256181394252,0.0,0.000674256181394252,0.0270608681263708,0.6742561813942519,0.6742561813942519,0.0,0.0,0.8136945740441252,-0.45773499818602703,11,0.0006546872080082847,11,0.7718792418446527,0.09993257438186058,0.1,0.8142435828129975,False,False,True,False,True,0,0,0.0005490087688723791,6.74256181394399e-05,0.636789253142158
1976-09,0.9972524253582632,0.9922504459692856,-0.0046212187974151026,0.0,0.00039454176810136386,0.0,0.00039454176810136386,-0.005015760565516466,0.3945417681013639,0.3945417681013639,0.0,0.0,0.9521758786957712,-0.28749830310453667,11,0.00039345773514422257,11,0.9355196464712927,0.09996054582318986,0.1,0.9525517001277476,False,False,True,False,True,0,0,0.00037582143197648077,3.9454176810148024e-05,0.7718792418446526
1976-10,0.9922504459692856,1.018778875596299,0.027068349237074484,0.0,0.0003327304880207791,0.0,0.0003327304880207791,0.026735618749053704,0.3327304880207791,0.3327304880207791,0.0,0.0,0.8380310058678353,-0.48668762246753605,11,0.0003301519751261961,11,0.8091790682571063,0.09996672695119789,0.09999999999999996,0.8383099371423333,False,False,True,False,True,0,0,0.0002789312744985589,3.327304880213994e-05,0.9355196464712927
1976-11,1.018778875596299,1.0079850691780856,-0.010169647279499639,0.0,0.00042519982301384297,0.0,0.00042519982301384297,-0.010594847102513481,0.42519982301384296,0.42519982301384296,0.0,0.0,0.9922935233209524,-0.2871026380703178,11,0.0004331845975937883,11,0.9933445860878989,0.0999574800176986,0.09999999999999998,0.9927156258293581,False,False,True,False,True,0,0,0.00042210250840590824,4.251998230140392e-05,0.8091790682571065
1976-12,1.0079850691780856,1.008558389517066,0.0006141012653396944,0.0,4.532266284723569e-05,0.0,4.532266284723569e-05,0.0005687786024924587,0.045322662847235684,0.045322662847235684,0.0,0.0,0.9944846113054793,-0.28621900100565245,11,4.5684567445405915e-05,11,0.9890227850664829,0.09999546773371525,0.09999999999999996,0.9945296860391312,False,False,True,False,True,0,0,4.507473365228387e-05,4.532266284760287e-06,0.993344586087899
1977-01,1.008558389517066,0.8811795746104828,-0.12591161641787404,0.0,0.00038629179503249213,0.0,0.00038629179503249213,-0.12629790821290654,0.3862917950324921,0.3862917950324921,0.0,0.0,0.9744668694612977,-0.2920433236353756,11,0.00038959783068162683,11,1.2663264765684386,0.09996137082049666,0.09999999999999991,0.9748434434849571,False,False,True,False,True,0,0,0.0003765740236602172,3.862917950332701e-05,0.989022785066483
1977-02,0.8811795746104828,0.9103688787718416,0.0342326311317283,0.0,0.0011073692641212418,0.0,0.0011073692641212418,0.03312526186760706,1.1073692641212418,1.1073692641212418,0.0,0.0,0.8920753051879013,0.24703090577958958,13,0.0009757911770950792,13,0.8975479771701034,0.09988926307358784,0.09999999999999996,0.8930642570970959,False,False,True,False,True,0,0,0.0009889519091950058,0.00011073692641217,1.2663264765684388
1977-03,0.9103688787718416,0.9474467157111514,0.040834475836930464,0.0,0.0001061097823586279,0.0,0.0001061097823586279,0.040728366054571835,0.10610978235862789,0.10610978235862789,0.0,0.0,0.911421046377837,0.29299449258074733,13,9.659904359254822e-05,13,0.905617230817214,0.09998938902176412,0.09999999999999998,0.9115177673297444,False,False,True,False,True,0,0,9.672095190763064e-05,1.0610978235888923e-05,0.8975479771701034
1977-04,0.9474467157111514,0.9617221406571798,0.01513041983879203,0.0,6.316095308963862e-05,0.0,6.316095308963862e-05,0.015067258885702392,0.06316095308963862,0.06316095308963862,0.0,0.0,0.9183493001377403,0.28823579374193853,13,5.984163756596421e-05,13,0.9119722219011378,0.09999368390469103,0.09999999999999999,0.918407307618614,False,False,True,False,True,0,0,5.8007480873908945e-05,6.316095308988664e-06,0.905617230817214
1977-05,0.9617221406571798,0.9745070198325781,0.013719459996835444,0.0,0.0004257251071904367,0.0,0.0004257251071904367,0.013293734889645007,0.4257251071904367,0.4257251071904367,0.0,0.0,1.1293138883269178,0.08936744515271831,13,0.0004094292614186941,13,1.0842170512565221,0.0999574274892809,0.09999999999999994,1.129794870369209,False,False,True,False,True,0,0,0.00048098204229184843,4.257251071910583e-05,0.9119722219011379
1977-06,0.9745070198325781,0.9439764496540424,-0.030953936736520218,0.0,0.0003753092896203048,0.0,0.0003753092896203048,-0.031329246026140525,0.3753092896203048,0.3753092896203048,0.0,0.0,1.1869232484646184,-0.18974239730853354,13,0.00036574153734336516,13,1.1558124507975067,0.09666134412626848,0.09669763564721119,1.1873688790351262,False,False,False,False,False,0,0,0.0,0.0,1.0842170512565226
1977-07,0.9439764496540424,0.9746812949426734,0.03286767363067508,0.0,0.0003405430016387193,0.0,0.0003405430016387193,0.03252713062903636,0.34054300163871926,0.34054300163871926,0.0,0.0,1.1416079003263977,-0.47889874924832626,13,0.00032146457364144894,13,1.0314864502269177,0.09996594569983613,0.1,1.1419967993443083,False,False,True,False,True,0,0,0.00038889901791058085,3.405430016387688e-05,1.1558124507975067
1977-08,0.9746812949426734,0.9846790719522653,0.010482301613516995,0.0,0.00022481841211835951,0.0,0.00022481841211835951,0.010257483201398635,0.2248184121183595,0.2248184121183595,0.0,0.0,1.0646941927380054,-0.5701019164528788,13,0.00021912630105047826,13,1.0323454078569831,0.09997751815878814,0.09999999999999998,1.0649336094210868,False,False,True,False,True,0,0,0.00023941668308193748,2.2481841211875962e-05,1.0314864502269177
1977-09,0.9846790719522653,0.9643533181854718,-0.020090758843820247,0.0,0.0005512496498657682,0.0,0.0005512496498657682,-0.020642008493686016,0.5512496498657682,0.5512496498657682,0.0,0.0,1.01539280543679,-0.24186613412401764,13,0.0005428039936438358,13,1.063659437523371,0.09994487503501341,0.09999999999999999,1.0159528490891305,False,False,True,False,True,0,0,0.0005600436523406152,5.51249649865872e-05,1.0323454078569831
1977-10,0.9643533181854718,0.9652616167792564,0.0013338079004573842,0.0,0.00039193465062644484,0.0,0.00039193465062644484,0.0009418732498309393,0.39193465062644484,0.39193465062644484,0.0,0.0,1.0676319393697857,-0.26310207098087135,13,0.0003779634808434757,13,1.1009053302566807,0.09996080653493733,0.09999999999999998,1.0680505453871434,False,False,True,False,True,0,0,0.00041860601735797115,3.919346506266968e-05,1.0636594375233712
1977-11,0.9652616167792564,0.9490311814761564,-0.016513185249489835,0.0,0.0003013601762936048,0.0,0.0003013601762936048,-0.01681454542578344,0.3013601762936048,0.3013601762936048,0.0,0.0,1.0674787583232073,-0.02209313889256402,13,0.0002908914110020467,13,1.1336456490981024,0.09996986398237065,0.1,1.0678005508854684,False,False,True,False,True,0,0,0.00032179256226119723,3.013601762935531e-05,1.1009053302566807
1977-12,0.9490311814761564,0.9536090013639801,0.005210575455562031,0.0,0.00038689844981485067,0.0,0.00038689844981485067,0.004823677005747181,0.38689844981485066,0.38689844981485066,0.0,0.0,1.1789239191927654,-0.08647094089452972,13,0.00036717869293908113,13,1.2092697148149734,0.09996131015501852,0.1,1.17938021957146,False,False,True,False,True,0,0,0.0004563003786944228,3.868984498147858e-05,1.1336456490981026
1978-01,0.9536090013639801,1.0018818399758074,0.05086624327795068,0.0,0.0002450363233383458,0.0,0.0002450363233383458,0.050621206954612336,0.24503632333834582,0.24503632333834582,0.0,0.0,1.2202401290586125,0.11174736900909944,13,0.00023366884359658126,13,1.1869331811747763,0.09997549636766614,0.09999999999999998,1.220539205498018,False,False,True,False,True,0,0,0.0002990764394059098,2.4503632333865488e-05,1.209269714814973
1978-02,1.0018818399758074,1.0436230854746074,0.04222779242895834,0.0,0.0005649497330490876,0.0,0.0005649497330490876,0.04166284269590925,0.5649497330490876,0.5649497330490876,0.0,0.0,1.3711557452205343,0.25158141132668893,16,0.000566012878041061,16,1.3246043328615391,0.09994350502669506,0.09999999999999998,1.371930817169456,False,False,True,False,True,0,0,0.0007750719489220403,5.649497330493277e-05,1.1869331811747765
1978-03,1.0436230854746074,1.0003468205649992,-0.04056568364453622,0.0,0.0009016482992826836,0.0,0.0009016482992826836,-0.04146733194381891,0.9016482992826836,0.9016482992826836,0.0,0.0,1.3688622227318654,-0.05103623012196366,17,0.0009409809801103265,17,1.5119684602432983,0.09990983517007167,0.09999999999999994,1.3700975688746926,False,False,True,False,True,0,0,0.0012353461428282059,9.016482992834107e-05,1.3246043328615391
1978-04,1.0003468205649992,0.9688001535311693,-0.031009032029846225,0.0,0.0005266977643587886,0.0,0.0005266977643587886,-0.03153572979420501,0.5266977643587886,0.5266977643587886,0.0,0.0,1.5540385770214442,0.36318149702244196,17,0.0005268804339750074,17,1.571689515087652,0.0999473302235641,0.09999999999999998,1.5548575169995442,False,False,True,False,True,0,0,0.0008189399781004039,5.266977643589863e-05,1.5119684602432988
1978-05,0.9688001535311693,0.9813928751712129,0.0134779387450294,0.0,0.0004796732161230077,0.0,0.0004796732161230077,0.012998265528906391,0.4796732161230077,0.4796732161230077,0.0,0.0,1.5513612417975398,0.28355284805186964,17,0.0004647074854247596,17,1.608453358994494,0.09995203267838768,0.09999999999999998,1.5521057453521758,False,False,True,False,True,0,0,0.0007445035546363374,4.796732161231711e-05,1.5716895150876522
1978-06,0.9813928751712129,0.960976324660627,-0.020088133380087282,0.0,0.000715513178915991,0.0,0.000715513178915991,-0.020803646559003273,0.7155131789159911,0.7155131789159911,0.0,0.0,1.6459067959047278,0.8943077150827565,17,0.0007021995358792589,17,1.589484105064258,0.09549960167378425,0.09556798182426192,1.6470853071487916,False,False,False,False,False,0,0,0.0,0.0,1.6084533589944943
1978-07,0.960976324660627,1.0104580375151562,0.05156149879485199,0.0,7.041458733642042e-05,0.0,7.041458733642042e-05,0.05149108420751557,0.07041458733642042,0.07041458733642042,0.0,0.0,1.627737244815933,0.8851811227401865,17,6.766675134104802e-05,17,1.574044744121204,0.0955076000417209,0.09551432564354581,1.627851869333557,False,False,False,False,False,0,0,0.0,0.0,1.589484105064258
1978-08,1.0104580375151562,1.02238891216271,0.01239842847279844,0.0,0.0005910359789018164,0.0,0.0005910359789018164,0.011807392493896625,0.5910359789018165,0.5910359789018165,0.0,0.0,1.3381393393663763,1.0798266340221587,17,0.0005972170553419787,17,1.3575733312335214,0.09994089640210976,0.09999999999999995,1.3389306955807205,False,False,True,False,True,0,0,0.0007913562143452013,5.910359789025378e-05,1.5740447441212042
1978-09,1.02238891216271,1.0486243687433783,0.02601046248305871,0.0,0.0003495263475416875,0.0,0.0003495263475416875,0.02566093613551702,0.3495263475416875,0.3495263475416875,0.0,0.0,1.389196369604801,1.1377716872005947,17,0.0003573518622353512,17,1.4062341189934318,0.09996504736524585,0.10000000000000002,1.3896821001134978,False,False,True,False,True,0,0,0.000485730508696422,3.495263475414775e-05,1.3575733312335214
1978-10,1.0486243687433783,1.1589822306789783,0.10528522946846815,0.0,4.462546853646851e-05,0.0,4.462546853646851e-05,0.10524060399993168,0.04462546853646851,0.04462546853646851,0.0,0.0,1.3994494231513388,1.154122083403171,17,4.6795353773931775e-05,17,1.3626075818856311,0.09999553745314635,0.09999999999999999,1.3995118770245734,False,False,True,False,True,0,0,6.245387323455809e-05,4.462546853645593e-06,1.4062341189934315
1978-11,1.1589822306789783,1.1009042324352352,-0.04994198856371324,0.0,0.00016921824031055312,0.0,0.00016921824031055312,-0.0501112068040238,0.1692182403105531,0.1692182403105531,0.0,0.0,1.3179657931705004,1.0750733447045733,17,0.00019612093362669626,17,1.3118986048179466,0.09998307817596892,0.09999999999999998,1.3181888547689014,False,False,True,False,True,0,0,0.00022306159840131817,1.6921824031082006e-05,1.362607581885631
1978-12,1.1009042324352352,1.1431074297130726,0.038656655382754056,0.0,0.00032162492830424273,0.0,0.00032162492830424273,0.03833503045444981,0.3216249283042427,0.3216249283042427,0.0,0.0,1.4292047507529761,0.937264494567233,17,0.00035407824482681986,17,1.3990888948893785,0.09996783750716959,0.1,1.4296645665166812,False,False,True,False,True,0,0,0.00045981576370504595,3.216249283042411e-05,1.3118986048179462
1979-01,1.1431074297130726,1.170224099504036,0.023829689139360663,0.0,0.00010779819008224058,0.0,0.00010779819008224058,0.023721890949278422,0.10779819008224058,0.10779819008224058,0.0,0.0,1.4303016601864196,0.9261686983187902,17,0.00012322491199263127,17,1.4230202638624472,0.09998922018099174,0.09999999999999996,1.4304558607391997,False,False,True,False,True,0,0,0.00015420055278098088,1.077981900827715e-05,1.3990888948893785
1979-02,1.170224099504036,1.2415760923731696,0.061482568181194894,0.0,0.0005096375268237806,0.0,0.0005096375268237806,0.060972930654371114,0.5096375268237806,0.5096375268237806,0.0,0.0,1.711932776147366,1.0637734216138,19,0.0005963901159008227,19,1.6684889490891588,0.09994903624731757,0.09999999999999995,1.712805686201211,False,False,True,False,True,0,0,0.0008729100538462445,5.0963752682431423e-05,1.4230202638624472
1979-03,1.2415760923731696,1.2173981906243636,-0.019399259211802855,0.0,7.429693777780148e-05,0.0,7.429693777780148e-05,-0.019473556149580656,0.07429693777780148,0.07429693777780148,0.0,0.0,1.6904956024386364,1.0467559173710472,19,9.224530168145528e-05,19,1.6913672498956784,0.09999257030622219,0.09999999999999998,1.6906212104175127,False,False,True,False,True,0,0,0.0001256079788766254,7.429693777802553e-06,1.6684889490891586
1979-04,1.2173981906243636,1.2461718342033818,0.023688950825247447,0.0,5.3591580741752196e-05,0.0,5.3591580741752196e-05,0.023635359244505695,0.053591580741752194,0.053591580741752194,0.0,0.0,1.6892348345296357,1.0452244616570847,19,6.524229342770861e-05,19,1.6766076917197428,0.0999946408419258,0.09999999999999998,1.689325368146502,False,False,True,False,True,0,0,9.053361686656158e-05,5.3591580742014105e-06,1.6913672498956784
1979-05,1.2461718342033818,1.2626097769066176,0.013260823950642774,0.0,7.007268178292061e-05,0.0,7.007268178292061e-05,0.013190751268859853,0.0700726817829206,0.0700726817829206,0.0,0.0,1.6922595155035665,1.0455476028051331,19,8.732260238497208e-05,19,1.681065649542408,0.09999299273182169,0.09999999999999998,1.692378104975973,False,False,True,False,True,0,0,0.00011858947240695611,7.007268178328418e-06,1.676607691719742
1979-06,1.2626097769066176,1.311638262716653,0.03922093142945134,0.0,0.00038986366269053234,0.0,0.00038986366269053234,0.03883106776676081,0.38986366269053235,0.38986366269053235,0.0,0.0,1.8033532070279614,0.8265720225880673,19,0.0004922456721736899,19,1.813130193333182,0.09693108536325161,0.09696889000987789,1.804056543119563,False,False,False,False,False,0,0,0.0,0.0,1.6810656495424083
1979-07,1.311638262716653,1.3016130355066131,-0.006816176400356627,0.0,0.0008271102397232872,0.0,0.0008271102397232872,-0.007643286640079914,0.8271102397232871,0.8271102397232871,0.0,0.0,1.4676732038973097,0.9649659492819157,19,0.0010848694379058067,19,1.454441883244531,0.0999172889760276,0.09999999999999992,1.4688881363158646,False,False,True,False,True,0,0,0.0012149324185561777,8.271102397241536e-05,1.8131301933331825
1979-08,1.3016130355066131,1.3834400257921715,0.06327484281576141,0.0,0.00040900784530145966,0.0,0.00040900784530145966,0.06286583497045996,0.40900784530145967,0.40900784530145967,0.0,0.0,1.633562025870928,0.8167640488684982,19,0.0005323699430688522,19,1.6280085824106287,0.09995909921546986,0.1,1.6342304389414857,False,False,True,False,True,0,0,0.0006684130705578023,4.090078453016307e-05,1.4544418832445314
1979-09,1.3834400257921715,1.5156310916950342,0.09583030217332512,0.0,0.00027786517688314753,0.0,0.00027786517688314753,0.09555243699644198,0.27786517688314755,0.27786517688314755,0.0,0.0,1.5651890326666342,0.9754564885464955,19,0.0003844098074739679,19,1.5244808174966167,0.09997221348231165,0.09999999999999996,1.5656240650744087,False,False,True,False,True,0,0,0.0004350324077750309,2.7786517688354757e-05,1.6280085824106285
1979-10,1.5156310916950342,1.3881513552608364,-0.08343330686115841,0.0,0.0006766966434730444,0.0,0.0006766966434730444,-0.08411000350463145,0.6766966434730445,0.6766966434730445,0.0,0.0,1.792018703048292,0.8016349826560245,19,0.0010256224724934156,19,1.876843705411813,0.09942612753902898,0.09949345442568637,1.7932321772436004,False,False,False,False,False,0,0,0.0,0.0,1.524480817496617
1979-11,1.3881513552608364,1.4352219386724,0.03490109046287056,0.0,0.0009922639986850192,0.0,0.0009922639986850192,0.03390882646418554,0.9922639986850191,0.9922639986850191,0.0,0.0,1.761477644642527,0.19167404086653278,19,0.0013774126145511463,19,1.7876824891364775,0.08551410981249317,0.08559904666482043,1.7632272315458912,False,False,False,False,False,0,0,0.0,0.0,1.8768437054118134
1979-12,1.4352219386724,1.5142602450048726,0.0554849538846114,0.0,0.0004145120227875486,0.0,0.0004145120227875486,0.05507044186182385,0.4145120227875486,0.4145120227875486,0.0,0.0,1.7604508647703394,0.5498379057093139,19,0.0005949167489481636,19,1.7127040604611417,0.092599435639065,0.09263783513549367,1.761180895425797,False,False,False,False,False,0,0,0.0,0.0,1.7876824891364775
1980-01,1.5142602450048726,1.637937020011012,0.0821965215065788,0.0,0.0005218058068732896,0.0,0.0005218058068732896,0.08167471569970551,0.5218058068732896,0.5218058068732896,0.0,0.0,1.6449604314342081,0.8995181506197558,19,0.0007901497889609127,19,1.573077761629512,0.09994781941931265,0.09999999999999998,1.6458192294652068,False,False,True,False,True,0,0,0.0008587980309992804,5.2180580687367825e-05,1.7127040604611414
1980-02,1.637937020011012,1.646355337300848,0.005515774368228343,0.0,0.00037618890982081944,0.0,0.00037618890982081944,0.005139585458407523,0.37618890982081943,0.37618890982081943,0.0,0.0,1.6740732991926344,0.7110006346566462,19,0.0006161737419131043,19,1.6209158328997464,0.09996238110901788,0.09999999999999996,1.6747033040028405,False,False,True,False,True,0,0,0.0006300048102069397,3.761889098212753e-05,1.5730777616295122
1980-03,1.646355337300848,1.6154917902026045,-0.0178793929045509,0.0,0.0008671962423846207,0.0,0.0008671962423846207,-0.01874658914693552,0.8671962423846207,0.8671962423846207,0.0,0.0,1.5530971335974277,-0.13846051059807934,19,0.0014277131621371602,19,1.4074462927221927,0.09991328037576155,0.10000000000000002,1.5544451425840697,False,False,True,False,True,0,0,0.001348008986641766,8.671962423845226e-05,1.6209158328997464
1980-04,1.6154917902026045,1.5497248563081387,-0.04058784859934832,0.0,0.0001223142707567343,0.0,0.0001223142707567343,-0.04071016287010505,0.12231427075673429,0.12231427075673429,0.0,0.0,1.5273768476215943,-0.15513234742198395,19,0.00019759770023212276,19,1.614484737945533,0.0999877685729243,0.09999999999999996,1.5275636904604275,False,False,True,False,True,0,0,0.00018684283883377978,1.2231427075715669e-05,1.4074462927221927
1980-05,1.5497248563081387,1.5765677449488342,0.01788218949615987,0.0,0.0005611221264059477,0.0,0.0005611221264059477,0.01732106736975392,0.5611221264059477,0.5611221264059477,0.0,0.0,1.597100708850268,-0.045514830996579575,19,0.0008695849067157746,19,1.6192661200137286,0.09994388778735938,0.09999999999999998,1.5979973805384269,False,False,True,False,True,0,0,0.0008966716881591286,5.6112212640611615e-05,1.6144847379455332
1980-06,1.5765677449488342,1.5319782392585657,-0.027805666694545796,0.0,0.00047697820487494283,0.0,0.00047697820487494283,-0.02828264489942074,0.4769782048749428,0.4769782048749428,0.0,0.0,1.4612749908977045,-0.04668945216106836,19,0.0007519884528494317,19,1.5647812214038355,0.09995230217951247,0.09999999999999996,1.461972319830394,False,False,True,False,True,0,0,0.000697328932689964,4.769782048752329e-05,1.6192661200137286
1980-07,1.5319782392585657,1.478115496294538,-0.03440736510864949,0.0,0.0007515827038832441,0.0,0.0007515827038832441,-0.03515894781253273,0.7515827038832441,0.7515827038832441,0.0,0.0,1.4540866998986246,-0.4622545399554441,19,0.0011514083473522442,19,1.5720141619210577,0.09992484172961165,0.09999999999999996,1.455180388309508,False,False,True,False,True,0,0,0.0010936884108839681,7.515827038835513e-05,1.5647812214038357
1980-08,1.478115496294538,1.5172350604737794,0.02751183009467242,0.0,0.0010459928327603914,0.0,0.0010459928327603914,0.02646583726191203,1.0459928327603913,1.0459928327603913,0.0,0.0,1.684473838931426,0.32917646000444345,19,0.0015460982151161557,19,1.6579238658658069,0.09959295142015867,0.09969723401238166,1.68623763140821,False,False,False,False,False,0,0,0.0,0.0,1.5720141619210577
1980-09,1.5172350604737794,1.5670487464108656,0.03375415142620119,0.0,0.0009222671422121334,0.0,0.0009222671422121334,0.03283188428398905,0.9222671422121334,0.9222671422121334,0.0,0.0,1.6846135113149627,-0.18148169067498415,19,0.001399296043287206,19,1.6414961466716802,0.09411925702943742,0.09420614025719126,1.6861686092194754,False,False,False,False,False,0,0,0.0,0.0,1.657923865865807
1980-10,1.5670487464108656,1.5963673611257274,0.018802026335263025,0.0,9.257981548329697e-05,0.0,9.257981548329697e-05,0.018709446519779727,0.09257981548329697,0.09257981548329697,0.0,0.0,1.6868320518330508,-0.1911935267199349,19,0.00014507708379604976,19,1.6718612744915462,0.09429115727038886,0.0942998875365771,1.6869882328923744,False,False,False,False,False,0,0,0.0,0.0,1.6414961466716804
1980-11,1.5963673611257274,1.6029243496229657,0.00472934250797767,0.0,0.0006218991607180726,0.0,0.0006218991607180726,0.004107443347259597,0.6218991607180726,0.6218991607180726,0.0,0.0,1.5776168126686925,0.33973116900351175,19,0.0009927795220818143,19,1.552701416445122,0.0999378100839282,0.1,1.5785985417769344,False,False,True,False,True,0,0,0.0009817291082418952,6.218991607180886e-05,1.6718612744915466
1980-12,1.6029243496229657,1.5488351993622074,-0.03368917532073684,0.0,5.486897772372648e-05,0.0,5.486897772372648e-05,-0.03374404429846057,0.05486897772372648,0.05486897772372648,0.0,0.0,1.5883309464492532,0.333205342420544,19,8.795082043228126e-05,19,1.52930824942272,0.09999451310222761,0.09999999999999999,1.588418101326671,False,False,True,False,True,0,0,8.715487741808858e-05,5.4868977723995004e-06,1.5527014164451218
1981-01,1.5488351993622074,1.4910935955453182,-0.036734673877521204,0.0,0.0005459895789050056,0.0,0.0005459895789050056,-0.03728066345642621,0.5459895789050057,0.5459895789050057,0.0,0.0,1.6605480161953619,-0.1329628547901134,19,0.000845647878293022,19,1.6513897529710189,0.09396939310726019,0.09402072744464604,1.6614551533949335,False,False,False,False,False,0,0,0.0,0.0,1.5293082494227195
1981-02,1.4910935955453182,1.5216516323941807,0.021963016485605245,0.0,0.0014693084178117144,0.0,0.0014693084178117144,0.02049370806779353,1.4693084178117144,1.4693084178117144,0.0,0.0,1.7286013181445132,-0.6971947613307433,23,0.002190876371679872,23,1.6490784148713056,0.09985306915821877,0.09999999999999994,1.731144903924301,False,False,True,False,True,0,0,0.0025435857797889636,0.00014693084178123408,1.651389752971019
1981-03,1.5216516323941807,1.5094932509066954,-0.007365342241701979,0.0,0.0006249107364747801,0.0,0.0006249107364747801,-0.00799025297817676,0.6249107364747801,0.6249107364747801,0.0,0.0,1.7313025151105255,-0.7861460067667981,23,0.0009508964422574989,23,1.752490444334088,0.09993750892635252,0.09999999999999999,1.7323851011599491,False,False,True,False,True,0,0,0.0010825860494239337,6.249107364748498e-05,1.6490784148713054
1981-04,1.5094932509066954,1.4954309583304162,-0.008361934636097097,0.0,0.000953968278892776,0.0,0.000953968278892776,-0.009315902914989873,0.9539682788927759,0.9539682788927759,0.0,0.0,2.024147145731125,-0.0963222171533232,23,0.0014400086785677215,23,1.9834586440302417,0.08915303544024365,0.08923816581970223,2.0260799617451304,False,False,False,False,False,0,0,0.0,0.0,1.7524904443340885
1981-05,1.4954309583304162,1.509364820756521,0.00971697855856074,0.0,0.00039935520157113316,0.0,0.00039935520157113316,0.009317623356989607,0.39935520157113313,0.39935520157113313,0.0,0.0,2.017259880594702,-0.45965092012621683,23,0.0005972081317997562,23,1.9588782536890952,0.09988963869803745,0.09992954608205595,2.0180658056713097,False,False,False,False,False,0,0,0.0,0.0,1.9834586440302415
1981-06,1.509364820756521,1.549335167168396,0.02715461931666907,0.0,0.0006730517975313871,0.0,0.0006730517975313871,0.026481567519137685,0.6730517975313871,0.6730517975313871,0.0,0.0,1.7731485876620163,-0.8826714862508609,23,0.0010158807057408163,23,1.6322510374411419,0.09993269482024685,0.09999999999999999,1.7743428122812592,False,False,True,False,True,0,0,0.0011942246192430603,6.73051797531518e-05,1.9588782536890956
1981-07,1.549335167168396,1.567399164903779,0.012121022349097703,0.0,0.00046182934930458246,0.0,0.00046182934930458246,0.01165919299979312,0.46182934930458247,0.46182934930458247,0.0,0.0,1.4787142540560576,-1.0332552770329533,23,0.0007155284521080868,23,1.4522374103934101,0.09995381706506949,0.09999999999999995,1.479397483233102,False,False,True,False,True,0,0,0.0006832291770454309,4.618293493052949e-05,1.6322510374411416
1981-08,1.567399164903779,1.6212959118825836,0.034917005232406054,0.0,0.0005309036026318834,0.0,0.0005309036026318834,0.03438610162977417,0.5309036026318834,0.5309036026318834,0.0,0.0,1.2517763306881469,-1.2005189213375145,23,0.0008321378634096218,23,1.1726863204987774,0.09994690963973679,0.09999999999999998,1.2524412562631817,False,False,True,False,True,0,0,0.0006649255750353113,5.309036026321945e-05,1.4522374103934104
1981-09,1.6212959118825836,1.6418500571318635,0.01276099345879137,0.0,8.339087024648753e-05,0.0,8.339087024648753e-05,0.012677602588544883,0.08339087024648753,0.08339087024648753,0.0,0.0,1.2416360812566765,-1.1904115050669855,23,0.0001352012770189612,23,1.2146434770946273,0.09999166091297537,0.10000000000000002,1.2417396310051254,False,False,True,False,True,0,0,0.00010354974844901596,8.33908702464477e-06,1.1726863204987774
1981-10,1.6418500571318635,1.6272830157518885,-0.008548555302104282,0.0,0.00032377826861285374,0.0,0.00032377826861285374,-0.008872333570717136,0.32377826861285375,0.32377826861285375,0.0,0.0,1.3684538675574172,-1.1467684007357624,23,0.0005315953688200698,23,1.4019911105710805,0.09996762217313869,0.09999999999999998,1.3688970866860535,False,False,True,False,True,0,0,0.0004432191286365267,3.237782686129622e-05,1.2146434770946275
1981-11,1.6272830157518885,1.6208063882287904,-0.003920803198758949,0.0,5.922207060433825e-05,0.0,5.922207060433825e-05,-0.003980025269363288,0.05922207060433825,0.05922207060433825,0.0,0.0,1.3983454173620633,-1.1788541049268997,23,9.637106965209882e-05,23,1.4083660632259658,0.0999940777929395,0.09999999999999995,1.3984282351777422,False,False,True,False,True,0,0,8.28178156794708e-05,5.922207060481546e-06,1.4019911105710807
1981-12,1.6208063882287904,1.705964413033048,0.05318173432966278,0.0,0.0006412054776523823,0.0,0.0006412054776523823,0.052540528852010396,0.6412054776523823,0.6412054776523823,0.0,0.0,1.378562468843708,-0.8250270016172592,23,0.0010392699343462742,23,1.259823022308576,0.09993587945223475,0.09999999999999999,1.3794469778020055,False,False,True,False,True,0,0,0.0008845089582979471,6.412054776525757e-05,1.4083660632259656
1982-01,1.705964413033048,1.6953270676326129,-0.005915209342345214,0.0,0.00032017594422298194,0.0,0.00032017594422298194,-0.006235385286568196,0.32017594422298196,0.32017594422298196,0.0,0.0,1.4795285767229847,-0.7624235782339712,23,0.0005462087667536613,23,1.511970160564259,0.0999679824055777,0.09999999999999999,1.480002437900992,False,False,True,False,True,0,0,0.00047386117800739605,3.2017594422306626e-05,1.259823022308576
1982-02,1.6953270676326129,1.7694673121176712,0.04389645556325275,0.0,0.00016433690570711007,0.0,0.00016433690570711007,0.04373211865754564,0.16433690570711007,0.16433690570711007,0.0,0.0,1.526932507355073,-0.8463987296060486,23,0.0002786048044562521,23,1.4081090527697744,0.09998356630942923,0.09999999999999995,1.5271834799626172,False,False,True,False,True,0,0,0.00025097260754480474,1.6433690570760166e-05,1.511970160564259
1982-03,1.7694673121176712,1.7930107572177667,0.013993583420841976,0.0,0.0006881977045503612,0.0,0.0006881977045503612,0.013305385716291616,0.6881977045503611,0.6881977045503611,0.0,0.0,1.5112261132144833,-1.2166041244629828,23,0.0012177433424762788,23,1.4825534916967964,0.09993118022954493,0.09999999999999996,1.512266851790553,False,False,True,False,True,0,0,0.0010407385760704373,6.881977045507262e-05,1.4081090527697746
1982-04,1.7930107572177667,1.7848235373893142,-0.0045062758561537145,0.0,5.990970380162039e-05,0.0,5.990970380162039e-05,-0.004566185559955335,0.05990970380162039,0.05990970380162039,0.0,0.0,1.52322207445304,-1.2301368608530565,23,0.00010741874337803549,23,1.5453213594454518,0.09999400902961979,0.09999999999999995,1.5233133357037791,False,False,True,False,True,0,0,9.126125074014266e-05,5.990970380232483e-06,1.4825534916967962
1982-05,1.7848235373893142,1.8600552774715207,0.04298080600248233,0.0,0.0008300059338945785,0.0,0.0008300059338945785,0.04215080006858775,0.8300059338945784,0.8300059338945784,0.0,0.0,1.7762553536051215,-0.7424970595100808,23,0.001481414126987843,23,1.6616223932682923,0.09991699940661053,0.09999999999999999,1.7777308807850407,False,False,True,False,True,0,0,0.0014755271799196702,8.300059338948269e-05,1.5453213594454516
1982-06,1.8600552774715207,1.9281946467925422,0.03737801796337191,0.0,0.0007450371340885084,0.0,0.0007450371340885084,0.0366329808292834,0.7450371340885084,0.7450371340885084,0.0,0.0,1.6934951003519239,-1.1234528424823007,23,0.001385810253173587,23,1.5820329584675235,0.0999254962865911,0.09999999999999995,1.6947577578147803,False,False,True,False,True,0,0,0.0012626574628572876,7.450371340889113e-05,1.6616223932682925
1982-07,1.9281946467925422,1.9451494617129172,0.008927066038786909,0.0,0.00013396263059177693,0.0,0.00013396263059177693,0.008793103408195132,0.13396263059177693,0.13396263059177693,0.0,0.0,1.7159955890593006,-1.1290734794851252,23,0.0002583060271773111,23,1.6932745364670876,0.0999866037369408,0.09999999999999996,1.7162254991418542,False,False,True,False,True,0,0,0.00022991008255422024,1.3396263059205461e-05,1.5820329584675235
1982-08,1.9451494617129172,2.0130698685302835,0.0358724637867092,0.0,0.0009546293712730438,0.0,0.0009546293712730438,0.03491783441543615,0.9546293712730438,0.9546293712730438,0.0,0.0,1.9377615509300832,-0.49918985866258536,23,0.0018568968076671018,23,1.8605844935998417,0.09990453706287267,0.09999999999999996,1.9396131626240318,False,False,True,False,True,0,0,0.0018516116939494391,9.546293712734295e-05,1.6932745364670878
1982-09,2.0130698685302835,2.096076386284574,0.0418496654181226,0.0,0.0006158667050690382,0.0,0.0006158667050690382,0.04123379871305356,0.6158667050690382,0.6158667050690382,0.0,0.0,1.8121360370090978,-0.9765347242883871,23,0.0012397827070055076,23,1.6908962215345897,0.09993841332949308,0.09999999999999998,1.8132527590112475,False,False,True,False,True,0,0,0.0011167220021500515,6.158667050693058e-05,1.8605844935998417
1982-10,2.096076386284574,2.0876331880823256,-0.003267440606963587,0.0,0.0007606560108388343,0.0,0.0007606560108388343,-0.004028096617802421,0.7606560108388344,0.7606560108388344,0.0,0.0,1.781895522912936,-0.626739862844545,23,0.0015943931024047038,23,1.80127905093159,0.0999239343989161,0.09999999999999999,1.7832519642383742,False,False,True,False,True,0,0,0.0013564413254385024,7.606560108390776e-05,1.6908962215345897
1982-11,2.0876331880823256,1.980395134172458,-0.05115781721344774,0.0,0.00021042818620267443,0.0,0.00021042818620267443,-0.05136824539965042,0.21042818620267442,0.21042818620267442,0.0,0.0,1.9290143116828036,-0.6235696388107043,23,0.00043929686522467044,23,2.0954853101548148,0.09997895718137971,0.09999999999999998,1.9294203161003431,False,False,True,False,True,0,0,0.0004060044175401567,2.104281862029781e-05,1.80127905093159
1982-12,1.980395134172458,1.9656929570731259,-0.006611806789032423,0.0,0.0008120536545934678,0.0,0.0008120536545934678,-0.007423860443625891,0.8120536545934678,0.8120536545934678,0.0,0.0,1.8097076567529693,-1.1009557936159937,23,0.0016081871062438656,23,1.8315665710116584,0.09991879463454066,0.1,1.811178430816835,False,False,True,False,True,0,0,0.001470774063865636,8.120536545934506e-05,2.095485310154815
1983-01,1.9656929570731259,1.978784915719235,0.006883294709823171,0.0,0.0002230690631877108,0.0,0.0002230690631877108,0.00666022564663546,0.22306906318771078,0.22306906318771078,0.0,0.0,1.9608624975257398,-1.0834728037511598,23,0.0004384852864489832,23,1.9688953232859776,0.09997769309368118,0.09999999999999995,1.9613000028800123,False,False,True,False,True,0,0,0.0004375053542733237,2.230690631881276e-05,1.8315665710116587
1983-02,1.978784915719235,2.03437620327162,0.028330959364849376,0.0,0.0002373110300687576,0.0,0.0002373110300687576,0.02809364833478062,0.2373110300687576,0.2373110300687576,0.0,0.0,2.0645468922642047,-1.0411040706032855,23,0.00046958748663385137,23,1.9589382950187673,0.09997626889699306,0.09999999999999994,2.065036948309538,False,False,True,False,True,0,0,0.0004900560453349814,2.373110300695376e-05,1.9688953232859776
1983-03,2.03437620327162,1.9077233174671013,-0.0615524538984757,0.0,0.00070392011968247,0.0,0.00070392011968247,-0.062256374018158166,0.70392011968247,0.70392011968247,0.0,0.0,2.0533937185577087,-0.4419714112899623,23,0.0014320383404861276,23,2.2451522332569884,0.09992960798803167,0.09999999999999992,2.054840161890395,False,False,True,False,True,0,0,0.0014464433326878273,7.039201196832337e-05,1.9589382950187668
1983-04,1.9077233174671013,1.9100008752408673,0.0015570298545289456,0.0,0.0003631681698115847,0.0,0.0003631681698115847,0.001193861684717361,0.3631681698115847,0.3631681698115847,0.0,0.0,2.1776414495715826,-0.23056193503013886,23,0.0006928243857114119,23,2.185976011052359,0.0940821260527303,0.09411630609936583,2.1784325869472423,False,False,False,False,False,0,0,0.0,0.0,2.2451522332569884
1983-05,1.9100008752408673,1.9322121026354517,0.012192404223773651,0.0,0.0005634946863455398,0.0,0.0005634946863455398,0.011628909537428112,0.5634946863455398,0.5634946863455398,0.0,0.0,2.221980609385244,-0.4520317754719224,23,0.0010762753441135588,23,2.1990645756552953,0.09429867131511924,0.09435183807452116,2.223233389586782,False,False,False,False,False,0,0,0.0,0.0,2.185976011052359
1983-06,1.9322121026354517,1.8947035419112295,-0.01911001402780512,0.0,0.00030222372449040827,0.0,0.00030222372449040827,-0.01941223775229553,0.30222372449040824,0.30222372449040824,0.0,0.0,2.2378637054707338,-0.2982322992683355,23,0.0005839603381639293,23,2.2599126399348544,0.0955687682748372,0.09559766015574205,2.2385402454411327,False,False,False,False,False,0,0,0.0,0.0,2.199064575655295
1983-07,1.8947035419112295,1.8207043695329113,-0.03865605731618263,0.0,0.00039974784881619083,0.0,0.00039974784881619083,-0.03905580516499882,0.3997478488161908,0.3997478488161908,0.0,0.0,2.2632145504124916,-0.13701254255681866,23,0.0007574036650234314,23,2.381516251119639,0.09534708486910798,0.09538521490357456,2.2641196273629927,False,False,False,False,False,0,0,0.0,0.0,2.2599126399348544
1983-08,1.8207043695329113,1.9259799176471033,0.058587871638215626,0.0,0.0007665416761199079,0.0,0.0007665416761199079,0.05782132996209572,0.7665416761199079,0.7665416761199079,0.0,0.0,2.3015313449795123,0.5241363733694425,23,0.001395645779140598,23,2.2239994287031735,0.08868568350608307,0.0887537169290197,2.3032969180596834,False,False,False,False,False,0,0,0.0,0.0,2.3815162511196384
1983-09,1.9259799176471033,1.9051557174689786,-0.010330639667080907,0.0,0.00048162269729767687,0.0,0.00048162269729767687,-0.010812262364378584,0.48162269729767687,0.48162269729767687,0.0,0.0,2.264732654522499,0.22956116306845586,23,0.0009275956428783555,23,2.2873340574656145,0.08017449395922924,0.08021312642153505,2.2658239267537037,False,False,False,False,False,0,0,0.0,0.0,2.223999428703174
1983-10,1.9051557174689786,1.8579178664619136,-0.024503164195510446,0.0,0.00029158122814499775,0.0,0.00029158122814499775,-0.024794745423655444,0.29158122814499776,0.29158122814499776,0.0,0.0,2.2636659324568438,0.41943553097174074,23,0.0005555076439070692,23,2.2717714262469446,0.08341934329039055,0.08344367389930704,2.264326167461673,False,False,False,False,False,0,0,0.0,0.0,2.287334057465615
1983-11,1.8579178664619136,1.8503898784696207,-0.0034102142951211046,0.0,0.0006416268159332945,0.0,0.0006416268159332945,-0.004051841111054399,0.6416268159332945,0.6416268159332945,0.0,0.0,2.278253755819493,0.017353676011316474,23,0.0011920899249235374,23,2.2896137378442334,0.08468625822375565,0.0847406300844169,2.2797164830477414,False,False,False,False,False,0,0,0.0,0.0,2.271771426246944
1983-12,1.8503898784696207,1.878934913139049,0.015695997601537615,0.0,0.00026950019060462496,0.0,0.00026950019060462496,0.01542649741093299,0.26950019060462493,0.26950019060462493,0.0,0.0,2.2821885416605445,0.22279080068070872,23,0.0004986804249404316,23,2.247925200219161,0.08225590793961227,0.08227808189836647,2.28280375770836,False,False,False,False,False,0,0,0.0,0.0,2.2896137378442343
1984-01,1.878934913139049,1.9089206427506482,0.017020705198719878,0.0,0.0010618077393589008,0.0,0.0010618077393589008,0.015958897459360976,1.0618077393589007,1.0618077393589007,0.0,0.0,2.29502689631961,-0.7645907881722466,23,0.0019950676325226862,23,2.1960778497694204,0.09989381922606412,0.10000000000000002,2.2974663638857007,False,False,True,False,True,0,0,0.002439467566090675,0.00010618077393589472,2.247925200219161
1984-02,1.9089206427506482,1.8654544368871722,-0.022176171114464186,0.0,0.0005938722755238478,0.0,0.0005938722755238478,-0.022770043389988035,0.5938722755238478,0.5938722755238478,0.0,0.0,2.378349818273792,-0.4120811773194642,25,0.0011336550459047736,25,2.4738519359275757,0.09856139307588162,0.0986199607363762,2.3797630935973944,False,False,False,False,False,0,0,0.0,0.0,2.1960778497694204
1984-03,1.8654544368871722,1.896664669774631,0.017162925874886874,0.0,0.0004322932363655467,0.0,0.0004322932363655467,0.01673063263852133,0.4322932363655467,0.4322932363655467,0.0,0.0,2.299963702622036,-0.6307590186112119,25,0.0008064233358144241,25,2.3042591351642034,0.09995677067636342,0.09999999999999998,2.3009583913717844,False,False,True,False,True,0,0,0.0009946887497492285,4.322932363658352e-05,2.473851935927575
1984-04,1.896664669774631,1.9588572607220542,0.03349185403564715,0.0,0.0007013497685891902,0.0,0.0007013497685891902,0.032790504267057964,0.7013497685891902,0.7013497685891902,0.0,0.0,2.1020900663602733,-0.07377468742799496,25,0.0013302253272377304,25,1.9771145766499134,0.09992986502314105,0.09999999999999996,2.103565401467805,False,False,True,False,True,0,0,0.0014753351075322586,7.013497685894728e-05,2.304259135164203
1984-05,1.9588572607220542,1.9981120528752723,0.02063412395130372,0.0,0.0005944850555383842,0.0,0.0005944850555383842,0.020039638895765335,0.5944850555383842,0.5944850555383842,0.0,0.0,2.324773509586337,-0.38471375200733027,25,0.0011645113674321175,25,2.281661206627664,0.09861380223973312,0.09867246154351393,2.326156374787994,False,False,False,False,False,0,0,0.0,0.0,1.977114576649913
1984-06,1.9981120528752723,2.023464065450159,0.01342863212851123,0.0,0.0007406487201706039,0.0,0.0007406487201706039,0.012687983408340627,0.7406487201706039,0.7406487201706039,0.0,0.0,2.0121801642001707,-0.2919149966493463,25,0.0014798991347195285,25,1.9228281272957188,0.09992593512798287,0.09999999999999994,2.0136715874842848,False,False,True,False,True,0,0,0.0014914232841155978,7.40648720171323e-05,2.281661206627664
1984-07,2.023464065450159,2.062312635455701,0.01981065514251275,0.0,0.0006116139196584713,0.0,0.0006116139196584713,0.01919904122285428,0.6116139196584713,0.6116139196584713,0.0,0.0,2.2480925238903504,-0.6544885790068405,25,0.0012375787883580375,25,2.0879579032903246,0.09993883860803408,0.09999999999999994,2.2494683300328293,False,False,True,False,True,0,0,0.0013758061424807289,6.116139196592492e-05,1.9228281272957186
1984-08,2.062312635455701,2.0223980696457096,-0.018760504820396394,0.0,0.0005937701444037936,0.0,0.0005937701444037936,-0.01935427496480019,0.5937701444037936,0.5937701444037936,0.0,0.0,2.205822281329613,-1.147350872594457,25,0.0012245396713602996,25,2.277533519955087,0.09994062298555954,0.09999999999999992,2.2071328108974577,False,False,True,False,True,0,0,0.0013105295678466043,5.937701444045331e-05,2.0879579032903246
1984-09,2.0223980696457096,2.110692317290869,0.04447898094792399,0.0,0.0008207867623317698,0.0,0.0008207867623317698,0.04365819418559222,0.8207867623317697,0.8207867623317697,0.0,0.0,1.9552806346238927,-1.3749008263401856,25,0.0016599575637305229,25,1.8163978703480392,0.09991792132376681,0.09999999999999999,1.9568868214222976,False,False,True,False,True,0,0,0.001606186798404921,8.207867623317651e-05,2.2775335199550866
1984-10,2.110692317290869,2.058982417241235,-0.024358228070793124,0.0,0.00014079512933149675,0.0,0.00014079512933149675,-0.02449902320012462,0.14079512933149674,0.14079512933149674,0.0,0.0,1.9560291515861759,-1.3481510521025781,25,0.00029717519779196445,25,2.0343337109382533,0.09998592048706678,0.09999999999999994,1.9563045897439006,False,False,True,False,True,0,0,0.00027543815772615443,1.4079512933219377e-05,1.816397870348039
1984-11,2.058982417241235,2.137824446046989,0.038663778650911695,0.0,0.00037203407574841225,0.0,0.00037203407574841225,0.03829174457516328,0.37203407574841224,0.37203407574841224,0.0,0.0,2.1418418680996276,-1.2250760431740133,25,0.0007660116205805746,25,2.0404907746344616,0.0999627965924251,0.09999999999999994,2.1426390028207045,False,False,True,False,True,0,0,0.0007971347210779696,3.720340757489142e-05,2.0343337109382533
1984-12,2.137824446046989,2.2353626515326077,0.04650004154162657,0.0,0.0008750578503909302,0.0,0.0008750578503909302,0.04562498369123564,0.8750578503909302,0.8750578503909302,0.0,0.0,2.5061245326433568,-0.9618122661108415,25,0.0018707200642710594,25,2.3479112102271094,0.09991249421496091,0.1,2.508319457275734,False,False,True,False,True,0,0,0.002194924632377325,8.750578503908893e-05,2.040490774634461
1985-01,2.2353626515326077,2.305609086192417,0.03219521458297423,0.0,0.0007701415141159939,0.0,0.0007701415141159939,0.031425073068858236,0.770141514115994,0.770141514115994,0.0,0.0,2.04222677460195,-1.2025589526083058,25,0.0017215455770496653,25,1.9772216515163537,0.09992298584858841,0.10000000000000002,2.043800790437249,False,False,True,False,True,0,0,0.00157401583529913,7.701415141161483e-05,2.347911210227109
1985-02,2.305609086192417,2.43913155599455,0.058591393199486023,0.0,0.0006793774107912092,0.0,0.0006793774107912092,0.057912015788694815,0.6793774107912092,0.6793774107912092,0.0,0.0,2.4412118620088212,-1.1356115320330704,25,0.00156637873127409,25,2.198781689087978,0.09993206225892086,0.09999999999999998,2.4428714937191196,False,False,True,False,True,0,0,0.0016596317102989533,6.793774107913667e-05,1.9772216515163534
1985-03,2.43913155599455,2.242908809344265,-0.07979201975448519,0.0,0.0006557716604701703,0.0,0.0006557716604701703,-0.08044779141495535,0.6557716604701703,0.6557716604701703,0.0,0.0,2.526393274599997,-1.201163503193339,25,0.0015995133505797364,25,2.8704902711523888,0.09993442283395294,0.09999999999999996,2.5280510988668543,False,False,True,False,True,0,0,0.0016578242668586693,6.55771660470696e-05,2.198781689087978
1985-04,2.242908809344265,2.3204919966930246,0.03584242266188284,0.0,0.0012519894594550292,0.0,0.0012519894594550292,0.03459043320242781,1.2519894594550292,1.2519894594550292,0.0,0.0,2.0507963559666136,-1.3402154106922228,25,0.002808098187817849,25,1.944646093714158,0.09987480105405445,0.09999999999999996,2.0533671499947985,False,False,True,False,True,0,0,0.002570794028185861,0.0001251989459455589,2.8704902711523883
1985-05,2.3204919966930246,2.3706136217438236,0.02217699111300946,0.0,0.0005774229515038665,0.0,0.0005774229515038665,0.021599568161505593,0.5774229515038666,0.5774229515038666,0.0,0.0,2.387307621374964,-1.2379921003986025,26,0.0013399053376715868,26,2.3359395179066187,0.09994225770484962,0.1,2.3886869040173004,False,False,True,False,True,0,0,0.0013792826423363186,5.774229515038771e-05,1.944646093714158
1985-06,2.3706136217438236,2.3796013908263562,0.004323853727080561,0.0,0.000532527717605667,0.0,0.000532527717605667,0.0037913260094748933,0.532527717605667,0.532527717605667,0.0,0.0,2.0117000483216856,-1.2553392853390566,26,0.0012624174613121424,26,1.9890802904303992,0.09994674722823937,0.09999999999999995,2.0127719051503963,False,False,True,False,True,0,0,0.0010718568287117272,5.3252771760626385e-05,2.3359395179066187
1985-07,2.3796013908263562,2.3639167876511076,-0.006118417451773338,0.0,0.0004728558748075952,0.0,0.0004728558748075952,-0.006591273326580932,0.47285587480759517,0.47285587480759517,0.0,0.0,2.2030372629208568,-1.5148877572861261,26,0.0011252084973525668,26,2.2003840051767205,0.09995271441251924,0.1,2.204079474849082,False,False,True,False,True,0,0,0.0010422119282254873,4.728558748077141e-05,1.9890802904304
1985-08,2.3639167876511076,2.3846258238694062,0.010077926146220936,0.0,0.0013174501741050233,0.0,0.0013174501741050233,0.008760475972115912,1.3174501741050233,1.3174501741050233,0.0,0.0,2.4886074469267676,-0.7392150023743749,26,0.0031143425834607393,26,2.4416355647374823,0.09506266864354075,0.09518807418845304,2.4918903883527537,False,False,False,False,False,0,0,0.0,0.0,2.2003840051767205
1985-09,2.3846258238694062,2.2459749813091445,-0.057328917803941656,0.0,0.000814729376428313,0.0,0.000814729376428313,-0.05814364718036997,0.814729376428313,0.814729376428313,0.0,0.0,2.5266554619533936,-1.4744036304088115,26,0.0019428247104959736,26,2.7458488470960165,0.09982405750006512,0.09990545340782186,2.5287156809032605,False,False,False,False,False,0,0,0.0,0.0,2.4416355647374823
1985-10,2.2459749813091445,2.240920934172365,-0.0010871358285913495,0.0,0.0011631328426268007,0.0,0.0011631328426268007,-0.0022502686712181502,1.1631328426268006,1.1631328426268006,0.0,0.0,2.5136777322576798,-0.5368077491657978,26,0.002612367264478781,26,2.594541467687346,0.09566190731290262,0.09577330438868399,2.5166048780432466,False,False,False,False,False,0,0,0.0,0.0,2.745848847096016
1985-11,2.240920934172365,2.3300943752951806,0.04019646966864587,0.0,0.0004032579747446414,0.0,0.0004032579747446414,0.03979321169390123,0.4032579747446414,0.4032579747446414,0.0,0.0,2.4510511222648814,-0.448388402515326,26,0.0009036692374772178,26,2.384663407853682,0.09995967420252548,0.09999999999999994,2.452039926919804,False,False,True,False,True,0,0,0.0009888046549237223,4.032579747450681e-05,2.594541467687346
1985-12,2.3300943752951806,2.458320499401456,0.05582790317808663,0.0,0.0007974608639072397,0.0,0.0007974608639072397,0.05503044231417939,0.7974608639072397,0.7974608639072397,0.0,0.0,2.5293421912963643,-0.5091175281875984,26,0.0018581590735082948,26,2.448561062010725,0.09319503744536678,0.0932694161545495,2.5313608525086666,False,False,False,False,False,0,0,0.0,0.0,2.3846634078536817
1986-01,2.458320499401456,2.5944465834885766,0.05591862264633458,0.0,0.0005450112233064116,0.0,0.0005450112233064116,0.055373611423028164,0.5450112233064116,0.5450112233064116,0.0,0.0,2.5016365364076423,-0.19549064827449864,26,0.0013398122626580161,26,2.323998716089935,0.08791344896701499,0.08796138891118921,2.5030006998810213,False,False,False,False,False,0,0,0.0,0.0,2.4485610620107257
1986-02,2.5944465834885766,2.773356639145226,0.06966235731700436,0.0,0.0007035062096976724,0.0,0.0007035062096976724,0.06895885110730669,0.7035062096976724,0.7035062096976724,0.0,0.0,2.4111410930681165,-0.44249845236539054,28,0.0018252092822131243,28,2.3063845344297342,0.09992964937903022,0.09999999999999999,2.412838539963979,False,False,True,False,True,0,0,0.0016974468958629377,7.03506209697839e-05,2.323998716089936
1986-03,2.773356639145226,2.860539871373616,0.03219836738885211,0.0,0.0007623699416355272,0.0,0.0007623699416355272,0.03143599744721658,0.7623699416355272,0.7623699416355272,0.0,0.0,2.4981077228522963,0.06128706924053236,28,0.002114323739119648,28,2.4608036257716477,0.09992376300583646,0.1,2.5000136581189243,False,False,True,False,True,0,0,0.00190593526662804,7.623699416354902e-05,2.306384534429734
1986-04,2.860539871373616,2.8580969220144894,-0.00040532205280743687,0.0,0.0004486948352542485,0.0,0.0004486948352542485,-0.0008540168880616854,0.44869483525424847,0.44869483525424847,0.0,0.0,2.4614648423929455,-0.2218130002281431,28,0.0012835094663241938,28,2.511168441300365,0.09995513051647453,0.09999999999999995,2.46256978473681,False,False,True,False,True,0,0,0.00110494234386559,4.486948352546678e-05,2.4608036257716486
1986-05,2.8580969220144894,2.706604198538776,-0.05152890104537905,0.0,0.00147585268037496,0.0,0.00147585268037496,-0.05300475372575401,1.47585268037496,1.47585268037496,0.0,0.0,2.383177957849631,1.1067288366232844,28,0.004218130003126507,28,2.4292951020547426,0.09985241473196248,0.09999999999999998,2.386700375996798,False,False,True,False,True,0,0,0.0035224181471676594,0.00014758526803753178,2.511168441300365
1986-06,2.706604198538776,2.7650454449749358,0.022219525655128112,0.0,0.0006274338126228294,0.0,0.0006274338126228294,0.02159209184250528,0.6274338126228294,0.6274338126228294,0.0,0.0,2.317209412810343,1.1801711631768255,28,0.0016982149915501419,28,2.3110583271432734,0.09993725661873772,0.1,2.318664221142807,False,False,True,False,True,0,0,0.0014548083324638778,6.274338126228763e-05,2.4292951020547426
1986-07,2.7650454449749358,2.8565035584065868,0.0333888507145236,0.0,0.00031231897148747674,0.0,0.00031231897148747674,0.03307653174303612,0.3123189714874767,0.3123189714874767,0.0,0.0,2.2646705269667264,0.9783289226237231,28,0.0008635761494907044,28,2.2076292973957945,0.09996876810285124,0.09999999999999998,2.2653780475085545,False,False,True,False,True,0,0,0.0007075205418283562,3.123189714875594e-05,2.3110583271432725
1986-08,2.8565035584065868,3.122237103037379,0.09343090680924485,0.0,0.0004033508488302625,0.0,0.0004033508488302625,0.09302755596041458,0.4033508488302625,0.4033508488302625,0.0,0.0,2.2156440643867428,1.2687342495915204,28,0.0011521731349699621,28,2.104363919092384,0.09995966491511699,0.1,2.216538106913631,False,False,True,False,True,0,0,0.0008940425268884646,4.033508488303699e-05,2.2076292973957945
1986-09,3.122237103037379,3.0749657944173907,-0.014823182932263847,0.0,0.0003170216902491766,0.0,0.0003170216902491766,-0.015140204622513023,0.3170216902491766,0.3170216902491766,0.0,0.0,2.267151689816133,1.1828554087224818,28,0.0009898168837636024,28,2.309273578910271,0.09996829783097505,0.09999999999999996,2.2678706540041316,False,False,True,False,True,0,0,0.0007189641879996322,3.1702169024949116e-05,2.1043639190923846
1986-10,3.0749657944173907,3.01611523700631,-0.018767802659954605,0.0,0.0003708028874384892,0.0,0.0003708028874384892,-0.019138605547393096,0.3708028874384892,0.3708028874384892,0.0,0.0,2.3312583989835947,1.0005771212311492,28,0.0011402061953445562,28,2.3907460533192175,0.09996291971125615,0.1,2.3321231569840664,False,False,True,False,True,0,0,0.0008647580004719387,3.708028874385205e-05,2.3092735789102705
1986-11,3.01611523700631,3.041858904612254,0.008731812834822796,0.0,0.0001964401507550579,0.0,0.0001964401507550579,0.008535372684067738,0.19644015075505789,0.19644015075505789,0.0,0.0,2.3719120860432823,1.1245829834362029,28,0.0005924861318521466,28,2.3810954788136756,0.096767492345253,0.09678650510090608,2.3723781163581075,False,False,False,False,False,0,0,0.0,0.0,2.3907460533192175
1986-12,3.041858904612254,3.0969464785553917,0.018518147299330417,0.0,0.00040830865441132853,0.0,0.00040830865441132853,0.018109838644919087,0.4083086544113285,0.4083086544113285,0.0,0.0,2.27547888625198,1.342839224005112,28,0.0012420173162513471,28,2.2148532296218786,0.09995916913455885,0.09999999999999998,2.276408363487766,False,False,True,False,True,0,0,0.0009294772357868533,4.0830865441154586e-05,2.381095478813676
1987-01,3.0969464785553917,3.2306779887320496,0.0435461723355392,0.0,0.000364441200476658,0.0,0.000364441200476658,0.043181731135062545,0.364441200476658,0.364441200476658,0.0,0.0,2.3624988687547335,1.1675543985592305,28,0.0011286548924566856,28,2.3494200498531645,0.09556388480707888,0.09559872492115318,2.3633601745739137,False,False,False,False,False,0,0,0.0,0.0,2.214853229621879
1987-02,3.2306779887320496,3.276111360605438,0.014549042394857914,0.0,0.00048593488867787693,0.0,0.00048593488867787693,0.014063107506180037,0.48593488867787693,0.48593488867787693,0.0,0.0,2.1465543496255597,1.2851334200125089,29,0.001569899148808576,29,2.112666806431779,0.09995140651113221,0.1,2.147597942392621,False,False,True,False,True,0,0,0.0010435927670613895,4.85934888677885e-05,2.3494200498531645
1987-03,3.276111360605438,3.3469321104065504,0.02190236220488794,0.0,0.0002850415445717973,0.0,0.0002850415445717973,0.021617320660316144,0.2850415445717973,0.2850415445717973,0.0,0.0,2.2638256922698106,1.217011542785889,29,0.0009338278424161865,29,2.265818462231618,0.09680419589626553,0.09683179698124073,2.2644711606270738,False,False,False,False,False,0,0,0.0,0.0,2.112666806431779
1987-04,3.3469321104065504,3.466200788912467,0.03610320060735755,0.0,0.00046797569942555044,0.0,0.00046797569942555044,0.035635224907932,0.46797569942555045,0.46797569942555045,0.0,0.0,2.093325824032879,1.3242644255786433,29,0.001566282895297339,29,2.0987837403339973,0.09995320243005743,0.09999999999999998,2.094305908305129,False,False,True,False,True,0,0,0.000980084272250447,4.679756994256918e-05,2.265818462231618
1987-05,3.466200788912467,3.4860240760040355,0.0063861703764541145,0.0,0.0006671459174619674,0.0,0.0006671459174619674,0.005719024458992147,0.6671459174619674,0.6671459174619674,0.0,0.0,2.045175329287201,1.0263533439822958,29,0.002312461705426403,29,2.024965965148561,0.0999332854082538,0.1,2.046540670540472,False,False,True,False,True,0,0,0.0013653412532711913,6.671459174620981e-05,2.0987837403339973
1987-06,3.4860240760040355,3.5384208362376937,0.01550009887822042,0.0,0.00046957726067627104,0.0,0.00046957726067627104,0.01503052161754415,0.46957726067627104,0.46957726067627104,0.0,0.0,2.053347098601052,1.4426754508710782,29,0.0016369576362615039,29,2.0190301064455083,0.09995304227393237,0.1,2.0543117566883327,False,False,True,False,True,0,0,0.0009646580872810818,4.6957726067642585e-05,2.024965965148561
1987-07,3.5384208362376937,3.692298405649739,0.04405892215574847,0.0,0.0005712827443608507,0.0,0.0005712827443608507,0.04348763941138762,0.5712827443608507,0.5712827443608507,0.0,0.0,1.9666290957847752,1.0690594004503384,29,0.002021438766029486,29,1.8906141301308919,0.09994287172556389,0.09999999999999996,1.967753239255522,False,False,True,False,True,0,0,0.0011241434707474074,5.712827443611387e-05,2.0190301064455083
1987-08,3.692298405649739,3.7944556162370926,0.028081297814485966,0.0,0.0004136503591668894,0.0,0.0004136503591668894,0.027667647455319078,0.4136503591668894,0.4136503591668894,0.0,0.0,2.2182051134385135,1.1099889449859281,29,0.0015273205616483478,29,2.175182474137999,0.09995863496408326,0.09999999999999995,2.2191230544870373,False,False,True,False,True,0,0,0.0009179410485252691,4.136503591674228e-05,1.8906141301308916
1987-09,3.7944556162370926,3.859612754260707,0.01751702299345424,0.0,0.00034535342778674246,0.0,0.00034535342778674246,0.017171669565667496,0.34535342778674244,0.34535342778674244,0.0,0.0,2.3307919083922854,1.1628133690240376,29,0.0013104282536521362,29,2.286026154490963,0.0952400313117878,0.09527293414617048,2.3315971334545416,False,False,False,False,False,0,0,0.0,0.0,2.1751824741379986
1987-10,3.859612754260707,3.749707969894838,-0.028119741206574376,0.0,0.00035585760694461176,0.0,0.00035585760694461176,-0.028475598813518986,0.35585760694461177,0.35585760694461177,0.0,0.0,2.2221254783089415,1.3956121909554933,29,0.0013734725584641171,29,2.2928583048619315,0.09996441423930547,0.09999999999999992,2.2229165200622085,False,False,True,False,True,0,0,0.0007910417532685544,3.558576069453256e-05,2.286026154490963
1987-11,3.749707969894838,4.0243620722972535,0.07370939412592126,0.0,0.0004625960799076931,0.0,0.0004625960799076931,0.07324679804601357,0.4625960799076931,0.4625960799076931,0.0,0.0,2.2929214572853627,1.0516865214101585,29,0.0017346002076719861,29,2.2235987581962307,0.08843998166322045,0.08848091258652964,2.2939826446641605,False,False,False,False,False,0,0,0.0,0.0,2.2928583048619315
1987-12,4.0243620722972535,4.092869358509704,0.017486826518893772,0.0,0.0004636847185973264,0.0,0.0004636847185973264,0.017023141800296446,0.4636847185973264,0.4636847185973264,0.0,0.0,2.1847960667724777,1.0847314170061835,29,0.0018660351950269053,29,2.1647174802691187,0.09995363152814028,0.10000000000000002,2.1858095932786448,False,False,True,False,True,0,0,0.0010135265061665746,4.6368471859726314e-05,2.2235987581962307
1988-01,4.092869358509704,3.9191293421989717,-0.04218419457713958,0.0,0.0002652464121019405,0.0,0.0002652464121019405,-0.04244944098924152,0.2652464121019405,0.2652464121019405,0.0,0.0,2.2634487740940816,1.2603691827920591,29,0.0010856189125466697,29,2.36397313947974,0.09991485683107709,0.09994136591980789,2.2640493050490678,False,False,False,False,False,0,0,0.0,0.0,2.1647174802691183
1988-02,3.9191293421989717,3.8974855188536908,-0.00456828591835562,0.0,0.0009543241961492018,0.0,0.0009543241961492018,-0.005522610114504821,0.9543241961492018,0.9543241961492018,0.0,0.0,2.1507415919485657,1.2136951004229635,30,0.0037401199590987835,30,2.158394525524871,0.09990456758038502,0.09999999999999994,2.1527960573154363,False,False,True,False,True,0,0,0.0020544653668725134,9.54324196150037e-05,2.363973139479739
1988-03,3.8974855188536908,4.01969641715549,0.032083148440241425,0.0,0.0007268040200717407,0.0,0.0007268040200717407,0.031356344420169685,0.7268040200717406,0.7268040200717406,0.0,0.0,2.2672081946069746,0.9939296778220029,30,0.0028327081432742564,30,2.2234060062326266,0.09331289863169906,0.09338076814938742,2.268857209147552,False,False,False,False,False,0,0,0.0,0.0,2.1583945255248715
1988-04,4.01969641715549,4.020299160504342,0.0008500405151828597,0.0,0.0007000930350000588,0.0,0.0007000930350000588,0.00014994748018280096,0.7000930350000588,0.7000930350000588,0.0,0.0,2.323284933073882,1.0046247893967712,30,0.0028141614644652496,30,2.3320602118622245,0.08964656706404957,0.08970937197054038,2.3249125881838535,False,False,False,False,False,0,0,0.0,0.0,2.2234060062326275
1988-05,4.020299160504342,4.069693102061052,0.012889515324939057,0.0,0.0006033794965511162,0.0,0.0006033794965511162,0.012286135828387942,0.6033794965511162,0.6033794965511162,0.0,0.0,2.3341721300636262,0.5757914610058071,30,0.002425766083449985,30,2.375211708243859,0.08321390692720819,0.08326414680618886,2.3355813719760032,False,False,False,False,False,0,0,0.0,0.0,2.332060211862225
1988-06,4.069693102061052,4.58103179920743,0.12647539300294375,0.0,0.0008298751904541412,0.0,0.0008298751904541412,0.12564551781248962,0.8298751904541412,0.8298751904541412,0.0,0.0,2.3113057315067187,1.0317927836753487,30,0.00337733733816282,30,2.1636880750859198,0.0963008204701961,0.09638080450869388,2.3132254198926154,False,False,False,False,False,0,0,0.0,0.0,2.375211708243859
1988-07,4.58103179920743,4.417773528131981,-0.03444240037145901,0.0,0.001195481710847238,0.0,0.001195481710847238,-0.03563788208230625,1.195481710847238,1.195481710847238,0.0,0.0,1.933240779700161,0.7035704167809604,30,0.0054765397327621,30,1.9385640685402017,0.09988045182891529,0.10000000000000002,1.9355546999442887,False,False,True,False,True,0,0,0.0023139202441278366,0.00011954817108472606,2.1636880750859193
1988-08,4.417773528131981,4.56437349938239,0.03342943650487994,0.0,0.00024530646361052636,0.0,0.00024530646361052636,0.03318413004126942,0.24530646361052638,0.24530646361052638,0.0,0.0,2.0280830918797204,0.6995145593594512,30,0.0010837084012182544,30,1.9472882644612628,0.09997546935363895,0.1,2.028580715841272,False,False,True,False,True,0,0,0.0004976239615515354,2.453064636105376e-05,1.9385640685402015
1988-09,4.56437349938239,4.6691966712719815,0.02312927129504339,0.0,0.00016375983902979042,0.0,0.00016375983902979042,0.0229655114560136,0.1637598390297904,0.1637598390297904,0.0,0.0,2.0345731139110717,0.6374679807260227,30,0.0007474610695307014,30,1.9725828042753002,0.09998362401609695,0.09999999999999994,2.0349063498473634,False,False,True,False,True,0,0,0.00033323593629313447,1.637598390304866e-05,1.9472882644612626
1988-10,4.6691966712719815,4.5603566039124095,-0.02304995355267255,0.0,0.0002602805244714615,0.0,0.0002602805244714615,-0.023310234077144013,0.2602805244714615,0.2602805244714615,0.0,0.0,2.080193672986095,0.8106794056163626,30,0.0012153009584590735,30,2.180303879713815,0.0999739719475528,0.09999999999999994,2.080735247847691,False,False,True,False,True,0,0,0.0005415748615971751,2.602805244720063e-05,1.9725828042753004
1988-11,4.5603566039124095,4.478280403227934,-0.0175224139823714,0.0,0.0004753453626019022,0.0,0.0004753453626019022,-0.017997759344973302,0.4753453626019022,0.4753453626019022,0.0,0.0,2.1106921816951325,1.0999007858949137,30,0.0021677443634807235,30,2.1690110678740275,0.09995246546373977,0.09999999999999996,2.111695966580071,False,False,True,False,True,0,0,0.0010037848849398165,4.753453626023094e-05,2.180303879713815
1988-12,4.478280403227934,4.483866290801026,0.0014479874313217153,0.0,0.0002006587537638167,0.0,0.0002006587537638167,0.0012473286775578985,0.2006587537638167,0.2006587537638167,0.0,0.0,2.0913717600141584,0.9929864554797683,30,0.0008986061647166399,30,2.1061450320324275,0.09997993412462362,0.1,2.0917914962889377,False,False,True,False,True,0,0,0.0004197362747793698,2.0065875376396548e-05,2.1690110678740275
1989-01,4.483866290801026,4.551240467596406,0.01579129804075039,0.0,0.0007653868235485586,0.0,0.0007653868235485586,0.015025911217201832,0.7653868235485586,0.7653868235485586,0.0,0.0,1.911092081838668,0.7420579819974815,30,0.003431892177532655,30,1.8480072569207098,0.09992346131764512,0.09999999999999998,1.912555926944451,False,False,True,False,True,0,0,0.0014638451057831237,7.653868235486439e-05,2.106145032032428
1989-02,4.551240467596406,4.498271295534987,-0.010559873697435404,0.0,0.0010785295991044472,0.0,0.0010785295991044472,-0.01163840329653985,1.0785295991044472,1.0785295991044472,0.0,0.0,2.14933594897788,0.5888532453839838,30,0.004908647556944689,30,2.18126019571482,0.0810273404921576,0.0811148252320966,2.151656574280349,False,False,False,False,False,0,0,0.0,0.0,1.8480072569207096
1989-03,4.498271295534987,4.663561777668593,0.037152002361688835,0.0,0.00040666814903819244,0.0,0.00040666814903819244,0.036745334212650645,0.40666814903819243,0.40666814903819243,0.0,0.0,2.1847153758543465,0.3925884864765611,30,0.001829303661626845,30,2.1031849912202687,0.08785888019243242,0.08789462413654044,2.18560419146542,False,False,False,False,False,0,0,0.0,0.0,2.18126019571482
1989-04,4.663561777668593,4.748330846822555,0.01883586844480683,0.0,0.0006589742177639703,0.0,0.0006589742177639703,0.01817689422704286,0.6589742177639702,0.6589742177639702,0.0,0.0,2.2175117193082343,0.29788409677606686,30,0.003073166974433112,30,2.1741615856438203,0.0891472700983441,0.08920605458838629,2.218973965941679,False,False,False,False,False,0,0,0.0,0.0,2.1031849912202687
1989-05,4.748330846822555,4.866384446562094,0.02550355951458004,0.0,0.0006414335280270067,0.0,0.0006414335280270067,0.024862125986553033,0.6414335280270067,0.6414335280270067,0.0,0.0,2.2371960282530003,0.5140569738156064,30,0.003045738607316856,30,2.1331829679447893,0.09657469397711481,0.09663667998369357,2.238631961850244,False,False,False,False,False,0,0,0.0,0.0,2.17416158564382
1989-06,4.866384446562094,4.990347171527373,0.02603976242053371,0.0,0.0005664924135055033,0.0,0.0005664924135055033,0.025473270007028207,0.5664924135055033,0.5664924135055033,0.0,0.0,2.2522961977369635,0.43700483668404944,30,0.0027567698701786037,30,2.23368648518571,0.0910187578486806,0.09107034851020694,2.2535728296482413,False,False,False,False,False,0,0,0.0,0.0,2.1331829679447893
1989-07,4.990347171527373,5.1024111225267585,0.022858904316576167,0.0,0.00040276105689053126,0.0,0.00040276105689053126,0.022456143259685635,0.40276105689053127,0.40276105689053127,0.0,0.0,2.291803208488846,0.10416165472197336,30,0.0020099175010550377,30,2.2362871947764167,0.0929137285878063,0.09295116569754185,2.2927266294893003,False,False,False,False,False,0,0,0.0,0.0,2.2336864851857103
1989-08,5.1024111225267585,5.142119317715329,0.008082130492874283,0.0,0.0002998890711156236,0.0,0.0002998890711156236,0.00778224142175866,0.2998890711156236,0.2998890711156236,0.0,0.0,2.2801784992273197,0.31125947908694224,30,0.001530157331984576,30,2.2181783861611692,0.08554774324867942,0.08557340577785034,2.280862504965276,False,False,False,False,False,0,0,0.0,0.0,2.2362871947764162
1989-09,5.142119317715329,5.135776933770814,-0.0006352254460541065,0.0,0.0005981928300765591,0.0,0.0005981928300765591,-0.0012334182761306657,0.5981928300765591,0.5981928300765591,0.0,0.0,2.329273222946003,0.07854111871603933,30,0.003075978907255478,30,2.362746866931628,0.09994018071699236,0.10000000000000002,2.330667411480844,False,False,True,False,True,0,0,0.0013941885348406485,5.981928300764443e-05,2.218178386161169
1989-10,5.135776933770814,5.197690538922414,0.012457059252925218,0.0,0.00040170600257659,0.0,0.00040170600257659,0.012055353250348629,0.40170600257658995,0.40170600257658995,0.0,0.0,2.3624243042015225,0.40338863722410323,30,0.00206307242219013,30,2.3216898788575144,0.09440865144834772,0.09444659121096005,2.3633736855973586,False,False,False,False,False,0,0,0.0,0.0,2.3627468669316274
1989-11,5.197690538922414,5.079105497811308,-0.022153066669988276,0.0,0.0006618816658338484,0.0,0.0006618816658338484,-0.022814948335822125,0.6618816658338483,0.6618816658338483,0.0,0.0,2.352962990878536,-0.22406586236409964,30,0.0034402560723908004,30,2.438802589602027,0.09993381183341654,0.09999999999999992,2.3545214054286023,False,False,True,False,True,0,0,0.001558414550068301,6.618816658345936e-05,2.321689878857515
1989-12,5.079105497811308,5.233146713498168,0.03073014335953837,0.0,0.0004017290839854144,0.0,0.0004017290839854144,0.030328414275552953,0.4017290839854144,0.4017290839854144,0.0,0.0,2.37185957981981,0.09778400368996226,30,0.002040424399101019,30,2.3265367099689502,0.0999598270916014,0.09999999999999994,2.3728128077355306,False,False,True,False,True,0,0,0.0009532279157222837,4.017290839861744e-05,2.4388025896020276
1990-01,5.233146713498168,5.244997147781888,0.0026027866339914715,0.0,0.0003382916881200536,0.0,0.0003382916881200536,0.002264494945871418,0.3382916881200536,0.3382916881200536,0.0,0.0,2.388473754625529,0.31335174578672487,30,0.0017703300358892058,30,2.380524786459295,0.09599614568693926,0.09602863137475488,2.3892820288764725,False,False,False,False,False,0,0,0.0,0.0,2.32653670996895
1990-02,5.244997147781888,5.13021598586873,-0.020983091863364105,0.0,0.000900840325559586,0.0,0.000900840325559586,-0.02188393218892369,0.9008403255595859,0.9008403255595859,0.0,0.0,2.391931401691243,0.6898950878023957,31,0.004724904938166936,31,2.442695908843673,0.08680972526630862,0.08688799747824415,2.3940880927881687,False,False,False,False,False,0,0,0.0,0.0,2.380524786459294
1990-03,5.13021598586873,5.253540832440174,0.024230389525563896,0.0,0.00019147051881179212,0.0,0.00019147051881179212,0.024038919006752105,0.1914705188117921,0.1914705188117921,0.0,0.0,2.390956001678028,0.5844821319007857,31,0.0009822851164308353,31,2.341469253627418,0.08963258585106265,0.0896497511354239,2.3914138869356534,False,False,False,False,False,0,0,0.0,0.0,2.442695908843673
1990-04,5.253540832440174,5.131374837585279,-0.022945200414018034,0.0,0.0003088293444508895,0.0,0.0003088293444508895,-0.023254029758468922,0.3088293444508895,0.3088293444508895,0.0,0.0,2.3995354681306074,0.8258844673733879,31,0.0016224475713284793,31,2.46654589358409,0.09514366112389117,0.09517305335556836,2.400276744023965,False,False,False,False,False,0,0,0.0,0.0,2.341469253627419
1990-05,5.131374837585279,5.189133451449374,0.01228233293296316,0.0,0.0010263604709562515,0.0,0.0010263604709562515,0.011255972462006908,1.0263604709562515,1.0263604709562515,0.0,0.0,2.4781379983777336,0.27755992462146084,31,0.005266640294957085,31,2.472225114008361,0.08621207132944783,0.08630064690204604,2.480684074452683,False,False,False,False,False,0,0,0.0,0.0,2.46654589358409
1990-06,5.189133451449374,5.260087021942038,0.014083022592487992,0.0,0.0004095314100930133,0.0,0.0004095314100930133,0.013673491182394979,0.4095314100930133,0.4095314100930133,0.0,0.0,2.4700825201586465,0.6196562078315884,31,0.002125113139532887,31,2.4347642148102087,0.08643013209878142,0.0864655424543072,2.4710945109782005,False,False,False,False,False,0,0,0.0,0.0,2.4722251140083604
1990-07,5.260087021942038,5.552281713509747,0.056188506936358934,0.0,0.0006391043601578666,0.0,0.0006391043601578666,0.05554940257620107,0.6391043601578665,0.6391043601578665,0.0,0.0,2.4693689446314244,0.22523155880545231,31,0.003361744550532964,31,2.3561984527275017,0.0778178491610073,0.07786761469307274,2.4709481383603746,False,False,False,False,False,0,0,0.0,0.0,2.4347642148102095
1990-08,5.552281713509747,5.863672034322828,0.05655102059829553,0.0,0.00046771343190845017,0.0,0.00046771343190845017,0.056083307166387084,0.46771343190845016,0.46771343190845016,0.0,0.0,2.4500435145154085,0.23656057478550707,31,0.0025968767351481742,31,2.300330906282457,0.08332981215156315,0.08336880486139898,2.4511899689880634,False,False,False,False,False,0,0,0.0,0.0,2.3561984527275026
1990-09,5.863672034322828,6.0711896041922575,0.03579886157723802,0.0,0.00040848355903868607,0.0,0.00040848355903868607,0.03539037801819934,0.40848355903868605,0.40848355903868605,0.0,0.0,2.4518053495590566,0.2666869762958848,31,0.0023952136216158016,31,2.3873973313918833,0.09526292996600559,0.09530185920863814,2.452807281006838,False,False,False,False,False,0,0,0.0,0.0,2.300330906282457
1990-10,6.0711896041922575,6.058983136648086,-0.0014811533918713086,0.0,0.0005294027495054551,0.0,0.0005294027495054551,-0.0020105561413767637,0.5294027495054551,0.5294027495054551,0.0,0.0,2.417229243839164,0.18373529886085166,31,0.003214104469228317,31,2.39283648130112,0.0999470597250494,0.09999999999999994,2.418509609476126,False,False,True,False,True,0,0,0.0012803656369632863,5.2940274950598494e-05,2.3873973313918833
1990-11,6.058983136648086,6.16135876801581,0.017330045920186988,0.0,0.00043354215728677305,0.0,0.00043354215728677305,0.016896503762900215,0.43354215728677303,0.43354215728677303,0.0,0.0,2.382687815009861,0.18204030559161755,31,0.0026268246200265902,31,2.312262591584179,0.09995664578427128,0.09999999999999996,2.383721258666714,False,False,True,False,True,0,0,0.0010334436568537018,4.3354215728717786e-05,2.3928364813011203
1990-12,6.16135876801581,6.159760317419962,-9.065417837978915e-05,0.0,0.00016877732951200923,0.0,0.00016877732951200923,-0.00025943150789179835,0.16877732951200922,0.16877732951200922,0.0,0.0,2.374887904288725,0.13716425287235515,31,0.0010398976790311116,31,2.3774990369260425,0.09998312226704877,0.09999999999999996,2.375288799189072,False,False,True,False,True,0,0,0.00040089490034752803,1.6877732951226514e-05,2.3122625915841786
1991-01,6.159760317419962,6.263308537200715,0.017011955720094462,0.0,0.00020152569606963618,0.0,0.00020152569606963618,0.016810430024024825,0.2015256960696362,0.2015256960696362,0.0,0.0,2.2872224991116985,0.07333492776142767,31,0.001241349985590181,31,2.2450604305516575,0.09997984743039297,0.09999999999999994,2.2876835261266883,False,False,True,False,True,0,0,0.00046102701499135465,2.015256960703394e-05,2.3774990369260425
1991-02,6.263308537200715,6.283533609507731,0.004193887006238344,0.0,0.0009647514484274652,0.0,0.0009647514484274652,0.0032291355578108792,0.9647514484274652,0.9647514484274652,0.0,0.0,2.4848471546618414,0.9622452987223271,32,0.006042535983212498,32,2.495534662477377,0.09990352485515723,0.09999999999999998,2.487246729546768,False,False,True,False,True,0,0,0.002399574884927213,9.64751448427672e-05,2.245060430551657
1991-03,6.283533609507731,6.021462438487667,-0.04132339369409933,0.0,0.0003842165944043803,0.0,0.0003842165944043803,-0.041707610288503706,0.38421659440438033,0.38421659440438033,0.0,0.0,2.2763618672286374,0.7104373073812341,32,0.0024142378842705236,32,2.352336378993797,0.0999615783405595,0.09999999999999994,2.277236819404041,False,False,True,False,True,0,0,0.0008749521754051297,3.842165944050196e-05,2.495534662477378
1991-04,6.021462438487667,6.171925973131726,0.025142651209610144,0.0,0.00015477888106513125,0.0,0.00015477888106513125,0.024987872328545012,0.15477888106513124,0.15477888106513124,0.0,0.0,2.285832213667157,0.7663632896348509,32,0.0009319952186048378,32,2.2372792401308494,0.09998452211189343,0.09999999999999994,2.286186066988512,False,False,True,False,True,0,0,0.00035385332135636285,1.547788810656364e-05,2.3523363789937966
1991-05,6.171925973131726,6.085526559786175,-0.013615659784521264,0.0,0.0003831168893523329,0.0,0.0003831168893523329,-0.013998776673873597,0.3831168893523329,0.3831168893523329,0.0,0.0,2.3594291004991375,0.527117792152213,32,0.002364569080139097,32,2.395204076219934,0.09996168831106475,0.09999999999999998,2.360333384083082,False,False,True,False,True,0,0,0.000904283583945141,3.8311688935266365e-05,2.2372792401308494
1991-06,6.085526559786175,6.150629974226982,0.011383950230032863,0.0,0.000685876069775727,0.0,0.000685876069775727,0.010698074160257136,0.6858760697757269,0.6858760697757269,0.0,0.0,2.6481903381062533,0.6084637571136495,32,0.004173917039341942,32,2.5743338209724653,0.09993141239302245,0.10000000000000002,2.6500079151199505,False,False,True,False,True,0,0,0.0018175770136968535,6.858760697756607e-05,2.395204076219934
1991-07,6.150629974226982,5.80445763428751,-0.05580406364961678,0.0,0.0004783564260568646,0.0,0.0004783564260568646,-0.05628242007567364,0.47835642605686457,0.47835642605686457,0.0,0.0,2.838575863605608,0.30820128369827343,32,0.0029421933724694442,32,3.0552504769259183,0.09232974612761041,0.09237393379244017,2.8399343644584265,False,False,False,False,False,0,0,0.0,0.0,2.5743338209724653
1991-08,5.80445763428751,5.993028543228364,0.03320419147911604,0.0,0.0007169341293599409,0.0,0.0007169341293599409,0.0324872573497561,0.7169341293599408,0.7169341293599408,0.0,0.0,2.8675474946152795,-0.06430308019184805,32,0.004161413780444578,32,2.758964491594949,0.08633444419898041,0.08639638471583651,2.869604812242952,False,False,False,False,False,0,0,0.0,0.0,3.0552504769259183
1991-09,5.993028543228364,5.881244716601676,-0.01850155021574204,0.0,0.00015075985092609267,0.0,0.00015075985092609267,-0.018652310066668135,0.15075985092609268,0.15075985092609268,0.0,0.0,2.896255060882474,-0.055691745040758564,32,0.0009035080897729265,32,3.023184557059462,0.08360173580987496,0.08361434149553411,2.89669176570125,False,False,False,False,False,0,0,0.0,0.0,2.75896449159495
1991-10,5.881244716601676,5.769052729440826,-0.018157383920810354,0.0,0.0009188478238325054,0.0,0.0009188478238325054,-0.01907623174464286,0.9188478238325054,0.9188478238325054,0.0,0.0,2.8861537000589705,0.48267483903760133,32,0.00540396890927587,32,2.9603856526312615,0.09276436997893778,0.0928496847096768,2.8888080750722205,False,False,False,False,False,0,0,0.0,0.0,3.023184557059462
1991-11,5.769052729440826,5.848579982297851,0.014549521297492905,0.0,0.0007643720560621707,0.0,0.0007643720560621707,0.013785149241430733,0.7643720560621706,0.7643720560621706,0.0,0.0,2.8813776140452574,0.254810168724671,32,0.004409702696333762,32,2.8215858675055356,0.08331241635890412,0.08337614675562625,2.8835817433512463,False,False,False,False,False,0,0,0.0,0.0,2.9603856526312615
1991-12,5.848579982297851,6.057082091460026,0.035854802133393614,0.0,0.00020476233001291667,0.0,0.00020476233001291667,0.0356500398033807,0.20476233001291666,0.20476233001291666,0.0,0.0,2.9596267678033112,0.37308144382875724,32,0.001197568864442211,32,2.862789019072302,0.07930573022422385,0.0793219723761088,2.9602329119917514,False,False,False,False,False,0,0,0.0,0.0,2.8215858675055356
1992-01,6.057082091460026,5.879215951671939,-0.02837548065573537,0.0,0.0009895068254254223,0.0,0.0009895068254254223,-0.029364987481160794,0.9895068254254222,0.9895068254254222,0.0,0.0,2.886497888328509,0.6099009923393524,32,0.005993524071661787,32,2.9872142336738605,0.07594652901444876,0.07602175305798044,2.8893569267285972,False,False,False,False,False,0,0,0.0,0.0,2.8627890190723013
1992-02,5.879215951671939,5.864340985516172,-0.000669773996718602,0.0,0.0018603195188184522,0.0,0.0018603195188184522,-0.002530093515537054,1.8603195188184523,1.8603195188184523,0.0,0.0,2.9727850214128795,0.3864971094600781,34,0.01093722019024411,34,2.9510351061103144,0.07774620757774643,0.07789110992989144,2.978325658769286,False,False,False,False,False,0,0,0.0,0.0,2.9872142336738605
1992-03,5.864340985516172,5.78808811821527,-0.012064401182327565,0.0,0.0009384012620107122,0.0,0.0009384012620107122,-0.013002802444338277,0.9384012620107122,0.9384012620107122,0.0,0.0,2.9971847962139675,-0.5076286533383518,34,0.00550310498166952,34,3.0212204231634856,0.07939153729521309,0.07946610839161486,2.9999999999999996,False,False,True,True,False,0,0,0.002815203786032488,7.457109640178037e-05,2.951035106110314
1992-04,5.78808811821527,5.9461913458004725,0.02892913394093998,0.0,0.0016138574012396927,0.0,0.0016138574012396927,0.027315276539700287,1.6138574012396927,1.6138574012396927,0.0,0.0,2.9951584277962806,0.8456525919060527,34,0.009341148848609239,34,2.875814721776794,0.07685430295134332,0.07697853533032276,2.9999999999999996,False,False,True,True,False,0,0,0.004841572203718947,0.00012423237897942938,3.0212204231634856
1992-05,5.9461913458004725,6.117066998788186,0.029651723584391262,0.0,0.0009147316091170573,0.0,0.0009147316091170573,0.028736991975274205,0.9147316091170572,0.9147316091170572,0.0,0.0,2.9972558051726494,0.044100904572807104,34,0.005439169177861986,34,2.9489204542129928,0.07671969085934936,0.07678993303836153,3.0000000000000004,False,False,True,True,False,0,0,0.0027441948273514358,7.024217901217765e-05,2.875814721776794
1992-06,6.117066998788186,6.155566102703127,0.006719537477218771,0.0,0.0004258179671057586,0.0,0.0004258179671057586,0.006293719510113012,0.4258179671057586,0.4258179671057586,0.0,0.0,2.998722546098681,0.1511782259989848,34,0.002604757034073709,34,3.0213744479100395,0.08572976795838216,0.08576628878511884,2.999999999999998,False,False,True,True,False,0,0,0.0012774539013192185,3.652082673673963e-05,2.9489204542129914
1992-07,6.155566102703127,5.962577556755788,-0.030521696343442595,0.0,0.0008301797841797123,0.0,0.0008301797841797123,-0.03135187612762231,0.8301797841797123,0.8301797841797123,0.0,0.0,2.9975094606474597,0.9040070449911041,34,0.005110226538646035,34,3.0976919664955984,0.08230537674558441,0.08237376177735882,2.999999999999999,False,False,True,True,False,0,0,0.002490539352540337,6.838503177443104e-05,3.0213744479100404
1992-08,5.962577556755788,6.226355966722253,0.046526224817500336,0.0,0.002287234639905729,0.0,0.002287234639905729,0.044238990177594605,2.287234639905729,2.287234639905729,0.0,0.0,2.993138296080281,0.8511017552899169,34,0.013637813930936306,34,2.858285332491576,0.07887398243945261,0.07905479931489644,2.9999999999999982,False,False,True,True,False,0,0,0.0068617039197196375,0.00018081687544389035,3.097691966495598
1992-09,6.226355966722253,6.412295578324304,0.031056451791673993,0.0,0.00119313967205953,0.0,0.00119313967205953,0.029863312119614464,1.19313967205953,1.19313967205953,0.0,0.0,2.996420580983821,0.5214954918612745,34,0.007428912316260887,34,2.9042472447105827,0.08008521255345508,0.080180879541777,3.0,False,False,True,True,False,0,0,0.0035794190161784825,9.566698832191662e-05,2.858285332491576
1992-10,6.412295578324304,6.121898445042453,-0.044884803135002704,0.0,0.0004027432256937337,0.0,0.0004027432256937337,-0.045287546360696436,0.4027432256937337,0.4027432256937337,0.0,0.0,2.9987917703229163,0.3768964760132287,34,0.002582508605315996,34,3.087863904239381,0.08121503633624606,0.08124775832051245,2.999999999999998,False,False,True,True,False,0,0,0.001208229677083613,3.2721984266453796e-05,2.9042472447105827
1992-11,6.121898445042453,6.119568335825226,0.00033068782772830395,0.0,0.000711306558689769,0.0,0.000711306558689769,-0.00038061873096146507,0.711306558689769,0.711306558689769,0.0,0.0,2.997866080323929,-0.2537299540681236,34,0.004354546515591396,34,3.0133262468853332,0.08335738027088781,0.08341671512746233,2.9999999999999982,False,False,True,True,False,0,0,0.0021339196760710236,5.933485657456753e-05,3.0878639042393816
1992-12,6.119568335825226,6.276491023421236,0.026509047345118872,0.0,0.0008662766488016804,0.0,0.0008662766488016804,0.02564277069631719,0.8662766488016803,0.8662766488016803,0.0,0.0,2.9974011700535943,0.3463950886612087,36,0.005301239150071553,36,2.945916375063162,0.08428007147681266,0.08435314463626405,2.999999999999999,False,False,True,True,False,0,0,0.0025988299464056626,7.30731594514038e-05,3.0133262468853332
1993-01,6.276491023421236,6.558253446803049,0.0457552023322219,0.0,0.0008634909714639226,0.0,0.0008634909714639226,0.04489171136075797,0.8634909714639226,0.8634909714639226,0.0,0.0,2.997409527085607,0.37205758556683943,36,0.005419693331198593,36,2.872147638231763,0.07300776464352744,0.07307086067199481,2.9999999999999987,False,False,True,True,False,0,0,0.00259047291439269,6.309602846738819e-05,2.9459163750631614
1993-02,6.558253446803049,6.987230707063662,0.06602546664730119,0.0,0.0006151765845213707,0.0,0.0006151765845213707,0.06541029006277982,0.6151765845213707,0.6151765845213707,0.0,0.0,2.9981544702464342,0.47410014687824514,37,0.004034483955829807,37,2.8490841714302215,0.08543145876122309,0.08548404654500771,2.9999999999999982,False,False,True,True,False,0,0,0.00184552975356575,5.2587783784671134e-05,2.8721476382317626
1993-03,6.987230707063662,6.994295632950873,0.0013562395778205175,0.0,0.00034511998217455996,0.0,0.00034511998217455996,0.0010111195956459575,0.34511998217455997,0.34511998217455997,0.0,0.0,2.9989646400534755,0.3480161534737302,37,0.002411432937071349,37,3.0541122142351327,0.08457858159907071,0.08460778143509141,2.999999999999999,False,False,True,True,False,0,0,0.0010353599465240532,2.919983602071824e-05,2.849084171430222
1993-04,6.994295632950873,7.002549188943197,0.0016540886326163453,0.0,0.0004740475783834949,0.0,0.0004740475783834949,0.0011800410542328504,0.4740475783834949,0.4740475783834949,0.0,0.0,2.9985778572648476,0.4906185531305548,37,0.0033156289072986153,37,3.0059777621629267,0.07746291431980046,0.07749965284255604,2.9999999999999982,False,False,True,True,False,0,0,0.0014221427351532728,3.673852275564733e-05,3.054112214235133
1993-05,7.002549188943197,7.062149404169861,0.009137752771491994,0.0,0.0006265358391254161,0.0,0.0006265358391254161,0.008511216932366578,0.6265358391254161,0.6265358391254161,0.0,0.0,2.9981203924826234,0.9302286899222123,37,0.004387348032111528,37,2.968271748394149,0.07368191825279044,0.07372811155703196,2.9999999999999996,False,False,True,True,False,0,0,0.0018796075173766053,4.6193304241526554e-05,3.0059777621629253
1993-06,7.062149404169861,7.045671778013508,-0.0019835009974373645,0.0,0.0003497300365341754,0.0,0.0003497300365341754,-0.00233323103397154,0.3497300365341754,0.3497300365341754,0.0,0.0,2.9989508098903945,0.8894161275279666,37,0.0024698457691301303,37,3.030379614884281,0.07769195841584152,0.07771913913320998,2.999999999999997,False,False,True,True,False,0,0,0.0010491901096054933,2.7180717368539006e-05,2.968271748394149
1993-07,7.045671778013508,7.204477534076118,0.023779211568419487,0.0,0.001239734700056972,0.0,0.001239734700056972,0.022539476868362513,1.2397347000569718,1.2397347000569718,0.0,0.0,2.9962807958998283,0.8793348248356649,37,0.008734763788415449,37,2.993917014004833,0.07522223353531872,0.0753156049041742,2.999999999999999,False,False,True,True,False,0,0,0.003719204100171687,9.33713688555052e-05,3.0303796148842808
1993-08,7.204477534076118,7.2836146508453234,0.01142286186168433,0.0,0.00043842664137879286,0.0,0.00043842664137879286,0.010984435220305537,0.43842664137879284,0.43842664137879284,0.0,0.0,2.998684720075863,1.152863627961318,37,0.00315863488815396,37,2.962846225583136,0.08520369349382655,0.08524106544785841,2.999999999999999,False,False,True,True,False,0,0,0.0013152799241371999,3.737195403187671e-05,2.993917014004833
1993-09,7.2836146508453234,7.034346748525315,-0.03400266631339655,0.0,0.00022043777285258003,0.0,0.00022043777285258003,-0.03422310408624913,0.22043777285258004,0.22043777285258004,0.0,0.0,2.9993386866814395,1.2798977161849279,37,0.0016055837919487655,37,3.086349601705931,0.07364505941151009,0.0736612971437979,2.9999999999999973,False,False,True,True,False,0,0,0.0006613133185595851,1.6237732287855795e-05,2.9628462255831356
1993-10,7.034346748525315,7.084450071072074,0.008213147855153228,0.0,0.0010904789936469234,0.0,0.0010904789936469234,0.007122668861506305,1.0904789936469235,1.0904789936469235,0.0,0.0,2.996728563019059,1.4743561071805202,38,0.007670807363295393,38,3.002683389618142,0.05725309242415392,0.05731559387528331,2.9999999999999996,False,False,True,True,False,0,0,0.0032714369809410462,6.25014511294005e-05,3.0863496017059315
1993-11,7.084450071072074,7.267166406488352,0.026108699785186193,0.0,0.00031751859493921836,0.0,0.00031751859493921836,0.025791181190246974,0.31751859493921836,0.31751859493921836,0.0,0.0,2.999047444215182,1.7197149767597704,38,0.0022494446324838506,38,2.922317832483051,0.06291404163378779,0.06293402435677542,2.9999999999999996,False,False,True,True,False,0,0,0.0009525557848179753,1.998272298764064e-05,3.002683389618142
1993-12,7.267166406488352,7.6091260387188475,0.04757238987108945,0.0,0.0005169609593221103,0.0,0.0005169609593221103,0.04705542891176734,0.5169609593221103,0.5169609593221103,0.0,0.0,2.998449117122031,1.555036765551005,38,0.003756841317051631,38,2.9125114302636406,0.06425508862082684,0.0642883231740481,2.9999999999999973,False,False,True,True,False,0,0,0.0015508828779689544,3.323455322132139e-05,2.9223178324830514
1994-01,7.6091260387188475,7.634966369210999,0.003941992957230152,0.0,0.0005460273285017338,0.0,0.0005460273285017338,0.003395965628728418,0.5460273285017337,0.5460273285017337,0.0,0.0,2.9983619180144943,1.9477202260610262,38,0.004154790763154633,38,3.0019987453727888,0.06879731376004324,0.0688348994963229,2.9999999999999996,False,False,True,True,False,0,0,0.0016380819855062283,3.75857362796855e-05,2.91251143026364
1994-02,7.634966369210999,7.462334110996726,-0.0223947162497138,0.0,0.00021602620364333618,0.0,0.00021602620364333618,-0.022610742453357136,0.2160262036433362,0.2160262036433362,0.0,0.0,2.999351921389069,2.005255358177338,40,0.0016493527996851982,40,3.032679640320126,0.06955572137322792,0.06957075047833838,2.999999999999999,False,False,True,True,False,0,0,0.0006480786109310625,1.5029105110478269e-05,3.0019987453727883
1994-03,7.462334110996726,7.250888139303164,-0.02811595873954165,0.0,0.00021913970934279805,0.0,0.00021913970934279805,-0.028335098448884447,0.21913970934279803,0.21913970934279803,0.0,0.0,2.99934258087197,2.104291167295212,40,0.0016352937281026696,40,3.046476408033092,0.07466493806897934,0.0746813037081673,2.9999999999999987,False,False,True,True,False,0,0,0.0006574191280295308,1.6365639187976877e-05,3.0326796403201266
1994-04,7.250888139303164,7.246134956877348,0.0014396503029081753,0.0,0.0020951813681376235,0.0,0.0020951813681376235,-0.0006555310652294481,2.0951813681376232,2.0951813681376232,0.0,0.0,2.993714455895586,0.10069971875443824,40,0.015191925731918072,40,2.977892480685103,0.067581045774697,0.06772293761177674,2.9999999999999987,False,False,True,True,False,0,0,0.006285544104414082,0.00014189183707976732,3.046476408033091
1994-05,7.246134956877348,7.440595296768033,0.027744385623464728,0.0,0.0009079630274265537,0.0,0.0009079630274265537,0.026836422596038172,0.9079630274265537,0.9079630274265537,0.0,0.0,2.9972761109177184,-0.200374525659556,40,0.0065792226325877366,40,2.9313934240603245,0.07562710944875647,0.07569583847141857,2.9999999999999982,False,False,True,True,False,0,0,0.0027238890822820078,6.872902266216145e-05,2.9778924806851026
1994-06,7.440595296768033,7.352231981544467,-0.011210167276725613,0.0,0.0006656721822420617,0.0,0.0006656721822420617,-0.011875839458967676,0.6656721822420617,0.6656721822420617,0.0,0.0,2.998002983453274,-0.5240346606504105,40,0.004952997308379598,40,3.0215639670158936,0.07741212471991435,0.07746369014357675,3.0000000000000004,False,False,True,True,False,0,0,0.0019970165467260263,5.1565423662393896e-05,2.9313934240603254
1994-07,7.352231981544467,7.20797528433233,-0.018338843352910708,0.0,0.0012819599044196703,0.0,0.0012819599044196703,-0.01962080325733038,1.2819599044196703,1.2819599044196703,0.0,0.0,2.9961541202867417,-1.046705991562998,40,0.009425266608331987,40,3.0878860836805573,0.06914036396050452,0.06922911290747044,3.000000000000001,False,False,True,True,False,0,0,0.0038458797132587645,8.874894696591304e-05,3.0215639670158936
1994-08,7.20797528433233,7.394776545729596,0.02659949755884263,0.0,0.0006835844170054296,0.0,0.0006835844170054296,0.0259159131418372,0.6835844170054296,0.6835844170054296,0.0,0.0,2.9979492467489823,-0.8380640160641353,40,0.004927259582529862,40,2.9168809777104463,0.059928297385400064,0.05996929145853998,2.9999999999999987,False,False,True,True,False,0,0,0.0020507532510176743,4.099407313994241e-05,3.087886083680557
1994-09,7.394776545729596,7.660967940753697,0.0363998693032889,0.0,0.0004026497283684776,0.0,0.0004026497283684776,0.03599721957492043,0.4026497283684776,0.4026497283684776,0.0,0.0,2.9987920508148926,-0.6901556519932953,40,0.002977504767483611,40,2.8626849520448077,0.062283551383418616,0.06230863994036561,2.999999999999998,False,False,True,True,False,0,0,0.001207949185107346,2.5088556947037505e-05,2.9168809777104467
1994-10,7.660967940753697,7.646972102726271,-0.0010538360858084888,0.0,0.0007730659630792267,0.0,0.0007730659630792267,-0.0018269020488877155,0.7730659630792267,0.7730659630792267,0.0,0.0,2.997680802110761,-0.642033654640791,40,0.005922433559237836,40,3.0232281703817607,0.07510678675218958,0.07516489417349356,2.9999999999999987,False,False,True,True,False,0,0,0.002319197889240083,5.810742130403981e-05,2.862684952044808
1994-11,7.646972102726271,7.86746858484404,0.029346279094758922,0.0,0.0005117967459663425,0.0,0.0005117967459663425,0.02883448234879258,0.5117967459663425,0.5117967459663425,0.0,0.0,2.998464609762101,-0.9683087403882176,40,0.003913695438670706,40,2.877180440576467,0.07450811430590919,0.07454626684270323,3.0,False,False,True,True,False,0,0,0.0015353902378993957,3.815253679404391e-05,3.02322817038176
1994-12,7.86746858484404,7.9230003983527775,0.007522040058438043,0.0,0.0004636307480133814,0.0,0.0004636307480133814,0.0070584093104246615,0.4636307480133814,0.4636307480133814,0.0,0.0,2.99860910775596,-1.0941909047296046,40,0.0036476003449630217,40,3.008326560515488,0.07497318089136373,0.07500795688652198,3.0,False,False,True,True,False,0,0,0.0013908922440410906,3.477599515827727e-05,2.8771804405764674
1995-01,7.9230003983527775,7.8482255557848575,-0.009178839046437093,0.0,0.0002588535962978866,0.0,0.0002588535962978866,-0.009437692642734979,0.25885359629788657,0.25885359629788657,0.0,0.0,2.9992234392111055,-1.1141848589186554,40,0.0020508971465832042,40,3.021666448253233,0.07460736235004388,0.07462667973447291,2.999999999999999,False,False,True,True,False,0,0,0.000776560788894539,1.9317384429060997e-05,3.0083265605154885
1995-02,7.8482255557848575,7.840396392905696,-0.0007548151319910807,0.0,0.00024275595251876145,0.0,0.00024275595251876145,-0.000997571084509842,0.24275595251876145,0.24275595251876145,0.0,0.0,2.999271732142442,-1.2804737056615338,40,0.001905203470376639,40,3.0264030926305385,0.07634010023332688,0.07635863674692342,2.9999999999999982,False,False,True,True,False,0,0,0.0007282678575579668,1.8536513596575937e-05,3.021666448253233
1995-03,7.840396392905696,8.068986711293455,0.029572124099922784,0.0,0.0004166698432224123,0.0,0.0004166698432224123,0.02915545425670037,0.4166698432224123,0.4166698432224123,0.0,0.0,2.9987499904703303,-1.111936090804325,41,0.003266856735833583,41,2.946115791778174,0.07272164164727211,0.07275195519303652,2.9999999999999973,False,False,True,True,False,0,0,0.0012500095296692458,3.0313545764454753e-05,3.026403092630539
1995-04,8.068986711293455,8.134591401750155,0.0093480050741668,0.0,0.0012175306039487505,0.0,0.0012175306039487505,0.00813047447021805,1.2175306039487503,1.2175306039487503,0.0,0.0,2.996347408188153,-0.04342614357872084,41,0.009824238263855561,41,3.0084138800983595,0.059658761554148336,0.05973148646694119,2.9999999999999996,False,False,True,True,False,0,0,0.0036525918118464062,7.272491279285483e-05,2.9461157917781744
1995-05,8.134591401750155,8.368930374857525,0.03066390709117033,0.0,0.001856194259158671,0.0,0.001856194259158671,0.028807712832011657,1.8561942591586709,1.8561942591586709,0.0,0.0,2.9944314172225233,1.7083812446257913,41,0.015099381860530123,41,2.945029674451811,0.058161024572741166,0.05826918349663348,2.999999999999999,False,False,True,True,False,0,0,0.005568582777477203,0.00010815892389233772,3.0084138800983586
1995-06,8.368930374857525,8.526129631331662,0.019494419854502364,0.0,0.0007107462626650488,0.0,0.0007107462626650488,0.018783673591837316,0.7107462626650488,0.7107462626650488,0.0,0.0,2.997867761212003,1.5778535904023308,41,0.005948185986433993,41,2.9572990513477566,0.06273950264677183,0.06278412622984439,2.9999999999999982,False,False,True,True,False,0,0,0.002132238787996954,4.4623583072590653e-05,2.9450296744518107
1995-07,8.526129631331662,8.446386651738376,-0.008987119816601507,0.0,0.00036565606663715593,0.0,0.00036565606663715593,-0.009352775883238663,0.36565606663715594,0.36565606663715594,0.0,0.0,2.9989030318000864,1.5963602635111318,41,0.00311763102463124,41,3.0529233229261723,0.06652877827251695,0.06655311382233968,2.999999999999998,False,False,True,True,False,0,0,0.0010969681999135651,2.4335549822778445e-05,2.9572990513477566
1995-08,8.446386651738376,8.336221640084483,-0.012343909409101926,0.0,0.0006989474001134561,0.0,0.0006989474001134561,-0.013042856809215382,0.6989474001134561,0.6989474001134561,0.0,0.0,2.997903157799659,1.6205698364040229,41,0.005903579990585538,41,3.0423883565386705,0.07235328380560163,0.07240389031649645,2.9999999999999996,False,False,True,True,False,0,0,0.0020968422003413943,5.0606510894838645e-05,3.0529233229261723
1995-09,8.336221640084483,8.649870080268352,0.03819203961419049,0.0,0.000567267418151558,0.0,0.000567267418151558,0.03762477219603893,0.5672674181515579,0.5672674181515579,0.0,0.0,2.9982981977455445,1.85508989697411,41,0.004728866926909871,41,2.925641768068418,0.06878444945841633,0.06882349078234061,2.999999999999999,False,False,True,True,False,0,0,0.0017018022544554832,3.904132392429402e-05,3.0423883565386705
1995-10,8.649870080268352,8.867618428067138,0.02591012062309074,0.0,0.0007365231264644819,0.0,0.0007365231264644819,0.02517359749662626,0.7365231264644819,0.7365231264644819,0.0,0.0,2.997790430620606,1.9955157401860038,41,0.006370829355030826,41,2.93730008310134,0.07582824835790698,0.07588413878105106,2.999999999999999,False,False,True,True,False,0,0,0.0022095693793939813,5.589042314409832e-05,2.925641768068418
1995-11,8.867618428067138,9.102309653660447,0.026738758930008676,0.0,0.0002726646232801234,0.0,0.0002726646232801234,0.02646609430672855,0.2726646232801234,0.2726646232801234,0.0,0.0,2.999182006130158,1.803371019899129,41,0.0024178858380808064,41,2.9419384224185063,0.07498963143981281,0.07501008403611874,2.9999999999999982,False,False,True,True,False,0,0,0.0008179938698420312,2.0452596305960563e-05,2.9373000831013396
1995-12,9.102309653660447,9.409784830570356,0.034376573683811626,0.0,0.0005966663186232575,0.0,0.0005966663186232575,0.03377990736518837,0.5966663186232575,0.5966663186232575,0.0,0.0,2.9982100010441304,1.730680646824982,41,0.005431041592018517,41,2.9308468692072847,0.06946640264097516,0.06950787564925412,3.0,False,False,True,True,False,0,0,0.001789998955869624,4.147300827896018e-05,2.9419384224185072
1996-01,9.409784830570356,9.35737136206374,-0.00505629797147082,0.0,0.0005138047939330578,0.0,0.0005138047939330578,-0.005570102765403878,0.5138047939330578,0.5138047939330578,0.0,0.0,2.9984585856181987,1.557766954940852,41,0.004834792555825615,41,3.0141773061590267,0.0742631108694864,0.07430128722705906,2.999999999999998,False,False,True,True,False,0,0,0.0015414143818004693,3.817635757269147e-05,2.9308468692072847
1996-02,9.35737136206374,9.246764095136475,-0.011160289354488514,0.0,0.0006600459349371827,0.0,0.0006600459349371827,-0.011820335289425696,0.6600459349371828,0.6600459349371828,0.0,0.0,2.9980198621951875,2.00927833819953,41,0.00617629492922778,41,3.028182266178394,0.07426730522773765,0.07431635743736352,2.999999999999999,False,False,True,True,False,0,0,0.0019801378048125325,4.905220962589548e-05,3.0141773061590267
1996-03,9.246764095136475,9.388587854485527,0.015771858568443434,0.0,0.000434194723028841,0.0,0.000434194723028841,0.015337663845414594,0.434194723028841,0.434194723028841,0.0,0.0,2.9986974158309123,1.9247653558480224,42,0.0040148961752008135,42,2.9679407698706064,0.07762486729447558,0.0776585862428201,2.9999999999999987,False,False,True,True,False,0,0,0.0013025841690872467,3.3718948344530886e-05,3.028182266178394
1996-04,9.388587854485527,9.892349963894123,0.05425022598358386,0.0,0.0005933696792658759,0.0,0.0005933696792658759,0.05365685630431798,0.5933696792658759,0.5933696792658759,0.0,0.0,2.9982198909622015,1.3709573841555844,42,0.005570903363975576,42,2.877144638137212,0.08235564865736719,0.08240454501581328,2.999999999999999,False,False,True,True,False,0,0,0.0017801090377984347,4.88963584461064e-05,2.9679407698706064
1996-05,9.892349963894123,9.589728935184564,-0.0302227942087666,0.0,0.0003686254047822445,0.0,0.0003686254047822445,-0.030591419613548842,0.3686254047822445,0.3686254047822445,0.0,0.0,2.998894123785651,1.5179532201180541,42,0.003646571509688093,42,3.087564823725314,0.084920180518195,0.0849514957977203,2.999999999999998,False,False,True,True,False,0,0,0.00110587621434898,3.131527952535559e-05,2.8771446381372114
1996-06,9.589728935184564,9.441215665953951,-0.01364428671696611,0.0,0.0018424147564946704,0.0,0.0018424147564946704,-0.01548670147346078,1.8424147564946705,1.8424147564946705,0.0,0.0,2.994472755730516,-0.09756701651180534,42,0.017668258100967962,42,3.028853161140936,0.07050293176473063,0.07063306716998109,3.0,False,False,True,True,False,0,0,0.005527244269484418,0.00013013540525046242,3.087564823725314
1996-07,9.441215665953951,9.01293230234773,-0.045070815333144526,0.0,0.00029234326418077256,0.0,0.00029234326418077256,-0.0453631585973253,0.29234326418077256,0.29234326418077256,0.0,0.0,2.9991229702074556,-0.28122854474858405,42,0.0027600758056196247,42,3.11979512177192,0.06603159976146235,0.06605090929988919,2.999999999999998,False,False,True,True,False,0,0,0.0008770297925444169,1.9309538426883822e-05,3.028853161140936
1996-08,9.01293230234773,9.253229526433254,0.027376272898417077,0.0,0.0007148916714740003,0.0,0.0007148916714740003,0.026661381226943077,0.7148916714740002,0.7148916714740002,0.0,0.0,2.9978553249855757,-0.7945292927839005,42,0.006443270238507378,42,2.95316958635748,0.06575643538352392,0.0658034777417155,2.999999999999998,False,False,True,True,False,0,0,0.0021446750144242677,4.704235819162719e-05,3.1197951217719204
1996-09,9.253229526433254,9.401914504060795,0.01672830364858576,0.0,0.0006598621165995651,0.0,0.0006598621165995651,0.016068441531986197,0.6598621165995651,0.6598621165995651,0.0,0.0,2.998020413650202,-0.3136930044490952,42,0.006105855620693838,42,2.9462001222735434,0.06573574609239963,0.06577915126237974,3.0000000000000004,False,False,True,True,False,0,0,0.0019795863497975713,4.340516998009262e-05,2.953169586357479
1996-10,9.401914504060795,9.200277523418292,-0.020854566242834403,0.0,0.0005918083817607389,0.0,0.0005918083817607389,-0.021446374624595144,0.5918083817607389,0.5918083817607389,0.0,0.0,2.998224574854718,-0.564846617910267,42,0.005564131808101039,42,3.053869820710006,0.0651155182503532,0.06515407697921538,3.0000000000000004,False,False,True,True,False,0,0,0.0017754251452819832,3.855872886217946e-05,2.946200122273542
1996-11,9.200277523418292,9.487219332520967,0.03312967334176567,0.0,0.0019412870814277813,0.0,0.0019412870814277813,0.03118838626033789,1.9412870814277812,1.9412870814277812,0.0,0.0,2.994176138755715,0.48525125712779393,42,0.01786037990176231,42,2.963092040602831,0.06171455480532104,0.06183459350287351,2.9999999999999982,False,False,True,True,False,0,0,0.005823861244285172,0.00012003869755250398,3.053869820710006
1996-12,9.487219332520967,9.664217935864844,0.019752855651211217,0.0,0.0010963244653927394,0.0,0.0010963244653927394,0.018656531185818476,1.0963244653927393,1.0963244653927393,0.0,0.0,2.996711026603822,-0.0789421201527708,42,0.01040107066278971,42,2.915550903772381,0.06412820879888478,0.06419859128515445,3.0000000000000004,False,False,True,True,False,0,0,0.003288973396178306,7.038248626966614e-05,2.963092040602831
1997-01,9.664217935864844,9.847393790664233,0.019881096132445604,0.0,0.0009270683968328079,0.0,0.0009270683968328079,0.018954027735612795,0.9270683968328078,0.9270683968328078,0.0,0.0,2.9972187948095006,-0.7185520861559902,42,0.008959391028445089,42,2.931791604940627,0.060681375310649835,0.060737683297331625,2.9999999999999987,False,False,True,True,False,0,0,0.002781205190498924,5.630798668180648e-05,2.9155509037723815
1997-02,9.847393790664233,9.700385327744248,-0.014198498879474521,0.0,0.0007301681409664028,0.0,0.0007301681409664028,-0.014928667020440925,0.7301681409664028,0.7301681409664028,0.0,0.0,2.9978094955770995,-0.11969643714778691,42,0.0071902532174934015,42,3.079778903907538,0.06269348775459206,0.06273929799117181,2.9999999999999987,False,False,True,True,False,0,0,0.0021905044229004605,4.581023657977767e-05,2.931791604940628
1997-03,9.700385327744248,9.866165306362761,0.017769784898741835,0.0,0.0006797443470161982,0.0,0.0006797443470161982,0.017090040551725638,0.6797443470161982,0.6797443470161982,0.0,0.0,2.9979607669589496,-0.3128350411164057,42,0.006593782090413025,42,2.922453907245663,0.06064970925407817,0.060690963593495816,2.9999999999999982,False,False,True,True,False,0,0,0.002039233041050347,4.125433941768044e-05,3.079778903907538
1997-04,9.866165306362761,10.09023938373859,0.0230601458501995,0.0,0.0003487812604209248,0.0,0.0003487812604209248,0.022711364589778578,0.3487812604209248,0.3487812604209248,0.0,0.0,2.9989536562187356,-0.42345497918234126,42,0.0034411335710744033,42,2.954764227725851,0.05818250203840134,0.0582028020850726,2.9999999999999982,False,False,True,True,False,0,0,0.0010463437812644211,2.0300046671293643e-05,2.922453907245664
1997-05,10.09023938373859,10.269072887358005,0.019652107516526116,0.0,0.001928692162513555,0.0,0.001928692162513555,0.01772341535401256,1.928692162513555,1.928692162513555,0.0,0.0,2.99421392351246,1.047462007135852,42,0.01946096561730222,42,2.984645702110979,0.06565896841143341,0.06578584906292538,3.000000000000001,False,False,True,True,False,0,0,0.005786076487540384,0.00012688065149195728,2.954764227725852
1997-06,10.269072887358005,10.258247561367074,-0.0005699332992076308,0.0,0.0004842345024697775,0.0,0.0004842345024697775,-0.0010541678016774082,0.48423450246977745,0.48423450246977745,0.0,0.0,2.9985472964925903,0.9699660241036516,42,0.004972639400435685,42,2.9788717449199447,0.06791147359560849,0.06794437460604147,2.9999999999999996,False,False,True,True,False,0,0,0.0014527035074101084,3.29010104329946e-05,2.984645702110979
1997-07,10.258247561367074,10.793743766914062,0.05273023486018885,0.0,0.0005287060568009353,0.0,0.0005287060568009353,0.052201528803387916,0.5287060568009353,0.5287060568009353,0.0,0.0,2.9984138818295953,1.1188300005908915,43,0.005423597617858196,43,2.90297147030427,0.0694440331904754,0.06948076809339755,2.999999999999998,False,False,True,True,False,0,0,0.001586118170404622,3.673490292220313e-05,2.9788717449199447
1997-08,10.793743766914062,10.689409651601276,-0.009291931675605394,0.0,0.00037423398163389225,0.0,0.00037423398163389225,-0.009666165657239286,0.37423398163389227,0.37423398163389227,0.0,0.0,2.998877298055096,1.3287816930424459,43,0.004039385706628256,43,2.998424456238485,0.06746606485236328,0.06749132239867028,2.999999999999998,False,False,True,True,False,0,0,0.001122701944904509,2.5257546307054552e-05,2.90297147030427
1997-09,10.689409651601276,10.926598722275019,0.022388957282726094,0.0,0.00019979264179443974,0.0,0.00019979264179443974,0.022189164640931652,0.19979264179443973,0.19979264179443973,0.0,0.0,2.999400622074615,1.185209236175378,43,0.0021356653935164006,43,2.9735657142694034,0.06822365399325449,0.06823728730115328,2.9999999999999982,False,False,True,True,False,0,0,0.0005993779253854505,1.3633307898832442e-05,2.9984244562384847
1997-10,10.926598722275019,10.971453183269235,0.0043648557013120865,0.0,0.00025978493461735816,0.0,0.00025978493461735816,0.004105070766694728,0.25978493461735813,0.25978493461735813,0.0,0.0,2.999220645196148,1.1974451403753261,43,0.002838565734656325,43,2.978834875075072,0.06266721298886792,0.06268349721709404,2.9999999999999996,False,False,True,True,False,0,0,0.0007793548038526089,1.6284228226140547e-05,2.9735657142694034
1997-11,10.971453183269235,11.015412358026845,0.004439275101053677,0.0,0.00043258847319256746,0.0,0.00043258847319256746,0.004006686627861109,0.43258847319256744,0.43258847319256744,0.0,0.0,2.998702234580421,1.3263136964091715,43,0.004746124181254172,43,2.9676612518126446,0.06530293577950969,0.06533119730240258,2.9999999999999987,False,False,True,True,False,0,0,0.001297765419578498,2.826152289290536e-05,2.978834875075073
1997-12,11.015412358026845,11.38835734889307,0.03417441102071718,0.0,0.0003177582922822632,0.0,0.0003177582922822632,0.03385665272843492,0.31775829228226316,0.31775829228226316,0.0,0.0,2.999046725123153,1.240660478301533,43,0.003500238619671548,43,2.865875412211422,0.06364612887804386,0.06366635939167999,3.0,False,False,True,True,False,0,0,0.000953274876846575,2.0230513636124824e-05,2.9676612518126446
1998-01,11.38835734889307,11.450544235577249,0.0059082832989672965,0.0,0.00044771644292081083,0.0,0.00044771644292081083,0.0054605668560464855,0.4477164429208108,0.4477164429208108,0.0,0.0,2.9986568506712366,0.9284509259828119,43,0.005098754842957481,43,3.016979263085155,0.0651367086930055,0.06516588453102752,2.999999999999999,False,False,True,True,False,0,0,0.0013431493287638912,2.91758380220518e-05,2.8658754122114214
1998-02,11.450544235577249,11.560304569870162,0.010117097708668565,0.0,0.0005314979297615435,0.0,0.0005314979297615435,0.009585599778907022,0.5314979297615435,0.5314979297615435,0.0,0.0,2.9984055062107138,1.0299193254324506,43,0.006085940555852283,43,2.9557107010332286,0.06382026467032687,0.06385420304705294,2.9999999999999987,False,False,True,True,False,0,0,0.0015944937892857884,3.39383767261064e-05,3.016979263085154
1998-03,11.560304569870162,11.919006699472982,0.03161444279285419,0.0,0.000585664317785873,0.0,0.000585664317785873,0.031028778475068318,0.585664317785873,0.585664317785873,0.0,0.0,2.9982430070466406,0.8333656181347407,43,0.006770457889309918,43,2.912741282226807,0.07007535150463112,0.07011641618768327,2.9999999999999982,False,False,True,True,False,0,0,0.0017569929533598535,4.10646830522017e-05,2.9557107010332295
1998-04,11.919006699472982,12.216065582216697,0.025098610636836972,0.0,0.00017548656838175394,0.0,0.00017548656838175394,0.02492312406845522,0.17548656838175394,0.17548656838175394,0.0,0.0,2.999473540294853,0.7341512431330034,43,0.0020916255842096487,43,2.919725799416505,0.07415028952485929,0.0741633041886112,2.9999999999999982,False,False,True,True,False,0,0,0.0005264597051475636,1.3014663751967634e-05,2.912741282226807
1998-05,12.216065582216697,12.233930247077359,0.0016150342629901188,0.0,0.0001526432222388978,0.0,0.0001526432222388978,0.001462391040751221,0.15264322223889779,0.15264322223889779,0.0,0.0,2.9995420703332805,0.6795502724614719,43,0.0018646996135512537,43,2.9466263659831045,0.07341844681661434,0.07342965535581575,2.999999999999997,False,False,True,True,False,0,0,0.0004579296667196024,1.1208539201474038e-05,2.9197257994165042
1998-06,12.233930247077359,12.453121020045877,0.018214814407487182,0.0,0.000298186754580357,0.0,0.000298186754580357,0.017916627652906827,0.298186754580357,0.298186754580357,0.0,0.0,2.9991054397362586,0.6497863493286882,44,0.0036479959561384625,44,2.936777383514709,0.07100269602021808,0.0710238743988228,2.9999999999999996,False,False,True,True,False,0,0,0.0008945602637417931,2.1178378604725193e-05,2.946626365983104
1998-07,12.453121020045877,12.72305114485129,0.02208439458233264,0.0,0.0004086938185719922,0.0,0.0004086938185719922,0.021675700763760648,0.4086938185719922,0.4086938185719922,0.0,0.0,2.9987739185442823,0.6409261494020719,44,0.005089513582821692,44,2.879084607308683,0.06434889362384989,0.06437520337153715,2.9999999999999982,False,False,True,True,False,0,0,0.0012260814557176949,2.6309747687298622e-05,2.9367773835147095
1998-08,12.72305114485129,13.378550476691977,0.05213264717583575,0.0,0.0006120390781507599,0.0,0.0006120390781507599,0.051520608097684994,0.61203907815076,0.61203907815076,0.0,0.0,2.9981638827655477,0.49446578793602936,44,0.007787004493959754,44,2.7849649551011493,0.06997934695418169,0.07002220327892661,3.0,False,False,True,True,False,0,0,0.0018361172344522926,4.285632474491948e-05,2.8790846073086835
1998-09,13.378550476691977,13.276123796202047,-0.007243853845833008,0.0,0.00041218338094859043,0.0,0.00041218338094859043,-0.007656037226781599,0.4121833809485904,0.4121833809485904,0.0,0.0,2.9987634498571527,0.2602680506122253,44,0.005514416167674275,44,3.107327809698942,0.07831806112331025,0.07835035583787803,2.9999999999999987,False,False,True,True,False,0,0,0.001236550142848165,3.229471456784454e-05,2.784964955101149
1998-10,13.276123796202047,12.83108291819899,-0.0330813220904817,0.0,0.000440576683192952,0.0,0.000440576683192952,-0.033521898773674653,0.440576683192952,0.440576683192952,0.0,0.0,2.998678269950419,0.27272869598212585,44,0.0058491505877897206,44,3.1326044625285583,0.08260352410406412,0.08263993333179072,2.999999999999998,False,False,True,True,False,0,0,0.0013217300495815404,3.640922772668182e-05,3.107327809698942
1998-11,12.83108291819899,13.143238309840036,0.025070315722421178,0.0,0.0007422528744833752,0.0,0.0007422528744833752,0.0243280628479378,0.7422528744833752,0.7422528744833752,0.0,0.0,2.997773241376549,0.5715359801586498,44,0.009523908178767734,44,2.907355200246748,0.07251942417719749,0.07257329191172969,2.999999999999999,False,False,True,True,False,0,0,0.0022267586234514074,5.3867734532234276e-05,3.1326044625285583
1998-12,13.143238309840036,13.743165942409272,0.04614691258298133,0.0,0.0005015686862579795,0.0,0.0005015686862579795,0.045645343896723346,0.5015686862579795,0.5015686862579795,0.0,0.0,2.998495293941226,0.19243512444159055,44,0.006592236772242014,44,2.857072383062894,0.07680443470687287,0.07684297673776339,3.0,False,False,True,True,False,0,0,0.0015047060587738432,3.854203089051027e-05,2.9073552002467475
1999-01,13.743165942409272,13.583490895282571,-0.010876721085800853,0.0,0.0007417842713940697,0.0,0.0007417842713940697,-0.011618505357194922,0.7417842713940697,0.7417842713940697,0.0,0.0,2.9977746471858167,0.7669558501189936,44,0.010194464335237853,44,3.0324939926488614,0.0774860775841824,0.07754359820567867,2.9999999999999987,False,False,True,True,False,0,0,0.002225352814182492,5.7520621496280206e-05,2.857072383062894
1999-02,13.583490895282571,13.671639905906687,0.006780030492432939,0.0,0.0002906080528204921,0.0,0.0002906080528204921,0.006489422439612447,0.29060805282049207,0.29060805282049207,0.0,0.0,2.999128175841537,0.6878717666009515,44,0.003947471839582951,44,2.8950513274017053,0.07356630095899298,0.07358768613317171,2.9999999999999982,False,False,True,True,False,0,0,0.0008718241584633486,2.138517417877171e-05,3.032493992648862
1999-03,13.671639905906687,13.310504901844594,-0.02572240440894201,0.0,0.0006924958186502974,0.0,0.0006924958186502974,-0.026414900227592308,0.6924958186502974,0.6924958186502974,0.0,0.0,2.9979225125440476,0.5242276742782245,44,0.009467553468932926,44,3.122612375010725,0.0688765556349396,0.06892428541439254,2.9999999999999982,False,False,True,True,False,0,0,0.0020774874559527715,4.7729779452970134e-05,2.8950513274017067
1999-04,13.310504901844594,13.143058744153631,-0.012100764996707734,0.0,0.00047923545599919,0.0,0.00047923545599919,-0.012580000452706923,0.47923545599919,0.47923545599919,0.0,0.0,2.998562293632003,0.35149394818363144,44,0.006378865886214948,44,3.050871112082773,0.0666005903102385,0.06663252297777213,3.0000000000000004,False,False,True,True,False,0,0,0.0014377063679971418,3.193266753361955e-05,3.122612375010725
1999-05,13.143058744153631,13.104839575502165,-0.002285639318420413,0.0,0.00062229629957008,0.0,0.00062229629957008,-0.0029079356179904934,0.62229629957008,0.62229629957008,0.0,0.0,2.9981331111012883,0.485150007939057,45,0.008178876821518988,45,2.9570125681175394,0.06328174087684876,0.06332114539131031,2.9999999999999987,False,False,True,True,False,0,0,0.0018668888987116803,3.940451446158206e-05,3.0508711120827727
1999-06,13.104839575502165,13.159532021304658,0.005279326181889869,0.0,0.0011058721317742692,0.0,0.0011058721317742692,0.004173454050115599,1.1058721317742692,1.1058721317742692,0.0,0.0,2.996682383604676,-0.26798133334421664,45,0.014492276877920388,45,2.998013510902484,0.059431801685246755,0.05949759842124831,2.9999999999999987,False,False,True,True,False,0,0,0.003317616395324135,6.579673600158083e-05,2.9570125681175394
1999-07,13.159532021304658,13.161675432233254,0.0017893972044862555,0.0,0.0016265182415318362,0.0,0.0016265182415318362,0.0001628789629544193,1.6265182415318362,1.6265182415318362,0.0,0.0,2.9951204452754023,-0.8546157881364355,45,0.021404218882674343,45,2.973610121726778,0.0690379258253192,0.06915040021267434,2.999999999999998,False,False,True,True,False,0,0,0.004879554724596776,0.0001124743873551702,2.998013510902485
1999-08,13.161675432233254,12.990274831192195,-0.01211792788856088,0.0,0.0009047759399573468,0.0,0.0009047759399573468,-0.013022703828518226,0.9047759399573467,0.9047759399573467,0.0,0.0,2.9972856721801264,-0.7355633353013876,45,0.011908367260612361,45,3.053465481374785,0.06916676382272878,0.06922940091901797,2.9999999999999982,False,False,True,True,False,0,0,0.0027143278198735465,6.263709628922405e-05,2.9736101217267774
1999-09,12.990274831192195,12.907229775000628,-0.005643196308328708,0.0,0.0007496673739822501,0.0,0.0007496673739822501,-0.006392863682310958,0.74966737398225,0.74966737398225,0.0,0.0,2.9977509978780517,-1.0874707677749766,45,0.00973838522000757,45,3.0442182417434314,0.0765136869216295,0.07657108976941991,2.9999999999999987,False,False,True,True,False,0,0,0.0022490021219478684,5.740284779042887e-05,3.0534654813747855
1999-10,12.907229775000628,13.178270079575793,0.021397816459268998,0.0,0.0003987090365337969,0.0,0.0003987090365337969,0.0209991074227352,0.3987090365337969,0.3987090365337969,0.0,0.0,2.998803872890398,-1.0068474510762637,45,0.005146229147910837,45,2.9222330421417206,0.08227787681577592,0.08231069483360946,2.999999999999999,False,False,True,True,False,0,0,0.0011961271096021624,3.281801783355758e-05,3.044218241743432
1999-11,13.178270079575793,13.630401496370224,0.034659209211253886,0.0,0.0003503496975029715,0.0,0.0003503496975029715,0.034308859513750914,0.3503496975029715,0.3503496975029715,0.0,0.0,2.9989489509074914,-0.9833062588782358,45,0.004617002935991839,45,2.8969338996788134,0.08431128109803865,0.08434082988227505,3.0,False,False,True,True,False,0,0,0.001051049092509096,2.9548784236409196e-05,2.922233042141721
1999-12,13.630401496370224,14.401657712961983,0.05697893947115906,0.0,0.0003954106002636854,0.0,0.0003954106002636854,0.05658352887089538,0.3954106002636854,0.3954106002636854,0.0,0.0,2.998813768199208,-1.1081344213593227,45,0.005389605237514786,45,2.842563987856888,0.08784145448425024,0.08787620166589985,2.999999999999999,False,False,True,True,False,0,0,0.0011862318007925029,3.4747181649648365e-05,2.896933899678814
2000-01,14.401657712961983,14.40264277431907,0.00030961687093060235,0.0,0.0002412177062844803,0.0,0.0002412177062844803,6.839916464612206e-05,0.24121770628448028,0.24121770628448028,0.0,0.0,2.999276346881145,-1.0593074194267196,45,0.003473934840214884,45,2.9897762085801265,0.0878429841641462,0.08786417855976296,2.9999999999999987,False,False,True,True,False,0,0,0.0007236531188548005,2.119439561679556e-05,2.8425639878568876
2000-02,14.40264277431907,14.775496164582202,0.02603374603700969,0.0,0.00014590058353796832,0.0,0.00014590058353796832,0.02588784545347172,0.1459005835379683,0.1459005835379683,0.0,0.0,2.9995622982493857,-1.0374050135791373,45,0.0021013539852620554,45,2.9456438314428173,0.08509328743147618,0.08510570440341104,2.9999999999999996,False,False,True,True,False,0,0,0.00043770175061474265,1.2416971934891555e-05,2.989776208580127
2000-03,14.775496164582202,14.35814537476983,-0.02770278002238724,0.0,0.0005433638067986044,0.0,0.0005433638067986044,-0.028246143829185846,0.5433638067986044,0.5433638067986044,0.0,0.0,2.998369908579602,-1.0028076241766986,45,0.008028469843325564,45,3.1383580293670184,0.07649931181436467,0.07654090136990882,2.999999999999998,False,False,True,True,False,0,0,0.0016300914203979146,4.1589555544204136e-05,2.945643831442817
2000-04,14.35814537476983,14.671685419924895,0.022452511820553425,0.0,0.0006154265305535304,0.0,0.0006154265305535304,0.021837085289999895,0.6154265305535305,0.6154265305535305,0.0,0.0,2.998153720408339,-1.0667533352505427,45,0.008836383593177816,45,2.872190069158437,0.07880236598140697,0.07885089291286339,2.9999999999999996,False,False,True,True,False,0,0,0.0018462795916614379,4.852693145643327e-05,3.138358029367018
2000-05,14.671685419924895,14.738266320388318,0.005152330571470288,0.0,0.0006142765880471431,0.0,0.0006142765880471431,0.004538053983423145,0.614276588047143,0.614276588047143,0.0,0.0,2.998157170235856,-1.568891053898523,45,0.00901247286065248,45,2.9872719981144127,0.06800416175334521,0.06804596079397213,2.9999999999999973,False,False,True,True,False,0,0,0.0018428297641443978,4.1799040626977854e-05,2.872190069158437
2000-06,14.738266320388318,14.935565279324482,0.013570757092155937,0.0,0.0001839071976586065,0.0,0.0001839071976586065,0.01338684989449733,0.1839071976586065,0.1839071976586065,0.0,0.0,2.9994482784070233,-1.4897821883967568,45,0.0027104732573288376,45,2.9727910697631614,0.06530811798732841,0.06532013082953997,2.999999999999999,False,False,True,True,False,0,0,0.0005517215929771412,1.2012842211582867e-05,2.9872719981144114
2000-07,14.935565279324482,15.265733683006639,0.022956446915010358,0.0,0.0008502596025546818,0.0,0.0008502596025546818,0.022106187312455675,0.8502596025546818,0.8502596025546818,0.0,0.0,2.9974492211923343,-1.0115032143613674,45,0.01269910779832794,45,2.9072189652782123,0.05718222346869545,0.05723088457787048,2.9999999999999982,False,False,True,True,False,0,0,0.0025507788076657364,4.866110917506521e-05,2.9727910697631614
2000-08,15.265733683006639,15.86254656095381,0.04039824778088568,0.0,0.001303312002494274,0.0,0.001303312002494274,0.039094935778391404,1.303312002494274,1.303312002494274,0.0,0.0,2.9960900639925176,-0.17600644250962544,45,0.01989601393594367,45,2.9058578865918525,0.05641524479321149,0.05648886741211701,3.0000000000000004,False,False,True,True,False,0,0,0.00390993600748233,7.362261890551082e-05,2.9072189652782123
2000-09,15.86254656095381,15.613672846933788,-0.014738906740730296,0.0,0.0009504854425293978,0.0,0.0009504854425293978,-0.015689392183259696,0.9504854425293978,0.9504854425293978,0.0,0.0,2.997148543672412,-0.20916995482084788,45,0.01507711958763136,45,3.022844293586513,0.06154540316398641,0.06160395682815378,3.0000000000000004,False,False,True,True,False,0,0,0.002851456327587874,5.8553664167362655e-05,2.905857886591852
2000-10,15.613672846933788,16.069298945207468,0.03023174294359917,0.0,0.0010505180812405317,0.0,0.0010505180812405317,0.029181224862358638,1.0505180812405317,1.0505180812405317,0.0,0.0,2.996848445756279,-0.03567052744531815,46,0.016402445640278273,46,2.8791447262592693,0.05749113231376342,0.05755159130102932,3.000000000000001,False,False,True,True,False,0,0,0.003151554243721034,6.0458987265886376e-05,3.0228442935865134
2000-11,16.069298945207468,16.373627812160407,0.020010229563199686,0.0,0.0010717016292412034,0.0,0.0010717016292412034,0.018938527933958484,1.0717016292412034,1.0717016292412034,0.0,0.0,2.9967848951122757,0.8108795001579328,47,0.017221493860342794,47,2.9616186326133183,0.05700991153804106,0.05707107470178151,2.999999999999999,False,False,True,True,False,0,0,0.0032151048877242083,6.116316374045721e-05,2.879144726259269
2000-12,16.373627812160407,16.321366141936597,-0.0025520260824983716,0.0,0.0006397937648414498,0.0,0.0006397937648414498,-0.0031918198473398214,0.6397937648414498,0.6397937648414498,0.0,0.0,2.9980806187054743,0.43425232315285045,48,0.010475744982054778,48,3.0490535367551774,0.06671577481171843,0.06675848647511547,2.9999999999999987,False,False,True,True,False,0,0,0.001919381294525702,4.2711663397061715e-05,2.9616186326133187
2001-01,16.321366141936597,16.163013116009317,-0.009370060551220258,0.0,0.00033213132108896785,0.0,0.00033213132108896785,-0.009702191872309225,0.33213132108896787,0.33213132108896787,0.0,0.0,2.9990036060367316,0.5392830923998471,48,0.005420836898698152,48,3.017342960346958,0.07021552204231069,0.07023885056454046,2.9999999999999987,False,False,True,True,False,0,0,0.0009963939632680174,2.332852222979801e-05,3.0490535367551783
2001-02,16.163013116009317,16.71528455138533,0.03465455587488309,0.0,0.00048571424788494444,0.0,0.00048571424788494444,0.034168841626998146,0.48571424788494444,0.48571424788494444,0.0,0.0,2.998542857256345,0.4335872485964397,48,0.007850605759196957,48,2.869143557824971,0.0621071082548,0.06213728922149983,2.9999999999999996,False,False,True,True,False,0,0,0.001457142743655342,3.0180966699840747e-05,3.0173429603469595
2001-03,16.71528455138533,17.45996624376507,0.044909133176088294,0.0,0.0003581899904980429,0.0,0.0003581899904980429,0.044550943185590254,0.35818999049804284,0.35818999049804284,0.0,0.0,2.998925430028504,0.4622648730451218,48,0.0059872476146327945,48,2.797462193848478,0.06782604638252775,0.0678503496986416,2.9999999999999982,False,False,True,True,False,0,0,0.0010745699714948646,2.4303316113861478e-05,2.8691435578249718
2001-04,17.45996624376507,16.338966482793495,-0.0637646834386469,0.0,0.0004393216161670504,0.0,0.0004393216161670504,-0.06420400505481395,0.4393216161670504,0.4393216161670504,0.0,0.0,2.9986820351514973,0.21807370049902933,48,0.007670540588433014,48,3.2454067764340477,0.07966529549870159,0.0797003095675098,2.9999999999999982,False,False,True,True,False,0,0,0.0013179648485026653,3.501406880825256e-05,2.7974621938484785
2001-05,16.338966482793495,16.62510420303982,0.018413886842461088,0.0,0.0009012907705089019,0.0,0.0009012907705089019,0.017512596071952186,0.9012907705089019,0.9012907705089019,0.0,0.0,2.997296127688473,0.12077594926942943,49,0.014726159690596072,49,2.932999905602414,0.07284242501689189,0.0729081364473669,3.0,False,False,True,True,False,0,0,0.0027038723115265194,6.571143047501073e-05,3.2454067764340477
2001-06,16.62510420303982,16.860405248963055,0.014390085149931115,0.0,0.0002367274897603196,0.0,0.0002367274897603196,0.014153357660170795,0.2367274897603196,0.2367274897603196,0.0,0.0,2.9992898175307166,0.27159203509055047,49,0.003935619184989356,49,2.934758021457417,0.06638384532097291,0.0663995639230616,2.9999999999999973,False,False,True,True,False,0,0,0.0007101824692830241,1.5718602088731737e-05,2.932999905602414
2001-07,16.860405248963055,16.50984350115233,-0.020331493279062883,0.0,0.00046051869421314724,0.0,0.00046051869421314724,-0.020792011973276032,0.46051869421314723,0.46051869421314723,0.0,0.0,2.9986184439173598,-0.11178607228999629,49,0.00776453180915696,49,3.092103692730187,0.0722970263905146,0.07233033586233792,2.999999999999999,False,False,True,True,False,0,0,0.001381556082639868,3.3309471823332204e-05,2.934758021457416
2001-08,16.50984350115233,16.94302203865488,0.027313875281880964,0.0,0.0010762832979036895,0.0,0.0010762832979036895,0.026237591983977276,1.0762832979036894,1.0762832979036894,0.0,0.0,2.996771150106287,0.4968621253094914,49,0.017769268811294023,49,2.90381542159075,0.07939967026326217,0.07948521887676945,2.999999999999998,False,False,True,True,False,0,0,0.003228849893713661,8.554861350735442e-05,3.0921036927301864
2001-09,16.94302203865488,18.140971203616935,0.0716581516207293,0.0,0.0009535770631930354,0.0,0.0009535770631930354,0.07070457455753627,0.9535770631930354,0.9535770631930354,0.0,0.0,2.9971392688104195,0.8193092718600932,49,0.016156477197235397,49,2.7350130444655463,0.07916989729814063,0.07924546395493014,2.9999999999999982,False,False,True,True,False,0,0,0.0028607311895809673,7.556665678956127e-05,2.90381542159075
2001-10,18.140971203616935,18.582172393754583,0.025025078228754057,0.0,0.0007043742716428273,0.0,0.0007043742716428273,0.02432070395711123,0.7043742716428273,0.7043742716428273,0.0,0.0,2.9978868771850715,0.6118616417178182,49,0.012778033378441182,49,2.951865079687969,0.09530289071775519,0.095370066939192,3.0,False,False,True,True,False,0,0,0.0021131228149285104,6.717622143682146e-05,2.735013044465546
2001-11,18.582172393754583,17.55207419080803,-0.0552100847017626,0.0,0.000224671855159936,0.0,0.000224671855159936,-0.05543475655692254,0.22467185515993598,0.22467185515993598,0.0,0.0,2.99932598443452,0.5937695990031002,49,0.004174891144606591,49,3.203729496519257,0.09438332812183517,0.09440453816456013,2.9999999999999996,False,False,True,True,False,0,0,0.0006740155654805617,2.1210042724970692e-05,2.951865079687969
2001-12,17.55207419080803,17.388574720053896,-0.008528539974136135,0.0,0.0007865682561926034,0.0,0.0007865682561926034,-0.009315108230328738,0.7865682561926034,0.7865682561926034,0.0,0.0,2.9976402952314216,0.6937859100300734,49,0.013805904388827075,49,3.004288363292768,0.08670123905973984,0.08676948918553923,2.9999999999999996,False,False,True,True,False,0,0,0.0023597047685788262,6.825012579942145e-05,3.2037294965192573
2002-01,17.388574720053896,17.78502665225626,0.02408532115642733,0.0,0.0012857565811233889,0.0,0.0012857565811233889,0.02279956457530394,1.2857565811233889,1.2857565811233889,0.0,0.0,2.9961427302566297,-0.5365757358437866,49,0.022357474382665086,49,2.911886524450891,0.08230207553212987,0.08240803220187086,3.0,False,False,True,True,False,0,0,0.0038572697433698483,0.00010595666974097535,3.0042883632927677
2002-02,17.78502665225626,17.956640882406354,0.01153745763963103,0.0,0.0018880917148222489,0.0,0.0018880917148222489,0.009649365924808782,1.888091714822249,1.888091714822249,0.0,0.0,2.9943357248555325,0.6642203363798256,53,0.03357976147001792,53,2.9789368081619076,0.07090576324302812,0.07103989307656786,2.999999999999999,False,False,True,True,False,0,0,0.005664275144467602,0.00013412983353974634,2.911886524450892
2002-03,17.956640882406354,17.04942045842413,-0.05001005749499318,0.0,0.0005127785924124523,0.0,0.0005127785924124523,-0.05052283608740563,0.5127785924124523,0.5127785924124523,0.0,0.0,2.9984616642227633,0.6355714387567142,53,0.009207781036136226,53,3.166420212080192,0.05892692066129096,0.0589571526270277,3.000000000000001,False,False,True,True,False,0,0,0.001538335777237154,3.0231965736729202e-05,2.9789368081619076
2002-04,17.04942045842413,17.266561297919992,0.014980899685744469,0.0,0.0022449336729777176,0.0,0.0022449336729777176,0.01273596601276675,2.2449336729777176,2.2449336729777176,0.0,0.0,2.993265198981066,-0.24441192233610853,53,0.038274818091871526,53,2.953394641826338,0.04165764836964354,0.041751377442757996,2.999999999999999,False,False,True,True,False,0,0,0.006734801018934492,9.372907311446869e-05,3.166420212080191
2002-05,17.266561297919992,17.637045196419603,0.023582000851095533,0.0,0.0021252734745657214,0.0,0.0021252734745657214,0.021456727376529813,2.1252734745657214,2.1252734745657214,0.0,0.0,2.993624179576302,1.3573082520876827,53,0.036696164723432435,53,2.959068215620489,0.07202990041974895,0.07218330969314615,2.999999999999999,False,False,True,True,False,0,0,0.006375820423698179,0.00015340927339722895,2.9533946418263386
2002-06,17.637045196419603,18.278913763395515,0.036784951524633736,0.0,0.0003917484780023811,0.0,0.0003917484780023811,0.03639320304663136,0.3917484780023811,0.3917484780023811,0.0,0.0,2.998824754565992,1.5452116311566457,53,0.006909285612156586,53,2.9101809503626077,0.07423247534451795,0.07426156720044279,2.999999999999999,False,False,True,True,False,0,0,0.0011752454340080883,2.9091855924869263e-05,2.959068215620489
2002-07,18.278913763395515,18.87913331905817,0.033492300055089914,0.0,0.0006555810119361476,0.0,0.0006555810119361476,0.032836719043153766,0.6555810119361476,0.6555810119361476,0.0,0.0,2.9980332569641908,1.6707544295929475,53,0.011983308782100409,53,2.9136166894882662,0.07481451565179506,0.07486359480303321,2.999999999999999,False,False,True,True,False,0,0,0.001966743035809299,4.907915123817102e-05,2.910180950362607
2002-08,18.87913331905817,19.587605723544907,0.0383012238828774,0.0,0.0007744798044537022,0.0,0.0007744798044537022,0.0375267440784237,0.7744798044537022,0.7744798044537022,0.0,0.0,2.997676560586636,1.5981540330744022,53,0.014621507481199546,53,2.9100413311726463,0.07557386950002094,0.07563244530146837,2.999999999999997,False,False,True,True,False,0,0,0.002323439413364029,5.857580144751048e-05,2.913616689488266
2002-09,19.587605723544907,20.932750850516634,0.06937703361703716,0.0,0.0007037538932771055,0.0,0.0007037538932771055,0.06867327972376006,0.7037538932771055,0.7037538932771055,0.0,0.0,2.997888738320168,1.6515355874050195,53,0.013784853787921644,53,2.814098394903196,0.07859108110456901,0.07864642883505403,2.999999999999999,False,False,True,True,False,0,0,0.002111261679831733,5.534773048502159e-05,2.9100413311726467
2002-10,20.932750850516634,20.469030670904043,-0.021547790053213,0.0,0.0006050642431035654,0.0,0.0006050642431035654,-0.022152854296316565,0.6050642431035653,0.6050642431035653,0.0,0.0,2.998184807270689,1.958492451243757,53,0.012665659049443362,53,3.083656555421542,0.07434241126648228,0.07438742043472404,3.0,False,False,True,True,False,0,0,0.001815192729310404,4.500916824175632e-05,2.814098394903196
2002-11,20.469030670904043,19.818534607042633,-0.03134879316509365,0.0,0.0004307314406350933,0.0,0.0004307314406350933,-0.03177952460572874,0.4307314406350933,0.4307314406350933,0.0,0.0,2.998707805678093,2.0011281829605876,53,0.00881665506928241,53,3.105357872069589,0.07395591093788534,0.07398777980086836,2.9999999999999982,False,False,True,True,False,0,0,0.0012921943219073783,3.1868862983070936e-05,3.0836565554215416
2002-12,19.818534607042633,20.99645526988669,0.05976517483821056,0.0,0.00032986914081171574,0.0,0.00032986914081171574,0.05943530569739885,0.32986914081171576,0.32986914081171576,0.0,0.0,2.9990103925775653,2.051069088909222,53,0.006537522982972408,53,2.844313352360378,0.07502371409559497,0.07504847027000217,3.0000000000000004,False,False,True,True,False,0,0,0.00098960742243476,2.4756174407188546e-05,3.10535787206959
2003-01,20.99645526988669,21.856574289865843,0.041449498766126275,0.0,0.0004845354462109609,0.0,0.0004845354462109609,0.04096496331991532,0.4845354462109609,0.4845354462109609,0.0,0.0,2.9985463936613668,1.9282020370628548,53,0.01017352682304303,53,2.9030436814867793,0.07724862053743539,0.07728606837706237,2.9999999999999996,False,False,True,True,False,0,0,0.001453606338633227,3.7447839626980114e-05,2.844313352360378
2003-02,21.856574289865843,22.420828219529113,0.026085163881568674,0.0,0.000268953061884153,0.0,0.000268953061884153,0.02581621081968452,0.268953061884153,0.268953061884153,0.0,0.0,2.999193140814346,2.0538602830946084,53,0.005878392577557876,53,2.9252495259722435,0.08123886701634421,0.0812607223364275,2.9999999999999982,False,False,True,True,False,0,0,0.0008068591856541111,2.1855320083343033e-05,2.9030436814867797
2003-03,22.420828219529113,21.951915592236887,-0.020671425174483844,0.0,0.00024272762580340417,0.0,0.00024272762580340417,-0.020914152800287248,0.24272762580340415,0.24272762580340415,0.0,0.0,2.9992718171225876,1.8842332248329288,53,0.005442154402272267,53,3.035134597398001,0.08164838694532599,0.08166821007606136,2.999999999999998,False,False,True,True,False,0,0,0.0007281828774123545,1.982313073543562e-05,2.9252495259722435
2003-04,21.951915592236887,21.644227878215204,-0.013473513351233228,0.0,0.0005429269329345895,0.0,0.0005429269329345895,-0.014016440284167818,0.5429269329345895,0.5429269329345895,0.0,0.0,2.9983712192011938,1.924432707868562,53,0.011918286204532166,53,3.0815638171273294,0.0837996353011062,0.08384515709508926,2.9999999999999973,False,False,True,True,False,0,0,0.0016287807988052856,4.552179398309918e-05,3.0351345973980015
2003-05,21.644227878215204,22.239831075288613,0.02782526043408977,0.0,0.00030738359299066086,0.0,0.00030738359299066086,0.027517876841099107,0.30738359299066087,0.30738359299066087,0.0,0.0,2.9990778492210257,2.14172822278448,53,0.006653080532714417,53,2.986010312950289,0.0832103943969119,0.08323597977144014,2.999999999999998,False,False,True,True,False,0,0,0.0009221507789743061,2.558537452830747e-05,3.0815638171273294
2003-06,22.239831075288613,21.70978365995598,-0.02337968000203495,0.0,0.0004535682604298214,0.0,0.0004535682604298214,-0.02383324826246477,0.45356826042982135,0.45356826042982135,0.0,0.0,2.9986392952187098,2.212386479738722,53,0.01008728149307174,53,3.069831428093968,0.07700018360090348,0.07703512428821889,2.999999999999999,False,False,True,True,False,0,0,0.0013607047812901792,3.4940687315422324e-05,2.986010312950289
2003-07,21.70978365995598,20.777675497760367,-0.04234973893462558,0.0,0.0005851966131156076,0.0,0.0005851966131156076,-0.04293493554774119,0.5851966131156076,0.5851966131156076,0.0,0.0,2.998244410160652,2.127234401833456,53,0.0127044918692788,53,3.117879206128114,0.057744721667107285,0.05777853346920425,2.9999999999999987,False,False,True,True,False,0,0,0.0017555898393481432,3.3811802096992156e-05,3.069831428093967
2003-08,20.777675497760367,20.939934345790476,0.00839467091720104,0.0,0.000585383105020093,0.0,0.000585383105020093,0.007809287812180947,0.5853831050200929,0.5853831050200929,0.0,0.0,2.9982438506849385,2.366748140046028,53,0.012162900197978868,53,3.020546180256413,0.05629828316828791,0.056331258535319007,2.9999999999999987,False,False,True,True,False,0,0,0.0017561493150619074,3.297536703112662e-05,3.1178792061281144
2003-09,20.939934345790476,22.17215936273642,0.06016253910162919,0.0,0.0013168428068052345,0.0,0.0013168428068052345,0.05884569629482396,1.3168428068052345,1.3168428068052345,0.0,0.0,2.9960494715795822,1.9217556129593811,53,0.027574601918228064,53,2.8758509873843248,0.06291140629079765,0.06299435996058105,2.999999999999998,False,False,True,True,False,0,0,0.0039505284204173095,8.295366978342384e-05,3.020546180256414
2003-10,22.17215936273642,22.950458701201597,0.03575309089773283,0.0,0.0006505406349368341,0.0,0.0006505406349368341,0.03510255026279599,0.6505406349368341,0.6505406349368341,0.0,0.0,2.9980483780951883,1.760108225415343,53,0.014423890629755222,53,2.9230985406780396,0.06988333339649361,0.0699288249386696,2.9999999999999987,False,False,True,True,False,0,0,0.0019516219048112274,4.549154217600644e-05,2.8758509873843243
2003-11,22.950458701201597,23.42759390305569,0.021150357707520176,0.0,0.00036056835881688996,0.0,0.00036056835881688996,0.020789789348703284,0.36056835881689,0.36056835881689,0.0,0.0,2.998918294923547,1.5381015785283019,53,0.008275209227987072,53,2.95199047424395,0.06866794579990051,0.06869271421912919,2.999999999999998,False,False,True,True,False,0,0,0.0010817050764523797,2.4768419228709026e-05,2.923098540678039
2003-12,23.42759390305569,24.227881773231147,0.03438568363152051,0.0,0.00022562974433612998,0.0,0.00022562974433612998,0.03416005388718438,0.22562974433612998,0.22562974433612998,0.0,0.0,2.999323110766991,1.675053338157019,53,0.005285962022757133,53,2.9350627195402526,0.07187378537869409,0.07189000590234616,2.9999999999999996,False,False,True,True,False,0,0,0.0006768892330084493,1.622052365207051e-05,2.951990474243951
2004-01,24.227881773231147,24.624013280699995,0.016533257161807396,0.0,0.0001830243524940669,0.0,0.0001830243524940669,0.01635023280931333,0.1830243524940669,0.1830243524940669,0.0,0.0,2.9994509269425156,1.699129832947897,53,0.004434292373848436,53,2.9872837736619964,0.07460123767810824,0.0746148940207728,2.999999999999998,False,False,True,True,False,0,0,0.0005490730574848959,1.3656342664631234e-05,2.935062719540253
2004-02,24.624013280699995,25.97229711779245,0.05504966605025615,0.0,0.0002948289031683117,0.0,0.0002948289031683117,0.054754837147087836,0.2948289031683117,0.2948289031683117,0.0,0.0,2.9991155132904943,1.9287062911674202,53,0.00725987082715072,53,2.897600880846549,0.07132274303014889,0.07134377723773978,2.999999999999999,False,False,True,True,False,0,0,0.0008844867095056819,2.103420759090455e-05,2.9872837736619964
2004-03,25.97229711779245,26.793387077216483,0.031876274776396735,0.0,0.0002622070757181312,0.0,0.0002622070757181312,0.0316140677006786,0.2622070757181312,0.2622070757181312,0.0,0.0,2.999213378772845,1.9430569260943868,53,0.006810120076938805,53,2.9458525834912908,0.07570856790642626,0.07572842443514614,2.9999999999999996,False,False,True,True,False,0,0,0.0007866212271556081,1.9856528719913002e-05,2.8976008808465497
2004-04,26.793387077216483,25.62112334123497,-0.04351760349294492,0.0,0.00023437652373371472,0.0,0.00023437652373371472,-0.04375198001667864,0.2343765237337147,0.2343765237337147,0.0,0.0,2.9992968704287986,1.9909841332275915,54,0.006279740922209834,54,3.08023714952498,0.07105862114460319,0.07107527952154086,2.9999999999999996,False,False,True,True,False,0,0,0.0007031295712014943,1.6658376937668645e-05,2.9458525834912908
2004-05,25.62112334123497,25.33666666871842,-0.010698065588306997,0.0,0.00040436222986527234,0.0,0.00040436222986527234,-0.01110242781817227,0.4043622298652723,0.4043622298652723,0.0,0.0,2.9987869133104033,1.6814572327436703,54,0.01036021456591495,54,3.027351814538317,0.07027570020930343,0.07030412854349001,2.999999999999999,False,False,True,True,False,0,0,0.0012130866895958738,2.8428334186581287e-05,3.0802371495249794
2004-06,25.33666666871842,24.891857851989222,-0.01589086019637672,0.0,0.001665072576673308,0.0,0.001665072576673308,-0.017555932773050027,1.6650725766733079,1.6650725766733079,0.0,0.0,2.9950047822699797,0.28858674794045575,54,0.04218738885439569,54,3.039690208354625,0.08240780517327796,0.08254524900372874,2.9999999999999996,False,False,True,True,False,0,0,0.004995217730020698,0.00013744383045080042,3.027351814538318
2004-07,24.891857851989222,24.414471141413678,-0.018959582550446382,0.0,0.00021884572976302357,0.0,0.00021884572976302357,-0.019178428280209405,0.21884572976302355,0.21884572976302355,0.0,0.0,2.999343462810711,0.22542900446113248,54,0.005447476796776029,54,3.043146889056796,0.08395202340500987,0.08397039996846947,3.0000000000000004,False,False,True,True,False,0,0,0.000656537189288783,1.8376563459585364e-05,3.0396902083546244
2004-08,24.414471141413678,24.48361716113841,0.0046940252816990375,0.0,0.0018618517185598996,0.0,0.0018618517185598996,0.002832173563139138,1.8618517185598995,1.8618517185598995,0.0,0.0,2.994414444844318,1.6517769142085064,54,0.04545612505237213,54,3.027968997666516,0.07247506611883305,0.07261025564809653,2.999999999999998,False,False,True,True,False,0,0,0.005585555155681418,0.00013518952926352184,3.0431468890567968
2004-09,24.48361716113841,24.986746399636615,0.02099189380673909,0.0,0.0004422652454496224,0.0,0.0004422652454496224,0.020549628561289467,0.44226524544962237,0.44226524544962237,0.0,0.0,2.9986732042636497,1.8322032007391904,54,0.010828252953265467,54,2.9531480353655555,0.07097424107307705,0.07100564440182673,2.9999999999999987,False,False,True,True,False,0,0,0.001326795736350285,3.14033287497166e-05,3.027968997666516
2004-10,24.986746399636615,25.501948282915716,0.020742530135967063,0.0,0.00012352376198831913,0.0,0.00012352376198831913,0.020619006373978743,0.12352376198831913,0.12352376198831913,0.0,0.0,2.999629428714034,1.8744314615332696,54,0.003086456915131203,54,2.9572561956623464,0.06758334230747141,0.0675916914874831,2.999999999999999,False,False,True,True,False,0,0,0.0003705712859663115,8.349180011717296e-06,2.953148035365555
2004-11,25.501948282915716,26.859386048549982,0.05425739674266725,0.0,0.0010286100407648695,0.0,0.0010286100407648695,0.05322878670190238,1.0286100407648695,1.0286100407648695,0.0,0.0,2.9969141698777038,2.615993501647658,54,0.026231560062873527,54,2.889139662816885,0.0672560314282404,0.06732528289021861,2.9999999999999982,False,False,True,True,False,0,0,0.0030858301222958084,6.925146197824145e-05,2.957256195662346
2004-12,26.859386048549982,26.79354708955262,-0.002268238403654411,0.0,0.00018300746169610716,0.0,0.00018300746169610716,-0.002451245865350518,0.18300746169610715,0.18300746169610715,0.0,0.0,2.9994509776149116,2.5797693662281818,54,0.004915468063460966,54,3.016511015408506,0.07086368223386112,0.07087665319025499,3.0,False,False,True,True,False,0,0,0.0005490223850879265,1.2970956393854298e-05,2.8891396628168846
2005-01,26.79354708955262,26.803034478723227,0.0005321760352606814,0.0,0.00017808371822266311,0.0,0.00017808371822266311,0.0003540923170380183,0.1780837182226631,0.1780837182226631,0.0,0.0,2.999465748845332,2.5778007222675154,54,0.004771494490081544,54,2.9857751571717404,0.06474148728665552,0.06475301874499978,3.0,False,False,True,True,False,0,0,0.0005342511546678162,1.1531458344246854e-05,3.0165110154085055
2005-02,26.803034478723227,26.67370829930578,-0.004235201431136487,0.0,0.0005898559525753337,0.0,0.0005898559525753337,-0.004825057383711821,0.5898559525753337,0.5898559525753337,0.0,0.0,2.9982304321422713,2.039765314936941,54,0.015809929434356804,54,3.0486151597807685,0.06337353753800955,0.06341094085893359,2.9999999999999973,False,False,True,True,False,0,0,0.0017695678577283446,3.740332092409375e-05,2.9857751571717412
2005-03,26.67370829930578,26.51918974062698,-0.005515883887439432,0.0,0.0002770323784560147,0.0,0.0002770323784560147,-0.005792916265895447,0.2770323784560147,0.2770323784560147,0.0,0.0,2.9991689028646293,1.8448759058484618,54,0.007389480852398619,54,3.011792997919703,0.06355565437060932,0.0635732662237575,2.9999999999999973,False,False,True,True,False,0,0,0.000831097135370695,1.7611853148241128e-05,3.0486151597807685
2005-04,26.51918974062698,26.308864960973025,-0.007290763423504662,0.0,0.0006402775212245051,0.0,0.0006402775212245051,-0.007931040944729167,0.6402775212245051,0.6402775212245051,0.0,0.0,2.9980791674363245,1.2681996639670896,54,0.01697964107201097,54,3.0124456219263473,0.05867167499954745,0.058709265222356935,2.9999999999999982,False,False,True,True,False,0,0,0.0019208325636759366,3.759022280953088e-05,3.0117929979197036
2005-05,26.308864960973025,26.4633262760378,0.006689703427167664,0.0,0.0008186285900774476,0.0,0.0008186285900774476,0.005871074837090216,0.8186285900774476,0.8186285900774476,0.0,0.0,2.9975441142297647,1.988180177715375,54,0.02153718902953931,54,2.9943493891548827,0.06156039260127694,0.06161082898734435,2.999999999999997,False,False,True,True,False,0,0,0.002455885770235188,5.0436386067471804e-05,3.0124456219263473
2005-06,26.4633262760378,26.85150419657564,0.01584565767468206,0.0,0.0011771342816371804,0.0,0.0011771342816371804,0.014668523393044879,1.1771342816371804,1.1771342816371804,0.0,0.0,2.9964685971550873,2.2669945529573132,54,0.03115088856567408,54,2.962297075050206,0.06185055255263361,0.06192344476230038,2.9999999999999987,False,False,True,True,False,0,0,0.0035314028449127174,7.289220966679421e-05,2.994349389154882
2005-07,26.85150419657564,26.736472193452773,-0.003636984531341655,0.0,0.0006470213955045731,0.0,0.0006470213955045731,-0.004284005926846228,0.647021395504573,0.647021395504573,0.0,0.0,2.9980589358134857,2.073427091144353,55,0.01737349771666527,55,3.0255030365483933,0.051863255147982824,0.051896833509622486,2.999999999999999,False,False,True,True,False,0,0,0.0019410641865142044,3.357836163967378e-05,2.9622970750502065
2005-08,26.736472193452773,26.919285612718912,0.008041403520742056,0.0,0.0012037991448399022,0.0,0.0012037991448399022,0.006837604375902154,1.2037991448399021,1.2037991448399021,0.0,0.0,2.9963886025654785,1.712793581094265,55,0.032185342362514274,55,2.986053723394358,0.05737340048575445,0.05744254977805469,2.9999999999999982,False,False,True,True,False,0,0,0.0036113974345210343,6.914929230027284e-05,3.025503036548393
2005-09,26.919285612718912,27.037677987320567,0.005003603091671063,0.0,0.0006055527011467288,0.0,0.0006055527011467288,0.004398050390524334,0.6055527011467288,0.6055527011467288,0.0,0.0,2.998183341896558,1.46296373650921,55,0.01630104611572221,55,3.0046217973000093,0.05834560733324526,0.05838096008131804,2.9999999999999982,False,False,True,True,False,0,0,0.0018166581034418285,3.5352748072811985e-05,2.9860537233943574
2005-10,27.037677987320567,26.455504931383526,-0.02069614314106963,0.0,0.00083577451140234,0.0,0.00083577451140234,-0.02153191765247197,0.83577451140234,0.83577451140234,0.0,0.0,2.997492676465791,1.42766188871892,55,0.02259740210930665,55,3.029942301379963,0.05630139613046724,0.05634849076280278,2.9999999999999982,False,False,True,True,False,0,0,0.0025073235342088166,4.709463233557367e-05,3.00462179730001
2005-11,26.455504931383526,27.50318545318284,0.04026948264329777,0.0,0.0006678751700465143,0.0,0.0006678751700465143,0.039601607473251255,0.6678751700465142,0.6678751700465142,0.0,0.0,2.9979963744898597,0.9308201247753902,55,0.017668974854714168,55,2.9102534947056333,0.06131652247233285,0.06135750162416372,2.999999999999999,False,False,True,True,False,0,0,0.002003625510139894,4.097915183087465e-05,3.029942301379963
2005-12,27.50318545318284,28.069629171340953,0.021444336302915555,0.0,0.0008487685959553005,0.0,0.0008487685959553005,0.020595567706960256,0.8487685959553004,0.8487685959553004,0.0,0.0,2.9974536942121337,0.1686847079616474,55,0.023343840101396243,55,2.9722068428882045,0.058567913851013766,0.05861766668566473,2.9999999999999996,False,False,True,True,False,0,0,0.00254630578786587,4.975283465096575e-05,2.910253494705633
2006-01,28.069629171340953,28.754762543923302,0.02475763946671991,0.0,0.0003492880631369965,0.0,0.0003492880631369965,0.024408351403582915,0.3492880631369965,0.3492880631369965,0.06599933390645986,0.0,2.99895213581059,0.05896851685611068,55,0.009804386406231418,55,2.9638028535937044,0.04942370067431951,0.04944096981490577,3.000000000000001,False,False,True,True,False,0,0,0.0010478641894104915,1.7269140586254467e-05,2.972206842888205
2006-02,28.754762543923302,28.615832402593817,-0.004204809235246273,0.0,0.0006267431421126686,0.0,0.0006267431421126686,-0.004831552377358942,0.6267431421126686,0.6267431421126686,0.0,0.0,2.9981197705736595,0.2955820488636399,55,0.01802185022748216,55,2.993487608882877,0.06168427986073992,0.06172296430532915,2.9999999999999973,False,False,True,True,False,0,0,0.001880229426340892,3.868444458929025e-05,2.9638028535937044
2006-03,28.615832402593817,29.17504673526542,0.02050585293019966,0.0,0.0009637223779914027,0.0,0.0009637223779914027,0.019542130552208256,0.9637223779914027,0.9637223779914027,0.0,0.0,2.997108832866025,0.6148649156898095,55,0.02757771805123115,55,2.93370931364793,0.05415813163618386,0.05421037538806465,2.999999999999999,False,False,True,True,False,0,0,0.002891167133975067,5.224375188080865e-05,2.9934876088828775
2006-04,29.17504673526542,29.401925678523547,0.008871532067279874,0.0,0.0010950597511656603,0.0,0.0010950597511656603,0.007776472316114214,1.0950597511656603,1.0950597511656603,0.0,0.0,2.996714820746503,-0.4222013445291164,55,0.03194841941816626,55,3.007106598213192,0.059083102788343174,0.0591478732436994,3.0,False,False,True,True,False,0,0,0.003285179253498227,6.477045535624898e-05,2.9337093136479298
2006-05,29.401925678523547,28.46152400794733,-0.031003511543088634,0.0,0.0009808448850731368,0.0,0.0009808448850731368,-0.03198435642816177,0.9808448850731367,0.9808448850731367,0.0,0.0,2.997057465344778,-1.0391370186534614,55,0.02883872841308034,55,3.0732328871446666,0.06845799227110902,0.06852520486780218,2.9999999999999973,False,False,True,True,False,0,0,0.0029425346552223244,6.721259669323809e-05,3.007106598213192
2006-06,28.46152400794733,28.516941178301195,0.002549880610848554,0.0,0.0006027898528697954,0.0,0.0006027898528697954,0.0019470907579787586,0.6027898528697954,0.6027898528697954,0.0,0.0,2.9981916304413896,-0.7402836034459329,55,0.01715631786920072,55,2.989316674369728,0.06577998125439224,0.06581965667555564,2.9999999999999987,False,False,True,True,False,0,0,0.0018083695586099922,3.967542116341263e-05,3.073232887144666
2006-07,28.516941178301195,28.031818228047726,-0.0163559795565417,0.0,0.0006557661008993707,0.0,0.0006557661008993707,-0.017011745657441072,0.6557661008993707,0.6557661008993707,0.0,0.0,2.9980327016973,-0.6685315061005501,55,0.01870044332607128,55,3.0599584918807947,0.0680457936346986,0.06809044504035122,2.9999999999999982,False,False,True,True,False,0,0,0.0019672983027003363,4.46514056526646e-05,2.989316674369728
2006-08,28.031818228047726,28.091126537511414,0.0025990893245475396,0.0,0.000483339679583534,0.0,0.000483339679583534,0.0021157496449640055,0.48333967958353397,0.48333967958353397,0.0,0.0,2.9985499809612484,-0.5332414757004644,55,0.013548890040488456,55,3.0050706191677516,0.06077075826150275,0.06080014538429143,2.999999999999999,False,False,True,True,False,0,0,0.0014500190387521303,2.93871227887064e-05,3.059958491880795
2006-09,28.091126537511414,28.10148455466266,0.0005931997296358803,0.0,0.00022447058175291496,0.0,0.00022447058175291496,0.00036872914788296535,0.22447058175291495,0.22447058175291495,0.0,0.0,2.99932658825474,-0.6821130125621617,55,0.006305631515969935,55,2.9853703298796312,0.059944975340862905,0.05995843424547898,2.9999999999999987,False,False,True,True,False,0,0,0.0006734117452600157,1.34589046161022e-05,3.0050706191677516
2006-10,28.10148455466266,28.455030644483518,0.013282765448602157,0.0,0.0007017187379508878,0.0,0.0007017187379508878,0.012581046710651269,0.7017187379508878,0.7017187379508878,0.0,0.0,2.997894843786146,-0.5399233921241676,55,0.01971933827624425,55,2.9981102763703738,0.054468515706600384,0.054506764124331496,2.9999999999999987,False,False,True,True,False,0,0,0.0021051562138536106,3.8248417731130106e-05,2.985370329879632
2006-11,28.455030644483518,28.84210399056793,0.01442325210659221,0.0,0.0008202674210194407,0.0,0.0008202674210194407,0.013602984685572769,0.8202674210194407,0.8202674210194407,0.0,0.0,2.997539197736941,0.05209807377086434,55,0.02334073460177965,55,2.9890317094396504,0.05555909767765718,0.0556047084084199,2.9999999999999996,False,False,True,True,False,0,0,0.002460802263058729,4.561073076272101e-05,2.9981102763703738
2006-12,28.84210399056793,29.126293197771115,0.01049552560697779,0.0,0.0006422497399980528,0.0,0.0006422497399980528,0.009853275866979736,0.6422497399980528,0.6422497399980528,0.0,0.0,2.998073250780005,0.13630644680710036,55,0.018523833788939053,55,2.953367820940041,0.05791672211287266,0.05795394301770764,2.999999999999999,False,False,True,True,False,0,0,0.0019267492199954057,3.7220904835010296e-05,2.9890317094396512
2007-01,29.126293197771115,29.41548831767954,0.010937185438706833,0.0,0.0010081801257151276,0.0,0.0010081801257151276,0.009929005312991707,1.0081801257151275,1.0081801257151275,0.0,0.0,2.996975459622855,-0.46222096213196173,55,0.02936454993774455,55,2.9535960643430084,0.06123271876147694,0.0612945146729856,3.0000000000000004,False,False,True,True,False,0,0,0.0030245403771447348,6.17959115086447e-05,2.9533678209400405
2007-02,29.41548831767954,28.937569811388634,-0.015790400217187656,0.0,0.00045677205918283857,0.0,0.00045677205918283857,-0.016247172276370493,0.4567720591828386,0.4567720591828386,0.0,0.0,2.99862968382245,-0.7196953216456036,55,0.013436173170735215,55,3.068704989227293,0.058687651884770084,0.05871447101459925,2.9999999999999982,False,False,True,True,False,0,0,0.0013703161775504681,2.6819129829207357e-05,2.9535960643430084
2007-03,28.937569811388634,29.20449065321963,0.010046664780468294,0.0,0.0008226406633516891,0.0,0.0008226406633516891,0.009224024117116605,0.8226406633516892,0.8226406633516892,0.0,0.0,2.997532078009944,0.006083067958061836,55,0.02380522162542656,55,2.971889139721004,0.054394424999708514,0.05443920890663581,2.999999999999999,False,False,True,True,False,0,0,0.0024679219900560967,4.478390692731485e-05,3.0687049892272933
2007-04,29.20449065321963,30.384331848452348,0.04141815684926278,0.0,0.00101884945361573,0.0,0.00101884945361573,0.04039930739564705,1.01884945361573,1.01884945361573,0.0,0.0,2.9969434516391518,0.8741561995311181,55,0.029754979345158517,55,2.9052937838717114,0.05396700449096802,0.05402204482181794,2.999999999999999,False,False,True,True,False,0,0,0.0030565483608482446,5.504033084993283e-05,2.9718891397210045
2007-05,30.384331848452348,31.231807164748222,0.028749565860199958,0.0,0.0008577128972052687,0.0,0.0008577128972052687,0.02789185296299469,0.8577128972052687,0.8577128972052687,0.0,0.0,2.9974268613083823,0.26249005731008535,55,0.02606103329938238,55,2.925301610870879,0.04852965079284477,0.04857131103275173,2.9999999999999982,False,False,True,True,False,0,0,0.002573138691618143,4.166023990699715e-05,2.905293783871712
2007-06,31.231807164748222,31.28281798190472,0.0018684553247995269,0.0,0.00023515831808413514,0.0,0.00023515831808413514,0.0016332970067153918,0.23515831808413512,0.23515831808413512,0.0,0.0,2.9992945250457472,0.25181269964068254,55,0.0073444192435902335,55,2.9892955806379424,0.049673783238767345,0.04968546718966489,2.9999999999999996,False,False,True,True,False,0,0,0.0007054749542518652,1.1683950897538214e-05,2.925301610870878
2007-07,31.28281798190472,30.31746722351573,-0.030514483625175566,0.0,0.0003443334720370656,0.0,0.0003443334720370656,-0.03085881709721263,0.34433347203706555,0.34433347203706555,0.0,0.0,2.9989669995838866,0.13977981899672104,55,0.0107717213308128,55,3.100529640070866,0.055126376222541684,0.05514536461740715,2.999999999999998,False,False,True,True,False,0,0,0.0010330004161130182,1.8988394865494918e-05,2.989295580637943
2007-08,30.31746722351573,30.39774005884664,0.0037665141988353196,0.0,0.0011187720659223438,0.0,0.0011187720659223438,0.0026477421329129756,1.118772065922344,1.118772065922344,0.0,0.0,2.9966436838022332,0.5445311789060147,55,0.03391833543918564,55,2.992007477871276,0.05071339702360075,0.05077019730212373,3.0000000000000004,False,False,True,True,False,0,0,0.0033563161977668192,5.680027852297794e-05,3.1005296400708664
2007-09,30.39774005884664,31.651112145857432,0.04174857688304814,0.0,0.0005161666912246515,0.0,0.0005161666912246515,0.041232410191823485,0.5161666912246515,0.5161666912246515,0.0,0.0,2.9984514999263263,0.3372780101539286,55,0.015690300906881914,55,2.947231896559983,0.05060688939555647,0.05063302447626709,3.0000000000000004,False,False,True,True,False,0,0,0.001548500073673703,2.6135080710606777e-05,2.9920074778712755
2007-10,31.651112145857432,32.66456528368185,0.03267316507929992,0.0,0.0006536539431939119,0.0,0.0006536539431939119,0.03201951113610601,0.6536539431939119,0.6536539431939119,0.0,0.0,2.998039038170416,0.5553154983131773,55,0.020688874260612427,55,2.9298306995111405,0.06086440747613703,0.06090421775823184,2.999999999999998,False,False,True,True,False,0,0,0.001960961829583539,3.9810282094845164e-05,2.947231896559983
2007-11,32.66456528368185,31.855582037661105,-0.024486629640292575,0.0,0.0002797567785981093,0.0,0.0002797567785981093,-0.024766386418890684,0.2797567785981093,0.2797567785981093,0.0,0.0,2.999160729664206,0.6362455116422063,55,0.009138133558070471,55,3.0718925412595697,0.0569317916478804,0.056947723159459986,3.000000000000001,False,False,True,True,False,0,0,0.0008392703357938125,1.593151157957807e-05,2.9298306995111414
2007-12,31.855582037661105,32.17128818345404,0.010269809554357153,0.0,0.00035926560574279777,0.0,0.00035926560574279777,0.009910543948614356,0.35926560574279776,0.35926560574279776,0.0,0.0,2.9989222031827705,0.3869439364742847,55,0.011444614977049706,55,2.981119100333027,0.0471995090640711,0.047216472318599684,2.999999999999999,False,False,True,True,False,0,0,0.0010777968172295538,1.6963254528597702e-05,3.0718925412595697
2008-01,32.17128818345404,32.3886896241381,0.007611356400043588,0.0,0.0008537332845391828,0.0,0.0008537332845391828,0.0067576231155044054,0.8537332845391827,0.8537332845391827,0.0,0.0,2.9974388001463823,0.9870651633024984,55,0.027465699528716813,55,2.9793324961339067,0.04832366860538439,0.048364959381013345,3.0,False,False,True,True,False,0,0,0.002561199853617262,4.1290775628952686e-05,2.981119100333027
2008-02,32.3886896241381,35.92267480393567,0.11103890123570435,0.0,0.001927195241775488,0.0,0.001927195241775488,0.10911170599392887,1.9271952417754878,1.9271952417754878,0.0,0.0,2.9942184142746737,1.4350609792035418,55,0.06241932853098207,55,2.772624606493594,0.0724222780488156,0.07256211942009515,3.0000000000000004,False,False,True,True,False,0,0,0.005781585725327606,0.00013984137127957976,2.9793324961339067
2008-03,35.92267480393567,35.23782916911085,-0.0186631143084102,0.0,0.0004013244774728381,0.0,0.0004013244774728381,-0.01906443878588304,0.4013244774728381,0.4013244774728381,0.0,0.0,2.9987960265675793,1.3521915344392843,55,0.01441664869511617,55,3.0000928438336105,0.08378839090054703,0.08382203073323176,2.999999999999998,False,False,True,True,False,0,0,0.0012039734324203709,3.3639832684776946e-05,2.7726246064935944
2008-04,35.23782916911085,33.82336511102761,-0.04004260212142121,0.0,9.78972065891279e-05,0.0,9.78972065891279e-05,-0.04014049932801034,0.0978972065891279,0.0978972065891279,0.0,0.0,2.999706308380232,1.3536631146079363,55,0.0034496850419208423,55,3.1533607496523675,0.08423044116961889,0.08423868790185121,2.999999999999999,False,False,True,True,False,0,0,0.0002936916197678052,8.246732232335746e-06,3.0000928438336105
2008-05,33.82336511102761,32.99555105236486,-0.0242500685448647,0.0,0.00022455294668111123,0.0,0.00022455294668111123,-0.024474621491545813,0.22455294668111123,0.22455294668111123,0.0,0.0,2.999326341159956,1.4197887446320636,55,0.007595136302352342,55,3.068092693404698,0.08232284779287817,0.08234133778291099,2.9999999999999996,False,False,True,True,False,0,0,0.0006736588400446542,1.848999003285298e-05,3.153360749652368
2008-06,32.99555105236486,35.23588009228361,0.06885374494208496,0.0,0.0009558323912904077,0.0,0.0009558323912904077,0.06789791255079455,0.9558323912904078,0.9558323912904078,0.0,0.0,2.9971325028261266,0.5636969441253706,55,0.031538216464326634,55,2.7948774189121783,0.07066487757836608,0.07073248597958186,2.999999999999998,False,False,True,True,False,0,0,0.0028674971738738373,6.760840121583998e-05,3.068092693404698
2008-07,35.23588009228361,34.02028615475329,-0.033966912891567336,0.0,0.0005318404912527997,0.0,0.0005318404912527997,-0.03449875338282014,0.5318404912527998,0.5318404912527998,0.0,0.0,2.9984044785262416,0.3497726543745308,55,0.01873986777800486,55,3.0767599553359233,0.07808230036797122,0.07812384979462454,3.0,False,False,True,True,False,0,0,0.0015955214737593086,4.154942665335753e-05,2.7948774189121783
2008-08,34.02028615475329,33.05412010633384,-0.028070972944773252,0.0,0.00032873080917250277,0.0,0.00032873080917250277,-0.028399703753945755,0.32873080917250275,0.32873080917250275,0.0,0.0,2.999013807572483,0.14071708438921174,55,0.011183516195932143,55,3.05278495987738,0.0750980747458653,0.07512276991480668,3.0000000000000004,False,False,True,True,False,0,0,0.000986192427515917,2.469516894133413e-05,3.0767599553359224
2008-09,33.05412010633384,33.3525729181174,0.009595078447522443,0.0,0.0005658617924291942,0.0,0.0005658617924291942,0.009029216655093248,0.5658617924291942,0.5658617924291942,0.0,0.0,2.998302414622713,0.12237736506908195,55,0.018704063650539934,55,2.864922478254378,0.08024094036569372,0.08028637135569669,3.0000000000000004,False,False,True,True,False,0,0,0.0016975853772879818,4.5430990002981887e-05,3.05278495987738
2008-10,33.3525729181174,35.67230199145455,0.07079287103102382,0.0,0.0012411432218312917,0.0,0.0012411432218312917,0.06955172780919253,1.2411432218312917,1.2411432218312917,0.0,0.0,2.9962765703345045,0.7684315381014419,55,0.04139531980795532,55,2.6377832553881326,0.07724202435294059,0.07733801190220292,2.9999999999999982,False,False,True,True,False,0,0,0.00372342966549603,9.598754926238091e-05,2.864922478254378
2008-11,35.67230199145455,38.95394197605948,0.093217294811164,0.0,0.001223232151819428,0.0,0.001223232151819428,0.09199406265934458,1.223232151819428,1.223232151819428,0.0,0.0,2.7394368436915135,0.7131681970025233,55,0.04363550672535942,55,2.5184438201560573,0.09987767678481801,0.09999999999999995,2.742791914947628,False,False,True,False,True,0,0,0.0033550712561158293,0.000122323215181997,2.637783255388132
2008-12,38.95394197605948,40.26238268532925,0.03394884626364477,0.0,0.00035941621125321006,0.0,0.00035941621125321006,0.03358943005239156,0.35941621125321005,0.35941621125321005,0.0,0.0,2.4478101100376937,0.5279720213578923,55,0.014000678238412683,55,2.4104807076399783,0.09996405837887466,0.09999999999999999,2.4486902089951434,False,False,True,False,True,0,0,0.000880098957450481,3.594162112534596e-05,2.518443820156058
2009-01,40.26238268532925,41.231061485097335,0.024312665616057962,0.0,0.00025351324698936697,0.0,0.00025351324698936697,0.024059152369068595,0.25351324698936695,0.25351324698936695,0.0,0.0,2.4287734638215874,0.6050727454180769,55,0.010207047366086287,55,2.3107370450917633,0.09997464867530105,0.09999999999999999,2.429389346202945,False,False,True,False,True,0,0,0.0006158823813579122,2.5351324698962486e-05,2.410480707639978
2009-02,41.231061485097335,42.85256359620203,0.039575989013120386,0.0,0.0002487911991428676,0.0,0.0002487911991428676,0.03932719781397752,0.24879119914286763,0.24879119914286763,0.0,0.0,2.393379495464879,0.4915425875652498,55,0.01025792522881067,55,2.257901474627488,0.09997512088008566,0.09999999999999995,2.3939750953995813,False,False,True,False,True,0,0,0.0005955999347042919,2.4879119914356978e-05,2.3107370450917637
2009-03,42.85256359620203,41.50774405893483,-0.031206518306720867,0.0,0.00017595742890553066,0.0,0.00017595742890553066,-0.0313824757356264,0.17595742890553065,0.17595742890553065,0.0,0.0,2.2116601961743405,0.3631531346584174,55,0.007540226912398451,55,2.3414800398754965,0.09998240425710946,0.1,2.2120494227033713,False,False,True,False,True,0,0,0.0003892265290308117,1.759574289055229e-05,2.2579014746274884
2009-04,41.50774405893483,39.02156346152821,-0.059545951681261436,0.0,0.00035083755104703927,0.0,0.00035083755104703927,-0.05989678923230848,0.3508375510470393,0.3508375510470393,0.0,0.0,2.4589750782294892,0.4254008974724693,55,0.01456247527512399,55,2.654182786629005,0.09996491624489527,0.09999999999999998,2.4598380817980794,False,False,True,False,True,0,0,0.0008630035685908786,3.5083755104726504e-05,2.3414800398754965
2009-05,39.02156346152821,36.17465005399472,-0.07245755170932822,0.0,0.0004998891256680217,0.0,0.0004998891256680217,-0.07295744083499624,0.4998891256680217,0.4998891256680217,0.0,0.0,2.278916500210511,0.4799806789210026,55,0.01950645524098256,55,2.5306103417633583,0.09995001108743316,0.09999999999999996,2.280056275548569,False,False,True,False,True,0,0,0.0011397753380592741,4.9988912566865976e-05,2.654182786629004
2009-06,36.17465005399472,36.926261418100125,0.02108148665256099,0.0,0.00030419197290161256,0.0,0.00030419197290161256,0.02077729467965938,0.30419197290161254,0.30419197290161254,0.0,0.0,2.31691509123999,0.5926939804116884,55,0.011004038168950079,55,2.247904958334749,0.09996958080270979,0.09999999999999995,2.3176200926684154,False,False,True,False,True,0,0,0.0007050014284269053,3.041919729023294e-05,2.5306103417633583
2009-07,36.926261418100125,35.8238212975174,-0.02973522817229585,0.0,0.0001199501816748425,0.0,0.0001199501816748425,-0.029855178353970693,0.1199501816748425,0.1199501816748425,0.0,0.0,2.213622985873862,0.515417101390337,55,0.004429311765673838,55,2.3230360181433984,0.09998800498183245,0.09999999999999994,2.213888542206708,False,False,True,False,True,0,0,0.0002655563328466323,1.1995018167532855e-05,2.2479049583347495
2009-08,35.8238212975174,36.35962194772394,0.015059232066418671,0.0,0.00010268553396744319,0.0,0.00010268553396744319,0.014956546532451228,0.10268553396744319,0.10268553396744319,0.0,0.0,2.268016205476336,0.5714074096868309,55,0.0036785882186898375,55,2.2442464941307727,0.09998973144660325,0.09999999999999999,2.2682491218485845,False,False,True,False,True,0,0,0.00023291637224816253,1.0268553396740298e-05,2.3230360181433976
2009-09,36.35962194772394,36.55328590529584,0.006112962253532698,0.0,0.0007866154105885606,0.0,0.0007866154105885606,0.005326346842944137,0.7866154105885605,0.7866154105885605,0.0,0.0,2.7340806239370092,1.0397773944870072,55,0.028601038947253705,55,2.7492876534592594,0.0999213384589411,0.09999999999999996,2.7362329869715216,False,False,True,False,True,0,0,0.0021523630345133896,7.866154105888801e-05,2.2442464941307723
2009-10,36.55328590529584,35.85296011639276,-0.018519049271906632,0.0,0.0006399885972884432,0.0,0.0006399885972884432,-0.019159037869195074,0.6399885972884432,0.6399885972884432,0.0,0.0,2.998080034208133,1.5505596738423608,55,0.023393686172813705,55,3.0777889493576835,0.07444274024362858,0.07449041325872147,2.9999999999999982,False,False,True,True,False,0,0,0.001919965791866974,4.7673015092926226e-05,2.7492876534592594
2009-11,35.85296011639276,37.48144844923281,0.046385067114759426,0.0,0.0009637594304472539,0.0,0.0009637594304472539,0.04542130768431217,0.9637594304472539,0.9637594304472539,0.0,0.0,2.9971087217086563,2.421391324086922,55,0.034553628421622795,55,2.925309891981101,0.08794139115477871,0.0880262272614286,2.999999999999998,False,False,True,True,False,0,0,0.002891278291343665,8.483610664995297e-05,3.077788949357684
2009-12,37.48144844923281,37.22176347327289,-0.006708046819553436,0.0,0.00022031338807440348,0.0,0.00022031338807440348,-0.006928360207627839,0.22031338807440348,0.22031338807440348,0.0,0.0,2.8527713173017317,2.4386162386663623,55,0.008257664897786576,55,2.859451648558683,0.09997796866119249,0.09999999999999992,2.8533999595143436,False,False,True,False,True,0,0,0.0006286422126141351,2.2031338807515615e-05,2.925309891981101
2010-01,37.22176347327289,35.942244168551284,-0.03311499369685287,0.0,0.001260575468223366,0.0,0.001260575468223366,-0.03437556916507623,1.260575468223366,1.260575468223366,0.0,0.0,2.9962182735953293,1.4655592758560625,55,0.04692084191842035,55,3.080601799835748,0.09648822600331025,0.09661001021216852,2.999999999999999,False,False,True,True,False,0,0,0.0037817264046706676,0.00012178420885828605,2.8594516485586836
2010-02,35.942244168551284,36.47192801836155,0.015870995197627445,0.0,0.0011339117999878156,0.0,0.0011339117999878156,0.01473708339763963,1.1339117999878157,1.1339117999878157,0.0,0.0,2.9965982646000366,2.414097775300868,55,0.040755334780763555,55,2.9779268877628775,0.09711317796068947,0.09722342074470706,3.0,False,False,True,True,False,0,0,0.0034017353999633657,0.00011024278401760127,3.0806017998357484
2010-03,36.47192801836155,37.42307936478733,0.02641689715371158,0.0,0.00033789891849575785,0.0,0.00033789891849575785,0.02607899823521582,0.33789891849575787,0.33789891849575787,0.0,0.0,2.8218205009797703,2.4484276226822006,55,0.012323825032859498,55,2.76731728618184,0.09996621010815039,0.09999999999999996,2.822774313367415,False,False,True,False,True,0,0,0.0009538123876454609,3.3789891849613045e-05,2.977926887762877
2010-04,37.42307936478733,37.56069075718394,0.004606622792983133,0.0,0.0009294429688639385,0.0,0.0009294429688639385,0.003677179824119194,0.9294429688639384,0.9294429688639384,0.0,0.0,2.997211671093407,2.06320461260859,55,0.03478261798883873,55,3.009358746923458,0.09809764640394082,0.09818890739353818,2.999999999999999,False,False,True,True,False,0,0,0.002788328906593354,9.126098959740712e-05,2.7673172861818403
2010-05,37.56069075718394,36.10046144601643,-0.038132942092307984,0.0,0.0007435876447875196,0.0,0.0007435876447875196,-0.0388765297370955,0.7435876447875196,0.7435876447875196,0.0,0.0,2.96742053729399,2.725608852473872,55,0.027929665576726763,55,3.0357158242488147,0.09992564123552121,0.09999999999999996,2.9696287165171986,False,False,True,False,True,0,0,0.0022081792232094954,7.435876447878771e-05,3.009358746923457
2010-06,36.10046144601643,35.723734869978514,-0.009762428725255918,0.0,0.0006730771089635199,0.0,0.0006730771089635199,-0.010435505834219438,0.6730771089635198,0.6730771089635198,0.0,0.0,2.997980768673109,2.170676325517622,55,0.02429839422233375,55,3.0451536588820796,0.0735779800633813,0.07362753707317461,2.999999999999999,False,False,True,True,False,0,0,0.002019231326890825,4.9557009793320845e-05,3.035715824248815
2010-07,35.723734869978514,36.07948633821101,0.010398071444767948,0.0,0.0004396650931559163,0.0,0.0004396650931559163,0.009958406351612032,0.4396650931559163,0.4396650931559163,0.0,0.0,2.9986810047205297,2.2176440202940224,55,0.01570647921948636,55,3.042271774569744,0.07135407609621022,0.07138546179191894,2.9999999999999973,False,False,True,True,False,0,0,0.0013189952794698829,3.138569570877283e-05,3.04515365888208
2010-08,36.07948633821101,36.79439759573549,0.020237495223975978,0.0,0.0004225995565913934,0.0,0.0004225995565913934,0.019814895667384584,0.42259955659139337,0.42259955659139337,0.0,0.0,2.998732201330226,2.5504375315164274,55,0.015247174928573208,55,2.9441790244594266,0.09808430375116144,0.09812577165875462,3.0000000000000004,False,False,True,True,False,0,0,0.0012677986697742782,4.1467907593179574e-05,3.0422717745697434
2010-09,36.79439759573549,38.17533255726938,0.03783781831113764,0.0,0.00030669803825293597,0.0,0.00030669803825293597,0.0375311202728847,0.30669803825293596,0.30669803825293596,0.0,0.0,2.99907990588524,2.4413807673434453,55,0.011284769561310618,55,2.9647743692270536,0.08434137535457367,0.08436725062483309,2.9999999999999987,False,False,True,True,False,0,0,0.0009200941147594014,2.587527025944528e-05,2.944179024459427
2010-10,38.17533255726938,39.34971103823037,0.031050109139834765,0.0,0.00028735208462821226,0.0,0.00028735208462821226,0.030762757055206553,0.28735208462821227,0.28735208462821227,0.0,0.0,2.999137943746113,2.5941494843759756,55,0.010969761391706617,55,2.9515386417199863,0.09824014081759606,0.09826837844099412,2.999999999999998,False,False,True,True,False,0,0,0.0008620562538875012,2.8237623398146687e-05,2.964774369227053
2010-11,39.34971103823037,39.18226816010419,-0.004019940661262093,0.0,0.00023530985286488362,0.0,0.00023530985286488362,-0.004255250514126977,0.23530985286488362,0.23530985286488362,0.0,0.0,2.999294070441405,2.4591289650891217,55,0.009259374714681674,55,2.998076572091224,0.09316072586993501,0.09318265266622347,2.9999999999999996,False,False,True,True,False,0,0,0.0007059295585953116,2.1926796288471887e-05,2.9515386417199867
2010-12,39.18226816010419,40.929287622196384,0.04474793586198686,0.0,0.00016094424236868187,0.0,0.00016094424236868187,0.044586991619618176,0.16094424236868188,0.16094424236868188,0.0,0.0,2.9995171672728924,2.456332823437129,55,0.006306160463314495,55,2.936963261883362,0.09286484815298308,0.09287979662148169,2.9999999999999982,False,False,True,True,False,0,0,0.0004828327271066933,1.4948468498621059e-05,2.9980765720912235
2011-01,40.929287622196384,41.02738324479738,0.0027664514625860325,0.0,0.0003697417151191634,0.0,0.0003697417151191634,0.002396709747466869,0.3697417151191634,0.3697417151191634,0.0,0.0,2.9988907748546407,2.5825533849200233,55,0.015133265004036436,55,3.0106639439301173,0.09940388506823775,0.09944065242561816,2.9999999999999982,False,False,True,True,False,0,0,0.0011092251453588484,3.6767357380462154e-05,2.936963261883362
2011-02,41.02738324479738,41.92223680516098,0.022602758453082752,0.0,0.0007916291635473074,0.0,0.0007916291635473074,0.021811129289535446,0.7916291635473074,0.7916291635473074,0.0,0.0,2.496839216926652,2.3648688282357786,55,0.03247847308061376,55,2.4618382102631577,0.09992083708364527,0.1,2.498817353618154,False,False,True,False,True,0,0,0.0019781366915026834,7.916291635474534e-05,3.0106639439301173
2011-03,41.92223680516098,41.62699057701937,-0.006835245175284113,0.0,0.00020746653673160172,0.0,0.00020746653673160172,-0.007042711712015715,0.2074665367316017,0.2074665367316017,0.0,0.0,2.493397928774863,2.36005750270244,55,0.008697461282008835,55,2.506874885407879,0.09997925334632678,0.09999999999999994,2.4939153327518513,False,False,True,False,True,0,0,0.0005174039769898636,2.074665367324299e-05,2.461838210263158
2011-04,41.62699057701937,43.060058393989586,0.03517611462531075,0.0,0.0007497052907537509,0.0,0.0007497052907537509,0.034426409334557,0.7497052907537508,0.7497052907537508,0.0,0.0,2.445863441949171,1.8007505902674898,55,0.031207975073747955,55,2.394935745152627,0.09992502947092463,0.1,2.4476984944606386,False,False,True,False,True,0,0,0.001835052511466902,7.497052907536843e-05,2.5068748854078784
2011-05,43.060058393989586,42.86595467058223,-0.004360482749194894,0.0,0.00014726133306694657,0.0,0.00014726133306694657,-0.004507744082261841,0.14726133306694655,0.14726133306694655,0.0,0.0,2.474980269292359,1.7822429808350335,55,0.006341081601039468,55,2.478027746737241,0.09998527386669329,0.09999999999999998,2.4753447918662097,False,False,True,False,True,0,0,0.000364522573851429,1.472613330673018e-05,2.3949357451526265
2011-06,42.86595467058223,42.30610051090274,-0.012558295807229398,0.0,0.0005022825464285659,0.0,0.0005022825464285659,-0.013060578353657964,0.5022825464285658,0.5022825464285658,0.0,0.0,2.291531873831591,1.4157340442701043,55,0.021530820867031515,55,2.310790710335169,0.09994977174535713,0.09999999999999999,2.292683448712365,False,False,True,False,True,0,0,0.00115157488077465,5.022825464289345e-05,2.4780277467372414
2011-07,42.30610051090274,42.783021943822824,0.011551338380706327,0.0,0.0002782258234007804,0.0,0.0002782258234007804,0.011273112557305547,0.2782258234007804,0.2782258234007804,0.0,0.0,2.2169428213783546,1.2010191792653144,55,0.01177064964952209,55,2.2230500127817883,0.09997217741765986,0.09999999999999994,2.217559803780702,False,False,True,False,True,0,0,0.0006169824023490224,2.78225823401531e-05,2.3107907103351684
2011-08,42.783021943822824,42.42359546605353,-0.006971232630875051,0.0,0.0014299148673369989,0.0,0.0014299148673369989,-0.00840114749821205,1.4299148673369988,1.4299148673369988,0.0,0.0,2.6234793630727555,2.4996554026454962,55,0.061176079147077324,55,2.6418674562853997,0.09985700851326627,0.09999999999999998,2.6272360870135807,False,False,True,False,True,0,0,0.003756723940825945,0.00014299148673373413,2.2230500127817883
2011-09,42.42359546605353,39.73703397391882,-0.06273881945050895,0.0,0.0005882385845517714,0.0,0.0005882385845517714,-0.06332705803506072,0.5882385845517714,0.5882385845517714,0.0,0.0,2.998235284246345,2.6643718058060193,55,0.024955195748548275,55,3.1017702889272925,0.0956450539518507,0.09570134917803089,3.0000000000000004,False,False,True,True,False,0,0,0.0017647157536551002,5.629522618017345e-05,2.6418674562854
2011-10,39.73703397391882,38.94560415964942,-0.018889389019919576,0.0,0.0010272915956705754,0.0,0.0010272915956705754,-0.01991668061559015,1.0272915956705755,1.0272915956705755,0.0,0.0,2.996918125212988,1.7993324796559804,56,0.04082152103828293,56,3.131892307519997,0.06695702132156055,0.06702587644112097,2.9999999999999996,False,False,True,True,False,0,0,0.003081874787012478,6.885511956043477e-05,3.1017702889272925
2011-11,38.94560415964942,39.44829365121269,0.013667976984738485,0.0,0.0007604999431038242,0.0,0.0007604999431038242,0.012907477041634662,0.7604999431038242,0.7604999431038242,0.0,0.0,2.997718500170686,2.156162972883398,56,0.029618129747557443,56,2.92944398922958,0.05214267108581621,0.05218235576440606,2.9999999999999973,False,False,True,True,False,0,0,0.0022814998293130863,3.968467858988205e-05,3.1318923075199976
2011-12,39.44829365121269,39.7470304997263,0.007878080031933191,0.0,0.0003052087905320048,0.0,0.0003052087905320048,0.0075728712414011865,0.3052087905320048,0.3052087905320048,0.0,0.0,2.999084373628402,1.9872003971125087,56,0.012039965993837987,56,2.9815367015155787,0.05349237079493038,0.053508702121187725,2.999999999999998,False,False,True,True,False,0,0,0.0009156263715972245,1.6331326257367683e-05,2.92944398922958
2012-01,39.7470304997263,39.9558687402341,0.005807521138146596,0.0,0.0005533364133469706,0.0,0.0005533364133469706,0.005254184724799625,0.5533364133469706,0.5533364133469706,0.0,0.0,2.998339990759959,1.5237386991091781,56,0.0219934792979112,56,3.0348434952701355,0.07734967966764815,0.0773925037580976,3.0,False,False,True,True,False,0,0,0.001660009240040873,4.2824090449447427e-05,2.9815367015155787
2012-02,39.9558687402341,39.05301881710503,-0.021968504945512876,0.0,0.0006276730777655135,0.0,0.0006276730777655135,-0.02259617802327839,0.6276730777655134,0.6276730777655134,0.0,0.0,2.9981169807667034,1.5698592257561539,56,0.02507922310697761,56,3.0953714408832917,0.06673553464983814,0.06677744905681296,3.0,False,False,True,True,False,0,0,0.0018830192332969335,4.191440697482917e-05,3.034843495270136
2012-03,39.05301881710503,38.45058124670051,-0.015083331084894607,0.0,0.00034281492512034436,0.0,0.00034281492512034436,-0.015426146010014952,0.34281492512034434,0.34281492512034434,0.0,0.0,2.9989715552246374,1.4915645447511705,56,0.01338795772150926,56,3.026055019374252,0.0695714736311133,0.06959533194962433,2.9999999999999982,False,False,True,True,False,0,0,0.0010284447753630115,2.3858318511081328e-05,3.095371440883291
2012-04,38.45058124670051,38.780434206828815,0.009325405455245617,0.0,0.0007467845493103651,0.0,0.0007467845493103651,0.008578620905935253,0.7467845493103651,0.7467845493103651,0.0,0.0,2.9977596463520695,1.6399467611024654,56,0.028714299987038817,56,2.9764101135044907,0.05545006941072998,0.05549150961272667,3.0000000000000004,False,False,True,True,False,0,0,0.0022403536479308744,4.144020199668826e-05,3.0260550193742524
2012-05,38.780434206828815,41.292178002557065,0.06616319912882013,0.0,0.0013948733712409764,0.0,0.0013948733712409764,0.06476832575757915,1.3948733712409764,1.3948733712409764,0.0,0.0,2.995815379886275,0.5388261381115236,56,0.05409379500026819,56,2.7546602178542043,0.08698913208017357,0.08711064039280925,2.9999999999999982,False,False,True,True,False,0,0,0.004184620113724316,0.00012150831263571948,2.9764101135044907
2012-06,41.292178002557065,39.25801728753109,-0.04875133529062204,0.0,0.0005112808615221055,0.0,0.0005112808615221055,-0.04926261615214415,0.5112808615221055,0.5112808615221055,0.0,0.0,2.9776559621045955,0.5194343163069803,56,0.02111190034327151,56,3.187739210221923,0.09994887191384773,0.09999999999999994,2.9791791593918378,False,False,True,False,True,0,0,0.0015231972872447562,5.112808615228579e-05,2.7546602178542043
2012-07,39.25801728753109,40.50950280751313,0.03306105225830094,0.0,0.0011825824207645954,0.0,0.0011825824207645954,0.03187846983753634,1.1825824207645954,1.1825824207645954,0.0,0.0,2.996452252737705,1.301340753863324,56,0.04642584111830685,56,2.947034034400245,0.07668568325112088,0.07677647776405287,2.999999999999999,False,False,True,True,False,0,0,0.003547747262294879,9.079451293202137e-05,3.187739210221923
2012-08,40.50950280751313,39.99897444303586,-0.012121572608503477,0.0,0.00048110896236434463,0.0,0.00048110896236434463,-0.012602681570867823,0.48110896236434464,0.48110896236434464,0.0,0.0,2.998556673112905,1.3297187961921086,56,0.019489484861618146,56,3.0713126850515993,0.05930298317226664,0.05933152810218737,2.9999999999999982,False,False,True,True,False,0,0,0.001443326887095189,2.8544929920776982e-05,2.947034034400246
2012-09,39.99897444303586,39.59801180846763,-0.009214651735339476,0.0,0.0008096711417196452,0.0,0.0008096711417196452,-0.010024322877059122,0.8096711417196452,0.8096711417196452,0.0,0.0,2.9975709865748392,1.930431346689248,56,0.032386015304907756,56,3.0380835507174435,0.04926049434918396,0.04930041146962582,2.999999999999998,False,False,True,True,False,0,0,0.002429013425160725,3.9917120441890474e-05,3.0713126850515993
2012-10,39.59801180846763,39.17796678005098,-0.009920590462548118,0.0,0.0006871398055364031,0.0,0.0006871398055364031,-0.01060773026808452,0.6871398055364031,0.6871398055364031,0.0,0.0,2.9979385805833894,2.2697121111047203,56,0.027209370133698643,56,3.0143960098007025,0.08118578398754628,0.08124160833049596,2.9999999999999982,False,False,True,True,False,0,0,0.002061419416611041,5.582434294973296e-05,3.0380835507174435
2012-11,39.17796678005098,39.356247073384424,0.004868737933711955,0.0,0.00031821354498286664,0.0,0.00031821354498286664,0.004550524388729088,0.31821354498286664,0.31821354498286664,0.0,0.0,2.9990453593650495,1.9852125453873974,56,0.012466959694301007,56,3.002026184718787,0.05455277903442661,0.05457014399339697,2.999999999999998,False,False,True,True,False,0,0,0.0009546406349504495,1.7364958970399043e-05,3.014396009800702
2012-12,39.356247073384424,39.32211868931971,-0.0004773261178276319,0.0,0.00038983949379881836,0.0,0.00038983949379881836,-0.0008671656116264503,0.3898394937988183,0.3898394937988183,0.0,0.0,2.9988304815186027,2.2112397962614474,56,0.01534261943690941,56,2.996909332395284,0.07102036374660535,0.0710480610867748,2.999999999999999,False,False,True,True,False,0,0,0.0011695184813974024,2.7697340169476838e-05,3.0020261847187877
2013-01,39.32211868931971,39.91667078726997,0.015470803336023633,0.0,0.0003507610349522274,0.0,0.0003507610349522274,0.015120042301071406,0.35076103495222744,0.35076103495222744,0.0,0.0,2.998947716895143,2.4542895639033877,56,0.013792667047980106,56,2.9676058926564486,0.08144935762340394,0.08147793690887987,2.9999999999999996,False,False,True,True,False,0,0,0.0010522831048573964,2.857928547594823e-05,2.9969093323952842
2013-02,39.91667078726997,40.29208522162744,0.009833685546243186,0.0,0.0004287320029433972,0.0,0.0004287320029433972,0.00940495354329979,0.4287320029433972,0.4287320029433972,0.0,0.0,2.9987138039911683,2.420180077054949,56,0.017113554217458447,56,2.9618511725395145,0.07531759556543073,0.07534990047918476,2.9999999999999982,False,False,True,True,False,0,0,0.0012861960088317841,3.230491375406581e-05,2.9676058926564486
2013-03,40.29208522162744,40.86448054200275,0.014977452845853372,0.0,0.0007713049826479549,0.0,0.0007713049826479549,0.014206147863205417,0.7713049826479549,0.7713049826479549,0.0,0.0,2.997686085052055,1.676657196853937,56,0.03107748609271727,56,2.9717577834031075,0.048250215766108835,0.04828746012470243,2.999999999999999,False,False,True,True,False,0,0,0.0023139149479450474,3.724435859361565e-05,2.9618511725395136
2013-04,40.86448054200275,41.88755256195134,0.02531374896137583,0.0,0.0002780209555586682,0.0,0.0002780209555586682,0.025035728005817163,0.2780209555586682,0.2780209555586682,0.0,0.0,2.999165937133323,1.835081806478686,56,0.011361181928696208,56,2.9365163766901796,0.048195027084537226,0.04820843003832246,2.9999999999999987,False,False,True,True,False,0,0,0.0008340628666765829,1.3402953785245714e-05,2.9717577834031075
2013-05,41.88755256195134,41.68614875640162,-0.004657722368487157,0.0,0.0001504794296924119,0.0,0.0001504794296924119,-0.004808201798179569,0.1504794296924119,0.1504794296924119,0.0,0.0,2.999548561710921,1.909302913820888,56,0.006303215020733365,56,2.982821587242803,0.05421436089477027,0.05422252026869678,2.9999999999999982,False,False,True,True,False,0,0,0.00045143828907874203,8.159373926546508e-06,2.9365163766901796
2013-06,41.68614875640162,41.21722411085703,-0.00961403651404084,0.0,0.0016348953142460057,0.0,0.0016348953142460057,-0.011248931828286846,1.6348953142460056,1.6348953142460056,0.0,0.0,2.995095314057262,1.1280519507842008,56,0.06815248927080297,56,2.980875838447524,0.0868711024834728,0.08701336021837061,3.0,False,False,True,True,False,0,0,0.004904685942737913,0.00014225773489781287,2.982821587242803
2013-07,41.21722411085703,42.419265441302244,0.02957933378089681,0.0,0.0004157654820655878,0.0,0.0004157654820655878,0.02916356829883122,0.41576548206558783,0.41576548206558783,0.0,0.0,2.9987527035538037,0.7850344974246678,56,0.017136699051855844,56,2.955662781786991,0.06515387850012491,0.06518097850107292,3.0000000000000004,False,False,True,True,False,0,0,0.0012472964461966475,2.710000094800399e-05,2.980875838447524
2013-08,42.419265441302244,42.00560907681021,-0.007855724407025878,0.0,0.0018958910485607193,0.0,0.0018958910485607193,-0.009751615455586598,1.8958910485607192,1.8958910485607192,0.0,0.0,2.994312326854316,-0.9807179794524047,56,0.080422305636686,56,3.018191715845248,0.06886174873069378,0.06899255109072405,2.999999999999998,False,False,True,True,False,0,0,0.0056876731456841426,0.0001308023600303168,2.9556627817869905
2013-09,42.00560907681021,42.10393473573204,0.002978644078904362,0.0,0.0006378695708610066,0.0,0.0006378695708610066,0.0023407745080433555,0.6378695708610066,0.6378695708610066,0.0,0.0,2.9980863912874147,-1.326838199807525,56,0.02679409983558013,56,3.0248562816786664,0.07881766045154126,0.07886796792839842,2.999999999999998,False,False,True,True,False,0,0,0.0019136087125853594,5.030747685722703e-05,3.0181917158452483
2013-10,42.10393473573204,42.61893646810252,0.014152109171018319,0.0,0.0019204321174859647,0.0,0.0019204321174859647,0.012231677053532354,1.9204321174859647,1.9204321174859647,0.0,0.0,2.9942387036475417,0.297029504232055,56,0.08085774853903274,56,2.979442788059839,0.06280387360906417,0.06292471625514424,2.9999999999999996,False,False,True,True,False,0,0,0.005761296352457758,0.00012084264608006795,3.024856281678667
2013-11,42.61893646810252,43.74841124723216,0.026642127297791987,0.0,0.00014041531877558778,0.0,0.00014041531877558778,0.0265017119790164,0.14041531877558777,0.14041531877558777,0.0,0.0,2.999578754043672,0.30119190386958244,56,0.0059843515500451385,56,2.926107658088753,0.06364699313067985,0.06365593139857914,2.9999999999999987,False,False,True,True,False,0,0,0.00042124595632762364,8.93826789930487e-06,2.979442788059839
2013-12,43.74841124723216,44.67123681434433,0.021755260409270928,0.0,0.0006613385775255879,0.0,0.0006613385775255879,0.02109392183174534,0.6613385775255879,0.6613385775255879,0.0,0.0,2.998015984267422,0.8717064566876664,56,0.02893251206324895,56,2.9281847081790358,0.06607228569131253,0.0661160107598201,2.9999999999999987,False,False,True,True,False,0,0,0.0019840157325781375,4.372506850759552e-05,2.926107658088753
2014-01,44.67123681434433,42.89812578208423,-0.03804683639324787,0.0,0.001645618051862673,0.0,0.001645618051862673,-0.03969245444511055,1.6456180518626728,1.6456180518626728,0.0,0.0,2.9950631458444117,-0.6668520703730286,56,0.07351179370071743,56,3.130086952165825,0.07603775368038196,0.0761630890345829,2.9999999999999996,False,False,True,True,False,0,0,0.004936854155588772,0.0001253353542009532,2.9281847081790358
2014-02,42.89812578208423,43.121593226992275,0.0073472902913643,0.0,0.0021380313590925026,0.0,0.0021380313590925026,0.0052092589322717976,2.1380313590925026,2.1380313590925026,0.0,0.0,2.993585905922722,0.6541697668875712,56,0.09171753816839066,56,3.0512399585313075,0.05047962334312206,0.05058778160658386,2.9999999999999996,False,False,True,True,False,0,0,0.0064140940772777905,0.0001081582634618054,3.1300869521658243
2014-03,43.121593226992275,43.356854565944026,0.005867213265638361,0.0,0.0004114468770141323,0.0,0.0004114468770141323,0.005455766388624228,0.4114468770141323,0.4114468770141323,0.0,0.0,2.998765659368957,0.967971965307196,56,0.01774224486511973,56,2.988999366765131,0.057872669825448024,0.057896491155924205,2.999999999999999,False,False,True,True,False,0,0,0.0012343406310427012,2.3821330476187046e-05,3.0512399585313066
2014-04,43.356854565944026,43.64508564456752,0.0073756229136239535,0.0,0.000727744936564814,0.0,0.000727744936564814,0.006647877977059139,0.727744936564814,0.727744936564814,0.0,0.0,2.997816765190304,0.586274107406131,56,0.0315527313757428,56,2.998546430672484,0.06319149864138089,0.06323751942594404,2.9999999999999982,False,False,True,True,False,0,0,0.0021832348096957298,4.602078456317777e-05,2.98899936676513
2014-05,43.64508564456752,43.98445422656292,0.007946602747940325,0.0,0.0001709602676137113,0.0,0.0001709602676137113,0.007775642480326614,0.1709602676137113,0.1709602676137113,0.0,0.0,2.999487119197157,0.5530738282219072,56,0.007461575521818613,56,2.9845953638576637,0.06435132111792416,0.06436232451814802,2.9999999999999982,False,False,True,True,False,0,0,0.0005128808028436391,1.1003400223916651e-05,2.998546430672484
2014-06,43.98445422656292,44.38240402161296,0.010822452178235114,0.0,0.0017749420511294016,0.0,0.0017749420511294016,0.009047510127105713,1.7749420511294016,1.7749420511294016,0.0,0.0,2.9946751738466104,2.1583734765981575,56,0.07806985740270286,56,2.981510841460765,0.06125493859853963,0.061363855886772505,2.9999999999999987,False,False,True,True,False,0,0,0.005324826153389117,0.00010891728823289601,2.984595363857663
2014-07,44.38240402161296,44.489146886659896,0.002826034747846735,0.0,0.0004209630217871874,0.0,0.0004209630217871874,0.0024050717260595475,0.42096302178718736,0.42096302178718736,0.0,0.0,2.998737110934639,2.424759719251679,56,0.018683350911118012,56,2.9613979606463974,0.07204249755592701,0.07207283755541312,3.0000000000000004,False,False,True,True,False,0,0,0.0012628890653605274,3.033999948607924e-05,2.9815108414607647
2014-08,44.489146886659896,45.5735918970132,0.024719974185114676,0.0,0.0003444784464344132,0.0,0.0003444784464344132,0.024375495738680263,0.3444784464344132,0.3444784464344132,0.0,0.0,2.9989665646606967,2.1766250755590937,56,0.015325552202709012,56,2.946043882610423,0.05452202476225274,0.05454081289674668,2.9999999999999996,False,False,True,True,False,0,0,0.0010334353393038048,1.8788134493951465e-05,2.961397960646398
2014-09,45.5735918970132,46.11222840332996,0.012277307512698187,0.0,0.0004582587193978071,0.0,0.0004582587193978071,0.01181904879330038,0.45825871939780705,0.45825871939780705,0.0,0.0,2.998625223841806,2.0214163906984717,56,0.020884495861083548,56,2.9184509284872706,0.05175782658991255,0.05178155593942577,2.999999999999999,False,False,True,True,False,0,0,0.0013747761581939175,2.37293495132359e-05,2.9460438826104225
2014-10,46.11222840332996,46.312881806990646,0.004733963118187513,0.0,0.00038254895737887987,0.0,0.00038254895737887987,0.0043514141608086325,0.38254895737887984,0.38254895737887984,0.0,0.0,2.9988523531278624,1.7257958476722766,56,0.017640184898110645,56,2.999164494979034,0.0497320165787729,0.04975104879061626,2.999999999999999,False,False,True,True,False,0,0,0.0011476468721376802,1.90322118433734e-05,2.9184509284872715
2014-11,46.312881806990646,48.02077580370824,0.03721570058853213,0.0,0.0003384014423625455,0.0,0.0003384014423625455,0.036877299146169586,0.3384014423625455,0.3384014423625455,0.0,0.0,2.9989847956729103,1.5647601897303711,56,0.01567234600345173,56,2.89406584425038,0.04585401150213344,0.04586953381853813,2.999999999999998,False,False,True,True,False,0,0,0.0010152043270892433,1.5522316404715428e-05,2.9991644949790355
2014-12,48.02077580370824,48.13176945704903,0.005612261085734271,0.0,0.0003382764304492496,0.0029626173047346415,0.0033008937351838913,0.00231136735055038,3.300893735183891,0.3382764304492496,0.0,2.9626173047346414,2.998985170708652,1.5078676443554406,56,0.1585114780091307,56,2.9470744791536028,0.04887674536536863,0.04889328481122751,2.9999999999999996,False,False,True,True,False,0,0,0.0010148292913481141,1.65394458588867e-05,2.8940658442503793
