month,AN,AP,AX,BN,CA,CB,CC,CN,CT,DA,DT,EC,FB,FN,GS,HS,JN,JO,KC,LB,LX,MD,MP,MW,ND,NK,RL,SB,SN,SP,SS,TU,TY,UB,US,UZ,XU,XX,YM,ZA,ZB,ZC,ZD,ZF,ZG,ZI,ZK,ZL,ZM,ZN,ZO,ZP,ZR,ZS,ZT,ZU,ZW,ZZ
1976-01,False,False,False,False,False,False,False,False,False,False,False,False,False,False,False,False,False,False,False,False,False,False,False,False,False,False,False,False,False,False,False,False,False,False,False,False,False,False,False,False,False,True,False,False,False,False,False,True,True,False,False,False,False,True,True,False,True,True
1976-02,False,False,False,False,False,False,False,False,True,False,False,False,False,False,False,False,False,True,False,False,False,False,False,False,False,False,False,False,False,False,False,False,False,False,False,False,False,False,False,False,False,True,False,False,False,True,False,True,True,False,False,True,False,True,True,False,True,True
1976-03,False,False,False,False,False,False,False,False,True,False,False,False,False,False,False,False,False,True,False,False,False,False,False,False,False,False,False,False,False,False,False,False,False,False,False,False,False,False,False,False,False,True,False,False,False,True,False,True,True,False,False,True,False,True,True,False,True,True
1976-04,False,False,False,False,False,False,False,False,True,False,False,False,False,False,False,False,False,True,False,False,False,False,False,False,False,False,False,False,False,False,False,False,False,False,False,False,False,False,False,False,False,True,False,False,False,True,False,True,True,False,False,True,False,True,True,False,True,True
1976-05,False,False,False,False,False,False,False,False,True,False,False,False,False,False,False,False,False,True,False,False,False,False,False,False,False,False,False,False,False,False,False,False,False,False,False,False,False,False,False,False,False,True,False,False,False,True,False,True,True,False,False,True,False,True,True,False,True,True
1976-06,False,False,False,False,False,False,False,False,True,False,False,False,False,False,False,False,False,True,False,False,False,False,False,False,False,False,False,False,False,False,False,False,False,False,False,False,False,False,False,False,False,True,False,False,False,True,False,True,True,False,False,True,False,True,True,False,True,True
1976-07,False,False,False,False,False,False,False,False,True,False,False,False,False,False,False,False,False,True,False,False,False,False,False,False,False,False,False,False,False,False,False,False,False,False,False,False,False,False,False,False,False,True,False,False,False,True,False,True,True,False,False,True,False,True,True,False,True,True
1976-08,False,False,False,False,False,False,False,False,True,False,False,False,False,False,False,False,False,True,False,False,False,False,False,False,False,False,False,False,False,False,False,False,False,False,False,False,False,False,False,False,False,True,False,False,False,True,False,True,True,False,False,True,False,True,True,False,True,True
1976-09,False,False,False,False,False,False,False,False,True,False,False,False,False,False,False,False,False,True,False,False,False,False,False,False,False,False,False,False,False,False,False,False,False,False,False,False,False,False,False,False,False,True,False,False,False,True,False,True,True,False,False,True,False,True,True,False,True,True
1976-10,False,False,False,False,False,False,False,False,True,False,False,False,False,False,False,False,False,True,False,False,False,False,False,False,False,False,False,False,False,False,False,False,False,False,False,False,False,False,False,False,False,True,False,False,False,True,False,True,True,False,False,True,False,True,True,False,True,True
1976-11,False,False,False,False,False,False,False,False,True,False,False,False,False,False,False,False,False,True,False,False,False,False,False,False,False,False,False,False,False,False,False,False,False,False,False,False,False,False,False,False,False,True,False,False,False,True,False,True,True,False,False,True,False,True,True,False,True,True
1976-12,False,False,False,False,False,False,False,False,True,False,False,False,False,False,False,False,False,True,False,False,False,False,False,False,False,False,False,False,False,False,False,False,False,False,False,False,False,False,False,False,False,True,False,False,False,True,False,True,True,False,False,True,False,True,True,False,True,True
1977-01,False,False,False,False,False,False,False,False,True,False,False,False,False,False,False,False,False,True,False,False,False,False,False,False,False,False,False,False,False,False,False,False,False,False,False,False,False,False,False,False,False,True,False,False,False,True,False,True,True,False,False,True,False,True,True,False,True,True
1977-02,False,False,False,False,False,False,False,False,True,False,False,False,False,False,False,False,False,True,True,True,False,False,False,False,False,False,False,False,False,False,False,False,False,False,False,False,False,False,False,False,False,True,False,False,False,True,False,True,True,False,False,True,False,True,True,False,True,True
1977-03,False,False,False,False,False,False,False,False,True,False,False,False,False,False,False,False,False,True,True,True,False,False,False,False,False,False,False,False,False,False,False,False,False,False,False,False,False,False,False,False,False,True,False,False,False,True,False,True,True,False,False,True,False,True,True,False,True,True
1977-04,False,False,False,False,False,False,False,False,True,False,False,False,False,False,False,False,False,True,True,True,False,False,False,False,False,False,False,False,False,False,False,False,False,False,False,False,False,False,False,False,False,True,False,False,False,True,False,True,True,False,False,True,False,True,True,False,True,True
1977-05,False,False,False,False,False,False,False,False,True,False,False,False,False,False,False,False,False,True,True,True,False,False,False,False,False,False,False,False,False,False,False,False,False,False,False,False,False,False,False,False,False,True,False,False,False,True,False,True,True,False,False,True,False,True,True,False,True,True
1977-06,False,False,False,False,False,False,False,False,True,False,False,False,False,False,False,False,False,True,True,True,False,False,False,False,False,False,False,False,False,False,False,False,False,False,False,False,False,False,False,False,False,True,False,False,False,True,False,True,True,False,False,True,False,True,True,False,True,True
1977-07,False,False,False,False,False,False,False,False,True,False,False,False,False,False,False,False,False,True,True,True,False,False,False,False,False,False,False,False,False,False,False,False,False,False,False,False,False,False,False,False,False,True,False,False,False,True,False,True,True,False,False,True,False,True,True,False,True,True
1977-08,False,False,False,False,False,False,False,False,True,False,False,False,False,False,False,False,False,True,True,True,False,False,False,False,False,False,False,False,False,False,False,False,False,False,False,False,False,False,False,False,False,True,False,False,False,True,False,True,True,False,False,True,False,True,True,False,True,True
1977-09,False,False,False,False,False,False,False,False,True,False,False,False,False,False,False,False,False,True,True,True,False,False,False,False,False,False,False,False,False,False,False,False,False,False,False,False,False,False,False,False,False,True,False,False,False,True,False,True,True,False,False,True,False,True,True,False,True,True
1977-10,False,False,False,False,False,False,False,False,True,False,False,False,False,False,False,False,False,True,True,True,False,False,False,False,False,False,False,False,False,False,False,False,False,False,False,False,False,False,False,False,False,True,False,False,False,True,False,True,True,False,False,True,False,True,True,False,True,True
1977-11,False,False,False,False,False,False,False,False,True,False,False,False,False,False,False,False,False,True,True,True,False,False,False,False,False,False,False,False,False,False,False,False,False,False,False,False,False,False,False,False,False,True,False,False,False,True,False,True,True,False,False,True,False,True,True,False,True,True
1977-12,False,False,False,False,False,False,False,False,True,False,False,False,False,False,False,False,False,True,True,True,False,False,False,False,False,False,False,False,False,False,False,False,False,False,False,False,False,False,False,False,False,True,False,False,False,True,False,True,True,False,False,True,False,True,True,False,True,True
1978-01,False,False,False,False,False,False,False,False,True,False,False,False,False,False,False,False,False,True,True,True,False,False,False,False,False,False,False,False,False,False,False,False,False,False,False,False,False,False,False,False,False,True,False,False,False,True,False,True,True,False,False,True,False,True,True,False,True,True
1978-02,False,False,False,False,False,False,False,False,True,False,False,False,False,False,False,False,False,True,True,True,False,False,False,False,False,False,False,True,False,False,False,False,False,False,False,False,False,False,False,False,False,True,False,False,True,True,False,True,True,False,True,True,False,True,True,False,True,True
1978-03,False,False,False,False,False,False,False,False,True,False,False,False,False,True,False,False,False,True,True,True,False,False,False,False,False,False,False,True,False,False,False,False,False,False,False,False,False,False,False,False,False,True,False,False,True,True,False,True,True,False,True,True,False,True,True,False,True,True
1978-04,False,False,False,False,False,False,False,False,True,False,False,False,False,True,False,False,False,True,True,True,False,False,False,False,False,False,False,True,False,False,False,False,False,False,False,False,False,False,False,False,False,True,False,False,True,True,False,True,True,False,True,True,False,True,True,False,True,True
1978-05,False,False,False,False,False,False,False,False,True,False,False,False,False,True,False,False,False,True,True,True,False,False,False,False,False,False,False,True,False,False,False,False,False,False,False,False,False,False,False,False,False,True,False,False,True,True,False,True,True,False,True,True,False,True,True,False,True,True
1978-06,False,False,False,False,False,False,False,False,True,False,False,False,False,True,False,False,False,True,True,True,False,False,False,False,False,False,False,True,False,False,False,False,False,False,False,False,False,False,False,False,False,True,False,False,True,True,False,True,True,False,True,True,False,True,True,False,True,True
1978-07,False,False,False,False,False,False,False,False,True,False,False,False,False,True,False,False,False,True,True,True,False,False,False,False,False,False,False,True,False,False,False,False,False,False,False,False,False,False,False,False,False,True,False,False,True,True,False,True,True,False,True,True,False,True,True,False,True,True
1978-08,False,False,False,False,False,False,False,False,True,False,False,False,False,True,False,False,False,True,True,True,False,False,False,False,False,False,False,True,False,False,False,False,False,False,False,False,False,False,False,False,False,True,False,False,True,True,False,True,True,False,True,True,False,True,True,False,True,True
1978-09,False,False,False,False,False,False,False,False,True,False,False,False,False,True,False,False,False,True,True,True,False,False,False,False,False,False,False,True,False,False,False,False,False,False,False,False,False,False,False,False,False,True,False,False,True,True,False,True,True,False,True,True,False,True,True,False,True,True
1978-10,False,False,False,False,False,False,False,False,True,False,False,False,False,True,False,False,False,True,True,True,False,False,False,False,False,False,False,True,False,False,False,False,False,False,False,False,False,False,False,False,False,True,False,False,True,True,False,True,True,False,True,True,False,True,True,False,True,True
1978-11,False,False,False,False,False,False,False,False,True,False,False,False,False,True,False,False,False,True,True,True,False,False,False,False,False,False,False,True,False,False,False,False,False,False,False,False,False,False,False,False,False,True,False,False,True,True,False,True,True,False,True,True,False,True,True,False,True,True
1978-12,False,False,False,False,False,False,False,False,True,False,False,False,False,True,False,False,False,True,True,True,False,False,False,False,False,False,False,True,False,False,False,False,False,False,False,False,False,False,False,False,False,True,False,False,True,True,False,True,True,False,True,True,False,True,True,False,True,True
1979-01,False,False,False,False,False,False,False,False,True,False,False,False,False,True,False,False,False,True,True,True,False,False,False,False,False,False,False,True,False,False,False,False,False,False,False,False,False,False,False,False,False,True,False,False,True,True,False,True,True,False,True,True,False,True,True,False,True,True
1979-02,False,False,False,True,False,False,False,False,True,False,False,False,False,True,False,False,False,True,True,True,False,False,False,False,False,False,False,True,True,False,False,False,False,False,False,False,False,False,False,False,False,True,False,False,True,True,False,True,True,False,True,True,False,True,True,False,True,True
1979-03,False,False,False,True,False,False,False,False,True,False,False,False,False,True,False,False,False,True,True,True,False,False,False,False,False,False,False,True,True,False,False,False,False,False,False,False,False,False,False,False,False,True,False,False,True,True,False,True,True,False,True,True,False,True,True,False,True,True
1979-04,False,False,False,True,False,False,False,False,True,False,False,False,False,True,False,False,False,True,True,True,False,False,False,False,False,False,False,True,True,False,False,False,False,False,False,False,False,False,False,False,False,True,False,False,True,True,False,True,True,False,True,True,False,True,True,False,True,True
1979-05,False,False,False,True,False,False,False,False,True,False,False,False,False,True,False,False,False,True,True,True,False,False,False,False,False,False,False,True,True,False,False,False,False,False,False,False,False,False,False,False,False,True,False,False,True,True,False,True,True,False,True,True,False,True,True,False,True,True
1979-06,False,False,False,True,False,False,False,False,True,False,False,False,False,True,False,False,False,True,True,True,False,False,False,False,False,False,False,True,True,False,False,False,False,False,False,False,False,False,False,False,False,True,False,False,True,True,False,True,True,False,True,True,False,True,True,False,True,True
1979-07,False,False,False,True,False,False,False,False,True,False,False,False,False,True,False,False,False,True,True,True,False,False,False,False,False,False,False,True,True,False,False,False,False,False,False,False,False,False,False,False,False,True,False,False,True,True,False,True,True,False,True,True,False,True,True,False,True,True
1979-08,False,False,False,True,False,False,False,False,True,False,False,False,False,True,False,False,False,True,True,True,False,False,False,False,False,False,False,True,True,False,False,False,False,False,False,False,False,False,False,False,False,True,False,False,True,True,False,True,True,False,True,True,False,True,True,False,True,True
1979-09,False,False,False,True,False,False,False,False,True,False,False,False,False,True,False,False,False,True,True,True,False,False,False,False,False,False,False,True,True,False,False,False,False,False,False,False,False,False,False,False,False,True,False,False,True,True,False,True,True,False,True,True,False,True,True,False,True,True
1979-10,False,False,False,True,False,False,False,False,True,False,False,False,False,True,False,False,False,True,True,True,False,False,False,False,False,False,False,True,True,False,False,False,False,False,False,False,False,False,False,False,False,True,False,False,True,True,False,True,True,False,True,True,False,True,True,False,True,True
1979-11,False,False,False,True,False,False,False,False,True,False,False,False,False,True,False,False,False,True,True,True,False,False,False,False,False,False,False,True,True,False,False,False,False,False,False,False,False,False,False,False,False,True,False,False,True,True,False,True,True,False,True,True,False,True,True,False,True,True
1979-12,False,False,False,True,False,False,False,False,True,False,False,False,False,True,False,False,False,True,True,True,False,False,False,False,False,False,False,True,True,False,False,False,False,False,False,False,False,False,False,False,False,True,False,False,True,True,False,True,True,False,True,True,False,True,True,False,True,True
1980-01,False,False,False,True,False,False,False,False,True,False,False,False,False,True,False,False,False,True,True,True,False,False,False,False,False,False,False,True,True,False,False,False,False,False,False,False,False,False,False,False,False,True,False,False,True,True,False,True,True,False,True,True,False,True,True,False,True,True
1980-02,False,False,False,True,False,False,False,False,True,False,False,False,False,True,False,False,False,True,True,True,False,False,False,False,False,False,False,True,True,False,False,False,False,False,False,False,False,False,False,False,False,True,False,False,True,True,False,True,True,False,True,True,False,True,True,False,True,True
1980-03,False,False,False,True,False,False,False,False,True,False,False,False,False,True,False,False,False,True,True,True,False,False,False,False,False,False,False,True,True,False,False,False,False,False,False,False,False,False,False,False,False,True,False,False,True,True,False,True,True,False,True,True,False,True,True,False,True,True
1980-04,False,False,False,True,False,False,False,False,True,False,False,False,False,True,False,False,False,True,True,True,False,False,False,False,False,False,False,True,True,False,False,False,False,False,False,False,False,False,False,False,False,True,False,False,True,True,False,True,True,False,True,True,False,True,True,False,True,True
1980-05,False,False,False,True,False,False,False,False,True,False,False,False,False,True,False,False,False,True,True,True,False,False,False,False,False,False,False,True,True,False,False,False,False,False,False,False,False,False,False,False,False,True,False,False,True,True,False,True,True,False,True,True,False,True,True,False,True,True
1980-06,False,False,False,True,False,False,False,False,True,False,False,False,False,True,False,False,False,True,True,True,False,False,False,False,False,False,False,True,True,False,False,False,False,False,False,False,False,False,False,False,False,True,False,False,True,True,False,True,True,False,True,True,False,True,True,False,True,True
1980-07,False,False,False,True,False,False,False,False,True,False,False,False,False,True,False,False,False,True,True,True,False,False,False,False,False,False,False,True,True,False,False,False,False,False,False,False,False,False,False,False,False,True,False,False,True,True,False,True,True,False,True,True,False,True,True,False,True,True
1980-08,False,False,False,True,False,False,False,False,True,False,False,False,False,True,False,False,False,True,True,True,False,False,False,False,False,False,False,True,True,False,False,False,False,False,False,False,False,False,False,False,False,True,False,False,True,True,False,True,True,False,True,True,False,True,True,False,True,True
1980-09,False,False,False,True,False,False,False,False,True,False,False,False,False,True,False,False,False,True,True,True,False,False,False,False,False,False,False,True,True,False,False,False,False,False,False,False,False,False,False,False,False,True,False,False,True,True,False,True,True,False,True,True,False,True,True,False,True,True
1980-10,False,False,False,True,False,False,False,False,True,False,False,False,False,True,False,False,False,True,True,True,False,False,False,False,False,False,False,True,True,False,False,False,False,False,False,False,False,False,False,False,False,True,False,False,True,True,False,True,True,False,True,True,False,True,True,False,True,True
1980-11,False,False,False,True,False,False,False,False,True,False,False,False,False,True,False,False,False,True,True,True,False,False,False,False,False,False,False,True,True,False,False,False,False,False,False,False,False,False,False,False,False,True,False,False,True,True,False,True,True,False,True,True,False,True,True,False,True,True
1980-12,False,False,False,True,False,False,False,False,True,False,False,False,False,True,False,False,False,True,True,True,False,False,False,False,False,False,False,True,True,False,False,False,False,False,False,False,False,False,False,False,False,True,False,False,True,True,False,True,True,False,True,True,False,True,True,False,True,True
1981-01,False,False,False,True,False,False,False,False,True,False,False,False,False,True,False,False,False,True,True,True,False,False,False,False,False,False,False,True,True,False,False,False,False,False,False,False,False,False,False,False,False,True,False,False,True,True,False,True,True,False,True,True,False,True,True,False,True,True
1981-02,False,False,False,True,False,False,False,True,True,False,False,False,False,True,False,False,True,True,True,True,False,False,False,False,False,False,False,True,True,False,False,False,False,False,True,False,False,False,False,False,False,True,False,True,True,True,False,True,True,False,True,True,False,True,True,False,True,True
1981-03,False,False,False,True,False,False,False,True,True,False,False,False,False,True,False,False,True,True,True,True,False,False,False,False,False,False,False,True,True,False,False,False,False,False,True,False,False,False,False,False,False,True,False,True,True,True,False,True,True,False,True,True,False,True,True,False,True,True
1981-04,False,False,False,True,False,False,False,True,True,False,False,False,False,True,False,False,True,True,True,True,False,False,False,False,False,False,False,True,True,False,False,False,False,False,True,False,False,False,False,False,False,True,False,True,True,True,False,True,True,False,True,True,False,True,True,False,True,True
1981-05,False,False,False,True,False,False,False,True,True,False,False,False,False,True,False,False,True,True,True,True,False,False,False,False,False,False,False,True,True,False,False,False,False,False,True,False,False,False,False,False,False,True,False,True,True,True,False,True,True,False,True,True,False,True,True,False,True,True
1981-06,False,False,False,True,False,False,False,True,True,False,False,False,False,True,False,False,True,True,True,True,False,False,False,False,False,False,False,True,True,False,False,False,False,False,True,False,False,False,False,False,False,True,False,True,True,True,False,True,True,False,True,True,False,True,True,False,True,True
1981-07,False,False,False,True,False,False,False,True,True,False,False,False,False,True,False,False,True,True,True,True,False,False,False,False,False,False,False,True,True,False,False,False,False,False,True,False,False,False,False,False,False,True,False,True,True,True,False,True,True,False,True,True,False,True,True,False,True,True
1981-08,False,False,False,True,False,False,False,True,True,False,False,False,False,True,False,False,True,True,True,True,False,False,False,False,False,False,False,True,True,False,False,False,False,False,True,False,False,False,False,False,False,True,False,True,True,True,False,True,True,False,True,True,False,True,True,False,True,True
1981-09,False,False,False,True,False,False,False,True,True,False,False,False,False,True,False,False,True,True,True,True,False,False,False,False,False,False,False,True,True,False,False,False,False,False,True,False,False,False,False,False,False,True,False,True,True,True,False,True,True,False,True,True,False,True,True,False,True,True
1981-10,False,False,False,True,False,False,False,True,True,False,False,False,False,True,False,False,True,True,True,True,False,False,False,False,False,False,False,True,True,False,False,False,False,False,True,False,False,False,False,False,False,True,False,True,True,True,False,True,True,False,True,True,False,True,True,False,True,True
1981-11,False,False,False,True,False,False,False,True,True,False,False,False,False,True,False,False,True,True,True,True,False,False,False,False,False,False,False,True,True,False,False,False,False,False,True,False,False,False,False,False,False,True,False,True,True,True,False,True,True,False,True,True,False,True,True,False,True,True
1981-12,False,False,False,True,False,False,False,True,True,False,False,False,False,True,False,False,True,True,True,True,False,False,False,False,False,False,False,True,True,False,False,False,False,False,True,False,False,False,False,False,False,True,False,True,True,True,False,True,True,False,True,True,False,True,True,False,True,True
1982-01,False,False,False,True,False,False,False,True,True,False,False,False,False,True,False,False,True,True,True,True,False,False,False,False,False,False,False,True,True,False,False,False,False,False,True,False,False,False,False,False,False,True,False,True,True,True,False,True,True,False,True,True,False,True,True,False,True,True
1982-02,False,False,False,True,False,False,False,True,True,False,False,False,False,True,False,False,True,True,True,True,False,False,False,False,False,False,False,True,True,False,False,False,False,False,True,False,False,False,False,False,False,True,False,True,True,True,False,True,True,False,True,True,False,True,True,False,True,True
1982-03,False,False,False,True,False,False,False,True,True,False,False,False,False,True,False,False,True,True,True,True,False,False,False,False,False,False,False,True,True,False,False,False,False,False,True,False,False,False,False,False,False,True,False,True,True,True,False,True,True,False,True,True,False,True,True,False,True,True
1982-04,False,False,False,True,False,False,False,True,True,False,False,False,False,True,False,False,True,True,True,True,False,False,False,False,False,False,False,True,True,False,False,False,False,False,True,False,False,False,False,False,False,True,False,True,True,True,False,True,True,False,True,True,False,True,True,False,True,True
1982-05,False,False,False,True,False,False,False,True,True,False,False,False,False,True,False,False,True,True,True,True,False,False,False,False,False,False,False,True,True,False,False,False,False,False,True,False,False,False,False,False,False,True,False,True,True,True,False,True,True,False,True,True,False,True,True,False,True,True
1982-06,False,False,False,True,False,False,False,True,True,False,False,False,False,True,False,False,True,True,True,True,False,False,False,False,False,False,False,True,True,False,False,False,False,False,True,False,False,False,False,False,False,True,False,True,True,True,False,True,True,False,True,True,False,True,True,False,True,True
1982-07,False,False,False,True,False,False,False,True,True,False,False,False,False,True,False,False,True,True,True,True,False,False,False,False,False,False,False,True,True,False,False,False,False,False,True,False,False,False,False,False,False,True,False,True,True,True,False,True,True,False,True,True,False,True,True,False,True,True
1982-08,False,False,False,True,False,False,False,True,True,False,False,False,False,True,False,False,True,True,True,True,False,False,False,False,False,False,False,True,True,False,False,False,False,False,True,False,False,False,False,False,False,True,False,True,True,True,False,True,True,False,True,True,False,True,True,False,True,True
1982-09,False,False,False,True,False,False,False,True,True,False,False,False,False,True,False,False,True,True,True,True,False,False,False,False,False,False,False,True,True,False,False,False,False,False,True,False,False,False,False,False,False,True,False,True,True,True,False,True,True,False,True,True,False,True,True,False,True,True
1982-10,False,False,False,True,False,False,False,True,True,False,False,False,False,True,False,False,True,True,True,True,False,False,False,False,False,False,False,True,True,False,False,False,False,False,True,False,False,False,False,False,False,True,False,True,True,True,False,True,True,False,True,True,False,True,True,False,True,True
1982-11,False,False,False,True,False,False,False,True,True,False,False,False,False,True,False,False,True,True,True,True,False,False,False,False,False,False,False,True,True,False,False,False,False,False,True,False,False,False,False,False,False,True,False,True,True,True,False,True,True,False,True,True,False,True,True,False,True,True
1982-12,False,False,False,True,False,False,False,True,True,False,False,False,False,True,False,False,True,True,True,True,False,False,False,False,False,False,False,True,True,False,False,False,False,False,True,False,False,False,False,False,False,True,False,True,True,True,False,True,True,False,True,True,False,True,True,False,True,True
1983-01,False,False,False,True,False,False,False,True,True,False,False,False,False,True,False,False,True,True,True,True,False,False,False,False,False,False,False,True,True,False,False,False,False,False,True,False,False,False,False,False,False,True,False,True,True,True,False,True,True,False,True,True,False,True,True,False,True,True
1983-02,False,False,False,True,False,False,False,True,True,False,False,False,False,True,False,False,True,True,True,True,False,False,False,False,False,False,False,True,True,False,False,False,False,False,True,False,False,False,False,False,False,True,False,True,True,True,False,True,True,False,True,True,False,True,True,False,True,True
1983-03,False,False,False,True,False,False,False,True,True,False,False,False,False,True,False,False,True,True,True,True,False,False,False,False,False,False,False,True,True,False,False,False,False,False,True,False,False,False,False,False,False,True,False,True,True,True,False,True,True,False,True,True,False,True,True,False,True,True
1983-04,False,False,False,True,False,False,False,True,True,False,False,False,False,True,False,False,True,True,True,True,False,False,False,False,False,False,False,True,True,False,False,False,False,False,True,False,False,False,False,False,False,True,False,True,True,True,False,True,True,False,True,True,False,True,True,False,True,True
1983-05,False,False,False,True,False,False,False,True,True,False,False,False,False,True,False,False,True,True,True,True,False,False,False,False,False,False,False,True,True,False,False,False,False,False,True,False,False,False,False,False,False,True,False,True,True,True,False,True,True,False,True,True,False,True,True,False,True,True
1983-06,False,False,False,True,False,False,False,True,True,False,False,False,False,True,False,False,True,True,True,True,False,False,False,False,False,False,False,True,True,False,False,False,False,False,True,False,False,False,False,False,False,True,False,True,True,True,False,True,True,False,True,True,False,True,True,False,True,True
1983-07,False,False,False,True,False,False,False,True,True,False,False,False,False,True,False,False,True,True,True,True,False,False,False,False,False,False,False,True,True,False,False,False,False,False,True,False,False,False,False,False,False,True,False,True,True,True,False,True,True,False,True,True,False,True,True,False,True,True
1983-08,False,False,False,True,False,False,False,True,True,False,False,False,False,True,False,False,True,True,True,True,False,False,False,False,False,False,False,True,True,False,False,False,False,False,True,False,False,False,False,False,False,True,False,True,True,True,False,True,True,False,True,True,False,True,True,False,True,True
1983-09,False,False,False,True,False,False,False,True,True,False,False,False,False,True,False,False,True,True,True,True,False,False,False,False,False,False,False,True,True,False,False,False,False,False,True,False,False,False,False,False,False,True,False,True,True,True,False,True,True,False,True,True,False,True,True,False,True,True
1983-10,False,False,False,True,False,False,False,True,True,False,False,False,False,True,False,False,True,True,True,True,False,False,False,False,False,False,False,True,True,False,False,False,False,False,True,False,False,False,False,False,False,True,False,True,True,True,False,True,True,False,True,True,False,True,True,False,True,True
1983-11,False,False,False,True,False,False,False,True,True,False,False,False,False,True,False,False,True,True,True,True,False,False,False,False,False,False,False,True,True,False,False,False,False,False,True,False,False,False,False,False,False,True,False,True,True,True,False,True,True,False,True,True,False,True,True,False,True,True
1983-12,False,False,False,True,False,False,False,True,True,False,False,False,False,True,False,False,True,True,True,True,False,False,False,False,False,False,False,True,True,False,False,False,False,False,True,False,False,False,False,False,False,True,False,True,True,True,False,True,True,False,True,True,False,True,True,False,True,True
1984-01,False,False,False,True,False,False,False,True,True,False,False,False,False,True,False,False,True,True,True,True,False,False,False,False,False,False,False,True,True,False,False,False,False,False,True,False,False,False,False,False,False,True,False,True,True,True,False,True,True,False,True,True,False,True,True,False,True,True
1984-02,False,False,False,True,False,False,True,True,True,False,False,False,False,True,False,False,True,True,True,True,False,False,False,True,False,False,False,True,True,False,False,False,False,False,True,False,False,False,False,False,False,True,False,True,True,True,False,True,True,False,True,True,False,True,True,False,True,True
1984-03,False,False,False,True,False,False,True,True,True,False,False,False,False,True,False,False,True,True,True,True,False,False,False,True,False,False,False,True,True,False,False,False,False,False,True,False,False,False,False,False,False,True,False,True,True,True,False,True,True,False,True,True,False,True,True,False,True,True
1984-04,False,False,False,True,False,False,True,True,True,False,False,False,False,True,False,False,True,True,True,True,False,False,False,True,False,False,False,True,True,False,False,False,False,False,True,False,False,False,False,False,False,True,False,True,True,True,False,True,True,False,True,True,False,True,True,False,True,True
1984-05,False,False,False,True,False,False,True,True,True,False,False,False,False,True,False,False,True,True,True,True,False,False,False,True,False,False,False,True,True,False,False,False,False,False,True,False,False,False,False,False,False,True,False,True,True,True,False,True,True,False,True,True,False,True,True,False,True,True
1984-06,False,False,False,True,False,False,True,True,True,False,False,False,False,True,False,False,True,True,True,True,False,False,False,True,False,False,False,True,True,False,False,False,False,False,True,False,False,False,False,False,False,True,False,True,True,True,False,True,True,False,True,True,False,True,True,False,True,True
1984-07,False,False,False,True,False,False,True,True,True,False,False,False,False,True,False,False,True,True,True,True,False,False,False,True,False,False,False,True,True,False,False,False,False,False,True,False,False,False,False,False,False,True,False,True,True,True,False,True,True,False,True,True,False,True,True,False,True,True
1984-08,False,False,False,True,False,False,True,True,True,False,False,False,False,True,False,False,True,True,True,True,False,False,False,True,False,False,False,True,True,False,False,False,False,False,True,False,False,False,False,False,False,True,False,True,True,True,False,True,True,False,True,True,False,True,True,False,True,True
1984-09,False,False,False,True,False,False,True,True,True,False,False,False,False,True,False,False,True,True,True,True,False,False,False,True,False,False,False,True,True,False,False,False,False,False,True,False,False,False,False,False,False,True,False,True,True,True,False,True,True,False,True,True,False,True,True,False,True,True
1984-10,False,False,False,True,False,False,True,True,True,False,False,False,False,True,False,False,True,True,True,True,False,False,False,True,False,False,False,True,True,False,False,False,False,False,True,False,False,False,False,False,False,True,False,True,True,True,False,True,True,False,True,True,False,True,True,False,True,True
1984-11,False,False,False,True,False,False,True,True,True,False,False,False,False,True,False,False,True,True,True,True,False,False,False,True,False,False,False,True,True,False,False,False,False,False,True,False,False,False,False,False,False,True,False,True,True,True,False,True,True,False,True,True,False,True,True,False,True,True
1984-12,False,False,False,True,False,False,True,True,True,False,False,False,False,True,False,False,True,True,True,True,False,False,False,True,False,False,False,True,True,False,False,False,False,False,True,False,False,False,False,False,False,True,False,True,True,True,False,True,True,False,True,True,False,True,True,False,True,True
1985-01,False,False,False,True,False,False,True,True,True,False,False,False,False,True,False,False,True,True,True,True,False,False,False,True,False,False,False,True,True,False,False,False,False,False,True,False,False,False,False,False,False,True,False,True,True,True,False,True,True,False,True,True,False,True,True,False,True,True
1985-02,False,False,False,True,False,False,True,True,True,False,False,False,False,True,False,False,True,True,True,True,False,False,False,True,False,False,False,True,True,False,False,False,False,False,True,False,False,False,False,False,False,True,False,True,True,True,False,True,True,False,True,True,False,True,True,False,True,True
1985-03,False,False,False,True,False,False,True,True,True,False,False,False,False,True,False,False,True,True,True,True,False,False,False,True,False,False,False,True,True,False,False,False,False,False,True,False,False,False,False,False,False,True,False,True,True,True,False,True,True,False,True,True,False,True,True,False,True,True
1985-04,False,False,False,True,False,False,True,True,True,False,False,False,False,True,False,False,True,True,True,True,False,False,False,True,False,False,False,True,True,False,False,False,False,False,True,False,False,False,False,False,False,True,False,True,True,True,False,True,True,False,True,True,False,True,True,False,True,True
1985-05,False,False,False,True,False,False,True,True,True,False,False,False,False,True,False,False,True,True,True,True,False,False,False,True,False,False,False,True,True,True,False,False,False,False,True,False,False,False,False,False,False,True,False,True,True,True,False,True,True,False,True,True,False,True,True,False,True,True
1985-06,False,False,False,True,False,False,True,True,True,False,False,False,False,True,False,False,True,True,True,True,False,False,False,True,False,False,False,True,True,True,False,False,False,False,True,False,False,False,False,False,False,True,False,True,True,True,False,True,True,False,True,True,False,True,True,False,True,True
1985-07,False,False,False,True,False,False,True,True,True,False,False,False,False,True,False,False,True,True,True,True,False,False,False,True,False,False,False,True,True,True,False,False,False,False,True,False,False,False,False,False,False,True,False,True,True,True,False,True,True,False,True,True,False,True,True,False,True,True
1985-08,False,False,False,True,False,False,True,True,True,False,False,False,False,True,False,False,True,True,True,True,False,False,False,True,False,False,False,True,True,True,False,False,False,False,True,False,False,False,False,False,False,True,False,True,True,True,False,True,True,False,True,True,False,True,True,False,True,True
1985-09,False,False,False,True,False,False,True,True,True,False,False,False,False,True,False,False,True,True,True,True,False,False,False,True,False,False,False,True,True,True,False,False,False,False,True,False,False,False,False,False,False,True,False,True,True,True,False,True,True,False,True,True,False,True,True,False,True,True
1985-10,False,False,False,True,False,False,True,True,True,False,False,False,False,True,False,False,True,True,True,True,False,False,False,True,False,False,False,True,True,True,False,False,False,False,True,False,False,False,False,False,False,True,False,True,True,True,False,True,True,False,True,True,False,True,True,False,True,True
1985-11,False,False,False,True,False,False,True,True,True,False,False,False,False,True,False,False,True,True,True,True,False,False,False,True,False,False,False,True,True,True,False,False,False,False,True,False,False,False,False,False,False,True,False,True,True,True,False,True,True,False,True,True,False,True,True,False,True,True
1985-12,False,False,False,True,False,False,True,True,True,False,False,False,False,True,False,False,True,True,True,True,False,False,False,True,False,False,False,True,True,True,False,False,False,False,True,False,False,False,False,False,False,True,False,True,True,True,False,True,True,False,True,True,False,True,True,False,True,True
1986-01,False,False,False,True,False,False,True,True,True,False,False,False,False,True,False,False,True,True,True,True,False,False,False,True,False,False,False,True,True,True,False,False,False,False,True,False,False,False,False,False,False,True,False,True,True,True,False,True,True,False,True,True,False,True,True,False,True,True
1986-02,False,False,False,True,False,False,True,True,True,False,False,False,False,True,False,False,True,True,True,True,False,False,False,True,False,False,False,True,True,True,False,False,True,False,True,False,False,False,False,True,False,True,False,True,True,True,False,True,True,False,True,True,False,True,True,False,True,True
1986-03,False,False,False,True,False,False,True,True,True,False,False,False,False,True,False,False,True,True,True,True,False,False,False,True,False,False,False,True,True,True,False,False,True,False,True,False,False,False,False,True,False,True,False,True,True,True,False,True,True,False,True,True,False,True,True,False,True,True
1986-04,False,False,False,True,False,False,True,True,True,False,False,False,False,True,False,False,True,True,True,True,False,False,False,True,False,False,False,True,True,True,False,False,True,False,True,False,False,False,False,True,False,True,False,True,True,True,False,True,True,False,True,True,False,True,True,False,True,True
1986-05,False,False,False,True,False,False,True,True,True,False,False,False,False,True,False,False,True,True,True,True,False,False,False,True,False,False,False,True,True,True,False,False,True,False,True,False,False,False,False,True,False,True,False,True,True,True,False,True,True,False,True,True,False,True,True,False,True,True
1986-06,False,False,False,True,False,False,True,True,True,False,False,False,False,True,False,False,True,True,True,True,False,False,False,True,False,False,False,True,True,True,False,False,True,False,True,False,False,False,False,True,False,True,False,True,True,True,False,True,True,False,True,True,False,True,True,False,True,True
1986-07,False,False,False,True,False,False,True,True,True,False,False,False,False,True,False,False,True,True,True,True,False,False,False,True,False,False,False,True,True,True,False,False,True,False,True,False,False,False,False,True,False,True,False,True,True,True,False,True,True,False,True,True,False,True,True,False,True,True
1986-08,False,False,False,True,False,False,True,True,True,False,False,False,False,True,False,False,True,True,True,True,False,False,False,True,False,False,False,True,True,True,False,False,True,False,True,False,False,False,False,True,False,True,False,True,True,True,False,True,True,False,True,True,False,True,True,False,True,True
1986-09,False,False,False,True,False,False,True,True,True,False,False,False,False,True,False,False,True,True,True,True,False,False,False,True,False,False,False,True,True,True,False,False,True,False,True,False,False,False,False,True,False,True,False,True,True,True,False,True,True,False,True,True,False,True,True,False,True,True
1986-10,False,False,False,True,False,False,True,True,True,False,False,False,False,True,False,False,True,True,True,True,False,False,False,True,False,False,False,True,True,True,False,False,True,False,True,False,False,False,False,True,False,True,False,True,True,True,False,True,True,False,True,True,False,True,True,False,True,True
1986-11,False,False,False,True,False,False,True,True,True,False,False,False,False,True,False,False,True,True,True,True,False,False,False,True,False,False,False,True,True,True,False,False,True,False,True,False,False,False,False,True,False,True,False,True,True,True,False,True,True,False,True,True,False,True,True,False,True,True
1986-12,False,False,False,True,False,False,True,True,True,False,False,False,False,True,False,False,True,True,True,True,False,False,False,True,False,False,False,True,True,True,False,False,True,False,True,False,False,False,False,True,False,True,False,True,True,True,False,True,True,False,True,True,False,True,True,False,True,True
1987-01,False,False,False,True,False,False,True,True,True,False,False,False,False,True,False,False,True,True,True,True,False,False,False,True,False,False,False,True,True,True,False,False,True,False,True,False,False,False,False,True,False,True,False,True,True,True,False,True,True,False,True,True,False,True,True,False,True,True
1987-02,False,False,False,True,False,False,True,True,True,False,False,False,False,True,False,False,True,True,True,True,False,False,False,True,False,False,False,True,True,True,False,False,True,False,True,False,False,False,False,True,False,True,False,True,True,True,False,True,True,False,True,True,False,True,True,True,True,True
1987-03,False,False,False,True,False,False,True,True,True,False,False,False,False,True,False,False,True,True,True,True,False,False,False,True,False,False,False,True,True,True,False,False,True,False,True,False,False,False,False,True,False,True,False,True,True,True,False,True,True,False,True,True,False,True,True,True,True,True
1987-04,False,False,False,True,False,False,True,True,True,False,False,False,False,True,False,False,True,True,True,True,False,False,False,True,False,False,False,True,True,True,False,False,True,False,True,False,False,False,False,True,False,True,False,True,True,True,False,True,True,False,True,True,False,True,True,True,True,True
1987-05,False,False,False,True,False,False,True,True,True,False,False,False,False,True,False,False,True,True,True,True,False,False,False,True,False,False,False,True,True,True,False,False,True,False,True,False,False,False,False,True,False,True,False,True,True,True,False,True,True,False,True,True,False,True,True,True,True,True
1987-06,False,False,False,True,False,False,True,True,True,False,False,False,False,True,False,False,True,True,True,True,False,False,False,True,False,False,False,True,True,True,False,False,True,False,True,False,False,False,False,True,False,True,False,True,True,True,False,True,True,False,True,True,False,True,True,True,True,True
1987-07,False,False,False,True,False,False,True,True,True,False,False,False,False,True,False,False,True,True,True,True,False,False,False,True,False,False,False,True,True,True,False,False,True,False,True,False,False,False,False,True,False,True,False,True,True,True,False,True,True,False,True,True,False,True,True,True,True,True
1987-08,False,False,False,True,False,False,True,True,True,False,False,False,False,True,False,False,True,True,True,True,False,False,False,True,False,False,False,True,True,True,False,False,True,False,True,False,False,False,False,True,False,True,False,True,True,True,False,True,True,False,True,True,False,True,True,True,True,True
1987-09,False,False,False,True,False,False,True,True,True,False,False,False,False,True,False,False,True,True,True,True,False,False,False,True,False,False,False,True,True,True,False,False,True,False,True,False,False,False,False,True,False,True,False,True,True,True,False,True,True,False,True,True,False,True,True,True,True,True
1987-10,False,False,False,True,False,False,True,True,True,False,False,False,False,True,False,False,True,True,True,True,False,False,False,True,False,False,False,True,True,True,False,False,True,False,True,False,False,False,False,True,False,True,False,True,True,True,False,True,True,False,True,True,False,True,True,True,True,True
1987-11,False,False,False,True,False,False,True,True,True,False,False,False,False,True,False,False,True,True,True,True,False,False,False,True,False,False,False,True,True,True,False,False,True,False,True,False,False,False,False,True,False,True,False,True,True,True,False,True,True,False,True,True,False,True,True,True,True,True
1987-12,False,False,False,True,False,False,True,True,True,False,False,False,False,True,False,False,True,True,True,True,False,False,False,True,False,False,False,True,True,True,False,False,True,False,True,False,False,False,False,True,False,True,False,True,True,True,False,True,True,False,True,True,False,True,True,True,True,True
1988-01,False,False,False,True,False,False,True,True,True,False,False,False,False,True,False,False,True,True,True,True,False,False,False,True,False,False,False,True,True,True,False,False,True,False,True,False,False,False,False,True,False,True,False,True,True,True,False,True,True,False,True,True,False,True,True,True,True,True
1988-02,False,False,False,True,False,False,True,True,True,False,False,False,False,True,False,False,True,True,True,True,False,False,False,True,False,False,False,True,True,True,False,False,True,False,True,False,False,False,False,True,True,True,False,True,True,True,False,True,True,False,True,True,False,True,True,True,True,True
1988-03,False,False,False,True,False,False,True,True,True,False,False,False,False,True,False,False,True,True,True,True,False,False,False,True,False,False,False,True,True,True,False,False,True,False,True,False,False,False,False,True,True,True,False,True,True,True,False,True,True,False,True,True,False,True,True,True,True,True
1988-04,False,False,False,True,False,False,True,True,True,False,False,False,False,True,False,False,True,True,True,True,False,False,False,True,False,False,False,True,True,True,False,False,True,False,True,False,False,False,False,True,True,True,False,True,True,True,False,True,True,False,True,True,False,True,True,True,True,True
1988-05,False,False,False,True,False,False,True,True,True,False,False,False,False,True,False,False,True,True,True,True,False,False,False,True,False,False,False,True,True,True,False,False,True,False,True,False,False,False,False,True,True,True,False,True,True,True,False,True,True,False,True,True,False,True,True,True,True,True
1988-06,False,False,False,True,False,False,True,True,True,False,False,False,False,True,False,False,True,True,True,True,False,False,False,True,False,False,False,True,True,True,False,False,True,False,True,False,False,False,False,True,True,True,False,True,True,True,False,True,True,False,True,True,False,True,True,True,True,True
1988-07,False,False,False,True,False,False,True,True,True,False,False,False,False,True,False,False,True,True,True,True,False,False,False,True,False,False,False,True,True,True,False,False,True,False,True,False,False,False,False,True,True,True,False,True,True,True,False,True,True,False,True,True,False,True,True,True,True,True
1988-08,False,False,False,True,False,False,True,True,True,False,False,False,False,True,False,False,True,True,True,True,False,False,False,True,False,False,False,True,True,True,False,False,True,False,True,False,False,False,False,True,True,True,False,True,True,True,False,True,True,False,True,True,False,True,True,True,True,True
1988-09,False,False,False,True,False,False,True,True,True,False,False,False,False,True,False,False,True,True,True,True,False,False,False,True,False,False,False,True,True,True,False,False,True,False,True,False,False,False,False,True,True,True,False,True,True,True,False,True,True,False,True,True,False,True,True,True,True,True
1988-10,False,False,False,True,False,False,True,True,True,False,False,False,False,True,False,False,True,True,True,True,False,False,False,True,False,False,False,True,True,True,False,False,True,False,True,False,False,False,False,True,True,True,False,True,True,True,False,True,True,False,True,True,False,True,True,True,True,True
1988-11,False,False,False,True,False,False,True,True,True,False,False,False,False,True,False,False,True,True,True,True,False,False,False,True,False,False,False,True,True,True,False,False,True,False,True,False,False,False,False,True,True,True,False,True,True,True,False,True,True,False,True,True,False,True,True,True,True,True
1988-12,False,False,False,True,False,False,True,True,True,False,False,False,False,True,False,False,True,True,True,True,False,False,False,True,False,False,False,True,True,True,False,False,True,False,True,False,False,False,False,True,True,True,False,True,True,True,False,True,True,False,True,True,False,True,True,True,True,True
1989-01,False,False,False,True,False,False,True,True,True,False,False,False,False,True,False,False,True,True,True,True,False,False,False,True,False,False,False,True,True,True,False,False,True,False,True,False,False,False,False,True,True,True,False,True,True,True,False,True,True,False,True,True,False,True,True,True,True,True
1989-02,False,False,False,True,False,False,True,True,True,False,False,False,False,True,False,False,True,True,True,True,False,False,False,True,False,False,False,True,True,True,False,False,True,False,True,False,False,False,False,True,True,True,False,True,True,True,False,True,True,False,True,True,False,True,True,True,True,True
1989-03,False,False,False,True,False,False,True,True,True,False,False,False,False,True,False,False,True,True,True,True,False,False,False,True,False,False,False,True,True,True,False,False,True,False,True,False,False,False,False,True,True,True,False,True,True,True,False,True,True,False,True,True,False,True,True,True,True,True
1989-04,False,False,False,True,False,False,True,True,True,False,False,False,False,True,False,False,True,True,True,True,False,False,False,True,False,False,False,True,True,True,False,False,True,False,True,False,False,False,False,True,True,True,False,True,True,True,False,True,True,False,True,True,False,True,True,True,True,True
1989-05,False,False,False,True,False,False,True,True,True,False,False,False,False,True,False,False,True,True,True,True,False,False,False,True,False,False,False,True,True,True,False,False,True,False,True,False,False,False,False,True,True,True,False,True,True,True,False,True,True,False,True,True,False,True,True,True,True,True
1989-06,False,False,False,True,False,False,True,True,True,False,False,False,False,True,False,False,True,True,True,True,False,False,False,True,False,False,False,True,True,True,False,False,True,False,True,False,False,False,False,True,True,True,False,True,True,True,False,True,True,False,True,True,False,True,True,True,True,True
1989-07,False,False,False,True,False,False,True,True,True,False,False,False,False,True,False,False,True,True,True,True,False,False,False,True,False,False,False,True,True,True,False,False,True,False,True,False,False,False,False,True,True,True,False,True,True,True,False,True,True,False,True,True,False,True,True,True,True,True
1989-08,False,False,False,True,False,False,True,True,True,False,False,False,False,True,False,False,True,True,True,True,False,False,False,True,False,False,False,True,True,True,False,False,True,False,True,False,False,False,False,True,True,True,False,True,True,True,False,True,True,False,True,True,False,True,True,True,True,True
1989-09,False,False,False,True,False,False,True,True,True,False,False,False,False,True,False,False,True,True,True,True,False,False,False,True,False,False,False,True,True,True,False,False,True,False,True,False,False,False,False,True,True,True,False,True,True,True,False,True,True,False,True,True,False,True,True,True,True,True
1989-10,False,False,False,True,False,False,True,True,True,False,False,False,False,True,False,False,True,True,True,True,False,False,False,True,False,False,False,True,True,True,False,False,True,False,True,False,False,False,False,True,True,True,False,True,True,True,False,True,True,False,True,True,False,True,True,True,True,True
1989-11,False,False,False,True,False,False,True,True,True,False,False,False,False,True,False,False,True,True,True,True,False,False,False,True,False,False,False,True,True,True,False,False,True,False,True,False,False,False,False,True,True,True,False,True,True,True,False,True,True,False,True,True,False,True,True,True,True,True
1989-12,False,False,False,True,False,False,True,True,True,False,False,False,False,True,False,False,True,True,True,True,False,False,False,True,False,False,False,True,True,True,False,False,True,False,True,False,False,False,False,True,True,True,False,True,True,True,False,True,True,False,True,True,False,True,True,True,True,True
1990-01,False,False,False,True,False,False,True,True,True,False,False,False,False,True,False,False,True,True,True,True,False,False,False,True,False,False,False,True,True,True,False,False,True,False,True,False,False,False,False,True,True,True,False,True,True,True,False,True,True,False,True,True,False,True,True,True,True,True
1990-02,False,False,False,True,False,False,True,True,True,False,False,False,False,True,False,False,True,True,True,True,False,False,False,True,False,False,False,True,True,True,False,False,True,False,True,False,False,False,False,True,True,True,False,True,True,True,False,True,True,False,True,True,True,True,True,True,True,True
1990-03,False,False,False,True,False,False,True,True,True,False,False,False,False,True,False,False,True,True,True,True,False,False,False,True,False,False,False,True,True,True,False,False,True,False,True,False,False,False,False,True,True,True,False,True,True,True,False,True,True,False,True,True,True,True,True,True,True,True
1990-04,False,False,False,True,False,False,True,True,True,False,False,False,False,True,False,False,True,True,True,True,False,False,False,True,False,False,False,True,True,True,False,False,True,False,True,False,False,False,False,True,True,True,False,True,True,True,False,True,True,False,True,True,True,True,True,True,True,True
1990-05,False,False,False,True,False,False,True,True,True,False,False,False,False,True,False,False,True,True,True,True,False,False,False,True,False,False,False,True,True,True,False,False,True,False,True,False,False,False,False,True,True,True,False,True,True,True,False,True,True,False,True,True,True,True,True,True,True,True
1990-06,False,False,False,True,False,False,True,True,True,False,False,False,False,True,False,False,True,True,True,True,False,False,False,True,False,False,False,True,True,True,False,False,True,False,True,False,False,False,False,True,True,True,False,True,True,True,False,True,True,False,True,True,True,True,True,True,True,True
1990-07,False,False,False,True,False,False,True,True,True,False,False,False,False,True,False,False,True,True,True,True,False,False,False,True,False,False,False,True,True,True,False,False,True,False,True,False,False,False,False,True,True,True,False,True,True,True,False,True,True,False,True,True,True,True,True,True,True,True
1990-08,False,False,False,True,False,False,True,True,True,False,False,False,False,True,False,False,True,True,True,True,False,False,False,True,False,False,False,True,True,True,False,False,True,False,True,False,False,False,False,True,True,True,False,True,True,True,False,True,True,False,True,True,True,True,True,True,True,True
1990-09,False,False,False,True,False,False,True,True,True,False,False,False,False,True,False,False,True,True,True,True,False,False,False,True,False,False,False,True,True,True,False,False,True,False,True,False,False,False,False,True,True,True,False,True,True,True,False,True,True,False,True,True,True,True,True,True,True,True
1990-10,False,False,False,True,False,False,True,True,True,False,False,False,False,True,False,False,True,True,True,True,False,False,False,True,False,False,False,True,True,True,False,False,True,False,True,False,False,False,False,True,True,True,False,True,True,True,False,True,True,False,True,True,True,True,True,True,True,True
1990-11,False,False,False,True,False,False,True,True,True,False,False,False,False,True,False,False,True,True,True,True,False,False,False,True,False,False,False,True,True,True,False,False,True,False,True,False,False,False,False,True,True,True,False,True,True,True,False,True,True,False,True,True,True,True,True,True,True,True
1990-12,False,False,False,True,False,False,True,True,True,False,False,False,False,True,False,False,True,True,True,True,False,False,False,True,False,False,False,True,True,True,False,False,True,False,True,False,False,False,False,True,True,True,False,True,True,True,False,True,True,False,True,True,True,True,True,True,True,True
1991-01,False,False,False,True,False,False,True,True,True,False,False,False,False,True,False,False,True,True,True,True,False,False,False,True,False,False,False,True,True,True,False,False,True,False,True,False,False,False,False,True,True,True,False,True,True,True,False,True,True,False,True,True,True,True,True,True,True,True
1991-02,True,False,False,True,False,False,True,True,True,False,False,False,False,True,False,False,True,True,True,True,False,False,False,True,False,False,False,True,True,True,False,False,True,False,True,False,False,False,False,True,True,True,False,True,True,True,False,True,True,False,True,True,True,True,True,True,True,True
1991-03,True,False,False,True,False,False,True,True,True,False,False,False,False,True,False,False,True,True,True,True,False,False,False,True,False,False,False,True,True,True,False,False,True,False,True,False,False,False,False,True,True,True,False,True,True,True,False,True,True,False,True,True,True,True,True,True,True,True
1991-04,True,False,False,True,False,False,True,True,True,False,False,False,False,True,False,False,True,True,True,True,False,False,False,True,False,False,False,True,True,True,False,False,True,False,True,False,False,False,False,True,True,True,False,True,True,True,False,True,True,False,True,True,True,True,True,True,True,True
1991-05,True,False,False,True,False,False,True,True,True,False,False,False,False,True,False,False,True,True,True,True,False,False,False,True,False,False,False,True,True,True,False,False,True,False,True,False,False,False,False,True,True,True,False,True,True,True,False,True,True,False,True,True,True,True,True,True,True,True
1991-06,True,False,False,True,False,False,True,True,True,False,False,False,False,True,False,False,True,True,True,True,False,False,False,True,False,False,False,True,True,True,False,False,True,False,True,False,False,False,False,True,True,True,False,True,True,True,False,True,True,False,True,True,True,True,True,True,True,True
1991-07,True,False,False,True,False,False,True,True,True,False,False,False,False,True,False,False,True,True,True,True,False,False,False,True,False,False,False,True,True,True,False,False,True,False,True,False,False,False,False,True,True,True,False,True,True,True,False,True,True,False,True,True,True,True,True,True,True,True
1991-08,True,False,False,True,False,False,True,True,True,False,False,False,False,True,False,False,True,True,True,True,False,False,False,True,False,False,False,True,True,True,False,False,True,False,True,False,False,False,False,True,True,True,False,True,True,True,False,True,True,False,True,True,True,True,True,True,True,True
1991-09,True,False,False,True,False,False,True,True,True,False,False,False,False,True,False,False,True,True,True,True,False,False,False,True,False,False,False,True,True,True,False,False,True,False,True,False,False,False,False,True,True,True,False,True,True,True,False,True,True,False,True,True,True,True,True,True,True,True
1991-10,True,False,False,True,False,False,True,True,True,False,False,False,False,True,False,False,True,True,True,True,False,False,False,True,False,False,False,True,True,True,False,False,True,False,True,False,False,False,False,True,True,True,False,True,True,True,False,True,True,False,True,True,True,True,True,True,True,True
1991-11,True,False,False,True,False,False,True,True,True,False,False,False,False,True,False,False,True,True,True,True,False,False,False,True,False,False,False,True,True,True,False,False,True,False,True,False,False,False,False,True,True,True,False,True,True,True,False,True,True,False,True,True,True,True,True,True,True,True
1991-12,True,False,False,True,False,False,True,True,True,False,False,False,False,True,False,False,True,True,True,True,False,False,False,True,False,False,False,True,True,True,False,False,True,False,True,False,False,False,False,True,True,True,False,True,True,True,False,True,True,False,True,True,True,True,True,True,True,True
1992-01,True,False,False,True,False,False,True,True,True,False,False,False,False,True,False,False,True,True,True,True,False,False,False,True,False,False,False,True,True,True,False,False,True,False,True,False,False,False,False,True,True,True,False,True,True,True,False,True,True,False,True,True,True,True,True,True,True,True
1992-02,True,False,False,True,False,False,True,True,True,False,False,False,True,True,False,False,True,True,True,True,False,False,False,True,False,False,False,True,True,True,False,False,True,False,True,False,False,False,False,True,True,True,False,True,True,True,True,True,True,False,True,True,True,True,True,True,True,True
1992-03,True,False,False,True,False,False,True,True,True,False,False,False,True,True,False,False,True,True,True,True,False,False,False,True,False,False,False,True,True,True,False,False,True,False,True,False,False,False,False,True,True,True,False,True,True,True,True,True,True,False,True,True,True,True,True,True,True,True
1992-04,True,False,False,True,False,False,True,True,True,False,False,False,True,True,False,False,True,True,True,True,False,False,False,True,False,False,False,True,True,True,False,False,True,False,True,False,False,False,False,True,True,True,False,True,True,True,True,True,True,False,True,True,True,True,True,True,True,True
1992-05,True,False,False,True,False,False,True,True,True,False,False,False,True,True,False,False,True,True,True,True,False,False,False,True,False,False,False,True,True,True,False,False,True,False,True,False,False,False,False,True,True,True,False,True,True,True,True,True,True,False,True,True,True,True,True,True,True,True
1992-06,True,False,False,True,False,False,True,True,True,False,False,False,True,True,False,False,True,True,True,True,False,False,False,True,False,False,False,True,True,True,False,False,True,False,True,False,False,False,False,True,True,True,False,True,True,True,True,True,True,False,True,True,True,True,True,True,True,True
1992-07,True,False,False,True,False,False,True,True,True,False,False,False,True,True,False,False,True,True,True,True,False,False,False,True,False,False,False,True,True,True,False,False,True,False,True,False,False,False,False,True,True,True,False,True,True,True,True,True,True,False,True,True,True,True,True,True,True,True
1992-08,True,False,False,True,False,False,True,True,True,False,False,False,True,True,False,False,True,True,True,True,False,False,False,True,False,False,False,True,True,True,False,False,True,False,True,False,False,False,False,True,True,True,False,True,True,True,True,True,True,False,True,True,True,True,True,True,True,True
1992-09,True,False,False,True,False,False,True,True,True,False,False,False,True,True,False,False,True,True,True,True,False,False,False,True,False,False,False,True,True,True,False,False,True,False,True,False,False,False,False,True,True,True,False,True,True,True,True,True,True,False,True,True,True,True,True,True,True,True
1992-10,True,False,False,True,False,False,True,True,True,False,False,False,True,True,False,False,True,True,True,True,False,False,False,True,False,False,False,True,True,True,False,False,True,False,True,False,False,False,False,True,True,True,False,True,True,True,True,True,True,False,True,True,True,True,True,True,True,True
1992-11,True,False,False,True,False,False,True,True,True,False,False,False,True,True,False,False,True,True,True,True,False,False,False,True,False,False,False,True,True,True,False,False,True,False,True,False,False,False,False,True,True,True,False,True,True,True,True,True,True,False,True,True,True,True,True,True,True,True
1992-12,True,False,False,True,False,False,True,True,True,False,True,False,True,True,True,False,True,True,True,True,False,False,False,True,False,False,False,True,True,True,False,False,True,False,True,False,False,False,False,True,True,True,False,True,True,True,True,True,True,False,True,True,True,True,True,True,True,True
1993-01,True,False,False,True,False,False,True,True,True,False,True,False,True,True,True,False,True,True,True,True,False,False,False,True,False,False,False,True,True,True,False,False,True,False,True,False,False,False,False,True,True,True,False,True,True,True,True,True,True,False,True,True,True,True,True,True,True,True
1993-02,True,False,False,True,False,False,True,True,True,False,True,False,True,True,True,False,True,True,True,True,True,False,False,True,False,False,False,True,True,True,False,False,True,False,True,False,False,False,False,True,True,True,False,True,True,True,True,True,True,False,True,True,True,True,True,True,True,True
1993-03,True,False,False,True,False,False,True,True,True,False,True,False,True,True,True,False,True,True,True,True,True,False,False,True,False,False,False,True,True,True,False,False,True,False,True,False,False,False,False,True,True,True,False,True,True,True,True,True,True,False,True,True,True,True,True,True,True,True
1993-04,True,False,False,True,False,False,True,True,True,False,True,False,True,True,True,False,True,True,True,True,True,False,False,True,False,False,False,True,True,True,False,False,True,False,True,False,False,False,False,True,True,True,False,True,True,True,True,True,True,False,True,True,True,True,True,True,True,True
1993-05,True,False,False,True,False,False,True,True,True,False,True,False,True,True,True,False,True,True,True,True,True,False,False,True,False,False,False,True,True,True,False,False,True,False,True,False,False,False,False,True,True,True,False,True,True,True,True,True,True,False,True,True,True,True,True,True,True,True
1993-06,True,False,False,True,False,False,True,True,True,False,True,False,True,True,True,False,True,True,True,True,True,False,False,True,False,False,False,True,True,True,False,False,True,False,True,False,False,False,False,True,True,True,False,True,True,True,True,True,True,False,True,True,True,True,True,True,True,True
1993-07,True,False,False,True,False,False,True,True,True,False,True,False,True,True,True,False,True,True,True,True,True,False,False,True,False,False,False,True,True,True,False,False,True,False,True,False,False,False,False,True,True,True,False,True,True,True,True,True,True,False,True,True,True,True,True,True,True,True
1993-08,True,False,False,True,False,False,True,True,True,False,True,False,True,True,True,False,True,True,True,True,True,False,False,True,False,False,False,True,True,True,False,False,True,False,True,False,False,False,False,True,True,True,False,True,True,True,True,True,True,False,True,True,True,True,True,True,True,True
1993-09,True,False,False,True,False,False,True,True,True,False,True,False,True,True,True,False,True,True,True,True,True,False,False,True,False,False,False,True,True,True,False,False,True,False,True,False,False,False,False,True,True,True,False,True,True,True,True,True,True,False,True,True,True,True,True,True,True,True
1993-10,True,False,False,True,False,False,True,True,True,False,True,False,True,True,True,False,True,True,True,True,True,False,False,True,False,False,False,True,True,True,False,True,True,False,True,False,False,False,False,True,True,True,False,True,True,True,True,True,True,False,True,True,True,True,True,True,True,True
1993-11,True,False,False,True,False,False,True,True,True,False,True,False,True,True,True,False,True,True,True,True,True,False,False,True,False,False,False,True,True,True,False,True,True,False,True,False,False,False,False,True,True,True,False,True,True,True,True,True,True,False,True,True,True,True,True,True,True,True
1993-12,True,False,False,True,False,False,True,True,True,False,True,False,True,True,True,False,True,True,True,True,True,False,False,True,False,False,False,True,True,True,False,True,True,False,True,False,False,False,False,True,True,True,False,True,True,True,True,True,True,False,True,True,True,True,True,True,True,True
1994-01,True,False,False,True,False,False,True,True,True,False,True,False,True,True,True,False,True,True,True,True,True,False,False,True,False,False,False,True,True,True,False,True,True,False,True,False,False,False,False,True,True,True,False,True,True,True,True,True,True,False,True,True,True,True,True,True,True,True
1994-02,True,False,False,True,False,False,True,True,True,False,True,False,True,True,True,False,True,True,True,True,True,False,False,True,False,True,False,True,True,True,False,True,True,False,True,False,False,False,False,True,True,True,False,True,True,True,True,True,True,True,True,True,True,True,True,True,True,True
1994-03,True,False,False,True,False,False,True,True,True,False,True,False,True,True,True,False,True,True,True,True,True,False,False,True,False,True,False,True,True,True,False,True,True,False,True,False,False,False,False,True,True,True,False,True,True,True,True,True,True,True,True,True,True,True,True,True,True,True
1994-04,True,False,False,True,False,False,True,True,True,False,True,False,True,True,True,False,True,True,True,True,True,False,False,True,False,True,False,True,True,True,False,True,True,False,True,False,False,False,False,True,True,True,False,True,True,True,True,True,True,True,True,True,True,True,True,True,True,True
1994-05,True,False,False,True,False,False,True,True,True,False,True,False,True,True,True,False,True,True,True,True,True,False,False,True,False,True,False,True,True,True,False,True,True,False,True,False,False,False,False,True,True,True,False,True,True,True,True,True,True,True,True,True,True,True,True,True,True,True
1994-06,True,False,False,True,False,False,True,True,True,False,True,False,True,True,True,False,True,True,True,True,True,False,False,True,False,True,False,True,True,True,False,True,True,False,True,False,False,False,False,True,True,True,False,True,True,True,True,True,True,True,True,True,True,True,True,True,True,True
1994-07,True,False,False,True,False,False,True,True,True,False,True,False,True,True,True,False,True,True,True,True,True,False,False,True,False,True,False,True,True,True,False,True,True,False,True,False,False,False,False,True,True,True,False,True,True,True,True,True,True,True,True,True,True,True,True,True,True,True
1994-08,True,False,False,True,False,False,True,True,True,False,True,False,True,True,True,False,True,True,True,True,True,False,False,True,False,True,False,True,True,True,False,True,True,False,True,False,False,False,False,True,True,True,False,True,True,True,True,True,True,True,True,True,True,True,True,True,True,True
1994-09,True,False,False,True,False,False,True,True,True,False,True,False,True,True,True,False,True,True,True,True,True,False,False,True,False,True,False,True,True,True,False,True,True,False,True,False,False,False,False,True,True,True,False,True,True,True,True,True,True,True,True,True,True,True,True,True,True,True
1994-10,True,False,False,True,False,False,True,True,True,False,True,False,True,True,True,False,True,True,True,True,True,False,False,True,False,True,False,True,True,True,False,True,True,False,True,False,False,False,False,True,True,True,False,True,True,True,True,True,True,True,True,True,True,True,True,True,True,True
1994-11,True,False,False,True,False,False,True,True,True,False,True,False,True,True,True,False,True,True,True,True,True,False,False,True,False,True,False,True,True,True,False,True,True,False,True,False,False,False,False,True,True,True,False,True,True,True,True,True,True,True,True,True,True,True,True,True,True,True
1994-12,True,False,False,True,False,False,True,True,True,False,True,False,True,True,True,False,True,True,True,True,True,False,False,True,False,True,False,True,True,True,False,True,True,False,True,False,False,False,False,True,True,True,False,True,True,True,True,True,True,True,True,True,True,True,True,True,True,True
1995-01,True,False,False,True,False,False,True,True,True,False,True,False,True,True,True,False,True,True,True,True,True,False,False,True,False,True,False,True,True,True,False,True,True,False,True,False,False,False,False,True,True,True,False,True,True,True,True,True,True,True,True,True,True,True,True,True,True,True
1995-02,True,False,False,True,False,False,True,True,True,False,True,False,True,True,True,False,True,True,True,True,True,False,False,True,False,True,False,True,True,True,False,True,True,False,True,False,False,False,False,True,True,True,False,True,True,True,True,True,True,True,True,True,True,True,True,True,True,True
1995-03,True,False,False,True,False,False,True,True,True,False,True,False,True,True,True,False,True,True,True,True,True,True,False,True,False,True,False,True,True,True,False,True,True,False,True,False,False,False,False,True,True,True,False,True,True,True,True,True,True,True,True,True,True,True,True,True,True,True
1995-04,True,False,False,True,False,False,True,True,True,False,True,False,True,True,True,False,True,True,True,True,True,True,False,True,False,True,False,True,True,True,False,True,True,False,True,False,False,False,False,True,True,True,False,True,True,True,True,True,True,True,True,True,True,True,True,True,True,True
1995-05,True,False,False,True,False,False,True,True,True,False,True,False,True,True,True,False,True,True,True,True,True,True,False,True,False,True,False,True,True,True,False,True,True,False,True,False,False,False,False,True,True,True,False,True,True,True,True,True,True,True,True,True,True,True,True,True,True,True
1995-06,True,False,False,True,False,False,True,True,True,False,True,False,True,True,True,False,True,True,True,True,True,True,False,True,False,True,False,True,True,True,False,True,True,False,True,False,False,False,False,True,True,True,False,True,True,True,True,True,True,True,True,True,True,True,True,True,True,True
1995-07,True,False,False,True,False,False,True,True,True,False,True,False,True,True,True,False,True,True,True,True,True,True,False,True,False,True,False,True,True,True,False,True,True,False,True,False,False,False,False,True,True,True,False,True,True,True,True,True,True,True,True,True,True,True,True,True,True,True
1995-08,True,False,False,True,False,False,True,True,True,False,True,False,True,True,True,False,True,True,True,True,True,True,False,True,False,True,False,True,True,True,False,True,True,False,True,False,False,False,False,True,True,True,False,True,True,True,True,True,True,True,True,True,True,True,True,True,True,True
1995-09,True,False,False,True,False,False,True,True,True,False,True,False,True,True,True,False,True,True,True,True,True,True,False,True,False,True,False,True,True,True,False,True,True,False,True,False,False,False,False,True,True,True,False,True,True,True,True,True,True,True,True,True,True,True,True,True,True,True
1995-10,True,False,False,True,False,False,True,True,True,False,True,False,True,True,True,False,True,True,True,True,True,True,False,True,False,True,False,True,True,True,False,True,True,False,True,False,False,False,False,True,True,True,False,True,True,True,True,True,True,True,True,True,True,True,True,True,True,True
1995-11,True,False,False,True,False,False,True,True,True,False,True,False,True,True,True,False,True,True,True,True,True,True,False,True,False,True,False,True,True,True,False,True,True,False,True,False,False,False,False,True,True,True,False,True,True,True,True,True,True,True,True,True,True,True,True,True,True,True
1995-12,True,False,False,True,False,False,True,True,True,False,True,False,True,True,True,False,True,True,True,True,True,True,False,True,False,True,False,True,True,True,False,True,True,False,True,False,False,False,False,True,True,True,False,True,True,True,True,True,True,True,True,True,True,True,True,True,True,True
1996-01,True,False,False,True,False,False,True,True,True,False,True,False,True,True,True,False,True,True,True,True,True,True,False,True,False,True,False,True,True,True,False,True,True,False,True,False,False,False,False,True,True,True,False,True,True,True,True,True,True,True,True,True,True,True,True,True,True,True
1996-02,True,False,False,True,False,False,True,True,True,False,True,False,True,True,True,False,True,True,True,True,True,True,False,True,False,True,False,True,True,True,False,True,True,False,True,False,False,False,False,True,True,True,False,True,True,True,True,True,True,True,True,True,True,True,True,True,True,True
1996-03,True,False,False,True,False,False,True,True,True,False,True,False,True,True,True,False,True,True,True,True,True,True,False,True,False,True,True,True,True,True,False,True,True,False,True,False,False,False,False,True,True,True,False,True,True,True,True,True,True,True,True,True,True,True,True,True,True,True
1996-04,True,False,False,True,False,False,True,True,True,False,True,False,True,True,True,False,True,True,True,True,True,True,False,True,False,True,True,True,True,True,False,True,True,False,True,False,False,False,False,True,True,True,False,True,True,True,True,True,True,True,True,True,True,True,True,True,True,True
1996-05,True,False,False,True,False,False,True,True,True,False,True,False,True,True,True,False,True,True,True,True,True,True,False,True,False,True,True,True,True,True,False,True,True,False,True,False,False,False,False,True,True,True,False,True,True,True,True,True,True,True,True,True,True,True,True,True,True,True
1996-06,True,False,False,True,False,False,True,True,True,False,True,False,True,True,True,False,True,True,True,True,True,True,False,True,False,True,True,True,True,True,False,True,True,False,True,False,False,False,False,True,True,True,False,True,True,True,True,True,True,True,True,True,True,True,True,True,True,True
1996-07,True,False,False,True,False,False,True,True,True,False,True,False,True,True,True,False,True,True,True,True,True,True,False,True,False,True,True,True,True,True,False,True,True,False,True,False,False,False,False,True,True,True,False,True,True,True,True,True,True,True,True,True,True,True,True,True,True,True
1996-08,True,False,False,True,False,False,True,True,True,False,True,False,True,True,True,False,True,True,True,True,True,True,False,True,False,True,True,True,True,True,False,True,True,False,True,False,False,False,False,True,True,True,False,True,True,True,True,True,True,True,True,True,True,True,True,True,True,True
1996-09,True,False,False,True,False,False,True,True,True,False,True,False,True,True,True,False,True,True,True,True,True,True,False,True,False,True,True,True,True,True,False,True,True,False,True,False,False,False,False,True,True,True,False,True,True,True,True,True,True,True,True,True,True,True,True,True,True,True
1996-10,True,False,False,True,False,False,True,True,True,False,True,False,True,True,True,False,True,True,True,True,True,True,False,True,False,True,True,True,True,True,False,True,True,False,True,False,False,False,False,True,True,True,False,True,True,True,True,True,True,True,True,True,True,True,True,True,True,True
1996-11,True,False,False,True,False,False,True,True,True,False,True,False,True,True,True,False,True,True,True,True,True,True,False,True,False,True,True,True,True,True,False,True,True,False,True,False,False,False,False,True,True,True,False,True,True,True,True,True,True,True,True,True,True,True,True,True,True,True
1996-12,True,False,False,True,False,False,True,True,True,False,True,False,True,True,True,False,True,True,True,True,True,True,False,True,False,True,True,True,True,True,False,True,True,False,True,False,False,False,False,True,True,True,False,True,True,True,True,True,True,True,True,True,True,True,True,True,True,True
1997-01,True,False,False,True,False,False,True,True,True,False,True,False,True,True,True,False,True,True,True,True,True,True,False,True,False,True,True,True,True,True,False,True,True,False,True,False,False,False,False,True,True,True,False,True,True,True,True,True,True,True,True,True,True,True,True,True,True,True
1997-02,True,False,False,True,False,False,True,True,True,False,True,False,True,True,True,False,True,True,True,True,True,True,False,True,False,True,True,True,True,True,False,True,True,False,True,False,False,False,False,True,True,True,False,True,True,True,True,True,True,True,True,True,True,True,True,True,True,True
1997-03,True,False,False,True,False,False,True,True,True,False,True,False,True,True,True,False,True,True,True,True,True,True,False,True,False,True,True,True,True,True,False,True,True,False,True,False,False,False,False,True,True,True,False,True,True,True,True,True,True,True,True,True,True,True,True,True,True,True
1997-04,True,False,False,True,False,False,True,True,True,False,True,False,True,True,True,False,True,True,True,True,True,True,False,True,False,True,True,True,True,True,False,True,True,False,True,False,False,False,False,True,True,True,False,True,True,True,True,True,True,True,True,True,True,True,True,True,True,True
1997-05,True,False,False,True,False,False,True,True,True,False,True,False,True,True,True,False,True,True,True,True,True,True,False,True,False,True,True,True,True,True,False,True,True,False,True,False,False,False,False,True,True,True,False,True,True,True,True,True,True,True,True,True,True,True,True,True,True,True
1997-06,True,False,False,True,False,False,True,True,True,False,True,False,True,True,True,False,True,True,True,True,True,True,False,True,False,True,True,True,True,True,False,True,True,False,True,False,False,False,False,True,True,True,False,True,True,True,True,True,True,True,True,True,True,True,True,True,True,True
1997-07,True,False,False,True,False,True,True,True,True,False,True,False,True,True,True,False,True,True,True,True,True,True,False,True,False,True,True,True,True,True,False,True,True,False,True,False,False,False,False,True,True,True,False,True,True,True,True,True,True,True,True,True,True,True,True,True,True,True
1997-08,True,False,False,True,False,True,True,True,True,False,True,False,True,True,True,False,True,True,True,True,True,True,False,True,False,True,True,True,True,True,False,True,True,False,True,False,False,False,False,True,True,True,False,True,True,True,True,True,True,True,True,True,True,True,True,True,True,True
1997-09,True,False,False,True,False,True,True,True,True,False,True,False,True,True,True,False,True,True,True,True,True,True,False,True,False,True,True,True,True,True,False,True,True,False,True,False,False,False,False,True,True,True,False,True,True,True,True,True,True,True,True,True,True,True,True,True,True,True
1997-10,True,False,False,True,False,True,True,True,True,False,True,False,True,True,True,False,True,True,True,True,True,True,False,True,False,True,True,True,True,True,False,True,True,False,True,False,False,False,False,True,True,True,False,True,True,True,True,True,True,True,True,True,True,True,True,True,True,True
1997-11,True,False,False,True,False,True,True,True,True,False,True,False,True,True,True,False,True,True,True,True,True,True,False,True,False,True,True,True,True,True,False,True,True,False,True,False,False,False,False,True,True,True,False,True,True,True,True,True,True,True,True,True,True,True,True,True,True,True
1997-12,True,False,False,True,False,True,True,True,True,False,True,False,True,True,True,False,True,True,True,True,True,True,False,True,False,True,True,True,True,True,False,True,True,False,True,False,False,False,False,True,True,True,False,True,True,True,True,True,True,True,True,True,True,True,True,True,True,True
1998-01,True,False,False,True,False,True,True,True,True,False,True,False,True,True,True,False,True,True,True,True,True,True,False,True,False,True,True,True,True,True,False,True,True,False,True,False,False,False,False,True,True,True,False,True,True,True,True,True,True,True,True,True,True,True,True,True,True,True
1998-02,True,False,False,True,False,True,True,True,True,False,True,False,True,True,True,False,True,True,True,True,True,True,False,True,False,True,True,True,True,True,False,True,True,False,True,False,False,False,False,True,True,True,False,True,True,True,True,True,True,True,True,True,True,True,True,True,True,True
1998-03,True,False,False,True,False,True,True,True,True,False,True,False,True,True,True,False,True,True,True,True,True,True,False,True,False,True,True,True,True,True,False,True,True,False,True,False,False,False,False,True,True,True,False,True,True,True,True,True,True,True,True,True,True,True,True,True,True,True
1998-04,True,False,False,True,False,True,True,True,True,False,True,False,True,True,True,False,True,True,True,True,True,True,False,True,False,True,True,True,True,True,False,True,True,False,True,False,False,False,False,True,True,True,False,True,True,True,True,True,True,True,True,True,True,True,True,True,True,True
1998-05,True,False,False,True,False,True,True,True,True,False,True,False,True,True,True,False,True,True,True,True,True,True,False,True,False,True,True,True,True,True,False,True,True,False,True,False,False,False,False,True,True,True,False,True,True,True,True,True,True,True,True,True,True,True,True,True,True,True
1998-06,True,False,False,True,False,True,True,True,True,False,True,False,True,True,True,False,True,True,True,True,True,True,True,True,False,True,True,True,True,True,False,True,True,False,True,False,False,False,False,True,True,True,False,True,True,True,True,True,True,True,True,True,True,True,True,True,True,True
1998-07,True,False,False,True,False,True,True,True,True,False,True,False,True,True,True,False,True,True,True,True,True,True,True,True,False,True,True,True,True,True,False,True,True,False,True,False,False,False,False,True,True,True,False,True,True,True,True,True,True,True,True,True,True,True,True,True,True,True
1998-08,True,False,False,True,False,True,True,True,True,False,True,False,True,True,True,False,True,True,True,True,True,True,True,True,False,True,True,True,True,True,False,True,True,False,True,False,False,False,False,True,True,True,False,True,True,True,True,True,True,True,True,True,True,True,True,True,True,True
1998-09,True,False,False,True,False,True,True,True,True,False,True,False,True,True,True,False,True,True,True,True,True,True,True,True,False,True,True,True,True,True,False,True,True,False,True,False,False,False,False,True,True,True,False,True,True,True,True,True,True,True,True,True,True,True,True,True,True,True
1998-10,True,False,False,True,False,True,True,True,True,False,True,False,True,True,True,False,True,True,True,True,True,True,True,True,False,True,True,True,True,True,False,True,True,False,True,False,False,False,False,True,True,True,False,True,True,True,True,True,True,True,True,True,True,True,True,True,True,True
1998-11,True,False,False,True,False,True,True,True,True,False,True,False,True,True,True,False,True,True,True,True,True,True,True,True,False,True,True,True,True,True,False,True,True,False,True,False,False,False,False,True,True,True,False,True,True,True,True,True,True,True,True,True,True,True,True,True,True,True
1998-12,True,False,False,True,False,True,True,True,True,False,True,False,True,True,True,False,True,True,True,True,True,True,True,True,False,True,True,True,True,True,False,True,True,False,True,False,False,False,False,True,True,True,False,True,True,True,True,True,True,True,True,True,True,True,True,True,True,True
1999-01,True,False,False,True,False,True,True,True,True,False,True,False,True,True,True,False,True,True,True,True,True,True,True,True,False,True,True,True,True,True,False,True,True,False,True,False,False,False,False,True,True,True,False,True,True,True,True,True,True,True,True,True,True,True,True,True,True,True
1999-02,True,False,False,True,False,True,True,True,True,False,True,False,True,True,True,False,True,True,True,True,True,True,True,True,False,True,True,True,True,True,False,True,True,False,True,False,False,False,False,True,True,True,False,True,True,True,True,True,True,True,True,True,True,True,True,True,True,True
1999-03,True,False,False,True,False,True,True,True,True,False,True,False,True,True,True,False,True,True,True,True,True,True,True,True,False,True,True,True,True,True,False,True,True,False,True,False,False,False,False,True,True,True,False,True,True,True,True,True,True,True,True,True,True,True,True,True,True,True
1999-04,True,False,False,True,False,True,True,True,True,False,True,False,True,True,True,False,True,True,True,True,True,True,True,True,False,True,True,True,True,True,False,True,True,False,True,False,False,False,False,True,True,True,False,True,True,True,True,True,True,True,True,True,True,True,True,True,True,True
1999-05,True,False,False,True,False,True,True,True,True,False,True,False,True,True,True,False,True,True,True,True,True,True,True,True,True,True,True,True,True,True,False,True,True,False,True,False,False,False,False,True,True,True,False,True,True,True,True,True,True,True,True,True,True,True,True,True,True,True
1999-06,True,False,False,True,False,True,True,True,True,False,True,False,True,True,True,False,True,True,True,True,True,True,True,True,True,True,True,True,True,True,False,True,True,False,True,False,False,False,False,True,True,True,False,True,True,True,True,True,True,True,True,True,True,True,True,True,True,True
1999-07,True,False,False,True,False,True,True,True,True,False,True,False,True,True,True,False,True,True,True,True,True,True,True,True,True,True,True,True,True,True,False,True,True,False,True,False,False,False,False,True,True,True,False,True,True,True,True,True,True,True,True,True,True,True,True,True,True,True
1999-08,True,False,False,True,False,True,True,True,True,False,True,False,True,True,True,False,True,True,True,True,True,True,True,True,True,True,True,True,True,True,False,True,True,False,True,False,False,False,False,True,True,True,False,True,True,True,True,True,True,True,True,True,True,True,True,True,True,True
1999-09,True,False,False,True,False,True,True,True,True,False,True,False,True,True,True,False,True,True,True,True,True,True,True,True,True,True,True,True,True,True,False,True,True,False,True,False,False,False,False,True,True,True,False,True,True,True,True,True,True,True,True,True,True,True,True,True,True,True
1999-10,True,False,False,True,False,True,True,True,True,False,True,False,True,True,True,False,True,True,True,True,True,True,True,True,True,True,True,True,True,True,False,True,True,False,True,False,False,False,False,True,True,True,False,True,True,True,True,True,True,True,True,True,True,True,True,True,True,True
1999-11,True,False,False,True,False,True,True,True,True,False,True,False,True,True,True,False,True,True,True,True,True,True,True,True,True,True,True,True,True,True,False,True,True,False,True,False,False,False,False,True,True,True,False,True,True,True,True,True,True,True,True,True,True,True,True,True,True,True
1999-12,True,False,False,True,False,True,True,True,True,False,True,False,True,True,True,False,True,True,True,True,True,True,True,True,True,True,True,True,True,True,False,True,True,False,True,False,False,False,False,True,True,True,False,True,True,True,True,True,True,True,True,True,True,True,True,True,True,True
2000-01,True,False,False,True,False,True,True,True,True,False,True,False,True,True,True,False,True,True,True,True,True,True,True,True,True,True,True,True,True,True,False,True,True,False,True,False,False,False,False,True,True,True,False,True,True,True,True,True,True,True,True,True,True,True,True,True,True,True
2000-02,True,False,False,True,False,True,True,True,True,False,True,False,True,True,True,False,True,True,True,True,True,True,True,True,True,True,True,True,True,True,False,True,True,False,True,False,False,False,False,True,True,True,False,True,True,True,True,True,True,True,True,True,True,True,True,True,True,True
2000-03,True,False,False,True,False,True,True,True,True,False,True,False,True,True,True,False,True,True,True,True,True,True,True,True,True,True,True,True,True,True,False,True,True,False,True,False,False,False,False,True,True,True,False,True,True,True,True,True,True,True,True,True,True,True,True,True,True,True
2000-04,True,False,False,True,False,True,True,True,True,False,True,False,True,True,True,False,True,True,True,True,True,True,True,True,True,True,True,True,True,True,False,True,True,False,True,False,False,False,False,True,True,True,False,True,True,True,True,True,True,True,True,True,True,True,True,True,True,True
2000-05,True,False,False,True,False,True,True,True,True,False,True,False,True,True,True,False,True,True,True,True,True,True,True,True,True,True,True,True,True,True,False,True,True,False,True,False,False,False,False,True,True,True,False,True,True,True,True,True,True,True,True,True,True,True,True,True,True,True
2000-06,True,False,False,True,False,True,True,True,True,False,True,False,True,True,True,False,True,True,True,True,True,True,True,True,True,True,True,True,True,True,False,True,True,False,True,False,False,False,False,True,True,True,False,True,True,True,True,True,True,True,True,True,True,True,True,True,True,True
2000-07,True,False,False,True,False,True,True,True,True,False,True,False,True,True,True,False,True,True,True,True,True,True,True,True,True,True,True,True,True,True,False,True,True,False,True,False,False,False,False,True,True,True,False,True,True,True,True,True,True,True,True,True,True,True,True,True,True,True
2000-08,True,False,False,True,False,True,True,True,True,False,True,False,True,True,True,False,True,True,True,True,True,True,True,True,True,True,True,True,True,True,False,True,True,False,True,False,False,False,False,True,True,True,False,True,True,True,True,True,True,True,True,True,True,True,True,True,True,True
2000-09,True,False,False,True,False,True,True,True,True,False,True,False,True,True,True,False,True,True,True,True,True,True,True,True,True,True,True,True,True,True,False,True,True,False,True,False,False,False,False,True,True,True,False,True,True,True,True,True,True,True,True,True,True,True,True,True,True,True
2000-10,True,False,False,True,False,True,True,True,True,True,True,False,True,True,True,False,True,True,True,True,True,True,True,True,True,True,True,True,True,True,False,True,True,False,True,False,False,False,False,True,True,True,False,True,True,True,True,True,True,True,True,True,True,True,True,True,True,True
2000-11,True,False,False,True,False,True,True,True,True,True,True,False,True,True,True,True,True,True,True,True,True,True,True,True,True,True,True,True,True,True,False,True,True,False,True,False,False,False,False,True,True,True,False,True,True,True,True,True,True,True,True,True,True,True,True,True,True,True
2000-12,True,False,True,True,False,True,True,True,True,True,True,False,True,True,True,True,True,True,True,True,True,True,True,True,True,True,True,True,True,True,False,True,True,False,True,False,False,False,False,True,True,True,False,True,True,True,True,True,True,True,True,True,True,True,True,True,True,True
2001-01,True,False,True,True,False,True,True,True,True,True,True,False,True,True,True,True,True,True,True,True,True,True,True,True,True,True,True,True,True,True,False,True,True,False,True,False,False,False,False,True,True,True,False,True,True,True,True,True,True,True,True,True,True,True,True,True,True,True
2001-02,True,False,True,True,False,True,True,True,True,True,True,False,True,True,True,True,True,True,True,True,True,True,True,True,True,True,True,True,True,True,False,True,True,False,True,False,False,False,False,True,True,True,False,True,True,True,True,True,True,True,True,True,True,True,True,True,True,True
2001-03,True,False,True,True,False,True,True,True,True,True,True,False,True,True,True,True,True,True,True,True,True,True,True,True,True,True,True,True,True,True,False,True,True,False,True,False,False,False,False,True,True,True,False,True,True,True,True,True,True,True,True,True,True,True,True,True,True,True
2001-04,True,False,True,True,False,True,True,True,True,True,True,False,True,True,True,True,True,True,True,True,True,True,True,True,True,True,True,True,True,True,False,True,True,False,True,False,False,False,False,True,True,True,False,True,True,True,True,True,True,True,True,True,True,True,True,True,True,True
2001-05,True,False,True,True,False,True,True,True,True,True,True,False,True,True,True,True,True,True,True,True,True,True,True,True,True,True,True,True,True,True,False,True,True,False,True,False,False,False,False,True,True,True,True,True,True,True,True,True,True,True,True,True,True,True,True,True,True,True
2001-06,True,False,True,True,False,True,True,True,True,True,True,False,True,True,True,True,True,True,True,True,True,True,True,True,True,True,True,True,True,True,False,True,True,False,True,False,False,False,False,True,True,True,True,True,True,True,True,True,True,True,True,True,True,True,True,True,True,True
2001-07,True,False,True,True,False,True,True,True,True,True,True,False,True,True,True,True,True,True,True,True,True,True,True,True,True,True,True,True,True,True,False,True,True,False,True,False,False,False,False,True,True,True,True,True,True,True,True,True,True,True,True,True,True,True,True,True,True,True
2001-08,True,False,True,True,False,True,True,True,True,True,True,False,True,True,True,True,True,True,True,True,True,True,True,True,True,True,True,True,True,True,False,True,True,False,True,False,False,False,False,True,True,True,True,True,True,True,True,True,True,True,True,True,True,True,True,True,True,True
2001-09,True,False,True,True,False,True,True,True,True,True,True,False,True,True,True,True,True,True,True,True,True,True,True,True,True,True,True,True,True,True,False,True,True,False,True,False,False,False,False,True,True,True,True,True,True,True,True,True,True,True,True,True,True,True,True,True,True,True
2001-10,True,False,True,True,False,True,True,True,True,True,True,False,True,True,True,True,True,True,True,True,True,True,True,True,True,True,True,True,True,True,False,True,True,False,True,False,False,False,False,True,True,True,True,True,True,True,True,True,True,True,True,True,True,True,True,True,True,True
2001-11,True,False,True,True,False,True,True,True,True,True,True,False,True,True,True,True,True,True,True,True,True,True,True,True,True,True,True,True,True,True,False,True,True,False,True,False,False,False,False,True,True,True,True,True,True,True,True,True,True,True,True,True,True,True,True,True,True,True
2001-12,True,False,True,True,False,True,True,True,True,True,True,False,True,True,True,True,True,True,True,True,True,True,True,True,True,True,True,True,True,True,False,True,True,False,True,False,False,False,False,True,True,True,True,True,True,True,True,True,True,True,True,True,True,True,True,True,True,True
2002-01,True,False,True,True,False,True,True,True,True,True,True,False,True,True,True,True,True,True,True,True,True,True,True,True,True,True,True,True,True,True,False,True,True,False,True,False,False,False,False,True,True,True,True,True,True,True,True,True,True,True,True,True,True,True,True,True,True,True
2002-02,True,False,True,True,True,True,True,True,True,True,True,False,True,True,True,True,True,True,True,True,True,True,True,True,True,True,True,True,True,True,True,True,True,True,True,True,False,False,False,True,True,True,True,True,True,True,True,True,True,True,True,True,True,True,True,True,True,True
2002-03,True,False,True,True,True,True,True,True,True,True,True,False,True,True,True,True,True,True,True,True,True,True,True,True,True,True,True,True,True,True,True,True,True,True,True,True,False,False,False,True,True,True,True,True,True,True,True,True,True,True,True,True,True,True,True,True,True,True
2002-04,True,False,True,True,True,True,True,True,True,True,True,False,True,True,True,True,True,True,True,True,True,True,True,True,True,True,True,True,True,True,True,True,True,True,True,True,False,False,False,True,True,True,True,True,True,True,True,True,True,True,True,True,True,True,True,True,True,True
2002-05,True,False,True,True,True,True,True,True,True,True,True,False,True,True,True,True,True,True,True,True,True,True,True,True,True,True,True,True,True,True,True,True,True,True,True,True,False,False,False,True,True,True,True,True,True,True,True,True,True,True,True,True,True,True,True,True,True,True
2002-06,True,False,True,True,True,True,True,True,True,True,True,False,True,True,True,True,True,True,True,True,True,True,True,True,True,True,True,True,True,True,True,True,True,True,True,True,False,False,False,True,True,True,True,True,True,True,True,True,True,True,True,True,True,True,True,True,True,True
2002-07,True,False,True,True,True,True,True,True,True,True,True,False,True,True,True,True,True,True,True,True,True,True,True,True,True,True,True,True,True,True,True,True,True,True,True,True,False,False,False,True,True,True,True,True,True,True,True,True,True,True,True,True,True,True,True,True,True,True
2002-08,True,False,True,True,True,True,True,True,True,True,True,False,True,True,True,True,True,True,True,True,True,True,True,True,True,True,True,True,True,True,True,True,True,True,True,True,False,False,False,True,True,True,True,True,True,True,True,True,True,True,True,True,True,True,True,True,True,True
2002-09,True,False,True,True,True,True,True,True,True,True,True,False,True,True,True,True,True,True,True,True,True,True,True,True,True,True,True,True,True,True,True,True,True,True,True,True,False,False,False,True,True,True,True,True,True,True,True,True,True,True,True,True,True,True,True,True,True,True
2002-10,True,False,True,True,True,True,True,True,True,True,True,False,True,True,True,True,True,True,True,True,True,True,True,True,True,True,True,True,True,True,True,True,True,True,True,True,False,False,False,True,True,True,True,True,True,True,True,True,True,True,True,True,True,True,True,True,True,True
2002-11,True,False,True,True,True,True,True,True,True,True,True,False,True,True,True,True,True,True,True,True,True,True,True,True,True,True,True,True,True,True,True,True,True,True,True,True,False,False,False,True,True,True,True,True,True,True,True,True,True,True,True,True,True,True,True,True,True,True
2002-12,True,False,True,True,True,True,True,True,True,True,True,False,True,True,True,True,True,True,True,True,True,True,True,True,True,True,True,True,True,True,True,True,True,True,True,True,False,False,False,True,True,True,True,True,True,True,True,True,True,True,True,True,True,True,True,True,True,True
2003-01,True,False,True,True,True,True,True,True,True,True,True,False,True,True,True,True,True,True,True,True,True,True,True,True,True,True,True,True,True,True,True,True,True,True,True,True,False,False,False,True,True,True,True,True,True,True,True,True,True,True,True,True,True,True,True,True,True,True
2003-02,True,False,True,True,True,True,True,True,True,True,True,False,True,True,True,True,True,True,True,True,True,True,True,True,True,True,True,True,True,True,True,True,True,True,True,True,False,False,False,True,True,True,True,True,True,True,True,True,True,True,True,True,True,True,True,True,True,True
2003-03,True,False,True,True,True,True,True,True,True,True,True,False,True,True,True,True,True,True,True,True,True,True,True,True,True,True,True,True,True,True,True,True,True,True,True,True,False,False,False,True,True,True,True,True,True,True,True,True,True,True,True,True,True,True,True,True,True,True
2003-04,True,False,True,True,True,True,True,True,True,True,True,False,True,True,True,True,True,True,True,True,True,True,True,True,True,True,True,True,True,True,True,True,True,True,True,True,False,False,False,True,True,True,True,True,True,True,True,True,True,True,True,True,True,True,True,True,True,True
2003-05,True,False,True,True,True,True,True,True,True,True,True,False,True,True,True,True,True,True,True,True,True,True,True,True,True,True,True,True,True,True,True,True,True,True,True,True,False,False,False,True,True,True,True,True,True,True,True,True,True,True,True,True,True,True,True,True,True,True
2003-06,True,False,True,True,True,True,True,True,True,True,True,False,True,True,True,True,True,True,True,True,True,True,True,True,True,True,True,True,True,True,True,True,True,True,True,True,False,False,False,True,True,True,True,True,True,True,True,True,True,True,True,True,True,True,True,True,True,True
2003-07,True,False,True,True,True,True,True,True,True,True,True,False,True,True,True,True,True,True,True,True,True,True,True,True,True,True,True,True,True,True,True,True,True,True,True,True,False,False,False,True,True,True,True,True,True,True,True,True,True,True,True,True,True,True,True,True,True,True
2003-08,True,False,True,True,True,True,True,True,True,True,True,False,True,True,True,True,True,True,True,True,True,True,True,True,True,True,True,True,True,True,True,True,True,True,True,True,False,False,False,True,True,True,True,True,True,True,True,True,True,True,True,True,True,True,True,True,True,True
2003-09,True,False,True,True,True,True,True,True,True,True,True,False,True,True,True,True,True,True,True,True,True,True,True,True,True,True,True,True,True,True,True,True,True,True,True,True,False,False,False,True,True,True,True,True,True,True,True,True,True,True,True,True,True,True,True,True,True,True
2003-10,True,False,True,True,True,True,True,True,True,True,True,False,True,True,True,True,True,True,True,True,True,True,True,True,True,True,True,True,True,True,True,True,True,True,True,True,False,False,False,True,True,True,True,True,True,True,True,True,True,True,True,True,True,True,True,True,True,True
2003-11,True,False,True,True,True,True,True,True,True,True,True,False,True,True,True,True,True,True,True,True,True,True,True,True,True,True,True,True,True,True,True,True,True,True,True,True,False,False,False,True,True,True,True,True,True,True,True,True,True,True,True,True,True,True,True,True,True,True
2003-12,True,False,True,True,True,True,True,True,True,True,True,False,True,True,True,True,True,True,True,True,True,True,True,True,True,True,True,True,True,True,True,True,True,True,True,True,False,False,False,True,True,True,True,True,True,True,True,True,True,True,True,True,True,True,True,True,True,True
2004-01,True,False,True,True,True,True,True,True,True,True,True,False,True,True,True,True,True,True,True,True,True,True,True,True,True,True,True,True,True,True,True,True,True,True,True,True,False,False,False,True,True,True,True,True,True,True,True,True,True,True,True,True,True,True,True,True,True,True
2004-02,True,False,True,True,True,True,True,True,True,True,True,False,True,True,True,True,True,True,True,True,True,True,True,True,True,True,True,True,True,True,True,True,True,True,True,True,False,False,False,True,True,True,True,True,True,True,True,True,True,True,True,True,True,True,True,True,True,True
2004-03,True,False,True,True,True,True,True,True,True,True,True,False,True,True,True,True,True,True,True,True,True,True,True,True,True,True,True,True,True,True,True,True,True,True,True,True,False,False,False,True,True,True,True,True,True,True,True,True,True,True,True,True,True,True,True,True,True,True
2004-04,True,False,True,True,True,True,True,True,True,True,True,False,True,True,True,True,True,True,True,True,True,True,True,True,True,True,True,True,True,True,True,True,True,True,True,True,True,False,False,True,True,True,True,True,True,True,True,True,True,True,True,True,True,True,True,True,True,True
2004-05,True,False,True,True,True,True,True,True,True,True,True,False,True,True,True,True,True,True,True,True,True,True,True,True,True,True,True,True,True,True,True,True,True,True,True,True,True,False,False,True,True,True,True,True,True,True,True,True,True,True,True,True,True,True,True,True,True,True
2004-06,True,False,True,True,True,True,True,True,True,True,True,False,True,True,True,True,True,True,True,True,True,True,True,True,True,True,True,True,True,True,True,True,True,True,True,True,True,False,False,True,True,True,True,True,True,True,True,True,True,True,True,True,True,True,True,True,True,True
2004-07,True,False,True,True,True,True,True,True,True,True,True,False,True,True,True,True,True,True,True,True,True,True,True,True,True,True,True,True,True,True,True,True,True,True,True,True,True,False,False,True,True,True,True,True,True,True,True,True,True,True,True,True,True,True,True,True,True,True
2004-08,True,False,True,True,True,True,True,True,True,True,True,False,True,True,True,True,True,True,True,True,True,True,True,True,True,True,True,True,True,True,True,True,True,True,True,True,True,False,False,True,True,True,True,True,True,True,True,True,True,True,True,True,True,True,True,True,True,True
2004-09,True,False,True,True,True,True,True,True,True,True,True,False,True,True,True,True,True,True,True,True,True,True,True,True,True,True,True,True,True,True,True,True,True,True,True,True,True,False,False,True,True,True,True,True,True,True,True,True,True,True,True,True,True,True,True,True,True,True
2004-10,True,False,True,True,True,True,True,True,True,True,True,False,True,True,True,True,True,True,True,True,True,True,True,True,True,True,True,True,True,True,True,True,True,True,True,True,True,False,False,True,True,True,True,True,True,True,True,True,True,True,True,True,True,True,True,True,True,True
2004-11,True,False,True,True,True,True,True,True,True,True,True,False,True,True,True,True,True,True,True,True,True,True,True,True,True,True,True,True,True,True,True,True,True,True,True,True,True,False,False,True,True,True,True,True,True,True,True,True,True,True,True,True,True,True,True,True,True,True
2004-12,True,False,True,True,True,True,True,True,True,True,True,False,True,True,True,True,True,True,True,True,True,True,True,True,True,True,True,True,True,True,True,True,True,True,True,True,True,False,False,True,True,True,True,True,True,True,True,True,True,True,True,True,True,True,True,True,True,True
2005-01,True,False,True,True,True,True,True,True,True,True,True,False,True,True,True,True,True,True,True,True,True,True,True,True,True,True,True,True,True,True,True,True,True,True,True,True,True,False,False,True,True,True,True,True,True,True,True,True,True,True,True,True,True,True,True,True,True,True
2005-02,True,False,True,True,True,True,True,True,True,True,True,False,True,True,True,True,True,True,True,True,True,True,True,True,True,True,True,True,True,True,True,True,True,True,True,True,True,False,False,True,True,True,True,True,True,True,True,True,True,True,True,True,True,True,True,True,True,True
2005-03,True,False,True,True,True,True,True,True,True,True,True,False,True,True,True,True,True,True,True,True,True,True,True,True,True,True,True,True,True,True,True,True,True,True,True,True,True,False,False,True,True,True,True,True,True,True,True,True,True,True,True,True,True,True,True,True,True,True
2005-04,True,False,True,True,True,True,True,True,True,True,True,False,True,True,True,True,True,True,True,True,True,True,True,True,True,True,True,True,True,True,True,True,True,True,True,True,True,False,False,True,True,True,True,True,True,True,True,True,True,True,True,True,True,True,True,True,True,True
2005-05,True,False,True,True,True,True,True,True,True,True,True,False,True,True,True,True,True,True,True,True,True,True,True,True,True,True,True,True,True,True,True,True,True,True,True,True,True,False,False,True,True,True,True,True,True,True,True,True,True,True,True,True,True,True,True,True,True,True
2005-06,True,False,True,True,True,True,True,True,True,True,True,False,True,True,True,True,True,True,True,True,True,True,True,True,True,True,True,True,True,True,True,True,True,True,True,True,True,False,False,True,True,True,True,True,True,True,True,True,True,True,True,True,True,True,True,True,True,True
2005-07,True,False,True,True,True,True,True,True,True,True,True,False,True,True,True,True,True,True,True,True,True,True,True,True,True,True,True,True,True,True,True,True,True,True,True,True,True,True,False,True,True,True,True,True,True,True,True,True,True,True,True,True,True,True,True,True,True,True
2005-08,True,False,True,True,True,True,True,True,True,True,True,False,True,True,True,True,True,True,True,True,True,True,True,True,True,True,True,True,True,True,True,True,True,True,True,True,True,True,False,True,True,True,True,True,True,True,True,True,True,True,True,True,True,True,True,True,True,True
2005-09,True,False,True,True,True,True,True,True,True,True,True,False,True,True,True,True,True,True,True,True,True,True,True,True,True,True,True,True,True,True,True,True,True,True,True,True,True,True,False,True,True,True,True,True,True,True,True,True,True,True,True,True,True,True,True,True,True,True
2005-10,True,False,True,True,True,True,True,True,True,True,True,False,True,True,True,True,True,True,True,True,True,True,True,True,True,True,True,True,True,True,True,True,True,True,True,True,True,True,False,True,True,True,True,True,True,True,True,True,True,True,True,True,True,True,True,True,True,True
2005-11,True,False,True,True,True,True,True,True,True,True,True,False,True,True,True,True,True,True,True,True,True,True,True,True,True,True,True,True,True,True,True,True,True,True,True,True,True,True,False,True,True,True,True,True,True,True,True,True,True,True,True,True,True,True,True,True,True,True
2005-12,True,False,True,True,True,True,True,True,True,True,True,False,True,True,True,True,True,True,True,True,True,True,True,True,True,True,True,True,True,True,True,True,True,True,True,True,True,True,False,True,True,True,True,True,True,True,True,True,True,True,True,True,True,True,True,True,True,True
2006-01,True,False,True,True,True,True,True,True,True,True,True,False,True,True,True,True,True,True,True,True,True,True,True,True,True,True,True,True,True,True,True,True,True,True,True,True,True,True,False,True,True,True,True,True,True,True,True,True,True,True,True,True,True,True,True,True,True,True
2006-02,True,False,True,True,True,True,True,True,True,True,True,False,True,True,True,True,True,True,True,True,True,True,True,True,True,True,True,True,True,True,True,True,True,True,True,True,True,True,False,True,True,True,True,True,True,True,True,True,True,True,True,True,True,True,True,True,True,True
2006-03,True,False,True,True,True,True,True,True,True,True,True,False,True,True,True,True,True,True,True,True,True,True,True,True,True,True,True,True,True,True,True,True,True,True,True,True,True,True,False,True,True,True,True,True,True,True,True,True,True,True,True,True,True,True,True,True,True,True
2006-04,True,False,True,True,True,True,True,True,True,True,True,False,True,True,True,True,True,True,True,True,True,True,True,True,True,True,True,True,True,True,True,True,True,True,True,True,True,True,False,True,True,True,True,True,True,True,True,True,True,True,True,True,True,True,True,True,True,True
2006-05,True,False,True,True,True,True,True,True,True,True,True,False,True,True,True,True,True,True,True,True,True,True,True,True,True,True,True,True,True,True,True,True,True,True,True,True,True,True,False,True,True,True,True,True,True,True,True,True,True,True,True,True,True,True,True,True,True,True
2006-06,True,False,True,True,True,True,True,True,True,True,True,False,True,True,True,True,True,True,True,True,True,True,True,True,True,True,True,True,True,True,True,True,True,True,True,True,True,True,False,True,True,True,True,True,True,True,True,True,True,True,True,True,True,True,True,True,True,True
2006-07,True,False,True,True,True,True,True,True,True,True,True,False,True,True,True,True,True,True,True,True,True,True,True,True,True,True,True,True,True,True,True,True,True,True,True,True,True,True,False,True,True,True,True,True,True,True,True,True,True,True,True,True,True,True,True,True,True,True
2006-08,True,False,True,True,True,True,True,True,True,True,True,False,True,True,True,True,True,True,True,True,True,True,True,True,True,True,True,True,True,True,True,True,True,True,True,True,True,True,False,True,True,True,True,True,True,True,True,True,True,True,True,True,True,True,True,True,True,True
2006-09,True,False,True,True,True,True,True,True,True,True,True,False,True,True,True,True,True,True,True,True,True,True,True,True,True,True,True,True,True,True,True,True,True,True,True,True,True,True,False,True,True,True,True,True,True,True,True,True,True,True,True,True,True,True,True,True,True,True
2006-10,True,False,True,True,True,True,True,True,True,True,True,False,True,True,True,True,True,True,True,True,True,True,True,True,True,True,True,True,True,True,True,True,True,True,True,True,True,True,False,True,True,True,True,True,True,True,True,True,True,True,True,True,True,True,True,True,True,True
2006-11,True,False,True,True,True,True,True,True,True,True,True,False,True,True,True,True,True,True,True,True,True,True,True,True,True,True,True,True,True,True,True,True,True,True,True,True,True,True,False,True,True,True,True,True,True,True,True,True,True,True,True,True,True,True,True,True,True,True
2006-12,True,False,True,True,True,True,True,True,True,True,True,False,True,True,True,True,True,True,True,True,True,True,True,True,True,True,True,True,True,True,True,True,True,True,True,True,True,True,False,True,True,True,True,True,True,True,True,True,True,True,True,True,True,True,True,True,True,True
2007-01,True,False,True,True,True,True,True,True,True,True,True,False,True,True,True,True,True,True,True,True,True,True,True,True,True,True,True,True,True,True,True,True,True,True,True,True,True,True,False,True,True,True,True,True,True,True,True,True,True,True,True,True,True,True,True,True,True,True
2007-02,True,False,True,True,True,True,True,True,True,True,True,False,True,True,True,True,True,True,True,True,True,True,True,True,True,True,True,True,True,True,True,True,True,True,True,True,True,True,False,True,True,True,True,True,True,True,True,True,True,True,True,True,True,True,True,True,True,True
2007-03,True,False,True,True,True,True,True,True,True,True,True,False,True,True,True,True,True,True,True,True,True,True,True,True,True,True,True,True,True,True,True,True,True,True,True,True,True,True,False,True,True,True,True,True,True,True,True,True,True,True,True,True,True,True,True,True,True,True
2007-04,True,False,True,True,True,True,True,True,True,True,True,False,True,True,True,True,True,True,True,True,True,True,True,True,True,True,True,True,True,True,True,True,True,True,True,True,True,True,False,True,True,True,True,True,True,True,True,True,True,True,True,True,True,True,True,True,True,True
2007-05,True,False,True,True,True,True,True,True,True,True,True,False,True,True,True,True,True,True,True,True,True,True,True,True,True,True,True,True,True,True,True,True,True,True,True,True,True,True,False,True,True,True,True,True,True,True,True,True,True,True,True,True,True,True,True,True,True,True
2007-06,True,False,True,True,True,True,True,True,True,True,True,False,True,True,True,True,True,True,True,True,True,True,True,True,True,True,True,True,True,True,True,True,True,True,True,True,True,True,False,True,True,True,True,True,True,True,True,True,True,True,True,True,True,True,True,True,True,True
2007-07,True,False,True,True,True,True,True,True,True,True,True,False,True,True,True,True,True,True,True,True,True,True,True,True,True,True,True,True,True,True,True,True,True,True,True,True,True,True,False,True,True,True,True,True,True,True,True,True,True,True,True,True,True,True,True,True,True,True
2007-08,True,False,True,True,True,True,True,True,True,True,True,False,True,True,True,True,True,True,True,True,True,True,True,True,True,True,True,True,True,True,True,True,True,True,True,True,True,True,False,True,True,True,True,True,True,True,True,True,True,True,True,True,True,True,True,True,True,True
2007-09,True,False,True,True,True,True,True,True,True,True,True,False,True,True,True,True,True,True,True,True,True,True,True,True,True,True,True,True,True,True,True,True,True,True,True,True,True,True,False,True,True,True,True,True,True,True,True,True,True,True,True,True,True,True,True,True,True,True
2007-10,True,False,True,True,True,True,True,True,True,True,True,False,True,True,True,True,True,True,True,True,True,True,True,True,True,True,True,True,True,True,True,True,True,True,True,True,True,True,False,True,True,True,True,True,True,True,True,True,True,True,True,True,True,True,True,True,True,True
2007-11,True,False,True,True,True,True,True,True,True,True,True,False,True,True,True,True,True,True,True,True,True,True,True,True,True,True,True,True,True,True,True,True,True,True,True,True,True,True,False,True,True,True,True,True,True,True,True,True,True,True,True,True,True,True,True,True,True,True
2007-12,True,False,True,True,True,True,True,True,True,True,True,False,True,True,True,True,True,True,True,True,True,True,True,True,True,True,True,True,True,True,True,True,True,True,True,True,True,True,False,True,True,True,True,True,True,True,True,True,True,True,True,True,True,True,True,True,True,True
2008-01,True,False,True,True,True,True,True,True,True,True,True,False,True,True,True,True,True,True,True,True,True,True,True,True,True,True,True,True,True,True,True,True,True,True,True,True,True,True,False,True,True,True,True,True,True,True,True,True,True,True,True,True,True,True,True,True,True,True
2008-02,True,False,True,True,True,True,True,True,True,True,True,False,True,True,True,True,True,True,True,True,True,True,True,True,True,True,True,True,True,True,True,True,True,True,True,True,True,True,False,True,True,True,True,True,True,True,True,True,True,True,True,True,True,True,True,True,True,True
2008-03,True,False,True,True,True,True,True,True,True,True,True,False,True,True,True,True,True,True,True,True,True,True,True,True,True,True,True,True,True,True,True,True,True,True,True,True,True,True,False,True,True,True,True,True,True,True,True,True,True,True,True,True,True,True,True,True,True,True
2008-04,True,False,True,True,True,True,True,True,True,True,True,False,True,True,True,True,True,True,True,True,True,True,True,True,True,True,True,True,True,True,True,True,True,True,True,True,True,True,False,True,True,True,True,True,True,True,True,True,True,True,True,True,True,True,True,True,True,True
2008-05,True,False,True,True,True,True,True,True,True,True,True,False,True,True,True,True,True,True,True,True,True,True,True,True,True,True,True,True,True,True,True,True,True,True,True,True,True,True,False,True,True,True,True,True,True,True,True,True,True,True,True,True,True,True,True,True,True,True
2008-06,True,False,True,True,True,True,True,True,True,True,True,False,True,True,True,True,True,True,True,True,True,True,True,True,True,True,True,True,True,True,True,True,True,True,True,True,True,True,False,True,True,True,True,True,True,True,True,True,True,True,True,True,True,True,True,True,True,True
2008-07,True,False,True,True,True,True,True,True,True,True,True,False,True,True,True,True,True,True,True,True,True,True,True,True,True,True,True,True,True,True,True,True,True,True,True,True,True,True,False,True,True,True,True,True,True,True,True,True,True,True,True,True,True,True,True,True,True,True
2008-08,True,False,True,True,True,True,True,True,True,True,True,False,True,True,True,True,True,True,True,True,True,True,True,True,True,True,True,True,True,True,True,True,True,True,True,True,True,True,False,True,True,True,True,True,True,True,True,True,True,True,True,True,True,True,True,True,True,True
2008-09,True,False,True,True,True,True,True,True,True,True,True,False,True,True,True,True,True,True,True,True,True,True,True,True,True,True,True,True,True,True,True,True,True,True,True,True,True,True,False,True,True,True,True,True,True,True,True,True,True,True,True,True,True,True,True,True,True,True
2008-10,True,False,True,True,True,True,True,True,True,True,True,False,True,True,True,True,True,True,True,True,True,True,True,True,True,True,True,True,True,True,True,True,True,True,True,True,True,True,False,True,True,True,True,True,True,True,True,True,True,True,True,True,True,True,True,True,True,True
2008-11,True,False,True,True,True,True,True,True,True,True,True,False,True,True,True,True,True,True,True,True,True,True,True,True,True,True,True,True,True,True,True,True,True,True,True,True,True,True,False,True,True,True,True,True,True,True,True,True,True,True,True,True,True,True,True,True,True,True
2008-12,True,False,True,True,True,True,True,True,True,True,True,False,True,True,True,True,True,True,True,True,True,True,True,True,True,True,True,True,True,True,True,True,True,True,True,True,True,True,False,True,True,True,True,True,True,True,True,True,True,True,True,True,True,True,True,True,True,True
2009-01,True,False,True,True,True,True,True,True,True,True,True,False,True,True,True,True,True,True,True,True,True,True,True,True,True,True,True,True,True,True,True,True,True,True,True,True,True,True,False,True,True,True,True,True,True,True,True,True,True,True,True,True,True,True,True,True,True,True
2009-02,True,False,True,True,True,True,True,True,True,True,True,False,True,True,True,True,True,True,True,True,True,True,True,True,True,True,True,True,True,True,True,True,True,True,True,True,True,True,False,True,True,True,True,True,True,True,True,True,True,True,True,True,True,True,True,True,True,True
2009-03,True,False,True,True,True,True,True,True,True,True,True,False,True,True,True,True,True,True,True,True,True,True,True,True,True,True,True,True,True,True,True,True,True,True,True,True,True,True,False,True,True,True,True,True,True,True,True,True,True,True,True,True,True,True,True,True,True,True
2009-04,True,False,True,True,True,True,True,True,True,True,True,False,True,True,True,True,True,True,True,True,True,True,True,True,True,True,True,True,True,True,True,True,True,True,True,True,True,True,False,True,True,True,True,True,True,True,True,True,True,True,True,True,True,True,True,True,True,True
2009-05,True,False,True,True,True,True,True,True,True,True,True,False,True,True,True,True,True,True,True,True,True,True,True,True,True,True,True,True,True,True,True,True,True,True,True,True,True,True,False,True,True,True,True,True,True,True,True,True,True,True,True,True,True,True,True,True,True,True
2009-06,True,False,True,True,True,True,True,True,True,True,True,False,True,True,True,True,True,True,True,True,True,True,True,True,True,True,True,True,True,True,True,True,True,True,True,True,True,True,False,True,True,True,True,True,True,True,True,True,True,True,True,True,True,True,True,True,True,True
2009-07,True,False,True,True,True,True,True,True,True,True,True,False,True,True,True,True,True,True,True,True,True,True,True,True,True,True,True,True,True,True,True,True,True,True,True,True,True,True,False,True,True,True,True,True,True,True,True,True,True,True,True,True,True,True,True,True,True,True
2009-08,True,False,True,True,True,True,True,True,True,True,True,False,True,True,True,True,True,True,True,True,True,True,True,True,True,True,True,True,True,True,True,True,True,True,True,True,True,True,False,True,True,True,True,True,True,True,True,True,True,True,True,True,True,True,True,True,True,True
2009-09,True,False,True,True,True,True,True,True,True,True,True,False,True,True,True,True,True,True,True,True,True,True,True,True,True,True,True,True,True,True,True,True,True,True,True,True,True,True,False,True,True,True,True,True,True,True,True,True,True,True,True,True,True,True,True,True,True,True
2009-10,True,False,True,True,True,True,True,True,True,True,True,False,True,True,True,True,True,True,True,True,True,True,True,True,True,True,True,True,True,True,True,True,True,True,True,True,True,True,False,True,True,True,True,True,True,True,True,True,True,True,True,True,True,True,True,True,True,True
2009-11,True,False,True,True,True,True,True,True,True,True,True,False,True,True,True,True,True,True,True,True,True,True,True,True,True,True,True,True,True,True,True,True,True,True,True,True,True,True,False,True,True,True,True,True,True,True,True,True,True,True,True,True,True,True,True,True,True,True
2009-12,True,False,True,True,True,True,True,True,True,True,True,False,True,True,True,True,True,True,True,True,True,True,True,True,True,True,True,True,True,True,True,True,True,True,True,True,True,True,False,True,True,True,True,True,True,True,True,True,True,True,True,True,True,True,True,True,True,True
2010-01,True,False,True,True,True,True,True,True,True,True,True,False,True,True,True,True,True,True,True,True,True,True,True,True,True,True,True,True,True,True,True,True,True,True,True,True,True,True,False,True,True,True,True,True,True,True,True,True,True,True,True,True,True,True,True,True,True,True
2010-02,True,False,True,True,True,True,True,True,True,True,True,False,True,True,True,True,True,True,True,True,True,True,True,True,True,True,True,True,True,True,True,True,True,True,True,True,True,True,False,True,True,True,True,True,True,True,True,True,True,True,True,True,True,True,True,True,True,True
2010-03,True,False,True,True,True,True,True,True,True,True,True,False,True,True,True,True,True,True,True,True,True,True,True,True,True,True,True,True,True,True,True,True,True,True,True,True,True,True,False,True,True,True,True,True,True,True,True,True,True,True,True,True,True,True,True,True,True,True
2010-04,True,False,True,True,True,True,True,True,True,True,True,False,True,True,True,True,True,True,True,True,True,True,True,True,True,True,True,True,True,True,True,True,True,True,True,True,True,True,False,True,True,True,True,True,True,True,True,True,True,True,True,True,True,True,True,True,True,True
2010-05,True,False,True,True,True,True,True,True,True,True,True,False,True,True,True,True,True,True,True,True,True,True,True,True,True,True,True,True,True,True,True,True,True,True,True,True,True,True,False,True,True,True,True,True,True,True,True,True,True,True,True,True,True,True,True,True,True,True
2010-06,True,False,True,True,True,True,True,True,True,True,True,False,True,True,True,True,True,True,True,True,True,True,True,True,True,True,True,True,True,True,True,True,True,True,True,True,True,True,False,True,True,True,True,True,True,True,True,True,True,True,True,True,True,True,True,True,True,True
2010-07,True,False,True,True,True,True,True,True,True,True,True,False,True,True,True,True,True,True,True,True,True,True,True,True,True,True,True,True,True,True,True,True,True,True,True,True,True,True,False,True,True,True,True,True,True,True,True,True,True,True,True,True,True,True,True,True,True,True
2010-08,True,False,True,True,True,True,True,True,True,True,True,False,True,True,True,True,True,True,True,True,True,True,True,True,True,True,True,True,True,True,True,True,True,True,True,True,True,True,False,True,True,True,True,True,True,True,True,True,True,True,True,True,True,True,True,True,True,True
2010-09,True,False,True,True,True,True,True,True,True,True,True,False,True,True,True,True,True,True,True,True,True,True,True,True,True,True,True,True,True,True,True,True,True,True,True,True,True,True,False,True,True,True,True,True,True,True,True,True,True,True,True,True,True,True,True,True,True,True
2010-10,True,False,True,True,True,True,True,True,True,True,True,False,True,True,True,True,True,True,True,True,True,True,True,True,True,True,True,True,True,True,True,True,True,True,True,True,True,True,False,True,True,True,True,True,True,True,True,True,True,True,True,True,True,True,True,True,True,True
2010-11,True,False,True,True,True,True,True,True,True,True,True,False,True,True,True,True,True,True,True,True,True,True,True,True,True,True,True,True,True,True,True,True,True,True,True,True,True,True,False,True,True,True,True,True,True,True,True,True,True,True,True,True,True,True,True,True,True,True
2010-12,True,False,True,True,True,True,True,True,True,True,True,False,True,True,True,True,True,True,True,True,True,True,True,True,True,True,True,True,True,True,True,True,True,True,True,True,True,True,False,True,True,True,True,True,True,True,True,True,True,True,True,True,True,True,True,True,True,True
2011-01,True,False,True,True,True,True,True,True,True,True,True,False,True,True,True,True,True,True,True,True,True,True,True,True,True,True,True,True,True,True,True,True,True,True,True,True,True,True,False,True,True,True,True,True,True,True,True,True,True,True,True,True,True,True,True,True,True,True
2011-02,True,False,True,True,True,True,True,True,True,True,True,False,True,True,True,True,True,True,True,True,True,True,True,True,True,True,True,True,True,True,True,True,True,True,True,True,True,True,False,True,True,True,True,True,True,True,True,True,True,True,True,True,True,True,True,True,True,True
2011-03,True,False,True,True,True,True,True,True,True,True,True,False,True,True,True,True,True,True,True,True,True,True,True,True,True,True,True,True,True,True,True,True,True,True,True,True,True,True,False,True,True,True,True,True,True,True,True,True,True,True,True,True,True,True,True,True,True,True
2011-04,True,False,True,True,True,True,True,True,True,True,True,False,True,True,True,True,True,True,True,True,True,True,True,True,True,True,True,True,True,True,True,True,True,True,True,True,True,True,False,True,True,True,True,True,True,True,True,True,True,True,True,True,True,True,True,True,True,True
2011-05,True,False,True,True,True,True,True,True,True,True,True,False,True,True,True,True,True,True,True,True,True,True,True,True,True,True,True,True,True,True,True,True,True,True,True,True,True,True,False,True,True,True,True,True,True,True,True,True,True,True,True,True,True,True,True,True,True,True
2011-06,True,False,True,True,True,True,True,True,True,True,True,False,True,True,True,True,True,True,True,True,True,True,True,True,True,True,True,True,True,True,True,True,True,True,True,True,True,True,False,True,True,True,True,True,True,True,True,True,True,True,True,True,True,True,True,True,True,True
2011-07,True,False,True,True,True,True,True,True,True,True,True,False,True,True,True,True,True,True,True,True,True,True,True,True,True,True,True,True,True,True,True,True,True,True,True,True,True,True,False,True,True,True,True,True,True,True,True,True,True,True,True,True,True,True,True,True,True,True
2011-08,True,False,True,True,True,True,True,True,True,True,True,False,True,True,True,True,True,True,True,True,True,True,True,True,True,True,True,True,True,True,True,True,True,True,True,True,True,True,False,True,True,True,True,True,True,True,True,True,True,True,True,True,True,True,True,True,True,True
2011-09,True,False,True,True,True,True,True,True,True,True,True,False,True,True,True,True,True,True,True,True,True,True,True,True,True,True,True,True,True,True,True,True,True,True,True,True,True,True,False,True,True,True,True,True,True,True,True,True,True,True,True,True,True,True,True,True,True,True
2011-10,True,True,True,True,True,True,True,True,True,True,True,False,True,True,True,True,True,True,True,True,True,True,True,True,True,True,True,True,True,True,True,True,True,True,True,True,True,True,False,True,True,True,True,True,True,True,True,True,True,True,True,True,True,True,True,True,True,True
2011-11,True,True,True,True,True,True,True,True,True,True,True,False,True,True,True,True,True,True,True,True,True,True,True,True,True,True,True,True,True,True,True,True,True,True,True,True,True,True,False,True,True,True,True,True,True,True,True,True,True,True,True,True,True,True,True,True,True,True
2011-12,True,True,True,True,True,True,True,True,True,True,True,False,True,True,True,True,True,True,True,True,True,True,True,True,True,True,True,True,True,True,True,True,True,True,True,True,True,True,False,True,True,True,True,True,True,True,True,True,True,True,True,True,True,True,True,True,True,True
2012-01,True,True,True,True,True,True,True,True,True,True,True,False,True,True,True,True,True,True,True,True,True,True,True,True,True,True,True,True,True,True,True,True,True,True,True,True,True,True,False,True,True,True,True,True,True,True,True,True,True,True,True,True,True,True,True,True,True,True
2012-02,True,True,True,True,True,True,True,True,True,True,True,False,True,True,True,True,True,True,True,True,True,True,True,True,True,True,True,True,True,True,True,True,True,True,True,True,True,True,False,True,True,True,True,True,True,True,True,True,True,True,True,True,True,True,True,True,True,True
2012-03,True,True,True,True,True,True,True,True,True,True,True,False,True,True,True,True,True,True,True,True,True,True,True,True,True,True,True,True,True,True,True,True,True,True,True,True,True,True,False,True,True,True,True,True,True,True,True,True,True,True,True,True,True,True,True,True,True,True
2012-04,True,True,True,True,True,True,True,True,True,True,True,False,True,True,True,True,True,True,True,True,True,True,True,True,True,True,True,True,True,True,True,True,True,True,True,True,True,True,False,True,True,True,True,True,True,True,True,True,True,True,True,True,True,True,True,True,True,True
2012-05,True,True,True,True,True,True,True,True,True,True,True,False,True,True,True,True,True,True,True,True,True,True,True,True,True,True,True,True,True,True,True,True,True,True,True,True,True,True,False,True,True,True,True,True,True,True,True,True,True,True,True,True,True,True,True,True,True,True
2012-06,True,True,True,True,True,True,True,True,True,True,True,False,True,True,True,True,True,True,True,True,True,True,True,True,True,True,True,True,True,True,True,True,True,True,True,True,True,True,False,True,True,True,True,True,True,True,True,True,True,True,True,True,True,True,True,True,True,True
2012-07,True,True,True,True,True,True,True,True,True,True,True,False,True,True,True,True,True,True,True,True,True,True,True,True,True,True,True,True,True,True,True,True,True,True,True,True,True,True,False,True,True,True,True,True,True,True,True,True,True,True,True,True,True,True,True,True,True,True
2012-08,True,True,True,True,True,True,True,True,True,True,True,False,True,True,True,True,True,True,True,True,True,True,True,True,True,True,True,True,True,True,True,True,True,True,True,True,True,True,False,True,True,True,True,True,True,True,True,True,True,True,True,True,True,True,True,True,True,True
2012-09,True,True,True,True,True,True,True,True,True,True,True,False,True,True,True,True,True,True,True,True,True,True,True,True,True,True,True,True,True,True,True,True,True,True,True,True,True,True,False,True,True,True,True,True,True,True,True,True,True,True,True,True,True,True,True,True,True,True
2012-10,True,True,True,True,True,True,True,True,True,True,True,False,True,True,True,True,True,True,True,True,True,True,True,True,True,True,True,True,True,True,True,True,True,True,True,True,True,True,False,True,True,True,True,True,True,True,True,True,True,True,True,True,True,True,True,True,True,True
2012-11,True,True,True,True,True,True,True,True,True,True,True,False,True,True,True,True,True,True,True,True,True,True,True,True,True,True,True,True,True,True,True,True,True,True,True,True,True,True,False,True,True,True,True,True,True,True,True,True,True,True,True,True,True,True,True,True,True,True
2012-12,True,True,True,True,True,True,True,True,True,True,True,False,True,True,True,True,True,True,True,True,True,True,True,True,True,True,True,True,True,True,True,True,True,True,True,True,True,True,False,True,True,True,True,True,True,True,True,True,True,True,True,True,True,True,True,True,True,True
2013-01,True,True,True,True,True,True,True,True,True,True,True,False,True,True,True,True,True,True,True,True,True,True,True,True,True,True,True,True,True,True,True,True,True,True,True,True,True,True,False,True,True,True,True,True,True,True,True,True,True,True,True,True,True,True,True,True,True,True
2013-02,True,True,True,True,True,True,True,True,True,True,True,False,True,True,True,True,True,True,True,True,True,True,True,True,True,True,True,True,True,True,True,True,True,True,True,True,True,True,False,True,True,True,True,True,True,True,True,True,True,True,True,True,True,True,True,True,True,True
2013-03,True,True,True,True,True,True,True,True,True,True,True,False,True,True,True,True,True,True,True,True,True,True,True,True,True,True,True,True,True,True,True,True,True,True,True,True,True,True,False,True,True,True,True,True,True,True,True,True,True,True,True,True,True,True,True,True,True,True
2013-04,True,True,True,True,True,True,True,True,True,True,True,False,True,True,True,True,True,True,True,True,True,True,True,True,True,True,True,True,True,True,True,True,True,True,True,True,True,True,False,True,True,True,True,True,True,True,True,True,True,True,True,True,True,True,True,True,True,True
2013-05,True,True,True,True,True,True,True,True,True,True,True,False,True,True,True,True,True,True,True,True,True,True,True,True,True,True,True,True,True,True,True,True,True,True,True,True,True,True,False,True,True,True,True,True,True,True,True,True,True,True,True,True,True,True,True,True,True,True
2013-06,True,True,True,True,True,True,True,True,True,True,True,False,True,True,True,True,True,True,True,True,True,True,True,True,True,True,True,True,True,True,True,True,True,True,True,True,True,True,False,True,True,True,True,True,True,True,True,True,True,True,True,True,True,True,True,True,True,True
2013-07,True,True,True,True,True,True,True,True,True,True,True,False,True,True,True,True,True,True,True,True,True,True,True,True,True,True,True,True,True,True,True,True,True,True,True,True,True,True,False,True,True,True,True,True,True,True,True,True,True,True,True,True,True,True,True,True,True,True
2013-08,True,True,True,True,True,True,True,True,True,True,True,False,True,True,True,True,True,True,True,True,True,True,True,True,True,True,True,True,True,True,True,True,True,True,True,True,True,True,False,True,True,True,True,True,True,True,True,True,True,True,True,True,True,True,True,True,True,True
2013-09,True,True,True,True,True,True,True,True,True,True,True,False,True,True,True,True,True,True,True,True,True,True,True,True,True,True,True,True,True,True,True,True,True,True,True,True,True,True,False,True,True,True,True,True,True,True,True,True,True,True,True,True,True,True,True,True,True,True
2013-10,True,True,True,True,True,True,True,True,True,True,True,False,True,True,True,True,True,True,True,True,True,True,True,True,True,True,True,True,True,True,True,True,True,True,True,True,True,True,False,True,True,True,True,True,True,True,True,True,True,True,True,True,True,True,True,True,True,True
2013-11,True,True,True,True,True,True,True,True,True,True,True,False,True,True,True,True,True,True,True,True,True,True,True,True,True,True,True,True,True,True,True,True,True,True,True,True,True,True,False,True,True,True,True,True,True,True,True,True,True,True,True,True,True,True,True,True,True,True
2013-12,True,True,True,True,True,True,True,True,True,True,True,False,True,True,True,True,True,True,True,True,True,True,True,True,True,True,True,True,True,True,True,True,True,True,True,True,True,True,False,True,True,True,True,True,True,True,True,True,True,True,True,True,True,True,True,True,True,True
2014-01,True,True,True,True,True,True,True,True,True,True,True,False,True,True,True,True,True,True,True,True,True,True,True,True,True,True,True,True,True,True,True,True,True,True,True,True,True,True,False,True,True,True,True,True,True,True,True,True,True,True,True,True,True,True,True,True,True,True
2014-02,True,True,True,True,True,True,True,True,True,True,True,False,True,True,True,True,True,True,True,True,True,True,True,True,True,True,True,True,True,True,True,True,True,True,True,True,True,True,False,True,True,True,True,True,True,True,True,True,True,True,True,True,True,True,True,True,True,True
2014-03,True,True,True,True,True,True,True,True,True,True,True,False,True,True,True,True,True,True,True,True,True,True,True,True,True,True,True,True,True,True,True,True,True,True,True,True,True,True,False,True,True,True,True,True,True,True,True,True,True,True,True,True,True,True,True,True,True,True
2014-04,True,True,True,True,True,True,True,True,True,True,True,False,True,True,True,True,True,True,True,True,True,True,True,True,True,True,True,True,True,True,True,True,True,True,True,True,True,True,False,True,True,True,True,True,True,True,True,True,True,True,True,True,True,True,True,True,True,True
2014-05,True,True,True,True,True,True,True,True,True,True,True,False,True,True,True,True,True,True,True,True,True,True,True,True,True,True,True,True,True,True,True,True,True,True,True,True,True,True,False,True,True,True,True,True,True,True,True,True,True,True,True,True,True,True,True,True,True,True
2014-06,True,True,True,True,True,True,True,True,True,True,True,False,True,True,True,True,True,True,True,True,True,True,True,True,True,True,True,True,True,True,True,True,True,True,True,True,True,True,False,True,True,True,True,True,True,True,True,True,True,True,True,True,True,True,True,True,True,True
2014-07,True,True,True,True,True,True,True,True,True,True,True,False,True,True,True,True,True,True,True,True,True,True,True,True,True,True,True,True,True,True,True,True,True,True,True,True,True,True,False,True,True,True,True,True,True,True,True,True,True,True,True,True,True,True,True,True,True,True
2014-08,True,True,True,True,True,True,True,True,True,True,True,False,True,True,True,True,True,True,True,True,True,True,True,True,True,True,True,True,True,True,True,True,True,True,True,True,True,True,False,True,True,True,True,True,True,True,True,True,True,True,True,True,True,True,True,True,True,True
2014-09,True,True,True,True,True,True,True,True,True,True,True,False,True,True,True,True,True,True,True,True,True,True,True,True,True,True,True,True,True,True,True,True,True,True,True,True,True,True,False,True,True,True,True,True,True,True,True,True,True,True,True,True,True,True,True,True,True,True
2014-10,True,True,True,True,True,True,True,True,True,True,True,False,True,True,True,True,True,True,True,True,True,True,True,True,True,True,True,True,True,True,True,True,True,True,True,True,True,True,False,True,True,True,True,True,True,True,True,True,True,True,True,True,True,True,True,True,True,True
2014-11,True,True,True,True,True,True,True,True,True,True,True,False,True,True,True,True,True,True,True,True,True,True,True,True,True,True,True,True,True,True,True,True,True,True,True,True,True,True,False,True,True,True,True,True,True,True,True,True,True,True,True,True,True,True,True,True,True,True
2014-12,True,True,True,True,True,True,True,True,True,True,True,False,True,True,True,True,True,True,True,True,True,True,True,True,True,True,True,True,True,True,True,True,True,True,True,True,True,True,False,True,True,True,True,True,True,True,True,True,True,True,True,True,True,True,True,True,True,True
