month,correlated_band00_0bps_trend,correlated_band00_0bps_static,correlated_band00_5bps_trend,correlated_band00_5bps_static,correlated_band00_10bps_trend,correlated_band00_10bps_static,correlated_band10_0bps_trend,correlated_band10_0bps_static,correlated_band10_5bps_trend,correlated_band10_5bps_static,correlated_band10_10bps_trend,correlated_band10_10bps_static
1976-01,0.0,0.0,0.0,0.0,0.0,0.0,0.0,0.0,0.0,0.0,0.0,0.0
1976-02,-0.006971407667636957,0.016144900532244127,-0.007295692168671709,0.015905577808845744,-0.007619764941447427,0.015666367789609083,-0.006971407667636957,0.016144900532244127,-0.007295692168671709,0.015905577808845744,-0.007619764941447427,0.015666367789609083
1976-03,-0.005660619347901237,-0.012833569921746023,-0.005827064078075444,-0.01284110126002329,-0.0059933884745771125,-0.012848631151571241,-0.005871797905297337,-0.013142603278632495,-0.0060205862849633226,-0.013143496912776588,-0.006169374664629305,-0.013144390974052591
1976-04,-0.009285870941675673,0.019348563144938456,-0.009441661506405866,0.019337834117891108,-0.009597513439548486,0.019327108297797047,-0.008167238596457986,0.01828294230485311,-0.008307890146082911,0.018282353414003034,-0.008448572956966107,0.01828176452315297
1976-05,-0.01686103420328374,0.018610551574949893,-0.01707352449281919,0.018593985571812112,-0.017285824883267072,0.018577419890667263,-0.013763532629301729,0.01744424623044436,-0.013938536350874891,0.017442819435918376,-0.01411342380847724,0.0174413926289432
1976-06,0.036433710748162255,0.019111960047854794,0.03600402373402509,0.019099564815133245,0.03557428701727936,0.019087173381235605,0.035760284045003116,0.01903062024351862,0.03539009163137244,0.019026503795700905,0.035019685576000825,0.019022387553846106
1976-07,-0.023128389979597465,-0.033767116117181264,-0.023258988425777657,-0.033790135833400646,-0.023389614167790392,-0.03381315479558714,-0.023853406973161052,-0.03427787470966018,-0.023981942103224147,-0.034287710662537545,-0.02411053595564406,-0.03429754846466408
1976-08,0.027753837504259714,-0.01430298288318221,0.02740721181125381,-0.014335125682243814,0.0270608681263708,-0.014367250615991579,0.024886139878882274,-0.012759655763808136,0.024569026922336232,-0.012777080938910335,0.02425191396579019,-0.012794506530717545
1976-09,-0.004623042780887876,-0.012407656697085523,-0.004819495149679937,-0.012426658359122702,-0.005015760565516466,-0.012445659119157817,-0.004718310704778947,-0.01213226811367243,-0.004895960107106379,-0.012140985313106173,-0.005073450567595403,-0.012149699328791175
1976-10,0.027077358699848987,-0.004759576586779163,0.02690654025641339,-0.004777552419081939,0.026735618749053704,-0.0047955273672177015,0.02831763006512363,-0.003982352748618855,0.028194750636931096,-0.003987951883030535,0.02807168438225106,-0.003993548462222434
1976-11,-0.010173973251125368,-0.005370197674094017,-0.010384514577011764,-0.00538759801879589,-0.010594847102513481,-0.005404997281154807,-0.009824350961779846,-0.0054434812857275675,-0.009997609522381375,-0.005451231877336221,-0.01017085418884286,-0.00545897962538922
1976-12,0.0006141290993058081,-0.0027908238292743857,0.000591451750217761,-0.002804860097654633,0.0005687786024924587,-0.0028188920745949183,-0.0017428168836792443,-0.001218827159874166,-0.0017524813059847848,-0.0012231679982798792,-0.0017620718430258523,-0.0012275074018805255
1977-01,-0.1259602738381579,0.07663079659885054,-0.12612909912830036,0.07661250779080031,-0.12629790821290654,0.07659421951023558,-0.11318112348400693,0.06915752787407664,-0.11336512812394565,0.0691483978060531,-0.11354916551157103,0.06913926699174518
1977-02,0.034270581320145814,0.02341733521752654,0.03369796716215594,0.023285461043713096,0.03312526186760706,0.02315365495925055,0.03423993825006815,0.023418076105750654,0.033737172751428526,0.02330730928658519,0.03323397699001426,0.023196544273310978
1977-03,0.040838809234090084,0.02119601232632186,0.04078358984781885,0.021160056871129186,0.040728366054571835,0.02112409945924208,0.04327226088239096,0.023016230296991277,0.043233806853629576,0.022992708065335276,0.04319533223767567,0.022969188930973463
1977-04,0.015131375550893382,0.005106147110910272,0.015099310478548495,0.005084429040751389,0.015067258885702392,0.005062717301705851,0.015449666758381823,0.006719277534818934,0.015426051930697945,0.006702664757542063,0.015402425279236055,0.006686053531408569
1977-05,0.013725303203012776,-0.017369414027036408,0.013509397219232038,-0.017388273955868463,0.013293734889645007,-0.017407128959830747,0.012465878788844913,-0.015021261814613402,0.012293323058607565,-0.015033140981019317,0.012120767328370216,-0.015045019782342177
1977-06,-0.030953936736520218,-0.03721273498960897,-0.03114159138133037,-0.037235053283587456,-0.031329246026140525,-0.03725735998120832,-0.02788379135392885,-0.03688508635569849,-0.028045528974962125,-0.036902203443921706,-0.028207156090699136,-0.03691931765176299
1977-07,0.03287887029985749,-0.04417240022914477,0.032703090575484324,-0.04418915904229079,0.03252713062903636,-0.044205915374662744,0.03482770900723525,-0.03983710971116553,0.03468572121700873,-0.039843306559379586,0.03454373419821513,-0.03984950018544401
1977-08,0.010484658757850542,-0.014734684669247992,0.01037107085728583,-0.0147847228798203,0.010257483201398635,-0.014834736804758275,0.008818175321434118,-0.01288913445171895,0.008721517954032558,-0.012930345312403816,0.008624865332992789,-0.01297155162515855
1977-09,-0.020101839976068715,0.02033596284538479,-0.020371935554815743,0.02029416725496693,-0.020642008493686016,0.020252394203600844,-0.0171799631741597,0.018674386617060695,-0.017456303979450975,0.01864203833116959,-0.01773269408223132,0.01860971262683614
1977-10,0.0013343308709611152,0.025555188871844464,0.0011380722683527118,0.025531167996291806,0.0009418732498309393,0.025507149433880712,0.0013235642875310595,0.023662687808749756,0.0011391444630227533,0.02365391856390585,0.0009547010134187925,0.023645160101355218
1977-11,-0.016518163166053597,0.03500502887595122,-0.016666327168514766,0.03498192634978981,-0.01681454542578344,0.03495882272218802,-0.014153561360507872,0.03301923048652761,-0.014285294563633677,0.03301281548021307,-0.014417150201584607,0.033006401321381405
1977-12,0.0052125921994034975,0.024196272407734,0.005018068684152321,0.02417759917168544,0.004823677005747181,0.024158928244463026,0.0056037685279174635,0.02423224023049303,0.0054493220849886745,0.024229843221560264,0.005294908714569148,0.02422744988608846
1978-01,0.05087871041008578,0.01786085631724845,0.05074992142893568,0.017842500052630883,0.050621206954612336,0.017824152503936288,0.04875574665370055,0.01833085495892255,0.048663580284124805,0.018326470482986596,0.04857146847741308,0.018322087309425545
1978-02,0.04225166249440544,0.00561522391816754,0.04195728174138752,0.005471516411431154,0.04166284269590925,0.005327732489716861,0.04327362848328525,0.006566611677999568,0.04302792900129113,0.006445932658142275,0.042782141660543484,0.0063251649861695855
1978-03,-0.04060229263263545,0.06673248826607522,-0.04103472071789884,0.06659715502641994,-0.04146733194381891,0.06646191800468679,-0.03928500694037711,0.06288458099602941,-0.03972218802622624,0.06278054513020198,-0.04015996284392603,0.06267651156988926
1978-04,-0.031025373024456612,-0.02337060478049848,-0.03128063643464621,-0.023413749420065983,-0.03153572979420501,-0.0234568911938927,-0.02847132201583574,-0.02133758032026818,-0.028691198719978217,-0.02134521437079947,-0.028911210347081422,-0.02135285097710679
1978-05,0.013484406853832488,0.056834499924274084,0.013241338517961885,0.05681288623989686,0.012998265528906391,0.05679126935594672,0.01174766084352797,0.055969255196602466,0.01152058188207981,0.055965740589864886,0.01129312516061023,0.05596222741478501
1978-06,-0.020088133380087282,-0.06052139107575956,-0.02044588996954528,-0.06055749741899462,-0.020803646559003273,-0.06059360065858059,-0.023630365422636357,-0.06133339652298461,-0.02394910238483059,-0.06135117976279862,-0.02426780494149496,-0.06136906164063088
1978-07,0.05156149879485199,0.018084571127695428,0.05152620918531127,0.01805643737912002,0.05149108420751557,0.018028289985042304,0.05036216658148833,0.01885024084818191,0.05037316549905748,0.018839348860299154,0.0503841897966472,0.018828443168042067
1978-08,0.012405760723731821,0.030612012810964522,0.012106714203337648,0.03053846160653193,0.011807392493896625,0.030464931495074545,0.011780487650689462,0.02740862279443476,0.011520562128397346,0.027372421386846917,0.011260027604493267,0.02733621697765034
1978-09,0.026019557003782882,0.044043313981289314,0.025840162229888008,0.044008778567075114,0.02566093613551702,0.04397426491817991,0.024551670991991764,0.044335428445088976,0.02441437500305013,0.04432910455037771,0.024277159682410645,0.04432278798186948
1978-10,0.10528992808084092,0.08796556877622058,0.10526526264523603,0.08794225493369906,0.10524060399993168,0.08791895509729507,0.10182239213879073,0.08593307336468223,0.10182143092160896,0.08592573760182654,0.10182046661281363,0.08591840857286148
1978-11,-0.049950441089457155,-0.05904347625481578,-0.05003083211885389,-0.05910866964816389,-0.0501112068040238,-0.059173852144645954,-0.05369074781247749,-0.06283414119162344,-0.05371881684919118,-0.0628651179317142,-0.05374681754258584,-0.06289609807137354
1978-12,0.03866909232680125,0.01683782829125025,0.03850197500416097,0.016800241170980026,0.03833503045444981,0.01676262861096026,0.037154879980595384,0.018991845054541077,0.03703364223205462,0.018974450973032155,0.03691244554061409,0.018956977939245945
1979-01,0.02383225821366168,0.018834986927956567,0.02377705977034562,0.018800141447295297,0.023721890949278422,0.01876530727423339,0.020391621105152948,0.018438180907874795,0.02036323835420301,0.018422299279259473,0.02033495523126294,0.01840642325797578
1979-02,0.06151391798222063,0.03977619832688015,0.06124341694115469,0.03963126763477949,0.060972930654371114,0.0394862449438435,0.061116135548392965,0.04153651014629381,0.06088944804870786,0.041403310130889465,0.060662755961870984,0.041269985159156156
1979-03,-0.01940070062445,-0.022041569870186448,-0.019437142232856024,-0.022064809965573588,-0.019473556149580656,-0.022088044967017686,-0.02078260448522802,-0.023009680600309463,-0.02080073397885239,-0.023020184236647506,-0.02081879550550242,-0.023030696725044424
1979-04,0.02369022042160797,0.01869211530344156,0.023662795143202593,0.018673910514052258,0.023635359244505695,0.018655700845004907,0.023767116465123847,0.01942021328784859,0.023759072974679562,0.019416577652117975,0.023750724687063223,0.019412942088970805
1979-05,0.013261753237257258,0.007615060895426719,0.013226246379487173,0.00759072454373541,0.013190751268859853,0.007566390952191379,0.01443043104407722,0.00886151255993035,0.014422461661375535,0.00885611589325595,0.014414439759189313,0.008850718928639213
1979-06,0.03922093142945134,0.05234790868706134,0.03902599959810608,0.05231999758614922,0.03883106776676081,0.052292102426273135,0.038256691991166596,0.05186956749098284,0.03809325527165433,0.05185757183578245,0.0379298142080982,0.05184557640492381
1979-07,-0.00682181879653678,-0.01952624587346661,-0.007232233282998591,-0.019575644154199226,-0.007643286640079914,-0.019625042980088818,-0.0054668071432841855,-0.018365300744421865,-0.005816335012474591,-0.018395364460369663,-0.006166384461203411,-0.01842543050051288
1979-08,0.06330073331229943,0.07273578568375942,0.0630831275192626,0.07269581072351176,0.06286583497045996,0.07265586638863783,0.05890706631344273,0.07003116599704609,0.058752370216031864,0.07001377050118995,0.05859767901971313,0.06999638997092561
1979-09,0.09585693747821303,0.08006461659297215,0.09570469135939137,0.08002977312691438,0.09555243699644198,0.07999493580131296,0.0998087351062805,0.08383706119666728,0.09971257013411848,0.0838284116367841,0.0996163884802017,0.08381976016781897
1979-10,-0.08343330686115841,-0.0482015394818242,-0.08377165518289494,-0.04829031917098696,-0.08411000350463145,-0.04837901733601772,-0.07916267414315815,-0.04667318140278847,-0.07944880069496307,-0.04674363479392268,-0.07973477746173899,-0.04681407773132337
1979-11,0.03490109046287056,0.056288653399143254,0.03440528542350074,0.05625767891592118,0.03390882646418554,0.056226680134476785,0.03474937612205289,0.05613028243695485,0.034316664538603894,0.056125428687560035,0.0338838169967834,0.05612057225347752
1979-12,0.0554849538846114,0.02973770655091892,0.055277692476148235,0.02971963160915593,0.05507044186182385,0.029701557559865036,0.06298825231604017,0.034361939739917136,0.0627901004095763,0.03435122600784131,0.0625915099953986,0.03434052092181586
1980-01,0.08223943452106591,0.03890404169777534,0.08195702942099131,0.03884468929822623,0.08167471569970551,0.03878538038521231,0.08682407426331896,0.043047251227469614,0.08658496294446881,0.04300600903374355,0.08634587545207643,0.042964791291162735
1980-02,0.005517850122250386,-0.030677420014362407,0.0053286209744583726,-0.0307463325060212,0.005139585458407523,-0.030815196742248332,0.006313859051965198,-0.02731297578926586,0.006157458642297731,-0.02737335842041769,0.006001698709461926,-0.027433708308469373
1980-03,-0.017894911304391865,-0.12485504188577784,-0.01832066946556115,-0.12487054873631519,-0.01874658914693552,-0.12488606036221732,-0.023843924189579722,-0.12220029360131773,-0.024236467815822154,-0.12221428411191643,-0.024629382057172033,-0.12222826606308025
1980-04,-0.0405928136797515,0.013842362931991519,-0.040651520789851334,0.013755102933900133,-0.04071016287010505,0.013667765046378413,-0.0381428002938797,0.015682936499016017,-0.03816603838039271,0.015643698933190654,-0.03818926277459596,0.015604366194889242
1980-05,0.01789222922186699,0.030992492466982335,0.017606595963295904,0.030958377232589537,0.01732106736975392,0.0309242669711582,0.01906042851676546,0.032300671254041,0.018814427480713377,0.03228872586938036,0.018568438336243227,0.03227678164656308
1980-06,-0.027818935720567328,0.040200382169821455,-0.028050682538637274,0.04016949575797471,-0.02828264489942074,0.04013861512866458,-0.026502523072934405,0.037690380229496716,-0.026689203645086486,0.03767778462650874,-0.026876455206344862,0.03766518658549891
1980-07,-0.03443324453968411,0.04379237882239989,-0.03479601742033866,0.043756972111680496,-0.03515894781253273,0.04372158160381628,-0.03530491727605492,0.040339064310812786,-0.03565962143135636,0.04032936443072493,-0.03601462203564682,0.040319666332527974
1980-08,0.02751183009467242,0.010780320097129661,0.026988833678292225,0.01073457931321312,0.02646583726191203,0.010688860226214947,0.026967461676610217,0.01174136320889304,0.02648666256573307,0.011729804635906463,0.02600588244531808,0.011718257302100528
1980-09,0.03375415142620119,0.006741248846731753,0.03329313162041199,0.006716150524812011,0.03283188428398905,0.006691057849444008,0.029575998987329752,0.006467556553017734,0.029142374497213915,0.006456668904493761,0.028708659372740863,0.006445786375629617
1980-10,0.018802026335263025,0.01021817704400482,0.018755533273910135,0.010194734384290537,0.018709446519779727,0.010171303662712941,0.01783269213718861,0.009505043636800799,0.01783351522282286,0.00949654780563398,0.01783455355415375,0.009488056678101977
1980-11,0.0047322855123660915,-0.012464519522973888,0.004419957410391346,-0.012493972476913919,0.004107443347259597,-0.012523416460728338,0.003410792910705252,-0.011775318465747435,0.003125489550720555,-0.011781910661917482,0.002839623807027744,-0.011788491421702803
1980-12,-0.03369102391277741,-0.07404652762054119,-0.033717546446983424,-0.07405990046347795,-0.03374404429846057,-0.07407326844404162,-0.036770730146681474,-0.07303515689288528,-0.03677610710678458,-0.07304265388432976,-0.03678150256983778,-0.07305015258013822
1981-01,-0.036734673877521204,-0.043367465804831015,-0.037007668666973706,-0.043395122491736805,-0.03728066345642621,-0.04342279974708627,-0.033021778587905504,-0.045977380046834326,-0.033265279742365206,-0.04598463520184194,-0.03350878637547994,-0.045991896525362265
1981-02,0.021995334415614704,-0.03438598500882241,0.0212448289462757,-0.03467130251546948,0.02049370806779353,-0.034956730513177915,0.021680838714264856,-0.03441876959072718,0.021025289790283435,-0.034687366446360536,0.020369033019818277,-0.03495611558383564
1981-03,-0.007369947801210215,0.005316105223615054,-0.007680351627102984,0.005294105044422545,-0.00799025297817676,0.005272086118429901,-0.0068948273944507785,0.0054182702166121225,-0.007172550469125362,0.00540384783606142,-0.007450273543799933,0.005389409603933266
1981-04,-0.008361934636097097,-0.038183528104544104,-0.008838918775543485,-0.03820780554328742,-0.009315902914989873,-0.038232077898897036,-0.009552656774013919,-0.03757657590069913,-0.009979418767148264,-0.03758015314820102,-0.010405907119643402,-0.037583731589851156
1981-05,0.00971697855856074,-0.025619909628220992,0.009517219298612671,-0.02564065298751879,0.009317623356989607,-0.02566141385352467,0.009148525166699385,-0.02638346791536926,0.008962065123680436,-0.02638658721289483,0.00877589003581038,-0.026389715258480446
1981-06,0.02717290809130408,-0.07157207187759242,0.02682765937319417,-0.07159055238489505,0.026481567519137685,-0.07160903022840893,0.02744274620087289,-0.07191476700168958,0.027178510126653406,-0.07191517443541492,0.026913385367439854,-0.07191558141051776
1981-07,0.012126622779405181,-0.008179596581478793,0.011893027735823212,-0.008216822756464258,0.01165919299979312,-0.008254079325415402,0.014844232941461845,-0.010726925653730013,0.014629078100605188,-0.010743718009674724,0.014413597458735036,-0.010760529934841181
1981-08,0.03493555264316427,-0.03914265595625243,0.03466095381903249,-0.039170112996847334,0.03438610162977417,-0.03919756661608901,0.03476810196305216,-0.0407549897375371,0.03449963509087738,-0.04076638557577973,0.03423093090081084,-0.04077779379835582
1981-09,0.012762057697888927,-0.01167651696291192,0.01271981746111442,-0.011715655581122354,0.012677602588544883,-0.011754805490605957,0.011855159252377963,-0.011712016049624107,0.0118461942158981,-0.01172843699899813,0.011837224754113012,-0.011744875873647625
1981-10,-0.00855132403499468,0.019522326126922295,-0.008711938584970255,0.019491554121653508,-0.008872333570717136,0.019460801293526817,-0.007104238773198027,0.020911547899711787,-0.0072186698866585994,0.02090305829922277,-0.007333119400635035,0.02089456873977199
1981-11,-0.003921035410594884,0.0041299013626831926,-0.003950538222220649,0.004089693068455785,-0.003980025269363288,0.00404952041866115,-0.004505431928798364,0.005050734551886839,-0.004518900577790674,0.005038473802317335,-0.0045322806378667955,0.005026213883229707
1981-12,0.05321585662843091,-0.0504531505272371,0.05287811236615044,-0.050495716875619885,0.052540528852010396,-0.050538273125629786,0.049975783162032834,-0.04718752839242926,0.04968681305295096,-0.04720197963035508,0.049397845023621004,-0.04721642532281351
1982-01,-0.005917103856659587,0.02039375185386382,-0.0060763622488556384,0.020374769398354853,-0.006235385286568196,0.020355769179888857,-0.004760046047411694,0.018022710667763106,-0.004877525852809273,0.018020383078006935,-0.004994703385100653,0.018018054887653984
1982-02,0.04390367055662123,-0.0490066975867835,0.04381786698898624,-0.049046251132326656,0.04373211865754564,-0.0490857850209202,0.040155429616447906,-0.046536903107114364,0.04009908746248824,-0.04654320164198717,0.04004286573818986,-0.04654950071192256
1982-03,0.014003220404981,-0.007641697966443406,0.013654049219705363,-0.007666756012747049,0.013305385716291616,-0.007691829362676568,0.011820901775562559,-0.005906854908317785,0.011499291742546405,-0.005918327368899576,0.011177705705112284,-0.005929810643575571
1982-04,-0.004506545841980276,0.012839888226988684,-0.004536379735744657,0.012818040255795334,-0.004566185559955335,0.012796196541094183,-0.004041726079058392,0.013683705423427511,-0.004057064168034362,0.013673717088821397,-0.004072154919789105,0.013663730746608012
1982-05,0.043016509961005416,-0.03263217296051666,0.04258327060668128,-0.03265051707333585,0.04215080006858775,-0.03266886006218588,0.03844668448205687,-0.030380105058641242,0.03805840458004103,-0.030388364265078228,0.03767010058390342,-0.030396623132430245
1982-06,0.037405886738025265,-0.040749125403099426,0.03701919595097932,-0.04076688623515524,0.0366329808292834,-0.04078465807262628,0.03375930708932736,-0.04063632231630099,0.03339465013740368,-0.040645975727484934,0.03303016658641771,-0.040655630349578926
1982-07,0.008928262092263401,-0.005913568672154394,0.008860624809254149,-0.0059341020172730755,0.008793103408195132,-0.005954636755820683,0.007436497992979942,-0.004186856242501772,0.007389947530941785,-0.004196336303035379,0.007343882543902374,-0.004205818488788962
1982-08,0.0359067414166923,-0.008124875065374059,0.035411808856400384,-0.008155553116469304,0.03491783441543615,-0.008186228499848385,0.03333669154476747,-0.005571384301135814,0.03287820059640111,-0.0055903674231866365,0.032419737471330645,-0.0056093539637759645
1982-09,0.041875455116688595,-0.03791383098929611,0.04155463274446052,-0.037951298639471276,0.04123379871305356,-0.0379887445335626,0.04022902754044259,-0.03392376391732978,0.039955571534989076,-0.03394304459253703,0.03968217933691473,-0.03396231702538167
1982-10,-0.0032699278972736622,0.00913528399847513,-0.0036493063495779466,0.009111125327691316,-0.004028096617802421,0.009086966599083054,-0.0020953370382447486,0.009183086911570312,-0.00245883878238377,0.009165495079335166,-0.002822029567400551,0.009147903769689946
1982-11,-0.05116858452588009,0.04176948624087656,-0.05126848994894015,0.041732683596146763,-0.05136824539965042,0.04169591304705896,-0.04710974887723733,0.03830007317763915,-0.047192183491217905,0.03828348976558396,-0.047274232072092914,0.03826693693455086
1982-12,-0.006617180294473651,0.006252354990417274,-0.007020261162513383,0.006218288692229368,-0.007423860443625891,0.0061842248804234315,-0.006929458984610008,0.006679866190182451,-0.007241370711750992,0.006672995850697769,-0.007554044622971988,0.0066661417936328335
1983-01,0.006884830502513575,0.014662329841993437,0.006772442892010269,0.01463664537105904,0.00666022564663546,0.014610959387574824,0.006473117165802772,0.014297732080639624,0.0064119901590136705,0.014292390797846643,0.006350854292760618,0.014287051126506039
1983-02,0.028337684209879012,-0.033341098362791546,0.02821558974259213,-0.03337947422980493,0.02809364833478062,-0.03341783278018239,0.023818214214746464,-0.033337594007963406,0.023739308011517014,-0.033353420705735055,0.023660447017835647,-0.03336924186975174
1983-03,-0.0615958124301335,0.03462621243530594,-0.061926310495661926,0.034590929579271665,-0.062256374018158166,0.034555634633024086,-0.057008266392003154,0.03256563437275784,-0.05731509246731067,0.03256147207483963,-0.05762183297258597,0.03255731331311218
1983-04,0.0015570298545289456,0.00775550429306442,0.0013754457696231533,0.0076570635397680145,0.001193861684717361,0.007558740153336751,0.0013521520308894738,0.006682325101805744,0.0012378219477146935,0.006634300245343533,0.0011236410594371187,0.0065863125708444945
1983-05,0.012192404223773651,0.0018716024853493787,0.01191067851895557,0.001836686112547978,0.011628909537428112,0.0018017763957374339,0.01076668704376201,0.0017777236476855876,0.010518252106922952,0.0017616419577530134,0.010269834676074138,0.0017455861356845488
1983-06,-0.01911001402780512,-0.015982891980819185,-0.01926131454418611,-0.016053592946722695,-0.01941223775229553,-0.016124215686082674,-0.020214484441580208,-0.016690935342966014,-0.020324602547747265,-0.01673781922379523,-0.0204344414321153,-0.016784664944937345
1983-07,-0.03865605731618263,0.019100257642923127,-0.03885587713321049,0.01906465051703021,-0.03905580516499882,0.019029094804253008,-0.038963321674342036,0.017677016775126127,-0.03914792533917282,0.01765850996822569,-0.03933260982466166,0.017640088759521676
1983-08,0.058587871638215626,0.038631157718449216,0.058204804496964614,0.03858353475057712,0.05782132996209572,0.038535958315038636,0.058271192029110366,0.04268735099938477,0.05791396669846622,0.042661250786081045,0.05755643342103017,0.04263516838908722
1983-09,-0.010330639667080907,-0.0016526084501585032,-0.010571585221917644,-0.0017525515660402906,-0.010812262364378584,-0.001852399983357605,-0.009340135411567505,-0.0026602508885199515,-0.009493910697202722,-0.0027470269207040708,-0.009647169116812009,-0.0028337908273797312
1983-10,-0.024503164195510446,-0.03743444400968689,-0.02464884976519091,-0.03747447520574231,-0.024794745423655444,-0.03751449708568515,-0.024209875377382787,-0.036081360358126036,-0.024313553879072837,-0.03609876109269385,-0.02441714688990212,-0.03611610136521819
1983-11,-0.0034102142951211046,0.0016024927283377149,-0.003730986889886515,0.0015609430572255147,-0.004051841111054399,0.0015193665317353021,-0.00421212093761409,0.00149167697423528,-0.004478134364430106,0.001483559660090692,-0.004744217126679086,0.0014754420538783397
1983-12,0.015695997601537615,0.00031804688605448304,0.015561186490125153,0.000289141507039519,0.01542649741093299,0.0002602526390648296,0.017275926234705016,0.001389168794227895,0.017166677868183725,0.001386070556310708,0.01705741567342721,0.0013829713098362474
1984-01,0.017038797125376974,-0.050064557376441006,0.01649851010105303,-0.05010162547271062,0.015958897459360976,-0.05013865298562197,0.016510563370183147,-0.045218717642456684,0.016025732946318677,-0.04523027988977215,0.015540741966697448,-0.04524183080931345
1984-02,-0.022176171114464186,0.03092245504494931,-0.02247310725222611,0.030774046997255607,-0.022770043389988035,0.030625450403148763,-0.018493614284345147,0.029268308642713542,-0.01875262083225208,0.029182606955490565,-0.01901147423544035,0.029096901241292977
1984-03,0.017170348500409646,0.0345562444129058,0.016951053289381793,0.034511868788791124,0.01673063263852133,0.03446751570240065,0.01822982223117204,0.03263925303322769,0.018052120542938175,0.03264045365983335,0.017872774399704135,0.03264164941850854
1984-04,0.03351536002564533,-0.05220487378621809,0.033153223053048714,-0.05224653916210696,0.032790504267057964,-0.05228819094831025,0.0338300220911617,-0.050782284334288226,0.033500183362581745,-0.05078972569573501,0.033169620852189344,-0.05079718026750772
1984-05,0.02063412395130372,0.0020512671446329582,0.020336881423534528,0.0020181244258757553,0.020039638895765335,0.001984944126012839,0.01839582437013363,0.0033653495374426313,0.01822113538374732,0.003345564552302948,0.018046351653559712,0.0033255997575015366
1984-06,0.013438585399588348,-0.0594866427147093,0.013063911084038338,-0.05951740373482872,0.012687983408340627,-0.05954814607797943,0.011002991472209426,-0.05762099372924066,0.01073210892676884,-0.05763326319117907,0.010460497941863246,-0.05764553607553783
1984-07,0.019822779030093884,-0.10569479864103237,0.019510559750942506,-0.10573701100961899,0.01919904122285428,-0.1057791824461538,0.019675924946539317,-0.10035728791958783,0.019469006191527968,-0.10037397481886853,0.019262064788298436,-0.1003906653471861
1984-08,-0.018771650866241954,0.02335232446197289,-0.01906325677692579,0.023227101041343224,-0.01935427496480019,0.023101671820090226,-0.018659220326520252,0.021234085949362727,-0.01892690918637637,0.021182067592778506,-0.019194338999717946,0.021129915799596773
1984-09,0.04451551869638833,-0.057541173420421816,0.04408716915160443,-0.05757885186014242,0.04365819418559222,-0.05761649203992053,0.04423318231688768,-0.05702376404220954,0.043911358023326144,-0.05702993554583589,0.04358853662570384,-0.05703611005328483
1984-10,-0.024361658073592342,0.027094024605843835,-0.024430403848113548,0.027029965016397872,-0.02449902320012462,0.026965812293386193,-0.022780429216065712,0.027197579151938687,-0.022792401131460555,0.02715722157938256,-0.022804380093516236,0.027116775506897072
1984-11,0.03867816824748732,-0.02031256321604285,0.03848479903694772,-0.020350958791477244,0.03829174457516328,-0.02038932669437243,0.03539078701336658,-0.018743202068227674,0.035237472579347506,-0.018752547291805987,0.03508421483001538,-0.018761886318014735
1984-12,0.04654076740550797,-0.03870125616013877,0.046082301998168054,-0.03873212938475212,0.04562498369123564,-0.0387629941247288,0.04155359495327328,-0.03643546806557227,0.0411608966982448,-0.03644730286534624,0.040768475485796284,-0.0364591360610609
1985-01,0.03222002856455777,-0.0027376489808977967,0.031822855746452966,-0.00276645031672383,0.031425073068858236,-0.002795258563434806,0.03350868668869879,-0.0018261526524759094,0.03323944874019111,-0.0018312657392872095,0.03296916576405028,-0.001836374673935476
1985-02,0.05863122592994985,-0.09420157684799035,0.05827118216067652,-0.09423780640283967,0.057912015788694815,-0.09427399493164204,0.05228417839631203,-0.09026729215801849,0.05207559181926024,-0.09028330623510349,0.05186713540623674,-0.09029931519622345
1985-03,-0.07984437943576703,0.08583343577785828,-0.08014646630799505,0.08573248209130437,-0.08044779141495535,0.08563133459658029,-0.07180537972213732,0.08624651654863101,-0.07209737002105915,0.08619455246760249,-0.07238903923533939,0.08614239101468309
1985-04,0.03588735324987945,-0.033941829424737266,0.03523941907659489,-0.034033112328414404,0.03459043320242781,-0.03412435887267772,0.03610778359786477,-0.032171714934222766,0.0356295376990606,-0.0322286787097894,0.03514965218756455,-0.032285716516259395
1985-05,0.022189804015137177,-0.0007029798248995049,0.021894334036628556,-0.0007765267392964453,0.021599568161505593,-0.0008501626908630024,0.020063405681105345,0.0008930073453100344,0.019889900244168552,0.0008333261921047108,0.019716374668061178,0.0007735569788004926
1985-06,0.004326157525873817,-0.01396867755281558,0.004058983244375319,-0.014011582739306198,0.0037913260094748933,-0.014054461636578912,0.003920322401684663,-0.012441352156361673,0.0037712724342786985,-0.012457398218369777,0.003621602534064466,-0.012473441190418873
1985-07,-0.00612131195009047,-0.014894298048941008,-0.0063565513113237595,-0.014917841687682924,-0.006591273326580932,-0.014941357160288356,-0.006758675100933577,-0.011737031791125398,-0.006912317296299931,-0.011743669273737914,-0.0070659257242626184,-0.011750302723543778
1985-08,0.010077926146220936,-0.01980713929789228,0.009419201059168424,-0.019889783872781813,0.008760475972115912,-0.019972359492851845,0.008102370144368317,-0.018151587611463224,0.007493997341269561,-0.018203411839262086,0.006885748633871806,-0.018255236061023628
1985-09,-0.057328917803941656,0.045691646646463226,-0.057736764806087075,0.045660539519229756,-0.05814364718036997,0.04562942897760249,-0.052680699747541734,0.04470133001053331,-0.053070218100622985,0.04469395144900884,-0.053459283666635445,0.044686592794257775
1985-10,-0.0010871358285913495,0.05719609056006642,-0.0016681284182773664,0.057135252403202115,-0.0022502686712181502,0.05707446168870654,-0.0013904349758720519,0.05561363947719061,-0.0018927801502433483,0.05558541092459368,-0.002394678855991989,0.05555718597315052
1985-11,0.040212685754862434,0.021748635801779905,0.04000374526961192,0.021691741072047827,0.03979321169390123,0.021634878544031236,0.03847254078033431,0.023187619169435195,0.038290930307407656,0.02316270993607337,0.03810738158682836,0.023137813806784535
1985-12,0.05582790317808663,0.040508711115389305,0.05542917274613301,0.04047063871593554,0.05503044231417939,0.040432594543992485,0.05702660520815728,0.042650633628235485,0.05664858220552649,0.04263630849613613,0.05627085283488771,0.042621996059895285
1986-01,0.05591862264633458,-0.03693280933356248,0.055645875468986056,-0.03700610588867517,0.055373611423028164,-0.03707930171864119,0.050586277949836,-0.03535243462687234,0.050368824610573924,-0.03540480961031709,0.05015149918232399,-0.035457154491118185
1986-02,0.06971139971959384,0.043680952121778756,0.06933552874661718,0.043531550813249484,0.06895885110730669,0.04338192958471304,0.06930288456451472,0.04703939424919779,0.06903464790412327,0.04695160195581892,0.06876637270751873,0.04686354277158985
1986-03,0.032222933184543334,0.030780151466947462,0.03182921898422163,0.030708293357204854,0.03143599744721658,0.030636469340784622,0.03190914704364992,0.03247578857212796,0.031608987681832935,0.03244175178281999,0.031309172533946376,0.03240772372382474
1986-04,-0.0004055040003580722,0.03676467877991588,-0.0006298090618318264,0.036693055882633455,-0.0008540168880616854,0.036621467410792585,-0.0003114704746812833,0.0358507195973667,-0.0004680132155161236,0.03582464102051372,-0.0006245968247603977,0.03579858482753541
1986-05,-0.051605062515213074,-0.0654227523230248,-0.052305015761129704,-0.06546754112855653,-0.05300475372575401,-0.0655123380713587,-0.0560515168523846,-0.06709749245041316,-0.056704742366987804,-0.06711459004066837,-0.05735936457258595,-0.06713168652841224
1986-06,0.022233475689547862,0.034323346256345075,0.021912970727203013,0.034246510400410296,0.02159209184250528,0.034169556307181895,0.02787806905169742,0.037903672445097965,0.02759785692859164,0.03785660489195679,0.02731715403943746,0.0378093213495092
1986-07,0.033399281943908746,0.01263092859918626,0.03323788458693175,0.012569655001248858,0.03307653174303612,0.012508412639453596,0.03420611223383891,0.01403801612257485,0.03407283814169646,0.014013126924299587,0.03393947666248111,0.013988251303828626
1986-08,0.09346860745139936,0.06821136271915029,0.09324804763029501,0.06817484016619635,0.09302755596041458,0.06813831733075539,0.09125108592788343,0.06694215763940034,0.09105436975573757,0.06692641794661236,0.09085742092493236,0.06691068050150463
1986-09,-0.014827883693015027,0.005489591791585561,-0.014984152821949441,0.005408125562529996,-0.015140204622513023,0.00532669725934288,-0.013399680076332604,0.004209405489733274,-0.013485458262261453,0.004163321915121665,-0.013571306531284914,0.00411715821726494
1986-10,-0.018774764396803915,0.010177421130383646,-0.018956825360156228,0.010112979484969772,-0.019138605547393096,0.010048604722528626,-0.01894936994200071,0.008905214000600993,-0.01908519058646597,0.00887559351358881,-0.019221015447126334,0.008845968122139334
1986-11,0.008731812834822796,0.021688652966782677,0.008633592759445268,0.021651422584382917,0.008535372684067738,0.021614226693332975,0.008452367164452976,0.023953316861076913,0.008389244615027061,0.023949687719595533,0.008325896651198551,0.023946064181843113
1986-12,0.01852571150766813,-0.015685993110359415,0.018317999439286293,-0.015725608166724317,0.018109838644919087,-0.015765191915026146,0.018376248262698295,-0.014023697921676324,0.01822222576401121,-0.014048358368662257,0.01806819318548213,-0.014073017924353667
1987-01,0.0435461723355392,0.06495620869379763,0.043363951735300874,0.06492200544238837,0.043181731135062545,0.06488779421017493,0.04033480561457406,0.06280767959108355,0.04022938956398603,0.06279913417808215,0.04012433123235489,0.06279059639655904
1987-02,0.014556115719329568,-0.0032404657806716195,0.014309909699057936,-0.0033164979401912593,0.014063107506180037,-0.0033925149560812286,0.014627390129889627,-0.0019394421640968394,0.014457083723533935,-0.0019708635987316946,0.01428591695043272,-0.002002298421379217
1987-03,0.02190236220488794,0.03759413631295772,0.021759841432602043,0.03757401295943898,0.021617320660316144,0.03755387717921645,0.02149663850229025,0.03615538641188755,0.021417645200240726,0.036150050872734395,0.02133867234897612,0.0361447167098292
1987-04,0.03612010393826138,0.06370428983600683,0.03587798737035845,0.06366880522474562,0.035635224907932,0.0636333263149782,0.037220796169323146,0.062141980393810275,0.037035299700603375,0.06213930678460778,0.036849334213043976,0.06213662682526236
1987-05,0.0063904337282267125,-0.0069050683593055474,0.006054654554225575,-0.006966321931320049,0.005719024458992147,-0.007027539674287574,0.006375356012448003,-0.005821434642491948,0.006070237564324392,-0.0058418537015977245,0.0057647407912362015,-0.005862250897916397
1987-06,0.015507380791612797,-0.003179921073613755,0.015268781056070685,-0.003203383466740415,0.01503052161754415,-0.003226839984424589,0.015937896253534516,-0.002779616424915185,0.01571802437814984,-0.0027921177214568303,0.015498170193164344,-0.002804619684580571
1987-07,0.04408410664517544,0.0053246977266648305,0.04378597254305029,0.005295494591987631,0.04348763941138762,0.0052663227610075585,0.04563857494891496,0.007127517841683779,0.04536226179963514,0.0071203792613513065,0.04508533917280362,0.007113246347824543
1987-08,0.02809291846029713,0.014130285607174786,0.02788004728712634,0.014053279734329897,0.027667647455319078,0.01397638009796704,0.025159900193143615,0.01314785714603305,0.02503401916657982,0.013102127095837272,0.024908170260535857,0.01305645290036912
1987-09,0.01751702299345424,-0.004359795273168189,0.017344346279560868,-0.004403219915074592,0.017171669565667496,-0.004446625728857398,0.01570127705476136,-0.005410150353434628,0.01555917882190769,-0.005428225424422558,0.015417256775903094,-0.005446276953162507
1987-10,-0.028129751392588907,0.004621567679134072,-0.028302493075356896,0.004576981870573048,-0.028475598813518986,0.004532451852572684,-0.02599703826169331,0.002270014291492567,-0.02613680196872623,0.0022536556152255535,-0.02627653371555546,0.002237332663512873
1987-11,0.07370939412592126,0.0768437217229484,0.0734780960859674,0.07679766652048196,0.07324679804601357,0.07675162274721861,0.07192993362973576,0.07495076174812226,0.0717561470993121,0.07494610976264589,0.07158240888944171,0.07494145916524905
1987-12,0.017494938654600705,0.014049851033876947,0.017259037039443748,0.013991516209251518,0.017023141800296446,0.013933228823022665,0.017503712381640227,0.012749878438573125,0.01731488648664122,0.012723224677371522,0.017125980561132792,0.012696604265504964
1988-01,-0.04218419457713958,0.00014502671360656222,-0.042316817783190554,9.762284630557672e-05,-0.04244944098924152,5.027721744385401e-05,-0.04020821309460423,-0.00098052466626819,-0.04031673774089117,-0.0010007979994674954,-0.04042489683107609,-0.001021048258966108
1988-02,-0.004572649708613064,-0.0036789790859615285,-0.005047176803680964,-0.0037374780309277736,-0.005522610114504821,-0.0037960002081484155,-0.005040501561160282,-0.003156196360744949,-0.00543630402275855,-0.003175343778807575,-0.005833191942816037,-0.0031944873628334132
1988-03,0.032083148440241425,0.023685378648620074,0.03171974643020556,0.023575652029621197,0.031356344420169685,0.023466152304034395,0.03020765303526389,0.02138937021027092,0.029894368045325664,0.021341721854373972,0.029581091760758016,0.02129412574898473
1988-04,0.0008500405151828597,0.008651055230070488,0.000499753037914869,0.008569373179438655,0.00014994748018280096,0.008487856206964645,0.0012251390904707551,0.007687126879841326,0.000913009972912746,0.007629082140727492,0.000601172877697423,0.0075711440860261395
1988-05,0.012889515324939057,0.06794843935482159,0.012587847986712086,0.06790103768355465,0.012286135828387942,0.06785371520257674,0.012610569647822638,0.062259152096590595,0.012352204646694455,0.0622320439340517,0.012093855922895186,0.06220505613895129
1988-06,0.12647539300294375,0.11988275145152169,0.1260603466991888,0.11977942950541118,0.12564551781248962,0.1196762220516399,0.1328081426674787,0.12179694773929824,0.13244711850801227,0.12175225493725103,0.13208611450168592,0.12170760459954628
1988-07,-0.03448362491436785,-0.07142744956605734,-0.035060757976118656,-0.07164183905411224,-0.03563788208230625,-0.07185622854216714,-0.03950479401678112,-0.07488034285377818,-0.040037361114910394,-0.07506899312268732,-0.04057086322592758,-0.07525762284623672
1988-08,0.03343763897384811,-0.01649686836211299,0.0333107823179974,-0.01659687439924337,0.03318413004126942,-0.01669752401825236,0.032388662082239464,-0.014217109300656427,0.03230326190158101,-0.014241550642025712,0.032217958610204704,-0.014266428693130306
1988-09,0.023133059561153406,-0.016750544318640904,0.023049217116962048,-0.016786501188219338,0.0229655114560136,-0.016822495679437166,0.019730758933522496,-0.01630689457639825,0.019678182506429436,-0.016320013227674433,0.01962587195081976,-0.01633317684003675
1988-10,-0.02305595456861987,0.04807698994355087,-0.023183226457497413,0.048038413541400725,-0.023310234077144013,0.0479998029091264,-0.021043642338625233,0.04502990642599855,-0.021155784831002437,0.04502230785260032,-0.021267877020298837,0.04501468769751231
1988-11,-0.017530747141728177,0.01854409039130455,-0.017764193879158407,0.018492017868012627,-0.017997759344973302,0.01844001092505574,-0.016866756916508366,0.019630348176974052,-0.017057194752016683,0.019627054332053164,-0.017247623934316562,0.01962376132828819
1988-12,0.001448278040988524,0.016805193834193405,0.001347831425880036,0.01675739230364653,0.0012473286775578985,0.01670959427358144,-0.0012898657676377093,0.014934996432109663,-0.0013487509042948939,0.014920261199715557,-0.0014076618080982946,0.014905527043218179
1989-01,0.015803393750094062,-0.03747696678808596,0.015414899953497986,-0.03751045069106209,0.015025911217201832,-0.037543903752442286,0.016316247629744405,-0.03528464276254576,0.015961842039325966,-0.03528781522691378,0.015606512714564088,-0.035290986878911586
1989-02,-0.010559873697435404,0.006211227183945105,-0.011099138496987628,0.006177284136503903,-0.01163840329653985,0.00614330741497786,-0.009232133848757009,0.006037397597096924,-0.009684397018944293,0.0060315900100110665,-0.010136556310935983,0.006025783738907332
1989-03,0.037152002361688835,-0.003987463635335885,0.0369487681917436,-0.00401742515135975,0.036745334212650645,-0.004047386707144909,0.035071664127566314,-0.00182703281505559,0.03490948214396002,-0.0018340859052149436,0.03474745713799464,-0.001841133376311776
1989-04,0.01883586844480683,-0.003559295195022196,0.018506264691947546,-0.0036053409424898915,0.01817689422704286,-0.003651320544904677,0.018709479135223823,-0.0021604679027178754,0.01841801052736331,-0.002183467390551596,0.01812708896991803,-0.0022064610256650303
1989-05,0.02550355951458004,-0.047453138251599636,0.02518267767330243,-0.04747918094322739,0.024862125986553033,-0.04750520304601164,0.024642859895584197,-0.044544946609745215,0.024350102084359657,-0.04455538863561158,0.02405757550279554,-0.04456581345782276
1989-06,0.02603976242053371,0.036488299723587005,0.025756297162213303,0.03644876820671921,0.025473270007028207,0.0364092437224185,0.024421389944229953,0.03412307444455751,0.02417161257642579,0.034106239364096916,0.02392211817572149,0.034089387875696535
1989-07,0.022858904316576167,-0.005005594258379574,0.022657391848353317,-0.0050529076159995506,0.022456143259685635,-0.005100149879871874,0.022929224840050486,-0.003937078916401416,0.022766380189716915,-0.003957409841047428,0.022603796037802423,-0.0039777169658115445
1989-08,0.008082130492874283,-0.04231348041332682,0.007932139070054038,-0.04236206600950231,0.00778224142175866,-0.04241068948233566,0.006111467199281779,-0.04069455619863635,0.005986263037222634,-0.04071712014392995,0.005861278138256853,-0.0407396844668249
1989-09,-0.0006356056608031527,0.02976271399627323,-0.0009348770518645096,0.02971209965098788,-0.0012334182761306657,0.029661509111228695,-0.0009342287457355979,0.02684444199134993,-0.0012061426691141585,0.026822719394242245,-0.0014778285878756527,0.026801015051700808
1989-10,0.012457059252925218,-0.012407007396248403,0.012256206251636923,-0.012462129379681339,0.012055353250348629,-0.012517193955404364,0.010859004139978028,-0.011933640180368629,0.010690412572324453,-0.011952356874681123,0.010522281281584243,-0.011971023878140285
1989-11,-0.022167739090064992,0.02934293034599814,-0.022491577834462727,0.029310684484735124,-0.022814948335822125,0.0292784015786078,-0.020178054083817322,0.028124117881418387,-0.020486565773700414,0.02812201939056532,-0.02079546880657079,0.02811992644725614
1989-12,0.030742493513296918,0.024245673834249134,0.030535607045499277,0.024209309914560478,0.030328414275552953,0.024173003920841162,0.029480743308241335,0.022874125286650695,0.029320611704373264,0.02286766710279517,0.029162404217396323,0.022861218820160536
1990-01,0.0026027866339914715,-0.002447705881896108,0.0024336407899314453,-0.0025018604506065727,0.002264494945871418,-0.0025559391983767184,0.005035246619808666,-5.079400974159973e-06,0.004906161555547127,-2.6971255083173232e-05,0.004768336619719509,-4.883900108165798e-05
1990-02,-0.020983091863364105,-0.0026912844748667323,-0.02143344402436697,-0.0027764303497386407,-0.02188393218892369,-0.0028615762246105496,-0.020107365975388376,-0.0035689106590241645,-0.02053192466329909,-0.0036310523734355555,-0.020957957289788512,-0.003693160233325991
1990-03,0.024230389525563896,0.006799641694140849,0.024135054868936325,0.006768102095853678,0.024038919006752105,0.006736577794491838,0.023214030871870857,0.007972263834804242,0.023180584902999277,0.007966250565389155,0.023147707447521423,0.00796028676933041
1990-04,-0.022945200414018034,0.0096532938434488,-0.023099679032539996,0.009617881353300061,-0.023254029758468922,0.009582469257547443,-0.021044426169690322,0.011293020319209158,-0.0211912811782023,0.01127952467865987,-0.02134177375835879,0.011266034810209146
1990-05,0.01228233293296316,0.021914413433786695,0.011769182592782267,0.021836826650780686,0.011255972462006908,0.021759271745960634,0.01212900464968697,0.019618544269353305,0.011682799976838104,0.01957979568789589,0.011236560363819805,0.01954107339985339
1990-06,0.014083022592487992,-0.0020265783260194573,0.013878171373112815,-0.002067932751668632,0.013673491182394979,-0.0021092329263217367,0.010910606681613168,-0.002831174007601861,0.010756214455792798,-0.0028389488314652833,0.01060212870144674,-0.0028466961305056407
1990-07,0.056188506936358934,0.01771492449605975,0.05586891649852839,0.017675633518860177,0.05554940257620107,0.017636332772934867,0.054304994661723956,0.01799663798955816,0.0540561510001225,0.0179918743220929,0.05380780685872229,0.01798711989419943
1990-08,0.05655102059829553,-0.020702443431579124,0.056317038496139823,-0.020774610730824813,0.056083307166387084,-0.020846759457640057,0.05685081263276004,-0.01427506047774774,0.056655776014770426,-0.014301423445075997,0.05646107613965431,-0.01432780989481604
1990-09,0.03579886157723802,0.02008287587042588,0.03559441021981037,0.02000693554694343,0.03539037801819934,0.019930960529377754,0.03753539632536813,0.024806608490639124,0.037387458641035126,0.02475414551957058,0.037240103216582214,0.024701695470507268
1990-10,-0.0014819379338881066,-0.02974878493143599,-0.00174659048167549,-0.029823463799377902,-0.0020105561413767637,-0.02989803701315914,-0.002159700288064677,-0.027032602825622927,-0.0023921902952162067,-0.027082205823358598,-0.0026243235777319513,-0.027131740693561907
1990-11,0.017337562484428592,-0.03323185539798064,0.017117026266060213,-0.033282417226421813,0.016896503762900215,-0.03333294993299035,0.016948606675839924,-0.03190320545616317,0.016768084240365504,-0.03192752646718843,0.016587677399490165,-0.03195180803863716
1990-12,-9.066948133271916e-05,0.002119577495637827,-0.00017511332002775317,0.0020705199815414916,-0.00025943150789179835,0.0020213928913061867,-0.002746881745537058,0.0035986325503082964,-0.002796778571059985,0.0035939675958318604,-0.0028465269381391417,0.0035893067219313055
1991-01,0.017015384757351593,-0.004889951736007699,0.01691297894125771,-0.0049338508226653005,0.016810430024024825,-0.0049777466357124045,0.01825470122359843,-0.0036921357060162342,0.018207446680421995,-0.003706164751995543,0.01816023372069283,-0.0037201878096653493
1991-02,0.0041979369720124985,0.019768248177037755,0.0037130258517553178,0.019667376648480537,0.0032291355578108792,0.019566481013930857,0.004771078877651925,0.019366132540944013,0.004328331865784258,0.019301026722901612,0.0038854049079601253,0.019235924862045065
1991-03,-0.04133927693029665,-0.02541030584897501,-0.04152324891184135,-0.025451651204507136,-0.041707610288503706,-0.025492835814644316,-0.041402890957455536,-0.026275612009868513,-0.04154442171316655,-0.026297375142429524,-0.04168784946001806,-0.026319137962772562
1991-04,0.025146543363454607,0.008388864576709464,0.025067271556202548,0.008353484845486023,0.024987872328545012,0.008318053635708866,0.025420562167668366,0.009305255016093562,0.025325931563588193,0.009302223497701021,0.02523103040603628,0.009299195100760079
1991-05,-0.013620878172997154,0.002485196749857344,-0.013810023413719993,0.002448818168295832,-0.013998776673873597,0.002412493891593438,-0.013652948051664808,0.0028443689196620678,-0.013785279494627902,0.0028323739949793194,-0.013917636240751981,0.002820379340249709
1991-06,0.011391763568056733,-0.046348949292322146,0.011044459901678703,-0.04640335165323148,0.010698074160257136,-0.046457721880357475,0.010261416895305646,-0.044123003630441845,0.009988214336976163,-0.04415196743675174,0.009715170500630206,-0.044180888505311114
1991-07,-0.05580406364961678,0.04471772254156341,-0.05604324186264521,0.04459894678215718,-0.05628242007567364,0.044480119345216,-0.05097595754595717,0.0375722068720933,-0.05117925150956381,0.03749910282393962,-0.051382109267500926,0.03742599755451202
1991-08,0.03320419147911604,-0.018951813563046024,0.03284604659013849,-0.01903625345385792,0.0324872573497561,-0.019120550253685926,0.03269072357740845,-0.01819639826541896,0.032445882917646635,-0.01822289136979059,0.032200962201176915,-0.018249234809670254
1991-09,-0.01850155021574204,0.07054012042995214,-0.0185772252086616,0.07048816565967587,-0.018652310066668135,0.07043617058272676,-0.018904085528480555,0.06795553143941313,-0.018935283946236937,0.06796306130395462,-0.018966106915920367,0.06797058718935255
1991-10,-0.018157383920810354,0.017758949809181093,-0.018616734030594002,0.017680026624705723,-0.01907623174464286,0.01760116753749673,-0.019845928809454003,0.01848605116921409,-0.020249749037749062,0.018471013843968133,-0.020653736134719238,0.018456034073118473
1991-11,0.014549521297492905,-0.020895764258646265,0.01416763242590675,-0.020968476119026688,0.013785149241430733,-0.021041051084836983,0.014417050451624811,-0.019158192285958418,0.014066652580392096,-0.01918969819535567,0.013715982588114324,-0.019221169873937554
1991-12,0.035854802133393614,0.005220793747598361,0.035752015050727295,0.00517116005029485,0.0356500398033807,0.005121537757662992,0.033227766248311794,0.008999088511904806,0.03319884041747943,0.008975864005068529,0.033170535631382475,0.008952859097126856
1992-01,-0.02837548065573537,0.012996836769973596,-0.028870202179414342,0.012893439993230319,-0.029364987481160794,0.012790022365632587,-0.024989069739577482,0.010856026085264776,-0.025465321106026773,0.010811432359138092,-0.025942093312939937,0.010766781627347753
1992-02,-0.000669773996718602,-0.02921631008865684,-0.0015992117726705134,-0.02947370845399989,-0.002530093515537054,-0.029731317781042054,-0.0011436505986303202,-0.029668020506688007,-0.001985290576845819,-0.029844308138605412,-0.002829724145847366,-0.03002126395101608
1992-03,-0.012075733065475915,-0.01526302819860037,-0.01253990779988913,-0.015315268589096126,-0.013002802444338277,-0.015368220929337768,-0.01351822136282012,-0.015924990976702528,-0.01395611088264906,-0.015978411557979803,-0.014394689382664005,-0.016031986898268274
1992-04,0.028975896906620287,-0.04085596732246044,0.028145568302200025,-0.04089266070440769,0.027315276539700287,-0.04092939914760349,0.028221193310853963,-0.039802958407114536,0.027429188316181227,-0.03982326082441614,0.026636188337954295,-0.03984362501066767
1992-05,0.029678871786537348,0.03644108628227621,0.029207341881949192,0.03637951471867597,0.028736991975274205,0.036317807094033615,0.029346872432153108,0.036989778408205894,0.028940289836115504,0.03694088756276632,0.028533731078608994,0.03689185734725346
1992-06,0.006722399995919108,0.04168533548634276,0.006507936598642874,0.04161949567550381,0.006293719510113012,0.041553751788835004,0.006268647482500939,0.04238704161629822,0.006101331668718493,0.04236802714937445,0.005934175725242623,0.04234900616085676
1992-07,-0.030547055891710077,0.0030665968597565936,-0.03094969516555278,0.003002082802643037,-0.03135187612762231,0.0029376628057977503,-0.027926766293703525,0.003075212942793679,-0.028310571578991528,0.0030620947519533173,-0.028694622584468962,0.0030489785748774685
1992-08,0.0466328851678149,-0.008424575821492994,0.04543597942094398,-0.008494369232067202,0.044238990177594605,-0.008564190096526416,0.04626212091808772,-0.005638292847790297,0.045136397611158695,-0.00565283780142186,0.04400888415095161,-0.0056673845115296885
1992-09,0.031093550740607812,-0.005449396222738002,0.03047771129066539,-0.0055047030776065485,0.029863312119614464,-0.005560034269269943,0.030316257830484243,-0.004716104705689936,0.02976710084148568,-0.004727022823061212,0.02921832374054828,-0.004737954306728096
1992-10,-0.04490288746874482,-0.05079010117147656,-0.04509541143355326,-0.050851011047087724,-0.045287546360696436,-0.050911830335042506,-0.04363346706181975,-0.051402892188885024,-0.04379239047060008,-0.051423387090199335,-0.04395104579386387,-0.05144387930917379
1992-11,0.00033092321558197014,0.014323426496551002,-2.457994069444649e-05,0.014263405603524465,-0.00038061873096146507,0.014203238370779091,0.0018126493848512415,0.014410115931568542,0.0015127091741828549,0.014379307886333178,0.0012126326123617,0.014348268294521672
1992-12,0.0265320314243871,0.02407752089995454,0.02608783902931522,0.02381407785175097,0.02564277069631719,0.023550068830056406,0.02675582303900686,0.025367466202441114,0.02637118285386518,0.025121758283038788,0.02598439668178173,0.024875482355588407
1993-01,0.045794745681658505,0.00367690888476325,0.04534297275015345,0.003629048382076482,0.04489171136075797,0.003581237132239046,0.04620215312931402,0.005244030189987049,0.04579416455778262,0.005225901109674763,0.04538627828038508,0.005207810872709729
1993-02,0.06606610897057036,0.03731207676625954,0.06573785893629525,0.037231454868979816,0.06541029006277982,0.03715068904707654,0.06524155833297465,0.03983079418436514,0.06497460929513388,0.03978321172041221,0.06470774076196152,0.0397354918517304
1993-03,0.0013567078047939229,0.05825575211290336,0.001183710199336263,0.058165188515854796,0.0010111195956459575,0.058074721073498696,0.0033696165704047197,0.05697635048194599,0.0032505867581015557,0.05693239467473369,0.0031318662228556338,0.05688843907802862
1993-04,0.001654873121211987,0.010952273964492717,0.0014174747298142175,0.010860856409354523,0.0011800410542328504,0.010769600062424618,0.00044971591743056885,0.01058794269219846,0.0002591178403069589,0.010555721456712895,6.84775690163051e-05,0.010523523151491512
1993-05,0.009143481490340073,-0.004587913816109301,0.008827275034339674,-0.004655027597156566,0.008511216932366578,-0.004722077933908334,0.007058552368620734,-0.0028280988275094076,0.006794039261752752,-0.0028521389602931806,0.00652937222207655,-0.002876162511388372
1993-06,-0.0019841949300027258,0.024366751016447242,-0.0021588567795560874,0.024315965303857864,-0.00233323103397154,0.024265151347070538,-0.0022898237732140794,0.021988771560491192,-0.0024208175473649654,0.0219634002350683,-0.002551627499668237,0.021938028650534763
1993-07,0.023808728074778004,0.0651983700697259,0.023173967777945555,0.06512305448312938,0.022539476868362513,0.06504782947938234,0.026498042475751493,0.0633156423856086,0.025929520647770446,0.06329892883879712,0.025359927333529788,0.0632822694342443
1993-08,0.011427872145287097,-0.003294746564753445,0.011205977275225305,-0.0034019265857221648,0.010984435220305537,-0.0035088968578567206,0.006811984516494906,-0.007896765398138602,0.006686527367895502,-0.007937797099642393,0.006561326522073711,-0.007978718038755354
1993-09,-0.034010163438079215,-0.01861765267513573,-0.034116683685245945,-0.01867492525469983,-0.03422310408624913,-0.018732204821043708,-0.035531607626321,-0.02014306271091357,-0.03560401555174917,-0.02015985782047124,-0.03567517806227332,-0.020176629141998643
1993-10,0.008222113897641978,0.02737179444614043,0.007672901449404663,0.026912501109197125,0.007122668861506305,0.026452285913532336,0.006444887055429935,0.029356814701156156,0.005991167181627396,0.02900724532994428,0.005532905887941781,0.028656707754041517
1993-11,0.026116992415922132,-0.0013600148490741817,0.02595397397372501,-0.0014261100287170443,0.025791181190246974,-0.0014920664816043424,0.026114731160594918,0.0009748866566153787,0.02597998137534646,0.0009521795172517994,0.02584069184532218,0.0009294745233432621
1993-12,0.047596995659626495,0.0511382241685136,0.04732592111240525,0.0510836175522949,0.04705542891176734,0.05102909622696371,0.049012630389099685,0.05349257214616729,0.048807539586991175,0.053472506909975515,0.04859978528025536,0.05345245194274219
1994-01,0.003944146569044469,0.013839068424627244,0.003669815371654733,0.013754962115821145,0.003395965628728418,0.0136709844618917,0.002103940116766522,0.01100427353399638,0.001878767424898873,0.010968838238699643,0.0016562986549389575,0.01093343323759502
1994-02,-0.022399555140574123,-0.035251034506919667,-0.022505097597605897,-0.03532435551143809,-0.022610742453357136,-0.0353977450022902,-0.022262400969670935,-0.034289531017845286,-0.022336533659090923,-0.03432906667541074,-0.02241546921447153,-0.034368609074146045
1994-03,-0.028122121413054223,-0.03919697139561906,-0.02822862380388491,-0.03924922774805605,-0.028335098448884447,-0.03930156758746709,-0.028081476654498456,-0.038955344460264184,-0.028159683608575212,-0.0389627337330504,-0.028244216799135812,-0.03897012470964167
1994-04,0.0014426729644235522,-0.017811394342051208,0.0003934185833849653,-0.017872700918293783,-0.0006555310652294481,-0.01793411537296437,0.002222456434662229,-0.01793873760000958,0.00120760023864942,-0.017958640066440344,0.00019184431363984287,-0.01797882543900304
1994-05,0.02776959939300002,0.012797045109757509,0.027302672011261936,0.012754161789545372,0.026836422596038172,0.012711238718602772,0.028349103045271898,0.014551352564790832,0.027926980421968787,0.014526784339982697,0.027504951059927448,0.0145021437977804
1994-06,-0.011217634543992107,-0.012330833317385525,-0.011547120497042861,-0.01239679659860708,-0.011875839458967676,-0.012462635480613408,-0.01107410538757596,-0.01244480198627097,-0.011360480160124427,-0.012469081881140497,-0.011646214250411843,-0.012493369658584719
1994-07,-0.01836238319191233,0.03118513615904039,-0.018991571397271378,0.031125811582377975,-0.01962080325733038,0.031066446651803997,-0.016612709347668918,0.03178216576791364,-0.01721854484754183,0.03176295985008111,-0.017825102248460366,0.031743755155072495
1994-08,0.026617692998993393,-0.005478379910252294,0.026267118783783187,-0.005537433356967089,0.0259159131418372,-0.005596417454203495,0.026515104239937304,-0.007326238460844674,0.02622515217434747,-0.007345138764212641,0.025932585795178528,-0.007364028015162541
1994-09,0.03641453160454816,-0.033071716295090224,0.03620567795331028,-0.033115547847959864,0.03599721957492043,-0.03315937602649524,0.03494604755027446,-0.03188650081768089,0.034807062235573914,-0.031895244229829534,0.03466869196258479,-0.03190398921090474
1994-10,-0.0010546514009094452,0.020039718556600118,-0.0014412843543931881,0.019988823605514808,-0.0018269020488877155,0.019937838599270397,-0.0016661286069698724,0.018496323172947682,-0.0019945606131938362,0.018487096724467765,-0.0023230775625686065,0.018477694736402154
1994-11,0.029361306115686252,-0.03834178375770196,0.0290979316851268,-0.03838192640188859,0.02883448234879258,-0.03842200999804121,0.02832399371387424,-0.03520656759476619,0.028089580705254736,-0.03521187524077079,0.027855046470068107,-0.03521718920346914
1994-12,0.007525529125135525,0.030965809664566857,0.007291722907053856,0.03090487698937855,0.0070584093104246615,0.030843854400595793,0.009292515837759429,0.030273484291772464,0.009127765827167443,0.030244857506153633,0.008963815764906265,0.030216137664411762
1995-01,-0.00918121563712315,-0.006076122991639109,-0.009309503558991735,-0.006150892116456086,-0.009437692642734979,-0.00622551961843395,-0.009471450656205072,-0.005839807081231975,-0.009574859055664065,-0.005859773140770136,-0.009678136153450959,-0.005879749363293441
1995-02,-0.0007549984123498186,0.024118163100473933,-0.0008762191445567007,0.02407591771591144,-0.000997571084509842,0.02403363631381602,0.00044724114654730003,0.024451053616262885,0.00036263681850439247,0.024445077232892576,0.0002780472899484872,0.02443910138582575
1995-03,0.029584451048503005,0.03327501020325864,0.029370149815872576,0.033186944212300035,0.02915545425670037,0.03309881538612297,0.028632267565827187,0.03158067935168758,0.028513366763679722,0.031525776307608146,0.02839471881331176,0.031470690665922396
1995-04,0.0093594004306257,0.036570830263252585,0.008744434478065492,0.036478940046410266,0.00813047447021805,0.03638720940083293,0.009500576478489784,0.03527322845464492,0.008947693476423005,0.035255394472540745,0.008394290377091837,0.03523755501921001
1995-05,0.030720931107127376,0.035503728189091525,0.029763965930637792,0.03543519371824376,0.028807712832011657,0.035366797581830395,0.030815820276695785,0.03197997429634619,0.029935685442999353,0.031969755826976545,0.029054735003022324,0.031959549229895017
1995-06,0.019508285295367064,0.014990884945169099,0.019145855286927176,0.014916004100397942,0.018783673591837316,0.014841163799117369,0.01936656807034167,0.014139892381422962,0.019087263258509166,0.014122557332424535,0.018807951323088427,0.014105227781686613
1995-07,-0.00899040721354068,0.025476299061352136,-0.009171798974371257,0.025412860458175483,-0.009352775883238663,0.025349558540842084,-0.008326806755453414,0.022663167550650693,-0.008464259751630374,0.02263443257709072,-0.00860349360646628,0.02260572762385105
1995-08,-0.012352543187047293,0.004807122972757109,-0.012697634103696698,0.004748104305794492,-0.013042856809215382,0.004689160390192889,-0.011780383724496222,0.00466060170417841,-0.012102164492564765,0.0046397290204796444,-0.012424208774294312,0.004618884093570262
1995-09,0.03821371701077718,0.037441414668295245,0.0379193953790535,0.037404414551214266,0.03762477219603893,0.037367459615019444,0.038926693607766925,0.03559754547420874,0.03864368172212398,0.035587348314715404,0.03835795529552581,0.035577174097544455
1995-10,0.025929218091866522,0.013461977557332392,0.02555108527163765,0.013399045807174036,0.02517359749662626,0.013336206057198971,0.025903614132567497,0.013114950478464888,0.02557640052582948,0.013091537086802907,0.025246455296706168,0.01306814860189413
1995-11,0.026746051632101184,0.02062365936297632,0.02660596318405499,0.020571923730155168,0.02646609430672855,0.020520240144282807,0.02745441877891379,0.021026974419057893,0.027372155962132876,0.021004614995998285,0.02729010416566917,0.020982271186404746
1995-12,0.03439709727321296,0.03165949406029876,0.03408828450523433,0.0316127663470813,0.03377990736518837,0.03156607658315254,0.03490448605908835,0.033383264765645085,0.03463454314330953,0.03336181790272852,0.03436523800283696,0.03334039437203299
1996-01,-0.005058897257133555,-0.0010711071476137862,-0.005314801558791658,-0.0011415988527089002,-0.005570102765403878,-0.0012119315646397153,-0.004956876633573195,-0.0014462255281997285,-0.005169624527570734,-0.0014878032355206824,-0.005381977736457331,-0.0015292699962964776
1996-02,-0.011167660523419758,-0.005635445373325429,-0.011494077646372244,-0.005670685701061529,-0.011820335289425696,-0.005705904252690109,-0.009870612557186312,-0.0054709722804049295,-0.01018499818679101,-0.00548385167743787,-0.010499456216297026,-0.0054966879088466205
1996-03,0.015778709600888348,0.014771045391032559,0.015558443614013644,0.014678876952289031,0.015337663845414594,0.014586506213719673,0.017607479887100107,0.01657002448216062,0.017436794343830234,0.016521710132809706,0.01726559771348872,0.016473366293422106
1996-04,0.05428243553494701,0.03332305648161385,0.053969402659790604,0.033283614040866855,0.05365685630431798,0.033244229959971026,0.05768146135077549,0.03793539673983086,0.05742995053046459,0.03792276459972269,0.05717844055958668,0.03791014112509112
1996-05,-0.030233939206844904,-0.005784423452387548,-0.030412884379096596,-0.005869941597954915,-0.030591419613548842,-0.005955294220728986,-0.02973076705414813,-0.007606815919419715,-0.029865261484531114,-0.0076608998391983225,-0.029999056172004608,-0.007714884640974491
1996-06,-0.013669471553068966,-0.012549660983703281,-0.014577874871536525,-0.01258670803270095,-0.01548670147346078,-0.012623768740606502,-0.014806084568713542,-0.011517631234840595,-0.01565884796378374,-0.011528080375093746,-0.016512153820077282,-0.011538512382645007
1996-07,-0.045083995335503245,-0.02085770694576895,-0.04522349095086211,-0.020903649354121354,-0.0453631585973253,-0.02094964974859739,-0.04657638342900053,-0.02315909156333126,-0.04668173219875027,-0.023175709365961188,-0.04679088517938845,-0.023192311407200093
1996-08,0.0273958579691121,0.03407420090403282,0.02702894725301126,0.034022842010365366,0.026661381226943077,0.03397140550712358,0.02748097371156453,0.03562492061040169,0.027145793173733886,0.03561895905689675,0.02680906048137411,0.03561298682014936
1996-09,0.01673934931105265,-0.00448240473945545,0.016403575546778695,-0.004560988119581594,0.016068441531986197,-0.004639442248114344,0.015089826109875375,-0.0032040204720540574,0.014806270525439662,-0.003236056523512415,0.014523462308627109,-0.0032680847097978395
1996-10,-0.020866915458304117,-0.00985502265941627,-0.021156771132047215,-0.009915396891661295,-0.021446374624595144,-0.009975826676445544,-0.021454885694951527,-0.010529920992333113,-0.02172361479280778,-0.010555035798664633,-0.02199199081862217,-0.01058021374902461
1996-11,0.03319411264382059,0.061449251572611385,0.03219103270139067,0.06138997541493999,0.03118838626033789,0.061330685099661574,0.03444100868308869,0.06311250537900157,0.033517764148531325,0.06309758813155168,0.032594364547892836,0.06308269673786293
1996-12,0.01977453495767708,-0.026795432960084617,0.019215074342034195,-0.026874065639755963,0.018656531185818476,-0.026952547862129292,0.019023611077494,-0.02465933409760526,0.01851331750346325,-0.02469841402524063,0.01800273969392806,-0.024737424560892327
1997-01,0.019899544371143465,-0.00986707792990976,0.019426268440319007,-0.009926851924334427,0.018954027735612795,-0.009986718977508479,0.018814249138511333,-0.007088610986500834,0.018395849711953953,-0.007107447700139534,0.017977637652919955,-0.007126269852812595
1997-02,-0.014208873746403164,0.03601871429508139,-0.014569099981573668,0.035964922453113224,-0.014928667020440925,0.03591114198591043,-0.011115668503322315,0.035963097495148214,-0.011468646531894366,0.03594142039008262,-0.011825468653004347,0.03591969258751671
1997-03,0.017781872025730703,-0.025579391374596146,0.017435898221178813,-0.02568586570938306,0.017090040551725638,-0.025792143606738437,0.01880314122300137,-0.024238578748072767,0.018527441700886462,-0.024281856100305678,0.018251730542556212,-0.02432504244422171
1997-04,0.02306819160314249,0.02292529507314514,0.02288961873489786,0.02286728240601164,0.022711364589778578,0.022809243381943248,0.023365423421314757,0.022742705810048072,0.023258179401227885,0.022719941617151934,0.0231520138027852,0.022698060945585064
1997-05,0.019690083626495776,0.04341362558100478,0.018705832316947467,0.04335800096582026,0.01772341535401256,0.043302474962441155,0.022299485770369335,0.0431733117546686,0.021405292275485675,0.04315678709585209,0.02051049110839253,0.043140317716105034
1997-06,-0.0005702094142796604,-0.022826835792940023,-0.0008123665456169344,-0.022914836444921753,-0.0010541678016774082,-0.023002649836312346,-0.0030002795957786606,-0.022031037096240463,-0.0031983870750920966,-0.022075229129627907,-0.0033960065126602958,-0.022119380050252508
1997-07,0.05275812840222057,0.05612681188256759,0.05248005570522718,0.05596755473962842,0.052201528803387916,0.055807919792689,0.05415917601092887,0.05677503532786169,0.05398926969519653,0.056697828600965075,0.05379098185882226,0.05662059445957799
1997-08,-0.009295410334025617,-0.02944712943782714,-0.009480954548874515,-0.029527248521012704,-0.009666165657239286,-0.029607232728241402,-0.009997441097073435,-0.029017857221507574,-0.010133304551579583,-0.02904325430460108,-0.010264558991336901,-0.02906859796047407
1997-09,0.02239343132552948,0.04015405388384605,0.022291311930191668,0.04010965764125747,0.022189164640931652,0.04006519271630136,0.022542242258990066,0.039204171058433476,0.022485667502992496,0.03919875073204914,0.022411965532363586,0.03919331105753789
1997-10,0.0043659899197179206,-0.00815956188784551,0.004235462026252154,-0.008229422019834384,0.004105070766694728,-0.00829916518707831,0.003663653342257914,-0.008900169409936431,0.0035899806032914207,-0.008915737270334333,0.0035225074589053705,-0.008931247570449784
1997-11,0.004441196311385174,-0.019158781982363263,0.004223760075866472,-0.019193107952502113,0.004006686627861109,-0.019227427516403772,0.003916733039328369,-0.017979540655706908,0.0037362322963757047,-0.017991305781932365,0.0035551168055893145,-0.01800306150612742
1997-12,0.03418527367490132,-0.036153852503959985,0.03402089940511335,-0.03620033419458627,0.03385665272843492,-0.03624686534150095,0.0325096367543392,-0.03289533891133806,0.03239245746638834,-0.03290837175124359,0.0322772160340349,-0.03292140592393134
1998-01,0.005910929719395619,0.03481241547412607,0.005685437229002199,0.034754244683548624,0.0054605668560464855,0.034695962811536106,0.0065498747013277335,0.0364775226388379,0.006391104184741134,0.03646069309315902,0.006223748621836745,0.036443867561654304
1998-02,0.010122477784655174,-0.014370183057692713,0.009853892396442954,-0.014438238226254506,0.009585599778907022,-0.014506134408143979,0.011199148485246195,-0.01194123455546783,0.010954030851021692,-0.01196637595158369,0.010713459367237419,-0.011991461159123567
1998-03,0.03163296909411824,0.0048799371866509005,0.03133056157299238,0.004831649800250523,0.031028778475068318,0.004783358991228049,0.031914468824567076,0.007067427842896545,0.0316760455807577,0.007049754608179567,0.03143603459489845,0.007032078178367116
1998-04,0.025103015878949617,-0.006980277478561487,0.025012969798872298,-0.0070358768861747845,0.02492312406845522,-0.0070915574905464455,0.025183724578170842,-0.005698163054605404,0.025128378267348955,-0.0057277272195577515,0.025073890027154492,-0.005757279904638168
1998-05,0.0016152808246600193,-0.04861400495048353,0.0015387516244840863,-0.04866421790642263,0.001462391040751221,-0.048714500618901015,-0.0005586413089292488,-0.049082756753424786,-0.0006099086841660676,-0.04910323718876573,-0.0006598214212364474,-0.049123697071158615
1998-06,0.01822024744394013,-0.009713805869885867,0.01806849978151436,-0.009842973646851471,0.017916627652906827,-0.009972380948852739,0.017184431748494156,-0.009576701982932877,0.017069341426336714,-0.009653280033510474,0.016956288330101512,-0.009730554329764501
1998-07,0.02209342402816405,-0.05730655564908398,0.02188435595657061,-0.05735472878684314,0.021675700763760648,-0.05740294308728783,0.01902446298677199,-0.05789409161474307,0.01884943902706247,-0.057908541033546125,0.018673808128525177,-0.05792303306982894
1998-08,0.052164573933578186,-0.06975853459605266,0.05184222402103292,-0.06982842608160433,0.051520608097684994,-0.06989846439231667,0.044864640701003614,-0.07150632437245238,0.04458961481869675,-0.07155973652164953,0.04431492006031299,-0.07161332201115718
1998-09,-0.007246840873205322,0.08480949952116915,-0.007451683126529962,0.08470547597164915,-0.007656037226781599,0.08460128594616519,-0.006457364985158973,0.08295541283912825,-0.006611592654064314,0.08286969603954848,-0.006765179047423089,0.08278375064164492
1998-10,-0.03309590337381741,0.028928087928326372,-0.03330885440421908,0.028822286673701687,-0.033521898773674653,0.02871666154603215,-0.02992138528703967,0.02592330889816248,-0.03007422746444033,0.025893478889514043,-0.03022750656135143,0.025863628710622123
1998-11,0.025088938058813084,-0.01970234521929215,0.024708829933360734,-0.019793379455015223,0.0243280628479378,-0.019884242910105532,0.025674883757614366,-0.017292289118396673,0.025356616969080918,-0.017317907157041915,0.02503864261352541,-0.01734352662109983
1998-12,0.046170070044357914,-0.011016384889292068,0.04590742517097782,-0.011062440372578438,0.045645343896723346,-0.011108558414318627,0.04373107293220829,-0.009610342450882398,0.043546513904476135,-0.009621934333183207,0.04336217980613259,-0.009633521528175447
1999-01,-0.010884795255718891,-0.0005140835753177555,-0.011252110857240712,-0.0005630087742865847,-0.011618505357194922,-0.0006119957914793527,-0.011026424630954379,-2.1665238650761184e-05,-0.011341369685862888,-4.008515825895638e-05,-0.01165612041069622,-5.8504107378094434e-05
1999-02,0.006782001396653048,-0.08531443045247175,0.00663579133891308,-0.0853555882906102,0.006489422439612447,-0.08539678771119717,0.005660237873267719,-0.08078836144340286,0.005528544538794197,-0.08080658580371353,0.005396949243678523,-0.08082479874933207
1999-03,-0.02574022941017968,0.042235616118884156,-0.02607792227376469,0.04213366615587117,-0.026414900227592308,0.04203144339770064,-0.021703839609887424,0.03923528472137229,-0.02200509698188573,0.03918679673787278,-0.02230567781284177,0.039137868630182364
1999-04,-0.012106566892813194,0.013935536882991024,-0.012343084631975268,0.01384629264451905,-0.012580000452706923,0.013757234200997134,-0.012964642829944638,0.01629702460044264,-0.01317143793260111,0.0162796156228438,-0.013378368299836182,0.01626220174638945
1999-05,-0.002287062548981533,-0.049750304583868574,-0.0025972559995044724,-0.049823608751935866,-0.0029079356179904934,-0.049896846203100365,-0.0008120641873372624,-0.05030081016463266,-0.0010952758996217269,-0.050339058702005335,-0.0013792137837212194,-0.05037727874632302
1999-06,0.005285170905105491,0.013858524683420938,0.0047287614763727465,0.013792778877910255,0.004173454050115599,0.013726892172388823,0.005616965534039212,0.015965953741266616,0.005125683608999714,0.01595045800183962,0.0046336847587619846,0.01593473604021201
1999-07,0.001792312433353631,-0.021060239880104064,0.0009769382169910142,-0.021126675683669913,0.0001628789629544193,-0.02119301656765119,0.0013799626172762073,-0.021831850810429043,0.0006061463039862589,-0.021856441333832514,-0.000168586008290808,-0.021881028248244
1999-08,-0.012128901827112164,0.016430298318716428,-0.012576207865347354,0.016384805779512426,-0.013022703828518226,0.01633925171834553,-0.010873905464165622,0.016245203091580403,-0.011301246214629313,0.016237453364137695,-0.011729078970262508,0.016229706644800786
1999-09,-0.005647430002348321,0.027026232311315013,-0.006019952135042328,0.02697557663623032,-0.006392863682310958,0.026925013930552296,-0.003065183569724407,0.026429320775250294,-0.0034241474905877126,0.0264180515448256,-0.003783916111447265,0.026406787936717822
1999-10,0.021406351364997446,-0.015212610587787374,0.021202720326194236,-0.01528254425854134,0.0209991074227352,-0.015352350878240963,0.020667257945329462,-0.014880941550693225,0.02052500297009436,-0.014903960021562699,0.020359500063012487,-0.014926971004234324
1999-11,0.034671356310449264,-0.0026254728776036506,0.034489919533743855,-0.0026705830760018257,0.034308859513750914,-0.0027157557078728327,0.0321263511144189,0.0015416485230823054,0.032021607249553975,0.0015304618198672278,0.03189163128266274,0.0015192700077285512
1999-12,0.05700147845997281,0.004594337781807549,0.05679228588984759,0.004544857602975765,0.05658352887089538,0.004495383541623324,0.056011436592233184,0.007914578112506331,0.05588816258606272,0.00789197936414314,0.055742127598189514,0.007869437302521664
2000-01,0.00030969157402174416,-0.009297882919863252,0.00018888744517563913,-0.009342098254007416,6.839916464612206e-05,-0.009386249830814247,0.0005507769319490052,-0.010406633622053654,0.0004462485094682233,-0.010436612228778386,0.0003479749511418616,-0.01046658293276387
2000-02,0.026037544930008878,0.022341165051813598,0.025962678081738928,0.022280036676178065,0.02588784545347172,0.0222188451362646,0.029594529978317158,0.025986868323167822,0.02954573656284741,0.02596041324771445,0.029499153311462193,0.025933953533786067
2000-03,-0.02771784089393163,0.05136952084083222,-0.02798222388264941,0.05129308872028896,-0.028246143829185846,0.05121678670262944,-0.025407031695824145,0.04860937238291436,-0.0256244736285608,0.04857685666625646,-0.02585347764393006,0.048544354740003896
2000-04,0.022466338201126774,-0.06328233736993139,0.022152087237354033,-0.06334807825505491,0.021837085289999895,-0.06341367372768067,0.020170649277223132,-0.060028987282598145,0.019915903260486652,-0.06005330332802496,0.019672172621193112,-0.0600774409975352
2000-05,0.005155497472867608,0.002672871351461703,0.004846339390273918,0.002598309066668865,0.004538053983423145,0.002523561311839651,0.007562088652639945,0.003228469831516246,0.007308041187159178,0.00321869910269552,0.007058875580325936,0.0032089064452890076
2000-06,0.013573253311135503,0.013141515994139916,0.013479967618504035,0.013092919309111082,0.01338684989449733,0.01304440263734435,0.013027822525536858,0.013350607556451309,0.012956406253046428,0.013334809468171926,0.012886045195331156,0.013319003811059162
2000-07,0.022975982464729133,-0.025984822754425277,0.02254080094962731,-0.02603370180787972,0.022106187312455675,-0.026082550305599392,0.021813831875754874,-0.023289824956120336,0.021421115540116827,-0.023308950844079992,0.02102634973127842,-0.02332806467222928
2000-08,0.040450968013009535,0.023402651012730587,0.03977205823636225,0.02334036878711727,0.039094935778391404,0.023278039164697797,0.03768062030445179,0.02448407958317052,0.03709141769834163,0.024461189495905165,0.03649879809431961,0.02443829954289434
2000-09,-0.01475292918515545,-0.021751514214520363,-0.015221689010061039,-0.021812612357323888,-0.015689392183259696,-0.0218735863415288,-0.015537894276120203,-0.023799193527454104,-0.01597443652141352,-0.023818528533150675,-0.01640736280360317,-0.02383787772630944
2000-10,0.030263535334670494,-0.033722175583953726,0.029722607933909424,-0.03378141408195717,0.029181224862358638,-0.033840762544578226,0.028106418409411776,-0.03323231180857694,0.027630107439447497,-0.03325067931194468,0.027153499725546724,-0.03326910632580456
2000-11,0.020031697566117765,0.02094488136800839,0.01948440991447174,0.02087320547637706,0.018938527933958484,0.020801415270423396,0.020242513997036627,0.02005162230210859,0.01976402199680022,0.02001387199462562,0.01928659231620344,0.019975726038307304
2000-12,-0.0025536598981787534,0.04126729101096732,-0.0028727963746326152,0.04119626157653157,-0.0031918198473398214,0.04112525195090883,-0.0015396403846055472,0.04155188457010964,-0.0017995001762766791,0.04152593333453927,-0.0020594511729126034,0.041499913961302475
2001-01,-0.009373173675775993,-0.010939119259752206,-0.009537725920845862,-0.011024419864746487,-0.009702191872309225,-0.011109565725347348,-0.009584760980825615,-0.012257441988483466,-0.00969830451103192,-0.012277134606338993,-0.009812221959098552,-0.012296779424194547
2001-02,0.034671396266043555,-0.03137922893751296,0.03442009520389462,-0.0314196749045957,0.034168841626998146,-0.03146014347549339,0.0338673265559108,-0.031054303522417528,0.03366402195723874,-0.031068503719895918,0.03346028087505091,-0.03108263224801251
2001-03,0.0449252249419834,-0.07686118782618404,0.04473784220716605,-0.07691274082002113,0.044550943185590254,-0.07696439099013117,0.04135729181246019,-0.0751471258210719,0.041230767026822,-0.07515267113183234,0.04110356490309099,-0.07515828732307915
2001-04,-0.06379270895464456,0.038373486505560744,-0.06399865572071207,0.038280113123165704,-0.06420400505481395,0.03818650369423057,-0.058893395059466835,0.035402873615651025,-0.05907142519774762,0.0353146470928662,-0.059251567437183086,0.03522586857076579
2001-05,0.018430498080276723,-0.012697018468865133,0.017972047513328624,-0.012771393296472967,0.017512596071952186,-0.012845699675828949,0.01859476143449873,-0.011854524114554323,0.018285181882571333,-0.011887694110881489,0.017973301928072415,-0.011920853912412568
2001-06,0.014393492485276048,-0.022793556911965863,0.014273275067479468,-0.022821572102514048,0.014153357660170795,-0.022849593198013055,0.014227851750927133,-0.021407995909344876,0.014145399090120409,-0.021417521273242444,0.014069130062230137,-0.021426337001204738
2001-07,-0.020340860625637378,0.02893929710969398,-0.020566671823189317,0.028893405696037575,-0.020792011973276032,0.0288474562848598,-0.01926516986694899,0.028909209017170798,-0.019446760731559935,0.02887971591257396,-0.019616412645514992,0.028849748114648723
2001-08,0.027343304423741735,-0.01678466934633629,0.026790555957728453,-0.01687203090240729,0.026237591983977276,-0.01695930535493981,0.025379736953215257,-0.0138753556857048,0.024915043666255028,-0.01390639455888857,0.024450602800636555,-0.013937567958896824
2001-09,0.07172654841211715,-0.06881390999282287,0.07121518010544067,-0.06889548936692205,0.07070457455753627,-0.06897715993226435,0.06858102294257128,-0.06174560424183238,0.06820537117588012,-0.061772248136854904,0.06782981053806578,-0.061799288411086284
2001-10,0.02504271767477618,0.025787803492625244,0.024681187765733525,0.02568675455315417,0.02432070395711123,0.025585515098570696,0.023426557471453023,0.02544383981773142,0.023196554966133123,0.025371834662261467,0.022967507275826058,0.02529968452517606
2001-11,-0.055222491641406246,0.026811571176396418,-0.05532867077876572,0.02672367234399203,-0.05543475655692254,0.026635846053260186,-0.05040212520613638,0.02133380614654635,-0.0505138895666215,0.021302640299624975,-0.05062545143018458,0.02127134839446369
2001-12,-0.008535253533624235,-0.02135399957605201,-0.008924764787198896,-0.021434125160776488,-0.009315108230328738,-0.021514093568778595,-0.008869321204650057,-0.022917074898183405,-0.009199555425426378,-0.022940996075115832,-0.009530043321750326,-0.02296480950130561
2002-01,0.024116328885003757,-0.01788946244964048,0.02345791749634535,-0.01793605292084238,0.02279956457530394,-0.017982728721087558,0.02448686127446509,-0.017463324015384793,0.023897504965769294,-0.01747172100293658,0.023307330414988853,-0.017480342979255197
2002-02,0.011559282625385314,0.013371180650615048,0.010604814291833102,0.012574110598729097,0.009649365924808782,0.011775871544333854,0.011400548514041311,0.013605144981157408,0.010518544661405688,0.012861819971751023,0.009630117899527606,0.012117328214158462
2002-03,-0.05003571473836706,0.007986113606747294,-0.05027928375726428,0.007935930418624454,-0.05052283608740563,0.007885754766176757,-0.05024244854737685,0.009994919098666974,-0.05045672419251222,0.009991356926537935,-0.050671007133244426,0.009987795159287263
2002-04,0.015014606481421115,-0.002261299842300545,0.013875643812333763,-0.0023071258518347786,0.01273596601276675,-0.002352908547652368,0.014595257874742718,-0.0016999585436085216,0.01350316739438479,-0.0017067837141245008,0.012409509448867201,-0.0017136090409861572
2002-05,0.02363222579371988,0.02899758383105279,0.022543341925843056,0.028944290058395033,0.021456727376529813,0.028890938548581123,0.02338537476202026,0.029174499456468928,0.02236574417541733,0.02916819546514749,0.021346173229594204,0.029161891206261798
2002-06,0.036799367620890686,0.01727376899831482,0.036596089081114,0.017201570471585697,0.03639320304663136,0.01712949593905318,0.03648038315758228,0.018387208672330464,0.03636913785036871,0.01837416345961513,0.03625791075954687,0.01836112732701158
2002-07,0.03351427137503225,0.011264429902599819,0.03317510970424127,0.011201944160992574,0.032836719043153766,0.011139555124086776,0.03070318984627234,0.013501389956023391,0.030450660749249653,0.013470591906513755,0.030198424550839497,0.0134398068512732
2002-08,0.03833091039886764,0.021585864694829097,0.037928420360065954,0.021529411285140094,0.0375267440784237,0.021473041322727184,0.03721723058888109,0.022520132162838248,0.03689384048586253,0.022491194968780045,0.03657074625156242,0.022462291759281747
2002-09,0.06942589235907912,0.00946968715560279,0.0690491241481974,0.009422275258594952,0.06867327972376006,0.009374943833724727,0.06673764633336217,0.012626093567906815,0.06645182449932172,0.01260253971626529,0.06616933631142008,0.012579025525117414
2002-10,-0.021560835743973106,0.017170342939272387,-0.02185718503192741,0.01710427961331693,-0.022152854296316565,0.017038260134672144,-0.020265533593889197,0.014652225101995946,-0.020529848542134608,0.014614253489043468,-0.020792977783962583,0.0145762701302254
2002-11,-0.03136230189457035,0.007966700995064389,-0.031570692318037864,0.007912220327427439,-0.03177952460572874,0.00785783906318906,-0.031488925594265915,0.007410097821413053,-0.03167339396069323,0.007397357466527679,-0.031857940433763936,0.007384648227897153
2002-12,0.05978489603049765,0.014360330409399331,0.05961031485862526,0.014329376634154555,0.05943530569739885,0.014298452724879767,0.05903077102752155,0.011720619274881484,0.058958704226753096,0.011715480325230442,0.05888626926745823,0.011710351430400605
2003-01,0.04146959225351303,0.02343171925217427,0.04121697898947954,0.023364713561367472,0.04096496331991532,0.02329776277447177,0.040614914209351524,0.024035306586766045,0.040473208793707374,0.0240245145839824,0.04033179928107575,0.024013721467005263
2003-02,0.026092181453661864,0.0015756674011503636,0.02595405192569685,0.0015111861153891107,0.02581621081968452,0.001446833128300964,0.024708888238490517,0.0022543890218403298,0.024625535211832538,0.0022275263478179416,0.024542281469997356,0.0022007427455973776
2003-03,-0.020676443918626265,-0.027621192890578218,-0.02079539279105216,-0.027660868108629867,-0.020914152800287248,-0.027700579617941895,-0.02125352632246685,-0.027727565924378073,-0.021359030245058686,-0.027745168456118897,-0.02146394551937483,-0.02776275343262924
2003-04,-0.0134808324582532,0.04002177159922242,-0.01374845769603536,0.03997155453303255,-0.014016440284167818,0.03992123353943611,-0.011846610329747003,0.03876956383979815,-0.012073209843172584,0.03876344954427952,-0.012299083684272162,0.038757293426316945
2003-05,0.027833816092486943,0.06912237485121903,0.027675970323228404,0.06903738593437377,0.027517876841099107,0.06895257979415854,0.026781191637223634,0.06655215167931483,0.02672189023831458,0.06653671607410742,0.02666247097523509,0.06652133048212809
2003-06,-0.0233902890947706,-0.001972816481362285,-0.023611771287879568,-0.00205610693432097,-0.02383324826246477,-0.002139238886617648,-0.023346580259045797,-0.002100077448287571,-0.023543315204257325,-0.0021453318366818626,-0.023738962899949735,-0.0021905392037471806
2003-07,-0.04237453636979152,-0.014239479688576931,-0.04265443645744097,-0.014262585033639105,-0.04293493554774119,-0.014285721283977608,-0.0430214643880919,-0.01479124775280738,-0.04333938239558061,-0.014798523732913281,-0.04365704972001692,-0.014805796810576527
2003-08,0.008399587894043341,0.04591752338549597,0.008104672155459207,0.04585122670683447,0.007809287812180947,0.045784937776950134,0.009327730043003642,0.04482254380097021,0.009060818034313085,0.04480858873327573,0.008789430460196639,0.044794664329461366
2003-09,0.06024186817240056,0.04909762344980079,0.059543087523983296,0.04901202971510994,0.05884569629482396,0.048926610814311905,0.061490300328666994,0.04679564060798638,0.06084021245396342,0.04676439814426028,0.06018887869861706,0.04673323996024507
2003-10,0.03577636487685555,0.02767638064034169,0.03543916733196308,0.027595849730193082,0.03510255026279599,0.027515450647067303,0.037500649543058,0.029490215523166677,0.03723898210274555,0.029457705782236256,0.036975846144737624,0.0294252414502858
2003-11,0.021157986608027313,0.014448649165030155,0.020973702460936588,0.014378453999418202,0.020789789348703284,0.014308396902146204,0.02057783159403582,0.013816359759576454,0.020442769109660034,0.013775729384260667,0.02030737754326855,0.013735142807943435
2003-12,0.03439344381545543,0.0360096342795988,0.03427663277280773,0.03596931710516988,0.03416005388718438,0.03592906980720374,0.029963098026632023,0.031106116648469864,0.029894984854070307,0.031091127048936504,0.029826077059685964,0.031076188561470226
2004-01,0.016536283704425055,0.03668234564889876,0.016443167115784373,0.03662622804752581,0.01635023280931333,0.036570222515903764,0.017228659481198505,0.03596874563800348,0.017178390112698238,0.03594526896456312,0.01712783387922542,0.03592180865264934
2004-02,0.05506590106947045,0.05715988429005637,0.05491022058819411,0.05710387084170104,0.054754837147087836,0.05704798401628587,0.05499931845037481,0.05613769833132433,0.05488451091609221,0.056111750735986406,0.05476943749794227,0.056085856716196474
2004-03,0.031884635153340626,0.03978001833143717,0.03174919075687913,0.039700146206461756,0.0316140677006786,0.03962046357717722,0.03277019155013136,0.03931380889666819,0.03267088265736907,0.039263306863079606,0.032572300595077444,0.03921289076383107
2004-04,-0.04352780538865768,-0.05383881367045692,-0.04364002240323606,-0.05391024250559282,-0.04375198001667864,-0.05398150746836692,-0.040289149722279385,-0.04942875857564505,-0.040396919108954106,-0.04948793038608993,-0.040504488540663026,-0.04954698025539938
2004-05,-0.010702393231899143,-0.005048095032174472,-0.010902316987178019,-0.005115238267399008,-0.01110242781817227,-0.00518250989305093,-0.012166190955204804,-0.006051673609156339,-0.012320693453322986,-0.006064773615066399,-0.01247522064362399,-0.0060778716465555325
2004-06,-0.015917363762270216,-0.008693646416365917,-0.016736471191247618,-0.008723538119066345,-0.017555932773050027,-0.008753431383074824,-0.016695761824677757,-0.009924105763601268,-0.017489640781625734,-0.009933871564112422,-0.01828376038770152,-0.009943627781827752
2004-07,-0.018963732682364284,-0.014562535060445919,-0.019070975022308957,-0.014598591779409475,-0.019178428280209405,-0.014634719412616974,-0.0186637869118092,-0.013793935510721021,-0.018754088835997936,-0.013799895819704148,-0.018844552645110087,-0.013805849402422582
2004-08,0.004702781162889177,0.04220887323055643,0.003767545645703795,0.04216065432701132,0.002832173563139138,0.0421123606443659,0.00371756776164002,0.03889958616342862,0.0028129746774671984,0.03888894954409565,0.0019074899891042166,0.038878305578338074
2004-09,0.02100118189960666,0.015167634432734488,0.02077538446046243,0.015100637409510417,0.020549628561289467,0.015033807017611402,0.019931400050475993,0.013401616268068246,0.01977031559942665,0.013389162594032797,0.01960734095920288,0.013376809866962035
2004-10,0.020745092647853736,0.018604749424802357,0.020681991772037,0.0185562410947562,0.020619006373978743,0.018507754857895593,0.020679603577092594,0.0173795767398478,0.02068095008705728,0.01736348305790772,0.020680870814904235,0.017347397887381048
2004-11,0.05431326391127312,0.04605826779998613,0.053770568768564224,0.04602301363251893,0.05322878670190238,0.04598781676967987,0.05285649019986069,0.04397690774036825,0.052417264325995035,0.043968460821024166,0.05197263102596693,0.04396004147898169
2004-12,-0.002268653584188319,0.00966759688165545,-0.0023600549302718373,0.009599891606004425,-0.002451245865350518,0.009532313233497954,-0.0032732064413897822,0.007365177390936378,-0.0033060877699380643,0.007334485042977318,-0.0033355793319782587,0.007303917153786702
2005-01,0.0005322708240281266,-0.012635601824988251,0.00044324876014956643,-0.012674396577389464,0.0003540923170380183,-0.012713206349828811,-0.0004782624690382398,-0.012785934094547917,-0.0005463321155519154,-0.012803480470412906,-0.0006109854917671322,-0.012820998057208799
2005-02,-0.004237701064334525,0.035696040073421836,-0.004531344168981126,0.035662634382037754,-0.004825057383711821,0.03562919508153079,-0.0023421902275983122,0.033942136196410816,-0.0025918620156564773,0.033938717632661236,-0.0028444996390601454,0.033935290977624204
2005-03,-0.005517412389316568,-0.004824306081073581,-0.005655155736475206,-0.004885221967998927,-0.005792916265895447,-0.004945989703221665,-0.004983970290704941,-0.004187338144657677,-0.00510489040385197,-0.004206922826763748,-0.0052242573990498,-0.00422641657452866
2005-04,-0.0072954345262393775,-0.00953147787227087,-0.007613277400040015,-0.009572764619705576,-0.007931040944729167,-0.009614053285426137,-0.008568125071766481,-0.011217405904997677,-0.008850995956451689,-0.011234851752461788,-0.00913374844238835,-0.011252261038220992
2005-05,0.006695184296448574,0.014397110163234549,0.006283171380701086,0.014357867533861788,0.005871074837090216,0.014318583084399898,0.004743505426130567,0.012736725595520783,0.004358927555406921,0.012728657356792438,0.003975945872258566,0.012720597153634178
2005-06,0.01586433212388036,0.00929193969840297,0.015266199809880235,0.009256608800737573,0.014668523393044879,0.009221315799365228,0.015637162416246155,0.008306036917263525,0.015098199043826708,0.008299099030791414,0.014559807922388892,0.008292164643918087
2005-07,-0.0036393392617094815,0.014492204561061803,-0.003961562663291874,0.014440825112163136,-0.004284005926846228,0.014389383429778455,-0.0029619535932488726,0.014504465551648141,-0.0032618227140454093,0.014485914341771393,-0.00356030574466422,0.014467378378096547
2005-08,0.00805109542252672,0.010094726858198406,0.007444467405097872,0.010063581155611564,0.006837604375902154,0.010032495141785216,0.008358680689104675,0.010259281581362134,0.00779519427665387,0.010253890382072197,0.007230222177093513,0.010248516867664354
2005-09,0.0050066348729420245,0.019664841570374843,0.004702082368112068,0.019629511314880322,0.004398050390524334,0.019594237219864565,0.006143769074770341,0.01913114349791556,0.005875502103713479,0.019117363105005614,0.005606106539497932,0.01910359389046346
2005-10,-0.020713454918733807,-0.03281827188603363,-0.021122725544225653,-0.032874917503431585,-0.02153191765247197,-0.032931529700622776,-0.019871338996738444,-0.030503277253786886,-0.020290902229538544,-0.030529528794092004,-0.020712882187335895,-0.030555748807647803
2005-11,0.04029639560536497,0.027526220840187715,0.039949199475899574,0.027463173256482065,0.039601607473251255,0.027400002191082566,0.040241125806296525,0.02731673048285394,0.03995630763100604,0.02730096439416126,0.03967119082945633,0.0272851905438826
2005-12,0.021462553043928266,0.03599798991121924,0.02102856718765474,0.035951848421280776,0.020595567706960256,0.03590580266737557,0.022091776671950038,0.03512203306231178,0.021722869319741465,0.035113700152293585,0.021352153524254094,0.0351053786353094
2006-01,0.02476629003619774,0.037205254675916,0.024587291641546643,0.0371130844640119,0.024408351403582915,0.03702113218617891,0.02525679328764949,0.036985102180804766,0.02510901096088177,0.036926511424368556,0.02496245884845774,0.03686796683141866
2006-02,-0.004207446223312542,-0.019107329251647428,-0.004519776433822882,-0.019168835203612046,-0.004831552377358942,-0.019230220818610595,-0.004982040215583758,-0.0191158508841392,-0.005273812784958706,-0.019152484543469857,-0.00556577577698014,-0.01918899125326554
2006-03,0.020525633942952946,-0.006074442885100072,0.020033834222787632,-0.006111162313272506,0.019542130552208256,-0.006147955250977843,0.021115027323893795,-0.004176027047122325,0.020639302014266676,-0.004182995175973073,0.020163193769607356,-0.004189963795919018
2006-04,0.008881257574989974,0.033813486467376454,0.008328157112264725,0.03378915237552956,0.007776472316114214,0.033764804933274904,0.011643425959172567,0.035210929240097916,0.011112431267513965,0.03520567947290462,0.01057862155599862,0.03520042858823177
2006-05,-0.031033951035225153,-0.022141671794822064,-0.03150901895192458,-0.022220868343980023,-0.03198435642816177,-0.022299918028868194,-0.029111998305476523,-0.01996856454500974,-0.029569073198688137,-0.02001410676508041,-0.03002703364997389,-0.020059616425884455
2006-06,0.002551418580079049,-0.0030563275255442463,0.0022493672030986715,-0.0031093300186135456,0.0019470907579787586,-0.0031623533150953193,0.0019527159663475374,-0.003052543863836502,0.0017125776732566944,-0.003067016243029768,0.0014721620542281599,-0.0030814578718401813
2006-07,-0.016366712291645748,0.00987703161980584,-0.01668960219641025,0.009857295943462853,-0.017011745657441072,0.00983753971133421,-0.015784480748212544,0.009017178646000754,-0.01610510651446667,0.009013228019470559,-0.016425960436767025,0.009009263552430884
2006-08,0.0026003461750345866,0.012884843058014149,0.0023581374719960717,0.012833293575622256,0.0021157496449640055,0.01278172200405534,0.003552544117026588,0.011681109440366395,0.003358729247628585,0.011659776163312622,0.0031552218876261624,0.011638466322182534
2006-09,0.000593332915420579,-0.012858351638929628,0.0004811002622882196,-0.012892128563953626,0.00036872914788296535,-0.012925878127450337,-0.0008560868772762974,-0.013817707252301064,-0.0009240785947798863,-0.013824949912609808,-0.000992244321515632,-0.013832179255998658
2006-10,0.013292092759157846,0.03796143626607401,0.012936634149419396,0.03790089667262519,0.012581046710651269,0.037840312843531905,0.013507547135572253,0.03730207899751327,0.013174546833259226,0.037292832744990546,0.01284049594852041,0.03728359041710371
2006-11,0.014435092742888598,0.032178659376847656,0.014019027347964199,0.032113056229904326,0.013602984685572769,0.03204758828154621,0.015230072146867423,0.031714757231930776,0.014851987480005543,0.03168465801798843,0.01447299764828753,0.03165458566055335
2006-12,0.010502270687596283,-0.015615110764409567,0.01017752877948022,-0.015661821449228678,0.009853275866979736,-0.01570842802229683,0.009562950842406714,-0.01536187370167224,0.009270657461904126,-0.015379429081566053,0.008977861322593032,-0.015396959679249018
2007-01,0.010948223219768896,-0.014067306643533513,0.010438289374085523,-0.014114676487741227,0.009929005312991707,-0.014162109719800446,0.01016174076360062,-0.01307451054400104,0.009685101340297132,-0.013083603359404993,0.00920847559097953,-0.013092678763690236
2007-02,-0.015797616126836087,0.02022676580097475,-0.016022642253652793,0.02019831521938169,-0.016247172276370493,0.020169812589438854,-0.014456309138805317,0.019377121755384155,-0.01466604999156521,0.019373082045279322,-0.014875494758338612,0.01936904267527209
2007-03,0.010054936380001904,0.0017712959493188397,0.00963982105607575,0.0017408935533602982,0.009224024117116605,0.001710543696661381,0.008622823741257658,0.0009324467907745552,0.008238144721997048,0.0009291877009914248,0.007851434936531159,0.0009259359519958478
2007-04,0.041460398753879885,0.025748422648202606,0.040929344839116505,0.025716178869253002,0.04039930739564705,0.025683924871170178,0.03912817816939282,0.024909912509014993,0.038624021231423784,0.024907479976554518,0.03811910618582478,0.024905068106782915
2007-05,0.028774245902017465,0.009474958759647024,0.028332611719201532,0.009396438192963947,0.02789185296299469,0.009317932561646206,0.029621854738086692,0.011753180491471834,0.0292611748207247,0.011722409936480325,0.02890050920437242,0.011691671980467888
2007-06,0.0018688948109599462,-0.005117740362977238,0.0017509923790593415,-0.0051591809656545955,0.0016332970067153918,-0.005200594868830353,0.0019856949569235726,-0.004066218235743086,0.0019112641503700434,-0.0040757251313279196,0.0018379012230873577,-0.004085241117695646
2007-07,-0.030524994402482103,0.005885990162975175,-0.03069206807850164,0.00586223868085043,-0.03085881709721263,0.005838464323725083,-0.030214440848055524,0.0028366654016249446,-0.03037767301368185,0.002825155638564908,-0.03054012412542986,0.0028136267844688324
2007-08,0.0037707327893480988,0.003289538574059238,0.003209532331656755,0.0032458220789592005,0.0026477421329129756,0.0032021280895320778,0.004879674067134465,0.004029596694227526,0.004387577494574383,0.004025234493843486,0.0038949868565686576,0.004020878260183976
2007-09,0.041770137236577534,0.07033817734731188,0.041501296267384094,0.07030062583320057,0.041232410191823485,0.07026306801866426,0.042247442956295955,0.06939494023150866,0.04205246731671839,0.06938785478744199,0.04185579927971868,0.06938077781370867
2007-10,0.03269453599167179,0.025620154765814585,0.03235668897291946,0.025513558413018438,0.03201951113610601,0.025407198886355835,0.03257226072460007,0.0258105308328071,0.03232024666256637,0.025770109733510665,0.03206846960567698,0.025729972733773306
2007-11,-0.024493481857873776,-0.00334880296910967,-0.02463007729024737,-0.003401693554436244,-0.024766386418890684,-0.0034544732812105713,-0.025039852092673533,-0.005940253562747974,-0.025174530124424898,-0.0059800292157022455,-0.02530750705136185,-0.006019750177992971
2007-12,0.010273500469726513,0.011745628810610212,0.010092143913037446,0.011685889425838203,0.009910543948614356,0.01162615792516081,0.0106889000021096,0.012133734183211325,0.010576642798010955,0.012119961826418375,0.010464917019721623,0.012106275147874332
2008-01,0.007617860020700219,0.002028634044577787,0.00718734781132167,0.0019941074735275468,0.0067576231155044054,0.0019596579747490697,0.008527255120233702,0.0027961093697852412,0.00805595507425057,0.0027778959806620015,0.0075863189303258995,0.0027597248800181077
2008-02,0.11125330808167107,0.08108826603464839,0.11018154313157581,0.0809904760924503,0.10911170599392887,0.0808927699337659,0.11232287417292629,0.08177930353748186,0.1114707787882519,0.08174466553897575,0.11061713703045646,0.0817100405983347
2008-03,-0.01867060728012101,-0.055920711457506364,-0.018867761388049208,-0.05605306161251973,-0.01906443878588304,-0.05618509175059025,-0.023187450332890026,-0.05780774615466765,-0.023308176677413327,-0.05789811246415894,-0.02342839186384503,-0.05798842224247215
2008-04,-0.040046522564113854,0.027079617238624086,-0.04009350186861817,0.026998863100608807,-0.04014049932801034,0.026917917902096956,-0.036189450449380045,0.025355139936150156,-0.03622506549956987,0.0253523814500952,-0.036260601622635086,0.02534962224661047
2008-05,-0.024255515192274382,-0.006325475531484982,-0.024364930105493763,-0.0063928841889747635,-0.024474621491545813,-0.006460193569874943,-0.023328279730391914,-0.005728941154130628,-0.023384153348361324,-0.005737814056844456,-0.023439613922624673,-0.005746630166988875
2008-06,0.06891962054779999,-0.012500689898777496,0.06840909263951096,-0.012537707332991959,0.06789791255079455,-0.012574759641252178,0.07073707336744783,-0.012393615710212302,0.07033110209169344,-0.012409614811872959,0.06991115008250297,-0.012425587453919895
2008-07,-0.03398498748400603,-0.027803693237459765,-0.03424220118195189,-0.027844870178564643,-0.03449875338282014,-0.027885993976921323,-0.03531777646890721,-0.031073838558617735,-0.03549548006677997,-0.031089783423877644,-0.03566860641403879,-0.031105727055587493
2008-08,-0.028080203772881222,-0.03293786387076429,-0.028239845475174403,-0.03299258683116754,-0.028399703753945755,-0.033047362270202815,-0.027285308085927266,-0.0324229495720254,-0.02741226593370979,-0.03242789644835432,-0.0275331377638694,-0.03243288504710962
2008-09,0.009600511009890726,-0.10757280195065762,0.009315090162798216,-0.10762510725662311,0.009029216655093248,-0.10767751939044189,0.01061681072930602,-0.1069106434421727,0.01038839968077747,-0.10692112679116367,0.010156162200707046,-0.10693194272307235
2008-10,0.07088084431049746,-0.17524844036186255,0.07021540644323879,-0.1753576239884726,0.06955172780919253,-0.17546706615876975,0.06848836632764292,-0.17066779429510687,0.06794035136545064,-0.17076989789068212,0.06738648060088775,-0.17087229943946744
2008-11,0.09333146085485798,0.011705531833633256,0.09266213574463755,0.011477501674834613,0.09199406265934458,0.011248888652512994,0.08873894377189309,0.014496077511676846,0.08823079377756966,0.01427888960542377,0.08772039017198259,0.014061110192159831
2008-12,0.03396105241643446,0.05123517668958784,0.033775150680255425,0.051074715079044486,0.03358943005239156,0.050914428646028624,0.0357301043268749,0.05295567310449153,0.0356283385691339,0.05286526064595488,0.03552644604407432,0.052774858775734686
2009-01,0.02431883076180738,-0.07189146985603798,0.024188913937814145,-0.07198068339406412,0.024059152369068595,-0.07206980147324436,0.01962595353844714,-0.07039362988065478,0.019547631008804533,-0.07044380466948376,0.019468853618889514,-0.07049397963178403
2009-02,0.039585837621131215,-0.05286301221132625,0.03945638782122177,-0.05297509119900101,0.03932719781397752,-0.053087447859278505,0.034993369761768034,-0.05036427698551956,0.03488975232225498,-0.05041171702300705,0.034786346617194944,-0.05045925994752874
2009-03,-0.031212010291802785,0.06794761937641898,-0.03129719183609731,0.06786509374706393,-0.0313824757356264,0.06778240784712919,-0.027253670144704163,0.06828219186671113,-0.027321391027324456,0.06824587137545993,-0.027389193978696328,0.068209320216111
2009-04,-0.05956684996902817,0.03793925166734545,-0.059731958151972776,0.037882792487696486,-0.05989678923230848,0.03782638836612634,-0.05656357137731045,0.03601750483645379,-0.0566969566698187,0.035983135659986266,-0.05683004240419472,0.035948402660807066
2009-05,-0.07249379056691105,0.07569520682827044,-0.07272537135987965,0.0756053589648379,-0.07295744083499624,0.07551565229495086,-0.07242164559486661,0.0741004878580209,-0.07260049045502265,0.07406568120262555,-0.0727804056477523,0.07403078966197715
2009-06,0.021087901422899194,-0.023848629878467635,0.02093276049170969,-0.023922285488320236,0.02077729467965938,-0.023995876477911005,0.021187315008051905,-0.023963147855536028,0.021016225848021736,-0.024029034356227014,0.020844713082198082,-0.024095061549509952
2009-07,-0.029738795346200435,0.044822369851104465,-0.029796943112105855,0.04478217775680481,-0.029855178353970693,0.044741918003859786,-0.030769251392721637,0.04534206228201659,-0.030802138895767318,0.04533575859149994,-0.030835047130890084,0.04532945150783191
2009-08,0.015060778590510202,0.01059115692789763,0.015008699383337685,0.010535031455942074,0.014956546532451228,0.010478991049204337,0.012510842439871819,0.012283318881017236,0.012443581829529841,0.012257676610543848,0.012376199503640715,0.012232007021935465
2009-09,0.006117774589303151,0.02679976238133741,0.005721526607217031,0.026767923173522733,0.005326346842944137,0.026736126109832174,0.005946675082009484,0.026616614661342346,0.005634071142639419,0.02658308987160827,0.005321496163891895,0.026549559756907492
2009-10,-0.01853090884226308,0.016933144061403033,-0.01884542830203547,0.016900372813734837,-0.019159037869195074,0.016867647681813085,-0.01678374808204934,0.01427476430398817,-0.017075767538865094,0.014255739667163113,-0.01736719057214541,0.01423677361796007
2009-11,0.04642981428613159,0.04992464495681884,0.04592597384116103,0.049887707523514145,0.04542130768431217,0.04985082932735578,0.043904644078271056,0.04861298187768451,0.04349546954939727,0.048600256394941435,0.043086167994924124,0.04858751433254684
2009-12,-0.006709525017742471,-0.011105121256702736,-0.006818856617511016,-0.01114556985716904,-0.006928360207627839,-0.0111859632566418,-0.004573674012846517,-0.009386335162020839,-0.004684992976347538,-0.009406942743972455,-0.004797897406261557,-0.009427541797989394
2010-01,-0.03315679033335213,-0.017332523934234713,-0.03376691616626923,-0.01736049543202753,-0.03437556916507623,-0.01738847195723365,-0.03343479471620495,-0.01900589129859101,-0.03401875317777541,-0.019020175035056885,-0.03460249401325517,-0.019034462346806745
2010-02,0.01588901193575154,0.020324675257303273,0.015313299903965225,0.02028628581371031,0.01473708339763963,0.0202478522045052,0.015428873319703048,0.01994328072315122,0.014917324687639903,0.019937945062385002,0.01440546244815391,0.019932607550170667
2010-03,0.026425826411876515,0.015168839576807768,0.026252630546181144,0.015137099409528785,0.02607899823521582,0.01510541129254839,0.027321893151077907,0.01723391485023105,0.027172732555254032,0.017222159160572712,0.027021072538852647,0.017210408533512304
2010-04,0.004610908369347097,0.018777411234120973,0.004143422087573753,0.018732812535485248,0.003677179824119194,0.018688265401865283,0.004441342664070215,0.017748402130450404,0.004032896952189261,0.017723771907210518,0.0036251489673697485,0.01769917646506734
2010-05,-0.03816131837716206,-0.040513848483683015,-0.03851868227904726,-0.04053572639457679,-0.0388765297370955,-0.04055756833065786,-0.03912057955494994,-0.04287269694301196,-0.039481757897896194,-0.04288393145032501,-0.03984292035632316,-0.042895172203310156
2010-06,-0.009769004018237968,0.01230172991025004,-0.010102125821846521,0.01224410383393409,-0.010435505834219438,0.012186399548169585,-0.009401983947482902,0.010543843070203037,-0.00967814077296992,0.010542637944781845,-0.009954358785298078,0.010541433202972371
2010-07,0.010402645124705772,0.05919533954173586,0.010180696073187485,0.05915897212083067,0.009958406351612032,0.059122654698099936,0.009320197215566877,0.05705472058553637,0.009133310793939302,0.057050632089010796,0.008946276700331593,0.05704654421751429
2010-08,0.020246051196234235,0.002978732336648255,0.020030353040492895,0.002926446544616003,0.019814895667384584,0.0028742304495308784,0.021063019058203132,0.0014301743512371637,0.020896998531123825,0.001420571951698789,0.020730823584843204,0.0014109290434669082
2010-09,0.03784942665604205,0.06014295675081478,0.03769015270270386,0.06010488372675999,0.0375311202728847,0.06006681644027747,0.03641560317338752,0.05928479944852891,0.0363489467121726,0.05928018539612782,0.03628246469928959,0.059275564301439695
2010-10,0.031059034018006384,0.03342759366001809,0.03091077095332006,0.03336514025877201,0.030762757055206553,0.03330276331182656,0.032117442261841316,0.03505841640731237,0.03204077590263248,0.03503023865576218,0.03196546674159869,0.03500204660380141
2010-11,-0.00402088681554704,-0.010749810267567342,-0.0041381820823405855,-0.010790539881683598,-0.004255250514126977,-0.010831214011192561,-0.003143510564197284,-0.01069790546445322,-0.003242754889790017,-0.010726967614148732,-0.0033417607019130117,-0.010756022010449407
2010-12,0.044755138943916306,0.05246555807359661,0.044671080157566566,0.052438450142431973,0.044586991619618176,0.052411319552855516,0.04634609838163917,0.05365598876939982,0.046308549732546334,0.05364926758256369,0.04627092614499781,0.05364253629548882
2011-01,0.002767474713433125,0.014374270117891866,0.0025819338835262676,0.014320438224587818,0.002396709747466869,0.014266669620663345,0.004007304465053141,0.014162689421560442,0.003847999387615713,0.01413155869469438,0.003688872003432224,0.014100437434183124
2011-02,0.02262066563169566,0.016857498901398024,0.02221634741336647,0.016832918179478157,0.021811129289535446,0.016808357147946082,0.022483535832932083,0.016526205478615854,0.022186929347315237,0.016501780959294967,0.02188961173621226,0.01647737108631152
2011-03,-0.0068366635541945,-0.003805906171821247,-0.006939759059922318,-0.0038386637739353637,-0.007042711712015715,-0.0038713777371316973,-0.0059207033947696365,-0.00360308226118137,-0.005999713982526772,-0.003624132255759365,-0.00607875676268023,-0.0036451826227422795
2011-04,0.0352025061304045,0.02970951388496615,0.034814714175547136,0.02968251741986578,0.034426409334557,0.029655567380763765,0.035310082213539436,0.028296658698063467,0.03496108400229886,0.028284821981168478,0.03461156019576643,0.028273015981654864
2011-05,-0.004361124974272278,-0.007571979956073406,-0.004434498987145812,-0.007610974471661715,-0.004507744082261841,-0.007649914409098167,-0.005905090402163462,-0.0086854917812824,-0.005932593194019876,-0.008708844762893601,-0.0059601544628347875,-0.008732181966821151
2011-06,-0.01256460678992272,-0.011072746481056148,-0.012812363778864758,-0.011093734330932876,-0.013060578353657964,-0.011114730865142378,-0.012616642499098442,-0.011006533546935895,-0.012818894365372773,-0.011011912980987701,-0.013021558053664261,-0.011017278554887395
2011-07,0.01155455315577213,0.03249028735817915,0.011413942523858541,0.03244889023311779,0.011273112557305547,0.03240744934722319,0.012393219637559232,0.030973454584604466,0.01229754914356412,0.030966006734705714,0.012201556546829601,0.030958562953995423
2011-08,-0.006981215174244783,-0.0033238158131295766,-0.007692112737084107,-0.003362225666802816,-0.00840114749821205,-0.0034006165706778014,-0.005878166355191637,-0.0037614164381369677,-0.00648202540954236,-0.0037699927753531695,-0.007086076455602916,-0.003778530189669995
2011-09,-0.06277574656681359,-0.0715624405958208,-0.06305179523119671,-0.07160214368061117,-0.06332705803506072,-0.0716418151340304,-0.05636983135526302,-0.06831886786531229,-0.056607100812137025,-0.06833105976282279,-0.05684319555408068,-0.06834302229229329
2011-10,-0.01890881388550826,0.055672694942308566,-0.019412406624896877,0.05554760537538143,-0.01991668061559015,0.05542234592823642,-0.021837112898908148,0.05141668128082419,-0.022237790444373323,0.05138637776296876,-0.02263843416837969,0.05135606134534921
2011-11,0.013678379391487472,-0.025979604419796694,0.013293238901735083,-0.026139092680561617,0.012907477041634662,-0.02629817977540712,0.014435446668084315,-0.02339399196958195,0.014104205519033575,-0.023442929626604478,0.013770585154343436,-0.023491776827631983
2011-12,0.007880485225297613,0.004303285766986712,0.007726648435544006,0.004242225885521995,0.0075728712414011865,0.004181097950270363,0.007206369470588627,0.004046222163731024,0.007109518661003286,0.004030790503208026,0.007012716791405792,0.00401539632835587
2012-01,0.005810736430201788,0.045031778847674044,0.005532486950336628,0.044989960093457265,0.005254184724799625,0.044948123220195764,0.0048500212783122105,0.0412653749264615,0.00461544150923396,0.04125574225815765,0.0043809436698138875,0.04124613153754982
2012-02,-0.021982302645070485,0.024549059461930374,-0.022289106759619655,0.024438669524635845,-0.02259617802327839,0.024328525660585684,-0.022537416081593854,0.02213861974321636,-0.02280715050981845,0.022092895702483965,-0.023077863031216925,0.022047302030706834
2012-03,-0.015088503649143273,-0.018131436805756476,-0.015257133033540246,-0.018196819945845058,-0.015426146010014952,-0.018262052946177828,-0.01525125885508551,-0.01659335531132633,-0.015405988877033816,-0.01664295905331419,-0.015561105795847623,-0.016692457780227463
2012-04,0.009332374728501238,0.003927647740569702,0.008955619034565692,0.0039011670457405833,0.008578620905935253,0.0038746726525332085,0.008867312681387227,0.0035307494872006003,0.00850400874071803,0.0035190449901513292,0.008140006766110212,0.003507398939949224
2012-05,0.06625561732512211,-0.059005457602141556,0.06551169322711689,-0.05903635592460186,0.06476832575757915,-0.05906726534158061,0.06555804286167735,-0.05477611861880739,0.06487037561277538,-0.05479181881142292,0.06418273934107684,-0.054807486722454855
2012-06,-0.04877627366584379,0.05000353681448831,-0.049019764900185274,0.04990536598312342,-0.04926261615214415,0.04980704049450521,-0.0451525765242667,0.04557576853423438,-0.045331938600049734,0.045565479460219487,-0.045510775011605095,0.045555211403323304
2012-07,0.033100195968176774,0.04160800510787544,0.032489901870090515,0.04153834341902775,0.03187846983753634,0.041468809677088304,0.03354812790839631,0.04188128778097817,0.033056378438792146,0.04187428272129093,0.03256423288150887,0.04186728814194972
2012-08,-0.012127407212803795,0.03193420725426538,-0.012365291326281025,0.0318664832038864,-0.012602681570867823,0.03179892679638637,-0.010505031423407547,0.02898839085769179,-0.010712656889847268,0.028955377623665887,-0.010920436665746552,0.02892245407256386
2012-09,-0.009222118618650507,0.009417464970351293,-0.009622835642977175,0.009369751779071225,-0.010024322877059122,0.009322127528175668,-0.009138752842702099,0.0075717622831538356,-0.009496547172984513,0.0075488152601086425,-0.009855190078112905,0.007525915920539438
2012-10,-0.009927411982487248,-0.014563520045672821,-0.010267266841235276,-0.014589377018373071,-0.01060773026808452,-0.014615189311775759,-0.009905346802037803,-0.014266252789022606,-0.010239308554851249,-0.014274804349305862,-0.010576073927598729,-0.014283319803318843
2012-11,0.0048702877252340925,0.015478489042225502,0.004710522819383682,0.015442500131949576,0.004550524388729088,0.015406433055340325,0.004676756158690941,0.014279678646582587,0.004526884131332806,0.01427901056569685,0.004376354439790541,0.014278341098937998
2012-12,-0.00047751227096963045,-0.004294801209581128,-0.0006722541094955565,-0.004345107292308366,-0.0008671656116264503,-0.004395290450629855,-1.7705567862888135e-05,-0.004098529200383498,-0.00019804117991262948,-0.00411156449183548,-0.000378831315752372,-0.00412457440051204
2013-01,0.015476231795105232,0.013190528827592219,0.01529822119667328,0.013141855489920378,0.015120042301071406,0.013093172568886024,0.015839410544879064,0.013016182665501875,0.01567981255399403,0.01298777700701375,0.015519388473246153,0.012959389249351297
2013-02,0.009837903370259877,-0.008762191594042174,0.009621266449065082,-0.008794822920159746,0.00940495354329979,-0.008827412674018714,0.009928391483691908,-0.00801007287086668,0.009740743733037212,-0.008025099446007211,0.009552598378476327,-0.008040068370566035
2013-03,0.014989013946995656,0.015795073476013582,0.014597280963990327,0.015761431576531548,0.014206147863205417,0.015727742033948746,0.015227995831460178,0.01576785271535205,0.014862794149009172,0.015763506636387023,0.014497617289065323,0.01575917054923258
2013-04,0.025320788671237715,0.010529157560412755,0.025178150266791963,0.010499301828139747,0.025035728005817163,0.010469485913495039,0.02384265944647198,0.009795738779387173,0.023718541257939027,0.009784599542554772,0.02359460762121399,0.009773472144939246
2013-05,-0.00465842336537845,-0.030126839770461197,-0.004733395658456785,-0.030154774912818667,-0.004808201798179569,-0.03018267136128755,-0.0045850679450955166,-0.028226458341079695,-0.004632055283765242,-0.028238640668039855,-0.004679604489506735,-0.028250788495278303
2013-06,-0.009629780196561417,-0.04623559131098828,-0.01043955350886464,-0.04628958672760999,-0.011248931828286846,-0.046343659997173846,-0.010217775312992438,-0.044755845511143706,-0.010988264782445328,-0.04476454199566905,-0.011758796383646061,-0.04477322528560572
2013-07,0.02959163696210347,0.0400522810349443,0.029377687092688388,0.039941403155429614,0.02916356829883122,0.03983023609434004,0.029328986637514813,0.040728344127981125,0.029188504082641648,0.040729689724461754,0.029048332910726005,0.040731016384625986
2013-08,-0.007870646294882738,-0.0053289029268021645,-0.008812029408996095,-0.005412299333866679,-0.009751615455586598,-0.0054954902315773576,-0.007559729399148266,-0.005713625942923523,-0.00848355330659535,-0.0057242141071755384,-0.009408920791754592,-0.005734793772321334
2013-09,0.0029805452780417995,0.03262265524650398,0.002660717082136424,0.03258615528190381,0.0023407745080433555,0.032549667242045895,0.0030948009671194518,0.031031896186313634,0.002829007913875688,0.031030184163786296,0.0025622084945262774,0.031028474583723688
2013-10,0.014179339630248988,0.021614042545295163,0.013205548545663871,0.021527977175348184,0.012231677053532354,0.02144213583367425,0.01425194242214125,0.020355697129479287,0.013322183409627975,0.020339304547313627,0.012391561823543855,0.0203229266565879
2013-11,0.026645868785951626,0.004076338799754888,0.026573741485742052,0.00403844433190665,0.0265017119790164,0.004000617800009181,0.02589127783995092,0.004444934046794272,0.02589104536342607,0.004431302091721538,0.02589100557613814,0.0044177551261748845
2013-12,0.021769657523610816,-0.008069713558030583,0.021431419004419524,-0.008099972801554532,0.02109392183174534,-0.008130235473938109,0.020386589764219188,-0.006753151207507028,0.020118372564703012,-0.006762592766263165,0.019849912361599272,-0.00677202156780149
2014-01,-0.038109550156934464,0.010800746466695361,-0.03890191846662693,0.010758567813564568,-0.03969245444511055,0.010716347182940136,-0.03751923902743596,0.01009646036185501,-0.038406682752267315,0.010082241874300223,-0.03929000806349767,0.010068039843646565
2014-02,0.007363032686145303,0.07370633807924605,0.00628639159376062,0.07364759145032743,0.0052092589322717976,0.07358891632156263,0.008759671912446573,0.0713023218799475,0.007814601433219475,0.07129160780501202,0.00686759105438919,0.07128090272108827
2014-03,0.005869628305874047,0.006543682054535028,0.005662584517617064,0.006447739164451449,0.005455766388624228,0.006352045760092272,0.005945995255886452,0.006534099291893835,0.005764112322821239,0.006474258938577932,0.00557360100615228,0.006414501299258437
2014-04,0.007380994394921675,0.020678685070191907,0.0070140909504928595,0.020645627475689123,0.006647877977059139,0.020612629731177647,0.007706094422183864,0.019990202777319756,0.0073589656843560235,0.019976508213615483,0.007011629584656082,0.019962917838100936
2014-05,0.007947961533571087,0.008316813002880313,0.007861839105348252,0.008284960557916804,0.007775642480326614,0.00825317379246884,0.008457480587801425,0.006055701694192209,0.00837260313254695,0.006038029313814099,0.008286383620558233,0.0060204000550888054
2014-06,0.010841695559589375,0.01383547431149862,0.009944456644051929,0.01380825970800289,0.009047510127105713,0.01378104048578625,0.010417740613887136,0.011684420674912398,0.009555610833438708,0.011675443855372725,0.008689730155175265,0.011666481836689096
2014-07,0.0028272249049860116,-0.030229501285688888,0.002615971085896687,-0.030263568473795948,0.0024050717260595475,-0.03029757417317837,0.001212971410081416,-0.028233176562073522,0.001009035360811547,-0.028244563695779185,0.0008060045815837959,-0.028255921593081886
2014-08,0.024728492617834316,0.018895107013371104,0.024551952710557108,0.018834552177581145,0.024375495738680263,0.018773935243006756,0.024994024963535928,0.01825828983843029,0.02489882071330135,0.01824773404841283,0.02480022720788262,0.018237169796195253
2014-09,0.012282936275346174,-0.04570192473539394,0.012050946083303442,-0.04574556250662773,0.01181904879330038,-0.045789192978495076,0.010546461517707486,-0.04293468213504571,0.010334905832484951,-0.04295781567943629,0.010122795727830593,-0.0429809037237828
2014-10,0.004735774783893472,0.013367862567106129,0.0045435758426556495,0.01326716551877569,0.0043514141608086325,0.01316634822650841,0.005195077685835862,0.012830450286702762,0.005062900572012801,0.012814095735402629,0.004931589874028921,0.012797734105840659
2014-11,0.037228298698508425,0.0018069919532858435,0.037052854042700825,0.0017413855541787455,0.036877299146169586,0.0016757435283566353,0.034401934960653933,0.0021210459965554677,0.034284677869542125,0.0020947675639713306,0.034168685665478454,0.002068555614726834
2014-12,0.005614160223814746,-0.03638017252891294,0.0039623091890132545,-0.03789843344305008,0.00231136735055038,-0.0394166034172008,0.0039409845176026324,-0.03459458900461275,0.0023854591631372523,-0.036072415464334706,0.0008280309412469463,-0.03755041647686573
