ID,month,segment,wealth_index,additive_index
ZF,2000-01,0,1.0,1.0
ZF,2000-02,0,0.9733439928158009,0.9733439928158009
ZF,2000-03,0,0.9827239723364527,0.9829808525384528
ZF,2000-04,0,0.9923722641726397,0.9927987587947212
ZF,2000-05,0,0.9743789117471511,0.9746671028878625
ZF,2000-06,0,0.9936316893271931,0.9944261281991965
ZF,2000-07,0,0.989607004594164,0.9903756487546908
ZF,2000-08,0,0.9709675123067741,0.9715404018325716
ZF,2000-09,0,0.9907021569024714,0.9918651236647292
ZF,2000-10,0,1.0077098722504834,1.009032458195612
ZF,2000-11,0,1.0031595144094665,1.0045169146187147
ZF,2000-12,0,1.03278886011072,1.0340529408195882
ZF,2001-01,0,0.9543814305974605,0.9581347812212614
ZF,2001-02,0,0.9838629307370924,0.98902547040952
ZF,2001-03,0,0.9650865444111643,0.9699411185762203
ZF,2001-04,0,0.9895084408864163,0.9952465138453594
ZF,2001-05,0,1.0277292564463405,1.0338725770305155
ZF,2001-06,0,1.019904393203485,1.0262588371337726
ZF,2001-07,0,0.9919506305339416,0.9988506184263882
ZF,2001-08,0,1.005563373726201,1.0125738247768212
ZF,2001-09,0,0.952202077503929,0.9595077549332696
ZF,2001-10,0,0.9785459662802606,0.9871740343908701
ZF,2001-11,0,1.015343083839385,1.0247779066943872
ZF,2001-12,0,1.0333638150725815,1.042526322495924
ZF,2002-01,0,1.0135415582922198,1.023344059200814
ZF,2002-02,0,0.9792851940883682,0.9895453817577575
ZF,2002-03,0,0.9453847543847164,0.9549278465307389
ZF,2002-04,0,0.9224686923333867,0.9306879146458163
ZF,2002-05,0,0.8879713946217075,0.8932912008078451
ZF,2002-06,0,0.9001932943824167,0.9070550448176129
ZF,2002-07,0,0.9177759646922901,0.9265871502216374
ZF,2002-08,0,0.9529905871659107,0.9649566693944643
ZF,2002-09,0,0.9719312463380851,0.9848316392286386
ZF,2002-10,0,0.9805719980506293,0.9937219303321498
ZF,2002-11,0,1.0110446110292794,1.0247982949838321
ZF,2002-12,0,1.0011827644929725,1.0150441788659812
ZF,2003-01,0,0.9806760375199187,0.9945616778678353
ZF,2003-02,0,0.9364045054565969,0.9494177869502166
ZF,2003-03,0,0.9616477661630798,0.9763754324542544
ZF,2003-04,0,0.9844488372220374,1.0000858510308321
ZF,2003-05,0,0.9931717253577049,1.0089465330752967
ZF,2003-06,0,1.009467591705317,1.0253544370978795
ZF,2003-07,0,1.051964977029181,1.067453248068197
ZF,2003-08,0,1.1356455649069404,1.1470001813834856
ZF,2003-09,0,1.204010447753022,1.20719931829614
ZF,2003-10,0,1.2635812575633965,1.2566763057438386
ZF,2003-11,0,1.3170246902087916,1.2989715141647453
ZF,2003-12,0,1.0460018727104479,1.0931873557406706
ZF,2004-01,0,1.126588655317239,1.1702300310066058
ZF,2004-02,0,1.164623294984751,1.203990924557235
ZF,2004-03,0,1.225223547964934,1.256025134452527
ZF,2004-04,0,1.4045821172579587,1.4024135789049166
ZF,2004-05,0,1.5822486762346482,1.5289042673407998
ZF,2004-06,0,1.614719942175959,1.549426493985087
ZF,2004-07,0,1.692212919511782,1.5974180839269287
ZF,2004-08,0,1.6840211802456437,1.5925772396267317
ZF,2004-09,0,1.7046374224495284,1.6048195097630713
ZF,2004-10,0,1.6872956856474828,1.5946462397329402
ZF,2004-11,0,1.6858665118851417,1.5937992193947161
ZF,2004-12,0,1.650996862388638,1.5731157018975257
ZF,2005-01,0,1.6710436253922027,1.5852579194027494
ZF,2005-02,0,1.64818779671783,1.5715803419134073
ZF,2005-03,0,1.806694666060684,1.6677507356382617
ZF,2005-04,0,1.88426977981963,1.7106883250473734
ZF,2005-05,0,1.9571302628913132,1.7493560805100004
ZF,2005-06,0,1.900680637159615,1.7205130204429082
ZF,2005-07,0,1.897209004342281,1.7186864995906084
ZF,2005-08,0,1.9775274746335367,1.761021566579762
ZF,2005-09,0,2.0673682942455245,1.8064524497226806
ZF,2005-10,0,2.1051291458359596,1.8247176285471514
ZF,2005-11,0,2.1632215000301187,1.8523132534089648
ZF,2005-12,0,2.132688653674512,1.8381987272935478
ZF,2006-01,0,2.055693970638969,1.8020965597770258
ZF,2006-02,0,2.0004709154925746,1.7752330986125076
ZF,2006-03,0,1.8740301057369575,1.7120275759646146
ZF,2006-04,0,1.848666378276561,1.6984932536595723
ZF,2006-05,0,1.9332504668086739,1.7442473656648803
ZF,2006-06,0,2.040876559907572,1.799918420681648
ZF,2006-07,0,2.0253746789834826,1.7923227232109535
ZF,2006-08,0,2.0590615639870142,1.8089551445367889
ZF,2006-09,0,2.011137698975488,1.7856805296103997
ZF,2006-10,0,1.8884477858758237,1.724675301991145
ZF,2006-11,0,1.8352398109767143,1.6964997944144646
ZF,2006-12,0,1.8675851344025702,1.7141243703594697
ZF,2007-01,0,1.8277106388571023,1.6927735388439769
ZF,2007-02,0,1.9373518122032858,1.7527617946516598
ZF,2007-03,0,2.045005284109891,1.8083291269392192
ZF,2007-04,0,2.039671892368435,1.8057211181566024
ZF,2007-05,0,2.016673693893982,1.794445677944624
ZF,2007-06,0,2.018935183410637,1.7955670737973601
ZF,2007-07,0,2.123911007923431,1.84756271257535
ZF,2007-08,0,2.1345011307447623,1.852548855018147
ZF,2007-09,0,2.1095918914923133,1.840879037235592
ZF,2007-10,0,1.9663459695657213,1.7729768413159535
ZF,2007-11,0,1.9604376228624036,1.769972107258588
ZF,2007-12,0,1.9131106158589044,1.745831065252672
ZF,2008-01,0,1.8597657469212572,1.71794722597258
ZF,2008-02,0,1.8314943900823049,1.7027456572342838
ZF,2008-03,0,1.6649764816041825,1.6118265097993638
ZF,2008-04,0,1.743104647278824,1.6587509958433744
ZF,2008-05,0,1.864294201716108,1.7282761127814044
ZF,2008-06,0,1.797615853424819,1.6925101117768897
ZF,2008-07,0,1.828542954611417,1.709714622477925
ZF,2008-08,0,1.7495879489440034,1.6665354313802827
ZF,2008-09,0,1.6429748717302897,1.6055993250941931
ZF,2008-10,0,1.5561292936815225,1.5527405872382047
ZF,2008-11,0,1.4497461984525533,1.4843766693678035
ZF,2008-12,0,1.4868992405118777,1.510003942678802
ZF,2009-01,0,1.4398131670162064,1.4783366499579706
ZF,2009-02,0,1.465127612622729,1.4959184072209513
ZF,2009-03,0,1.4617709707977673,1.4936273836977834
ZF,2009-04,0,1.5288490496815883,1.5395156112134882
ZF,2009-05,0,1.5577774979055254,1.5584373276706898
ZF,2009-06,0,1.576564835754537,1.5704976751043067
ZF,2009-07,0,1.569282072904294,1.5658782882671283
ZF,2009-08,0,1.4966406202942724,1.5195886798759592
ZF,2009-09,0,1.4911265284219453,1.5159043672911232
ZF,2009-10,0,1.464470521237746,1.498027945219544
ZF,2009-11,0,1.4162126347721855,1.4650754987443677
ZF,2009-12,0,1.4604020304123844,1.496278013504665
ZF,2010-01,0,1.4994551617266219,1.523019369994843
ZF,2010-02,0,1.5324356734912956,1.54501436698208
ZF,2010-03,0,1.6555526959912001,1.625355111216656
ZF,2010-04,0,1.6529900395897614,1.6238071952803987
ZF,2010-05,0,1.5456103557602325,1.5588463175632055
ZF,2010-06,0,1.6115440004818722,1.6015049633699676
ZF,2010-07,0,1.6211649135103519,1.6074749604818075
ZF,2010-08,0,1.6218712867492098,1.6079106800270377
ZF,2010-09,0,1.573219145452659,1.5779131446529042
ZF,2010-10,0,1.553484500856962,1.5653690279271832
ZF,2010-11,0,1.6739238759630555,1.6428975613883503
ZF,2010-12,0,1.7118435246381953,1.6655507114029073
ZF,2011-01,0,1.7773117296288043,1.7037949808401187
ZF,2011-02,0,1.806125186860369,1.7200068004951787
ZF,2011-03,0,1.8855620595434377,1.763988731128213
ZF,2011-04,0,1.7844356953943434,1.710356784283896
ZF,2011-05,0,1.6364258609266145,1.6274118875584245
ZF,2011-06,0,1.8166824551124514,1.7375645064395313
ZF,2011-07,0,1.8031956544356476,1.7301406439814282
ZF,2011-08,0,1.7303242198408813,1.6897282603249395
ZF,2011-09,0,1.8316750902131784,1.7483016012110872
ZF,2011-10,0,1.7995707002951506,1.7307742623890632
ZF,2011-11,0,1.8149247356576188,1.7393063169284873
ZF,2011-12,0,1.8189658476752728,1.741532917259762
ZF,2012-01,0,1.897050207257582,1.7844608038289929
ZF,2012-02,0,1.9177869162153804,1.7953918318420974
ZF,2012-03,0,1.765927621383951,1.7162071770989558
ZF,2012-04,0,1.7742179243578369,1.7209017652992291
ZF,2012-05,0,1.7916308460599228,1.730716186325546
ZF,2012-06,0,1.730504919971752,1.6965987082621399
ZF,2012-07,0,1.5839625895971543,1.6119168742590388
ZF,2012-08,0,1.6522343844970302,1.6550187728444339
ZF,2012-09,0,1.621290856025808,1.636290480562439
ZF,2012-10,0,1.6342027017407508,1.6442544098395044
ZF,2012-11,0,1.6069772153562318,1.6275946121561948
ZF,2012-12,0,1.6707096039381741,1.667254408183741
ZF,2013-01,0,1.6170361893080343,1.635128289734657
ZF,2013-02,0,1.5354035362468093,1.584645404069521
ZF,2013-03,0,1.513434780942165,1.5703372728284368
ZF,2013-04,0,1.4557969149559533,1.53225313024627
ZF,2013-05,0,1.4165521319877619,1.5052955357047408
ZF,2013-06,0,1.4668524775083154,1.540804532786246
ZF,2013-07,0,1.5058672784917624,1.5674021638239084
ZF,2013-08,0,1.5080904376776263,1.5688784952494044
ZF,2013-09,0,1.5550067625655104,1.5999882508156107
ZF,2013-10,0,1.5435350421359917,1.5926109707254636
ZF,2013-11,0,1.5514967994173856,1.5977691025877476
ZF,2013-12,0,1.5629794713699874,1.605170131037767
ZF,2014-01,0,1.5840392502587364,1.6186442548343447
ZF,2014-02,0,1.6053125838476054,1.6320740568960008
ZF,2014-03,0,1.6414526100217457,1.6545868226574951
ZF,2014-04,0,1.6723687596852603,1.6734214508854188
ZF,2014-05,0,1.753437409307707,1.7218967941091847
ZF,2014-06,0,1.8933650197401282,1.8016986790750513
ZF,2014-07,0,1.9636628464103727,1.8388271915052077
ZF,2014-08,0,1.94829238376328,1.8309997466486783
ZF,2014-09,0,2.114771961910612,1.9164487170058704
ZF,2014-10,0,2.1024460226806134,1.910620221332577
ZF,2014-11,0,2.124332641562135,1.921030295429802
ZF,2014-12,0,2.0174622035559686,1.870722525396396
ZT,2000-01,0,1.004348911564078,1.004348911564078
ZT,2000-02,0,0.9921558521047926,0.9922086490329054
ZT,2000-03,0,1.0117098470632768,1.011917241102389
ZT,2000-04,0,1.0161070798669556,1.0162635789545336
ZT,2000-05,0,0.9834660825165704,0.9841399986772865
ZT,2000-06,0,0.9757910589599662,0.9763359435166196
ZT,2000-07,0,0.9767252695922496,0.977293331498099
ZT,2000-08,0,0.9508170316262516,0.9507677170058951
ZT,2000-09,0,0.979109117412559,0.9805232691734003
ZT,2000-10,0,1.0068132947837225,1.0088185601460509
ZT,2000-11,0,0.9944752716056345,0.9965640306895857
ZT,2000-12,0,1.0465172466557677,1.0488951207991555
ZT,2001-01,0,1.0399938793096508,1.0426617143579688
ZT,2001-02,0,1.1015873527208888,1.1018865565773517
ZT,2001-03,0,1.0507373015809105,1.0557258494719366
ZT,2001-04,0,1.0359187881033114,1.0416228824836098
ZT,2001-05,0,1.0841031175253089,1.0881364991641407
ZT,2001-06,0,1.0771851267224513,1.0817551958628004
ZT,2001-07,0,1.0566163857323494,1.0626602970567927
ZT,2001-08,0,1.0458971240808903,1.0525154026597314
ZT,2001-09,0,0.9398078425371877,0.9510816391460098
ZT,2001-10,0,0.9502774444507089,0.9622217908234597
ZT,2001-11,0,0.9486345223042795,0.9604929040062217
ZT,2001-12,0,0.9557296909856734,0.9679722530227
ZT,2002-01,0,0.9888700078119343,1.0026476608695383
ZT,2002-02,0,0.9715226827952231,0.9851050871443067
ZT,2002-03,0,0.916565326289171,0.9285368180968654
ZT,2002-04,0,0.8862679090594278,0.8954814358335998
ZT,2002-05,0,0.8435760938720621,0.8473111086097773
ZT,2002-06,0,0.8795593102948408,0.8899666754094642
ZT,2002-07,0,0.8995723570295331,0.912720168551369
ZT,2002-08,0,0.8922677963098687,0.9046001316665266
ZT,2002-09,0,0.9046219265678237,0.9184458967037135
ZT,2002-10,0,0.9376011725954153,0.9549022825805363
ZT,2002-11,0,0.9531767188267614,0.9715144058229066
ZT,2002-12,0,0.9671415570714118,0.9861652444017583
ZT,2003-01,0,0.9872512462853057,1.0069581563254149
ZT,2003-02,0,0.9360226787684537,0.9550680546824866
ZT,2003-03,0,0.9366428013433317,0.9557305627487376
ZT,2003-04,0,0.9572679171129682,0.9777508203539378
ZT,2003-05,0,0.9994684663643918,1.0218351863887847
ZT,2003-06,0,1.0012644057695574,1.0236320809038246
ZT,2003-07,0,1.1148434794513946,1.1370677259016528
ZT,2003-08,0,1.1887347083410533,1.2033471904647142
ZT,2003-09,0,1.253275777367944,1.257641112038655
ZT,2003-10,0,1.3410593626428517,1.3276844232237366
ZT,2003-11,0,1.4594705602847755,1.4159811839342904
ZT,2003-12,0,1.1516723175671886,1.205083992107736
ZT,2004-01,0,1.221939453486782,1.266097124791195
ZT,2004-02,0,1.2789424091359376,1.3127466993560382
ZT,2004-03,0,1.3301387624930558,1.3527769251045978
ZT,2004-04,0,1.4029910847312956,1.407547392887744
ZT,2004-05,0,1.4923612173730985,1.4712471081706242
ZT,2004-06,0,1.4439513888329636,1.438808695823413
ZT,2004-07,0,1.4442252091907017,1.4389983284937755
ZT,2004-08,0,1.377509684381772,1.3928036461240396
ZT,2004-09,0,1.3794022662661392,1.3941775616077747
ZT,2004-10,0,1.3351480643316789,1.362095403257948
ZT,2004-11,0,1.4188968260999142,1.424821601202261
ZT,2004-12,0,1.3915711651056242,1.4055632164545837
ZT,2005-01,0,1.4283355749019502,1.4319825694263992
ZT,2005-02,0,1.3915470044858238,1.406226317840597
ZT,2005-03,0,1.4350522272064705,1.4374902439461485
ZT,2005-04,0,1.441366202514317,1.4418900666063577
ZT,2005-05,0,1.4346978714493976,1.4372636704460433
ZT,2005-06,0,1.3432338184248906,1.3735122320110604
ZT,2005-07,0,1.3774372025223705,1.398975694610288
ZT,2005-08,0,1.35844695535923,1.3851890427554046
ZT,2005-09,0,1.4588504377098974,1.4590995344051256
ZT,2005-10,0,1.4738380755260994,1.4693731288934884
ZT,2005-11,0,1.5152493778640421,1.4974707218554293
ZT,2005-12,0,1.5255337483590934,1.5042579679980732
ZT,2006-01,0,1.4787587884254545,1.4735965945712635
ZT,2006-02,0,1.4085158131256614,1.4260952874956274
ZT,2006-03,0,1.287648285804027,1.3402833099549456
ZT,2006-04,0,1.2729264148056298,1.3288501638383377
ZT,2006-05,0,1.3789834821895988,1.4121676801930936
ZT,2006-06,0,1.4754165693530614,1.482098240209913
ZT,2006-07,0,1.462442316520229,1.4733046200877524
ZT,2006-08,0,1.5353993347776038,1.5231917284086949
ZT,2006-09,0,1.4957598112250263,1.4973746509522174
ZT,2006-10,0,1.4620476930634883,1.4748361939696568
ZT,2006-11,0,1.4389501405342742,1.4590381097903256
ZT,2006-12,0,1.4938591758007258,1.497197204897029
ZT,2007-01,0,1.4508854867156884,1.4684303105463596
ZT,2007-02,0,1.5112306614372373,1.5100222730231156
ZT,2007-03,0,1.522787491241778,1.5176695700899643
ZT,2007-04,0,1.5107474490412287,1.509762989382021
ZT,2007-05,0,1.4666059966658374,1.480544702497999
ZT,2007-06,0,1.447366089764759,1.4674260414910085
ZT,2007-07,0,1.5171661203682107,1.51565159485795
ZT,2007-08,0,1.470866319290647,1.485134303141518
ZT,2007-09,0,1.4724931343572094,1.4862403282406222
ZT,2007-10,0,1.4005669692113194,1.4373938083705735
ZT,2007-11,0,1.3897993863202596,1.4297057912119773
ZT,2007-12,0,1.3956059886122971,1.433883805930642
ZT,2008-01,0,1.3249120150762292,1.383229126807087
ZT,2008-02,0,1.3256126730504418,1.383757960394706
ZT,2008-03,0,1.234575457642409,1.3150823832379626
ZT,2008-04,0,1.3151269640570538,1.3803287040812984
ZT,2008-05,0,1.3604603403425999,1.41479942631917
ZT,2008-06,0,1.3814961866488438,1.4302617266027244
ZT,2008-07,0,1.3216100637035033,1.3869129837512446
ZT,2008-08,0,1.2936401195145348,1.365749446216891
ZT,2008-09,0,1.225491064597446,1.3130693740012402
ZT,2008-10,0,1.1317881274714319,1.2366078314955886
ZT,2008-11,0,1.0613277065934348,1.174351991230313
ZT,2008-12,0,1.0419508895134872,1.1560948431698503
ZT,2009-01,0,0.9913263374916461,1.1075085301954655
ZT,2009-02,0,1.0009342106322852,1.1172004679330925
ZT,2009-03,0,0.9799144714059081,1.0962003472427437
ZT,2009-04,0,0.9895142910066136,1.105996936517451
ZT,2009-05,0,0.9697106363101917,1.0859834259735293
ZT,2009-06,0,1.0103004775749196,1.1278411098483547
ZT,2009-07,0,1.006732759384389,1.1243097661840478
ZT,2009-08,0,0.9673831632694169,1.0852233296415095
ZT,2009-09,0,0.9691307814349815,1.0870298714875122
ZT,2009-10,0,0.964065104816824,1.0818028405075892
ZT,2009-11,0,0.941289693884949,1.058178491054341
ZT,2009-12,0,0.946226513864171,1.0634232313413046
ZT,2010-01,0,0.9396145575787858,1.0564355215397863
ZT,2010-02,0,0.9664247920173332,1.084968747448538
ZT,2010-03,0,1.009825318718845,1.1298770807818714
ZT,2010-04,0,1.0171137723586425,1.1370946198004455
ZT,2010-05,0,0.9727790350248475,1.0935058507377824
ZT,2010-06,0,0.9812271984150657,1.1021904163853162
ZT,2010-07,0,1.0187244803453381,1.1404050948928426
ZT,2010-08,0,1.0475319926873883,1.1686831159847522
ZT,2010-09,0,1.049617859530159,1.1706743361645002
ZT,2010-10,0,1.041443516497679,1.1628864131997183
ZT,2010-11,0,1.078795834709149,1.1987523220270007
ZT,2010-12,0,1.0988249885237082,1.217318535549654
ZT,2011-01,0,1.1046074301959452,1.2225809219466048
ZT,2011-02,0,1.0934693844679455,1.2124976603067443
ZT,2011-03,0,1.1801415812320335,1.2917611476939659
ZT,2011-04,0,1.1057510328664992,1.2287258733264002
ZT,2011-05,0,1.0225499118137402,1.1534818820663855
ZT,2011-06,0,1.0759207209528976,1.2056757246578842
ZT,2011-07,0,1.0948948610361713,1.2233109831985591
ZT,2011-08,0,1.064098124330552,1.195183408760522
ZT,2011-09,0,1.1445852024257293,1.2708221832821982
ZT,2011-10,0,1.106789939517918,1.2378012575986306
ZT,2011-11,0,1.142136926285952,1.2697377484411747
ZT,2011-12,0,1.1222688432700623,1.2523422133186937
ZT,2012-01,0,1.1556346592144608,1.2820728933999275
ZT,2012-02,0,1.1661928500672503,1.2912091639060115
ZT,2012-03,0,1.073697943931258,1.2118956042913573
ZT,2012-04,0,1.055207016243993,1.1946738821191403
ZT,2012-05,0,1.0857379861318075,1.2236075125990524
ZT,2012-06,0,1.099888055794928,1.2366401870047192
ZT,2012-07,0,1.0898452914978811,1.2275094720704722
ZT,2012-08,0,1.1040839501002697,1.2405743159648004
ZT,2012-09,0,1.0703637783987985,1.2100330045922287
ZT,2012-10,0,1.0808817015519203,1.2198594985052198
ZT,2012-11,0,1.085472219314003,1.2241065106948898
ZT,2012-12,0,1.1012893717433532,1.2386781894056969
ZT,2013-01,0,1.0678269133197529,1.2082933883877511
ZT,2013-02,0,1.0441092382156607,1.1860822277509055
ZT,2013-03,0,1.039712005411982,1.1818707595991693
ZT,2013-04,0,1.0190224613228778,1.161971456733174
ZT,2013-05,0,1.0182976427288648,1.1612601685903474
ZT,2013-06,0,1.031618197778837,1.1743413685175859
ZT,2013-07,0,1.0266411100999477,1.1695168242340463
ZT,2013-08,0,1.037481174850409,1.180075591697981
ZT,2013-09,0,1.0480232586233313,1.190236820671068
ZT,2013-10,0,1.053982878174105,1.1959233543445689
ZT,2013-11,0,1.057478114505234,1.1992395717172688
ZT,2013-12,0,1.0604337636608205,1.2020345696610033
ZT,2014-01,0,1.1321666438483073,1.2696794171240366
ZT,2014-02,0,1.1688505182452984,1.3020808967086146
ZT,2014-03,0,1.1744396749591322,1.3068626516264499
ZT,2014-04,0,1.1718786492602864,1.3046820154018306
ZT,2014-05,0,1.176710773220373,1.3088054150073587
ZT,2014-06,0,1.2741344457956538,1.3915986338615176
ZT,2014-07,0,1.3298327279755862,1.4353132374213882
ZT,2014-08,0,1.2799652087074918,1.3978141458296147
ZT,2014-09,0,1.3507075034831608,1.4530830658708904
ZT,2014-10,0,1.371984955987409,1.4688358861146358
ZT,2014-11,0,1.3947120456796835,1.4854010019295667
ZT,2014-12,0,1.3479370857460446,1.4518636419572835
CC,2000-01,0,0.9516270888302552,0.9516270888302552
CC,2000-02,0,0.8970976253298155,0.8943257949300704
CC,2000-03,0,0.9226033421284082,0.9227571674790899
CC,2000-04,0,0.8592788038698331,0.8541203705296143
CC,2000-05,0,0.934916446789798,0.9421449355244966
CC,2000-06,0,0.9014951627088833,0.9063970521754844
CC,2000-07,0,0.8909410729991207,0.8946897351023138
CC,2000-08,0,0.8144239226033424,0.8088062207883947
CC,2000-09,0,0.8161829375549694,0.8109660480022174
CC,2000-10,0,0.7730870712401057,0.7581643238642864
CC,2000-11,0,0.7124010554089711,0.6796660303489281
CC,2000-12,0,0.7405452946350045,0.7191722031884341
CC,2001-01,0,0.9964819700967459,1.0647779039010232
CC,2001-02,0,1.0923482849604222,1.160982670008702
CC,2001-03,0,1.0307827616534742,1.1046219614740802
CC,2001-04,0,0.9331574318381707,1.009912063863159
CC,2001-05,0,0.8847845206684257,0.9580741750789931
CC,2001-06,0,0.9182058047493403,0.9958475349199473
CC,2001-07,0,0.9111697449428321,0.9881846996709053
CC,2001-08,0,0.9023746701846966,0.9785321900183956
CC,2001-09,0,1.0246262093227794,1.1140097728643994
CC,2001-10,0,0.967458223394899,1.0582157814480906
CC,2001-11,0,1.2682497801231312,1.3691248723571814
CC,2001-12,0,1.2409850483729115,1.3476269528010094
CC,2002-01,0,1.272647317502199,1.3731407727868348
CC,2002-02,0,1.3685136323658755,1.4484690381634762
CC,2002-03,0,1.4098504837291121,1.4786746936904684
CC,2002-04,0,1.4591029023746707,1.5136091915070624
CC,2002-05,0,1.5444151275285847,1.5720781487101967
CC,2002-06,0,1.6051011433597193,1.611371998368511
CC,2002-07,0,1.7414248021108187,1.696303505217826
CC,2002-08,0,1.9226033421284088,1.8003439092582298
CC,2002-09,0,2.1046613896218127,1.8950374133753387
CC,2002-10,0,1.8504837291116982,1.774268504056492
CC,2002-11,0,1.678979771328057,1.681587895691473
CC,2002-12,0,1.9929639401934922,1.8685968008774343
CC,2003-01,0,2.375549692172384,2.0605650268262425
CC,2003-02,0,2.0378188214599833,1.9183954599991415
CC,2003-03,0,1.9639401934916454,1.8821416835640963
CC,2003-04,0,2.065083553210203,1.933641907478113
CC,2003-05,0,1.5488126649076523,1.683641907478113
CC,2003-06,0,1.7590149516270897,1.8193602493293337
CC,2003-07,0,1.561125769569042,1.706860249329334
CC,2003-08,0,1.9138082673702734,1.9327757422870802
CC,2003-09,0,1.7669305189094116,1.8560294187576685
CC,2003-10,0,1.5646437994722964,1.7415446004400976
CC,2003-11,0,1.5892700087950755,1.757283779754319
CC,2003-12,0,1.6745822339489893,1.8109639125711423
CC,2004-01,0,1.6798592788038706,1.814115173075344
CC,2004-02,0,1.7431838170624459,1.8518115081538777
CC,2004-03,0,1.7194371152154801,1.838188904723
CC,2004-04,0,1.55321020228672,1.7415137129071432
CC,2004-05,0,1.6103781882146004,1.778320054922998
CC,2004-06,0,1.4617414248021114,1.6860207649175367
CC,2004-07,0,1.7933157431838178,1.9128559033050216
CC,2004-08,0,1.8135444151275293,1.9241359425399407
CC,2004-09,0,1.5628847845206693,1.7859206176126858
CC,2004-10,0,1.5804749340369402,1.7971755416419484
CC,2004-11,0,1.7845206684256827,1.9262796039680474
CC,2004-12,0,1.6719437115215492,1.8631943402913596
CC,2005-01,0,1.6481970096745835,1.8489912892655838
CC,2005-02,0,1.8583992963940208,1.976525974431005
CC,2005-03,0,1.7326297273526838,1.908849684795416
CC,2005-04,0,1.5795954265611272,1.8205248116989692
CC,2005-05,0,1.5057167985927895,1.7737542103626662
CC,2005-06,0,1.512752858399298,1.7784271075589282
CC,2005-07,0,1.5408970976253313,1.7970317587217188
CC,2005-08,0,1.4248021108179434,1.721689292968294
CC,2005-09,0,1.4344766930518924,1.7284794164250843
CC,2005-10,0,1.3711521547933172,1.6843347199198728
CC,2005-11,0,1.4045734388742317,1.708709319021861
CC,2005-12,0,1.4934036939313997,1.7719529007375776
CC,2006-01,0,1.4731750219876882,1.7584075532699688
CC,2006-02,0,1.4239226033421297,1.7249747174490733
CC,2006-03,0,1.4511873350923497,1.744122339437955
CC,2006-04,0,1.4547053649956039,1.7465465818621975
CC,2006-05,0,1.4080914687774861,1.7145030510278567
CC,2006-06,0,1.5426561125769587,1.810068322733041
CC,2006-07,0,1.3992963940193508,1.7171378780352073
CC,2006-08,0,1.3579595426561142,1.6875967089591546
CC,2006-09,0,1.346525945470538,1.6791770198399836
CC,2006-10,0,1.3570800351803005,1.6870150342096766
CC,2006-11,0,1.3922603342128426,1.7129385598091584
CC,2006-12,0,1.4617414248021128,1.7628438030182552
CC,2007-01,0,1.445910290237469,1.7520134781085077
CC,2007-02,0,1.5189094107299932,1.802500096113374
CC,2007-03,0,1.7124010554089732,1.929888631145221
CC,2007-04,0,1.5540897097625352,1.8374387081868235
CC,2007-05,0,1.6270888302550597,1.884410977569959
CC,2007-06,0,1.756376429199651,1.9638704370294184
CC,2007-07,0,1.6534740545294662,1.9052825552066843
CC,2007-08,0,1.5233069481090618,1.8265591509513652
CC,2007-09,0,1.7000879507475843,1.9426099592654529
CC,2007-10,0,1.6244503078276193,1.8981195298810762
CC,2007-11,0,1.6358839050131955,1.9051579705957487
CC,2007-12,0,1.6789797713280592,1.931502056617254
CC,2008-01,0,1.9190853122251574,2.074508866465342
CC,2008-02,0,2.261213720316627,2.252785676731153
CC,2008-03,0,1.8900615655233106,2.0886472092087884
CC,2008-04,0,2.224274406332458,2.2654736401068805
CC,2008-05,0,2.182058047493408,2.2464938061804274
CC,2008-06,0,2.53474054529464,2.4081221818354055
CC,2008-07,0,2.2779243623570844,2.306803653035961
CC,2008-08,0,2.2744063324538306,2.3052592514915595
CC,2008-09,0,2.017590149516275,2.192343551568899
CC,2008-10,0,1.6191732629727387,1.9948718863552983
CC,2008-11,0,1.7941952506596344,2.1029653138403606
CC,2008-12,0,2.084432717678105,2.2647300197227134
CC,2009-01,0,2.1671064204045782,2.3043924669800973
CC,2009-02,0,1.8839050131926163,2.1737106487982794
CC,2009-03,0,2.0343007915567326,2.2535425815713888
CC,2009-04,0,1.843447669305193,2.159725028609867
CC,2009-05,0,2.00879507475814,2.2494196850984167
CC,2009-06,0,1.9375549692172425,2.213955587024861
CC,2009-07,0,2.2321899736147808,2.366020952435665
CC,2009-08,0,2.13016710642041,2.320315672687832
CC,2009-09,0,2.394019349164474,2.4441802474194585
CC,2009-10,0,2.51451187335093,2.4945108866553145
CC,2009-11,0,2.4459102902374736,2.467228620128557
CC,2009-12,0,2.468777484608626,2.47657777510878
CC,2010-01,0,2.389621811785407,2.444515074716903
CC,2010-02,0,2.164467897977139,2.3502935068111244
CC,2010-03,0,2.203166226912935,2.368172417822908
CC,2010-04,0,2.379947229551458,2.4484119387809917
CC,2010-05,0,2.178540017590156,2.3637851834225296
CC,2010-06,0,2.149516270888309,2.3504626158004056
CC,2010-07,0,2.2568161829375617,2.400380782739849
CC,2010-08,0,1.9780123131046676,2.276842201290122
CC,2010-09,0,2.0351802990325485,2.3057439353941684
CC,2010-10,0,2.022867194371159,2.299693805748533
CC,2010-11,0,2.0052770448548882,2.29099815357462
CC,2010-12,0,2.1679859278803946,2.3721385044518133
CC,2011-01,0,2.39489885664029,2.476803818853436
CC,2011-02,0,2.6226912928759982,2.571919500087369
CC,2011-03,0,2.0949868073878704,2.3707122566266046
CC,2011-04,0,2.362357080035189,2.498336102134581
CC,2011-05,0,2.120492524186463,2.3959533768925856
CC,2011-06,0,2.233069481090597,2.449043381040242
CC,2011-07,0,2.10729991204926,2.392721994667655
CC,2011-08,0,2.179419525065971,2.426945700844616
CC,2011-09,0,1.8258575197889246,2.2647180979390473
CC,2011-10,0,1.887423043095873,2.298436787727101
CC,2011-11,0,1.598065083553216,2.1451283068324134
CC,2011-12,0,1.4617414248021163,2.059822858290862
CC,2012-01,0,1.588390501319267,2.1464654575688398
CC,2012-02,0,1.6068601583113515,2.158093364545584
CC,2012-03,0,1.527704485488132,2.108832280801742
CC,2012-04,0,1.5109938434476748,2.0978938812623062
CC,2012-05,0,1.4186455584872526,2.0367763026825623
CC,2012-06,0,1.5708003518029963,2.1440298674686753
CC,2012-07,0,1.6297273526825038,2.1815438652290338
CC,2012-08,0,1.7854001759015017,2.27706464234722
CC,2012-09,0,1.721196130167113,2.2411040512142155
CC,2012-10,0,1.634124890061572,2.190516417080337
CC,2012-11,0,1.7071240105540963,2.2351881070695727
CC,2012-12,0,1.5277044854881325,2.1300876433910565
CC,2013-01,0,1.5065963060686074,2.1162707176570326
CC,2013-02,0,1.4617414248021166,2.0864983884100976
CC,2013-03,0,1.4863676341248957,2.1033455604919267
CC,2013-04,0,1.6059806508355383,2.183818933272992
CC,2013-05,0,1.486367634124896,2.109339196142652
CC,2013-06,0,1.4652594547053708,2.0951380127106995
CC,2013-07,0,1.5558487247141661,2.1569627426026563
CC,2013-08,0,1.6411609498680804,2.211795981720802
CC,2013-09,0,1.778364116094994,2.295397267894436
CC,2013-10,0,1.8029903254177733,2.309244943463179
CC,2013-11,0,1.8610378188214676,2.3414400654143988
CC,2013-12,0,1.8082673702726546,2.313084677890769
CC,2014-01,0,1.9428320140721274,2.3875010203032208
CC,2014-02,0,1.9621811785400256,2.3974602778858376
CC,2014-03,0,1.9604221635883985,2.3965638188988363
CC,2014-04,0,1.9718557607739746,2.402396030652986
CC,2014-05,0,2.031662269129296,2.432726093097232
CC,2014-06,0,2.0694810905892784,2.4513408117119506
CC,2014-07,0,2.130167106420413,2.480665078605278
CC,2014-08,0,2.145118733509243,2.487684071173404
CC,2014-09,0,2.1926121372031746,2.5098242925756176
CC,2014-10,0,1.9261213720316697,2.3882839796995645
CC,2014-11,0,1.892700087950755,2.370932381526049
CC,2014-12,0,1.937554969217246,2.394631266284413
KC,2000-01,0,0.882443268247974,0.882443268247974
KC,2000-02,0,0.7770942402096043,0.7630599244920264
KC,2000-03,0,0.8026325260445412,0.7959237452662591
KC,2000-04,0,0.7367905831769784,0.7138912575074601
KC,2000-05,0,0.6991981496499405,0.6628693872700004
KC,2000-06,0,0.6350021353884251,0.5710556227546685
KC,2000-07,0,0.6277418147442576,0.5596220853859692
KC,2000-08,0,0.5448455562326953,0.42756738301548225
KC,2000-09,0,0.5674038955243221,0.468970564217152
KC,2000-10,0,0.5086159323969619,0.365361893936459
KC,2000-11,0,0.4580336191714696,0.2659109919815944
KC,2000-12,0,0.4187472707816485,0.18013923474489713
KC,2001-01,0,0.40724976366768595,0.15268232238699475
KC,2001-02,0,0.40235996410628033,0.14067544111254504
KC,2001-03,0,0.3681697561818299,0.055701261336996266
KC,2001-04,0,0.3745663242047481,0.07307522515535803
KC,2001-05,0,0.3321416746243879,-0.04018815929446706
KC,2001-06,0,0.3233074047592772,-0.0667860557345965
KC,2001-07,0,0.2871065726775854,-0.17875637113348342
KC,2001-08,0,0.27877135988252993,-0.20778814396027867
KC,2001-09,0,0.2477386476513129,-0.31910772945964183
KC,2001-10,0,0.2251707111083388,-0.410203473934432
KC,2001-11,0,0.22160053360717513,-0.4260588997293344
KC,2001-12,0,0.22160053360717513,-0.4260588997293344
KC,2002-01,0,0.21632204536620733,-0.4498787351559259
KC,2002-02,0,0.20872582092488734,-0.4849940856439472
KC,2002-03,0,0.25786374782262383,-0.24957555103236495
KC,2002-04,0,0.22945588383486995,-0.35974173075955473
KC,2002-05,0,0.22532906575556785,-0.37772696613609447
KC,2002-06,0,0.20092325557960225,-0.48603882592270775
KC,2002-07,0,0.1924920702710746,-0.5280010432091351
KC,2002-08,0,0.20321699865158646,-0.47228483440422897
KC,2002-09,0,0.20818357622376976,-0.44784506014745795
KC,2002-10,0,0.25192304923869835,-0.2377445622680554
KC,2002-11,0,0.2577197890524157,-0.2147346001735393
KC,2002-12,0,0.21975306272283643,-0.3620524544569661
KC,2003-01,0,0.23837173033643191,-0.2773270477531775
KC,2003-02,0,0.2067871761527501,-0.40982830593133546
KC,2003-03,0,0.20504047640755715,-0.41827515344717314
KC,2003-04,0,0.2317496269068542,-0.28801233428454354
KC,2003-05,0,0.19527047453609314,-0.4454199334148883
KC,2003-06,0,0.19790971865657703,-0.4319040953100546
KC,2003-07,0,0.20552033897491787,-0.39344908476281026
KC,2003-08,0,0.1970075770299389,-0.4348696175793598
KC,2003-09,0,0.1954576209373638,-0.4427371124033763
KC,2003-10,0,0.18224700445792352,-0.5103252494946067
KC,2003-11,0,0.1787823967215792,-0.5293357553004467
KC,2003-12,0,0.1914603657512491,-0.45842290670823593
KC,2004-01,0,0.22256025874189664,-0.29598775795764065
KC,2004-02,0,0.21943635342837844,-0.31002398046734303
KC,2004-03,0,0.2108612093496426,-0.3491020272210441
KC,2004-04,0,0.19123962897026317,-0.4421565081276939
KC,2004-05,0,0.2367641907357736,-0.20410667499091617
KC,2004-06,0,0.20279471959230908,-0.3475805298753911
KC,2004-07,0,0.17895994587150268,-0.46511206012786976
KC,2004-08,0,0.18582198058476082,-0.4267680905885336
KC,2004-09,0,0.21077963271319125,-0.29245861842656695
KC,2004-10,0,0.1904286612314236,-0.3890095575273069
KC,2004-11,0,0.2399888671884376,-0.1287535349489377
KC,2004-12,0,0.2555028239912093,-0.0641090496254153
KC,2005-01,0,0.2594424956692407,-0.04868976142934067
KC,2005-02,0,0.2925290196887616,0.0788395545918188
KC,2005-03,0,0.304199277326974,0.11873391328016025
KC,2005-04,0,0.3002212166435538,0.1056567596512108
KC,2005-05,0,0.2776964677316422,0.030629587475518916
KC,2005-06,0,0.24623187918980052,-0.08267609768086603
KC,2005-07,0,0.23506547724731686,-0.1280252294798252
KC,2005-08,0,0.22027611292125981,-0.19094116464497435
KC,2005-09,0,0.20370645847029453,-0.266163367503113
KC,2005-10,0,0.21068366019971924,-0.2319121131157016
KC,2005-11,0,0.2040855498985095,-0.26322973069912026
KC,2005-12,0,0.22533386438124167,-0.15911498816443892
KC,2006-01,0,0.24868877553468738,-0.05546917701404919
KC,2006-02,0,0.23294928332525613,-0.11875909500729565
KC,2006-03,0,0.21922041527306624,-0.17769410376205919
KC,2006-04,0,0.21898048398938588,-0.178788578851806
KC,2006-05,0,0.197521029977015,-0.2767856862717122
KC,2006-06,0,0.1960910395262801,-0.2840253733617466
KC,2006-07,0,0.1926936125493663,-0.30135113686996884
KC,2006-08,0,0.20182539720624057,-0.25396095856535683
KC,2006-09,0,0.20117278411463002,-0.25719451143156835
KC,2006-10,0,0.20229086389658046,-0.2516367030686173
KC,2006-11,0,0.224158201091208,-0.1435382117506554
KC,2006-12,0,0.22758441982216343,-0.12825338739769165
KC,2007-01,0,0.21216643553286385,-0.19599960790499749
KC,2007-02,0,0.2081643817210756,-0.21486241154185448
KC,2007-03,0,0.191916235190242,-0.29291681449252294
KC,2007-04,0,0.18164717624872284,-0.3464248406964534
KC,2007-05,0,0.191489157505291,-0.2922429840894898
KC,2007-06,0,0.18827407830397425,-0.30903286004488373
KC,2007-07,0,0.19077896090559715,-0.2957284124853068
KC,2007-08,0,0.18708401913691972,-0.31509607101084947
KC,2007-09,0,0.20775169991314546,-0.2046233493343932
KC,2007-10,0,0.19596627525876645,-0.26135176435726004
KC,2007-11,0,0.20192616834538646,-0.23093891358102225
KC,2007-12,0,0.21286703488121062,-0.1767564040753189
KC,2008-01,0,0.21591416218395107,-0.16244170614925957
KC,2008-02,0,0.2561650343341674,0.0239790072633419
KC,2008-03,0,0.19565436458998192,-0.21223851516889303
KC,2008-04,0,0.20414313340659287,-0.16885196034094307
KC,2008-05,0,0.2018110013292198,-0.1802759648541301
KC,2008-06,0,0.22686462597112245,-0.05613196637591056
KC,2008-07,0,0.20635529984212575,-0.1465353337638582
KC,2008-08,0,0.2098055117014493,-0.12981557002644428
KC,2008-09,0,0.18778461848526634,-0.23477417210320195
KC,2008-10,0,0.16266381308393324,-0.3685487357706947
KC,2008-11,0,0.16044204939705317,-0.382207358698301
KC,2008-12,0,0.15484205323595368,-0.41711090288852093
KC,2009-01,0,0.1643097416899805,-0.3559667352921405
KC,2009-02,0,0.15184291218994928,-0.4318406875715717
KC,2009-03,0,0.1570686155485074,-0.3974254930577772
KC,2009-04,0,0.15461651782929417,-0.4130371269328843
KC,2009-05,0,0.1832979034804438,-0.22753698727241423
KC,2009-06,0,0.15735173446325026,-0.3690889009851739
KC,2009-07,0,0.16778874530334573,-0.3027597252967227
KC,2009-08,0,0.15686707327021596,-0.36785152876294713
KC,2009-09,0,0.1639210530104184,-0.3228836486772939
KC,2009-10,0,0.17379662464670179,-0.26263774703794973
KC,2009-11,0,0.17801941523947604,-0.23834043630847823
KC,2009-12,0,0.17043278804950324,-0.28095728896899885
KC,2010-01,0,0.16510631355179936,-0.3122099285500446
KC,2010-02,0,0.16251025706237796,-0.32793347317759114
KC,2010-03,0,0.1686429006732478,-0.29019650985154155
KC,2010-04,0,0.16534624483547972,-0.30974465462732126
KC,2010-05,0,0.16406501178062663,-0.31749344297221493
KC,2010-06,0,0.20041460125820038,-0.09593743244282038
KC,2010-07,0,0.21303978540546065,-0.03294210142402476
KC,2010-08,0,0.21356283560388384,-0.030486925282029897
KC,2010-09,0,0.21906685925151115,-0.004714540156763203
KC,2010-10,0,0.24348226667882403,0.10673731299315337
KC,2010-11,0,0.23776230487588437,0.08324499923674822
KC,2010-12,0,0.2842082027707274,0.27859092641847083
KC,2011-01,0,0.2892899473590773,0.2964712850386946
KC,2011-02,0,0.3182736464276642,0.39666038366855894
KC,2011-03,0,0.30942977931120635,0.36887339214185766
KC,2011-04,0,0.3475836520420564,0.4921772086516354
KC,2011-05,0,0.30672335443129195,0.37462191693779934
KC,2011-06,0,0.3039833391716623,0.36568873588052375
KC,2011-07,0,0.2741646792358679,0.2675956626974716
KC,2011-08,0,0.32505890313014474,0.4532294359323228
KC,2011-09,0,0.2581324708603466,0.24733926764180025
KC,2011-10,0,0.255929901676161,0.23880655892505298
KC,2011-11,0,0.2632622017054326,0.26745620080452925
KC,2011-12,0,0.2520910011372753,0.2250224579588439
KC,2012-01,0,0.23898115579698068,0.17301804177123203
KC,2012-02,0,0.22368313714952123,0.10900454833723339
KC,2012-03,0,0.20079369268641542,0.006674776165782825
KC,2012-04,0,0.195083328134823,-0.02176418760441101
KC,2012-05,0,0.1745500088774582,-0.12701828314236563
KC,2012-06,0,0.18334588973718002,-0.07662653056504598
KC,2012-07,0,0.18731915179492672,-0.05495567629368914
KC,2012-08,0,0.17371504801025062,-0.12758094527616692
KC,2012-09,0,0.18294280518059705,-0.0744608657203536
KC,2012-10,0,0.16306689764051643,-0.18310633838848922
KC,2012-11,0,0.15302817273133038,-0.2446683418020612
KC,2012-12,0,0.14611815176133616,-0.2898235628744976
KC,2013-01,0,0.1493188350856321,-0.26791880096973575
KC,2013-02,0,0.14233203610486017,-0.3147099440747909
KC,2013-03,0,0.13631935813583046,-0.3569539682142333
KC,2013-04,0,0.13204858128632016,-0.38828317125563006
KC,2013-05,0,0.12417883518160451,-0.44788052571452974
KC,2013-06,0,0.11579083750413934,-0.5154282496499187
KC,2013-07,0,0.11405853363596717,-0.5303888795711786
KC,2013-08,0,0.10944225573795714,-0.5708617644211933
KC,2013-09,0,0.10699495664441752,-0.5932233200839283
KC,2013-10,0,0.09918759267345877,-0.6661927778585168
KC,2013-11,0,0.10134217560090834,-0.6444704750041386
KC,2013-12,0,0.10120781408204733,-0.645796295355481
KC,2014-01,0,0.11446161819255014,-0.5148399632707055
KC,2014-02,0,0.1621599573882047,-0.09812089229430843
KC,2014-03,0,0.16000057583508154,-0.11143725958931028
KC,2014-04,0,0.18309636120215253,0.03291087945036819
KC,2014-05,0,0.15787958328734722,-0.10481320064188471
KC,2014-06,0,0.15329209714337882,-0.1338700682142988
KC,2014-07,0,0.1707590945953087,-0.019924223794201668
KC,2014-08,0,0.17214589741498115,-0.011802824328134509
KC,2014-09,0,0.16542782147193122,-0.05082830239024072
KC,2014-10,0,0.16084993257931005,-0.07850133133959392
KC,2014-11,0,0.15666553099192468,-0.1045156511486629
KC,2014-12,0,0.1392417211710573,-0.21573226472376694
ZK,2000-01,0,0.9843562933993136,0.9843562933993136
ZK,2000-02,0,0.912602761593104,0.9114624314030435
ZK,2000-03,0,0.9206640593822332,0.9202957355835577
ZK,2000-04,0,0.8997525740282546,0.897582254872678
ZK,2000-05,0,0.9206640593822333,0.9208236280652619
ZK,2000-06,0,0.9236172080772609,0.9240312570206152
ZK,2000-07,0,0.9802059222603562,0.985299836350031
ZK,2000-08,0,0.9915396280628943,0.9968624126874628
ZK,2000-09,0,1.0197940777396444,1.02535794516754
ZK,2000-10,0,0.940059062973901,0.9471705772407968
ZK,2000-11,0,0.9283262830233862,0.93468968065394
ZK,2000-12,0,0.9255327639875492,0.931680481101021
ZK,2001-01,0,0.9283262830233862,0.9346987632672853
ZK,2001-02,0,0.8881794237369307,0.8914522668353362
ZK,2001-03,0,0.8315907095538354,0.8277391108324605
ZK,2001-04,0,0.8375768217734858,0.8349374983936468
ZK,2001-05,0,0.8165855215899117,0.8098755582373671
ZK,2001-06,0,0.7611940298507466,0.7420425018401431
ZK,2001-07,0,0.7281506903982763,0.6986326245202311
ZK,2001-08,0,0.7222443930082211,0.6905212576452995
ZK,2001-09,0,0.6854497565647699,0.63957640186013
ZK,2001-10,0,0.6570356772288293,0.59812321136176
ZK,2001-11,0,0.7599968074068165,0.7548287507203608
ZK,2001-12,0,0.6841727192912447,0.6550597946187016
ZK,2002-01,0,0.7615132891691281,0.7681022584544458
ZK,2002-02,0,0.7417990262590795,0.7422139867848097
ZK,2002-03,0,0.7860962566844925,0.8019299325562749
ZK,2002-04,0,0.754170324846357,0.7613166723268101
ZK,2002-05,0,0.7797110703168655,0.7951826898948067
ZK,2002-06,0,0.7829834783302743,0.7993796394290474
ZK,2002-07,0,0.6884827200893932,0.6786864691945929
ZK,2002-08,0,0.6954266102641875,0.6887722563497052
ZK,2002-09,0,0.6658951233139123,0.6463069745868224
ZK,2002-10,0,0.7168967994253337,0.7228981288478793
ZK,2002-11,0,0.7488227312634693,0.7674316403152585
ZK,2002-12,0,0.6944688323090438,0.6948458377145339
ZK,2003-01,0,0.7853779232181348,0.8257503314508859
ZK,2003-02,0,0.7666214382632301,0.8018682176297478
ZK,2003-03,0,0.701332907654243,0.716704240534485
ZK,2003-04,0,0.7141032803894972,0.7349129579579514
ZK,2003-05,0,0.7643866230345607,0.8053276220911805
ZK,2003-06,0,0.7313432835820906,0.7620990536459472
ZK,2003-07,0,0.796951073509459,0.8518076643629611
ZK,2003-08,0,0.7804294037832239,0.8310765677179937
ZK,2003-09,0,0.7880916274243763,0.8408945264007508
ZK,2003-10,0,0.9036635006784272,0.987542288199414
ZK,2003-11,0,0.8722164578178637,0.9527427828116733
ZK,2003-12,0,0.9977651847713319,1.0966849497223614
ZK,2004-01,0,1.093143906137762,1.1922773023341524
ZK,2004-02,0,1.2904461648974397,1.37276795653976
ZK,2004-03,0,1.3038550562694566,1.3831588521359994
ZK,2004-04,0,1.1566765104956513,1.2702793222633253
ZK,2004-05,0,1.223720967355736,1.3282423363400573
ZK,2004-06,0,1.152366509697503,1.2699329181297783
ZK,2004-07,0,1.2477452310639332,1.3527006144866145
ZK,2004-08,0,1.223960411844522,1.3336383743535625
ZK,2004-09,0,1.3337856173677085,1.4233677515951666
ZK,2004-10,0,1.2779152366509714,1.3814791752083557
ZK,2004-11,0,1.3841487748423673,1.4646095230941838
ZK,2004-12,0,1.401947481842128,1.4774684782319996
ZK,2005-01,0,1.3851065527975113,1.465455953324513
ZK,2005-02,0,1.4507941575544754,1.5128801782870576
ZK,2005-03,0,1.4546252693750517,1.515520878072501
ZK,2005-04,0,1.4207039667970325,1.4922012621602923
ZK,2005-05,0,1.4134408173038568,1.4870889026097305
ZK,2005-06,0,1.4906217575225496,1.541693905715496
ZK,2005-07,0,1.6234336339691935,1.6307922137043587
ZK,2005-08,0,1.6453028972783161,1.6442632068213694
ZK,2005-09,0,1.7550482879719072,1.7109654480166736
ZK,2005-10,0,1.8398914518317528,1.759307801011353
ZK,2005-11,0,2.0207518556947908,1.857607297801219
ZK,2005-12,0,2.1423896559980875,1.9178016259472022
ZK,2006-01,0,2.338095618165858,2.0091510037878995
ZK,2006-02,0,2.298746907175356,1.9923216189309323
ZK,2006-03,0,2.599010296113021,2.1229420834981347
ZK,2006-04,0,3.4299624870300947,2.4426607826351923
ZK,2006-05,0,3.8597653444009947,2.567969108599729
ZK,2006-06,0,3.6657354936547257,2.5176992519029406
ZK,2006-07,0,3.900630537153808,2.581777809645494
ZK,2006-08,0,3.8085242238007875,2.5581646239116234
ZK,2006-09,0,3.8134727432356987,2.5594639511954007
ZK,2006-10,0,3.6868066086678954,2.526248521822664
ZK,2006-11,0,3.4856732380876414,2.471693620541057
ZK,2006-12,0,3.1316944688323134,2.370141138401471
ZK,2007-01,0,2.830074227791528,2.273828984057357
ZK,2007-02,0,2.99066166493735,2.330572173182519
ZK,2007-03,0,3.418788410886748,2.473726696801414
ZK,2007-04,0,3.85369941735175,2.600938724629775
ZK,2007-05,0,3.6792241998563395,2.5556639902512153
ZK,2007-06,0,3.739404581371225,2.57202080305899
ZK,2007-07,0,3.953946843323496,2.629394178227076
ZK,2007-08,0,3.6639795674036297,2.556058018837504
ZK,2007-09,0,3.926011652965127,2.6275737248454334
ZK,2007-10,0,3.745949397398043,2.581709812182033
ZK,2007-11,0,3.385505626945492,2.485487537876108
ZK,2007-12,0,3.2329794875887994,2.4404348467381207
ZK,2008-01,0,3.506185649293645,2.524940845849364
ZK,2008-02,0,4.086040386303782,2.6903213462022055
ZK,2008-03,0,4.060579455662869,2.6840901472335768
ZK,2008-04,0,4.137920025540753,2.70313683028026
ZK,2008-05,0,3.821613855854424,2.6266959692355876
ZK,2008-06,0,4.11621039189082,2.7037829139526988
ZK,2008-07,0,3.8819538670285,2.6468721872017484
ZK,2008-08,0,3.598531407135451,2.573861927522903
ZK,2008-09,0,3.0588235294117694,2.4238818893735887
ZK,2008-10,0,1.9432516561577176,2.0591757000405337
ZK,2008-11,0,1.7524942134248576,1.961011655189012
ZK,2008-12,0,1.4980445366749169,1.815818778202174
ZK,2009-01,0,1.5602202889296857,1.8573233868653953
ZK,2009-02,0,1.6152127065208741,1.8925699594047853
ZK,2009-03,0,1.9364673956421135,2.0914630759734467
ZK,2009-04,0,2.156756325325249,2.205221216275153
ZK,2009-05,0,2.3147896879240197,2.2784948451701275
ZK,2009-06,0,2.3815947002953184,2.3073549237853954
ZK,2009-07,0,2.7500997685369986,2.462085310192447
ZK,2009-08,0,2.9490781387181784,2.534438456233775
ZK,2009-09,0,2.941256285417835,2.531786151705912
ZK,2009-10,0,3.0836459414159196,2.580197321009323
ZK,2009-11,0,3.287253571713629,2.6462255337697735
ZK,2009-12,0,3.4626865671641838,2.699593182970958
ZK,2010-01,0,3.1584324367467524,2.6117266884107515
ZK,2010-02,0,3.3758480325644555,2.680563239507487
ZK,2010-03,0,3.6528853060898774,2.7626277373323402
ZK,2010-04,0,3.4254928565727565,2.700377644470671
ZK,2010-05,0,3.1711229946524115,2.626119757337068
ZK,2010-06,0,2.996009258520238,2.5708983936663827
ZK,2010-07,0,3.36259877085163,2.69325766585116
ZK,2010-08,0,3.4008300742277973,2.7046272362285633
ZK,2010-09,0,3.684891052757609,2.7881541906278686
ZK,2010-10,0,3.7676590310479754,2.8106156357846874
ZK,2010-11,0,3.851464602123081,2.832859042203499
ZK,2010-12,0,4.477133051320944,2.9953085293032817
ZK,2011-01,0,4.488706201612268,2.9978934759998976
ZK,2011-02,0,4.512890094979656,3.003281196265194
ZK,2011-03,0,4.323170245031536,2.9612416504408516
ZK,2011-04,0,4.1762311437465165,2.9272529123258324
ZK,2011-05,0,4.174714661984204,2.9268897902403648
ZK,2011-06,0,4.260355974140003,2.9474040814171163
ZK,2011-07,0,4.45630138079656,2.9933968125048307
ZK,2011-08,0,4.162902067204095,2.9275576134648365
ZK,2011-09,0,3.1208396520073487,2.6772364676934153
ZK,2011-10,0,3.596057147417997,2.8295087880944285
ZK,2011-11,0,3.5225476893606893,2.809067105706236
ZK,2011-12,0,3.385106552797516,2.7700495682068027
ZK,2012-01,0,3.7338175432995517,2.873062866329975
ZK,2012-02,0,3.8140314470428676,2.894545947067882
ZK,2012-03,0,3.760475696384395,2.880504177511945
ZK,2012-04,0,3.7562455104158423,2.8793792703698458
ZK,2012-05,0,3.30114135206322,2.7582199486240637
ZK,2012-06,0,3.420863596456228,2.794486873188861
ZK,2012-07,0,3.3435230265783447,2.771878380421712
ZK,2012-08,0,3.374331550802145,2.7810927701474286
ZK,2012-09,0,3.6681299385425876,2.8681613890182094
ZK,2012-10,0,3.4333945247026962,2.804168177825381
ZK,2012-11,0,3.5520791763109654,2.8387359068627385
ZK,2012-12,0,3.5545534360284208,2.8394324734634937
ZK,2013-01,0,3.631894005906304,2.861190641196737
ZK,2013-02,0,3.4363476733977234,2.8073492206622785
ZK,2013-03,0,3.295394684332355,2.766330964518831
ZK,2013-04,0,3.073509458057313,2.698999052098757
ZK,2013-05,0,3.174714661984203,2.7319272748057273
ZK,2013-06,0,2.943890174794483,2.6592201147091865
ZK,2013-07,0,3.0026338893766527,2.679174566504003
ZK,2013-08,0,3.107191316146547,2.713996469746959
ZK,2013-09,0,3.193710591427894,2.7418413194772437
ZK,2013-10,0,3.1720807726075577,2.735068689897597
ZK,2013-11,0,3.0731103839093374,2.7038682269229852
ZK,2013-12,0,3.2566844919786173,2.7636038319407756
ZK,2014-01,0,3.0653683454385905,2.7048581514761043
ZK,2014-02,0,3.0853220528374257,2.7113675510490878
ZK,2014-03,0,2.9285657275121797,2.66056043184379
ZK,2014-04,0,2.944528693431247,2.6660112113052525
ZK,2014-05,0,3.0379120440577934,2.697725404084175
ZK,2014-06,0,3.124191874850355,2.7261264339827616
ZK,2014-07,0,3.151009657594389,2.7347103442604612
ZK,2014-08,0,3.063931678505874,2.707075399099743
ZK,2014-09,0,2.915635725117734,2.658674857263753
ZK,2014-10,0,2.9538670284939013,2.671787367529288
ZK,2014-11,0,2.761353659509944,2.606614031313773
ZK,2014-12,0,2.7413999521111094,2.5993879712507617
ZC,2000-01,0,1.075792843977426,1.075792843977426
ZC,2000-02,0,1.0558506090029833,1.0572555994827404
ZC,2000-03,0,1.1124137799988598,1.1108267870291375
ZC,2000-04,0,1.051808007296635,1.0563454656072768
ZC,2000-05,0,1.0200752465464498,1.0261757383090935
ZC,2000-06,0,0.8528892013605186,0.8622799416490396
ZC,2000-07,0,0.785352575674084,0.7830942448683781
ZC,2000-08,0,0.799456552720087,0.8010530285826828
ZC,2000-09,0,0.8045442453493458,0.8074169674508405
ZC,2000-10,0,0.838105915214624,0.8491321000358796
ZC,2000-11,0,0.8468704277272125,0.8595896237849443
ZC,2000-12,0,0.8900801869762673,0.910612493204318
ZC,2001-01,0,0.8027010849943949,0.8124425718192436
ZC,2001-02,0,0.8242062059399172,0.8392335172253688
ZC,2001-03,0,0.7528977521044335,0.7527157825594861
ZC,2001-04,0,0.7420098048530226,0.7382543935847178
ZC,2001-05,0,0.6892659661390544,0.6671719922889349
ZC,2001-06,0,0.67746593953674,0.6500522922282854
ZC,2001-07,0,0.7513111140669242,0.7590543397418187
ZC,2001-08,0,0.7547694149391,0.7636573607905233
ZC,2001-09,0,0.6970851464077379,0.6872310146911433
ZC,2001-10,0,0.6678368518061074,0.6452730203882171
ZC,2001-11,0,0.6784017709540734,0.6610926312997654
ZC,2001-12,0,0.643020692800274,0.6089390555447359
ZC,2002-01,0,0.6337906397856617,0.5945848471686159
ZC,2002-02,0,0.6174967222148331,0.5688761721772355
ZC,2002-03,0,0.6026184278032192,0.5447816403742998
ZC,2002-04,0,0.5811988142968442,0.5092374012370104
ZC,2002-05,0,0.6203279685332627,0.5765623049943561
ZC,2002-06,0,0.6536426169076713,0.6302671999278855
ZC,2002-07,0,0.693622095122276,0.69143132414571
ZC,2002-08,0,0.7207897087046575,0.7305990694834535
ZC,2002-09,0,0.6764160982005437,0.6690365777216631
ZC,2002-10,0,0.6656564121078536,0.6531296734931655
ZC,2002-11,0,0.6488637011419996,0.6279023780590564
ZC,2002-12,0,0.6334106067227853,0.6040867533107201
ZC,2003-01,0,0.6401276911091268,0.6146913821487108
ZC,2003-02,0,0.6206699982898516,0.5842948017640041
ZC,2003-03,0,0.6293157504702913,0.5982245103116406
ZC,2003-04,0,0.6140621734090871,0.5739861577043761
ZC,2003-05,0,0.6485834267581284,0.6302040047627444
ZC,2003-06,0,0.6047323617154698,0.5625934812224755
ZC,2003-07,0,0.5567626883538873,0.48326967386825204
ZC,2003-08,0,0.6309023885078008,0.6164317942917907
ZC,2003-09,0,0.5747905067740899,0.5274927083795855
ZC,2003-10,0,0.6452533870446735,0.6500815115002981
ZC,2003-11,0,0.6357003059266163,0.6352763492030318
ZC,2003-12,0,0.6286744446766876,0.6242241895856354
ZC,2004-01,0,0.7059779200790477,0.7471868391046808
ZC,2004-02,0,0.7577099207631072,0.8204639193259249
ZC,2004-03,0,0.8002213692591263,0.8765690953716667
ZC,2004-04,0,0.7909628137647984,0.8649991025546793
ZC,2004-05,0,0.7479098181541803,0.8105679777768962
ZC,2004-06,0,0.6353915290630292,0.6601243195176117
ZC,2004-07,0,0.5258660003420303,0.48774945502656475
ZC,2004-08,0,0.5504921428164256,0.5345791463516895
ZC,2004-09,0,0.47581564596119913,0.39892508147590966
ZC,2004-10,0,0.4688705417371316,0.3843288732952441
ZC,2004-11,0,0.4470851464077379,0.3378653116292022
ZC,2004-12,0,0.44927983734584953,0.342774199691679
ZC,2005-01,0,0.43227335778212744,0.30492144479355365
ZC,2005-02,0,0.47054268721378795,0.3934518359053484
ZC,2005-03,0,0.4499448952058832,0.34967729096476097
ZC,2005-04,0,0.4340500123510749,0.31435100318115305
ZC,2005-05,0,0.45133201588538235,0.354166699627509
ZC,2005-06,0,0.43363672639519674,0.31495988764127625
ZC,2005-07,0,0.4614361449446106,0.3790675078156771
ZC,2005-08,0,0.39737207137020963,0.24023123702009164
ZC,2005-09,0,0.3771828149048972,0.18942430336796978
ZC,2005-10,0,0.36020483782089086,0.14441170890953148
ZC,2005-11,0,0.3454928078742855,0.10356819876789136
ZC,2005-12,0,0.36946814372850484,0.17296280064609681
ZC,2006-01,0,0.3746080909039092,0.18687454720030394
ZC,2006-02,0,0.38988066961825735,0.22764403158996638
ZC,2006-03,0,0.38538677864974313,0.2161177074638836
ZC,2006-04,0,0.38776198529272105,0.22228088371839794
ZC,2006-05,0,0.3912677902977565,0.23132200981638018
ZC,2006-06,0,0.365055009785852,0.1643275340074809
ZC,2006-07,0,0.3546658559294665,0.13586838791199252
ZC,2006-08,0,0.34245254337127384,0.1014322775449954
ZC,2006-09,0,0.3624755353715779,0.15990166954654894
ZC,2006-10,0,0.44290953312938297,0.3818035357658821
ZC,2006-11,0,0.516355672943547,0.5476300405494421
ZC,2006-12,0,0.5160278944268161,0.5469952484208644
ZC,2007-01,0,0.5342077260721693,0.5822255757766106
ZC,2007-02,0,0.5591331445835799,0.6288842392419969
ZC,2007-03,0,0.4808178311513111,0.48881864987223256
ZC,2007-04,0,0.45722252835996824,0.43974538082386083
ZC,2007-05,0,0.4852309650939642,0.5010031601254639
ZC,2007-06,0,0.41949474604290665,0.3655290791621275
ZC,2007-07,0,0.39579968457255865,0.30904431577983615
ZC,2007-08,0,0.39451707298535055,0.30580375840396745
ZC,2007-09,0,0.43124726851236145,0.3989054212776926
ZC,2007-10,0,0.43471982062439524,0.4069577670328617
ZC,2007-11,0,0.4463868356547029,0.43379577734844854
ZC,2007-12,0,0.5059570182605897,0.5672454623475971
ZC,2008-01,0,0.5561118817337121,0.6663741662947187
ZC,2008-02,0,0.6018726129173251,0.7486610813682668
ZC,2008-03,0,0.6135016246413452,0.767982465120309
ZC,2008-04,0,0.647115549052769,0.8227727428658237
ZC,2008-05,0,0.6333726034164987,0.8015355068630929
ZC,2008-06,0,0.7646550249871757,1.0088106887426398
ZC,2008-07,0,0.6089222262336839,0.8051465609144028
ZC,2008-08,0,0.5836785300321143,0.7636902055474667
ZC,2008-09,0,0.4891168031618764,0.6016802599957002
ZC,2008-10,0,0.40283029623577354,0.42526737381328505
ZC,2008-11,0,0.35064700628954815,0.2957257518601961
ZC,2008-12,0,0.3901941968951309,0.40850923466833544
ZC,2009-01,0,0.36334961141619415,0.33971122154424094
ZC,2009-02,0,0.33578771353107806,0.26385618546014933
ZC,2009-03,0,0.37857943641096875,0.39129301877933576
ZC,2009-04,0,0.368541813137744,0.3647791030516775
ZC,2009-05,0,0.39845516559940825,0.44594588357783715
ZC,2009-06,0,0.3174273661808587,0.2425910110248437
ZC,2009-07,0,0.30399319740817543,0.20026898651159186
ZC,2009-08,0,0.2911908336025243,0.15815500529489634
ZC,2009-09,0,0.30377467839702144,0.20137011834915586
ZC,2009-10,0,0.323203868736581,0.2653293345750929
ZC,2009-11,0,0.35418606418758536,0.3611889403778179
ZC,2009-12,0,0.35164459307959894,0.3540134149549984
ZC,2010-01,0,0.3024398122636678,0.21408582390344755
ZC,2010-02,0,0.31957930339939666,0.2707565743825101
ZC,2010-03,0,0.28343340870655825,0.15765195744283056
ZC,2010-04,0,0.30013586181997914,0.21658097780652763
ZC,2010-05,0,0.28713873106960386,0.1732768199109579
ZC,2010-06,0,0.28277310125981037,0.15807291553507885
ZC,2010-07,0,0.30615938586657127,0.24077627205155916
ZC,2010-08,0,0.33063351511581596,0.3207154487649293
ZC,2010-09,0,0.3731592148516931,0.44933429044823836
ZC,2010-10,0,0.4380831132308523,0.6233187340722883
ZC,2010-11,0,0.3987591920497094,0.5335551253106313
ZC,2010-12,0,0.4610656127083069,0.6898058698723526
ZC,2011-01,0,0.4834210576320153,0.7382923418787816
ZC,2011-02,0,0.5280179375605693,0.8305450049030336
ZC,2011-03,0,0.5007505652991824,0.7789040087896033
ZC,2011-04,0,0.5411195774032356,0.8595210163409257
ZC,2011-05,0,0.5346827674007654,0.8476256603581324
ZC,2011-06,0,0.46697512683603615,0.7209942357212883
ZC,2011-07,0,0.4795874741102491,0.7480028418534118
ZC,2011-08,0,0.5422216732855776,0.8786029983556849
ZC,2011-09,0,0.4185874171052895,0.6505887704641112
ZC,2011-10,0,0.457094267201248,0.742581144153339
ZC,2011-11,0,0.4243924221407277,0.6710382537540541
ZC,2011-12,0,0.4512655100993802,0.7343595727896269
ZC,2012-01,0,0.44603055465825675,0.7227589622311764
ZC,2012-02,0,0.45639120603492656,0.745987530921068
ZC,2012-03,0,0.4466813612784327,0.7247122639393664
ZC,2012-04,0,0.4468523761567272,0.7250951204745149
ZC,2012-05,0,0.391191783685182,0.6005336423634013
ZC,2012-06,0,0.47197256161286194,0.8070328105378781
ZC,2012-07,0,0.6056396906530889,1.0902423441248499
ZC,2012-08,0,0.5951982822505579,1.073002046694423
ZC,2012-09,0,0.5628242157067684,1.0186099768427144
ZC,2012-10,0,0.5624536834704639,1.0179516323259645
ZC,2012-11,0,0.5570287114979022,1.0083064435184375
ZC,2012-12,0,0.5166977027001367,0.9359026195049291
ZC,2013-01,0,0.5479601725350124,0.9964069911549396
ZC,2013-02,0,0.5245691375149656,0.9537195182464003
ZC,2013-03,0,0.5184173523096527,0.9419922076492584
ZC,2013-04,0,0.49922568263439104,0.9049724790661795
ZC,2013-05,0,0.5084414844091454,0.9234326707096121
ZC,2013-06,0,0.4698301252208959,0.8474920553738683
ZC,2013-07,0,0.4284065213673606,0.7593248612543777
ZC,2013-08,0,0.4264398502669749,0.754734195607859
ZC,2013-09,0,0.39060748285100955,0.6707074157618098
ZC,2013-10,0,0.37888821327455635,0.640704740209065
ZC,2013-11,0,0.36988618009766994,0.6169456659980042
ZC,2013-12,0,0.36770574039941617,0.6110507723372623
ZC,2014-01,0,0.3781614000418051,0.6394856279667436
ZC,2014-02,0,0.3985881771714154,0.6935016569092856
ZC,2014-03,0,0.43169855777452804,0.7765708057186674
ZC,2014-04,0,0.44156991658274436,0.7994371290603638
ZC,2014-05,0,0.396265225074583,0.6968379940043146
ZC,2014-06,0,0.36025234195375144,0.6059572382830589
ZC,2014-07,0,0.30712847017690664,0.4584942919251286
ZC,2014-08,0,0.30805480076766806,0.46151039326613363
ZC,2014-09,0,0.27089231763163507,0.3408744445861436
ZC,2014-10,0,0.31818743230661195,0.5154645366510273
ZC,2014-11,0,0.3176696372584428,0.5138372094985515
ZC,2014-12,0,0.32441047371121423,0.5350568529965775
CT,2000-01,0,1.1403328539141155,1.1403328539141155
CT,2000-02,0,1.112697760427368,1.1160986196798812
CT,2000-03,0,1.1053010067803575,1.1094510340460526
CT,2000-04,0,1.02835422231354,1.0398348987174904
CT,2000-05,0,1.154253133347031,1.1622624711450629
CT,2000-06,0,0.9665091432093692,0.9996083836545194
CT,2000-07,0,1.0545510581467024,1.0907010707293494
CT,2000-08,0,1.1128004931169098,1.145937310378643
CT,2000-09,0,1.0647729607561125,1.1027781523284215
CT,2000-10,0,1.0722724470926648,1.1098214250381517
CT,2000-11,0,1.1130573248407643,1.147857353181864
CT,2000-12,0,1.0142284775015409,1.0590669152290282
CT,2001-01,0,0.9992295048284364,1.0442783611647082
CT,2001-02,0,0.9036367372097802,0.9486118829865352
CT,2001-03,0,0.7651530717074175,0.7953604050420151
CT,2001-04,0,0.7514896239983566,0.7775032621848724
CT,2001-05,0,0.6658105609204852,0.6634909586988847
CT,2001-06,0,0.6324224368193962,0.6133443763813413
CT,2001-07,0,0.6375590712964869,0.6214665336263056
CT,2001-08,0,0.575662625847545,0.5243830660143172
CT,2001-09,0,0.5152558043969595,0.4194486500243111
CT,2001-10,0,0.4416991986850219,0.27669119812519827
CT,2001-11,0,0.5578898705568116,0.5397450415953693
CT,2001-12,0,0.5056502979248001,0.4461072550195476
CT,2002-01,0,0.504057941236902,0.44295812864815387
CT,2002-02,0,0.48952126566673554,0.4141188338351508
CT,2002-03,0,0.5206492705979047,0.47770750120136285
CT,2002-04,0,0.45772549825354464,0.35685114761020265
CT,2002-05,0,0.516591329361003,0.4854562424368213
CT,2002-06,0,0.5853708650092463,0.6185973381910221
CT,2002-07,0,0.5730943086089998,0.5976250672187513
CT,2002-08,0,0.5492089582905285,0.5559471968234839
CT,2002-09,0,0.5249640435586609,0.5118020415672176
CT,2002-10,0,0.5465892747072123,0.5529957793362976
CT,2002-11,0,0.5661084857201567,0.5887067087602239
CT,2002-12,0,0.5771522498459015,0.6082149203562677
CT,2003-01,0,0.5907129648654208,0.6317108263726436
CT,2003-02,0,0.5964659954797623,0.6414499568074262
CT,2003-03,0,0.5905074994863372,0.6314602909445257
CT,2003-04,0,0.5493630573248414,0.5617838817587222
CT,2003-05,0,0.4991267721388951,0.47033928147821724
CT,2003-06,0,0.5504931169098012,0.5732517030074956
CT,2003-07,0,0.5376001643723037,0.5498309695932938
CT,2003-08,0,0.544534620916376,0.5627298803519408
CT,2003-09,0,0.6257448119991785,0.7118667542317633
CT,2003-10,0,0.7059790425313339,0.8400887210680791
CT,2003-11,0,0.6110540373946994,0.7056300481926425
CT,2003-12,0,0.6544585987261152,0.7766623279505445
CT,2004-01,0,0.6166016026299574,0.7188175747914518
CT,2004-02,0,0.6258475446887206,0.7338125764575631
CT,2004-03,0,0.5268645983151844,0.5756543361423956
CT,2004-04,0,0.487158413807274,0.5002911695244762
CT,2004-05,0,0.5021573864803786,0.5310798662769013
CT,2004-06,0,0.42551880008218657,0.37846120833909436
CT,2004-07,0,0.3678343949044589,0.24289867816043664
CT,2004-08,0,0.4503801109513051,0.4673086767639836
CT,2004-09,0,0.38401479350729434,0.31995466216544344
CT,2004-10,0,0.37266283131292405,0.29039339945811327
CT,2004-11,0,0.3839120608177525,0.32057947802461895
CT,2004-12,0,0.3838093281282107,0.32031188369761887
CT,2005-01,0,0.3751284158619276,0.29769411067834695
CT,2005-02,0,0.4309122662831316,0.44640012190660927
CT,2005-03,0,0.4457057735771526,0.48073079302354804
CT,2005-04,0,0.4687178960345185,0.5323615409779101
CT,2005-05,0,0.39963016231764975,0.3849642807039375
CT,2005-06,0,0.4313745633860698,0.4643987280047088
CT,2005-07,0,0.40147935072940244,0.39509651319165817
CT,2005-08,0,0.38052188206287274,0.3428958990667862
CT,2005-09,0,0.40630778713786764,0.41066047790047944
CT,2005-10,0,0.39680501335525004,0.3872723615920093
CT,2005-11,0,0.3777994657900148,0.33937592146255946
CT,2005-12,0,0.39161701253338854,0.3759496808099422
CT,2006-01,0,0.4026607766591334,0.4041501005371195
CT,2006-02,0,0.39572632011506115,0.38692851615135626
CT,2006-03,0,0.3757961783439495,0.3365650685916469
CT,2006-04,0,0.3573556605711942,0.2874945382471964
CT,2006-05,0,0.3519621943702491,0.27240182587117234
CT,2006-06,0,0.33757961783439544,0.23153784455184967
CT,2006-07,0,0.34451407437846776,0.2520795365786299
CT,2006-08,0,0.343281282103966,0.24850118560203838
CT,2006-09,0,0.3144133963427168,0.164407215827985
CT,2006-10,0,0.30711937538524814,0.14120839210637093
CT,2006-11,0,0.31276967331004785,0.15960611747850684
CT,2006-12,0,0.3284877748099452,0.2098606748770946
CT,2007-01,0,0.31569755496198953,0.17092400560422516
CT,2007-02,0,0.3147215944113424,0.1678325640162006
CT,2007-03,0,0.3132319704129861,0.16309941565648134
CT,2007-04,0,0.2796897472775844,0.056015125725356496
CT,2007-05,0,0.2898602835422238,0.09237876208899276
CT,2007-06,0,0.3290528046024253,0.227590528879707
CT,2007-07,0,0.3372200534209994,0.2524110096789576
CT,2007-08,0,0.3168276145469496,0.19193880861269697
CT,2007-09,0,0.3377337168687084,0.25792454142722343
CT,2007-10,0,0.33295664680501413,0.24378005473520825
CT,2007-11,0,0.307324840764332,0.16679764189966373
CT,2007-12,0,0.3293610026710508,0.238500800850023
CT,2008-01,0,0.32828230943086173,0.23522569167971719
CT,2008-02,0,0.3919252106020146,0.4290920662689832
CT,2008-03,0,0.331980686254367,0.27614318029257434
CT,2008-04,0,0.3253030614341492,0.25602868238138776
CT,2008-05,0,0.3004931169098015,0.17976151042496902
CT,2008-06,0,0.3240189028148766,0.2580521087155673
CT,2008-07,0,0.30701664269570667,0.20557905862045012
CT,2008-08,0,0.2875487980275332,0.14216932129403215
CT,2008-09,0,0.23592562153277244,-0.0373590817070395
CT,2008-10,0,0.18250462297102996,-0.26379060794261533
CT,2008-11,0,0.19195603040887668,-0.2120033858767556
CT,2008-12,0,0.1963735360591746,-0.18899027375473265
CT,2009-01,0,0.1979658927470727,-0.18088145868803096
CT,2009-02,0,0.16873844257242707,-0.3285202755017309
CT,2009-03,0,0.18127183069652816,-0.2542432587589609
CT,2009-04,0,0.2084446270803376,-0.10434243699642187
CT,2009-05,0,0.21846106431066434,-0.0562892088051945
CT,2009-06,0,0.20197246763920343,-0.13176534329849332
CT,2009-07,0,0.21091021162934115,-0.08751305438699775
CT,2009-08,0,0.20993425107869393,-0.09214042896079233
CT,2009-09,0,0.2208239161701261,-0.040268640362798536
CT,2009-10,0,0.23767207725498335,0.03602817284957638
CT,2009-11,0,0.2468666529689756,0.0747141464826
CT,2009-12,0,0.24989726731045903,0.08699046774768515
CT,2010-01,0,0.22822066981713662,0.00024843280421149583
CT,2010-02,0,0.27260119169919966,0.19471163334438712
CT,2010-03,0,0.2662831312923782,0.17153469722228432
CT,2010-04,0,0.27265255804397054,0.1954544503087039
CT,2010-05,0,0.2594514074378476,0.14703696726424265
CT,2010-06,0,0.2571912882679278,0.13832582095658097
CT,2010-07,0,0.26520443805218924,0.16948220202308784
CT,2010-08,0,0.2902198479556206,0.26380720686523385
CT,2010-09,0,0.343178549414425,0.44628508297142855
CT,2010-10,0,0.4217690569139116,0.6752927165592147
CT,2010-11,0,0.4127285802342321,0.6538580557383646
CT,2010-12,0,0.5093486747483068,0.8879588646991612
CT,2011-01,0,0.592510786932404,1.0512303451348206
CT,2011-02,0,0.6836346825559918,1.2050231496428396
CT,2011-03,0,0.715790014382579,1.2520589900515855
CT,2011-04,0,0.622149167865217,1.1212373180027875
CT,2011-05,0,0.6247174851037623,1.1253654553872
CT,2011-06,0,0.5511095130470537,1.007539439929216
CT,2011-07,0,0.4729299363057343,0.8656809256221976
CT,2011-08,0,0.4917300184918861,0.9054332879552052
CT,2011-09,0,0.4655845490034948,0.8522629129421477
CT,2011-10,0,0.475344154509967,0.8732249606032244
CT,2011-11,0,0.4407232381343761,0.8003915912494314
CT,2011-12,0,0.44503801109513225,0.8101818010396412
CT,2012-01,0,0.45207520032874643,0.825994358749706
CT,2012-02,0,0.43563797000205645,0.7896348541479561
CT,2012-03,0,0.45048284364084834,0.8237110244108967
CT,2012-04,0,0.44190466406410694,0.8046688351292547
CT,2012-05,0,0.3536572837476899,0.6049710552850143
CT,2012-06,0,0.38997328950072074,0.7076580560112309
CT,2012-07,0,0.39007602219026255,0.7079214912061729
CT,2012-08,0,0.4224368193959335,0.7908817229680901
CT,2012-09,0,0.38627491267721553,0.7052786101276234
CT,2012-10,0,0.38309019930141935,0.6970339292765595
CT,2012-11,0,0.4062050544483272,0.7573718214728589
CT,2012-12,0,0.4129854119580869,0.7740637789842398
CT,2013-01,0,0.4558763098417936,0.8779195003772745
CT,2013-02,0,0.4587014588041934,0.8841166834758658
CT,2013-03,0,0.47575508526813426,0.9212947349876239
CT,2013-04,0,0.45947195397575696,0.8870688658448902
CT,2013-05,0,0.4168892541606756,0.7943913923960362
CT,2013-06,0,0.45043147729607746,0.8748497462649371
CT,2013-07,0,0.456698171358128,0.8887623930889762
CT,2013-08,0,0.44765769467844857,0.8689670944723977
CT,2013-09,0,0.4675878364495602,0.9134880353788808
CT,2013-10,0,0.4138072734744213,0.7984710080252612
CT,2013-11,0,0.4202794329155555,0.814111524410564
CT,2013-12,0,0.4483254571604704,0.8808433748138884
CT,2014-01,0,0.4546435175672919,0.8949359504325869
CT,2014-02,0,0.45382165605095737,0.8931282450885578
CT,2014-03,0,0.4870556811177338,0.966359710849735
CT,2014-04,0,0.48376823505239586,0.959610079970174
CT,2014-05,0,0.44262379289089987,0.8745601755318644
CT,2014-06,0,0.42192315594822466,0.827792158820712
CT,2014-07,0,0.36084857201561704,0.6830392978516349
CT,2014-08,0,0.3821142387507722,0.7419716821932718
CT,2014-09,0,0.3522703924388756,0.6638697867772212
CT,2014-10,0,0.3699404150400674,0.7140301833943106
CT,2014-11,0,0.3458495993425124,0.6489093836164712
CT,2014-12,0,0.3469282925827015,0.652028349901931
ZU,2000-01,0,1.1038383447742435,1.1038383447742435
ZU,2000-02,0,1.2651068355409454,1.2499362689224431
ZU,2000-03,0,1.1903702987527798,1.1908609918876707
ZU,2000-04,0,1.1693899255535147,1.1732359106660983
ZU,2000-05,0,1.3203132553417776,1.3022975063668012
ZU,2000-06,0,1.5266363724257959,1.4585658133380957
ZU,2000-07,0,1.326984433916659,1.3277868393038967
ZU,2000-08,0,1.626607367301557,1.5535791890306725
ZU,2000-09,0,1.555351445422025,1.5097727220786992
ZU,2000-10,0,1.654645654065552,1.5736130900777043
ZU,2000-11,0,1.7609977762738092,1.6378879527632253
ZU,2000-12,0,1.4128396016629614,1.4401828907230365
ZU,2001-01,0,1.5789422798027664,1.5577494410549328
ZU,2001-02,0,1.5232524412646247,1.5224790963118062
ZU,2001-03,0,1.4480324857391487,1.4730979474701689
ZU,2001-04,0,1.5567050178864945,1.5481463550284245
ZU,2001-05,0,1.5208353475780738,1.5251043079506035
ZU,2001-06,0,1.392439330948469,1.4406796417077556
ZU,2001-07,0,1.418930677753071,1.4597047771056169
ZU,2001-08,0,1.5038190080247524,1.5195303426548126
ZU,2001-09,0,1.2794160301653306,1.3703082775911635
ZU,2001-10,0,1.1348738277095631,1.2573331396783698
ZU,2001-11,0,1.0304553804505474,1.1653242795659144
ZU,2001-12,0,1.0282316542589203,1.16316627618817
ZU,2002-01,0,0.9844339166586109,1.120571071674771
ZU,2002-02,0,1.079474040413808,1.2171139905512198
ZU,2002-03,0,1.2901479261336184,1.4122774477836422
ZU,2002-04,0,1.3294982113506735,1.442778047304026
ZU,2002-05,0,1.2675239292274985,1.3961632556525099
ZU,2002-06,0,1.33027168133037,1.4456674509232954
ZU,2002-07,0,1.3387798511070306,1.452063264572543
ZU,2002-08,0,1.462535047858457,1.5445020599794905
ZU,2002-09,0,1.5284733636275762,1.5895870074244565
ZU,2002-10,0,1.3616938992555372,1.4804719463832774
ZU,2002-11,0,1.3804505462631753,1.4942464422651291
ZU,2002-12,0,1.6000193367494948,1.6533023324458267
ZU,2003-01,0,1.7584839988397978,1.7523415493169368
ZU,2003-02,0,1.9650971671662025,1.8698366009993648
ZU,2003-03,0,1.711979116310551,1.7410297129304841
ZU,2003-04,0,1.4612781591414508,1.5945904516213973
ZU,2003-05,0,1.6981533404234777,1.7566918145961228
ZU,2003-06,0,1.7972541815720808,1.8150498196063711
ZU,2003-07,0,1.8352508943246673,1.8361913549229563
ZU,2003-08,0,1.903606303780338,1.873437166744682
ZU,2003-09,0,1.7559702214057848,1.7958811710110236
ZU,2003-10,0,1.7493957265783653,1.7921370899626812
ZU,2003-11,0,1.8430822778690934,1.8456907541607577
ZU,2003-12,0,1.9784395243159658,1.919131450798223
ZU,2004-01,0,2.02716813303684,1.9437612704727574
ZU,2004-02,0,2.275742047761775,2.066382532455874
ZU,2004-03,0,2.2976892584356614,2.0760265124031934
ZU,2004-04,0,2.437880692255636,2.1370406087633866
ZU,2004-05,0,2.612974958909412,2.208862936742764
ZU,2004-06,0,2.41496664410713,2.1330840571453393
ZU,2004-07,0,2.842115440394475,2.309959707717843
ZU,2004-08,0,2.761674562506048,2.2816565372184554
ZU,2004-09,0,3.252441264623423,2.459362740831395
ZU,2004-10,0,3.415063327854594,2.5093627408313948
ZU,2004-11,0,3.237551967514267,2.4573838041913403
ZU,2004-12,0,2.8182345547713488,2.327866991194864
ZU,2005-01,0,3.109929420864359,2.4313696842546606
ZU,2005-02,0,3.2975925746882013,2.4917129038032524
ZU,2005-03,0,3.483418737310265,2.5480649722935915
ZU,2005-04,0,3.050178864932811,2.4236929386540234
ZU,2005-05,0,3.1035482935318637,2.441190085858284
ZU,2005-06,0,3.3036836507783107,2.5056760671666947
ZU,2005-07,0,3.482741951078031,2.5598756574505694
ZU,2005-08,0,3.894421347771447,2.6780811985088118
ZU,2005-09,0,3.694576041767386,2.6267654090351273
ZU,2005-10,0,3.3456443971768417,2.5323211099745984
ZU,2005-11,0,3.157691192110613,2.4761426334978904
ZU,2005-12,0,3.3074543169293307,2.5235706800380004
ZU,2006-01,0,3.6383061007444724,2.6236028353187746
ZU,2006-02,0,3.2361983950497994,2.513082253883256
ZU,2006-03,0,3.4045247993812313,2.565095877210216
ZU,2006-04,0,3.6010828579715826,2.6228302366797296
ZU,2006-05,0,3.5015952818331315,2.5952031089344687
ZU,2006-06,0,3.597118824325639,2.6224831155611907
ZU,2006-07,0,3.566663443875093,2.6140165116101093
ZU,2006-08,0,3.301266557091761,2.539606102285089
ZU,2006-09,0,2.9064101324567417,2.41999854627396
ZU,2006-10,0,2.6349221695833,2.3265884800752303
ZU,2006-11,0,2.742531180508564,2.3674280206762655
ZU,2006-12,0,2.6076573527990012,2.3182494265847473
ZU,2007-01,0,2.4408778884269626,2.2542918425129668
ZU,2007-02,0,2.5624093589867614,2.304081908265957
ZU,2007-03,0,2.65561249154018,2.340455149031154
ZU,2007-04,0,2.5270231074156513,2.292033406576572
ZU,2007-05,0,2.3988204582809707,2.24130072876351
ZU,2007-06,0,2.6208063424538417,2.3338403281347566
ZU,2007-07,0,2.8850430242676297,2.4346629938668554
ZU,2007-08,0,2.7396306680847045,2.384260849094738
ZU,2007-09,0,3.0702890844049224,2.504955371963174
ZU,2007-10,0,3.584646620903039,2.672482768360705
ZU,2007-11,0,3.3998839795030573,2.6209399913621074
ZU,2007-12,0,3.682297205839711,2.704005539492351
ZU,2008-01,0,3.538915208353488,2.6650673469806665
ZU,2008-02,0,3.9280672918882473,2.7750310111611984
ZU,2008-03,0,3.960649714782959,2.783325783239568
ZU,2008-04,0,4.445615392052612,2.9057717737192457
ZU,2008-05,0,4.9883012665571105,3.027843933959345
ZU,2008-06,0,5.460988107899082,3.1226030144725825
ZU,2008-07,0,4.816880982306891,3.004656021572064
ZU,2008-08,0,4.474427148796304,2.9335615031962785
ZU,2008-09,0,3.898578748912322,2.8048638217424875
ZU,2008-10,0,2.6170356763028235,2.4761432404365333
ZU,2008-11,0,2.006187759837579,2.2427310932516655
ZU,2008-12,0,1.5319539785362135,2.006345551082991
ZU,2009-01,0,1.2687808179445081,1.8345563431309555
ZU,2009-02,0,1.1691965580585948,1.7560681925556298
ZU,2009-03,0,1.2621096393696267,1.835535653069977
ZU,2009-04,0,1.2410325824228998,1.818835790958747
ZU,2009-05,0,1.579909117277392,2.091895934305584
ZU,2009-06,0,1.6489413129652974,2.135589710696258
ZU,2009-07,0,1.6119114376873314,2.1131329531471517
ZU,2009-08,0,1.5788455960553096,2.0926195174465763
ZU,2009-09,0,1.5861935608624254,2.097273528469234
ZU,2009-10,0,1.7182635598955884,2.1805357496078415
ZU,2009-11,0,1.7117857488156312,2.1767657743658884
ZU,2009-12,0,1.7145895774920308,2.1784037297457246
ZU,2010-01,0,1.5644397176834641,2.0908318339523335
ZU,2010-02,0,1.7012472203422677,2.1782800757173666
ZU,2010-03,0,1.7813980469883088,2.2253930559401445
ZU,2010-04,0,1.817074349801806,2.2454201929822064
ZU,2010-05,0,1.488059557188443,2.0643517668887723
ZU,2010-06,0,1.4976312481871863,2.0707840974715808
ZU,2010-07,0,1.5523542492507076,2.1073238005057964
ZU,2010-08,0,1.406071739340623,2.013091114905398
ZU,2010-09,0,1.5449096006961296,2.111832777560971
ZU,2010-10,0,1.5600889490476717,2.1216581733930004
ZU,2010-11,0,1.6026297979309743,2.1489263935219043
ZU,2010-12,0,1.7309291308131174,2.2289818954524065
ZU,2011-01,0,1.72068065358214,2.223061100054987
ZU,2011-02,0,1.7452383254375012,2.2373331683811095
ZU,2011-03,0,1.898192013922468,2.324973742310532
ZU,2011-04,0,2.0160495020787095,2.3870630816881104
ZU,2011-05,0,1.807115923813215,2.2834279387761596
ZU,2011-06,0,1.6695349511747153,2.207295040589867
ZU,2011-07,0,1.6657642850236953,2.205036527733717
ZU,2011-08,0,1.5392052595958694,2.129059976569981
ZU,2011-09,0,1.3700087015372782,2.019135353454403
ZU,2011-10,0,1.608624190273623,2.1933061367994986
ZU,2011-11,0,1.7341196944793666,2.2713203211966615
ZU,2011-12,0,1.7044377840085168,2.254203907280515
ZU,2012-01,0,1.6950594605046978,2.24870160992956
ZU,2012-02,0,1.836217731799294,2.3319779047048277
ZU,2012-03,0,1.7590641013245767,2.2899602130451817
ZU,2012-04,0,1.7811079957459248,2.302491816870619
ZU,2012-05,0,1.4646620903026284,2.1248238112251947
ZU,2012-06,0,1.4331431886299992,2.1033042389762016
ZU,2012-07,0,1.478584549937164,2.1350117205926087
ZU,2012-08,0,1.6149086338586573,2.2272107659074587
ZU,2012-09,0,1.537851687131402,2.179494786742039
ZU,2012-10,0,1.4324664023977651,2.110967187094108
ZU,2012-11,0,1.4686261239485725,2.136210167655663
ZU,2012-12,0,1.5072029391859312,2.1624774487616536
ZU,2013-01,0,1.5925746881949232,2.2191199530916297
ZU,2013-02,0,1.4951174707531745,2.1579251983563212
ZU,2013-03,0,1.5711108962583478,2.2087529272751008
ZU,2013-04,0,1.5048825292468424,2.1665990811212543
ZU,2013-05,0,1.4771342937252336,2.148160276110011
ZU,2013-06,0,1.5471333268877594,2.1955486777332602
ZU,2013-07,0,1.6970898192014023,2.2924740620602195
ZU,2013-08,0,1.7528763414870066,2.325345935813994
ZU,2013-09,0,1.6803635308904674,2.283978037303238
ZU,2013-10,0,1.5844532534081113,2.226900937188163
ZU,2013-11,0,1.518708305133916,2.1854071612545534
ZU,2013-12,0,1.609591027748245,2.2452492799202015
ZU,2014-01,0,1.590447645750759,2.2333559594012202
ZU,2014-02,0,1.6840375132940257,2.2922009442036524
ZU,2014-03,0,1.6763028134970617,2.287607994381629
ZU,2014-04,0,1.6622836701150643,2.279244861378976
ZU,2014-05,0,1.7235811660060056,2.3161203339550243
ZU,2014-06,0,1.7828483032002438,2.350506377596692
ZU,2014-07,0,1.6696316349221807,2.2870031238005963
ZU,2014-08,0,1.6456540655515919,2.2726421301124846
ZU,2014-09,0,1.5776853910857693,2.231340208956266
ZU,2014-10,0,1.405491636855854,2.1221969315938445
ZU,2014-11,0,1.1546939959392906,1.9437557126353247
ZU,2014-12,0,0.9265203519288472,1.746150420832595
ZG,2000-01,0,0.9794679521514016,0.9794679521514016
ZG,2000-02,0,1.006784502767363,1.007357124590337
ZG,2000-03,0,0.9537582574540262,0.954688211662513
ZG,2000-04,0,0.931083735047313,0.9309143441971441
ZG,2000-05,0,0.9223352972683452,0.9215183710427819
ZG,2000-06,0,0.9783967148723444,0.9823004074345741
ZG,2000-07,0,0.9298339582217462,0.9326653709382238
ZG,2000-08,0,0.9262631672915552,0.9288251251624942
ZG,2000-09,0,0.909301910373148,0.9105136371131497
ZG,2000-10,0,0.8746652383502949,0.872422138978455
ZG,2000-11,0,0.8887698625245496,0.8885478789253831
ZG,2000-12,0,0.8896625602570974,0.8895522983709436
ZG,2001-01,0,0.8635957864667029,0.8602526796673514
ZG,2001-02,0,0.8630601678271742,0.8596324605232538
ZG,2001-03,0,0.8293161935368689,0.820534405082625
ZG,2001-04,0,0.8459203713622573,0.840555933607921
ZG,2001-05,0,0.8509194786645248,0.8464656001338813
ZG,2001-06,0,0.8650241028387793,0.8630413449933021
ZG,2001-07,0,0.8498482413854674,0.8454974853441792
ZG,2001-08,0,0.8728798428851996,0.8725983256803136
ZG,2001-09,0,0.928048562756651,0.9358014347005629
ZG,2001-10,0,0.8853776111408682,0.8898222119225715
ZG,2001-11,0,0.8650241028387793,0.8668337061754451
ZG,2001-12,0,0.877878950187467,0.881694387289996
ZG,2002-01,0,0.8875200856989828,0.8926766935743158
ZG,2002-02,0,0.9321549723263707,0.9429683853868281
ZG,2002-03,0,0.9492947687912878,0.9613556675166883
ZG,2002-04,0,0.9664345652562046,0.9794109618556011
ZG,2002-05,0,1.0194608105695417,1.0342788724412284
ZG,2002-06,0,0.9771469380467778,0.9927727428440304
ZG,2002-07,0,0.9435815033029822,0.9584222951919202
ZG,2002-08,0,0.9705409748259246,0.9869937237633488
ZG,2002-09,0,1.0055347259417968,1.023049647236491
ZG,2002-10,0,0.9844670594536696,1.0020979426910364
ZG,2002-11,0,0.9798250312444213,0.9973826724697813
ZG,2002-12,0,1.073558293161936,1.0930459377759036
ZG,2003-01,0,1.1346188180682029,1.1499227047807266
ZG,2003-02,0,1.0767720049991083,1.0989392272040155
ZG,2003-03,0,1.0330298161042681,1.0583157816725945
ZG,2003-04,0,1.0407070166041787,1.065747513438927
ZG,2003-05,0,1.1183717193358338,1.1403743791105687
ZG,2003-06,0,1.0592751294411722,1.0875327443723821
ZG,2003-07,0,1.0830208891269426,1.1099497340909057
ZG,2003-08,0,1.1469380467773622,1.168967208538647
ZG,2003-09,0,1.175325834672381,1.1937181425361565
ZG,2003-10,0,1.1706838064631326,1.1897685754694696
ZG,2003-11,0,1.2078200321371193,1.2214903994743498
ZG,2003-12,0,1.2628102124620613,1.2670188547589025
ZG,2004-01,0,1.2194251026602403,1.23266285306231
ZG,2004-02,0,1.2010355293697565,1.2175823259759264
ZG,2004-03,0,1.2933404749151949,1.2944367930489158
ZG,2004-04,0,1.1699696482770945,1.1990475053625547
ZG,2004-05,0,1.189251919300126,1.2155285064307677
ZG,2004-06,0,1.1835386538118202,1.2107244229598173
ZG,2004-07,0,1.177646848777005,1.205746296545577
ZG,2004-08,0,1.2337082663810044,1.2533509053994278
ZG,2004-09,0,1.2576325656132843,1.272743090638212
ZG,2004-10,0,1.284413497589717,1.2940378095479224
ZG,2004-11,0,1.3490448134261748,1.344357520418092
ZG,2004-12,0,1.3049455454383152,1.3116682668447726
ZG,2005-01,0,1.2562042492412075,1.274317056008817
ZG,2005-02,0,1.2961971076593473,1.306153326617117
ZG,2005-03,0,1.269237636136405,1.2853544285454919
ZG,2005-04,0,1.284056418496698,1.297029769662386
ZG,2005-05,0,1.2260310658810938,1.2518406706634984
ZG,2005-06,0,1.2794143902874497,1.2953822463151656
ZG,2005-07,0,1.2581681842528132,1.2787760503899634
ZG,2005-08,0,1.2647741474736665,1.2840265115791216
ZG,2005-09,0,1.3635065166934488,1.362089752685841
ZG,2005-10,0,1.3477950366006082,1.350566903399472
ZG,2005-11,0,1.427959292983397,1.4100449799659047
ZG,2005-12,0,1.485806106052492,1.4505551074977878
ZG,2006-01,0,1.6334583110158913,1.5499302577020653
ZG,2006-02,0,1.6006070344581338,1.5298187701077928
ZG,2006-03,0,1.6504195679342988,1.5609397963208433
ZG,2006-04,0,1.8410998036065005,1.6764741970131847
ZG,2006-05,0,1.8071772897696858,1.6580490612490264
ZG,2006-06,0,1.7152294233172665,1.6071697883780522
ZG,2006-07,0,1.7643277986073933,1.6357947493440146
ZG,2006-08,0,1.7300482056775592,1.6163654840131099
ZG,2006-09,0,1.648098553829675,1.5689970629604784
ZG,2006-10,0,1.655240135690057,1.5733302879631865
ZG,2006-11,0,1.7630780217818265,1.6384796785359401
ZG,2006-12,0,1.7227280842706678,1.6155936025865731
ZG,2007-01,0,1.759328691305126,1.6368393275321633
ZG,2007-02,0,1.798428851990718,1.6590638049017592
ZG,2007-03,0,1.772183538653814,1.6444703372158664
ZG,2007-04,0,1.810569541153368,1.6661306233331343
ZG,2007-05,0,1.7496875557936107,1.6325047481728938
ZG,2007-06,0,1.7082663810033947,1.6088312787851387
ZG,2007-07,0,1.75004463488663,1.6332878005242693
ZG,2007-08,0,1.756829137653993,1.6371645603691989
ZG,2007-09,0,1.9321549723263733,1.7369613083366784
ZG,2007-10,0,2.0489198357436202,1.797393760748432
ZG,2007-11,0,2.0153544009998248,1.781011746109185
ZG,2007-12,0,2.1401535440100017,1.8429359133664494
ZG,2008-01,0,2.354043920728445,1.9428775167701366
ZG,2008-02,0,2.473308337796826,1.9935411496863291
ZG,2008-03,0,2.326727370112484,1.934276008561663
ZG,2008-04,0,2.1842528119978617,1.873042122742142
ZG,2008-05,0,2.2397786109623326,1.898463080728083
ZG,2008-06,0,2.3322620960542806,1.9397544318639934
ZG,2008-07,0,2.2935190144617077,1.923142627531145
ZG,2008-08,0,2.076057846813073,1.8283271207586087
ZG,2008-09,0,2.1892519193001294,1.8828506845700983
ZG,2008-10,0,1.785216925549013,1.698296778192672
ZG,2008-11,0,2.0341010533833286,1.8377107195868114
ZG,2008-12,0,2.196393501160512,1.9174965529932892
ZG,2009-01,0,2.3015532940546377,1.9653749467504018
ZG,2009-02,0,2.3365470451705104,1.9805793529252527
ZG,2009-03,0,2.287627209426893,1.9596425454063406
ZG,2009-04,0,2.204070701660423,1.923117141519663
ZG,2009-05,0,2.4202820924834905,2.0212135368214046
ZG,2009-06,0,2.289769683985008,1.9672890753283387
ZG,2009-07,0,2.353151222995899,1.994969387219177
ZG,2009-08,0,2.3474379575075934,1.9925414661266125
ZG,2009-09,0,2.4847348687734394,2.0510294490898007
ZG,2009-10,0,2.5613283342260367,2.0818550580572506
ZG,2009-11,0,2.9071594358150397,2.216875272751242
ZG,2009-12,0,2.6954115336547106,2.1440385718975907
ZG,2010-01,0,2.662560257096953,2.1318507200064865
ZG,2010-02,0,2.748794858061067,2.1642385695337447
ZG,2010-03,0,2.7350473129798316,2.1592372704950336
ZG,2010-04,0,2.897518300303524,2.218640625805432
ZG,2010-05,0,2.9771469380467845,2.2461222944233383
ZG,2010-06,0,3.052847705766835,2.2715495807801602
ZG,2010-07,0,2.891983574361728,2.2188564408304554
ZG,2010-08,0,3.0540974825924017,2.2749127440777697
ZG,2010-09,0,3.1988930548116485,2.322323009481722
ZG,2010-10,0,3.3161935368684246,2.358992094708043
ZG,2010-11,0,3.3806463131583726,2.3784278651398294
ZG,2010-12,0,3.4667023745759766,2.4038833708171463
ZG,2011-01,0,3.250848062845928,2.3416183453240222
ZG,2011-02,0,3.434565256204257,2.3981319657106654
ZG,2011-03,0,3.5041956793429825,2.418405397118889
ZG,2011-04,0,3.7877164792001516,2.4993143490728302
ZG,2011-05,0,3.7371897875379485,2.4859747308781563
ZG,2011-06,0,3.654525977504026,2.4638554876142544
ZG,2011-07,0,3.961613997500456,2.547884995650797
ZG,2011-08,0,4.448491340832004,2.6707837292575394
ZG,2011-09,0,3.9400107123728,2.556479667610405
ZG,2011-10,0,4.189966077486173,2.6199199431224587
ZG,2011-11,0,4.243170862346019,2.6326180852734726
ZG,2011-12,0,3.798428851990724,2.5278044860140265
ZG,2012-01,0,4.212104981253357,2.6367116540516293
ZG,2012-02,0,4.141760399928594,2.6200110775850307
ZG,2012-03,0,4.040528477057677,2.5955693153641493
ZG,2012-04,0,4.021960364220684,2.5909738489684973
ZG,2012-05,0,3.7746830923049544,2.529492071545849
ZG,2012-06,0,3.8712729869666225,2.5550809467705204
ZG,2012-07,0,3.8850205320478577,2.5586321158891847
ZG,2012-08,0,4.060703445813257,2.6038527041244786
ZG,2012-09,0,4.268344938403866,2.6549870692317596
ZG,2012-10,0,4.136582753079817,2.6241174494551256
ZG,2012-11,0,4.11551508659169,2.6190244372405282
ZG,2012-12,0,4.026780931976442,2.5974635505111023
ZG,2013-01,0,3.9883949294768892,2.58793087338066
ZG,2013-02,0,3.787002321014114,2.537436222769621
ZG,2013-03,0,3.82485270487414,2.5474310367812185
ZG,2013-04,0,3.528477057668283,2.46994422354311
ZG,2013-05,0,3.336011426530986,2.4153978490048313
ZG,2013-06,0,2.9305481164077927,2.29385650568131
ZG,2013-07,0,3.141760399928593,2.3659291266146596
ZG,2013-08,0,3.340653454740234,2.429235371997395
ZG,2013-09,0,3.175325834672389,2.379745766952235
ZG,2013-10,0,3.1672915550794594,2.3772155448549617
ZG,2013-11,0,2.990358864488493,2.321353087132301
ZG,2013-12,0,2.8752008569898315,2.2828433253554787
ZG,2014-01,0,2.9644706302446076,2.31389151214137
ZG,2014-02,0,3.1599714336725673,2.379839476487311
ZG,2014-03,0,3.0696304231387335,2.351250290657603
ZG,2014-04,0,3.098553829673281,2.3606727300224613
ZG,2014-05,0,2.978753793965372,2.3220095205727347
ZG,2014-06,0,3.1605070523120964,2.3830260633682276
ZG,2014-07,0,3.0630244599178806,2.352182090935734
ZG,2014-08,0,3.074093911801473,2.3557959869487908
ZG,2014-09,0,2.8930548116407873,2.296904129590213
ZG,2014-10,0,2.797536154258177,2.263887590464071
ZG,2014-11,0,2.805213354758088,2.266631862593754
ZG,2014-12,0,2.825745402606686,2.273951109029599
ZZ,2000-01,0,1.0442138410895043,1.0442138410895043
ZZ,2000-02,0,1.0065180394169653,1.0081141456160099
ZZ,2000-03,0,1.1275745097963548,1.1283866749086915
ZZ,2000-04,0,1.1815248893399763,1.1762330735944557
ZZ,2000-05,0,1.0585928907446929,1.0721878692111984
ZZ,2000-06,0,1.0918661505748148,1.103619461205657
ZZ,2000-07,0,1.0678894904815015,1.0816601211522165
ZZ,2000-08,0,0.9837801541329158,1.002897911112429
ZZ,2000-09,0,1.0854175751658457,1.1062110554221056
ZZ,2000-10,0,1.024837241970154,1.050398127216631
ZZ,2000-11,0,1.0826274375113365,1.1067877598085207
ZZ,2000-12,0,1.0854947573969522,1.109436242367033
ZZ,2001-01,0,1.0460970875285094,1.0731415761791285
ZZ,2001-02,0,1.1495174181000052,1.1720046088789275
ZZ,2001-03,0,1.172594905200925,1.1920804135057628
ZZ,2001-04,0,1.148378980191181,1.1714288441510463
ZZ,2001-05,0,1.1934958533846343,1.2107162866867345
ZZ,2001-06,0,1.291783565587531,1.293069075700758
ZZ,2001-07,0,1.3196154781246268,1.314614412921732
ZZ,2001-08,0,1.2774006568207874,1.2826241687910456
ZZ,2001-09,0,1.2939601045047417,1.2955875625356266
ZZ,2001-10,0,1.2190238763231935,1.2376752452078603
ZZ,2001-11,0,1.2148907678474268,1.2342847386262887
ZZ,2001-12,0,1.2544698159589707,1.266863015751294
ZZ,2002-01,0,1.2445287445924207,1.258938495575453
ZZ,2002-02,0,1.2332910117432774,1.249908786219223
ZZ,2002-03,0,1.0691166879560994,1.11678990168676
ZZ,2002-04,0,0.9197922254338613,0.9771190273992101
ZZ,2002-05,0,0.8300910364415912,0.8795957101631261
ZZ,2002-06,0,0.8879198230983273,0.9492613060050408
ZZ,2002-07,0,0.9688415333022042,1.0403975866677553
ZZ,2002-08,0,0.7173355150177335,0.7808029990707142
ZZ,2002-09,0,0.9475585330745169,1.1017448920022135
ZZ,2002-10,0,1.0077298004453428,1.1652462644985273
ZZ,2002-11,0,1.0832294589139704,1.2401668021617602
ZZ,2002-12,0,1.0312665218213477,1.1921964144798005
ZZ,2003-01,0,1.0248874104203747,1.186010708587102
ZZ,2003-02,0,0.983425115869826,1.1455552457440739
ZZ,2003-03,0,0.9021097762873045,1.0628693978128878
ZZ,2003-04,0,0.9705202468287766,1.1387032623155209
ZZ,2003-05,0,1.0233862160253484,1.1931750462574984
ZZ,2003-06,0,0.9598922536053766,1.1311320350993344
ZZ,2003-07,0,0.8567536381774202,1.0236839178335002
ZZ,2003-08,0,0.9147908168581443,1.0914247199667566
ZZ,2003-09,0,0.9043827929933985,1.080047229426906
ZZ,2003-10,0,0.8997441409038825,1.0749181489916595
ZZ,2003-11,0,0.8482211425285685,1.0176540935419023
ZZ,2003-12,0,0.8209449420554416,0.9854971487246392
ZZ,2004-01,0,0.9012106032949111,1.083269431770204
ZZ,2004-02,0,0.9442165424675949,1.1309896194992988
ZZ,2004-03,0,1.0513068881282173,1.2444067657195448
ZZ,2004-04,0,1.0432104720851187,1.2367054787456586
ZZ,2004-05,0,1.082704619742445,1.274563752520832
ZZ,2004-06,0,1.1266251683537438,1.3151293396721517
ZZ,2004-07,0,1.15320672874691,1.338723309645331
ZZ,2004-08,0,1.099067252737077,1.2917764139498285
ZZ,2004-09,0,1.2425914705916428,1.422363707399923
ZZ,2004-10,0,1.212482682236898,1.3981330659804958
ZZ,2004-11,0,1.4163286728129478,1.5662558718254223
ZZ,2004-12,0,1.4025593627835027,1.5565340393907952
ZZ,2005-01,0,1.369961447475565,1.5332923027677947
ZZ,2005-02,0,1.3459346189320323,1.5157539781763931
ZZ,2005-03,0,1.2935278840105457,1.4768169197306642
ZZ,2005-04,0,1.2637471201380046,1.453794019149498
ZZ,2005-05,0,1.1699668502317424,1.379585921333203
ZZ,2005-06,0,1.083661679408169,1.3058187280093252
ZZ,2005-07,0,1.1416216758577866,1.3593040523969808
ZZ,2005-08,0,1.2641677632975363,1.4666479212383563
ZZ,2005-09,0,1.3190366113913283,1.5100510594030794
ZZ,2005-10,0,1.2841579611541858,1.483608540722455
ZZ,2005-11,0,1.3180332423869405,1.5099879132431908
ZZ,2005-12,0,1.2774276706016767,1.479180213953507
ZZ,2006-01,0,1.1171047401467256,1.3536757066185143
ZZ,2006-02,0,1.1107796563075272,1.3480136736757773
ZZ,2006-03,0,1.024976169986148,1.2707674927305763
ZZ,2006-04,0,1.0520594148815083,1.297190784986948
ZZ,2006-05,0,1.0678200264735076,1.3121715088596337
ZZ,2006-06,0,1.1837052873687446,1.4206965955055075
ZZ,2006-07,0,1.1757439402300827,1.413970810613257
ZZ,2006-08,0,1.2738001057396595,1.4973700629116682
ZZ,2006-09,0,1.2006236324273452,1.4399226871557818
ZZ,2006-10,0,1.2815221879618903,1.5073031329087856
ZZ,2006-11,0,1.2100630192917015,1.4515419690823235
ZZ,2006-12,0,1.1455425331980098,1.3982220303146238
ZZ,2007-01,0,1.1924809070455826,1.4391968282704315
ZZ,2007-02,0,1.1841760989784957,1.4322325171288282
ZZ,2007-03,0,1.1324099765751954,1.3885176317769323
ZZ,2007-04,0,1.127902534278561,1.384537233873457
ZZ,2007-05,0,1.1394721507214634,1.3947948723584194
ZZ,2007-06,0,1.1010585542996318,1.3610831257417866
ZZ,2007-07,0,1.2061807530670317,1.4565568844777754
ZZ,2007-08,0,1.0718489389372803,1.3451873291369383
ZZ,2007-09,0,0.9648666484002076,1.2453763514415703
ZZ,2007-10,0,0.8350538539017569,1.110836729086827
ZZ,2007-11,0,0.8580039903213506,1.1383201498415005
ZZ,2007-12,0,0.7970647597510124,1.0672957359019868
ZZ,2008-01,0,0.830218387122919,1.108890382969639
ZZ,2008-02,0,0.7490072435523915,1.0110713695267295
ZZ,2008-03,0,0.6871225306509954,0.9284490538760969
ZZ,2008-04,0,0.7429947477491753,1.0097623780735223
ZZ,2008-05,0,0.7969296908465755,1.082353662548669
ZZ,2008-06,0,0.7291829874926216,0.9973440260247908
ZZ,2008-07,0,0.8141258919371605,1.1138345447306985
ZZ,2008-08,0,0.7492465084688225,1.0341424674845594
ZZ,2008-09,0,0.7410304599675084,1.0231767193516725
ZZ,2008-10,0,0.632531538589188,0.8767604419653451
ZZ,2008-11,0,0.6901287785526038,0.9678187314727456
ZZ,2008-12,0,0.6268046170410668,0.8760617094799144
ZZ,2009-01,0,0.5991077734084079,0.8318743456991459
ZZ,2009-02,0,0.5784152172486869,0.7973353911434437
ZZ,2009-03,0,0.5803949414765751,0.8007580608257956
ZZ,2009-04,0,0.5172675946543605,0.6919918702356205
ZZ,2009-05,0,0.5127717296923919,0.6833003051570606
ZZ,2009-06,0,0.4662192670003528,0.5925143667045536
ZZ,2009-07,0,0.4483052711604751,0.5540903951790177
ZZ,2009-08,0,0.4004793016551745,0.4474086928169215
ZZ,2009-09,0,0.4203228532727211,0.49695819896001947
ZZ,2009-10,0,0.4804902615319918,0.6401038970604077
ZZ,2009-11,0,0.49781381330390295,0.6761578052430144
ZZ,2009-12,0,0.4883242579893274,0.6570953464261426
ZZ,2010-01,0,0.49429816267699034,0.6693288256971918
ZZ,2010-02,0,0.5245613154939488,0.73055331549311
ZZ,2010-03,0,0.5334102582903383,0.747422540376872
ZZ,2010-04,0,0.5554496443828721,0.7887404298437402
ZZ,2010-05,0,0.5253678698090145,0.7345829110154047
ZZ,2010-06,0,0.49952339972291765,0.6853898187627475
ZZ,2010-07,0,0.525259814685465,0.7369117594302382
ZZ,2010-08,0,0.4995041041651409,0.6878775295115701
ZZ,2010-09,0,0.514438865884298,0.7177767067047559
ZZ,2010-10,0,0.4548387470236619,0.6019220875981959
ZZ,2010-11,0,0.4747363262029833,0.6456685346841698
ZZ,2010-12,0,0.4996391730695778,0.6981246992793071
ZZ,2011-01,0,0.5425216206724908,0.7839515317501498
ZZ,2011-02,0,0.5125093101066291,0.7286315050041938
ZZ,2011-03,0,0.5346220193187143,0.771777470894032
ZZ,2011-04,0,0.4901033084163382,0.6885060954293482
ZZ,2011-05,0,0.46560952737460953,0.6385293239587067
ZZ,2011-06,0,0.47865718354320647,0.6665520670545526
ZZ,2011-07,0,0.5286095235154983,0.7709113907829152
ZZ,2011-08,0,0.4891346714159486,0.6962346202301948
ZZ,2011-09,0,0.5355790789844384,0.7911868088248865
ZZ,2011-10,0,0.5335954956449949,0.7874831851822215
ZZ,2011-11,0,0.5373079609612297,0.7944406376842283
ZZ,2011-12,0,0.49462232804763884,0.7149971229497223
ZZ,2012-01,0,0.5163607034388564,0.7589465650968708
ZZ,2012-02,0,0.5195560478066761,0.7651347671551204
ZZ,2012-03,0,0.479849649013806,0.6887110608764773
ZZ,2012-04,0,0.4560968173907022,0.6392104898707028
ZZ,2012-05,0,0.4753615022749483,0.6814486378903666
ZZ,2012-06,0,0.5209491870781531,0.7773497249263062
ZZ,2012-07,0,0.5193052055555792,0.774193982363784
ZZ,2012-08,0,0.47969528455159266,0.6979191432513783
ZZ,2012-09,0,0.49297834652506517,0.7256097676982898
ZZ,2012-10,0,0.5232260628958023,0.7869668568766464
ZZ,2012-11,0,0.5509846523133468,0.8400196219929599
ZZ,2012-12,0,0.5433783434377761,0.8262146841537023
ZZ,2013-01,0,0.5529798129874565,0.8438846367118682
ZZ,2013-02,0,0.5013024501499288,0.7504321062147017
ZZ,2013-03,0,0.49202128685934154,0.7319180070160812
ZZ,2013-04,0,0.5001215620139955,0.7483812686086018
ZZ,2013-05,0,0.5155695855700126,0.7792698059750127
ZZ,2013-06,0,0.5479552497424071,0.8420851175814739
ZZ,2013-07,0,0.5402215901855101,0.8279714476047146
ZZ,2013-08,0,0.56809981206127,0.8795766081207663
ZZ,2013-09,0,0.5941063648326912,0.9253547481927723
ZZ,2013-10,0,0.6115958584014818,0.9547930686755293
ZZ,2013-11,0,0.5883833023961252,0.9168389921616256
ZZ,2013-12,0,0.5549286643229023,0.8599804138556425
ZZ,2014-01,0,0.5657264584547373,0.879438399766336
ZZ,2014-02,0,0.6376332840653456,1.0065436898512639
ZZ,2014-03,0,0.7359402918260194,1.160718527045928
ZZ,2014-04,0,0.7125039073504532,1.128873029882815
ZZ,2014-05,0,0.6584300362370608,1.0529802936387795
ZZ,2014-06,0,0.7318457744658061,1.1644814922297757
ZZ,2014-07,0,0.655118918522581,1.059641294171339
ZZ,2014-08,0,0.6230535606092796,1.0106954356307019
ZZ,2014-09,0,0.6767492387902491,1.0968769159651708
ZZ,2014-10,0,0.6302122125444313,1.0281113768579424
ZZ,2014-11,0,0.6415194094015709,1.046053264736452
ZZ,2014-12,0,0.5904402088551205,0.9664310431826276
LB,2000-01,0,1.0069316797696823,1.0069316797696823
LB,2000-02,0,0.9592736131103977,0.959601689446818
LB,2000-03,0,0.9292215701472707,0.9282737736651205
LB,2000-04,0,0.857114383789171,0.8506742121884412
LB,2000-05,0,0.8256892924371613,0.8140103876787133
LB,2000-06,0,0.7659173956372498,0.741620086208914
LB,2000-07,0,0.6831358653526745,0.6335385479697929
LB,2000-08,0,0.6060679880411918,0.5207236875295558
LB,2000-09,0,0.5812423873325216,0.47976194528524696
LB,2000-10,0,0.5233971874653973,0.38024201843925143
LB,2000-11,0,0.5425755730262433,0.41688414419028796
LB,2000-12,0,0.4748532831358656,0.2920678176596757
LB,2001-01,0,0.4757169748643563,0.29388667784062894
LB,2001-02,0,0.4286568486324883,0.1949620467713119
LB,2001-03,0,0.4495183257668035,0.24362912674651338
LB,2001-04,0,0.5624183368397745,0.49478687627848705
LB,2001-05,0,0.61452773779205,0.5874392624810387
LB,2001-06,0,0.563769239286901,0.504841691397396
LB,2001-07,0,0.5840327759937995,0.5407846540402839
LB,2001-08,0,0.5920274609677781,0.5544734148472004
LB,2001-09,0,0.4688738788616989,0.3464533647218869
LB,2001-10,0,0.43503487985826633,0.27428257311032467
LB,2001-11,0,0.39740892481452805,0.18779305977291882
LB,2001-12,0,0.43700586867456576,0.28743084188492773
LB,2002-01,0,0.4473258775329425,0.3110461056562752
LB,2002-02,0,0.5177278263758172,0.4684301345685977
LB,2002-03,0,0.49221570147270566,0.41915303644215407
LB,2002-04,0,0.4773779204960696,0.38900816107096714
LB,2002-05,0,0.4688738788616991,0.3711940953816
LB,2002-06,0,0.47972539032222405,0.3943378701785015
LB,2002-07,0,0.42447126564057197,0.2791592163145925
LB,2002-08,0,0.3754622965341607,0.16370035472957667
LB,2002-09,0,0.34939652308714486,0.09427720974904119
LB,2002-10,0,0.35610674343926535,0.11348238183498904
LB,2002-11,0,0.3582327538478579,0.11945253108872012
LB,2002-12,0,0.3297530727494192,0.039952036528878576
LB,2003-01,0,0.39904772450448517,0.25009307078005394
LB,2003-02,0,0.3392315358210613,0.10019574018457134
LB,2003-03,0,0.3173513453659622,0.03569645829398527
LB,2003-04,0,0.3213597608238295,0.04832730267639962
LB,2003-05,0,0.3374598604805675,0.09842722687183758
LB,2003-06,0,0.38004650647768856,0.2246248906072359
LB,2003-07,0,0.36742331967666986,0.19141004298763342
LB,2003-08,0,0.4594618536153257,0.44190730053690697
LB,2003-09,0,0.43355110176060313,0.3855136050628627
LB,2003-10,0,0.3919388772007536,0.28953362855982334
LB,2003-11,0,0.41946628280367687,0.35976755329708165
LB,2003-12,0,0.41787177499723244,0.3559662756454266
LB,2004-01,0,0.4261986490975535,0.37589313981416883
LB,2004-02,0,0.492747204074854,0.5320375929188712
LB,2004-03,0,0.49916952718414426,0.5450713007840398
LB,2004-04,0,0.5687077842985281,0.6843791978559118
LB,2004-05,0,0.5514339497287131,0.654005366080211
LB,2004-06,0,0.5120141734027247,0.5825194223051106
LB,2004-07,0,0.6009522754955163,0.7562218444504393
LB,2004-08,0,0.6268408814084828,0.7993011486957222
LB,2004-09,0,0.5303067212933238,0.6453000888123095
LB,2004-10,0,0.5039751965452338,0.5956467020253722
LB,2004-11,0,0.5387664710441821,0.6646804059406511
LB,2004-12,0,0.566249584763593,0.7156915864733704
LB,2005-01,0,0.6105636142176956,0.7939504155241741
LB,2005-02,0,0.6649097552873446,0.8829602087777106
LB,2005-03,0,0.6502934337282703,0.8609777947089656
LB,2005-04,0,0.5784077067877321,0.7504342720281321
LB,2005-05,0,0.6042520208171862,0.7951161006520694
LB,2005-06,0,0.5319676669250369,0.6754899324277704
LB,2005-07,0,0.4942752740560302,0.6046352635963315
LB,2005-08,0,0.4846417893920949,0.5851451430712183
LB,2005-09,0,0.5170413021813763,0.6519976380447148
LB,2005-10,0,0.5265197652530185,0.670329757803142
LB,2005-11,0,0.5522312036319356,0.7191625653741197
LB,2005-12,0,0.6071974310707575,0.8186973744854447
LB,2006-01,0,0.5891484885394763,0.7889723763090642
LB,2006-02,0,0.5472705126785526,0.7178901675356175
LB,2006-03,0,0.5291772782637592,0.684829306415514
LB,2006-04,0,0.5614439154025035,0.7458044058086923
LB,2006-05,0,0.47892813641900206,0.5988337526057892
LB,2006-06,0,0.46812091684198964,0.5762683221054657
LB,2006-07,0,0.42039641235743636,0.4743192256914246
LB,2006-08,0,0.444269737570591,0.5311068778012069
LB,2006-09,0,0.3763702801461639,0.37827302106425464
LB,2006-10,0,0.38153028457535226,0.39198293574504306
LB,2006-11,0,0.38239397630384303,0.3942466924202229
LB,2006-12,0,0.3844092570036548,0.3995168609497879
LB,2007-01,0,0.3431070756283917,0.29207360711870134
LB,2007-02,0,0.3452773779204967,0.29839904441296317
LB,2007-03,0,0.3176613885505487,0.21841700349191906
LB,2007-04,0,0.306699147381243,0.18390780103793147
LB,2007-05,0,0.34777986933894434,0.3178524901851624
LB,2007-06,0,0.3502823607573919,0.3250481091357481
LB,2007-07,0,0.33163547779869407,0.27181424683569133
LB,2007-08,0,0.3096888495183264,0.20563728523302038
LB,2007-09,0,0.29668918170745273,0.16366074061059477
LB,2007-10,0,0.2725943970767363,0.08244852892141064
LB,2007-11,0,0.26920606798804175,0.07001859960140089
LB,2007-12,0,0.24814527737792108,-0.008214371770760787
LB,2008-01,0,0.20967777654744815,-0.1632344520920459
LB,2008-02,0,0.2124017273834575,-0.15024332408190633
LB,2008-03,0,0.19302402834680593,-0.2414746868178046
LB,2008-04,0,0.18274831137194159,-0.29471011591372
LB,2008-05,0,0.1867788727715651,-0.27265485658264876
LB,2008-06,0,0.18352341933340766,-0.2900843087998646
LB,2008-07,0,0.17982504706012672,-0.31023635417213447
LB,2008-08,0,0.17911637692392918,-0.3141772408716419
LB,2008-09,0,0.15161111726276205,-0.46773807173217596
LB,2008-10,0,0.14051600044291926,-0.5409194915393627
LB,2008-11,0,0.13690621193666302,-0.5666090108459032
LB,2008-12,0,0.11985383678440961,-0.6911641709882521
LB,2009-01,0,0.09451887941534741,-0.9025462848093904
LB,2009-02,0,0.09381020927914988,-0.9100439417915833
LB,2009-03,0,0.10178274831137224,-0.8250581060975324
LB,2009-04,0,0.09567046838666841,-0.8851103254186814
LB,2009-05,0,0.10373159118591548,-0.8008510661594221
LB,2009-06,0,0.10333296423430438,-0.8046939355018643
LB,2009-07,0,0.09569261432842462,-0.8786330696638873
LB,2009-08,0,0.08625844314029482,-0.9772213594116308
LB,2009-09,0,0.08103200088583794,-1.0378118600534791
LB,2009-10,0,0.08977964787952637,-0.9298588674325445
LB,2009-11,0,0.1047503045066995,-0.7631099774473447
LB,2009-12,0,0.08721071863581029,-0.9305518379124609
LB,2010-01,0,0.09241501494851101,-0.870876876002862
LB,2010-02,0,0.0955818846196438,-0.8366089632302762
LB,2010-03,0,0.10029897021370869,-0.7872577120717963
LB,2010-04,0,0.10180489425312847,-0.7722433601177225
LB,2010-05,0,0.0751190344369397,-1.0343708345575746
LB,2010-06,0,0.06495404717085618,-1.1696892307839897
LB,2010-07,0,0.06344812313143638,-1.1928736835627145
LB,2010-08,0,0.06207507474255365,-1.2145141722189097
LB,2010-09,0,0.06816520872550129,-1.1164050034711392
LB,2010-10,0,0.0771786070202638,-0.9841762835231211
LB,2010-11,0,0.06807662495847659,-1.1021102863925618
LB,2010-12,0,0.08324659506145526,-0.8792735915324448
LB,2011-01,0,0.080655519875983,-0.9103988908141685
LB,2011-02,0,0.07516332632045204,-0.9784933444110933
LB,2011-03,0,0.07394529952386253,-0.9946984121777402
LB,2011-04,0,0.057756616100099877,-1.2136262348791478
LB,2011-05,0,0.053283135865352875,-1.2910802226092093
LB,2011-06,0,0.0535931790499393,-1.2852614362417945
LB,2011-07,0,0.05142287675783432,-1.3257573040103896
LB,2011-08,0,0.05000553648543924,-1.3533197501774867
LB,2011-09,0,0.042143727161997734,-1.5105385278568488
LB,2011-10,0,0.044756948289226176,-1.4485311710518043
LB,2011-11,0,0.04063780312257795,-1.540564817761354
LB,2011-12,0,0.04601926696932805,-1.408139749641463
LB,2012-01,0,0.0437382349684422,-1.4577066408830412
LB,2012-02,0,0.04683866681430646,-1.3868205649336742
LB,2012-03,0,0.0444026132211274,-1.4388300211984495
LB,2012-04,0,0.048499612446019455,-1.346560694515158
LB,2012-05,0,0.04834459085372625,-1.3497570415471212
LB,2012-06,0,0.04703798029011203,-1.3767840685741484
LB,2012-07,0,0.048654634038312675,-1.3424149536965593
LB,2012-08,0,0.04989480677665838,-1.316925650100747
LB,2012-09,0,0.04918613664046084,-1.3311289346102897
LB,2012-10,0,0.05620640017716778,-1.1884004339349183
LB,2012-11,0,0.05771232421658756,-1.161607683737913
LB,2012-12,0,0.06344812313143643,-1.0622216515046055
LB,2013-01,0,0.05966116709113079,-1.1219075153789513
LB,2013-02,0,0.06433396080168335,-1.0435853179030792
LB,2013-03,0,0.06521979847193028,-1.0298159547361259
LB,2013-04,0,0.05760159450780668,-1.1466241041418983
LB,2013-05,0,0.05033772561178185,-1.2727294482403217
LB,2013-06,0,0.048920385339386765,-1.300886069445777
LB,2013-07,0,0.05078064444690532,-1.2628598132212412
LB,2013-08,0,0.052419444136862135,-1.2305876806438318
LB,2013-09,0,0.05629498394419246,-1.1566544318056402
LB,2013-10,0,0.05912966448898264,-1.1063003798780242
LB,2013-11,0,0.05862030782859066,-1.114914612087762
LB,2013-12,0,0.05786734580888077,-1.127759341970648
LB,2014-01,0,0.055475584099214055,-1.1690911444964804
LB,2014-02,0,0.05487764367179738,-1.179869587610253
LB,2014-03,0,0.05233086036983745,-1.226277981476274
LB,2014-04,0,0.052353006311593626,-1.2258547906171966
LB,2014-05,0,0.049363304174510236,-1.2829613896019683
LB,2014-06,0,0.0529509467390103,-1.2102830585117936
LB,2014-07,0,0.05115712545676027,-1.244160097407653
LB,2014-08,0,0.05494408149706591,-1.170134123381679
LB,2014-09,0,0.05319455209832822,-1.2019761225755525
LB,2014-10,0,0.05160004429188375,-1.231951143391539
LB,2014-11,0,0.05217583877754425,-1.2207923451082774
LB,2014-12,0,0.05272948732144859,-1.2101811396753401
DA,2000-01,0,0.9487295825771326,0.9487295825771326
DA,2000-02,0,0.9237749546279492,0.92242637836862
DA,2000-03,0,0.8761343012704174,0.8708546691348281
DA,2000-04,0,0.8489110707803993,0.8397826857065527
DA,2000-05,0,0.7935571687840289,0.7745769133922822
DA,2000-06,0,0.7681488203266787,0.7425586172230427
DA,2000-07,0,0.6234119782214157,0.554135699325819
DA,2000-08,0,0.6451905626134302,0.5890701971424128
DA,2000-09,0,0.6152450090744103,0.5426566950327083
DA,2000-10,0,0.5480943738656988,0.43351215225984696
DA,2000-11,0,0.560344827586207,0.4558631456373303
DA,2000-12,0,0.5689655172413793,0.47124776102194565
DA,2001-01,0,0.5771324863883849,0.4856018280075918
DA,2001-02,0,0.6388384754990927,0.5925200670013024
DA,2001-03,0,0.692831215970962,0.6770371124558479
DA,2001-04,0,0.7872050816696916,0.8132519127177994
DA,2001-05,0,0.8516333938294012,0.8950962931212574
DA,2001-06,0,0.795825771324864,0.8295661918958979
DA,2001-07,0,0.8439201451905628,0.8899994872208693
DA,2001-08,0,0.8371143375680583,0.8819349710918369
DA,2001-09,0,0.8634301270417426,0.9133712854549807
DA,2001-10,0,0.6978221415607989,0.7215688682190375
DA,2001-11,0,0.72459165154265,0.7599303766715731
DA,2001-12,0,0.7009981851179676,0.7273693246991249
DA,2002-01,0,0.7209618874773144,0.7558482891004195
DA,2002-02,0,0.6737749546279496,0.6903983205667504
DA,2002-03,0,0.6479128856624323,0.652014482182912
DA,2002-04,0,0.6356624319419242,0.633106919157702
DA,2002-05,0,0.5739564428312164,0.5360334002426415
DA,2002-06,0,0.4959165154264976,0.40006502079600104
DA,2002-07,0,0.47186932849364827,0.3515746273833753
DA,2002-08,0,0.4088021778584395,0.21792078122952907
DA,2002-09,0,0.4210526315789476,0.2478874848921261
DA,2002-10,0,0.38656987295825795,0.16599093316798819
DA,2002-11,0,0.3992740471869331,0.19885478293324643
DA,2002-12,0,0.38067150635208735,0.1522638738423373
DA,2003-01,0,0.35707803992740494,0.09028532795437538
DA,2003-02,0,0.33393829401088954,0.02548227839910222
DA,2003-03,0,0.33393829401088954,0.02548227839910222
DA,2003-04,0,0.3430127041742289,0.05265619144258038
DA,2003-05,0,0.32078039927404745,-0.01215862337223439
DA,2003-06,0,0.32713248638838505,0.00764335682578543
DA,2003-07,0,0.3711433756805811,0.14217872437086165
DA,2003-08,0,0.3652450090744106,0.12628630383296457
DA,2003-09,0,0.3656987295825776,0.12752853985780932
DA,2003-10,0,0.3761343012704178,0.15606452000669246
DA,2003-11,0,0.3647912885662436,0.1259077045664031
DA,2003-12,0,0.36615245009074454,0.12963904784998515
DA,2004-01,0,0.3838475499092564,0.1779661853964536
DA,2004-02,0,0.433756805807623,0.30798982605839187
DA,2004-03,0,0.5907441016333944,0.6699145122508603
DA,2004-04,0,0.597549909255899,0.6814352495780494
DA,2004-05,0,0.612522686025409,0.7064921971862499
DA,2004-06,0,0.6465517241379318,0.7620477527418054
DA,2004-07,0,0.6814882032667885,0.8160828404611036
DA,2004-08,0,0.6075317604355726,0.707560869755378
DA,2004-09,0,0.6701451905626143,0.81062285631251
DA,2004-10,0,0.706442831215972,0.86478670194555
DA,2004-11,0,0.9274047186932862,1.1775676910271171
DA,2004-12,0,0.8507259528130683,1.0948866734145926
DA,2005-01,0,0.9500907441016346,1.2116866734145926
DA,2005-02,0,1.0108892921960086,1.2756790325358915
DA,2005-03,0,0.9364791288566257,1.2020704149416366
DA,2005-04,0,0.8502722323049013,1.110016151375745
DA,2005-05,0,0.8774954627949196,1.142033227149491
DA,2005-06,0,0.8888384754990939,1.1549598041918903
DA,2005-07,0,0.8176043557168796,1.0748168741255297
DA,2005-08,0,0.8371143375680593,1.0986792492642645
DA,2005-09,0,0.8352994555353915,1.0965112275840478
DA,2005-10,0,0.8289473684210539,1.0889066648464052
DA,2005-11,0,0.8166969147005458,1.0741283397232526
DA,2005-12,0,0.8543557168784043,1.1202394508343636
DA,2006-01,0,0.8207803992740487,1.0809404598625103
DA,2006-02,0,0.7477313974591666,0.9919410126541081
DA,2006-03,0,0.7463702359346658,0.9901206243045936
DA,2006-04,0,0.7459165154264988,0.9895127215690314
DA,2006-05,0,0.7722323049001829,1.0247925269218292
DA,2006-06,0,0.726860254083486,0.9660381203413356
DA,2006-07,0,0.7046279491833045,0.935451353799513
DA,2006-08,0,0.7164246823956458,0.9521931438832221
DA,2006-09,0,0.6982758620689672,0.9268606549661862
DA,2006-10,0,0.7073502722323066,0.9398561065581289
DA,2006-11,0,0.73230490018149,0.9751351315741649
DA,2006-12,0,0.7345735027223248,0.9782330250066308
DA,2007-01,0,0.7667876588021796,1.0220872560134249
DA,2007-02,0,0.7690562613430145,1.0250458358950818
DA,2007-03,0,0.8511796733212362,1.1318304966620436
DA,2007-04,0,0.9877495462794943,1.2922782578560734
DA,2007-05,0,1.0957350272232333,1.401603016698517
DA,2007-06,0,1.059437386569876,1.368476722702658
DA,2007-07,0,1.1066243194192409,1.4130163372636857
DA,2007-08,0,1.2286751361161559,1.5233074401747146
DA,2007-09,0,1.1243194192377528,1.4383739098940649
DA,2007-10,0,1.2350272232304935,1.5368404151402308
DA,2007-11,0,1.3570780399274087,1.6356648089682988
DA,2007-12,0,1.4097096188747773,1.6744478246821068
DA,2008-01,0,1.3330308529945591,1.620054519242776
DA,2008-02,0,1.4364791288566285,1.6976583313598625
DA,2008-03,0,1.4228675136116196,1.6881826522695278
DA,2008-04,0,1.4882032667876632,1.7341010196164666
DA,2008-05,0,1.5803085299455584,1.7959912635189057
DA,2008-06,0,1.4119782214156127,1.6894738934356441
DA,2008-07,0,1.299909255898371,1.610103713487058
DA,2008-08,0,1.1333938294010928,1.4820059822479656
DA,2008-09,0,1.1524500907441053,1.498819433008574
DA,2008-10,0,1.1651542649727806,1.5098430550558182
DA,2008-11,0,1.236842105263162,1.571369534806597
DA,2008-12,0,0.892921960072598,1.293306438695078
DA,2009-01,0,0.8389292196007285,1.2328389590202813
DA,2009-02,0,0.8366606170598938,1.230134794607085
DA,2009-03,0,0.8806715063520899,1.2827378314834408
DA,2009-04,0,0.7173321234119806,1.0972664249919417
DA,2009-05,0,0.6819419237749569,1.0479305616143324
DA,2009-06,0,0.5984573502722342,0.9255087385937071
DA,2009-07,0,0.6238656987295845,0.967965144962168
DA,2009-08,0,0.6070780399274067,0.9410560540530772
DA,2009-09,0,0.6206896551724157,0.9634775787167541
DA,2009-10,0,0.6411070780399294,0.9963723155588594
DA,2009-11,0,0.6397459165154284,0.9942491733083286
DA,2009-12,0,0.5975499092559003,0.9282917264998181
DA,2010-01,0,0.5943738656987315,0.9229766164011088
DA,2010-02,0,0.5694192377495483,0.8809918835766816
DA,2010-03,0,0.5535390199637042,0.853103437361542
DA,2010-04,0,0.5694192377495483,0.8817919619517061
DA,2010-05,0,0.5521778584392034,0.8515130774895547
DA,2010-06,0,0.5657894736842126,0.8761638580976074
DA,2010-07,0,0.6007259528130694,0.9379120537672144
DA,2010-08,0,0.6197822141560821,0.969634108147879
DA,2010-09,0,0.6492740471869353,1.0172182955563709
DA,2010-10,0,0.6234119782214179,0.9773860104410669
DA,2010-11,0,0.6120689655172438,0.9591909594949244
DA,2010-12,0,0.5989110707804016,0.9376935540093795
DA,2011-01,0,0.7481851179673351,1.1869359782518036
DA,2011-02,0,0.7899274047186965,1.2427273669722403
DA,2011-03,0,0.7168784029038143,1.1502517782301382
DA,2011-04,0,0.7041742286751391,1.1325302592427964
DA,2011-05,0,0.7722323049001849,1.229179743778879
DA,2011-06,0,0.7912885662431978,1.2538565945426863
DA,2011-07,0,0.8938294010889332,1.383443750505989
DA,2011-08,0,0.8153357531760472,1.2956264916227402
DA,2011-09,0,0.7304900181488237,1.1915641655236864
DA,2011-10,0,0.8089836660617097,1.2990175816727545
DA,2011-11,0,0.8480036297640694,1.3472508963110048
DA,2011-12,0,0.8548094373865738,1.35527657849399
DA,2012-01,0,0.7999092558983703,1.2910515254154338
DA,2012-02,0,0.7527223230490053,1.23206116807
DA,2012-03,0,0.77450090744102,1.2609942602942315
DA,2012-04,0,0.743194192377499,1.2205724676756022
DA,2012-05,0,0.8253176043557208,1.3310730781762126
DA,2012-06,0,0.8738656987295867,1.3898966075879775
DA,2012-07,0,0.8575317604355757,1.3712050188029306
DA,2012-08,0,0.885662431941928,1.4040092516071634
DA,2012-09,0,0.931941923774959,1.456263349967819
DA,2012-10,0,0.9364791288566289,1.4611318991401658
DA,2012-11,0,0.8956442831216015,1.417527247977375
DA,2012-12,0,0.8607078039927448,1.3785201557787936
DA,2013-01,0,0.8008166969147046,1.3089366028004066
DA,2013-02,0,0.8153357531760477,1.3270669144151375
DA,2013-03,0,0.8303085299455578,1.3454308543149707
DA,2013-04,0,0.858892921960077,1.3798570838231674
DA,2013-05,0,0.7844827586206937,1.2932221128775783
DA,2013-06,0,0.731851179673325,1.226131308944669
DA,2013-07,0,0.7495462794918369,1.2503098582317118
DA,2013-08,0,0.7068965517241417,1.1934091318394602
DA,2013-09,0,0.702813067150639,1.1876324951257247
DA,2013-10,0,0.7554446460980075,1.2625195190121028
DA,2013-11,0,0.7654264972776811,1.275732732225316
DA,2013-12,0,0.8334845735027268,1.3646479663687658
DA,2014-01,0,1.051270417422873,1.625943557005674
DA,2014-02,0,1.0925589836660672,1.6652184814769728
DA,2014-03,0,1.2468239564428376,1.8064144947660092
DA,2014-04,0,1.3280399274047254,1.8715527771532
DA,2014-05,0,1.320780399274054,1.8660864293568213
DA,2014-06,0,1.355716878402911,1.8925378206312975
DA,2014-07,0,1.4156079854809513,1.9367145274586068
DA,2014-08,0,1.5730490018148906,2.0479324761765554
DA,2014-09,0,1.5911978221415695,2.0594698283542305
DA,2014-10,0,1.6070780399274136,2.0694498682743907
DA,2014-11,0,1.5235934664246908,2.0175018163263383
DA,2014-12,0,1.3743194192377572,1.919526831216154
ZN,2000-01,0,1.1274422563365398,1.1274422563365398
ZN,2000-02,0,1.1634197140027667,1.1593529439695636
ZN,2000-03,0,1.2300059315753933,1.2165861305583787
ZN,2000-04,0,1.307195515006041,1.2793415868119784
ZN,2000-05,0,1.7999643682966104,1.656308037227234
ZN,2000-06,0,1.8569675824264824,1.6879771164234054
ZN,2000-07,0,1.5676160864700233,1.532157758727152
ZN,2000-08,0,1.9895370014583655,1.8013058739001908
ZN,2000-09,0,2.1100972689167854,1.8619030215632135
ZN,2000-10,0,1.7906853375540561,1.7105299374557217
ZN,2000-11,0,2.6339302543441705,2.181436187205845
ZN,2000-12,0,3.9490753009623165,2.6807451740133215
ZN,2001-01,0,2.4243710053703427,2.2946537021134485
ZN,2001-02,0,2.238485948363138,2.2179801828396073
ZN,2001-03,0,2.1274852115520906,2.1683927655532873
ZN,2001-04,0,1.966934342600942,2.0929276727388375
ZN,2001-05,0,1.6136659553627253,1.913324124421572
ZN,2001-06,0,1.2501056862612097,1.6880233006090046
ZN,2001-07,0,1.298889431632081,1.7270469974908038
ZN,2001-08,0,0.9235831409933366,1.438103010805837
ZN,2001-09,0,0.749343172503217,1.2494465046869399
ZN,2001-10,0,0.9799990657827448,1.5572572671564378
ZN,2001-11,0,0.7462996898539553,1.318788288880291
ZN,2001-12,0,0.6949639821691265,1.250001301048533
ZN,2002-01,0,0.5807261121469142,1.0856217462036153
ZN,2002-02,0,0.62310835676114,1.1586032149678505
ZN,2002-03,0,0.856197674737945,1.532678310330689
ZN,2002-04,0,0.9778355782323634,1.6747458574443246
ZN,2002-05,0,0.8168279286830762,1.510088676693813
ZN,2002-06,0,0.8079807973755547,1.4992575934303094
ZN,2002-07,0,0.7243484010683887,1.3957496925262078
ZN,2002-08,0,0.7959021663277596,1.4945333236543106
ZN,2002-09,0,0.9016947592993944,1.6274549281522037
ZN,2002-10,0,0.8715878477582668,1.5940656783749063
ZN,2002-11,0,0.8553904453047495,1.5754818919038382
ZN,2002-12,0,0.9844779098696308,1.7263924676221483
ZN,2003-01,0,1.1640762480896092,1.9088225012668458
ZN,2003-02,0,1.7441646043859877,2.407147552781619
ZN,2003-03,0,1.090434342953034,2.032337595172663
ZN,2003-04,0,1.1450048365694898,2.0823823264021213
ZN,2003-05,0,1.3125111642483054,2.2286754444125885
ZN,2003-06,0,1.1182073544493052,2.080635705710418
ZN,2003-07,0,0.9734536767904065,1.9511841535605157
ZN,2003-08,0,0.9675542591269873,1.9451238573141958
ZN,2003-09,0,0.9450478387306303,1.9218627118186817
ZN,2003-10,0,0.881737015025642,1.8548705225237714
ZN,2003-11,0,0.8432521933566839,1.811223923806535
ZN,2003-12,0,1.059672775148696,2.067873812768602
ZN,2004-01,0,0.9113333932672059,1.9278877856097227
ZN,2004-02,0,0.9258560117702003,1.9438233571692476
ZN,2004-03,0,1.001114253596797,2.0251083959548204
ZN,2004-04,0,0.9730041727588371,1.997029602014003
ZN,2004-05,0,1.055149567478538,2.081454106059846
ZN,2004-06,0,0.9972325574244356,2.026564247940011
ZN,2004-07,0,0.9827535983208522,2.01204510795026
ZN,2004-08,0,0.8003608238106176,1.8264515117305424
ZN,2004-09,0,0.9581543434882145,2.0236044894666616
ZN,2004-10,0,1.037467510717094,2.1063815157024717
ZN,2004-11,0,0.8296382067629369,1.9060578411707207
ZN,2004-12,0,0.6631667946325244,1.7054024099557736
ZN,2005-01,0,0.6777955101706464,1.7274612881392453
ZN,2005-02,0,0.7112055134779633,1.7767534460334533
ZN,2005-03,0,0.7938295184955082,1.8929280305266105
ZN,2005-04,0,0.672854721470638,1.7405341043670672
ZN,2005-05,0,0.6452298233132288,1.6994778447081764
ZN,2005-06,0,0.6981325748177764,1.7814684000003886
ZN,2005-07,0,0.7836446725791527,1.903955304129875
ZN,2005-08,0,1.1367466376981101,2.3545446815282034
ZN,2005-09,0,1.2941742164956975,2.493034274175141
ZN,2005-10,0,1.1021064251848096,2.344624741005055
ZN,2005-11,0,1.0683422173951747,2.3139886726380885
ZN,2005-12,0,0.9465608951209703,2.1999977432417657
ZN,2006-01,0,0.7721904178885252,2.0157829947440895
ZN,2006-02,0,0.5419504625431706,1.7176182545302416
ZN,2006-03,0,0.5694723151288517,1.768401221771438
ZN,2006-04,0,0.503775716501212,1.6530372314907607
ZN,2006-05,0,0.47103609623001197,1.5880487471339104
ZN,2006-06,0,0.43406503513525485,1.5095599404571844
ZN,2006-07,0,0.5665567592144233,1.8147946710958407
ZN,2006-08,0,0.40869516843021797,1.5361613511031658
ZN,2006-09,0,0.2973019664803795,1.263603193937532
ZN,2006-10,0,0.33335289399615275,1.3848635002266678
ZN,2006-11,0,0.3706938863461341,1.4968799039313025
ZN,2006-12,0,0.2613052611219393,1.2017883762494743
ZN,2007-01,0,0.3142239741273468,1.404305205716267
ZN,2007-02,0,0.297991362480756,1.3526458385668585
ZN,2007-03,0,0.31008079101442687,1.3932155666053738
ZN,2007-04,0,0.3101476884812663,1.393431308659632
ZN,2007-05,0,0.30668310388284703,1.3822605512202177
ZN,2007-06,0,0.25716066964129636,1.2207830077411084
ZN,2007-07,0,0.2315748532187428,1.1212895025397016
ZN,2007-08,0,0.20080694775965124,0.9884257436667615
ZN,2007-09,0,0.22939915981476258,1.130812311333403
ZN,2007-10,0,0.25600979848370486,1.246813776597836
ZN,2007-11,0,0.2150875617422546,1.0869674074985887
ZN,2007-12,0,0.21608797228144586,1.091618585516916
ZN,2008-01,0,0.23498638929959811,1.1790756374695246
ZN,2008-02,0,0.2725888685901377,1.339095455649708
ZN,2008-03,0,0.2908798096637975,1.4061962920421212
ZN,2008-04,0,0.3091507988613824,1.4690091397908278
ZN,2008-05,0,0.32878086291159925,1.5325058673506962
ZN,2008-06,0,0.3721757239186151,1.6644930536568636
ZN,2008-07,0,0.25253559003917914,1.343031641236536
ZN,2008-08,0,0.21712406146961827,1.2028077283850165
ZN,2008-09,0,0.19624876562437338,1.1066631753403238
ZN,2008-10,0,0.17163214092315265,0.981227356047897
ZN,2008-11,0,0.1620456165610904,0.9253722911952447
ZN,2008-12,0,0.13873173200358424,0.7814999356680161
ZN,2009-01,0,0.10872481457078502,0.5652053864727102
ZN,2009-02,0,0.10299111484276428,0.512469497700163
ZN,2009-03,0,0.09096741013616363,0.3957244296915572
ZN,2009-04,0,0.0784604005726426,0.25823552520587323
ZN,2009-05,0,0.0866897279057035,0.36312062995934413
ZN,2009-06,0,0.08333898636488818,0.3244685125543837
ZN,2009-07,0,0.07632601928853514,0.2403186160623897
ZN,2009-08,0,0.05534274858453195,-0.034597734870051244
ZN,2009-09,0,0.06985456960165047,0.22761947313422404
ZN,2009-10,0,0.06092223204689133,0.09974899013366612
ZN,2009-11,0,0.05404540718375532,-0.013129751043166937
ZN,2009-12,0,0.06177382506335916,0.1298688548018605
ZN,2010-01,0,0.05708536891370975,0.053971722888131124
ZN,2010-02,0,0.05377711313253628,-0.00398105632880319
ZN,2010-03,0,0.042556882211869825,-0.2126242925883186
ZN,2010-04,0,0.042218873958365516,-0.2205667976764858
ZN,2010-05,0,0.045805282364818574,-0.13561880948547378
ZN,2010-06,0,0.048239880701864926,-0.08246777075470324
ZN,2010-07,0,0.051459644044447334,-0.015722926121247705
ZN,2010-08,0,0.03973920785418526,-0.2434826863741315
ZN,2010-09,0,0.03860523710926905,-0.2720179996364662
ZN,2010-10,0,0.036259835394675234,-0.33277145927603136
ZN,2010-11,0,0.03610162875379891,-0.3371345965918604
ZN,2010-12,0,0.03770176921500648,-0.29281137582750105
ZN,2011-01,0,0.03783016540574735,-0.2894058011445557
ZN,2011-02,0,0.03425995322810804,-0.38378054519727156
ZN,2011-03,0,0.0365785959559661,-0.316102614862102
ZN,2011-04,0,0.03860288982973083,-0.260761675144197
ZN,2011-05,0,0.03776209429913885,-0.2825423121457413
ZN,2011-06,0,0.03511459770797556,-0.3526522104525116
ZN,2011-07,0,0.03346774638395732,-0.39955154666914705
ZN,2011-08,0,0.03264995419283995,-0.42398677997512735
ZN,2011-09,0,0.028674366838949274,-0.5457507288740973
ZN,2011-10,0,0.029075516912031828,-0.5317608794962321
ZN,2011-11,0,0.025231142484327906,-0.6639812090379253
ZN,2011-12,0,0.02092928327462405,-0.8344792042189171
ZN,2012-01,0,0.017248983686642013,-1.0103237154566362
ZN,2012-02,0,0.01802781103742487,-0.965171643605238
ZN,2012-03,0,0.01398931659190979,-1.18918633053153
ZN,2012-04,0,0.014323569198152945,-1.1652929112892738
ZN,2012-05,0,0.014733638933480748,-1.1366638922469612
ZN,2012-06,0,0.01685792691557383,-0.9924844406068203
ZN,2012-07,0,0.019224923601919318,-0.8520759136153555
ZN,2012-08,0,0.016495506954871987,-0.994048735123725
ZN,2012-09,0,0.01859256649432167,-0.8669195995847709
ZN,2012-10,0,0.01878152249714873,-0.8567566130554625
ZN,2012-11,0,0.017586053028331047,-0.9204079740672853
ZN,2012-12,0,0.01635420072667088,-0.9904550903631169
ZN,2013-01,0,0.01629105890709264,-0.9943159833919804
ZN,2013-02,0,0.016664745809577965,-0.9713778242080717
ZN,2013-03,0,0.019054511107444234,-0.8279753789998907
ZN,2013-04,0,0.020424383445951995,-0.756083094239429
ZN,2013-05,0,0.018516984093190844,-0.8494714385098254
ZN,2013-06,0,0.016476024534704724,-0.9596923874621244
ZN,2013-07,0,0.01592159710777612,-0.9933429459303258
ZN,2013-08,0,0.0164234454730485,-0.9618229695187084
ZN,2013-09,0,0.01599811842072224,-0.9877205226858705
ZN,2013-10,0,0.015558238235258984,-1.0152162677413314
ZN,2013-11,0,0.016956512656179264,-0.925342697239536
ZN,2013-12,0,0.01806841897343616,-0.8597686998143226
ZN,2014-01,0,0.021446154228941076,-0.6728273154867399
ZN,2014-02,0,0.02278011319051401,-0.6106269346010711
ZN,2014-03,0,0.021815381300303777,-0.6529766754536301
ZN,2014-04,0,0.023965724085271152,-0.5544066456491348
ZN,2014-05,0,0.022566041296627943,-0.6128101716040808
ZN,2014-06,0,0.022102688315782448,-0.6333433690202681
ZN,2014-07,0,0.01901625045097118,-0.7729842045926267
ZN,2014-08,0,0.019961499921014147,-0.7232767466223993
ZN,2014-09,0,0.019918779433418465,-0.7254168907881546
ZN,2014-10,0,0.01824986368174092,-0.8092029358747099
ZN,2014-11,0,0.018816496962268288,-0.7781543050241524
ZN,2014-12,0,0.013219174175418378,-1.0756232121259321
ZO,2000-01,0,1.025202652910833,1.025202652910833
ZO,2000-02,0,1.0191599115696393,1.0193084608464282
ZO,2000-03,0,1.0558585114222552,1.055317137636016
ZO,2000-04,0,1.0728813559322037,1.0714394156929674
ZO,2000-05,0,0.9957995578481948,0.999593821902185
ZO,2000-06,0,0.8662490788504056,0.8694968782183251
ZO,2000-07,0,0.8892409727339724,0.8960387752834039
ZO,2000-08,0,0.8146647015475317,0.8121736886835862
ZO,2000-09,0,0.7957995578481949,0.7890167461236586
ZO,2000-10,0,0.8165806927044957,0.8151302751541245
ZO,2000-11,0,0.7479734708916733,0.7311125872198226
ZO,2000-12,0,0.7768607221812828,0.769733276874995
ZO,2001-01,0,0.7003684598378783,0.6712699871766458
ZO,2001-02,0,0.6876197494473109,0.6530671252237837
ZO,2001-03,0,0.6876197494473109,0.6530671252237837
ZO,2001-04,0,0.6991893883566698,0.6698927602039573
ZO,2001-05,0,0.7164333087693449,0.6945554920757955
ZO,2001-06,0,0.6885040530582175,0.6555717438758368
ZO,2001-07,0,0.89159911569639,0.9505519429553615
ZO,2001-08,0,0.8957995578481955,0.9552630761068616
ZO,2001-09,0,1.0516580692704507,1.1292512301048871
ZO,2001-10,0,1.250036845983789,1.3178855234270088
ZO,2001-11,0,1.391525423728815,1.4310730492184374
ZO,2001-12,0,1.2986735445836417,1.3643463638400546
ZO,2002-01,0,1.3285187914517331,1.3873276950549442
ZO,2002-02,0,1.4927044952100237,1.5109132286693217
ZO,2002-03,0,1.470523212969788,1.4960534340405698
ZO,2002-04,0,1.1521002210759042,1.2795162253209509
ZO,2002-05,0,1.5557111274871058,1.62984243742278
ZO,2002-06,0,1.7467943994104662,1.7526693996699496
ZO,2002-07,0,1.8368459837877693,1.8042218802639423
ZO,2002-08,0,1.8986735445836427,1.8378815127761785
ZO,2002-09,0,2.182019159911573,1.9871149690152627
ZO,2002-10,0,2.115033161385412,1.9564158808693661
ZO,2002-11,0,2.0939572586588096,1.94645107128085
ZO,2002-12,0,2.050773765659547,1.9258281608462207
ZO,2003-01,0,2.0355195283714114,1.9183898770415566
ZO,2003-02,0,2.1829771554900557,1.9908321332141725
ZO,2003-03,0,2.027634487840829,1.9196712109578176
ZO,2003-04,0,1.7913780397936658,1.8031529481920536
ZO,2003-05,0,1.7974207811348597,1.806526184442002
ZO,2003-06,0,1.813190862196024,1.8152999124564335
ZO,2003-07,0,1.9343404568902025,1.8821156003247528
ZO,2003-08,0,1.9242446573323542,1.8768963538772692
ZO,2003-09,0,1.961459100957999,1.8962361210341316
ZO,2003-10,0,1.9140751658069304,1.8720786277028023
ZO,2003-11,0,1.8507737656595464,1.839007094631269
ZO,2003-12,0,1.919675755342671,1.876235842391572
ZO,2004-01,0,2.05747973470892,1.9480208711823586
ZO,2004-02,0,2.074281503316142,1.9561870602941065
ZO,2004-03,0,2.224465733235081,2.028590072941541
ZO,2004-04,0,2.221812822402362,2.0273974670977726
ZO,2004-05,0,1.8238025055269012,1.8482598219899786
ZO,2004-06,0,1.6467943994104675,1.751205395548506
ZO,2004-07,0,1.4424465733235108,1.6271171510414135
ZO,2004-08,0,1.733529845246872,1.8289154549138975
ZO,2004-09,0,1.645173176123806,1.7779462319926256
ZO,2004-10,0,1.628076639646282,1.767554294702592
ZO,2004-11,0,1.6984524686809173,1.8107806559934985
ZO,2004-12,0,1.720486366986002,1.823753582060836
ZO,2005-01,0,1.8415622697126053,1.8941266492643312
ZO,2005-02,0,1.773691967575538,1.8572719073675725
ZO,2005-03,0,1.8316875460574837,1.889969568259176
ZO,2005-04,0,1.665659543109805,1.7993274697718893
ZO,2005-05,0,1.5840088430361128,1.7503074281844895
ZO,2005-06,0,1.7600589535740647,1.861449554260321
ZO,2005-07,0,1.8362564480471675,1.904742135067556
ZO,2005-08,0,1.6708179808400927,1.8146466217839858
ZO,2005-09,0,1.71871775976419,1.843315082067142
ZO,2005-10,0,1.6893883566691275,1.8262503819856772
ZO,2005-11,0,1.8398673544583686,1.915323446325917
ZO,2005-12,0,1.9794399410464312,1.9911835817046168
ZO,2006-01,0,1.94893146647016,1.9757709016108007
ZO,2006-02,0,1.8582903463522524,1.9292627910500566
ZO,2006-03,0,1.73109801031688,1.860816901372458
ZO,2006-04,0,1.8397199705232181,1.9235643365604025
ZO,2006-05,0,1.7576271186440726,1.8789418651003584
ZO,2006-06,0,1.8610169491525475,1.9377653945121232
ZO,2006-07,0,1.8392041267501893,1.9260444790135884
ZO,2006-08,0,1.7540162122328715,1.8797266650861904
ZO,2006-09,0,1.8965364775239553,1.9609803412478575
ZO,2006-10,0,2.151731761238031,2.09553893621211
ZO,2006-11,0,2.3559322033898367,2.190439446503558
ZO,2006-12,0,2.3734708916728136,2.1978839257028073
ZO,2007-01,0,2.2530582166543907,2.1471511884946604
ZO,2007-02,0,2.2154016212232928,2.1304376410360355
ZO,2007-03,0,2.362785556374362,2.196964601086596
ZO,2007-04,0,2.2361090641120183,2.143351402072156
ZO,2007-05,0,2.353352984524694,2.1957835138570228
ZO,2007-06,0,2.176197494473109,2.1205056056058877
ZO,2007-07,0,2.1699336772291886,2.117627274360755
ZO,2007-08,0,2.0246131171702353,2.050657227495307
ZO,2007-09,0,2.302726602800303,2.1880234646649948
ZO,2007-10,0,2.2649963154016293,2.1716384160218816
ZO,2007-11,0,2.1250552689756894,2.109854189056759
ZO,2007-12,0,2.3182019159911653,2.200744364872551
ZO,2008-01,0,2.4848931466470243,2.2726497625456394
ZO,2008-02,0,3.223212969786305,2.569773131466161
ZO,2008-03,0,2.75246868091379,2.423724982217207
ZO,2008-04,0,2.800221075902736,2.441073915311368
ZO,2008-05,0,2.7569638909358973,2.425626140369922
ZO,2008-06,0,3.196020633750932,2.58487985575536
ZO,2008-07,0,2.6458364038319915,2.4127332106089456
ZO,2008-08,0,2.475534266764931,2.348367123264917
ZO,2008-09,0,2.1000736919675833,2.1966986208983528
ZO,2008-10,0,1.5384672070744345,1.9292763456509667
ZO,2008-11,0,1.3483419307295554,1.8056953713730532
ZO,2008-12,0,1.30486366985999,1.7734496480304287
ZO,2009-01,0,1.2737656595431144,1.7496172653569098
ZO,2009-02,0,1.156816507000741,1.657803554046525
ZO,2009-03,0,1.1509211495946985,1.652707363448997
ZO,2009-04,0,1.1574060427413455,1.6583418877158684
ZO,2009-05,0,1.4310243183493052,1.8947483565812702
ZO,2009-06,0,1.2336772291820237,1.7568421822159581
ZO,2009-07,0,1.085630066322775,1.6368374035289022
ZO,2009-08,0,1.1560058953574104,1.7016622745579548
ZO,2009-09,0,1.1971260132645585,1.7372331294059178
ZO,2009-10,0,1.3075902726602848,1.8295076754200759
ZO,2009-11,0,1.308695652173918,1.8303530315968117
ZO,2009-12,0,1.3551952837140802,1.8658843115112214
ZO,2010-01,0,1.1154753131908666,1.6889946975906125
ZO,2010-02,0,1.0857037582903506,1.6623051289838873
ZO,2010-03,0,0.9797347089167318,1.5647011107934303
ZO,2010-04,0,0.9908621960206376,1.576058764046533
ZO,2010-05,0,0.8854089904200478,1.4696330612352881
ZO,2010-06,0,1.157553426676497,1.776998853994339
ZO,2010-07,0,1.2399410464259444,1.8481727781094395
ZO,2010-08,0,1.2084745762711915,1.8227953859782142
ZO,2010-09,0,1.493367722918208,2.0585414680563896
ZO,2010-10,0,1.6069270449521067,2.134583905756858
ZO,2010-11,0,1.474060427413418,2.051900240710541
ZO,2010-12,0,1.6593220338983117,2.177581388538367
ZO,2011-01,0,1.6677966101694983,2.18268864083663
ZO,2011-02,0,1.57634487840826,2.1278547772806036
ZO,2011-03,0,1.5194546794399475,2.091764832911476
ZO,2011-04,0,1.427339719970529,2.0311411363209526
ZO,2011-05,0,1.5630066322770881,2.1261899256234464
ZO,2011-06,0,1.3721444362564537,2.0040777144023245
ZO,2011-07,0,1.3902726602800353,2.01728931483197
ZO,2011-08,0,1.4566691230655917,2.0650471861348425
ZO,2011-09,0,1.2826086956521794,1.94555510337064
ZO,2011-10,0,1.3080324244657389,1.965376993632059
ZO,2011-11,0,1.2284450994841616,1.904531923209524
ZO,2011-12,0,1.1881355932203443,1.8717184858969866
ZO,2012-01,0,1.1439941046425992,1.8345665910883282
ZO,2012-02,0,1.2404568901989739,1.9188876423637726
ZO,2012-03,0,1.3459837877671395,2.003958633868555
ZO,2012-04,0,1.3536477523949948,2.0096525840464907
ZO,2012-05,0,1.0999263080324293,1.822217231006042
ZO,2012-06,0,1.349373618275614,2.0490027060160916
ZO,2012-07,0,1.5179808400884371,2.1739549205319566
ZO,2012-08,0,1.6013264554163666,2.228860498472633
ZO,2012-09,0,1.4925571112748777,2.1609359701707467
ZO,2012-10,0,1.567059690493743,2.2108520361330255
ZO,2012-11,0,1.4894620486367052,2.1613340488299455
ZO,2012-12,0,1.3666175386882888,2.0788582918538916
ZO,2013-01,0,1.4157700810611704,2.114824859661926
ZO,2013-02,0,1.5156963890935953,2.185405746607585
ZO,2013-03,0,1.5920412675018492,2.2357752526363672
ZO,2013-04,0,1.6067059690493806,2.244986509810965
ZO,2013-05,0,1.53492999263081,2.200313758354743
ZO,2013-06,0,1.5521002210759096,2.2115000851107087
ZO,2013-07,0,1.4419307295504853,2.140519171617213
ZO,2013-08,0,1.5828297715549076,2.238234713090101
ZO,2013-09,0,1.4840825350036915,2.1758481960269234
ZO,2013-10,0,1.535151068533537,2.210259040656746
ZO,2013-11,0,1.6242446573323586,2.2682947549424606
ZO,2013-12,0,1.7357406042741423,2.3369395532728445
ZO,2014-01,0,1.9880619012527727,2.4823076436184337
ZO,2014-02,0,2.512232866617551,2.7459669215485993
ZO,2014-03,0,2.167354458364049,2.608687287627623
ZO,2014-04,0,2.2226234340457003,2.6341879506448613
ZO,2014-05,0,2.2873249815770196,2.6632983912801187
ZO,2014-06,0,2.0663964627855673,2.5667102280016625
ZO,2014-07,0,2.2661753868828414,2.6633900896328457
ZO,2014-08,0,2.363890935888,2.70650923635501
ZO,2014-09,0,2.317243920412687,2.6867760859092216
ZO,2014-10,0,2.32247605011055,2.6890339965468426
ZO,2014-11,0,2.1154016212232976,2.599872935498486
ZO,2014-12,0,2.0963890935888094,2.590885267415159
JO,2000-01,0,0.9330751808285234,0.9330751808285234
JO,2000-02,0,0.9999269379703368,1.0047218803821998
JO,2000-03,0,0.9907941842624388,0.9955884593680248
JO,2000-04,0,0.9671220866515671,0.9716964160083905
JO,2000-05,0,0.9865565865419741,0.9917916037397495
JO,2000-06,0,1.0390881858698033,1.0450390302375647
JO,2000-07,0,0.933659677065829,0.9435765073856455
JO,2000-08,0,0.8893840870899394,0.8961549564035655
JO,2000-09,0,0.8716300138817857,0.8761927449519923
JO,2000-10,0,0.830349967122087,0.8288331472990168
JO,2000-11,0,0.9203623876671296,0.9372361389400197
JO,2000-12,0,0.8882881566449919,0.9023865715827125
JO,2001-01,0,0.86322788047052,0.8741746946292663
JO,2001-02,0,0.8071162416891947,0.809172578674971
JO,2001-03,0,0.7908234090743046,0.7889861027086454
JO,2001-04,0,0.7624753415649893,0.7531398351550609
JO,2001-05,0,0.7995177906042237,0.801721667274647
JO,2001-06,0,0.7534156498867545,0.7440592346693287
JO,2001-07,0,0.7601373566157674,0.7529808793551315
JO,2001-08,0,0.7441367721195301,0.7319312830460196
JO,2001-09,0,0.748374369839995,0.7376259320396379
JO,2001-10,0,0.8721414480894288,0.9030071680056635
JO,2001-11,0,0.8874844743186975,0.9205995278950828
JO,2001-12,0,0.8310805874187194,0.8570447407048302
JO,2002-01,0,0.7877548038284511,0.804912872572962
JO,2002-02,0,0.8419668298385337,0.8737312736117302
JO,2002-03,0,0.8581866004237606,0.8929954180060377
JO,2002-04,0,0.8359757434061528,0.8671142669758998
JO,2002-05,0,0.8603053992839932,0.8962175705941484
JO,2002-06,0,0.8588441586907295,0.8945190567937238
JO,2002-07,0,0.9547746036384903,1.0062162069425966
JO,2002-08,0,0.9318331263242505,0.9821880465507999
JO,2002-09,0,0.8839774968948649,0.9308316093546262
JO,2002-10,0,0.891137575801857,0.9389314523168545
JO,2002-11,0,0.9185358369255511,0.969676717546009
JO,2002-12,0,0.8133995762402292,0.8552160112144788
JO,2003-01,0,0.7781106159129113,0.8118314787434467
JO,2003-02,0,0.7276978154453142,0.7470427463490805
JO,2003-03,0,0.7457441367721207,0.771841943136229
JO,2003-04,0,0.6918974209103541,0.6996365938661204
JO,2003-05,0,0.7014685467962313,0.7134697512050856
JO,2003-06,0,0.7135237816906567,0.7306554610269789
JO,2003-07,0,0.6646452838459865,0.6621524915410073
JO,2003-08,0,0.651713304595603,0.6426955277067763
JO,2003-09,0,0.6362241543070078,0.6189287115632784
JO,2003-10,0,0.574340615182291,0.5216618305343397
JO,2003-11,0,0.554102432965589,0.48642458336476846
JO,2003-12,0,0.4952874990867258,0.38028006859683605
JO,2004-01,0,0.47592606122598197,0.34118875719397423
JO,2004-02,0,0.45576094103894316,0.2988184777957551
JO,2004-03,0,0.4439248922335073,0.27284861566045526
JO,2004-04,0,0.43084678892379735,0.24338844449521502
JO,2004-05,0,0.39950317819829134,0.17063958914503696
JO,2004-06,0,0.4304084167458182,0.247998769832674
JO,2004-07,0,0.423175275809163,0.2311934736181095
JO,2004-08,0,0.5106305253159944,0.43785783825899327
JO,2004-09,0,0.5996931394754159,0.6122747791661329
JO,2004-10,0,0.5328413823336025,0.5007981709789985
JO,2004-11,0,0.49667567765032633,0.4329248678115778
JO,2004-12,0,0.5789435230510718,0.5985618198562968
JO,2005-01,0,0.5413896398041951,0.5336955906791134
JO,2005-02,0,0.5570249141521165,0.5625754827169003
JO,2005-03,0,0.626579966391468,0.6874443179739833
JO,2005-04,0,0.5946518594286565,0.6364881612575655
JO,2005-05,0,0.5857382918097481,0.6214986048009984
JO,2005-06,0,0.6016658142763223,0.6486908213408512
JO,2005-07,0,0.5922408124497717,0.6330259761678095
JO,2005-08,0,0.5354716154014776,0.537171053888017
JO,2005-09,0,0.5970629064075419,0.6521935671913325
JO,2005-10,0,0.6818879228464988,0.7942640517728302
JO,2005-11,0,0.685541024329658,0.799621385963337
JO,2005-12,0,0.685102652151679,0.7989819316310338
JO,2006-01,0,0.7002264922919582,0.8210572222357049
JO,2006-02,0,0.7488127420179757,0.8904436996981422
JO,2006-03,0,0.8329071381603007,1.0027473390775938
JO,2006-04,0,0.8163220574267579,0.9828350583758395
JO,2006-05,0,0.8469350478556321,1.0203361771442991
JO,2006-06,0,0.939285453349897,1.129376894880669
JO,2006-07,0,0.9544823555198391,1.1455561108109737
JO,2006-08,0,1.0125666691020707,1.2064103667815802
JO,2006-09,0,0.9490757653247637,1.1437074300617591
JO,2006-10,0,1.102286841528461,1.305139300731505
JO,2006-11,0,1.1293197925038392,1.3296637257331618
JO,2006-12,0,1.1118579674143383,1.3142014756199447
JO,2007-01,0,1.049024621904,1.2576894503866685
JO,2007-02,0,1.1689924746109486,1.3720507820484595
JO,2007-03,0,1.1033827719734093,1.3159257820484598
JO,2007-04,0,0.9602542558632312,1.1862078638919242
JO,2007-05,0,0.9151749835610467,1.139262721991293
JO,2007-06,0,0.8098195367867349,1.0241421727337485
JO,2007-07,0,0.8426243881055047,1.0646510143071877
JO,2007-08,0,0.735734638708266,0.937797637041949
JO,2007-09,0,0.8008329071381634,1.0262782725930908
JO,2007-10,0,0.872433696208084,1.1156861733320744
JO,2007-11,0,0.8638854387374916,1.105887998974818
JO,2007-12,0,0.9012931979250419,1.1491897581087829
JO,2008-01,0,0.8570906699788156,1.1001463080439322
JO,2008-02,0,0.7995908526338894,1.0330591032020602
JO,2008-03,0,0.6752392781471497,0.877540097354107
JO,2008-04,0,0.7460363848907752,0.9823875329741025
JO,2008-05,0,0.674216409731865,0.8861188031729078
JO,2008-06,0,0.7434061518229005,0.9887412565755951
JO,2008-07,0,0.646087528311539,0.8578321656665043
JO,2008-08,0,0.6680061372104943,0.8917573041941531
JO,2008-09,0,0.5313070797106764,0.6871198766539584
JO,2008-10,0,0.45598012712793334,0.5453431989861917
JO,2008-11,0,0.42222546942354217,0.47131660068463743
JO,2008-12,0,0.3810915467231694,0.37389490142871085
JO,2009-01,0,0.4068824431942735,0.44157128179680893
JO,2009-02,0,0.3889091838971302,0.3973981807014597
JO,2009-03,0,0.4260977569956911,0.49302094981662037
JO,2009-04,0,0.44597062906407725,0.5396601816410374
JO,2009-05,0,0.5043471907649616,0.6705579535938553
JO,2009-06,0,0.40987798641046425,0.48324808831788835
JO,2009-07,0,0.4745378826623824,0.6410020990130755
JO,2009-08,0,0.4735150142470978,0.6388465947790493
JO,2009-09,0,0.45919485643311375,0.6086043482121616
JO,2009-10,0,0.5606049536056137,0.8294476258573484
JO,2009-11,0,0.5775553444874724,0.8596835179464921
JO,2009-12,0,0.6090450792723048,0.9142059720894395
JO,2010-01,0,0.6423613647987169,0.968908467290975
JO,2010-02,0,0.6594578797399021,0.9955235719315574
JO,2010-03,0,0.6213195002557199,0.9376906448320671
JO,2010-04,0,0.6205888799590881,0.9365147276166391
JO,2010-05,0,0.6438226053919808,0.9739529192813436
JO,2010-06,0,0.6666910206765575,1.0094726650825239
JO,2010-07,0,0.6588733835025968,0.9977466376852637
JO,2010-08,0,0.6192007013954878,0.937533730166967
JO,2010-09,0,0.692189669029009,1.0554098363616573
JO,2010-10,0,0.6947468400672205,1.0591041576620583
JO,2010-11,0,0.6573390808796701,1.0052604306665804
JO,2010-12,0,0.7431869657339117,1.1358595192516643
JO,2011-01,0,0.765909256959162,1.1664336443008185
JO,2011-02,0,0.8068239935705454,1.2198534668706937
JO,2011-03,0,0.7521005333528202,1.1520276948884427
JO,2011-04,0,0.7862935632351906,1.197491071612748
JO,2011-05,0,0.8505881493387929,1.2792602594960412
JO,2011-06,0,0.9010009498063901,1.3385284264776591
JO,2011-07,0,0.961934682545486,1.4061573593352654
JO,2011-08,0,0.7885584861547495,1.2259203853112643
JO,2011-09,0,0.7448673924161653,1.1705141034619175
JO,2011-10,0,0.874333308979328,1.3443247949773662
JO,2011-11,0,0.9091838971286671,1.3841844089156967
JO,2011-12,0,0.8860232337254376,1.3587102848398367
JO,2012-01,0,1.1010447870241893,1.6013919043665124
JO,2012-02,0,0.9847300358003998,1.4957515593101092
JO,2012-03,0,0.8720683860597693,1.3813428933359289
JO,2012-04,0,0.7602104186454339,1.2530754670624704
JO,2012-05,0,0.6004968218017128,1.0429841648039408
JO,2012-06,0,0.6953313363045263,1.2009109198836343
JO,2012-07,0,0.6276758968364174,1.103611350691662
JO,2012-08,0,0.8011982172864806,1.3800634517276298
JO,2012-09,0,0.762110031416677,1.3312762914139333
JO,2012-10,0,0.7147658361949335,1.2691537720006458
JO,2012-11,0,0.8271352378169112,1.4263652613188509
JO,2012-12,0,0.77869511215022,1.367801530199692
JO,2013-01,0,0.7942573244684782,1.3877865180022815
JO,2013-02,0,0.844450938847086,1.4509821761754025
JO,2013-03,0,0.8929641265434404,1.5084315618822721
JO,2013-04,0,0.9305910718199805,1.5505686916482682
JO,2013-05,0,1.0031416672755227,1.6285305350964896
JO,2013-06,0,0.8508803974574463,1.4767461214038458
JO,2013-07,0,0.9514137502739881,1.5948982766502824
JO,2013-08,0,0.9047271133192132,1.545827473394254
JO,2013-09,0,0.8649083071527777,1.5018155215247555
JO,2013-10,0,0.8059472492145878,1.433645222487756
JO,2013-11,0,0.9198509534594923,1.574974204447687
JO,2013-12,0,0.9119602542558685,1.5663959677518968
JO,2014-01,0,0.9338788631548238,1.5904305775900638
JO,2014-02,0,0.9581354570030011,1.6164046035640895
JO,2014-03,0,1.011982172864768,1.672604085034274
JO,2014-04,0,1.041280046759705,1.701555063302991
JO,2014-05,0,1.0335354716154075,1.6941175106787978
JO,2014-06,0,0.9289106451377274,1.5928874809884261
JO,2014-07,0,0.8906261415942187,1.5516730716758573
JO,2014-08,0,0.9392123913202365,1.6062259838989912
JO,2014-09,0,0.9060422298531507,1.5709089866216672
JO,2014-10,0,0.8647621830934515,1.525348144754076
JO,2014-11,0,0.9270840943961478,1.5974164110602602
JO,2014-12,0,0.8765251698692241,1.542880986676936
ZA,2000-01,0,1.07902791380999,1.07902791380999
ZA,2000-02,0,1.5942397159647401,1.5565056468331928
ZA,2000-03,0,1.3371388344760036,1.3952370001459198
ZA,2000-04,0,1.3935020812928498,1.437389127781143
ZA,2000-05,0,1.313923237022527,1.3802820410113175
ZA,2000-06,0,1.4606849902056804,1.4919793982448568
ZA,2000-07,0,1.8461679725759055,1.7558850212607713
ZA,2000-08,0,1.6230105288932417,1.6350089975199311
ZA,2000-09,0,1.6142109451518118,1.6295872312499178
ZA,2000-10,0,1.7659463761018608,1.723586984755355
ZA,2000-11,0,1.8494888589618017,1.7708944704131881
ZA,2000-12,0,2.1579946131243872,1.9377004247544123
ZA,2001-01,0,2.384886141038198,2.042840412840533
ZA,2001-02,0,1.907826273261508,1.8428057614718036
ZA,2001-03,0,1.6857706904995102,1.726413831098403
ZA,2001-04,0,1.5588883447600395,1.6511471614056976
ZA,2001-05,0,1.4537983594515187,1.5837337474419813
ZA,2001-06,0,1.3532076395690507,1.5145420887580228
ZA,2001-07,0,1.0409218903036244,1.2837676383825591
ZA,2001-08,0,1.0194202987267391,1.263111341519964
ZA,2001-09,0,0.7998592066601377,1.0477329619243896
ZA,2001-10,0,0.708894466209599,0.9340070215424972
ZA,2001-11,0,0.7844025465230171,1.0405222842686315
ZA,2001-12,0,1.0007498775710093,1.3163338965676794
ZA,2002-01,0,0.8242837904015675,1.1400000382036344
ZA,2002-02,0,0.8321957639569054,1.1495986420430757
ZA,2002-03,0,0.8728115817825667,1.1984042471479877
ZA,2002-04,0,0.7978544319294815,1.1125241426470849
ZA,2002-05,0,0.7811581782566117,1.0915977016765277
ZA,2002-06,0,0.715291380999021,1.0072782909720372
ZA,2002-07,0,0.7167605288932424,1.009332206248032
ZA,2002-08,0,0.7309622918707154,1.0291460246782993
ZA,2002-09,0,0.7135161606268369,1.0052786768849822
ZA,2002-10,0,0.69449375612145,0.9786185876605484
ZA,2002-11,0,0.5971014936336929,0.8383836875922379
ZA,2002-12,0,0.5342495102840358,0.7331218786371672
ZA,2003-01,0,0.5813846718903041,0.8213487477291176
ZA,2003-02,0,0.5437224534769838,0.7565685424119291
ZA,2003-03,0,0.4083312928501472,0.5075606896719138
ZA,2003-04,0,0.3491368756121452,0.362594045492317
ZA,2003-05,0,0.4133814887365331,0.5466038640247971
ZA,2003-06,0,0.40632651811949094,0.5295373750569309
ZA,2003-07,0,0.40778036238981413,0.5331153947172071
ZA,2003-08,0,0.4573334965719885,0.6546345720796631
ZA,2003-09,0,0.48256917238001984,0.7098146015268589
ZA,2003-10,0,0.4668676542605291,0.6772772596944928
ZA,2003-11,0,0.4247979921645447,0.58716679324417
ZA,2003-12,0,0.4398261508325173,0.6225439818024233
ZA,2004-01,0,0.5156709108716946,0.7949865705289368
ZA,2004-02,0,0.5123959353574928,0.7886356683447013
ZA,2004-03,0,0.6385896180215477,1.03491725247946
ZA,2004-04,0,0.5688816111655243,0.9257579349947977
ZA,2004-05,0,0.5668768364348681,0.9222338718306734
ZA,2004-06,0,0.4696529138099904,0.7507258539050754
ZA,2004-07,0,0.4745653770812931,0.7611856277654163
ZA,2004-08,0,0.4686734818805095,0.7487702778782831
ZA,2004-09,0,0.4865328109696378,0.7868764003272626
ZA,2004-10,0,0.45935357492654283,0.7310132901108559
ZA,2004-11,0,0.4567519588638591,0.7253496440554188
ZA,2004-12,0,0.3970525220372186,0.594645362074584
ZA,2005-01,0,0.40808643486777696,0.6224349169021037
ZA,2005-02,0,0.39212475514201794,0.5833214390651579
ZA,2005-03,0,0.4317917482859944,0.6844805539229026
ZA,2005-04,0,0.41980901077375155,0.656729357750654
ZA,2005-05,0,0.38840597453477016,0.5819262081443549
ZA,2005-06,0,0.38251407933398657,0.5667567834004621
ZA,2005-07,0,0.4091117776689523,0.6362906901818182
ZA,2005-08,0,0.38275893731635685,0.571875921917875
ZA,2005-09,0,0.41437622428991217,0.6544795763099424
ZA,2005-10,0,0.4711067580803137,0.791385437372837
ZA,2005-11,0,0.5330864348677771,0.9229472876846873
ZA,2005-12,0,0.5361624632713031,0.9287175121779986
ZA,2006-01,0,0.6088393731635656,1.064267676299591
ZA,2006-02,0,0.5933061949069546,1.0387549073472486
ZA,2006-03,0,0.6801389569049958,1.1851089531054575
ZA,2006-04,0,0.7614165034280126,1.304610336900431
ZA,2006-05,0,0.703369857982371,1.2283752603236733
ZA,2006-06,0,0.6443131733594522,1.1444127703865525
ZA,2006-07,0,0.6316570763956911,1.1247699980716983
ZA,2006-08,0,0.683016038197846,1.2060782960729097
ZA,2006-09,0,0.6197508570029391,1.1134520945537865
ZA,2006-10,0,0.6321008814887373,1.1333794965835664
ZA,2006-11,0,0.6441295298726746,1.1524091305173254
ZA,2006-12,0,0.6521180215475032,1.1648111262407752
ZA,2007-01,0,0.6560663565132231,1.170865758738663
ZA,2007-02,0,0.6764813907933407,1.2019830902058897
ZA,2007-03,0,0.6777056807051918,1.2037928811750325
ZA,2007-04,0,0.7094760039177287,1.2506721152098985
ZA,2007-05,0,0.6981666258570038,1.234731649291003
ZA,2007-06,0,0.6892905239960833,1.2220182059206253
ZA,2007-07,0,0.6862910137120479,1.217666615147774
ZA,2007-08,0,0.6226279382957893,1.1249026503802413
ZA,2007-09,0,0.6488124387855053,1.1669574617357776
ZA,2007-10,0,0.6899179725759069,1.2303124952295035
ZA,2007-11,0,0.6424155239960831,1.1614601816675496
ZA,2007-12,0,0.6875918217433898,1.231782731574644
ZA,2008-01,0,0.717219637610187,1.2748719815190017
ZA,2008-02,0,1.0403097453476997,1.7253478062106757
ZA,2008-03,0,0.8121939275220383,1.5060709813555757
ZA,2008-04,0,0.7626714005876603,1.4450972098753225
ZA,2008-05,0,0.7852901567091097,1.4747544857401589
ZA,2008-06,0,0.8313540646425084,1.5334129415222066
ZA,2008-07,0,0.6860155484818814,1.3585914998021567
ZA,2008-08,0,0.5440132223310489,1.1515957160111379
ZA,2008-09,0,0.35942091087169503,0.8122798613920315
ZA,2008-10,0,0.35383508814887427,0.7967386879269884
ZA,2008-11,0,0.34176052889324254,0.7626138663362269
ZA,2008-12,0,0.33199681684622984,0.7340449965529563
ZA,2009-01,0,0.3400924338883454,0.7584296190292169
ZA,2009-02,0,0.3428929970617049,0.7666643308143045
ZA,2009-03,0,0.38335577864838466,0.8846684368573287
ZA,2009-04,0,0.3823151322233112,0.8819538659990452
ZA,2009-05,0,0.41463638589618107,0.9664947354250321
ZA,2009-06,0,0.43820396669931533,1.023333888004939
ZA,2009-07,0,0.4620470127326161,1.07774472826477
ZA,2009-08,0,0.5101769098922636,1.1819113949314366
ZA,2009-09,0,0.5200783545543596,1.2013192600662717
ZA,2009-10,0,0.5618878550440757,1.281710032194332
ZA,2009-11,0,0.6341974779627829,1.410400521354371
ZA,2009-12,0,0.7080680705191003,1.5268793708029844
ZA,2010-01,0,0.7146486287953,1.5361730511003824
ZA,2010-02,0,0.7487297992164557,1.5838624596403623
ZA,2010-03,0,0.8284769833496585,1.690372423871328
ZA,2010-04,0,0.9593229676787478,1.8483079935476985
ZA,2010-05,0,0.7970892507345753,1.6791952730040367
ZA,2010-06,0,0.7643241919686594,1.638089388392344
ZA,2010-07,0,0.8599565377081306,1.7632095229430407
ZA,2010-08,0,0.8598035014691495,1.76303156483438
ZA,2010-09,0,0.9786973555337922,1.9013118275473
ZA,2010-10,0,1.1052277179236065,2.0305962908948105
ZA,2010-11,0,1.2016099412340864,2.1178020510720468
ZA,2010-12,0,1.3730411361410406,2.2604699743507854
ZA,2011-01,0,1.4017660381978476,2.2813906163481104
ZA,2011-02,0,1.3639354799216479,2.2544028329054213
ZA,2011-03,0,1.3098677766895226,2.2147618791887314
ZA,2011-04,0,1.3512334720861925,2.246341933399405
ZA,2011-05,0,1.3291350391772796,2.229987666453372
ZA,2011-06,0,1.2945029382957907,2.203931547352844
ZA,2011-07,0,1.4086067580803159,2.292076437881051
ZA,2011-08,0,1.3418982615083275,2.244718652474072
ZA,2011-09,0,1.0432939520078373,2.0221948456656094
ZA,2011-10,0,1.105426665034282,2.0817492146973375
ZA,2011-11,0,1.0362695886385913,2.0191877815573602
ZA,2011-12,0,1.1099259304603348,2.0902661405377776
ZA,2012-01,0,1.1610247306562214,2.136304167755228
ZA,2012-02,0,1.1952895445641547,2.1658167293770347
ZA,2012-03,0,1.103666748285996,2.0891635061518894
ZA,2012-04,0,1.1513375367286995,2.1323566063487887
ZA,2012-05,0,1.032458986287955,2.0291040443081947
ZA,2012-06,0,0.9831047992164563,1.9813014800155986
ZA,2012-07,0,0.99318988736533,1.9915598859931827
ZA,2012-08,0,1.055567458374145,2.0543651680468353
ZA,2012-09,0,1.0746816846229208,2.07247317819544
ZA,2012-10,0,1.0226952742409423,2.0240994028479804
ZA,2012-11,0,1.1515211802154774,2.1500664520945425
ZA,2012-12,0,1.1768792850146939,2.172087848865092
ZA,2013-01,0,1.247735063663078,2.2322943454451547
ZA,2013-02,0,1.2259120959843315,2.214804280194701
ZA,2013-03,0,1.2821529138099925,2.2606809935495056
ZA,2013-04,0,1.1645751714005899,2.168977624050455
ZA,2013-05,0,1.254346229187074,2.246062435740644
ZA,2013-06,0,1.0996418952007856,2.122727801022963
ZA,2013-07,0,1.208909769833499,2.222094581344444
ZA,2013-08,0,1.201778281096966,2.2161954738059917
ZA,2013-09,0,1.2072569784524998,2.220754299208073
ZA,2013-10,0,1.2232798726738516,2.234026447977832
ZA,2013-11,0,1.1908821008814912,2.2075420983894216
ZA,2013-12,0,1.188647771792363,2.2056659016714812
ZA,2014-01,0,1.1636569539667017,2.1846413236436457
ZA,2014-02,0,1.2282688540646451,2.240166192788021
ZA,2014-03,0,1.2821376101860948,2.2840236560324767
ZA,2014-04,0,1.340536238981394,2.3295715194843742
ZA,2014-05,0,1.37881060235064,2.3581230515178007
ZA,2014-06,0,1.3900128550440776,2.3662476283627565
ZA,2014-07,0,1.4403923849167517,2.402491559265882
ZA,2014-08,0,1.497949314397653,2.44245076071933
ZA,2014-09,0,1.2766130019588668,2.2946912135094246
ZA,2014-10,0,1.3040370959843322,2.3161731300991706
ZA,2014-11,0,1.3370776199804146,2.3415102344636303
ZA,2014-12,0,1.312591821743392,2.3231973124080048
ZP,2000-01,0,1.0776502363268061,1.0776502363268061
ZP,2000-02,0,1.1172631105109159,1.1144087994011587
ZP,2000-03,0,1.1784830069772674,1.1692033199491039
ZP,2000-04,0,1.204591492234976,1.191357636221067
ZP,2000-05,0,1.302723385100157,1.2728225091657603
ZP,2000-06,0,1.3441368444744537,1.30461241932471
ZP,2000-07,0,1.4361917623227543,1.3730986885812404
ZP,2000-08,0,1.4537474679270757,1.3853224779559465
ZP,2000-09,0,1.4226873733963534,1.3639569414951942
ZP,2000-10,0,1.451046590141796,1.38389049631247
ZP,2000-11,0,1.5208192662615347,1.4319748766444071
ZP,2000-12,0,1.5464776052216969,1.4488462692742725
ZP,2001-01,0,1.528471753319829,1.4372031314486287
ZP,2001-02,0,1.5512041413459376,1.4520757569824232
ZP,2001-03,0,1.3841998649561111,1.3444147006852671
ZP,2001-04,0,1.5221697051541754,1.4440894974332346
ZP,2001-05,0,1.5431015079900974,1.4578407912377593
ZP,2001-06,0,1.4355165428764352,1.388120837912205
ZP,2001-07,0,1.2302498311951389,1.2451293045161562
ZP,2001-08,0,1.1487733513391856,1.1789017157858233
ZP,2001-09,0,1.11883862255233,1.1528437220554157
ZP,2001-10,0,1.087553454872834,1.1248815414076587
ZP,2001-11,0,1.1847850551429218,1.2142855149175924
ZP,2001-12,0,1.3036236776952514,1.3145894662853737
ZP,2002-01,0,1.204591492234977,1.2386226154566444
ZP,2002-02,0,1.3112761647535456,1.327187637878169
ZP,2002-03,0,1.4087328381724067,1.4015096426842106
ZP,2002-04,0,1.4463200540175563,1.428191221211132
ZP,2002-05,0,1.482781904118839,1.4534013052447452
ZP,2002-06,0,1.4577987846049973,1.4365524892156016
ZP,2002-07,0,1.4393427864055826,1.4238923070324923
ZP,2002-08,0,1.5525545802385783,1.5025475064070033
ZP,2002-09,0,1.5435516542876444,1.4967487241512771
ZP,2002-10,0,1.5860904794058082,1.5243077792693875
ZP,2002-11,0,1.6139995498537036,1.5419039194708917
ZP,2002-12,0,1.668692325005628,1.575790406711165
ZP,2003-01,0,1.8496511366194026,1.6842338920092494
ZP,2003-02,0,1.8879135719108724,1.7049201903786826
ZP,2003-03,0,1.8071123115012395,1.662120953373437
ZP,2003-04,0,1.712581589016432,1.609810578482417
ZP,2003-05,0,1.8197164078325474,1.672368076182509
ZP,2003-06,0,1.9126716182759416,1.7234503272647599
ZP,2003-07,0,2.003376097231602,1.7708732503054754
ZP,2003-08,0,2.070447895566061,1.8043526346443137
ZP,2003-09,0,2.071798334458701,1.805004879453532
ZP,2003-10,0,2.2095431015079923,1.871490485102636
ZP,2003-11,0,2.274589241503491,1.900929213838502
ZP,2003-12,0,2.4073823992797685,1.9593103735456068
ZP,2004-01,0,2.4821066846725213,1.9903500145328916
ZP,2004-02,0,2.6529372045914954,2.0591748241085175
ZP,2004-03,0,2.7161827593968066,2.0830146476429197
ZP,2004-04,0,2.396353814989874,1.9652652276893234
ZP,2004-05,0,2.501913121764576,2.009315194816214
ZP,2004-06,0,2.37992347512942,1.9605566485765593
ZP,2004-07,0,2.489309025433269,2.0065184416539186
ZP,2004-08,0,2.6421336934503747,2.06791084671721
ZP,2004-09,0,2.6437092054917875,2.0685071496390943
ZP,2004-10,0,2.556155750618954,2.035389492564345
ZP,2004-11,0,2.6767949583614703,2.082585054772675
ZP,2004-12,0,2.6448345712356542,2.0706452582537143
ZP,2005-01,0,2.688048615800138,2.0869842932294613
ZP,2005-02,0,2.6644159351789365,2.0781925323653567
ZP,2005-03,0,2.674544226873737,2.081993850155524
ZP,2005-04,0,2.6776952509565644,2.0831720038204233
ZP,2005-05,0,2.6551879360792294,2.07476652344722
ZP,2005-06,0,2.732162952959716,2.10375694474077
ZP,2005-07,0,2.778302948458253,2.1206446620156685
ZP,2005-08,0,2.7679495836146786,2.116918155210743
ZP,2005-09,0,2.8980418636056755,2.163917667326534
ZP,2005-10,0,2.9225748368219713,2.172383029240172
ZP,2005-11,0,3.037812288993927,2.2118131409074806
ZP,2005-12,0,3.014629754670272,2.204181815427744
ZP,2006-01,0,3.341886112986725,2.3127378853097813
ZP,2006-02,0,3.2478055367994645,2.2845859456546087
ZP,2006-03,0,3.268512266486613,2.290961552030215
ZP,2006-04,0,3.552329507089809,2.3777953214834584
ZP,2006-05,0,3.8073373846500163,2.4495814204507016
ZP,2006-06,0,3.747693000225078,2.433915778454958
ZP,2006-07,0,3.747467927076305,2.433855722001892
ZP,2006-08,0,3.776502363268068,2.44160346974964
ZP,2006-09,0,3.444294395678601,2.353636368015329
ZP,2006-10,0,3.253657438667572,2.2982877435626072
ZP,2006-11,0,3.5237452171955943,2.3812982582277984
ZP,2006-12,0,3.3965788881386505,2.345209857614615
ZP,2007-01,0,3.5093405356741,2.378408452803801
ZP,2007-02,0,3.729237002025665,2.4410687914389984
ZP,2007-03,0,3.7013279315777696,2.4335849360463975
ZP,2007-04,0,3.829844699527353,2.468306735985589
ZP,2007-05,0,3.79270762997975,2.4586099799912304
ZP,2007-06,0,3.770200315102415,2.4526756140782284
ZP,2007-07,0,3.8172406031960455,2.465152481130942
ZP,2007-08,0,3.7265361242403854,2.4413906886781116
ZP,2007-09,0,4.0729237002025735,2.5343423103487037
ZP,2007-10,0,4.216970515417518,2.56970924226736
ZP,2007-11,0,4.206842223722718,2.5673074489283336
ZP,2007-12,0,4.449246004951618,2.6249287639997583
ZP,2008-01,0,5.067747017780788,2.7639413095278846
ZP,2008-02,0,6.360792257483694,3.0190932015158043
ZP,2008-03,0,5.944181859104221,2.953596580730977
ZP,2008-04,0,5.629304523970301,2.900624221776036
ZP,2008-05,0,5.857978843124026,2.9412463480404796
ZP,2008-06,0,6.008327706504625,2.9669120029373173
ZP,2008-07,0,5.109160477155085,2.8172585097738034
ZP,2008-08,0,4.320054017555714,2.662809170566755
ZP,2008-09,0,2.9579113211793895,2.347502303837569
ZP,2008-10,0,2.391627278865636,2.1560550355374626
ZP,2008-11,0,2.5374746792707685,2.217037531302567
ZP,2008-12,0,2.6925500787756076,2.2781515990691092
ZP,2009-01,0,2.835021381949139,2.3310647479448097
ZP,2009-02,0,3.1037587215845215,2.4258567454043205
ZP,2009-03,0,3.2142696376322366,2.4614622566443494
ZP,2009-04,0,3.151249155975698,2.4418557865092048
ZP,2009-05,0,3.4058068872383593,2.5226357307988985
ZP,2009-06,0,3.355615575061902,2.507898749567072
ZP,2009-07,0,3.4373171280666286,2.5322464590043245
ZP,2009-08,0,3.5217195588566357,2.5568011997062627
ZP,2009-09,0,3.6727436416835544,2.5996848195694953
ZP,2009-10,0,3.738690074274146,2.61764045138712
ZP,2009-11,0,4.116137744767057,2.718597648425227
ZP,2009-12,0,4.1316677920324185,2.7223706143044923
ZP,2010-01,0,4.2300247580463735,2.7461762470331514
ZP,2010-02,0,4.325230699977501,2.768683430176708
ZP,2010-03,0,4.608372721134377,2.834146301592642
ZP,2010-04,0,4.88318703578664,2.8937800012263413
ZP,2010-05,0,4.3355840648210755,2.781639514500678
ZP,2010-06,0,4.2775151924375505,2.7682459620945106
ZP,2010-07,0,4.387350889038946,2.7939234153962733
ZP,2010-08,0,4.239027683997308,2.7601164077525038
ZP,2010-09,0,4.603196038712591,2.8460248711697282
ZP,2010-10,0,4.737789781679056,2.8752640653805632
ZP,2010-11,0,4.624803060994834,2.8514160843829384
ZP,2010-12,0,4.920324105334244,2.915315247318504
ZP,2011-01,0,4.98311951384201,2.928077701003148
ZP,2011-02,0,5.006076975016891,2.9326847470736084
ZP,2011-03,0,4.9234751294170715,2.9161844323537096
ZP,2011-04,0,5.1505739365293834,2.9623101466394237
ZP,2011-05,0,5.063695701102871,2.9454424661639824
ZP,2011-06,0,4.7564708530272455,2.884770406425339
ZP,2011-07,0,4.919648885887925,2.919076941228727
ZP,2011-08,0,5.115012379023194,2.958787802240713
ZP,2011-09,0,4.187711006076984,2.7774976499921875
ZP,2011-10,0,4.418636056718444,2.8326411520882857
ZP,2011-11,0,4.2898942156200865,2.803505047768807
ZP,2011-12,0,3.842673869007437,2.699255310098293
ZP,2012-01,0,4.343686698176919,2.8296366139113314
ZP,2012-02,0,4.629529597119076,2.895443132383791
ZP,2012-03,0,4.484132343011491,2.8640366468959204
ZP,2012-04,0,4.287193337834808,2.8201175584052316
ZP,2012-05,0,3.86630654962864,2.7219445218659626
ZP,2012-06,0,3.9475579563358205,2.7429597739325593
ZP,2012-07,0,3.8510015755120524,2.718499998574785
ZP,2012-08,0,4.178257933828506,2.8034795427010275
ZP,2012-09,0,4.5259959486833345,2.8867051406325075
ZP,2012-10,0,4.275714607247368,2.8314065181251724
ZP,2012-11,0,4.350663965788893,2.8489356016646785
ZP,2012-12,0,4.171055593067759,2.807652621840571
ZP,2013-01,0,4.530722484807576,2.893881846964681
ZP,2013-02,0,4.282241728561796,2.8390383298260815
ZP,2013-03,0,4.247130317353154,2.830839023613531
ZP,2013-04,0,4.065271213144285,2.7880197337354176
ZP,2013-05,0,3.9428314202115815,2.757901252947022
ZP,2013-06,0,3.603196038712594,2.6717612826307757
ZP,2013-07,0,3.8437992347513075,2.738536221727534
ZP,2013-08,0,4.106684672518583,2.806928305109663
ZP,2013-09,0,3.7900067521944765,2.729815513264875
ZP,2013-10,0,3.886563133018244,2.7552920855078824
ZP,2013-11,0,3.672968714832334,2.7003349393415634
ZP,2013-12,0,3.6824217870808136,2.702908626454744
ZP,2014-01,0,3.687373396353827,2.7042532875390295
ZP,2014-02,0,3.878010353364856,2.75595322039626
ZP,2014-03,0,3.80576187260861,2.737322924400903
ZP,2014-04,0,3.8246680171055716,2.7422906930448203
ZP,2014-05,0,3.891064595993711,2.759650782493417
ZP,2014-06,0,3.969615124915611,2.7798381957280305
ZP,2014-07,0,3.922124690524434,2.767874709874427
ZP,2014-08,0,3.8136394328156786,2.7402148912126574
ZP,2014-09,0,3.4760297096556507,2.6516879790313546
ZP,2014-10,0,3.301598019356303,2.6015066788500545
ZP,2014-11,0,3.237677245104671,2.5821461225749163
ZP,2014-12,0,3.229124465451284,2.5795044819770716
ZB,2000-01,0,1.108816120906801,1.108816120906801
ZB,2000-02,0,1.3098236775818641,1.290097356708709
ZB,2000-03,0,1.2811083123425695,1.2681742797856324
ZB,2000-04,0,1.2556675062972293,1.2483158448662457
ZB,2000-05,0,1.5327455919395467,1.4689778308241193
ZB,2000-06,0,1.644080604534005,1.5416154643491808
ZB,2000-07,0,1.479596977329975,1.441569501425939
ZB,2000-08,0,1.7662468513853908,1.6353046052734026
ZB,2000-09,0,1.641561712846348,1.5647113365911436
ZB,2000-10,0,1.7322418136020155,1.619951477760393
ZB,2000-11,0,1.7372795969773303,1.6228597226346113
ZB,2000-12,0,1.5717884130982371,1.527600914457143
ZB,2001-01,0,1.6397984886649875,1.5708701452263736
ZB,2001-02,0,1.6332493702770785,1.5668762896196151
ZB,2001-03,0,1.7254408060453406,1.623322927497468
ZB,2001-04,0,2.063727959697734,1.819381321658052
ZB,2001-05,0,1.9748110831234265,1.7762957608134289
ZB,2001-06,0,1.5881612090680104,1.580504944486898
ZB,2001-07,0,1.5634760705289676,1.564961724819967
ZB,2001-08,0,1.7413098236775821,1.6787042735552657
ZB,2001-09,0,1.4957178841309828,1.5376656506708453
ZB,2001-10,0,1.3015113350125949,1.4078239531295855
ZB,2001-11,0,1.2380352644836277,1.3590529061003616
ZB,2001-12,0,1.2823677581863984,1.394861654828744
ZB,2002-01,0,1.255415617128464,1.3738441729980626
ZB,2002-02,0,1.32015113350126,1.4254091810237446
ZB,2002-03,0,1.592695214105794,1.6318583319491404
ZB,2002-04,0,1.564231738035265,1.6139870683084636
ZB,2002-05,0,1.434005037783376,1.5307342502730368
ZB,2002-06,0,1.493954659949623,1.5725399766036183
ZB,2002-07,0,1.5206549118387915,1.5904121735349956
ZB,2002-08,0,1.5627204030226707,1.6180749199322129
ZB,2002-09,0,1.6080604534005045,1.6470884595840505
ZB,2002-10,0,1.552644836272041,1.612627306701845
ZB,2002-11,0,1.544080604534006,1.6071114079348106
ZB,2002-12,0,1.8584382871536538,1.8107003149494925
ZB,2003-01,0,2.0521410579345103,1.9149291032390017
ZB,2003-02,0,2.2355163727959715,2.0042871491454703
ZB,2003-03,0,1.953652392947105,1.878202642103217
ZB,2003-04,0,1.6546599496221677,1.7251598365333356
ZB,2003-05,0,1.8037783375314875,1.8152800983692314
ZB,2003-06,0,1.8803526448362737,1.8577322698536611
ZB,2003-07,0,1.9846347607052914,1.9131910776232526
ZB,2003-08,0,2.1816120906801024,2.012442251630106
ZB,2003-09,0,2.024181360201513,1.9402796837972924
ZB,2003-10,0,2.0473551637279614,1.9517281656290493
ZB,2003-11,0,2.1392947103274578,1.9966346616920414
ZB,2003-12,0,2.3574307304785913,2.0986009869010367
ZB,2004-01,0,2.447103274559196,2.1366392388510316
ZB,2004-02,0,2.685642317380355,2.234117365459369
ZB,2004-03,0,2.707304785894209,2.2421833943470073
ZB,2004-04,0,2.9534005037783397,2.333084027022854
ZB,2004-05,0,3.17884130982368,2.4094166496241334
ZB,2004-06,0,2.9226700251889195,2.3288302787841966
ZB,2004-07,0,3.3518891687657457,2.4756888498434053
ZB,2004-08,0,2.956171284634763,2.357630684967776
ZB,2004-09,0,3.4458438287153688,2.5232748567469176
ZB,2004-10,0,3.466246851385394,2.5291959093784966
ZB,2004-11,0,3.3254408060453438,2.488573861562204
ZB,2004-12,0,2.8453400503778363,2.344201796723543
ZB,2005-01,0,3.3158690176322443,2.509570068678217
ZB,2005-02,0,3.257430730478592,2.491946246131879
ZB,2005-03,0,3.7294710327455953,2.636858092714001
ZB,2005-04,0,3.3032745591939574,2.5225800973067334
ZB,2005-05,0,3.216624685138542,2.496348588995006
ZB,2005-06,0,3.414357682619651,2.557820789464857
ZB,2005-07,0,3.850629722921918,2.6855965179783206
ZB,2005-08,0,5.203022670025193,3.0368099673143574
ZB,2005-09,0,4.9675062972292245,2.991544669095922
ZB,2005-10,0,3.7866498740554198,2.753828528940758
ZB,2005-11,0,3.443576826196477,2.663227850433474
ZB,2005-12,0,3.844080604534009,2.779532436784143
ZB,2006-01,0,3.921158690176326,2.7995835474584108
ZB,2006-02,0,3.1254408060453436,2.596654273995316
ZB,2006-03,0,3.683627204030231,2.775248729185516
ZB,2006-04,0,4.1188916876574355,2.8934106547872664
ZB,2006-05,0,4.171536523929476,2.906191965941865
ZB,2006-06,0,4.425440806045345,2.967057855682823
ZB,2006-07,0,4.411083123425699,2.963813504837584
ZB,2006-08,0,3.5884130982367815,2.77731281959318
ZB,2006-09,0,3.0589420654911885,2.6297626300662955
ZB,2006-10,0,2.8123425692695263,2.54914668803731
ZB,2006-11,0,3.1375314861461012,2.6647758864251294
ZB,2006-12,0,2.9294710327455973,2.5984624631752897
ZB,2007-01,0,2.7380352644836328,2.5331142258580073
ZB,2007-02,0,3.0816120906801068,2.6585972065387797
ZB,2007-03,0,3.407052896725447,2.764204530390341
ZB,2007-04,0,3.808312342569277,2.8819777079742535
ZB,2007-05,0,3.8664987405541638,2.8972564962539016
ZB,2007-06,0,3.98564231738036,2.9280708285014585
ZB,2007-07,0,3.8596977329974886,2.896471258255614
ZB,2007-08,0,3.727204030226708,2.8621437766919513
ZB,2007-09,0,3.9110831234257017,2.9114781012171935
ZB,2007-10,0,4.457178841309833,3.0511058464352003
ZB,2007-11,0,4.270025188916887,3.0091165839316685
ZB,2007-12,0,4.711586901763235,3.1125262111143015
ZB,2008-01,0,4.387405541561723,3.0437210787967395
ZB,2008-02,0,4.659193954659959,3.105668489521277
ZB,2008-03,0,4.551133501259455,3.082475539313135
ZB,2008-04,0,5.042821158690186,3.1905118465967304
ZB,2008-05,0,5.823425692695226,3.345307051391935
ZB,2008-06,0,6.105037783375328,3.393665544406339
ZB,2008-07,0,5.3246851385390555,3.2658444444352206
ZB,2008-08,0,5.111838790932002,3.225870935754583
ZB,2008-09,0,4.551385390428223,3.116232619010718
ZB,2008-10,0,2.744332493702778,2.7191990255633773
ZB,2008-11,0,2.1569269521410637,2.5051558865087653
ZB,2008-12,0,1.796221662468519,2.337924775916683
ZB,2009-01,0,2.0596977329974866,2.484608270517721
ZB,2009-02,0,2.0889168765743134,2.4987944023509114
ZB,2009-03,0,2.1357682619647416,2.5212229565532507
ZB,2009-04,0,2.173551637279603,2.5389137219737012
ZB,2009-05,0,2.8317380352644914,2.8417298072674777
ZB,2009-06,0,2.8649874055415694,2.8534714902420375
ZB,2009-07,0,3.0428211586901845,2.915542881133544
ZB,2009-08,0,2.880604534005046,2.862231622855399
ZB,2009-09,0,2.780100755667515,2.8273418012394496
ZB,2009-10,0,3.0851385390428305,2.937063645943626
ZB,2009-11,0,3.1231738035264573,2.9493921893792887
ZB,2009-12,0,3.1418136020151226,2.955360412623099
ZB,2010-01,0,2.9146095717884215,2.8830442096246225
ZB,2010-02,0,3.135012594458447,2.9586642943191173
ZB,2010-03,0,3.30352644836273,3.0124165038643524
ZB,2010-04,0,3.4153652392947205,3.046270869095004
ZB,2010-05,0,2.873047858942074,2.8874833478913757
ZB,2010-06,0,2.925188916876583,2.905631690868756
ZB,2010-07,0,3.023929471032755,2.9393869651303595
ZB,2010-08,0,2.7241813602015204,2.840261600698873
ZB,2010-09,0,2.9982367758186492,2.9408626178047443
ZB,2010-10,0,3.0546599496221756,2.959681402984951
ZB,2010-11,0,3.2702770780856527,3.0302676980290673
ZB,2010-12,0,3.6455919395466103,3.145033160556988
ZB,2011-01,0,3.740302267002531,3.1710125704927306
ZB,2011-02,0,4.081360201511347,3.262197162047717
ZB,2011-03,0,4.377078085642331,3.3346528801246165
ZB,2011-04,0,4.8078085642317525,3.433058819009349
ZB,2011-05,0,4.482367758186411,3.3653687681894193
ZB,2011-06,0,4.386146095717898,3.3439020640590456
ZB,2011-07,0,4.575566750629737,3.3870881893677227
ZB,2011-08,0,4.551133501259461,3.3817482499237372
ZB,2011-09,0,4.0690176322418266,3.2758151084581626
ZB,2011-10,0,4.277329974811098,3.327009858984348
ZB,2011-11,0,4.20151133501261,3.309284165562288
ZB,2011-12,0,4.34231738035266,3.3427973550107293
ZB,2012-01,0,4.71284634760707,3.4281271305197496
ZB,2012-02,0,5.0591939546599685,3.5016172427591936
ZB,2012-03,0,5.143324937027727,3.518246568126383
ZB,2012-04,0,4.9604534005037975,3.482691447895226
ZB,2012-05,0,4.422418136020169,3.3742265111156593
ZB,2012-06,0,4.37858942065493,3.364315934137816
ZB,2012-07,0,4.849370277078106,3.4718347743840337
ZB,2012-08,0,5.562720403022693,3.618936374217817
ZB,2012-09,0,5.687657430730503,3.6413960735476483
ZB,2012-10,0,5.349118387909343,3.5818743729276306
ZB,2012-11,0,5.638539042821182,3.63598060762343
ZB,2012-12,0,5.683879093199017,3.6440217065736196
ZB,2013-01,0,6.2188916876574565,3.7381497810252036
ZB,2013-02,0,5.994206549118414,3.702020330662694
ZB,2013-03,0,6.029722921914384,3.7079454472740316
ZB,2013-04,0,5.4128463476070765,3.605639490218304
ZB,2013-05,0,5.347607052896749,3.5935868121039203
ZB,2013-06,0,5.294458438287177,3.583648046206605
ZB,2013-07,0,5.934760705289699,3.704586244979144
ZB,2013-08,0,5.981612090680127,3.7124806467447735
ZB,2013-09,0,5.461964735516397,3.6256065152755355
ZB,2013-10,0,5.405793450881637,3.6153224348475703
ZB,2013-11,0,5.579848866498765,3.647520375297689
ZB,2013-12,0,5.810075566750655,3.6887807581073675
ZB,2014-01,0,5.4662468513854146,3.6296027471821963
ZB,2014-02,0,5.802518891687684,3.6911206495830076
ZB,2014-03,0,5.70327455919398,3.6740169857524814
ZB,2014-04,0,5.857430730478616,3.70104640011517
ZB,2014-05,0,5.908816120906829,3.7098190843845433
ZB,2014-06,0,6.113853904282145,3.7445193998419564
ZB,2014-07,0,5.674811083123452,3.672708259433255
ZB,2014-08,0,5.581863979848893,3.6563293700018553
ZB,2014-09,0,5.271536523929496,3.6007337021318193
ZB,2014-10,0,4.694710327455941,3.4913109192572014
ZB,2014-11,0,4.01889168765745,3.347357705393053
ZB,2014-12,0,3.209571788413114,3.145978827298412
ZR,2000-01,0,1.0682730345968496,1.0682730345968496
ZR,2000-02,0,0.9677911242177948,0.9742128953582183
ZR,2000-03,0,1.0193195713155434,1.0274562510868586
ZR,2000-04,0,0.9029849672732505,0.9133265833005818
ZR,2000-05,0,0.9062936056966123,0.9169906957091781
ZR,2000-06,0,0.7846795655613896,0.7828023494924513
ZR,2000-07,0,0.7627418542760556,0.7548448082894521
ZR,2000-08,0,0.7935985039200173,0.7952997138003721
ZR,2000-09,0,0.8089764798964253,0.8146772402201521
ZR,2000-10,0,0.8250017981730562,0.8344866149978744
ZR,2000-11,0,0.8038552830324391,0.8088545313012745
ZR,2000-12,0,0.764914047327915,0.7604114389605445
ZR,2001-01,0,0.7105372941091853,0.6893227285247971
ZR,2001-02,0,0.7487161044378913,0.7430550387711883
ZR,2001-03,0,0.6479321009853991,0.608445935460719
ZR,2001-04,0,0.6518449255556357,0.6144848777577372
ZR,2001-05,0,0.6633963892685034,0.6322060615239851
ZR,2001-06,0,0.6795511760051788,0.6565576965313575
ZR,2001-07,0,0.636912896497159,0.593812930554093
ZR,2001-08,0,0.5247068977918435,0.417641276121569
ZR,2001-09,0,0.5120621448608215,0.3935425783833921
ZR,2001-10,0,0.4546500755232684,0.2814232391317908
ZR,2001-11,0,0.4778537006401497,0.33245946757665723
ZR,2001-12,0,0.44151621952096676,0.2564163584189716
ZR,2002-01,0,0.42062864130043887,0.20910761346914764
ZR,2002-02,0,0.40148169459828825,0.16358777762783439
ZR,2002-03,0,0.39720923541681663,0.1529460491531488
ZR,2002-04,0,0.378853484859383,0.10673425717864515
ZR,2002-05,0,0.43232395885780067,0.24787186349699275
ZR,2002-06,0,0.40748039991368784,0.19040671858633484
ZR,2002-07,0,0.43914263108681595,0.2681091827535309
ZR,2002-08,0,0.37108537725670737,0.11313162190575687
ZR,2002-09,0,0.3595051427749409,0.08192523331837909
ZR,2002-10,0,0.3311515500251747,0.003056840697035601
ZR,2002-11,0,0.3403294253038916,0.03077187110537616
ZR,2002-12,0,0.32367115011148706,-0.018175630796728903
ZR,2003-01,0,0.35144932748327734,0.06764659142549334
ZR,2003-02,0,0.36107314967992554,0.09502983402710607
ZR,2003-03,0,0.3887794001294688,0.1717629017561897
ZR,2003-04,0,0.4678270876789186,0.3750856280197876
ZR,2003-05,0,0.42908724735668596,0.2922775962864461
ZR,2003-06,0,0.43334532115370816,0.3022011580405026
ZR,2003-07,0,0.48776523052578613,0.4277820901876277
ZR,2003-08,0,0.4849313097892545,0.42197208045512424
ZR,2003-09,0,0.4701431345752719,0.3914766784972482
ZR,2003-10,0,0.4837373228799544,0.42039167757931184
ZR,2003-11,0,0.5269797885348492,0.509784130072844
ZR,2003-12,0,0.5345177299863344,0.5240881728757809
ZR,2004-01,0,0.49349061353664725,0.4473327835817046
ZR,2004-02,0,0.5481694598288145,0.5581329584833223
ZR,2004-03,0,0.5642954757965912,0.5875508979154327
ZR,2004-04,0,0.6678702438322671,0.7710979445924664
ZR,2004-05,0,0.5945047831403301,0.6612480727506502
ZR,2004-06,0,0.5143638063727258,0.5264451594010242
ZR,2004-07,0,0.4393727972380067,0.38065144645774207
ZR,2004-08,0,0.4940372581457245,0.505066205977108
ZR,2004-09,0,0.4380349564842126,0.3917097723516241
ZR,2004-10,0,0.42101704668057305,0.3528591976389803
ZR,2004-11,0,0.4543767532187303,0.43209519722896217
ZR,2004-12,0,0.4378911026397186,0.3958133001859686
ZR,2005-01,0,0.3952240523627999,0.29837571805719076
ZR,2005-02,0,0.39185787240164044,0.28985857457608133
ZR,2005-03,0,0.4074228583758906,0.3295795731076524
ZR,2005-04,0,0.4259512335467171,0.37505658744279835
ZR,2005-05,0,0.41219880601309133,0.34277019770960027
ZR,2005-06,0,0.35833992663453984,0.21210781200428863
ZR,2005-07,0,0.3662375026972602,0.23414715363415628
ZR,2005-08,0,0.36665467884629277,0.23528624000832643
ZR,2005-09,0,0.3808242825289512,0.2739318771709126
ZR,2005-10,0,0.3747536502913046,0.25799110732994246
ZR,2005-11,0,0.381860030209308,0.27695391106108525
ZR,2005-12,0,0.4016399338272322,0.32875274323286896
ZR,2006-01,0,0.41660073365460754,0.36600202690049066
ZR,2006-02,0,0.40358196072790103,0.33475202690049066
ZR,2006-03,0,0.40525066532403137,0.3388867622417846
ZR,2006-04,0,0.3899877724232186,0.3012239174723409
ZR,2006-05,0,0.41671581673020275,0.3697595131934771
ZR,2006-06,0,0.419103790548803,0.3754899743920408
ZR,2006-07,0,0.40694814068906043,0.3464860614381038
ZR,2006-08,0,0.3758757102783577,0.2701312945675888
ZR,2006-09,0,0.414457311371647,0.372775865733726
ZR,2006-10,0,0.40796950298496787,0.35712212237181573
ZR,2006-11,0,0.41504711213407236,0.37447050036899476
ZR,2006-12,0,0.42090196360497795,0.3885769747901787
ZR,2007-01,0,0.4077968783715751,0.357441255866087
ZR,2007-02,0,0.41240020139538286,0.3687295301711525
ZR,2007-03,0,0.3951521254405529,0.32690589406120407
ZR,2007-04,0,0.38875062936057014,0.31070581397092045
ZR,2007-05,0,0.3853556786305119,0.301972835877374
ZR,2007-06,0,0.3893835862763438,0.312425277269042
ZR,2007-07,0,0.3802632525354246,0.28900278576616045
ZR,2007-08,0,0.39476372006041915,0.32713549364238037
ZR,2007-09,0,0.4160540890455303,0.3810674228020625
ZR,2007-10,0,0.4197655182334754,0.3899879677159689
ZR,2007-11,0,0.44390419333956765,0.44749310822316546
ZR,2007-12,0,0.46702150614975246,0.49957036533639354
ZR,2008-01,0,0.4991872257786096,0.5684445375218239
ZR,2008-02,0,0.5813996979069274,0.73313719767571
ZR,2008-03,0,0.6506221678774374,0.852198955395425
ZR,2008-04,0,0.7090555995108978,0.9420105765150851
ZR,2008-05,0,0.6218082428252903,0.8189633052633101
ZR,2008-06,0,0.6373013018772935,0.8438794417583939
ZR,2008-07,0,0.557002085880746,0.7178806155203008
ZR,2008-08,0,0.6282241242897225,0.8457473510574909
ZR,2008-09,0,0.6250881104797535,0.8407554800217921
ZR,2008-10,0,0.49574911889520323,0.6338422634429599
ZR,2008-11,0,0.4285981442854068,0.4983887204100542
ZR,2008-12,0,0.5004962957635052,0.6661406167650248
ZR,2009-01,0,0.3862907286197231,0.43795597661786456
ZR,2009-02,0,0.41247212831763,0.5057323889367861
ZR,2009-03,0,0.40594116377760264,0.48989867777994855
ZR,2009-04,0,0.4250449543264051,0.5369591689383879
ZR,2009-05,0,0.4005466446090779,0.4793221837960724
ZR,2009-06,0,0.39746817233690646,0.4716365064508634
ZR,2009-07,0,0.44337193411494,0.5871269154266143
ZR,2009-08,0,0.44488239948212693,0.5905336835392646
ZR,2009-09,0,0.42070056822268653,0.5361781251094645
ZR,2009-10,0,0.4557721355103224,0.6195428028321521
ZR,2009-11,0,0.4748615406746754,0.6614264628390958
ZR,2009-12,0,0.45306768323383523,0.6155312795613012
ZR,2010-01,0,0.43207940732216144,0.5692064660988467
ZR,2010-02,0,0.40850176220959583,0.5146386141878068
ZR,2010-03,0,0.36262677120046105,0.40233801905451805
ZR,2010-04,0,0.36629504423505793,0.41245385529698075
ZR,2010-05,0,0.33797022225419043,0.335125967773908
ZR,2010-06,0,0.28212615982162187,0.16989229109049964
ZR,2010-07,0,0.3074588218370143,0.25968425519410965
ZR,2010-08,0,0.3224915485866367,0.30857771891001295
ZR,2010-09,0,0.3573329497230821,0.41661590251247516
ZR,2010-10,0,0.41063079910810707,0.5657704918844558
ZR,2010-11,0,0.3870675393799908,0.5083874125360586
ZR,2010-12,0,0.39005969934546586,0.516117742933353
ZR,2011-01,0,0.4233618643458256,0.601494840480836
ZR,2011-02,0,0.3795152125440561,0.4979270525093783
ZR,2011-03,0,0.3735021218442072,0.48208291635594047
ZR,2011-04,0,0.3899590016543202,0.5261439239048542
ZR,2011-05,0,0.3933539523843784,0.534849840977305
ZR,2011-06,0,0.3607135150686911,0.4518700282213074
ZR,2011-07,0,0.3915845500971023,0.5374532784705595
ZR,2011-08,0,0.42825289505862146,0.6310942174514933
ZR,2011-09,0,0.38063727253110935,0.5199084599775263
ZR,2011-10,0,0.3960584046608655,0.5604224433486524
ZR,2011-11,0,0.3474645759907942,0.4377288504385842
ZR,2011-12,0,0.34212759836006706,0.42236907566007975
ZR,2012-01,0,0.32221822628209823,0.3641762488510144
ZR,2012-02,0,0.32712364237934344,0.37940014277485024
ZR,2012-03,0,0.3340286269150552,0.4005083221943754
ZR,2012-04,0,0.3367474645759917,0.40864785707809625
ZR,2012-05,0,0.3165935409623831,0.3487990809663445
ZR,2012-06,0,0.3169675609580675,0.3499804695523131
ZR,2012-07,0,0.3415809537509899,0.42763318807822737
ZR,2012-08,0,0.3285046392864858,0.38935144455327475
ZR,2012-09,0,0.33259008847011523,0.4017879483192581
ZR,2012-10,0,0.3185067970941532,0.35944365766181874
ZR,2012-11,0,0.3212400201395391,0.36802502255048686
ZR,2012-12,0,0.3131554340789766,0.3428582140779599
ZR,2013-01,0,0.319974106307992,0.36463229648872764
ZR,2013-02,0,0.31949938862116184,0.36314868366671627
ZR,2013-03,0,0.3109832410271174,0.33649402360368164
ZR,2013-04,0,0.3003955980723593,0.3024483209484867
ZR,2013-05,0,0.3041789541825514,0.3150429000117948
ZR,2013-06,0,0.3103358987268944,0.335284091782899
ZR,2013-07,0,0.3150255340573986,0.3503955737279226
ZR,2013-08,0,0.314536430986119,0.34884299141822817
ZR,2013-09,0,0.3021506149751861,0.30946499004617245
ZR,2013-10,0,0.29832410271164583,0.29680073561844444
ZR,2013-11,0,0.3152125440552407,0.3534117877931957
ZR,2013-12,0,0.30285549881320667,0.314209524193342
ZR,2014-01,0,0.30534417032295275,0.32242688038960843
ZR,2014-02,0,0.3176724447960881,0.3628018921676165
ZR,2014-03,0,0.3169675609580675,0.3605829907502366
ZR,2014-04,0,0.31367330791915504,0.3501899617949856
ZR,2014-05,0,0.30217938574408487,0.3135469899995258
ZR,2014-06,0,0.2911601812558449,0.27708121831524524
ZR,2014-07,0,0.2786017406315192,0.23394880724805167
ZR,2014-08,0,0.27215708839818825,0.21081667527097725
ZR,2014-09,0,0.2738833345321162,0.2171595052302775
ZR,2014-10,0,0.2606775516075675,0.16894268712008254
ZR,2014-11,0,0.26174207005682304,0.1730263469622545
ZR,2014-12,0,0.2449399410199245,0.10883288722056728
ZI,2000-01,0,0.9750712250712252,0.9750712250712252
ZI,2000-02,0,0.9305555555555558,0.9294174632012472
ZI,2000-03,0,0.919070512820513,0.9170753277247833
ZI,2000-04,0,0.9047364672364676,0.9014790863220905
ZI,2000-05,0,0.895655270655271,0.891441692108353
ZI,2000-06,0,0.9074964387464389,0.9046623680526868
ZI,2000-07,0,0.8994836182336186,0.895832779119105
ZI,2000-08,0,0.8889779202279207,0.8841530800198277
ZI,2000-09,0,0.8718839031339036,0.8649242367549304
ZI,2000-10,0,0.8419693732193737,0.8306140151680828
ZI,2000-11,0,0.8261217948717954,0.8117919785814273
ZI,2000-12,0,0.804754273504274,0.7859271224546895
ZI,2001-01,0,0.836004273504274,0.8247588516282706
ZI,2001-02,0,0.7758190883190889,0.7527673713300811
ZI,2001-03,0,0.7380698005698011,0.7041100383027687
ZI,2001-04,0,0.7423433048433054,0.7099001468673043
ZI,2001-05,0,0.751157407407408,0.7217734977907873
ZI,2001-06,0,0.7305911680911686,0.694394097530031
ZI,2001-07,0,0.7139423076923083,0.6716058937766798
ZI,2001-08,0,0.7029914529914537,0.6562673228825535
ZI,2001-09,0,0.7806267806267814,0.7667029865097063
ZI,2001-10,0,0.7054843304843312,0.6704438624221152
ZI,2001-11,0,0.6884793447293455,0.6463398745372086
ZI,2001-12,0,0.7598824786324796,0.7500512414064703
ZI,2002-01,0,0.6994301994302004,0.6704964669483566
ZI,2002-02,0,0.7452813390313401,0.7360514567650573
ZI,2002-03,0,0.7671830484330496,0.7654386267566953
ZI,2002-04,0,0.747863247863249,0.7402558485276132
ZI,2002-05,0,0.8278133903133915,0.847160610432375
ZI,2002-06,0,0.7933582621082633,0.8055387562701897
ZI,2002-07,0,0.7514245014245026,0.7526827356215532
ZI,2002-08,0,0.7255163817663829,0.7182040626357712
ZI,2002-09,0,0.7385149572649584,0.7361203713853108
ZI,2002-10,0,0.7315705128205141,0.7267171164124357
ZI,2002-11,0,0.7161680911680923,0.7056632037922581
ZI,2002-12,0,0.7770655270655283,0.7906955260200055
ZI,2003-01,0,0.7848112535612549,0.8006634453600604
ZI,2003-02,0,0.7409188034188049,0.7447360488767935
ZI,2003-03,0,0.7191951566951581,0.7154161738467526
ZI,2003-04,0,0.7469729344729359,0.754039595485772
ZI,2003-05,0,0.7279202279202294,0.7285330400626493
ZI,2003-06,0,0.7311253561253577,0.7329361711781093
ZI,2003-07,0,0.8194444444444461,0.8537350021571641
ZI,2003-08,0,0.8178418803418821,0.8517793307099674
ZI,2003-09,0,0.8194444444444461,0.8537388343023905
ZI,2003-10,0,0.8071581196581213,0.8387453532072147
ZI,2003-11,0,0.8539886039886058,0.8967643251904486
ZI,2003-12,0,0.9464921652421671,1.0050837580511658
ZI,2004-01,0,0.9917200854700876,1.0528685384104923
ZI,2004-02,0,1.0624109686609708,1.1241496228884524
ZI,2004-03,0,1.2570334757834785,1.3073390974547812
ZI,2004-04,0,0.9607371794871814,1.0716283530677848
ZI,2004-05,0,0.9639423076923097,1.0749644664956415
ZI,2004-06,0,0.9110576923076941,1.0201016236028733
ZI,2004-07,0,1.0313390313390336,1.1521254680277733
ZI,2004-08,0,1.0654380341880363,1.1851883133316405
ZI,2004-09,0,1.085113960113962,1.2036557654917475
ZI,2004-10,0,1.142539173789176,1.2565766713007398
ZI,2004-11,0,1.2078881766381788,1.3137729621134882
ZI,2004-12,0,1.0618767806267826,1.1928914112916411
ZI,2005-01,0,1.0478988603988624,1.1797280005429198
ZI,2005-02,0,1.1420940170940193,1.2696175502455533
ZI,2005-03,0,1.1088853276353299,1.2405405312246618
ZI,2005-04,0,1.0651709401709424,1.2011186123165927
ZI,2005-05,0,1.143785612535615,1.2749233598926542
ZI,2005-06,0,1.0791488603988626,1.2184121121305305
ZI,2005-07,0,1.107638888888891,1.2448125741386156
ZI,2005-08,0,1.0344551282051304,1.1787407149633085
ZI,2005-09,0,1.1336360398860421,1.2746181570839725
ZI,2005-10,0,1.143874643874646,1.2836498071271674
ZI,2005-11,0,1.2510683760683785,1.3773608905642782
ZI,2005-12,0,1.3263888888888915,1.437565843595875
ZI,2006-01,0,1.4748931623931654,1.5495271806881021
ZI,2006-02,0,1.4506766381766414,1.5331080088904443
ZI,2006-03,0,1.7043269230769267,1.7079576467939672
ZI,2006-04,0,1.9969729344729386,1.8796653206172969
ZI,2006-05,0,1.8247863247863287,1.7934415132164943
ZI,2006-06,0,1.5856481481481517,1.6623915522485007
ZI,2006-07,0,1.6509971509971548,1.7036043540452441
ZI,2006-08,0,1.8655626780626824,1.8335655274706109
ZI,2006-09,0,1.6522435897435934,1.719219817820902
ZI,2006-10,0,1.7567663817663859,1.7824809450975483
ZI,2006-11,0,1.9924323361823408,1.916628522636571
ZI,2006-12,0,1.8258547008547055,1.8330233570795755
ZI,2007-01,0,1.915509259259264,1.8821261462350272
ZI,2007-02,0,1.9906517094017144,1.9213545915057684
ZI,2007-03,0,1.8808760683760732,1.8662090125442765
ZI,2007-04,0,1.8803418803418854,1.8659250023199085
ZI,2007-05,0,1.8657407407407458,1.858159850804757
ZI,2007-06,0,1.7108262108262156,1.7751287379969694
ZI,2007-07,0,1.7854344729344782,1.8187382300868946
ZI,2007-08,0,1.654469373219378,1.7453862803511808
ZI,2007-09,0,1.8831018518518572,1.883577099917451
ZI,2007-10,0,1.9531695156695217,1.9207857425348216
ZI,2007-11,0,1.8908475783475844,1.8888776378762384
ZI,2007-12,0,1.9916310541310602,1.9421783253232672
ZI,2008-01,0,2.2686075498575566,2.081248508604447
ZI,2008-02,0,2.6421830484330564,2.245920224785131
ZI,2008-03,0,2.296563390313397,2.115111854666857
ZI,2008-04,0,2.18705484330485,2.067428195042899
ZI,2008-05,0,2.22293447293448,2.0838336499584296
ZI,2008-06,0,2.2937143874643944,2.1156744061263244
ZI,2008-07,0,2.330395299145306,2.1316663325324106
ZI,2008-08,0,1.7804487179487232,1.895677793850462
ZI,2008-09,0,1.5944622507122557,1.7912173478058577
ZI,2008-10,0,1.2638888888888926,1.5838914222935454
ZI,2008-11,0,1.3253205128205165,1.6324966632064783
ZI,2008-12,0,1.4633190883190923,1.7366213441147145
ZI,2009-01,0,1.6278490028490074,1.8490574599579852
ZI,2009-02,0,1.6938212250712297,1.8895846968864471
ZI,2009-03,0,1.6776175213675262,1.880018336833885
ZI,2009-04,0,1.5890313390313435,1.8272135817524222
ZI,2009-05,0,2.012642450142456,2.093798073011947
ZI,2009-06,0,1.7492877492877543,1.9629478562553337
ZI,2009-07,0,1.7930021367521423,1.9879376771022395
ZI,2009-08,0,1.914707977207983,2.0558159232912256
ZI,2009-09,0,2.137286324786331,2.172062552138989
ZI,2009-10,0,2.0856481481481546,2.1479019256289504
ZI,2009-11,0,2.372240028490036,2.2853133488339363
ZI,2009-12,0,2.157051282051289,2.1946021459816185
ZI,2010-01,0,2.0731837606837673,2.155721512004402
ZI,2010-02,0,2.1122685185185253,2.174574041421219
ZI,2010-03,0,2.240740740740748,2.2353959592294386
ZI,2010-04,0,2.3790064102564177,2.2971012993438693
ZI,2010-05,0,2.3513176638176714,2.2854625133702906
ZI,2010-06,0,2.381944444444452,2.298487882548632
ZI,2010-07,0,2.292200854700862,2.2608112734434513
ZI,2010-08,0,2.4672364672364746,2.33717264996796
ZI,2010-09,0,2.770566239316248,2.4601157792982145
ZI,2010-10,0,3.118856837606847,2.5858267597281763
ZI,2010-11,0,3.572204415954427,2.73118372926944
ZI,2010-12,0,3.9172898860398977,2.8277866752106706
ZI,2011-01,0,3.5667735042735154,2.7383073688627992
ZI,2011-02,0,4.283742877492891,2.9393207980475626
ZI,2011-03,0,4.799056267806283,3.0596159243075647
ZI,2011-04,0,6.1533119658119855,3.3418080100912873
ZI,2011-05,0,4.84998219373221,3.129998535889244
ZI,2011-06,0,4.40856481481483,3.0389843091797446
ZI,2011-07,0,5.076032763532781,3.1903868577994103
ZI,2011-08,0,5.282051282051301,3.2309733804078924
ZI,2011-09,0,3.8043091168091303,2.951206659803793
ZI,2011-10,0,4.344462250712266,3.093191213981186
ZI,2011-11,0,4.138977920227934,3.045893224350676
ZI,2011-12,0,3.5220797720797847,2.896847213466381
ZI,2012-01,0,4.196759259259275,3.088404341878919
ZI,2012-02,0,4.3619123931624095,3.1277568812314582
ZI,2012-03,0,4.090188746438763,3.0654622677152417
ZI,2012-04,0,3.8968126780626937,3.018184237197839
ZI,2012-05,0,3.487357549857564,2.91310986949467
ZI,2012-06,0,3.4612713675213813,2.905629655044836
ZI,2012-07,0,3.4991096866097005,2.9165615685155255
ZI,2012-08,0,3.9299323361823517,3.039685073680657
ZI,2012-09,0,4.321759259259276,3.1393882974408798
ZI,2012-10,0,4.039173789173805,3.074001621984574
ZI,2012-11,0,4.1484152421652585,3.101047116606334
ZI,2012-12,0,3.767984330484345,3.0093419980313794
ZI,2013-01,0,3.9081196581196735,3.046533057055055
ZI,2013-02,0,3.5365918803418945,2.9514674474323104
ZI,2013-03,0,3.5230591168091303,2.947640948930183
ZI,2013-04,0,3.0017806267806386,2.799679057646162
ZI,2013-05,0,2.7607727920228036,2.7193907672202515
ZI,2013-06,0,2.411502849002859,2.5928791093144827
ZI,2013-07,0,2.431089743589754,2.6010013865056516
ZI,2013-08,0,2.9064280626780747,2.79652617959142
ZI,2013-09,0,2.683315527065538,2.719760978182322
ZI,2013-10,0,2.7029914529914643,2.727093670043366
ZI,2013-11,0,2.4710648148148255,2.6412899809788075
ZI,2013-12,0,2.3892450142450246,2.60817882983487
ZI,2014-01,0,2.3584401709401814,2.59528570120169
ZI,2014-02,0,2.616096866096878,2.7045344743236233
ZI,2014-03,0,2.432692307692319,2.6344282940894823
ZI,2014-04,0,2.357905982905994,2.603686089434234
ZI,2014-05,0,2.2973646723646834,2.5780102096577657
ZI,2014-06,0,2.5837784900285024,2.7026808033641676
ZI,2014-07,0,2.5047186609686736,2.672082271266721
ZI,2014-08,0,2.3830128205128323,2.6234916481550727
ZI,2014-09,0,2.085292022792033,2.4985570296091564
ZI,2014-10,0,1.969017094017104,2.4427974872985083
ZI,2014-11,0,1.894408831908842,2.404906367747053
ZI,2014-12,0,1.8996616809116904,2.4076791847411307
ZM,2000-01,0,1.0967600700525395,1.0967600700525395
ZM,2000-02,0,1.1072679509632226,1.1063409083758928
ZM,2000-03,0,1.1532399299474607,1.147859295090009
ZM,2000-04,0,1.1418563922942209,1.1379883763352634
ZM,2000-05,0,1.177320490367776,1.1690466585438524
ZM,2000-06,0,1.1252189141856395,1.1247922888897057
ZM,2000-07,0,1.0345884413309985,1.0442475418079937
ZM,2000-08,0,1.2075306479859897,1.2114079311435841
ZM,2000-09,0,1.19614711033275,1.2019808100413363
ZM,2000-10,0,1.1983362521891423,1.203810971095509
ZM,2000-11,0,1.3511383537653243,1.3313228454104522
ZM,2000-12,0,1.3708406304728549,1.3459048285601605
ZM,2001-01,0,1.1952714535901932,1.2178307308278067
ZM,2001-02,0,1.1366024518388795,1.1687464817435576
ZM,2001-03,0,1.0766199649737307,1.1159729840548058
ZM,2001-04,0,1.153239929947461,1.1871401251690796
ZM,2001-05,0,1.2473730297723296,1.2687650302563993
ZM,2001-06,0,1.311733800350263,1.320362081853451
ZM,2001-07,0,1.3507005253940458,1.3500683568868288
ZM,2001-08,0,1.368213660245184,1.3630343212304266
ZM,2001-09,0,1.293782837127846,1.3086343212304266
ZM,2001-10,0,1.3051663747810858,1.3174329675925247
ZM,2001-11,0,1.2819614711033276,1.2996536988907468
ZM,2001-12,0,1.2333625218914186,1.2617438628251731
ZM,2002-01,0,1.3012259194395797,1.3167669370175763
ZM,2002-02,0,1.3069176882662,1.3211410958331888
ZM,2002-03,0,1.3866024518388795,1.3821126201212959
ZM,2002-04,0,1.3971103327495624,1.3896907697897518
ZM,2002-05,0,1.4851138353765325,1.452680428204042
ZM,2002-06,0,1.580122591943958,1.5166544848078156
ZM,2002-07,0,1.6295971978984238,1.5479650971658094
ZM,2002-08,0,1.6641856392294219,1.5691902449358255
ZM,2002-09,0,1.6834500875656742,1.580766146014489
ZM,2002-10,0,1.6589316987740803,1.5662017767036955
ZM,2002-11,0,1.6269702276707527,1.5469354795276598
ZM,2002-12,0,1.6348511383537652,1.5517793977192635
ZM,2003-01,0,1.6760070052539402,1.5769534737771105
ZM,2003-02,0,1.7346760070052534,1.6119586984375074
ZM,2003-03,0,1.692206654991243,1.5874761138842515
ZM,2003-04,0,1.905866900175131,1.7137374334185336
ZM,2003-05,0,1.8752189141856388,1.6976565696464223
ZM,2003-06,0,1.8603327495621713,1.68971820868448
ZM,2003-07,0,1.7438704028021013,1.6271152432808553
ZM,2003-08,0,2.0433450087565674,1.798845095151305
ZM,2003-09,0,2.2373029772329245,1.8937668864519261
ZM,2003-10,0,2.8091068301225914,2.149344185864842
ZM,2003-11,0,2.545971978984238,2.0556721160394056
ZM,2003-12,0,2.7114711033274954,2.120676415265545
ZM,2004-01,0,2.839316987740805,2.167826423339176
ZM,2004-02,0,3.1295971978984234,2.270062352406254
ZM,2004-03,0,3.4951838879159363,2.386878244963613
ZM,2004-04,0,3.534588441330998,2.3981522021225756
ZM,2004-05,0,2.8502626970227665,2.204543878079469
ZM,2004-06,0,3.240367775831874,2.341410237526474
ZM,2004-07,0,2.6212784588441327,2.1503549747241495
ZM,2004-08,0,2.7066549912434326,2.1829255442915456
ZM,2004-09,0,2.3852889667250436,2.064193742285722
ZM,2004-10,0,2.2990367775831873,2.0280336835485713
ZM,2004-11,0,2.2950963222416814,2.0263197243027133
ZM,2004-12,0,2.396672504378284,2.0705776411283523
ZM,2005-01,0,2.2613835376532405,2.0141289747052618
ZM,2005-02,0,2.6926444833625225,2.204835654279318
ZM,2005-03,0,2.7351138353765334,2.220608012002895
ZM,2005-04,0,2.833187390542908,2.2564652234643967
ZM,2005-05,0,3.1436077057793357,2.366030978370903
ZM,2005-06,0,3.0249562171628734,2.3282872457803734
ZM,2005-07,0,3.1138353765324007,2.357669211332552
ZM,2005-08,0,2.721103327495623,2.231544351939976
ZM,2005-09,0,2.498248686514888,2.1496457195988654
ZM,2005-10,0,2.4877408056042047,2.1454396207555426
ZM,2005-11,0,2.5087565674255705,2.1538873504281932
ZM,2005-12,0,2.8572679509632244,2.2928053259953836
ZM,2006-01,0,2.6926444833625234,2.235189634913557
ZM,2006-02,0,2.535026269702278,2.1766530495477032
ZM,2006-03,0,2.5131348511383553,2.168017470963938
ZM,2006-04,0,2.499124343257445,2.162442558071952
ZM,2006-05,0,2.480297723292471,2.1549092714566758
ZM,2006-06,0,2.5280210157618233,2.174150224678211
ZM,2006-07,0,2.365148861646237,2.109723484117075
ZM,2006-08,0,2.2587565674255714,2.0647401446131877
ZM,2006-09,0,2.288091068301228,2.0777271576002008
ZM,2006-10,0,2.653239929947463,2.2373138395749423
ZM,2006-11,0,2.7202276707530677,2.262561364327418
ZM,2006-12,0,2.6720665499124374,2.2448565518374775
ZM,2007-01,0,2.8147985989492152,2.298272904450946
ZM,2007-02,0,3.052977232924697,2.3828894855677607
ZM,2007-03,0,2.8029772329246962,2.301002206061092
ZM,2007-04,0,2.556479859894924,2.2130609377074526
ZM,2007-05,0,2.7894045534150647,2.304172429401236
ZM,2007-06,0,2.94702276707531,2.3606784724086127
ZM,2007-07,0,2.75087565674256,2.2941207543875164
ZM,2007-08,0,3.0052539404553453,2.3865925035519284
ZM,2007-09,0,3.4492119089317033,2.5343197762792014
ZM,2007-10,0,3.4198774080560463,2.525815079655693
ZM,2007-11,0,3.551663747810863,2.564350478452262
ZM,2007-12,0,3.9995621716287264,2.6904599459078833
ZM,2008-01,0,4.056917688266205,2.7048003947310906
ZM,2008-02,0,4.454465849387046,2.802793056073633
ZM,2008-03,0,3.756567425569182,2.6461191814913647
ZM,2008-04,0,3.9290718038528945,2.6920399274121105
ZM,2008-05,0,3.9277583187390595,2.6917056283258614
ZM,2008-06,0,4.968038528896679,2.956559044890347
ZM,2008-07,0,4.48774080560421,2.8598815089777707
ZM,2008-08,0,4.2990367775831935,2.8178327284899662
ZM,2008-09,0,3.4063047285464148,2.6101741074491267
ZM,2008-10,0,3.26269702276708,2.5680147244157077
ZM,2008-11,0,3.0319614711033323,2.4972954544210753
ZM,2008-12,0,3.580998248686521,2.6783784869120506
ZM,2009-01,0,3.714973730297729,2.715791373573011
ZM,2009-02,0,3.256567425569182,2.592397148469888
ZM,2009-03,0,3.564360770577939,2.686911802946898
ZM,2009-04,0,4.06436077057794,2.827189410120464
ZM,2009-05,0,4.703590192644491,2.9844661525528675
ZM,2009-06,0,4.928633975481619,3.032311260995574
ZM,2009-07,0,4.675131348511392,2.9808765981191416
ZM,2009-08,0,4.628283712784596,2.970855995009945
ZM,2009-09,0,4.441768826619973,2.9305570639722003
ZM,2009-10,0,4.620402802101585,2.9707739195660894
ZM,2009-11,0,5.014448336252198,3.0560577251190124
ZM,2009-12,0,4.950525394045543,3.0433099734382303
ZM,2010-01,0,4.427758318739063,2.9377116715013774
ZM,2010-02,0,4.469789842381795,2.9472044036283425
ZM,2010-03,0,4.4006129597197985,2.931727863320771
ZM,2010-04,0,4.855954465849396,3.0352001546350675
ZM,2010-05,0,4.531085814360779,2.968299063660403
ZM,2010-06,0,4.72679509632225,3.0114916426535427
ZM,2010-07,0,5.230735551663757,3.1181052032315346
ZM,2010-08,0,5.324430823117347,3.1360176498708583
ZM,2010-09,0,5.535464098073565,3.1756525483167097
ZM,2010-10,0,6.09106830122593,3.2760242955286056
ZM,2010-11,0,6.109457092819625,3.279043271951837
ZM,2010-12,0,6.633099824868663,3.364753462578181
ZM,2011-01,0,6.746935201401062,3.381915178749798
ZM,2011-02,0,6.350262697022778,3.3231221871858785
ZM,2011-03,0,6.5043782837127955,3.3473913543121885
ZM,2011-04,0,6.290718038528908,3.314542673644445
ZM,2011-05,0,6.147110332749574,3.2917141658493447
ZM,2011-06,0,5.787215411558681,3.2331671573023364
ZM,2011-07,0,6.10332749562173,3.2877896417931822
ZM,2011-08,0,6.596322241681276,3.368564390717142
ZM,2011-09,0,5.2491243432574555,3.164329690066671
ZM,2011-10,0,5.376970227670767,3.188685349421079
ZM,2011-11,0,4.941330998248699,3.107665888465131
ZM,2011-12,0,5.228108581436089,3.1657023938700575
ZM,2012-01,0,5.3318739054290845,3.1855499778245
ZM,2012-02,0,5.848511383537668,3.2824460198675283
ZM,2012-03,0,6.44176882661998,3.3838833607868275
ZM,2012-04,0,7.148861646234693,3.493650233620376
ZM,2012-05,0,6.4759194395797,3.3995174555704004
ZM,2012-06,0,7.1217162872154285,3.499240259978486
ZM,2012-07,0,8.8358143607706,3.7399263536708505
ZM,2012-08,0,9.523204903677781,3.8177223003533736
ZM,2012-09,0,8.693082311733823,3.7305538943030774
ZM,2012-10,0,8.609457092819635,3.7209341511653284
ZM,2012-11,0,7.848949211908953,3.6326001397739534
ZM,2012-12,0,7.611646234676027,3.6023664141087557
ZM,2013-01,0,7.738616462346781,3.6190474609882495
ZM,2013-02,0,7.934325744308252,3.6443374185554345
ZM,2013-03,0,7.369964973730318,3.573208404097869
ZM,2013-04,0,7.735989492119111,3.622872753886974
ZM,2013-05,0,8.346322241681284,3.7017679941382613
ZM,2013-06,0,8.660245183887941,3.7393801223447345
ZM,2013-07,0,9.17162872154118,3.7984296673396787
ZM,2013-08,0,10.640542907180414,3.958588155023467
ZM,2013-09,0,10.18126094570931,3.9154247595578866
ZM,2013-10,0,10.136164623467629,3.9109954140689385
ZM,2013-11,0,11.113397548161153,4.007405936292601
ZM,2013-12,0,10.93257443082315,3.9911352039126613
ZM,2014-01,0,11.171190893169912,4.012961395342376
ZM,2014-02,0,12.425131348511425,4.125209092775259
ZM,2014-03,0,13.011383537653282,4.172391868771594
ZM,2014-04,0,13.672504378283756,4.223202825094361
ZM,2014-05,0,13.852451838879205,4.236364090625296
ZM,2014-06,0,12.456654991243473,4.135602372492611
ZM,2014-07,0,11.074430823117375,4.024639664679178
ZM,2014-08,0,11.134413309982524,4.030055968941058
ZM,2014-09,0,9.489929947460627,3.882362209356299
ZM,2014-10,0,12.350700525394085,4.183815496553531
ZM,2014-11,0,11.984676007005294,4.154179564758714
ZM,2014-12,0,11.74430823117342,4.134123304940645
ZL,2000-01,0,1.0350584307178632,1.0350584307178632
ZL,2000-02,0,0.9696160267111854,0.9718326242662502
ZL,2000-03,0,1.121535893155259,1.1285130650376
ZL,2000-04,0,1.0834724540901506,1.0945743928137242
ZL,2000-05,0,0.952587646076795,0.9737731601480847
ZL,2000-06,0,0.9479131886477467,0.9688660448308748
ZL,2000-07,0,0.914190317195326,0.9332901378213644
ZL,2000-08,0,0.9191986644407351,0.9387685892457619
ZL,2000-09,0,0.8911519198664445,0.9082564207023547
ZL,2000-10,0,0.8257095158597666,0.8348206769781134
ZL,2000-11,0,0.835392320534224,0.8465473247743122
ZL,2000-12,0,0.8080133555926547,0.8137735437990924
ZL,2001-01,0,0.7909849749582643,0.7926991636338033
ZL,2001-02,0,0.8444073455759604,0.8602382096447783
ZL,2001-03,0,0.8484140233722877,0.8649831681263915
ZL,2001-04,0,0.7959933222036732,0.803196469976057
ZL,2001-05,0,0.7813021702838068,0.7847400941371308
ZL,2001-06,0,0.7893155258764614,0.7949965043935412
ZL,2001-07,0,0.9686143572621043,1.0221538647996327
ZL,2001-08,0,0.8500834724540909,0.8997822687982538
ZL,2001-09,0,0.7716193656093495,0.8074806191517495
ZL,2001-10,0,0.769616026711186,0.8048843404845061
ZL,2001-11,0,0.800667779632722,0.8452314120680201
ZL,2001-12,0,0.7505843071786319,0.78267928529571
ZL,2002-01,0,0.734557595993323,0.7613269721284501
ZL,2002-02,0,0.7415692821368957,0.7708724266739047
ZL,2002-03,0,0.7886477462437405,0.834357343378092
ZL,2002-04,0,0.7699499165275467,0.8106486219555686
ZL,2002-05,0,0.8818030050083482,0.9559218223024897
ZL,2002-06,0,0.8604340567612698,0.9316885773195287
ZL,2002-07,0,0.9362270450751263,1.0197755000979531
ZL,2002-08,0,0.9482470784641079,1.0326143018097933
ZL,2002-09,0,0.9075125208681147,0.9896565553309201
ZL,2002-10,0,0.9993322203672802,1.0908338916075941
ZL,2002-11,0,1.0410684474123553,1.1325980078788938
ZL,2002-12,0,0.9739565943238745,1.0681336076223191
ZL,2003-01,0,0.9292153589315538,1.0221960004917054
ZL,2003-02,0,0.950918196994993,1.045552091041472
ZL,2003-03,0,0.9716193656093504,1.0673217539628204
ZL,2003-04,0,0.9913188647746258,1.0875966680521674
ZL,2003-05,0,0.996994991652756,1.0933225016661787
ZL,2003-06,0,0.9896494156928228,1.0859547856581413
ZL,2003-07,0,0.8801335559265455,0.975293517102136
ZL,2003-08,0,0.970951585976629,1.0784801635361265
ZL,2003-09,0,1.147913188647748,1.260736009478355
ZL,2003-10,0,1.2143572621035075,1.3186184992980174
ZL,2003-11,0,1.2787979966611036,1.371684212798155
ZL,2003-12,0,1.311185308848082,1.397010583555335
ZL,2004-01,0,1.3786310517529234,1.4484493408764452
ZL,2004-02,0,1.6200333889816383,1.6235522713680897
ZL,2004-03,0,1.5342237061769637,1.5705844230581145
ZL,2004-04,0,1.5993322203672808,1.613021855049409
ZL,2004-05,0,1.3479131886477478,1.4558193498302023
ZL,2004-06,0,1.3459098497495845,1.4543330976627515
ZL,2004-07,0,1.1388981636060114,1.3005251095704666
ZL,2004-08,0,1.401335559265444,1.530956068233615
ZL,2004-09,0,1.1532554257095171,1.3539248554625882
ZL,2004-10,0,1.1956594323873135,1.3906938189831441
ZL,2004-11,0,1.1415692821368961,1.3454550588602734
ZL,2004-12,0,1.1392320534223719,1.3434076765847542
ZL,2005-01,0,1.0611018363939915,1.2748261994452468
ZL,2005-02,0,1.2714524207011704,1.4730640849078018
ZL,2005-03,0,1.2470784641068466,1.453893916840575
ZL,2005-04,0,1.221702838063441,1.4335458579382991
ZL,2005-05,0,1.2480801335559284,1.455136456462486
ZL,2005-06,0,1.2774624373956611,1.4786784575325769
ZL,2005-07,0,1.310851419031721,1.5048154151907054
ZL,2005-08,0,1.213355592654426,1.4304394600200485
ZL,2005-09,0,1.274457429048416,1.4807971925461905
ZL,2005-10,0,1.2166944908180322,1.435473640018027
ZL,2005-11,0,1.1228714524207033,1.3583605774494212
ZL,2005-12,0,1.137228714524209,1.3711467802445445
ZL,2006-01,0,1.160601001669451,1.3916987473613969
ZL,2006-02,0,1.2213689482470806,1.4440577807330885
ZL,2006-03,0,1.1612687813021725,1.3948505636745867
ZL,2006-04,0,1.287145242070119,1.503246193346812
ZL,2006-05,0,1.2590984974958286,1.4814563100783296
ZL,2006-06,0,1.3088480801335585,1.5209683758433785
ZL,2006-07,0,1.3215358931552612,1.5306622533943988
ZL,2006-08,0,1.2350584307178656,1.4652251639552882
ZL,2006-09,0,1.1629382303839755,1.4068310033713467
ZL,2006-10,0,1.28747913188648,1.5139225910830896
ZL,2006-11,0,1.3993322203672816,1.6008001844440851
ZL,2006-12,0,1.379632721202006,1.586722398712756
ZL,2007-01,0,1.3629382303839759,1.5746217210748084
ZL,2007-02,0,1.4010016694490846,1.602549207601021
ZL,2007-03,0,1.4791318864774654,1.6583166051224698
ZL,2007-04,0,1.5121869782971649,1.6806642349193095
ZL,2007-05,0,1.5993322203672817,1.7382928505077393
ZL,2007-06,0,1.6404006677796357,1.7639713473762155
ZL,2007-07,0,1.6841402337228741,1.7906353001545583
ZL,2007-08,0,1.6060100166944935,1.7442435475772387
ZL,2007-09,0,1.7308848080133585,1.8219982253319165
ZL,2007-10,0,1.831051752921539,1.879868595702287
ZL,2007-11,0,1.9722871452420734,1.9570020749145405
ZL,2007-12,0,2.0938230383973324,2.018623879553105
ZL,2008-01,0,2.267779632721206,2.1017047279026504
ZL,2008-02,0,2.8066777963272167,2.3393372367365726
ZL,2008-03,0,2.146911519198668,2.1042670487755926
ZL,2008-04,0,2.4026711185308884,2.22339613120172
ZL,2008-05,0,2.5255425709515897,2.2745356531583623
ZL,2008-06,0,2.7178631051752964,2.350685838245618
ZL,2008-07,0,2.384974958263777,2.2282042657640453
ZL,2008-08,0,2.162938230383977,2.1351061277268064
ZL,2008-09,0,1.7829716193656122,1.9594346241763276
ZL,2008-10,0,1.3469115191986671,1.7148653357868149
ZL,2008-11,0,1.303505843071789,1.6826392574526552
ZL,2008-12,0,1.3178631051752947,1.6936536017149502
ZL,2009-01,0,1.2838063439065135,1.6678111897565007
ZL,2009-02,0,1.2076794657762964,1.6085134004197
ZL,2009-03,0,1.3051752921535922,1.689243287066092
ZL,2009-04,0,1.4056761268781333,1.7662450778054113
ZL,2009-05,0,1.5035058430717896,1.8358412773303519
ZL,2009-06,0,1.350584307178634,1.7341313061999943
ZL,2009-07,0,1.3465776293823069,1.731164680736459
ZL,2009-08,0,1.338898163606013,1.72546173007938
ZL,2009-09,0,1.2911519198664472,1.6898008821990809
ZL,2009-10,0,1.3689482470784675,1.7500543086278368
ZL,2009-11,0,1.509515859766281,1.8527372354571052
ZL,2009-12,0,1.5011686143572658,1.8472074854018077
ZL,2010-01,0,1.3308848080133588,1.73377332170074
ZL,2010-02,0,1.4437395659432424,1.8185701104614025
ZL,2010-03,0,1.392988313856431,1.7834174740136688
ZL,2010-04,0,1.398998330550922,1.7877319514825087
ZL,2010-05,0,1.3515859766277165,1.7538417366853727
ZL,2010-06,0,1.3041736227045113,1.7187626853019737
ZL,2010-07,0,1.4213689482470824,1.8086244364540474
ZL,2010-08,0,1.4040066777963311,1.7964092614481748
ZL,2010-09,0,1.5806343906510898,1.9222118773815873
ZL,2010-10,0,1.7282136894824756,2.015579008771532
ZL,2010-11,0,1.7752921535893207,2.0428201215999713
ZL,2010-12,0,2.0126878130217087,2.176542145297545
ZL,2011-01,0,1.9959933222036788,2.168247520214599
ZL,2011-02,0,1.9552587646076853,2.1478393569492926
ZL,2011-03,0,2.0046744574290547,2.173112580993009
ZL,2011-04,0,1.975959933222043,2.158788796849105
ZL,2011-05,0,1.9729549248747977,2.15726801280044
ZL,2011-06,0,1.8547579298831443,2.097359398821763
ZL,2011-07,0,1.8657762938230442,2.103299992881169
ZL,2011-08,0,1.9529215358931613,2.150007222659265
ZL,2011-09,0,1.6601001669449134,2.000067061948032
ZL,2011-10,0,1.6918196994991708,2.019174061143527
ZL,2011-11,0,1.6287145242070171,1.9818738835236338
ZL,2011-12,0,1.7128547579298887,2.0335344001288
ZL,2012-01,0,1.6621035058430775,2.0039047704991706
ZL,2012-02,0,1.7669449081803066,2.0669823116803676
ZL,2012-03,0,1.7873121869783033,2.078509144635772
ZL,2012-04,0,1.7716193656093553,2.0697290213404234
ZL,2012-05,0,1.5833055091819757,1.963434260692101
ZL,2012-06,0,1.6797996661101897,2.024379009743134
ZL,2012-07,0,1.6874791318864835,2.0289506654775806
ZL,2012-08,0,1.8030050083472517,2.097411290724909
ZL,2012-09,0,1.6634390651085202,2.020003883317502
ZL,2012-10,0,1.5843071786310579,1.9724326267940175
ZL,2012-11,0,1.5616026711185371,1.9581017521891706
ZL,2012-12,0,1.5472454090150314,1.948907824457719
ZL,2013-01,0,1.6457429048414092,2.012567729507352
ZL,2013-02,0,1.518196994991659,1.9350672223050798
ZL,2013-03,0,1.5489148580968344,1.9553003430440286
ZL,2013-04,0,1.5205342237061834,1.936977428622817
ZL,2013-05,0,1.494824707846417,1.9200692160624306
ZL,2013-06,0,1.431719532554263,1.8778534465739338
ZL,2013-07,0,1.3258764607679523,1.8039262077679639
ZL,2013-08,0,1.3752921535893214,1.841196416783325
ZL,2013-09,0,1.2761268781302224,1.7690915369581246
ZL,2013-10,0,1.2834724540901559,1.7748476855714164
ZL,2013-11,0,1.248414023372293,1.7475323890053396
ZL,2013-12,0,1.1983305509182025,1.70741471048167
ZL,2014-01,0,1.1525876460768003,1.6692425176703023
ZL,2014-02,0,1.271118530884814,1.7720814516216346
ZL,2014-03,0,1.229382303839739,1.739247198929226
ZL,2014-04,0,1.2731218697829778,1.7748256888803393
ZL,2014-05,0,1.1639398998330608,1.6890664441911183
ZL,2014-06,0,1.1746243739566002,1.698246019635754
ZL,2014-07,0,1.0941569282136951,1.6297411873446794
ZL,2014-08,0,0.9659432387312237,1.5125608394655217
ZL,2014-09,0,0.9729549248747964,1.5198197402605442
ZL,2014-10,0,1.0460767946577685,1.5949741671651427
ZL,2014-11,0,0.9672787979966664,1.519647004701051
ZL,2014-12,0,0.9572621035058484,1.5092914644870365
ZS,2000-01,0,1.0814166497048645,1.0814166497048645
ZS,2000-02,0,1.0670873193568085,1.068166132106521
ZS,2000-03,0,1.1391003460207612,1.1356517308552334
ZS,2000-04,0,1.099898229187869,1.101236749795981
ZS,2000-05,0,1.0555668634235702,1.06093177921972
ZS,2000-06,0,1.0054956238550785,1.0134963762116211
ZS,2000-07,0,0.9303480561774884,0.938759534106358
ZS,2000-08,0,1.0348870343985346,1.0511249843557673
ZS,2000-09,0,1.005169957256259,1.0224096983829878
ZS,2000-10,0,0.9415835538367598,0.9591503431262247
ZS,2000-11,0,1.0131487889273358,1.0351555311936695
ZS,2000-12,0,1.0029717077142277,1.0251105295864693
ZS,2001-01,0,0.9040911866476696,0.9265229818959101
ZS,2001-02,0,0.8967229798493793,0.9183731327356597
ZS,2001-03,0,0.8431101160187261,0.8585855896087304
ZS,2001-04,0,0.8602890291064526,0.8789612354008215
ZS,2001-05,0,0.8858131487889275,0.9086304730859582
ZS,2001-06,0,0.9453287197231836,0.9758179730859582
ZS,2001-07,0,1.0420924078974152,1.078177804280515
ZS,2001-08,0,0.9881945857927948,1.0264570339379235
ZS,2001-09,0,0.9175249338489724,0.9549431307453385
ZS,2001-10,0,0.8782414003663753,0.9121284539628728
ZS,2001-11,0,0.8938326887848569,0.9298813046164371
ZS,2001-12,0,0.8490942397720339,0.8798289295196573
ZS,2002-01,0,0.8651740280887447,0.8987665074274144
ZS,2002-02,0,0.8773865255444743,0.9128821616879893
ZS,2002-03,0,0.9491145939344601,0.9946341219719403
ZS,2002-04,0,0.9257480154691639,0.9700147782018352
ZS,2002-05,0,1.0090779564420929,1.0600284099682482
ZS,2002-06,0,1.0615916955017306,1.1120697202796892
ZS,2002-07,0,1.1538774679421948,1.1990012334325382
ZS,2002-08,0,1.1716262975778555,1.21438313500248
ZS,2002-09,0,1.1737838387950343,1.216224627653882
ZS,2002-10,0,1.212904538978222,1.249553336816676
ZS,2002-11,0,1.2391207001831885,1.2711677016429892
ZS,2002-12,0,1.2203541624262173,1.256022657456255
ZS,2003-01,0,1.2181966212090385,1.2542546942832615
ZS,2003-02,0,1.2435986159169565,1.2751068246090762
ZS,2003-03,0,1.242499491145941,1.2742229986245923
ZS,2003-04,0,1.3566049257073087,1.366058396042848
ZS,2003-05,0,1.350661510278854,1.3616773007690297
ZS,2003-06,0,1.330063097903523,1.3464266904432212
ZS,2003-07,0,1.1982902503561994,1.2473540616671674
ZS,2003-08,0,1.386647669448404,1.4045425383623706
ZS,2003-09,0,1.594422959495219,1.5543825407109602
ZS,2003-10,0,1.8768166089965426,1.7314959269800132
ZS,2003-11,0,1.7791573376755574,1.6794613963536034
ZS,2003-12,0,1.8552411968247535,1.7222253821675835
ZS,2004-01,0,1.9148381844087143,1.754348961401357
ZS,2004-02,0,2.2140850803989447,1.910626864373422
ZS,2004-03,0,2.349888052106659,1.9719627962714161
ZS,2004-04,0,2.396254834113579,1.9916942817629706
ZS,2004-05,0,1.925503765520051,1.7952414413171975
ZS,2004-06,0,2.011764705882355,1.8400405956512356
ZS,2004-07,0,1.691145939344598,1.6806686941558593
ZS,2004-08,0,1.8642784449419927,1.7830445456831923
ZS,2004-09,0,1.5663342153470403,1.6232270943774014
ZS,2004-10,0,1.5766741298595581,1.6298284406362054
ZS,2004-11,0,1.5803785874211296,1.6321779797650686
ZS,2004-12,0,1.6239772033380846,1.6597654301797817
ZS,2005-01,0,1.5275391817626724,1.6003815783762074
ZS,2005-02,0,1.835009159373094,1.8016660896223429
ZS,2005-03,0,1.851211072664362,1.8104954260910517
ZS,2005-04,0,1.8260533279055589,1.7969055415391002
ZS,2005-05,0,1.9835131284347671,1.883135115518635
ZS,2005-06,0,1.9031141868512134,1.8426015085406977
ZS,2005-07,0,1.9629961327091412,1.8740667491824088
ZS,2005-08,0,1.7114593934459619,1.745927556714397
ZS,2005-09,0,1.6385507836352553,1.703327299828426
ZS,2005-10,0,1.6119275391817647,1.687079256301557
ZS,2005-11,0,1.5615306330144534,1.6558142614787168
ZS,2005-12,0,1.682190107877063,1.733084263303582
ZS,2006-01,0,1.6293914105434582,1.7016973843257728
ZS,2006-02,0,1.5921432933034827,1.6788372434173633
ZS,2006-03,0,1.5318135558721782,1.6409450903146559
ZS,2006-04,0,1.573621005495626,1.6682378698198246
ZS,2006-05,0,1.517321392224712,1.6324607588926723
ZS,2006-06,0,1.553755342967639,1.6564727783169204
ZS,2006-07,0,1.4960716466517423,1.6193474377174653
ZS,2006-08,0,1.3863220028495848,1.5459888896507463
ZS,2006-09,0,1.365723590474254,1.5311305722230557
ZS,2006-10,0,1.5714227559535945,1.681746089824176
ZS,2006-11,0,1.6720537349888074,1.7457842225634126
ZS,2006-12,0,1.6611031956035032,1.739235067380085
ZS,2007-01,0,1.7141461428862226,1.7711674286103263
ZS,2007-02,0,1.836759617341749,1.8426977791375418
ZS,2007-03,0,1.775534296763691,1.8093644458042086
ZS,2007-04,0,1.6931813555872202,1.7629823841754486
ZS,2007-05,0,1.8413189497252216,1.850473067703927
ZS,2007-06,0,1.9323427640952606,1.8999070967099403
ZS,2007-07,0,1.8777121921432964,1.8716354189480797
ZS,2007-08,0,1.931894972521884,1.9004911619130018
ZS,2007-09,0,2.1716670059027106,2.0246035162548273
ZS,2007-10,0,2.210054956238554,2.0422802365952397
ZS,2007-11,0,2.3283126399348704,2.095789170100489
ZS,2007-12,0,2.57382454711989,2.2012354503697438
ZS,2008-01,0,2.6986769794422996,2.2497439753436463
ZS,2008-02,0,3.208182373295344,2.4385421893330577
ZS,2008-03,0,2.499816812538168,2.217742534471303
ZS,2008-04,0,2.722491349480973,2.306818876316014
ZS,2008-05,0,2.814858538571142,2.3407463262995662
ZS,2008-06,0,3.293588438835747,2.51081878063598
ZS,2008-07,0,2.9071443110116064,2.3934865349712044
ZS,2008-08,0,2.7445959698758444,2.337573128636312
ZS,2008-09,0,2.163810299206191,2.125962502866893
ZS,2008-10,0,1.9165886423773693,2.0117095774050275
ZS,2008-11,0,1.8138815387746825,1.958121080983966
ZS,2008-12,0,2.003338082637903,2.0625692159990026
ZS,2009-01,0,2.003338082637903,2.0625692159990026
ZS,2009-02,0,1.7809892122939175,1.9515800263704568
ZS,2009-03,0,1.944392428251581,2.043328597799028
ZS,2009-04,0,2.1651943822511743,2.156886926247232
ZS,2009-05,0,2.4299613270913945,2.2791701480265805
ZS,2009-06,0,2.4180744962344844,2.2742783702339118
ZS,2009-07,0,2.378261754528806,2.2578137237692655
ZS,2009-08,0,2.3721962141257937,2.2552633146768004
ZS,2009-09,0,2.2450641156116475,2.201670741787126
ZS,2009-10,0,2.362019132912686,2.2537650300917496
ZS,2009-11,0,2.5651943822511756,2.3397826437966596
ZS,2009-12,0,2.517280683899863,2.3211042548672154
ZS,2010-01,0,2.194382251170369,2.192831537885473
ZS,2010-02,0,2.28426623244454,2.2337924877045996
ZS,2010-03,0,2.2367189090168993,2.2129773468281537
ZS,2010-04,0,2.349806635456957,2.2635369973878046
ZS,2010-05,0,2.2057398738041987,2.202226947667589
ZS,2010-06,0,2.2047221656828877,2.201765556851112
ZS,2010-07,0,2.469366985548551,2.3218010080226623
ZS,2010-08,0,2.4816608996539853,2.3267795770961865
ZS,2010-09,0,2.7193568084673383,2.4225605554105463
ZS,2010-10,0,3.008141664970494,2.5287565704402617
ZS,2010-11,0,3.025198453083663,2.534426778167442
ZS,2010-12,0,3.3858742112762146,2.653650612169111
ZS,2011-01,0,3.4100142479137063,2.6607802440252195
ZS,2011-02,0,3.2625686952981967,2.6175412596996495
ZS,2011-03,0,3.371341339303896,2.650880831725353
ZS,2011-04,0,3.310278852025247,2.6327686083895645
ZS,2011-05,0,3.2675351109301936,2.6198561792542057
ZS,2011-06,0,3.08589456543864,2.564266709110809
ZS,2011-07,0,3.20504783228171,2.602878937855615
ZS,2011-08,0,3.4417667412986046,2.6767370895601315
ZS,2011-09,0,2.784123753307559,2.4856599372070027
ZS,2011-10,0,2.85442703032771,2.510911428609506
ZS,2011-11,0,2.652757989008759,2.44026010728433
ZS,2011-12,0,2.8089965397923944,2.499156754257398
ZS,2012-01,0,2.7886830856910305,2.4919251846154986
ZS,2012-02,0,3.055648280073283,2.587656820724339
ZS,2012-03,0,3.2477915733767646,2.650538172140502
ZS,2012-04,0,3.4790555668634333,2.7217447099560492
ZS,2012-05,0,3.096600854874831,2.611814096708211
ZS,2012-06,0,3.461469570527183,2.729642881479731
ZS,2012-07,0,3.995481375941392,2.8839160289200767
ZS,2012-08,0,4.276694484021995,2.954298814277034
ZS,2012-09,0,3.898066354569521,2.8657659226087016
ZS,2012-10,0,3.765357215550592,2.8317210585792933
ZS,2012-11,0,3.4979035212701106,2.760690959980435
ZS,2012-12,0,3.430409118664778,2.741395286959464
ZS,2013-01,0,3.5739873804193074,2.7832498462227666
ZS,2013-02,0,3.5759006716873714,2.78378518422607
ZS,2013-03,0,3.4589456543863335,2.751078734008634
ZS,2013-04,0,3.558762466924498,2.779936317362563
ZS,2013-05,0,3.841156116425822,2.8592879605604216
ZS,2013-06,0,3.8448605739873933,2.8602523726929383
ZS,2013-07,0,3.7924282515774608,2.8466153834183032
ZS,2013-08,0,4.267942194178724,2.972000469452159
ZS,2013-09,0,4.032933034805632,2.9169366591471286
ZS,2013-10,0,3.989456543863234,2.9061562939471166
ZS,2013-11,0,4.2107877060859105,2.961635319671344
ZS,2013-12,0,4.09664156319969,2.9345272936074216
ZS,2014-01,0,4.0657439446366945,2.926985111044868
ZS,2014-02,0,4.5163443924282705,3.037813646714455
ZS,2014-03,0,4.676043150824364,3.073173828427752
ZS,2014-04,0,4.869122735599451,3.114465060896607
ZS,2014-05,0,4.806350498677,3.1015731622259275
ZS,2014-06,0,4.450641156116445,3.0275649635607516
ZS,2014-07,0,3.9737838387950513,2.9204214530878714
ZS,2014-08,0,3.7616527579890255,2.8670388108980664
ZS,2014-09,0,3.353999592916767,2.7586680517400124
ZS,2014-10,0,3.8237329533889857,2.8987197564164937
ZS,2014-11,0,3.7025849786281464,2.867036588099662
ZS,2014-12,0,3.7011601872583118,2.866651778195755
SB,2000-01,0,0.8855465884079237,0.8855465884079237
SB,2000-02,0,0.7931034482758621,0.7811555362123976
SB,2000-03,0,0.9376375641966251,0.9633942041124901
SB,2000-04,0,1.0374174614820253,1.0698104795428502
SB,2000-05,0,1.1797505502567867,1.2070099137719872
SB,2000-06,0,1.3330887747615559,1.3369850381500967
SB,2000-07,0,1.634629493763757,1.563182066218341
SB,2000-08,0,1.659574468085107,1.5784423893781256
SB,2000-09,0,1.4930300807043293,1.4780887200589392
SB,2000-10,0,1.56419662509171,1.5257545677247868
SB,2000-11,0,1.540719002201028,1.5107451868617474
SB,2000-12,0,1.6118855465884088,1.5569356630522235
SB,2001-01,0,1.5722670579603826,1.5323566917276903
SB,2001-02,0,1.4717534849596488,1.4684276203324498
SB,2001-03,0,1.26852531181218,1.330341877560765
SB,2001-04,0,1.4812912692589888,1.4980688873930381
SB,2001-05,0,1.4900953778429946,1.5040124237971986
SB,2001-06,0,1.6551724137931048,1.614795289380655
SB,2001-07,0,1.4020542920029362,1.4618697574657613
SB,2001-08,0,1.398385913426267,1.4592533262779015
SB,2001-09,0,1.2157006603081453,1.3286132423324664
SB,2001-10,0,1.2355099046221585,1.3449077504797202
SB,2001-11,0,1.407923697725607,1.4844564440664187
SB,2001-12,0,1.3550990462215717,1.4469369026385919
SB,2002-01,0,1.1694790902421146,1.309958017960736
SB,2002-02,0,1.1540719002201043,1.2967836139456794
SB,2002-03,0,1.2024944974321365,1.3387416559037213
SB,2002-04,0,1.200293470286135,1.3369112715230014
SB,2002-05,0,1.320616287600882,1.4371557703005076
SB,2002-06,0,1.1474688187820998,1.3060446591893964
SB,2002-07,0,1.341892883345563,1.475481999342849
SB,2002-08,0,1.3829787234042572,1.5060998232903613
SB,2002-09,0,1.5759354365370528,1.6456223697094594
SB,2002-10,0,1.8011738811445368,1.7885460196163496
SB,2002-11,0,1.8136463683052118,1.795470663200871
SB,2002-12,0,1.862802641232578,1.8225742230714213
SB,2003-01,0,2.1144534115920797,1.9576667791958795
SB,2003-02,0,2.144534115920766,1.9718930109793629
SB,2003-03,0,1.9493763756419693,1.8808906161794998
SB,2003-04,0,1.868672046955249,1.8394905409066358
SB,2003-05,0,1.8378576669112288,1.823000552685199
SB,2003-06,0,1.6471019809244345,1.7192081375155384
SB,2003-07,0,1.9090242112986096,1.878228182058968
SB,2003-08,0,1.6654438738077801,1.7506340237192295
SB,2003-09,0,1.6449009537784332,1.738299221957115
SB,2003-10,0,1.5143066764490125,1.6589058232059999
SB,2003-11,0,1.596478356566401,1.7131693890974726
SB,2003-12,0,1.4482758620689682,1.6203385067445315
SB,2004-01,0,1.4966984592810006,1.6537731572004584
SB,2004-02,0,1.4988994864270022,1.6552437454357525
SB,2004-03,0,1.5678650036683817,1.7012545139134811
SB,2004-04,0,1.6353631694790933,1.7443055199967754
SB,2004-05,0,1.6610418195157775,1.7600076285656405
SB,2004-06,0,1.663242846661779,1.7613327169048631
SB,2004-07,0,1.7909024211298643,1.8380861355197724
SB,2004-08,0,1.7278063096111556,1.80285467300441
SB,2004-09,0,1.7659574468085144,1.82493535240993
SB,2004-10,0,1.676449009537788,1.7742498517867478
SB,2004-11,0,1.7234042553191526,1.8022586045219775
SB,2004-12,0,1.7622890682318453,1.8248213971997127
SB,2005-01,0,1.797505502567869,1.8448047444103703
SB,2005-02,0,1.7175348495964822,1.800314948492003
SB,2005-03,0,1.6294937637564233,1.749054803254925
SB,2005-04,0,1.628026412325756,1.7481543079825252
SB,2005-05,0,1.6463683052091016,1.7594206441699969
SB,2005-06,0,1.7248716067498207,1.8071033536174121
SB,2005-07,0,1.8173147468818822,1.8606975688449747
SB,2005-08,0,1.861335289801912,1.8849204190670175
SB,2005-09,0,2.0286133528980237,1.974790344175413
SB,2005-10,0,2.046955245781369,1.9838319354954854
SB,2005-11,0,2.245047688921502,2.080606129043873
SB,2005-12,0,2.651504035216441,2.2616518806778596
SB,2006-01,0,3.2553191489361777,2.489377392576033
SB,2006-02,0,3.0682318415260528,2.431906128208217
SB,2006-03,0,3.208363903154813,2.4775780555157256
SB,2006-04,0,3.0652971386647176,2.432986242115314
SB,2006-05,0,2.719002201027153,2.320013527897985
SB,2006-06,0,2.7938371239912025,2.3475364636778018
SB,2006-07,0,2.5487894350697053,2.2598263796441884
SB,2006-08,0,2.017608217168017,2.05142108315599
SB,2006-09,0,1.8804108584005916,1.9834210831559902
SB,2006-10,0,1.8481291269259035,1.9662537011817414
SB,2006-11,0,1.9794570799706581,2.037313645604131
SB,2006-12,0,1.880410858400592,1.9872765811119149
SB,2007-01,0,1.6962582538518025,1.8893444703042679
SB,2007-02,0,1.7417461482024994,1.9161610793008073
SB,2007-03,0,1.6294937637564246,1.8517128905897713
SB,2007-04,0,1.5055025678650082,1.7756210400719865
SB,2007-05,0,1.5458547322083687,1.8024241589803687
SB,2007-06,0,1.49816581071167,1.7715746098583942
SB,2007-07,0,1.6258253851797553,1.8567851877232324
SB,2007-08,0,1.4915627292736655,1.7742039602864095
SB,2007-09,0,1.5517241379310391,1.8145384413488785
SB,2007-10,0,1.5253118121790215,1.7975171647531338
SB,2007-11,0,1.490095377842998,1.7744291416651108
SB,2007-12,0,1.6537050623624407,1.8842272706656031
SB,2008-01,0,1.8892149669845988,2.026640757799587
SB,2008-02,0,2.16947909024212,2.1749902723626944
SB,2008-03,0,1.7344093910491623,1.9744491834211995
SB,2008-04,0,1.647101980924437,1.9241107739457342
SB,2008-05,0,1.3969185619956028,1.77221767817736
SB,2008-06,0,1.6713132795304537,1.9686462496059316
SB,2008-07,0,1.7776962582538582,2.0322985762082144
SB,2008-08,0,1.6280264123257582,1.9481054272193576
SB,2008-09,0,1.4886280264123313,1.8624812721945716
SB,2008-10,0,1.310344827586212,1.7427178419333593
SB,2008-11,0,1.297138664710203,1.7326394544753525
SB,2008-12,0,1.2868672046955294,1.7247209024391534
SB,2009-01,0,1.380777696258259,1.7976969571711945
SB,2009-02,0,1.4563462949376431,1.8524259688608864
SB,2009-03,0,1.3440939104915677,1.775347883218569
SB,2009-04,0,1.481291269258993,1.8774221190264293
SB,2009-05,0,1.606749816581077,1.9621175127857158
SB,2009-06,0,1.7182685253118186,2.03152390547978
SB,2009-07,0,1.7916360968452012,2.0742224537291394
SB,2009-08,0,2.3484959647835746,2.38503326453995
SB,2009-09,0,2.30154071900221,2.3650395125874355
SB,2009-10,0,2.0674981658107194,2.2633500003145635
SB,2009-11,0,2.052090975788709,2.2558979066311
SB,2009-12,0,2.442406456346304,2.4461016964058584
SB,2010-01,0,2.7101980924431497,2.555744231701743
SB,2010-02,0,2.208363903154814,2.370579099054207
SB,2010-03,0,1.552457813646374,2.073569132276798
SB,2010-04,0,1.4057226705796089,1.9790511738646996
SB,2010-05,0,1.316947909024216,1.9158987730296264
SB,2010-06,0,1.5106382978723458,2.0629739819432755
SB,2010-07,0,1.840792369772567,2.2815266774265197
SB,2010-08,0,1.857666911225245,2.2906936762308243
SB,2010-09,0,2.3074101247248797,2.5327947820760057
SB,2010-10,0,2.8620689655172513,2.773176340104623
SB,2010-11,0,2.7072633895818146,2.7190876448982655
SB,2010-12,0,3.1570066030814496,2.885212306144878
SB,2011-01,0,3.3382245047689048,2.9426141188337
SB,2011-02,0,3.159207630227452,2.8889877452073263
SB,2011-03,0,2.9082905355832835,2.809563685755399
SB,2011-04,0,2.5553925165077134,2.6882216070470233
SB,2011-05,0,2.661775495231118,2.7298523851119096
SB,2011-06,0,3.166544387380789,2.919488548287213
SB,2011-07,0,3.5840058694057357,3.051323580724655
SB,2011-08,0,3.567865003668392,3.046819998329568
SB,2011-09,0,3.148202494497444,2.9291971317862817
SB,2011-10,0,3.2083639031548175,2.948306896409913
SB,2011-11,0,2.949376375641978,2.8675842803568603
SB,2011-12,0,2.9009537784299453,2.851166369909099
SB,2012-01,0,2.9427732942039735,2.8655821513962008
SB,2012-02,0,3.225238444607496,2.961568189790616
SB,2012-03,0,3.1870873074101373,2.949739254394802
SB,2012-04,0,2.771826852531192,2.819444595094618
SB,2012-05,0,2.5487894350697093,2.738978740144909
SB,2012-06,0,2.8371239911959028,2.852104819592232
SB,2012-07,0,3.05722670579605,2.929684338599214
SB,2012-08,0,2.670579603815124,2.8032144561898065
SB,2012-09,0,2.662509170946452,2.800192478167829
SB,2012-10,0,2.537050623624368,2.753072059319661
SB,2012-11,0,2.5216434336023577,2.746999184825734
SB,2012-12,0,2.543653705062373,2.7557277271591643
SB,2013-01,0,2.4482758620689755,2.71823133258172
SB,2013-02,0,2.426999266324295,2.709540892066287
SB,2013-03,0,2.330887747615564,2.669939924714413
SB,2013-04,0,2.3345561261922327,2.671513736486525
SB,2013-05,0,2.195157740278806,2.611802862822163
SB,2013-06,0,2.219369038884822,2.6228322745868686
SB,2013-07,0,2.2259721203228264,2.6258074811984393
SB,2013-08,0,2.1430667644901047,2.5885629195636337
SB,2013-09,0,2.3044754218635464,2.6638795919361087
SB,2013-10,0,2.3272193690388945,2.673749060258299
SB,2013-11,0,2.178283198826128,2.6097515823263953
SB,2013-12,0,2.084372707263398,2.566639423350309
SB,2014-01,0,1.9750550256786583,2.5141931016326042
SB,2014-02,0,2.197358767424807,2.626748822286393
SB,2014-03,0,2.2105649303008157,2.632758838980884
SB,2014-04,0,2.118121790168754,2.590940053717027
SB,2014-05,0,2.07703595011006,2.571542755483567
SB,2014-06,0,2.057226705796047,2.562005489499816
SB,2014-07,0,1.8804108584005952,2.476056844706663
SB,2014-08,0,1.7696258253851875,2.417141511113218
SB,2014-09,0,1.6052824651504105,2.3242725227218415
SB,2014-10,0,1.565663976522384,2.299592449595699
SB,2014-11,0,1.5216434336023545,2.271476235912475
SB,2014-12,0,1.4174614820249514,2.203009504957798
MW,2000-01,0,1.0023595156783607,1.0023595156783607
MW,2000-02,0,0.9760788574976714,0.9761407211544183
MW,2000-03,0,0.9966470040360137,0.9972129392240441
MW,2000-04,0,0.9590655076063337,0.9595050082540113
MW,2000-05,0,0.9642191865880162,0.9648786547263417
MW,2000-06,0,0.9452188761254269,0.9451732695536781
MW,2000-07,0,0.8554330953120151,0.8501838622521066
MW,2000-08,0,0.8743868363862156,0.8723407570204662
MW,2000-09,0,0.8936665631791373,0.8943901818180803
MW,2000-10,0,0.8695746662527168,0.8674316964958638
MW,2000-11,0,0.8625582117354862,0.859362861478548
MW,2000-12,0,0.8625582117354862,0.859362861478548
MW,2001-01,0,0.848059608817138,0.8425540215404566
MW,2001-02,0,0.8363085998137229,0.8286976736125022
MW,2001-03,0,0.8092052157714998,0.7962893209442887
MW,2001-04,0,0.852856255821174,0.8502324236318523
MW,2001-05,0,0.8302235330642663,0.8236948651600373
MW,2001-06,0,0.7759546724619688,0.7583283000832839
MW,2001-07,0,0.7845389630549523,0.7693911764311343
MW,2001-08,0,0.763085998137225,0.7420464989479528
MW,2001-09,0,0.71803787643589,0.6830123641174065
MW,2001-10,0,0.7373486494877373,0.7099061724882124
MW,2001-11,0,0.6969419434958094,0.6551061724882126
MW,2001-12,0,0.6744489289040677,0.6228323011827801
MW,2002-01,0,0.6710804098106186,0.6178378250273759
MW,2002-02,0,0.6432008692952508,0.5762935628081354
MW,2002-03,0,0.6611921763427515,0.6042650844685672
MW,2002-04,0,0.6197143744178835,0.5415332443032859
MW,2002-05,0,0.6440856876746361,0.5808599313430133
MW,2002-06,0,0.7036168891648565,0.6732873872381253
MW,2002-07,0,0.8004191244954993,0.8108654312295653
MW,2002-08,0,0.9185035703197777,0.9583936976221337
MW,2002-09,0,1.0622322260167663,1.1148750226179085
MW,2002-10,0,0.9856411052468191,1.0427710900746887
MW,2002-11,0,0.8907792610990389,0.9465272913503797
MW,2002-12,0,0.7801459174169525,0.8223289085258991
MW,2003-01,0,0.7889320086929539,0.8335910212664129
MW,2003-02,0,0.780409810617822,0.8227888254102061
MW,2003-03,0,0.7599037565973314,0.7965128179311911
MW,2003-04,0,0.7257218255200264,0.7515308964963456
MW,2003-05,0,0.7715461036945064,0.8146739308699418
MW,2003-06,0,0.7387302080099364,0.7721412869651474
MW,2003-07,0,0.8040049674014299,0.8605020426019542
MW,2003-08,0,0.8245265445513833,0.8860262345933043
MW,2003-09,0,0.7882645141260495,0.8420470192909474
MW,2003-10,0,0.8180378764358911,0.8798177951869692
MW,2003-11,0,0.8661440546414174,0.9386245810232439
MW,2003-12,0,0.8410431542999084,0.9096445283322389
MW,2004-01,0,0.8843061161130101,0.9610841739579311
MW,2004-02,0,0.9375349270412934,1.0212769171250278
MW,2004-03,0,0.9583824899099675,1.0435134890834354
MW,2004-04,0,0.9205371002794179,1.0040246732619935
MW,2004-05,0,0.8899720583669685,0.9708211859683561
MW,2004-06,0,0.8552623408879246,0.9318202789705189
MW,2004-07,0,0.7694039118286261,0.8314318660185804
MW,2004-08,0,0.78382489909966,0.8501749306811447
MW,2004-09,0,0.7746352064576233,0.8384507654337885
MW,2004-10,0,0.7930145917416966,0.8621772693815261
MW,2004-11,0,0.7285625582117368,0.7809025561528528
MW,2004-12,0,0.7425023284694207,0.8000358071009925
MW,2005-01,0,0.7301769636758783,0.783436041253861
MW,2005-02,0,0.7915864638311096,0.8675382564841003
MW,2005-03,0,0.7454982924557604,0.8093157204994746
MW,2005-04,0,0.7302080099348042,0.7888055695364347
MW,2005-05,0,0.7397392114250246,0.80185829062487
MW,2005-06,0,0.7354703508227273,0.7960875263658362
MW,2005-07,0,0.7402359515678375,0.8025671903519903
MW,2005-08,0,0.702856255821175,0.7520701891357005
MW,2005-09,0,0.8059608817137552,0.8987639476939409
MW,2005-10,0,0.7838714684880489,0.8713563976168992
MW,2005-11,0,0.7848028562558229,0.8725445870142892
MW,2005-12,0,0.8171064886681173,0.9137060483351743
MW,2006-01,0,0.8264979819931716,0.925199646116245
MW,2006-02,0,0.8747749146227899,0.983611080483204
MW,2006-03,0,0.8262340887923024,0.9281215768188029
MW,2006-04,0,0.8418503570319796,0.9470221141501823
MW,2006-05,0,0.9244799751629948,1.045174496507462
MW,2006-06,0,0.9764048432163945,1.1013410652254536
MW,2006-07,0,0.9625426886060251,1.0871439269106684
MW,2006-08,0,0.9157559764048453,1.0385365116188465
MW,2006-09,0,0.9070475007761587,1.029026908784612
MW,2006-10,0,0.9583359205215795,1.0855712680398146
MW,2006-11,0,0.9961502638932033,1.1250296067724828
MW,2006-12,0,0.9745420676808466,1.1033379032257644
MW,2007-01,0,0.9308444582427838,1.0584987824866756
MW,2007-02,0,0.96224774914623,1.0922351286886267
MW,2007-03,0,0.8974852530270122,1.0249317796533295
MW,2007-04,0,0.9906861223222625,1.1287784656917965
MW,2007-05,0,1.0051847252406108,1.1434133763781014
MW,2007-06,0,1.1645917416951284,1.3019981742284272
MW,2007-07,0,1.1697143744178853,1.3063968253087626
MW,2007-08,0,1.3072027320707886,1.423936936518668
MW,2007-09,0,1.6640950015523168,1.696956767892614
MW,2007-10,0,1.5322725861533724,1.6177410889343955
MW,2007-11,0,1.7560384973610723,1.7637764048630342
MW,2007-12,0,1.9337938528407372,1.8650016090637342
MW,2008-01,0,2.562216702887308,2.189970503304152
MW,2008-02,0,3.61772741384664,2.601922665574384
MW,2008-03,0,2.6668115492083264,2.3390737121129543
MW,2008-04,0,2.523051847252412,2.2851667526959716
MW,2008-05,0,2.8369916175100967,2.4095953373085166
MW,2008-06,0,2.880099348028569,2.4247902114323625
MW,2008-07,0,2.6376901583359267,2.3406232573102517
MW,2008-08,0,2.5815119528096924,2.319324999306485
MW,2008-09,0,2.22989754734555,2.183120165901996
MW,2008-10,0,1.9335144365104047,2.050206834889117
MW,2008-11,0,1.8068301769636799,1.9846866312875533
MW,2008-12,0,1.9370071406395573,2.05673378067413
MW,2009-01,0,1.9288730208009979,2.0525344570537363
MW,2009-02,0,1.8513039428748879,2.0123197425081942
MW,2009-03,0,1.9520800993480332,2.0667549728014167
MW,2009-04,0,2.045622477491467,2.114674306733808
MW,2009-05,0,2.3991151816206204,2.2874787748205287
MW,2009-06,0,1.9786867432474435,2.1122356511914355
MW,2009-07,0,1.888916485563494,2.066867045983813
MW,2009-08,0,1.6426730828935154,1.9365047962221353
MW,2009-09,0,1.5014591741695162,1.8505388726341896
MW,2009-10,0,1.565585221980755,1.8932480244475967
MW,2009-11,0,1.741322570630243,2.0054982847222482
MW,2009-12,0,1.614669357342444,1.9327643665935934
MW,2010-01,0,1.4835610058987927,1.8515661009254814
MW,2010-02,0,1.535532443340581,1.8865976481521505
MW,2010-03,0,1.3977801924868087,1.796887885619169
MW,2010-04,0,1.527662216702891,1.889808092182554
MW,2010-05,0,1.4381248059608853,1.8311973536547321
MW,2010-06,0,1.4242626513505157,1.821558305254404
MW,2010-07,0,1.9122167028873067,2.164159475813853
MW,2010-08,0,1.9169823036324172,2.16665166236254
MW,2010-09,0,1.9646693573424454,2.1915277676972984
MW,2010-10,0,2.1165787022663825,2.268848332786898
MW,2010-11,0,2.027615647314504,2.2268167962999157
MW,2010-12,0,2.350993480285632,2.3863035478444843
MW,2011-01,0,2.6130394287488428,2.497765340767608
MW,2011-02,0,2.481123874573121,2.4472817725809293
MW,2011-03,0,2.435641105246825,2.428950253630018
MW,2011-04,0,2.4755200248370146,2.445323322512902
MW,2011-05,0,2.676591120769955,2.526547103341004
MW,2011-06,0,2.117028873020807,2.3174893046331526
MW,2011-07,0,2.2122167028873085,2.3624522388092357
MW,2011-08,0,2.5875194039118363,2.5321023009097052
MW,2011-09,0,2.439211425023292,2.4747856374426287
MW,2011-10,0,2.4843216392424785,2.4932794070914635
MW,2011-11,0,2.340018627755362,2.4351939284611213
MW,2011-12,0,2.413893200869302,2.4667640075355783
MW,2012-01,0,2.352095622477498,2.4411632152679053
MW,2012-02,0,2.3151195280968713,2.425442725834028
MW,2012-03,0,2.3907792610990444,2.4581234285294817
MW,2012-04,0,2.227475939149339,2.389817949806768
MW,2012-05,0,2.1400496740142874,2.350568921972852
MW,2012-06,0,2.631698230363249,2.5803059053330237
MW,2012-07,0,2.9721515057435672,2.709672286117999
MW,2012-08,0,2.908832660664399,2.6883682425802427
MW,2012-09,0,2.9402669978267713,2.699174755305245
MW,2012-10,0,2.889661595777718,2.681963596561343
MW,2012-11,0,2.839382179447386,2.664563837224887
MW,2012-12,0,2.6234088792300616,2.5885003534921838
MW,2013-01,0,2.6219031356721607,2.5879263889951423
MW,2013-02,0,2.396755665942263,2.5020546164392967
MW,2013-03,0,2.332474386836395,2.4752344945473155
MW,2013-04,0,2.5159577770878703,2.5538991912689544
MW,2013-05,0,2.5098416640794876,2.5514682629504906
MW,2013-06,0,2.4395374107420147,2.523456833248108
MW,2013-07,0,2.3332971126979287,2.4799074711533606
MW,2013-08,0,2.276792921452974,2.4556910132760263
MW,2013-09,0,2.272120459484641,2.4536388011822927
MW,2013-10,0,2.276792921452974,2.455695233511322
MW,2013-11,0,2.1777243092207477,2.4121828827398675
MW,2013-12,0,1.9553244334057824,2.3100579834248824
MW,2014-01,0,1.859143123253656,2.2608685453403807
MW,2014-02,0,2.064250232846951,2.371192009428686
MW,2014-03,0,2.3363396460726586,2.5030022952632915
MW,2014-04,0,2.4013194660043573,2.5308149551395767
MW,2014-05,0,2.2068767463520746,2.449841672573462
MW,2014-06,0,2.101785159888243,2.4022216200999624
MW,2014-07,0,1.912402980440866,2.312116226332006
MW,2014-08,0,1.9323502018006922,2.322546675125402
MW,2014-09,0,1.6370071406395608,2.1697053004688254
MW,2014-10,0,1.7620459484632183,2.24608786760583
MW,2014-11,0,1.8629773362309932,2.303368659775752
MW,2014-12,0,1.880347718099978,2.312692649676846
ZW,2000-01,0,1.031187839822201,1.031187839822201
ZW,2000-02,0,0.9988649442393936,0.9998425365374177
ZW,2000-03,0,1.0113997698138668,1.012391606005481
ZW,2000-04,0,0.9376465452236378,0.9394696746471198
ZW,2000-05,0,1.0112600706433306,1.0179784963291059
ZW,2000-06,0,0.9577521133468271,0.9650663337214558
ZW,2000-07,0,0.8694796999642816,0.8729000913791852
ZW,2000-08,0,0.8792380045243484,0.8841232453648016
ZW,2000-09,0,0.868585942770965,0.8720081392176942
ZW,2000-10,0,0.8349898797475893,0.8333291077378646
ZW,2000-11,0,0.8357534627138155,0.8342435894396751
ZW,2000-12,0,0.8533079334841454,0.8552479544270817
ZW,2001-01,0,0.8334627138151371,0.831991145378116
ZW,2001-02,0,0.8072072072072077,0.800489428297401
ZW,2001-03,0,0.7437679088780416,0.7218983332690814
ZW,2001-04,0,0.7949057427471531,0.7906534291245235
ZW,2001-05,0,0.7493019010199632,0.7332833042470942
ZW,2001-06,0,0.693479382466167,0.6587839355976759
ZW,2001-07,0,0.7485811802992426,0.7382409450290468
ZW,2001-08,0,0.734333452395127,0.7192079686744715
ZW,2001-09,0,0.6879612652299884,0.656059290081811
ZW,2001-10,0,0.7451331507719179,0.7391626396909153
ZW,2001-11,0,0.7144453704806134,0.6979783489913087
ZW,2001-12,0,0.7132103028138276,0.6962496406564014
ZW,2002-01,0,0.7058078342659847,0.6858705581913305
ZW,2002-02,0,0.6685367305631629,0.6330642532831645
ZW,2002-03,0,0.6903377386196776,0.6656742910863978
ZW,2002-04,0,0.6337675120053982,0.5837285659006488
ZW,2002-05,0,0.6656030479819034,0.6339607652063053
ZW,2002-06,0,0.7181172361789111,0.7128579222374063
ZW,2002-07,0,0.7662975751081487,0.7799505033674795
ZW,2002-08,0,0.8215676469420973,0.852076624641122
ZW,2002-09,0,0.8804111600587381,0.9237000793081338
ZW,2002-10,0,0.8931777592570554,0.9382008032624571
ZW,2002-11,0,0.8426542842401884,0.8816348235420346
ZW,2002-12,0,0.7211668055720929,0.7374624376179075
ZW,2003-01,0,0.7111814898599049,0.7236163819827389
ZW,2003-02,0,0.6863467873159514,0.6886960376008207
ZW,2003-03,0,0.634359645989603,0.6129513232856988
ZW,2003-04,0,0.6191117990236944,0.588914726597519
ZW,2003-05,0,0.7099797594951792,0.7356862153896542
ZW,2003-06,0,0.6633821486684934,0.6700539065759236
ZW,2003-07,0,0.7445680041274767,0.7924356372600176
ZW,2003-08,0,0.7858602214549363,0.847893590191863
ZW,2003-09,0,0.7430614755724898,0.7934325744615984
ZW,2003-10,0,0.7621399372941234,0.8191080567047528
ZW,2003-11,0,0.8114489820216706,0.8838062076802973
ZW,2003-12,0,0.7520990594118361,0.8106655371948057
ZW,2004-01,0,0.7760384172718989,0.8424955967600763
ZW,2004-02,0,0.7641036631345016,0.8271165203229163
ZW,2004-03,0,0.797834662856691,0.8712610537803509
ZW,2004-04,0,0.746636504345757,0.8070896647764987
ZW,2004-05,0,0.6930317101242226,0.7352946294286009
ZW,2004-06,0,0.6450561574790663,0.6660690053419961
ZW,2004-07,0,0.5829773385720535,0.5698311535096501
ZW,2004-08,0,0.5793689724967271,0.5636416057578203
ZW,2004-09,0,0.550648093026949,0.5140689140308043
ZW,2004-10,0,0.5681501766083277,0.5458534308629042
ZW,2004-11,0,0.5238623645672116,0.4679025406502144
ZW,2004-12,0,0.5347303250386963,0.48864837239260983
ZW,2005-01,0,0.506038020399255,0.43499084953309197
ZW,2005-02,0,0.5845775290709225,0.5901956078824768
ZW,2005-03,0,0.560449259832521,0.548920895738223
ZW,2005-04,0,0.5352033972298302,0.5038751361805515
ZW,2005-05,0,0.544644203675042,0.5215147970909204
ZW,2005-06,0,0.528458149779737,0.49179621423244524
ZW,2005-07,0,0.5224812477675927,0.48048613790069505
ZW,2005-08,0,0.48525300631027635,0.40923335779350145
ZW,2005-09,0,0.5291931579156263,0.4997843714584309
ZW,2005-10,0,0.48448942334405015,0.41530910207351646
ZW,2005-11,0,0.4671381513672274,0.3794955814045604
ZW,2005-12,0,0.49408104139381803,0.43717207378210166
ZW,2006-01,0,0.4999071318014063,0.4489638446040556
ZW,2006-02,0,0.5382672540381805,0.5256983414665914
ZW,2006-03,0,0.4912934079453917,0.4384297109853902
ZW,2006-04,0,0.4891471206889723,0.43406106442569936
ZW,2006-05,0,0.5369020121443044,0.5316899565023172
ZW,2006-06,0,0.516367821566061,0.4934442615453678
ZW,2006-07,0,0.5183236099535675,0.49723184920250507
ZW,2006-08,0,0.522389173314285,0.5050755269409775
ZW,2006-09,0,0.5480604833908815,0.5542176443277631
ZW,2006-10,0,0.5975457395721732,0.6445092411148978
ZW,2006-11,0,0.6168877247291363,0.6768782864884142
ZW,2006-12,0,0.59263880620709,0.6375698069223901
ZW,2007-01,0,0.5530102790014703,0.5707018819897591
ZW,2007-02,0,0.5601952613406377,0.5836943752796502
ZW,2007-03,0,0.5027979521371609,0.48123490594012786
ZW,2007-04,0,0.5547168313688158,0.5844948317432694
ZW,2007-05,0,0.5787863634559691,0.6278854965402244
ZW,2007-06,0,0.652779299122914,0.7557270289929388
ZW,2007-07,0,0.6885438742707493,0.8105151866380864
ZW,2007-08,0,0.8310544906139653,1.01748909442886
ZW,2007-09,0,1.0069976584514069,1.2291998424298225
ZW,2007-10,0,0.8663491685518152,1.0895287233173059
ZW,2007-11,0,0.9239036393221451,1.1559620655071965
ZW,2007-12,0,0.9257244910108383,1.1579328897481629
ZW,2008-01,0,0.9691629955947176,1.2048566829562768
ZW,2008-02,0,1.1126181688296273,1.3528763389759328
ZW,2008-03,0,0.9517704488629639,1.2083094745539178
ZW,2008-04,0,0.808764535460574,1.0580569493013927
ZW,2008-05,0,0.7676834543794929,1.0072620896359816
ZW,2008-06,0,0.8483454379489658,1.1123340214449986
ZW,2008-07,0,0.7742540778664161,1.0249977115313396
ZW,2008-08,0,0.7674421558122033,1.0161996667435302
ZW,2008-09,0,0.6535508195420119,0.8677958614434977
ZW,2008-10,0,0.5153931023534571,0.6564003386203892
ZW,2008-11,0,0.5196348771679191,0.6646305124335282
ZW,2008-12,0,0.5654641425566561,0.7528256421340453
ZW,2009-01,0,0.5258832400682646,0.6828284495456121
ZW,2009-02,0,0.47259276898043645,0.5814932727848723
ZW,2009-03,0,0.48278763344842873,0.6030654701123652
ZW,2009-04,0,0.4756820256379751,0.5883475955891508
ZW,2009-05,0,0.565011707742988,0.7761404431015321
ZW,2009-06,0,0.4554573957217152,0.5822430237738837
ZW,2009-07,0,0.4449291582331252,0.5591272777403672
ZW,2009-08,0,0.396804381473987,0.45096449301695585
ZW,2009-09,0,0.3639861888320057,0.36825826754617497
ZW,2009-10,0,0.39322459022899753,0.448586593988491
ZW,2009-11,0,0.4514712068897114,0.5967121642301522
ZW,2009-12,0,0.4152383220224652,0.5164570243357105
ZW,2010-01,0,0.36347660435766355,0.391801579692041
ZW,2010-02,0,0.38691749017740407,0.4562923489429678
ZW,2010-03,0,0.33568916934555876,0.32389119848487713
ZW,2010-04,0,0.36543398023574425,0.41249939203539987
ZW,2010-05,0,0.3325602254236633,0.3225412693920874
ZW,2010-06,0,0.33775766956383874,0.3381698495494233
ZW,2010-07,0,0.4652299876969505,0.7155774693311512
ZW,2010-08,0,0.45993094416002145,0.7041873103193447
ZW,2010-09,0,0.45205064094932174,0.6870536442532538
ZW,2010-10,0,0.4810588562130438,0.7512239221734527
ZW,2010-11,0,0.4363725840377846,0.6583324358238714
ZW,2010-12,0,0.5019391197364793,0.8085859991710531
ZW,2011-01,0,0.5313251577568787,0.8671310235872158
ZW,2011-02,0,0.49610509187601975,0.8008438068675159
ZW,2011-03,0,0.4634662856689314,0.7350537016225469
ZW,2011-04,0,0.4659951581537511,0.7405101340816408
ZW,2011-05,0,0.4549446362662247,0.7167963214074748
ZW,2011-06,0,0.34141524784696786,0.4672508176929928
ZW,2011-07,0,0.3737921181093009,0.5620821717889448
ZW,2011-08,0,0.42230741754971074,0.691874366674722
ZW,2011-09,0,0.3250672699130869,0.46161521517597404
ZW,2011-10,0,0.3352049847204053,0.4928017286937111
ZW,2011-11,0,0.31818867325475453,0.4420378312539279
ZW,2011-12,0,0.3382688415287556,0.5051455719179837
ZW,2012-01,0,0.345136325753068,0.5254474247084325
ZW,2012-02,0,0.3441330317101265,0.5225404747061329
ZW,2012-03,0,0.3403992538794324,0.5116906652236208
ZW,2012-04,0,0.33325554629519616,0.49070440422915196
ZW,2012-05,0,0.3277818787950969,0.474279568810957
ZW,2012-06,0,0.3760542921776428,0.6215494958734042
ZW,2012-07,0,0.44110965591142104,0.7945441008732774
ZW,2012-08,0,0.43142913838949376,0.7725982708688868
ZW,2012-09,0,0.437734650950513,0.7872136781280197
ZW,2012-10,0,0.41930388538318353,0.7451087967179959
ZW,2012-11,0,0.41175536770250715,0.7271062979484505
ZW,2012-12,0,0.37098543477398366,0.6280913581894144
ZW,2013-01,0,0.37169980553240733,0.6300169614381211
ZW,2013-02,0,0.3394118347422337,0.5431512426252589
ZW,2013-03,0,0.32670397269516444,0.5057104089645228
ZW,2013-04,0,0.346030082946385,0.5648652153532809
ZW,2013-05,0,0.3339588046195999,0.5299801607823019
ZW,2013-06,0,0.3082636821843892,0.45303916662441746
ZW,2013-07,0,0.3113100765964224,0.46292159711524306
ZW,2013-08,0,0.30155018454578136,0.4315705655092421
ZW,2013-09,0,0.3128467674723204,0.46903226676323007
ZW,2013-10,0,0.30777473508751263,0.4528197534430901
ZW,2013-11,0,0.3055252609437653,0.44551092043212936
ZW,2013-12,0,0.2765138706988947,0.3505551378717786
ZW,2014-01,0,0.25390006746835125,0.2687733336773396
ZW,2014-02,0,0.2770742548716137,0.360046201913781
ZW,2014-03,0,0.32078104536254554,0.5177901630450091
ZW,2014-04,0,0.32837560026987583,0.5414653614930564
ZW,2014-05,0,0.2854800174623984,0.41083573257963035
ZW,2014-06,0,0.2592927729491626,0.3191051633229395
ZW,2014-07,0,0.23807754891455515,0.2372855900532791
ZW,2014-08,0,0.24879311029090959,0.2822942917356043
ZW,2014-09,0,0.21093304758503162,0.13011940770602304
ZW,2014-10,0,0.23510576655951287,0.24471842028956203
ZW,2014-11,0,0.25253165059332655,0.31883775938030534
ZW,2014-12,0,0.25744334643013256,0.3382875821065493
AP,2008-10,105,0.8555597710961459,0.8555597710961459
AP,2008-11,105,0.7893230895696987,0.7781406546718375
AP,2008-12,105,0.8004363084511049,0.792220084284703
AP,2009-01,105,0.7463720003793987,0.7246765364709811
AP,2009-02,105,0.7085427930064181,0.6739924173537701
AP,2009-03,105,0.7612633975149388,0.7483995033179386
AP,2009-04,105,0.8039615542698156,0.804488048878201
AP,2009-05,105,0.8109962376300229,0.8132380734569216
AP,2009-06,105,0.8373644440228903,0.8457514257628747
AP,2009-07,105,0.9030478358468492,0.9241920525327442
AP,2009-08,105,0.9597047013816433,0.9869316586596589
AP,2009-09,105,1.0162667172531537,1.0458685543423418
AP,2009-10,105,0.9899301274147144,1.0199535170875316
AP,2009-11,105,1.0051218818173198,1.0352998066708983
AP,2009-12,105,1.0474564481962756,1.0774186453359291
AP,2010-01,105,0.9759714186347972,1.009172342891015
AP,2010-02,105,0.9882070251983938,1.0217091921572692
AP,2010-03,105,1.0426981567548768,1.076850605006002
AP,2010-04,105,1.029877643934364,1.064555088093981
AP,2010-05,105,0.9484492080053116,0.9854889617355357
AP,2010-06,105,0.913117708432135,0.948237099142406
AP,2010-07,105,0.9561794555629326,0.9953961310318834
AP,2010-08,105,0.9398969300325648,0.978367397109984
AP,2010-09,105,0.9807771349078375,1.0218617458720938
AP,2010-10,105,0.9907995826614814,1.0320806298539127
AP,2010-11,105,0.9792911568497263,1.020465338514325
AP,2010-12,105,1.0091529925068765,1.050958655489853
AP,2011-01,105,1.0082993455373233,1.0501127510770516
AP,2011-02,105,1.0296247114989407,1.0712625872402923
AP,2011-03,105,1.0319011034177494,1.073473482038548
AP,2011-04,105,1.0198077713490783,1.0617540139338848
AP,2011-05,105,0.9992253944165164,1.0415714094168258
AP,2011-06,105,0.978484934711815,1.0208148715820238
AP,2011-07,105,0.930854595466186,0.9721372296930793
AP,2011-08,105,0.91213759524487,0.952029900027975
AP,2011-09,105,0.8484460463498686,0.8822032102532784
AP,2011-10,105,0.9086913908122292,0.9532098991541746
AP,2011-11,105,0.8726327104872109,0.9135279117494217
AP,2011-12,105,0.8560498276897782,0.8945246328233153
AP,2012-01,105,0.9001391128394827,0.94602780906796
AP,2012-02,105,0.9133548325903442,0.9607096727514218
AP,2012-03,105,0.9226026747605045,0.9708348090513335
AP,2012-04,105,0.9336368522558411,0.9827946459314953
AP,2012-05,105,0.8648392298207341,0.9091068707875739
AP,2012-06,105,0.8702298523506907,0.9153399628399244
AP,2012-07,105,0.9066995478832715,0.957248081061872
AP,2012-08,105,0.9240728445414016,0.9764091104223573
AP,2012-09,105,0.9392962154984347,0.992883321353843
AP,2012-10,105,0.9650004742483161,1.0202487661685458
AP,2012-11,105,0.9675772234341898,1.0229189712665079
AP,2012-12,105,0.9944038698662615,1.0506445582091777
AP,2013-01,105,1.043741503050997,1.1002598449953915
AP,2013-02,105,1.095450377817825,1.1498016852074324
AP,2013-03,105,1.0681494830693348,1.1248796117832809
AP,2013-04,105,1.1113693129722717,1.1653419539816263
AP,2013-05,105,1.0608302507192762,1.119867365414993
AP,2013-06,105,1.0336558221884975,1.0942511761025622
AP,2013-07,105,1.0858863701033856,1.144781097952471
AP,2013-08,105,1.1092984286572445,1.166341418809643
AP,2013-09,105,1.1314142084795593,1.1862781457092608
AP,2013-10,105,1.173211293433241,1.2232204826893225
AP,2013-11,105,1.1543678269942137,1.207159039584829
AP,2013-12,105,1.1594580922571054,1.211568609172493
AP,2014-01,105,1.121312719339846,1.1786692976993185
AP,2014-02,105,1.1764677985393148,1.2278572523601203
AP,2014-03,105,1.1749502039267756,1.2265672938806589
AP,2014-04,105,1.1915014701697804,1.2406540749099222
AP,2014-05,105,1.1989155521831223,1.246876544792637
AP,2014-06,105,1.175709001233045,1.227520259933524
AP,2014-07,105,1.2231338328748924,1.2678574790856356
AP,2014-08,105,1.2330140061336108,1.2759352323070436
AP,2014-09,105,1.1603275475038723,1.2169850028139797
AP,2014-10,105,1.2119415726074165,1.2614672916423175
AP,2014-11,105,1.1724050712953298,1.2288448433282237
AP,2014-12,105,1.1920547598722688,1.2456049965022706
ZD,2000-01,0,0.9479573766621048,0.9479573766621048
ZD,2000-02,0,0.8761290943196577,0.8721857395497223
ZD,2000-03,0,0.9409158683171479,0.9461323467535375
ZD,2000-04,0,0.9189824268367871,0.9228216106729682
ZD,2000-05,0,0.8968793315289398,0.8987699045006011
ZD,2000-06,0,0.8855947284882885,0.8861878294722758
ZD,2000-07,0,0.8875256339062796,0.8883681782885873
ZD,2000-08,0,0.9451939431834582,0.9533446782048344
ZD,2000-09,0,0.8925146807403557,0.8976108652418818
ZD,2000-10,0,0.9131433618567478,0.9207238532537767
ZD,2000-11,0,0.8645121796581567,0.8674669560019515
ZD,2000-12,0,0.8889152211839919,0.8956944837338159
ZD,2001-01,0,0.8909589376522189,0.8979935966520365
ZD,2001-02,0,0.8583390540487366,0.8613814900498629
ZD,2001-03,0,0.80685873695349,0.8014048213285495
ZD,2001-04,0,0.8697102330116622,0.879301351637541
ZD,2001-05,0,0.8836410859593974,0.8953191612699458
ZD,2001-06,0,0.8504580216090011,0.8577665113562443
ZD,2001-07,0,0.8476403688658998,0.8544534110367594
ZD,2001-08,0,0.803769113383851,0.8026964901851178
ZD,2001-09,0,0.7091083991762174,0.6849254628696815
ZD,2001-10,0,0.7258717714395656,0.7085655329673175
ZD,2001-11,0,0.7890748182124264,0.7956374501566512
ZD,2001-12,0,0.7996633158578238,0.8090563267967453
ZD,2002-01,0,0.7947695899886759,0.8029365939390509
ZD,2002-02,0,0.8102526880074865,0.8224178350608096
ZD,2002-03,0,0.8312049357020747,0.8482767405660938
ZD,2002-04,0,0.7957901364663913,0.8056701609916229
ZD,2002-05,0,0.7936266129138052,0.8029514497969945
ZD,2002-06,0,0.7396968093711884,0.7349978269407583
ZD,2002-07,0,0.6976226601545258,0.678117563725307
ZD,2002-08,0,0.6918526810114525,0.669846646691455
ZD,2002-09,0,0.607587199006564,0.5480497897627563
ZD,2002-10,0,0.6701920848618949,0.6510883099252828
ZD,2002-11,0,0.7119286754321154,0.7133638746670254
ZD,2002-12,0,0.6699174905225609,0.6543534901168384
ZD,2003-01,0,0.6470806861360475,0.6202645094444577
ZD,2003-02,0,0.63686822532477,0.6044821487125065
ZD,2003-03,0,0.6409346701588547,0.6108672134282269
ZD,2003-04,0,0.682345070638083,0.6754766071890057
ZD,2003-05,0,0.7145530627325646,0.7226785193598708
ZD,2003-06,0,0.7248459779362585,0.7370832091450243
ZD,2003-07,0,0.7450767596118961,0.7649936650093688
ZD,2003-08,0,0.7614238678449166,0.7869338316058084
ZD,2003-09,0,0.7519940883511671,0.7745494293142978
ZD,2003-10,0,0.7930135854237641,0.8290970616800482
ZD,2003-11,0,0.7949628554313287,0.8315551154175801
ZD,2003-12,0,0.8481939300658952,0.8985155705770661
ZD,2004-01,0,0.8525096086156174,0.9036036505511669
ZD,2004-02,0,0.8617942204013114,0.9144945680163332
ZD,2004-03,0,0.8447938574820413,0.8947678600426437
ZD,2004-04,0,0.832795658960828,0.8805653437542622
ZD,2004-05,0,0.8325507977665175,0.8802713206146412
ZD,2004-06,0,0.8524746284450018,0.9042023897240983
ZD,2004-07,0,0.8287720648357476,0.8763979685503093
ZD,2004-08,0,0.8314699104944898,0.879653200927473
ZD,2004-09,0,0.8227222443277482,0.8691324760565763
ZD,2004-10,0,0.8181442144984077,0.8635679859009938
ZD,2004-11,0,0.8542743582231838,0.9077290800999265
ZD,2004-12,0,0.8796839541584879,0.9374731496610846
ZD,2005-01,0,0.8565638103899867,0.9111908199002581
ZD,2005-02,0,0.8805007411423665,0.9391361176842976
ZD,2005-03,0,0.8572013239994594,0.9126745645541113
ZD,2005-04,0,0.8308822436281449,0.8819710651141932
ZD,2005-05,0,0.8539420466023341,0.9097244599556761
ZD,2005-06,0,0.837044000682115,0.889936178084028
ZD,2005-07,0,0.8675126037927267,0.9263364187951285
ZD,2005-08,0,0.8532940389416765,0.909946380438467
ZD,2005-09,0,0.858835772471482,0.9164408984790227
ZD,2005-10,0,0.8424877897341962,0.8974058474700958
ZD,2005-11,0,0.8767220082115972,0.9380405235978077
ZD,2005-12,0,0.8652773708903786,0.9249866282763428
ZD,2006-01,0,0.8746196999575886,0.9357835465611658
ZD,2006-02,0,0.8860555922361533,0.9488588206249893
ZD,2006-03,0,0.8956576490701855,0.9596956765944882
ZD,2006-04,0,0.9142190021031849,0.9804193906746042
ZD,2006-05,0,0.8950979663403329,0.959504231704091
ZD,2006-06,0,0.8932781229640469,0.9574711096942997
ZD,2006-07,0,0.8919278883782777,0.9559595596506371
ZD,2006-08,0,0.9047157642511423,0.9702969024330405
ZD,2006-09,0,0.9259907040196612,0.9938125087805529
ZD,2006-10,0,0.955151923253508,1.0253044223680865
ZD,2006-11,0,0.9652402044590996,1.0358663873916487
ZD,2006-12,0,0.981327584925298,1.0525330993581414
ZD,2007-01,0,0.9907975916152556,1.0621832985733999
ZD,2007-02,0,0.9605887162714661,1.0316938468433636
ZD,2007-03,0,0.9659791605633582,1.0373054516858764
ZD,2007-04,0,1.0184712790936665,1.0916462911918705
ZD,2007-05,0,1.0599376478458804,1.1323606143185023
ZD,2007-06,0,1.0401825964906175,1.1137226770819006
ZD,2007-07,0,1.021559153654775,1.0958186639800909
ZD,2007-08,0,1.0284082710613451,1.1025232364779893
ZD,2007-09,0,1.0689502888050366,1.1419453404074444
ZD,2007-10,0,1.064520050196548,1.1378008646026423
ZD,2007-11,0,1.0252574321931285,1.1009179350644245
ZD,2007-12,0,1.0117813214633984,1.087773811153122
ZD,2008-01,0,0.9575786725899783,1.0342023054101384
ZD,2008-02,0,0.9341970520461242,1.0097848646158343
ZD,2008-03,0,0.930093878032893,1.0053926713368635
ZD,2008-04,0,0.9718295940988483,1.0502652557626684
ZD,2008-05,0,0.9589297816800133,1.0369915167273833
ZD,2008-06,0,0.8602201127236028,0.9340541892585519
ZD,2008-07,0,0.8617373776240623,0.9358179993322964
ZD,2008-08,0,0.8755449254703769,0.9518409179207693
ZD,2008-09,0,0.8244686293457424,0.8935043384503392
ZD,2008-10,0,0.7058202631383358,0.749595447336362
ZD,2008-11,0,0.6696105395254087,0.6982938263657124
ZD,2008-12,0,0.6642279657719053,0.6902554616211574
ZD,2009-01,0,0.6054691496757797,0.6017936395901602
ZD,2009-02,0,0.5367401104498906,0.4882799465098562
ZD,2009-03,0,0.5800035854674901,0.5688840865308739
ZD,2009-04,0,0.6232618134594973,0.6434667771829332
ZD,2009-05,0,0.6510273238857744,0.6880154882168421
ZD,2009-06,0,0.6478135207104495,0.6830789777856934
ZD,2009-07,0,0.7043064962549379,0.7702845913433314
ZD,2009-08,0,0.732089496766523,0.8097319067654065
ZD,2009-09,0,0.7496154367492953,0.8336715207882555
ZD,2009-10,0,0.7504698274165859,0.8348112927638641
ZD,2009-11,0,0.8024993331905005,0.9041405367562851
ZD,2009-12,0,0.8096877582520438,0.9130980832167466
ZD,2010-01,0,0.7825029186579885,0.8795236104437583
ZD,2010-02,0,0.8054691496757804,0.9088733169690445
ZD,2010-03,0,0.8484134306365109,0.9621891776423136
ZD,2010-04,0,0.8612214201074796,0.9772855787699569
ZD,2010-05,0,0.7956869449630767,0.9011907747923408
ZD,2010-06,0,0.7680456141424855,0.8664518225001503
ZD,2010-07,0,0.823459451423477,0.9386009712754615
ZD,2010-08,0,0.7909698689555384,0.8991459836476248
ZD,2010-09,0,0.8530666678326752,0.9776531446841563
ZD,2010-10,0,0.8803538244257814,1.0096402772519224
ZD,2010-11,0,0.8747849812637489,1.0033145897754525
ZD,2010-12,0,0.9210191472708938,1.056166624272379
ZD,2011-01,0,0.9471781933616413,1.0845689068614657
ZD,2011-02,0,0.9770976077935853,1.1161568537141655
ZD,2011-03,0,0.9853179478882941,1.1245698720545454
ZD,2011-04,0,1.0258494715808009,1.165705348962657
ZD,2011-05,0,1.0099264979164968,1.1501836041985178
ZD,2011-06,0,0.9984407588948048,1.1388107577137614
ZD,2011-07,0,0.9776546670106417,1.1179922046859667
ZD,2011-08,0,0.9384287781863688,1.077869766622828
ZD,2011-09,0,0.8823651842361891,1.0181277859276818
ZD,2011-10,0,0.9683149614562278,1.1155361818566758
ZD,2011-11,0,0.9794648908400083,1.1270509573456473
ZD,2011-12,0,0.9944433998976864,1.1423435004452087
ZD,2012-01,0,1.0293920883599144,1.1774874698916586
ZD,2012-02,0,1.0588567605738533,1.206110841439893
ZD,2012-03,0,1.083312272355612,1.2292069888059494
ZD,2012-04,0,1.0843844145849855,1.2301966777965876
ZD,2012-05,0,1.0207476136964888,1.1715119530508418
ZD,2012-06,0,1.0645296697434674,1.214404099414455
ZD,2012-07,0,1.0762489014040197,1.2254129345776648
ZD,2012-08,0,1.087054276107235,1.2354527819485834
ZD,2012-09,0,1.1181953729979353,1.2641000147272603
ZD,2012-10,0,1.090983423771653,1.2397644201760811
ZD,2012-11,0,1.089141717788732,1.2380763047173202
ZD,2012-12,0,1.0962846686284746,1.2446346347519504
ZD,2013-01,0,1.1610836856856803,1.3037424731734013
ZD,2013-02,0,1.1813643141044456,1.321209455673279
ZD,2013-03,0,1.2250589197248847,1.3581960186655446
ZD,2013-04,0,1.2483819484829572,1.3772343101163023
ZD,2013-05,0,1.2760145342608946,1.3993690308334006
ZD,2013-06,0,1.2584046418686445,1.3855683319232974
ZD,2013-07,0,1.3101027105259746,1.4266505617063678
ZD,2013-08,0,1.2559429123615589,1.3853104455999965
ZD,2013-09,0,1.2832772921849966,1.407074476078134
ZD,2013-10,0,1.3200370789808566,1.4357197166817999
ZD,2013-11,0,1.3702729765064467,1.4737761457969387
ZD,2013-12,0,1.4117699529079495,1.504059875471956
ZD,2014-01,0,1.3378174997048589,1.4516770824745813
ZD,2014-02,0,1.3957639013384329,1.494991212874548
ZD,2014-03,0,1.4072697539582293,1.5032346218126664
ZD,2014-04,0,1.419131529814041,1.5116635501133338
ZD,2014-05,0,1.4357200012243103,1.523352721315416
ZD,2014-06,0,1.4448148455844136,1.529687413562057
ZD,2014-07,0,1.4235827565248993,1.5149920433390816
ZD,2014-08,0,1.474590841316833,1.550822826311228
ZD,2014-09,0,1.4713936537225505,1.548654640055963
ZD,2014-10,0,1.5014022675895649,1.5690493276306268
ZD,2014-11,0,1.5448546355284898,1.5979905173949698
ZD,2014-12,0,1.5457308888024148,1.5985577249844563
YM,2002-05,28,0.9962820740828047,0.9962820740828047
YM,2002-06,28,0.9268632512541292,0.9266041940581303
YM,2002-07,28,0.8733169097753144,0.8688326280732218
YM,2002-08,28,0.8661841325698939,0.8606651723356985
YM,2002-09,28,0.7604984314835609,0.7386521994441579
YM,2002-10,28,0.8388579558668618,0.8416892619012614
YM,2002-11,28,0.8910983403507036,0.9039648642466637
YM,2002-12,28,0.8385148922243466,0.8449551615626008
YM,2003-01,28,0.8099301139371182,0.8108653933875827
YM,2003-02,28,0.7971483623972783,0.7950840916185853
YM,2003-03,28,0.8022374905420723,0.80146825846237
YM,2003-04,28,0.8540706184932351,0.8660789611062207
YM,2003-05,28,0.8943837535161392,0.9132801341122951
YM,2003-06,28,0.9072665299323028,0.9276842155432433
YM,2003-07,28,0.9325900989307151,0.9555961555993829
YM,2003-08,28,0.9530507934135991,0.9775357992931597
YM,2003-09,28,0.9412477203631424,0.9651512830302007
YM,2003-10,28,0.9925904567271521,1.0196988110116774
YM,2003-11,28,0.9950297865533785,1.022156350079975
YM,2003-12,28,1.0616577971736187,1.089117170269116
YM,2004-01,28,1.067060523372,1.0942061228607747
YM,2004-02,28,1.0786804888341206,1.1050958195627016
YM,2004-03,28,1.0574021242584934,1.0853695291589274
YM,2004-04,28,1.0423841449875355,1.0711668158047345
YM,2004-05,28,1.04207791333118,1.070873035764211
YM,2004-06,28,1.0670163249886089,1.0948044629045377
YM,2004-07,28,1.0373486863082884,1.0670001660202915
YM,2004-08,28,1.0407246009254305,1.070254534258956
YM,2004-09,28,1.0297760299538765,1.0597343918871716
YM,2004-10,28,1.0240460252499057,1.054170070581084
YM,2004-11,28,1.0692683378566528,1.0983305003778903
YM,2004-12,28,1.1010722317342294,1.1280741042531601
YM,2005-01,28,1.0721349187223308,1.1017930736559929
YM,2005-02,28,1.1020951086070048,1.1297374949797359
YM,2005-03,28,1.0729325943083015,1.1032765170922982
YM,2005-04,28,1.0399900658871624,1.072573257077743
YM,2005-05,28,1.06885266258428,1.1003260189971527
YM,2005-06,28,1.047701631446519,1.0805374813640782
YM,2005-07,28,1.0858385222586222,1.116938007685154
YM,2005-08,28,1.0680413065463077,1.1005477108339285
YM,2005-09,28,1.0749783480538515,1.1070428168424928
YM,2005-10,28,1.0545155488860438,1.0880072714244353
YM,2005-11,28,1.0973648292416514,1.1286413620273403
YM,2005-12,28,1.0830413959954168,1.1155887902075081
YM,2006-01,28,1.0947339730873948,1.126384847620652
YM,2006-02,28,1.1090489875939358,1.1394610970643129
YM,2006-03,28,1.1210667385065798,1.1502971836998692
YM,2006-04,28,1.1442993030335888,1.1710208067715502
YM,2006-05,28,1.120365878427086,1.150105453119709
YM,2006-06,28,1.1180886093399618,1.14807284115698
YM,2006-07,28,1.1163985473464675,1.1465612776016623
YM,2006-08,28,1.1324036238465027,1.1608976241851265
YM,2006-09,28,1.1590331498398878,1.184413555636256
YM,2006-10,28,1.1955336481240435,1.2159057509105655
YM,2006-11,28,1.2081607053220134,1.226467609389232
YM,2006-12,28,1.228198358135293,1.2430528639211933
YM,2007-01,28,1.240049838938988,1.2527023482452795
YM,2007-02,28,1.2022412789749362,1.2222127995377843
YM,2007-03,28,1.2089878464969117,1.2278244580625421
YM,2007-04,28,1.2746855863810067,1.282165566680347
YM,2007-05,28,1.3265829072223336,1.322879387716537
YM,2007-06,28,1.3018581210846303,1.304241437534084
YM,2007-07,28,1.2785508402428405,1.2863383492756097
YM,2007-08,28,1.2871221695934085,1.2930422902381296
YM,2007-09,28,1.3378629660693242,1.3324641863678064
YM,2007-10,28,1.3323181736386132,1.3283196718911092
YM,2007-11,28,1.2831779900469475,1.291436452429003
YM,2007-12,28,1.2663120974132396,1.278292607409427
YM,2008-01,28,1.198473892962041,1.2247211343185713
YM,2008-02,28,1.1692103537870144,1.2003037987830416
YM,2008-03,28,1.1641706857379208,1.1959934811119994
YM,2008-04,28,1.216410017879301,1.240866052446561
YM,2008-05,28,1.2002639274893974,1.2275924932415383
YM,2008-06,28,1.0767126084307386,1.1246557005670368
YM,2008-07,28,1.0786120865741118,1.1264198464760753
YM,2008-08,28,1.0958936544801925,1.1424418882473393
YM,2008-09,28,1.0319627975892962,1.0841051539943973
YM,2008-10,28,0.883454124708898,0.9401962134518504
YM,2008-11,28,0.8381318395682891,0.8888949813074618
YM,2008-12,28,0.8313936907860071,0.8808554957943561
YM,2009-01,28,0.7578486331649955,0.7923955297925916
YM,2009-02,28,0.671821741605729,0.6788809204173747
YM,2009-03,28,0.725973180000023,0.7594847994535994
YM,2009-04,28,0.7801193566820083,0.8340690653378895
YM,2009-05,28,0.8148719141372759,0.8786168094203805
YM,2009-06,28,0.8108498612486484,0.8736809994865141
YM,2009-07,28,0.8815599082778335,0.9608858575107811
YM,2009-08,28,0.9163356172672585,1.0003337823345868
YM,2009-09,28,0.9382706435389881,1.0242715469029284
YM,2009-10,28,0.9393398234800779,1.0254110687972264
YM,2009-11,28,1.004464036722545,1.0947408380826318
YM,2009-12,28,1.0134615647701024,1.1036983793370856
YM,2010-01,28,0.9794351236134096,1.0701239031659922
YM,2010-02,28,1.0081819626397404,1.0994743300939909
YM,2010-03,28,1.0619335108985872,1.1527896543615548
YM,2010-04,28,1.0779659483026267,1.1678870566372144
YM,2010-05,28,0.9959379580978304,1.0917918976630756
YM,2010-06,28,0.9613400949844331,1.0570529233805042
YM,2010-07,28,1.0306999866352533,1.1292020951592423
YM,2010-08,28,0.9900332645452168,1.0897466545680436
YM,2010-09,28,1.0677582264241112,1.1682540791792746
YM,2010-10,28,1.1019130533611317,1.200241495517338
YM,2010-11,28,1.0949423368948137,1.1939154823667946
YM,2010-12,28,1.1528117012063028,1.2467670000783144
YM,2011-01,28,1.1855553369021803,1.2751702819513338
YM,2011-02,28,1.22300399574433,1.3067577226017226
YM,2011-03,28,1.2332927479923967,1.3151704115903673
YM,2011-04,28,1.2840251257286188,1.3563061255713391
YM,2011-05,28,1.2640948118464328,1.3407843779958184
YM,2011-06,28,1.2497177091346514,1.3294109409901074
YM,2011-07,28,1.2237016987964393,1.3085934314453107
YM,2011-08,28,1.1746036089032412,1.2684708346216829
YM,2011-09,28,1.1044302565295248,1.208728678338646
YM,2011-10,28,1.212010174046923,1.3061362936057692
YM,2011-11,28,1.2259673921164849,1.3176520534305887
YM,2011-12,28,1.2447148730717175,1.3329440433120383
YM,2012-01,28,1.288459696862234,1.3680884966618745
YM,2012-02,28,1.3253400907750643,1.396712126879137
YM,2012-03,28,1.3536144280360907,1.4180457735844827
YM,2012-04,28,1.3549530076473764,1.4190346664209958
YM,2012-05,28,1.2754380112411257,1.3603499770203549
YM,2012-06,28,1.3270133152891717,1.4007873041138592
YM,2012-07,28,1.3416219333425274,1.4117959487785678
YM,2012-08,28,1.3550908645098594,1.4218352384119561
YM,2012-09,28,1.3917071204648026,1.448856493527706
YM,2012-10,28,1.3578395830198269,1.4245212458689425
YM,2012-11,28,1.3555465287957769,1.422832493933349
YM,2012-12,28,1.3644367179122407,1.4293908738396157
YM,2013-01,28,1.4450861394922072,1.4884990908211773
YM,2013-02,28,1.4703276257786067,1.5059662061692416
YM,2013-03,28,1.5247095271720132,1.5429524536150165
YM,2013-04,28,1.5537373416356186,1.5619907123431858
YM,2013-05,28,1.5881289456265222,1.5841254728778713
YM,2013-06,28,1.5662118091766415,1.570324870281818
YM,2013-07,28,1.6305551843125254,1.6114070373034735
YM,2013-08,28,1.563148440270625,1.5700672870819437
YM,2013-09,28,1.5971685673725478,1.5918311363911193
YM,2013-10,28,1.6429202082375312,1.62047660425194
YM,2013-11,28,1.7054440832571311,1.658533154232948
YM,2013-12,28,1.7570909465925728,1.6888166820498227
YM,2014-01,28,1.6650499178646756,1.6364340612717765
YM,2014-02,28,1.737170103792542,1.6797481896676123
YM,2014-03,28,1.7514903800113912,1.6879916404313489
YM,2014-04,28,1.7662526400641556,1.6964200395942768
YM,2014-05,28,1.7868985468202998,1.708109141304774
YM,2014-06,28,1.798217542338373,1.714443577883848
YM,2014-07,28,1.7717921707825586,1.699748263811085
YM,2014-08,28,1.8352778868121549,1.7355796198112394
YM,2014-09,28,1.8312979276219956,1.7334110331253985
YM,2014-10,28,1.8686466139302838,1.7538056864174418
YM,2014-11,28,1.9227275453796437,1.7827469164211247
YM,2014-12,28,1.923818824512429,1.7833144846839333
XU,2001-04,15,1.0924031711497373,1.0924031711497373
XU,2001-05,15,1.0684551992925175,1.0704808877934786
XU,2001-06,15,1.0292188735061867,1.0337584067645023
XU,2001-07,15,0.9843555569468685,0.9901687314153856
XU,2001-08,15,0.8984676428465219,0.902915793699728
XU,2001-09,15,0.7890113244167576,0.7810902396007676
XU,2001-10,15,0.8272732964461526,0.829583804706032
XU,2001-11,15,0.8705244292791349,0.8818653578744746
XU,2001-12,15,0.9047950726656598,0.9212331713830556
XU,2002-01,15,0.8686696353803894,0.8813065201703788
XU,2002-02,15,0.8592274039928941,0.8704367590979076
XU,2002-03,15,0.8852806060558632,0.9007584200946332
XU,2002-04,15,0.8453986241655387,0.8557083177683118
XU,2002-05,15,0.8121610305454038,0.8163924345032515
XU,2002-06,15,0.7471336782049981,0.736325366650049
XU,2002-07,15,0.6347229939660506,0.5858694475580116
XU,2002-08,15,0.6446621849002564,0.6015285477146027
XU,2002-09,15,0.5250553699022519,0.4159944528048628
XU,2002-10,15,0.591538383277116,0.5426154097283985
XU,2002-11,15,0.6197281200842097,0.5902703677227095
XU,2002-12,15,0.5595216666536236,0.4931205830358292
XU,2003-01,15,0.5265814661480552,0.43424850985486285
XU,2003-02,15,0.4978438999193912,0.3796746821072222
XU,2003-03,15,0.48046205498642197,0.3447604350193627
XU,2003-04,15,0.5470546342456002,0.4833615556865506
XU,2003-05,15,0.5565986053828158,0.5008076580312952
XU,2003-06,15,0.5806991868646161,0.5441074098609364
XU,2003-07,15,0.6015167048842911,0.57995646646471
XU,2003-08,15,0.6134789516110103,0.5998432736465991
XU,2003-09,15,0.5732095760582895,0.5342022676316862
XU,2003-10,15,0.6161124459018451,0.6090490106651503
XU,2003-11,15,0.6289825242414524,0.6299381818305996
XU,2003-12,15,0.6553722500919575,0.6718943965638003
XU,2004-01,15,0.6774654280504321,0.7056052806535287
XU,2004-02,15,0.6881559279056485,0.7213854214733797
XU,2004-03,15,0.6620988127753825,0.6835202893519885
XU,2004-04,15,0.6620988127753825,0.6835202893519885
XU,2004-05,15,0.6625801200529051,0.6842472311139061
XU,2004-06,15,0.6789680458924539,0.708980731778309
XU,2004-07,15,0.6546248542382437,0.673127510405847
XU,2004-08,15,0.6459495840409468,0.6598752329508581
XU,2004-09,15,0.6563309515797058,0.6759467156102553
XU,2004-10,15,0.6769841207729095,0.7074143298428222
XU,2004-11,15,0.6904333330724627,0.7272806928591338
XU,2004-12,15,0.706269516423144,0.7502172786120398
XU,2005-01,15,0.7172926269985995,0.7658247914936398
XU,2005-02,15,0.7299905303771418,0.7835273342225044
XU,2005-03,15,0.7298887906274217,0.783387962894403
XU,2005-04,15,0.7067977805082297,0.751751622652292
XU,2005-05,15,0.7510350063000389,0.8143398579464096
XU,2005-06,15,0.7770334254208511,0.8489566453168051
XU,2005-07,15,0.8086197046416811,0.8896064786283161
XU,2005-08,15,0.7945287493054313,0.8721805424863149
XU,2005-09,15,0.8326263725083551,0.9201305043174361
XU,2005-10,15,0.8033057592524485,0.8849158939903864
XU,2005-11,15,0.8374746628892531,0.9274512589410896
XU,2005-12,15,0.8657544002441762,0.9612191311025698
XU,2006-01,15,0.8939832677242392,0.9938252229365835
XU,2006-02,15,0.9113572865226145,1.0132596121758846
XU,2006-03,15,0.9296508761357686,1.033332518689811
XU,2006-04,15,0.9276904294200059,1.0312237198212384
XU,2006-05,15,0.8887514967482418,0.9892496609790997
XU,2006-06,15,0.8948245771930796,0.9960829326720958
XU,2006-07,15,0.9028854958247582,1.0050913113388555
XU,2006-08,15,0.9309891451513191,1.036217793552294
XU,2006-09,15,0.9523505795252676,1.0591626737210917
XU,2006-10,15,0.976447247939771,1.0844649824848616
XU,2006-11,15,0.9737707099086702,1.0817238840417576
XU,2006-12,15,1.0059517753586338,1.114771772135436
XU,2007-01,15,1.0214396957198881,1.1301680572662343
XU,2007-02,15,0.9875603590630563,1.0969998371561331
XU,2007-03,15,1.0124552932061337,1.1222083562249792
XU,2007-04,15,1.06364603958459,1.1727693505937784
XU,2007-05,15,1.1091745775843864,1.2155735695777345
XU,2007-06,15,1.096308412312076,1.2039738038309113
XU,2007-07,15,1.0433020027078437,1.155623896989967
XU,2007-08,15,1.0530729317482814,1.1649892859330322
XU,2007-09,15,1.0691986820789356,1.1803023282157568
XU,2007-10,15,1.0981045102013676,1.207337367265962
XU,2007-11,15,1.0696839024237552,1.1814558527893473
XU,2007-12,15,1.0662169247986744,1.1782147292974212
XU,2008-01,15,0.9212495206492577,1.0422504608847902
XU,2008-02,15,0.8866306142733059,1.0046722525926939
XU,2008-03,15,0.8749774998630442,0.9915291079474882
XU,2008-04,15,0.920717343496875,1.0438045591916518
XU,2008-05,15,0.9295687017225338,1.0534181048559936
XU,2008-06,15,0.8221550044217675,0.937865916941616
XU,2008-07,15,0.8204489070803054,0.9357907640418754
XU,2008-08,15,0.8199597736681891,0.9351945862568907
XU,2008-09,15,0.7539815459746291,0.8547293856307692
XU,2008-10,15,0.6348795166579287,0.696765268401953
XU,2008-11,15,0.5940466594144498,0.6324493530635162
XU,2008-12,15,0.5924383887554111,0.6297420393642457
XU,2009-01,15,0.5389976286812194,0.539537283749979
XU,2009-02,15,0.47443201828185155,0.4197489823480929
XU,2009-03,15,0.500183914162957,0.47402840466525753
XU,2009-04,15,0.5785274345148202,0.6306578326287072
XU,2009-05,15,0.6194542053734255,0.7014008405085812
XU,2009-06,15,0.6036649788303076,0.6759119078221048
XU,2009-07,15,0.6610970675473694,0.7710509182519382
XU,2009-08,15,0.6962090204027347,0.8241625633929891
XU,2009-09,15,0.7231309234056226,0.8628318454820295
XU,2009-10,15,0.6865711356503926,0.8122742125944056
XU,2009-11,15,0.7080030052356858,0.8434900159867091
XU,2009-12,15,0.750416741667125,0.9033961690931075
XU,2010-01,15,0.6923429099133663,0.8260073949237814
XU,2010-02,15,0.689059846451241,0.821265433368147
XU,2010-03,15,0.7415458181049815,0.8974358442897106
XU,2010-04,15,0.7050642916956902,0.8482392531707428
XU,2010-05,15,0.6734975778113449,0.8034678553618607
XU,2010-06,15,0.6566987799056185,0.7785252297917478
XU,2010-07,15,0.7117047668985829,0.8622865960011837
XU,2010-08,15,0.6790110896327213,0.8163494619725165
XU,2010-09,15,0.7127456427995668,0.8660313503568321
XU,2010-10,15,0.7414558175571523,0.9063124450890507
XU,2010-11,15,0.6926520422298241,0.840490889479547
XU,2010-12,15,0.7297048764644675,0.893985042352266
XU,2011-01,15,0.7751512400510285,0.9562655136117644
XU,2011-02,15,0.7882091456208885,0.9731111366272167
XU,2011-03,15,0.7630442098343228,0.9411844127032729
XU,2011-04,15,0.7914256869389661,0.978379475242055
XU,2011-05,15,0.7689333761162045,0.9499594843396165
XU,2011-06,15,0.7654898768949049,0.9454812039992674
XU,2011-07,15,0.7102764973352031,0.87335303976584
XU,2011-08,15,0.6170007121782497,0.7420298360460167
XU,2011-09,15,0.5789343935137012,0.6803340909468584
XU,2011-10,15,0.6355329988965168,0.7780975094221438
XU,2011-11,15,0.6309507970918101,0.7708874954454301
XU,2011-12,15,0.6225416154707046,0.7575597024386453
XU,2012-01,15,0.6571722610485474,0.8131875427584583
XU,2012-02,15,0.6790854379113632,0.8465321894540634
XU,2012-03,15,0.6724762672468461,0.8367997312160473
XU,2012-04,15,0.6323438490495179,0.7771211668532745
XU,2012-05,15,0.5899848955602357,0.7101339516649678
XU,2012-06,15,0.6365151787880469,0.7890008575433413
XU,2012-07,15,0.6502656972694637,0.8106036707042127
XU,2012-08,15,0.6816993668657134,0.8589434027987136
XU,2012-09,15,0.6922137786925682,0.874367227930307
XU,2012-10,15,0.7046299412257314,0.8923041181156115
XU,2012-11,15,0.7280535620651626,0.9255465613741038
XU,2012-12,15,0.7401840706856498,0.942208122078619
XU,2013-01,15,0.7639598675818049,0.9743295873164901
XU,2013-02,15,0.7430132183413313,0.9469110668819325
XU,2013-03,15,0.7437332227239667,0.9478800999554526
XU,2013-04,15,0.7741768862940929,0.9888136802231519
XU,2013-05,15,0.7970839822503292,1.0184026493099072
XU,2013-06,15,0.753864153955722,0.9641802219910331
XU,2013-07,15,0.8026327116773778,1.0288716620412788
XU,2013-08,15,0.7892774129929512,1.0122322969990587
XU,2013-09,15,0.8430273053836007,1.0803324244141195
XU,2013-10,15,0.8923280402576393,1.1388130152078013
XU,2013-11,15,0.8996180846318225,1.1469827062242108
XU,2013-12,15,0.9093185784609153,1.1577656084299428
XU,2014-01,15,0.8792310040148098,1.1246775629871335
XU,2014-02,15,0.9151607879352339,1.165542573156655
XU,2014-03,15,0.9254012850513033,1.1767324069553406
XU,2014-04,15,0.9424270408602516,1.1951306478957608
XU,2014-05,15,0.9702059056011677,1.2246065261723003
XU,2014-06,15,0.965400658960536,1.2196537150083089
XU,2014-07,15,0.9283047809856265,1.1812283445358553
XU,2014-08,15,0.9501436095698006,1.2047538385670147
XU,2014-09,15,0.9620628125562536,1.217298471679739
XU,2014-10,15,0.9329300265305994,1.1870168875197125
XU,2014-11,15,0.9743811484069937,1.231448003142117
XU,2014-12,15,0.9401378964915471,1.1963044128012834
XX,2002-07,30,0.8975797873733959,0.8975797873733959
XX,2002-08,30,0.8956149037731004,0.8953906966341255
XX,2002-09,30,0.7522255581579348,0.7352891339970073
XX,2002-10,30,0.832193700845162,0.8415978625691324
XX,2002-11,30,0.864700735128451,0.8806597231074607
XX,2002-12,30,0.782751989772126,0.7858885010798171
XX,2003-01,30,0.7313506347883953,0.7202210155219783
XX,2003-02,30,0.6994671235676001,0.676625632262319
XX,2003-03,30,0.6869337860425151,0.6587072239443421
XX,2003-04,30,0.7573709333459089,0.7612457054320387
XX,2003-05,30,0.7659325861535965,0.7725501434963093
XX,2003-06,30,0.7892754033251071,0.8030264773062272
XX,2003-07,30,0.8120418546405314,0.8318712268315668
XX,2003-08,30,0.8225998291861194,0.8448729883605481
XX,2003-09,30,0.7890448569826728,0.804081620537574
XX,2003-10,30,0.835788127911303,0.8633219419400575
XX,2003-11,30,0.8479651665435344,0.8778914700603752
XX,2003-12,30,0.871040759545405,0.9051043720902203
XX,2004-01,30,0.8891753252537324,0.9259237947287107
XX,2004-02,30,0.9043389869584132,0.9429774187711385
XX,2004-03,30,0.877742322544813,0.9135673581664825
XX,2004-04,30,0.8920257163965611,0.9298402363049512
XX,2004-05,30,0.8880383126103614,0.9253701815599968
XX,2004-06,30,0.8943416592001094,0.9324682385922656
XX,2004-07,30,0.8773807839623587,0.9135035900563576
XX,2004-08,30,0.8740588207554592,0.9097173626080004
XX,2004-09,30,0.8863720913173111,0.9238048247666791
XX,2004-10,30,0.8943364195105088,0.9327901349667793
XX,2004-11,30,0.9099244960728532,0.9502199032533891
XX,2004-12,30,0.9185490251557504,0.959698194166668
XX,2005-01,30,0.9348339804349999,0.977427193744549
XX,2005-02,30,0.9557822594589503,0.9998357491269738
XX,2005-03,30,0.9560756820765945,1.0001427464736397
XX,2005-04,30,0.9356408926335211,0.9787691357583361
XX,2005-05,30,0.9882316571566309,1.0349774149572968
XX,2005-06,30,1.0224363508705752,1.0695894347870996
XX,2005-07,30,1.0522921022158656,1.0987900313033219
XX,2005-08,30,1.0475921006439586,1.0943235893695566
XX,2005-09,30,1.0948593405326676,1.1394434789331127
XX,2005-10,30,1.0687290084935377,1.1155770962191311
XX,2005-11,30,1.0975420616082712,1.1425372076091531
XX,2005-12,30,1.1193182115891465,1.1623780417262217
XX,2006-01,30,1.1538372866791384,1.1932174176361192
XX,2006-02,30,1.1605388496785463,1.199025483536551
XX,2006-03,30,1.175105186768737,1.2115768402569445
XX,2006-04,30,1.1876123258458184,1.2222202611335666
XX,2006-05,30,1.1345342701898353,1.17752717863446
XX,2006-06,30,1.141267271326848,1.183461773396314
XX,2006-07,30,1.163541191819798,1.2029786044249076
XX,2006-08,30,1.1891894724156553,1.225021898445073
XX,2006-09,30,1.1958438782086562,1.2306176474382786
XX,2006-10,30,1.2351520295937681,1.2634882855720746
XX,2006-11,30,1.214659603565086,1.2468972704276298
XX,2006-12,30,1.2424351981388635,1.2697642485441776
XX,2007-01,30,1.2665377703024885,1.2891637087331111
XX,2007-02,30,1.218662726420088,1.2513637749253999
XX,2007-03,30,1.2365195885795737,1.2660166085374867
XX,2007-04,30,1.2839230603979033,1.3043528162742222
XX,2007-05,30,1.3256100308617729,1.3368212497416843
XX,2007-06,30,1.3110803715987878,1.3258605154950223
XX,2007-07,30,1.2494249440663148,1.2788340868579375
XX,2007-08,30,1.2610884931176691,1.288169220678297
XX,2007-09,30,1.2678372133234839,1.2935207247500935
XX,2007-10,30,1.2922751256215597,1.3127960008196566
XX,2007-11,30,1.242403760001259,1.2742040906052479
XX,2007-12,30,1.2203761049195458,1.2564742222718726
XX,2008-01,30,1.067251416026116,1.1310008634637494
XX,2008-02,30,1.0362953298646602,1.1019954335372941
XX,2008-03,30,0.9861724591435217,1.0536280721523068
XX,2008-04,30,1.0558603308340029,1.1242930669454125
XX,2008-05,30,1.049583182692259,1.1183480115640954
XX,2008-06,30,0.952376461218439,1.02573341647838
XX,2008-07,30,0.9382764565027184,1.0109283417102768
XX,2008-08,30,0.9553264064636827,1.0290999049449712
XX,2008-09,30,0.8711245945790187,0.9409605932762478
XX,2008-10,30,0.771240391719196,0.8262993800796523
XX,2008-11,30,0.7083641165097394,0.7447732101791142
XX,2008-12,30,0.6966481705623773,0.7282337699755519
XX,2009-01,30,0.6533368963222632,0.6660628262046804
XX,2009-02,30,0.5876993046931912,0.5655976726237998
XX,2009-03,30,0.6013906136200503,0.5888941251081303
XX,2009-04,30,0.6702872921808125,0.7034564029362478
XX,2009-05,30,0.7256079349859328,0.7859891369600897
XX,2009-06,30,0.7031873031841607,0.7550900374316278
XX,2009-07,30,0.7662312484608426,0.844744593182574
XX,2009-08,30,0.8051307040570931,0.895511846116188
XX,2009-09,30,0.8301292631424529,0.9265609154901304
XX,2009-10,30,0.8124610298085956,0.9052772020754578
XX,2009-11,30,0.8304698429665042,0.9274429583359779
XX,2009-12,30,0.8837889243441234,0.9916464713583883
XX,2010-01,30,0.8376586970987853,0.9394504933655977
XX,2010-02,30,0.8510827818560042,0.955476214585604
XX,2010-03,30,0.9036316288623076,1.0172197348712655
XX,2010-04,30,0.8665922630743369,0.9762302823057283
XX,2010-05,30,0.8358405248073117,0.9407444609138667
XX,2010-06,30,0.8048058433018442,0.9036145532528064
XX,2010-07,30,0.8596601537324945,0.9717729928158216
XX,2010-08,30,0.847163494034615,0.9572362486808036
XX,2010-09,30,0.8572603758953334,0.969154705899294
XX,2010-10,30,0.8804983992748284,0.9962620166218092
XX,2010-11,30,0.8617717486416119,0.974993777351142
XX,2010-12,30,0.9002729878282025,1.019670618112375
XX,2011-01,30,0.9225940655275596,1.044464295142721
XX,2011-02,30,0.9438724449963599,1.0675279373921787
XX,2011-03,30,0.9049101131248998,1.0262487030231635
XX,2011-04,30,0.9336498105852223,1.0580084292583767
XX,2011-05,30,0.9357823642527431,1.0602925336874065
XX,2011-06,30,0.9088189215670877,1.031478737108555
XX,2011-07,30,0.8846744318866564,1.00491185001206
XX,2011-08,30,0.7906010447941075,0.8985751190047808
XX,2011-09,30,0.7632708238363971,0.864006203193611
XX,2011-10,30,0.8332835562821271,0.9557334515821028
XX,2011-11,30,0.8311248041666026,0.9531427942971369
XX,2011-12,30,0.8610539111663039,0.9891531586246849
XX,2012-01,30,0.8811900383021324,1.0125386015971858
XX,2012-02,30,0.9064505818675316,1.0412049987049776
XX,2012-03,30,0.9026203687693557,1.0369794919042816
XX,2012-04,30,0.8902861394491006,1.0233145783403748
XX,2012-05,30,0.841698497780993,0.9687392687683611
XX,2012-06,30,0.8932937212799529,1.030038206137244
XX,2012-07,30,0.9294947367317977,1.0705635278645413
XX,2012-08,30,0.9445745634028657,1.0867872094790172
XX,2012-09,30,0.9494422350419978,1.0919405047589537
XX,2012-10,30,0.9524707756312534,1.0951303150259486
XX,2012-11,30,0.9687347721520996,1.1122059008989817
XX,2012-12,30,0.9709092433364266,1.11445055159888
XX,2013-01,30,0.9998794871391837,1.1442888130034208
XX,2013-02,30,1.005213491152786,1.1496234599105832
XX,2013-03,30,1.0309770449198608,1.1752533922521489
XX,2013-04,30,1.0468480647206477,1.1906475466409312
XX,2013-05,30,1.0619488501501189,1.2050725486430132
XX,2013-06,30,1.0072726891658954,1.1535859248037443
XX,2013-07,30,1.0430388103808745,1.1890938082197005
XX,2013-08,30,1.0379877496057148,1.184251168880791
XX,2013-09,30,1.080382078165691,1.2250939712896631
XX,2013-10,30,1.1226087366584419,1.26417890183983
XX,2013-11,30,1.1351211154251235,1.2753247074603402
XX,2013-12,30,1.1340574584361638,1.2743876647302688
XX,2014-01,30,1.1097557780677088,1.2529586972756863
XX,2014-02,30,1.156399494893924,1.2949893113513622
XX,2014-03,30,1.1446416314297556,1.2848216629598805
XX,2014-04,30,1.1729097568260074,1.3095177115920995
XX,2014-05,30,1.2055582627285177,1.3373531914425356
XX,2014-06,30,1.2015079826671087,1.3339935196733403
XX,2014-07,30,1.1859251457943651,1.3210241203039303
XX,2014-08,30,1.2126947199647915,1.343596855408974
XX,2014-09,30,1.229886141544977,1.3577730708217735
XX,2014-10,30,1.1969704114728266,1.3310098372505732
XX,2014-11,30,1.2351048723873623,1.362868988110963
XX,2014-12,30,1.200187580887711,1.334598278246335
CA,2000-01,0,0.9399062976085693,0.9399062976085693
CA,2000-02,0,1.0310429689545373,1.0368698689537659
CA,2000-03,0,1.0403010045953565,1.0458491607190807
CA,2000-04,0,1.0693392709764447,1.073762491815385
CA,2000-05,0,1.0657612259603997,1.0704164583224058
CA,2000-06,0,1.0729572105710659,1.0771684253065505
CA,2000-07,0,1.083536754127219,1.0870285981558687
CA,2000-08,0,1.0962606312818377,1.0987715105270026
CA,2000-09,0,1.0358677195510861,1.0436815893828535
CA,2000-10,0,1.0545683032586388,1.0617346509413863
CA,2000-11,0,0.9693908845874774,0.9809647108550388
CA,2000-12,0,0.9683237046105664,0.9798638340117775
CA,2001-01,0,0.9737319134187905,0.9854489588852816
CA,2001-02,0,0.8699985288874149,0.8789171885880898
CA,2001-03,0,0.8307671976801301,0.8338236281915508
CA,2001-04,0,0.9052478824705714,0.9234765237300654
CA,2001-05,0,0.8784511927232288,0.8938750297456663
CA,2001-06,0,0.8412445113786818,0.8515201651239849
CA,2001-07,0,0.8206514285999248,0.8270408579781852
CA,2001-08,0,0.7528655527767874,0.7444407753355657
CA,2001-09,0,0.6515208561376562,0.6098288299950699
CA,2001-10,0,0.6918742223673942,0.671766012588058
CA,2001-11,0,0.7093954225957906,0.6970902690236337
CA,2001-12,0,0.7331302034374166,0.7305480276806837
CA,2002-01,0,0.7055929705752549,0.6929868513261314
CA,2002-02,0,0.7033887951089246,0.689862988761949
CA,2002-03,0,0.7360450010846338,0.7362899523456554
CA,2002-04,0,0.700391714893394,0.6878509491071291
CA,2002-05,0,0.6731362374924261,0.6489363291574679
CA,2002-06,0,0.6173262154756056,0.5660258885834697
CA,2002-07,0,0.5407111707313423,0.4419180136485994
CA,2002-08,0,0.5309569462694829,0.4238783928864348
CA,2002-09,0,0.4341402842987406,0.24153467810696228
CA,2002-10,0,0.4918926736099856,0.3745617004772348
CA,2002-11,0,0.5183477660282703,0.42834394574657675
CA,2002-12,0,0.4766379841269446,0.3478771536912776
CA,2003-01,0,0.45777782210508744,0.30830799921777663
CA,2003-02,0,0.42750781061046195,0.2421841941032582
CA,2003-03,0,0.4076078961344648,0.19563553702122505
CA,2003-04,0,0.46048566662594104,0.3253625884177772
CA,2003-05,0,0.4735287004091688,0.3536871047459321
CA,2003-06,0,0.49047890948169465,0.38948263109497805
CA,2003-07,0,0.5102815809224126,0.4298567859422151
CA,2003-08,0,0.5263615894997471,0.4613688161202735
CA,2003-09,0,0.4963334388877393,0.4043202943226505
CA,2003-10,0,0.5335426136434473,0.47928839407247215
CA,2003-11,0,0.541583864637695,0.4943598256481726
CA,2003-12,0,0.5605786708622467,0.529432521614214
CA,2004-01,0,0.5728986154087825,0.5514097126614332
CA,2004-02,0,0.5856100255075964,0.5735976002857448
CA,2004-03,0,0.5692482614690683,0.5456579077841588
CA,2004-04,0,0.5768307248096907,0.5589780421681518
CA,2004-05,0,0.583695085735943,0.5708781727108113
CA,2004-06,0,0.5962668648097406,0.592416437090657
CA,2004-07,0,0.5816554754062393,0.5679116553128478
CA,2004-08,0,0.5729983518552229,0.5530280619881738
CA,2004-09,0,0.578725717292056,0.5630234928969877
CA,2004-10,0,0.5884774483427546,0.5798738431740211
CA,2004-11,0,0.5956135910855568,0.5920002938356372
CA,2004-12,0,0.6039889591753795,0.6060620416116709
CA,2005-01,0,0.6191389253896583,0.6311452256403371
CA,2005-02,0,0.6360243057719981,0.6584175868017887
CA,2005-03,0,0.6419411704570678,0.6677204776368927
CA,2005-04,0,0.6162540486763732,0.6277057177759461
CA,2005-05,0,0.6596817908676328,0.6981762360379131
CA,2005-06,0,0.6793099235270803,0.7279301763939627
CA,2005-07,0,0.7131180854591748,0.7776985674643557
CA,2005-08,0,0.7039273719197028,0.7648105006394145
CA,2005-09,0,0.734092660145566,0.8076633423233491
CA,2005-10,0,0.7073932134335027,0.7712926657567574
CA,2005-11,0,0.7291532126356111,0.8020534912621238
CA,2005-12,0,0.750706258711356,0.831612499852155
CA,2006-01,0,0.7879578214568012,0.8812345221986722
CA,2006-02,0,0.7931092089154417,0.887772165862284
CA,2006-03,0,0.8258850986268792,0.9290979875057594
CA,2006-04,0,0.8205591723869681,0.9226492378567273
CA,2006-05,0,0.7937699628731085,0.8900017330632203
CA,2006-06,0,0.8011404862650454,0.899287198294556
CA,2006-07,0,0.8069152265139377,0.9064953476115556
CA,2006-08,0,0.8289744350553668,0.9338330502804346
CA,2006-09,0,0.8418155025345531,0.9493233560560627
CA,2006-10,0,0.8550580092106616,0.9650542455873646
CA,2006-11,0,0.8507518881356024,0.9600181883506933
CA,2006-12,0,0.8828146622549919,0.9977057616215022
CA,2007-01,0,0.8904868883974106,1.0063964035766566
CA,2007-02,0,0.8734045285333514,0.9872132352598249
CA,2007-03,0,0.8911102411876625,1.0074852994361385
CA,2007-04,0,0.9429183382910666,1.0656241185281004
CA,2007-05,0,0.97984326417442,1.1047843770402803
CA,2007-06,0,0.9741532999050021,1.0989773623089885
CA,2007-07,0,0.9220459934622769,1.045487519952753
CA,2007-08,0,0.9040410714686451,1.0259603790928664
CA,2007-09,0,0.9097584632608344,1.0322846402051422
CA,2007-10,0,0.9267460735007755,1.050957299956009
CA,2007-11,0,0.8983810281331595,1.0203501615189747
CA,2007-12,0,0.8851435082793732,1.0056153002081856
CA,2008-01,0,0.7648414065831053,0.869702761087696
CA,2008-02,0,0.7495318620545222,0.8496861348998201
CA,2008-03,0,0.7345240202764208,0.829663181189802
CA,2008-04,0,0.7821481734516553,0.8944999351428071
CA,2008-05,0,0.8001755361457362,0.9175484613760467
CA,2008-06,0,0.7068247156887937,0.8008855340056447
CA,2008-07,0,0.6969557943135278,0.7869232019645974
CA,2008-08,0,0.7082459600505676,0.8031224585446509
CA,2008-09,0,0.6364407054358867,0.7017378285362368
CA,2008-10,0,0.5446806812996666,0.5575609659432395
CA,2008-11,0,0.5128622614740557,0.4991443175875666
CA,2008-12,0,0.5050030294945614,0.48382006277321277
CA,2009-01,0,0.46496383307111033,0.4045350009320495
CA,2009-02,0,0.4224237452531692,0.31304382507658224
CA,2009-03,0,0.43947119736097434,0.3534001078361797
CA,2009-04,0,0.49867973879024763,0.4881268926284954
CA,2009-05,0,0.5305181059051465,0.5519722118550914
CA,2009-06,0,0.5100596673290838,0.5134090820611374
CA,2009-07,0,0.5563897401117557,0.604241735082456
CA,2009-08,0,0.5953941709033888,0.674344449025022
CA,2009-09,0,0.6186128156346863,0.7133415468569809
CA,2009-10,0,0.5870636842144643,0.6623417443587849
CA,2009-11,0,0.6022236240733873,0.6881650753985987
CA,2009-12,0,0.6458757732691375,0.7606500252590689
CA,2010-01,0,0.6123044853973387,0.708672091945553
CA,2010-02,0,0.6073924654101548,0.7006499067348789
CA,2010-03,0,0.6511842456309215,0.7727479038530936
CA,2010-04,0,0.6245970024211033,0.731918839900451
CA,2010-05,0,0.5883378173177389,0.6738667119478445
CA,2010-06,0,0.5798427654921879,0.6594276404221004
CA,2010-07,0,0.6134040797193426,0.7173076662230033
CA,2010-08,0,0.5878540955525036,0.6756548878806596
CA,2010-09,0,0.6256616889868535,0.7399694749872032
CA,2010-10,0,0.6465140865263553,0.7732980260341253
CA,2010-11,0,0.6121848016616105,0.7201989743967634
CA,2010-12,0,0.6451676444994116,0.7740762394779579
CA,2011-01,0,0.6781604609818569,0.8252146013653469
CA,2011-02,0,0.6954198530383476,0.8506649085559227
CA,2011-03,0,0.6745699489100067,0.8206831586285285
CA,2011-04,0,0.6968984458568247,0.8537835020145585
CA,2011-05,0,0.6933353613077458,0.8486707275920267
CA,2011-06,0,0.6913181916784911,0.8457613568288653
CA,2011-07,0,0.637490431534671,0.767898860525783
CA,2011-08,0,0.564565635308698,0.6535053063348337
CA,2011-09,0,0.5184101013072966,0.5717512442475017
CA,2011-10,0,0.5635508169661682,0.6588265453364239
CA,2011-11,0,0.5491713148006405,0.6333106526562597
CA,2011-12,0,0.552133487259917,0.6387045477477244
CA,2012-01,0,0.5764766604248287,0.6827938372521885
CA,2012-02,0,0.6022161438399044,0.7274434912314272
CA,2012-03,0,0.5994534442735086,0.7228559364229824
CA,2012-04,0,0.562122092370911,0.6605802880649347
CA,2012-05,0,0.5384296995190221,0.6184321619310562
CA,2012-06,0,0.5741652682785751,0.684802142620226
CA,2012-07,0,0.5920031317244195,0.7158696147077047
CA,2012-08,0,0.6136259933126725,0.752394525522397
CA,2012-09,0,0.6062080951086766,0.7403058945243027
CA,2012-10,0,0.6194481083736241,0.7621466013241253
CA,2012-11,0,0.6440231687765094,0.8018191099179568
CA,2012-12,0,0.6607090762659686,0.8277279720496693
CA,2013-01,0,0.6768489267111673,0.8521560464094371
CA,2013-02,0,0.6752182358118687,0.8497468073090337
CA,2013-03,0,0.6785170187778808,0.8546323136402509
CA,2013-04,0,0.7032067760941727,0.8910201368384989
CA,2013-05,0,0.7343220539723797,0.9352678303135685
CA,2013-06,0,0.6968560578670878,0.8842466252406496
CA,2013-07,0,0.7445275858543816,0.9526560585075498
CA,2013-08,0,0.734359455139795,0.9389989007235057
CA,2013-09,0,0.7744111186190511,0.9935384905646031
CA,2013-10,0,0.8035840292028336,1.0312095800962258
CA,2013-11,0,0.8040527905011028,1.0317929183424255
CA,2013-12,0,0.8055912251874442,1.0337062686902088
CA,2014-01,0,0.7808615732925763,1.003008749748001
CA,2014-02,0,0.8252642392477899,1.0598724340089456
CA,2014-03,0,0.8243616244075054,1.0587787057248905
CA,2014-04,0,0.8454658564742692,1.0843794026058642
CA,2014-05,0,0.8642661766282621,1.1066160429267322
CA,2014-06,0,0.8495650244229647,1.0896060608137557
CA,2014-07,0,0.8152881011926009,1.0492596220539383
CA,2014-08,0,0.8411148539983119,1.0809376911535997
CA,2014-09,0,0.8492483612055168,1.0906076038516594
CA,2014-10,0,0.8143181642509693,1.0494768833814265
CA,2014-11,0,0.8458697890823524,1.0882229487604362
CA,2014-12,0,0.824827892294614,1.0633469015728827
AX,2000-01,0,0.9759431230030458,0.9759431230030458
AX,2000-02,0,1.094060053438966,1.0969716211315699
AX,2000-03,0,1.0741792634391527,1.0788000500762864
AX,2000-04,0,1.053831349614156,1.059857295810253
AX,2000-05,0,1.0070815971897835,1.0154955936825936
AX,2000-06,0,0.9708795007380562,0.9795480631619806
AX,2000-07,0,1.015863525103235,1.0258813355515843
AX,2000-08,0,1.014191221809078,1.024235146616917
AX,2000-09,0,0.9488312561893916,0.9597897400563083
AX,2000-10,0,0.9833423643939544,0.9961619695538515
AX,2000-11,0,0.8834058932341794,0.8945325932771901
AX,2000-12,0,0.8866851024869682,0.898244600722356
AX,2001-01,0,0.9279508212036857,0.9447839173308968
AX,2001-02,0,0.8477363179431613,0.8583412940499835
AX,2001-03,0,0.7898596760029158,0.7900693081562212
AX,2001-04,0,0.8514919934976374,0.8680987599274672
AX,2001-05,0,0.8341990694893412,0.8477897915045667
AX,2001-06,0,0.8194753265195548,0.8301396363937493
AX,2001-07,0,0.7891216203591258,0.7930992214134154
AX,2001-08,0,0.6964535959192072,0.6756673553371244
AX,2001-09,0,0.5717221921186877,0.49657228779584195
AX,2001-10,0,0.607130178067603,0.5585044402241052
AX,2001-11,0,0.6608961303462331,0.6470619756932829
AX,2001-12,0,0.6831592518544825,0.6807482396703258
AX,2002-01,0,0.6760496272351885,0.6703412597458143
AX,2002-02,0,0.6662400269063333,0.6558310818924914
AX,2002-03,0,0.7037594125450783,0.7121461997531898
AX,2002-04,0,0.6599992526018806,0.6499656318444165
AX,2002-05,0,0.6273286122685411,0.6004646055863657
AX,2002-06,0,0.5716754797361694,0.5117501241423913
AX,2002-07,0,0.4809133205029997,0.3529849462567545
AX,2002-08,0,0.4812963620396502,0.3537814339403351
AX,2002-09,0,0.36203964947028217,0.10599914848116632
AX,2002-10,0,0.40870531960612183,0.23489572156126526
AX,2002-11,0,0.4305667146247134,0.28838510369032544
AX,2002-12,0,0.36969113772678924,0.14700033141180868
AX,2003-01,0,0.3512397466320378,0.09709004357475626
AX,2003-02,0,0.3234925914161331,0.018092277854998895
AX,2003-03,0,0.3086100263457843,-0.02791361367159939
AX,2003-04,0,0.3709617145312886,0.1741267701869662
AX,2003-05,0,0.3790522991834683,0.19593652665308048
AX,2003-06,0,0.406229563332649,0.2676344538460411
AX,2003-07,0,0.4376856817205113,0.3450687944927455
AX,2003-08,0,0.4391991629141062,0.34852671248459177
AX,2003-09,0,0.4091817859078093,0.28018100616053987
AX,2003-10,0,0.45807096545152287,0.39966134772864803
AX,2003-11,0,0.4691511425848774,0.4238501262565181
AX,2003-12,0,0.4975429286795354,0.48436748093720383
AX,2004-01,0,0.5079971598871439,0.5053791979268386
AX,2004-02,0,0.5014574263345738,0.49250563470844777
AX,2004-03,0,0.48045553915432,0.45062393931953293
AX,2004-04,0,0.49290906033371423,0.4765441757712021
AX,2004-05,0,0.4872101496664745,0.4649823865369337
AX,2004-06,0,0.5037650180309806,0.49896129353597485
AX,2004-07,0,0.48120293727461366,0.4541743791040176
AX,2004-08,0,0.46776845606233386,0.42625584375930714
AX,2004-09,0,0.47941852426241244,0.4511614739895894
AX,2004-10,0,0.4875651637736141,0.4681542247885605
AX,2004-11,0,0.5058951026738178,0.5057490741792248
AX,2004-12,0,0.5209551747977363,0.5355182339206837
AX,2005-01,0,0.5208337226031886,0.535285100245421
AX,2005-02,0,0.5280367719875195,0.5491149447269363
AX,2005-03,0,0.5291391842149528,0.5512027012732916
AX,2005-04,0,0.5104075188250912,0.5158024399646296
AX,2005-05,0,0.5438816121377466,0.5813855124665973
AX,2005-06,0,0.5578019021282172,0.6069798507928306
AX,2005-07,0,0.5912292830583542,0.6669068263061793
AX,2005-08,0,0.5839888637680087,0.6546604449143583
AX,2005-09,0,0.6081578504830073,0.6960464853245394
AX,2005-10,0,0.5914067901119241,0.6685025502133192
AX,2005-11,0,0.6251424727666822,0.7255456603344823
AX,2005-12,0,0.6487415684149567,0.7632956080285374
AX,2006-01,0,0.6795810833535768,0.8108330504248509
AX,2006-02,0,0.6923989611166143,0.8296944903280692
AX,2006-03,0,0.7111493114594831,0.8567747596465422
AX,2006-04,0,0.714222986229191,0.8610968826102834
AX,2006-05,0,0.6753022291148952,0.8066030370400341
AX,2006-06,0,0.6735178161026939,0.8039606453296734
AX,2006-07,0,0.6708738952521549,0.8000351057413696
AX,2006-08,0,0.6893439712999138,0.8275664736757512
AX,2006-09,0,0.7053382910741995,0.8507687071617783
AX,2006-10,0,0.7343279956650927,0.8918691336631426
AX,2006-11,0,0.7389431790579064,0.8981540409798434
AX,2006-12,0,0.7692128029298024,0.9391174394247515
AX,2007-01,0,0.7924008296119154,0.9692625781871246
AX,2007-02,0,0.7781722378968234,0.9513062722578886
AX,2007-03,0,0.7979035482725779,0.9766622402747925
AX,2007-04,0,0.8480913320503017,1.0395618023664486
AX,2007-05,0,0.9012500233561933,1.102242187481785
AX,2007-06,0,0.9061454810441174,1.107674040531501
AX,2007-07,0,0.8518563500812817,1.0477618828277728
AX,2007-08,0,0.8677385601375234,1.0664061179206101
AX,2007-09,0,0.8871148564061382,1.0887357655342231
AX,2007-10,0,0.9037164371531629,1.1074498932789445
AX,2007-11,0,0.8830882490330559,1.0846239411638223
AX,2007-12,0,0.9019320241409616,1.1059624372071553
AX,2008-01,0,0.7668865262803884,0.9562333065787176
AX,2008-02,0,0.7422971281227247,0.9241693736303465
AX,2008-03,0,0.7247145873428149,0.9004827121658513
AX,2008-04,0,0.7620844933575014,0.9520477098454264
AX,2008-05,0,0.7791812253592205,0.9744818784326869
AX,2008-06,0,0.7004054634802613,0.8733811854037427
AX,2008-07,0,0.7040303443636861,0.8785565888984739
AX,2008-08,0,0.6956875128459074,0.8667064867195414
AX,2008-09,0,0.6392682972402345,0.7856079840672887
AX,2008-10,0,0.5433397485005342,0.6355480653229517
AX,2008-11,0,0.5034006614473381,0.5620414110363532
AX,2008-12,0,0.5160784020628204,0.5872256064226531
AX,2009-01,0,0.462975765615951,0.4843291545761652
AX,2009-02,0,0.40831293559296833,0.3662607067595537
AX,2009-03,0,0.4365178721575529,0.4353374714317878
AX,2009-04,0,0.5070722547132811,0.5969674688635148
AX,2009-05,0,0.5315775705824116,0.6452945379179769
AX,2009-06,0,0.5129206450045795,0.6101972602856812
AX,2009-07,0,0.5677609820811319,0.717115041058695
AX,2009-08,0,0.5822231357088157,0.7425872980191374
AX,2009-09,0,0.6054578747734469,0.7824942299831936
AX,2009-10,0,0.5740951811506213,0.7306942701023167
AX,2009-11,0,0.6012631028232984,0.7780172969534151
AX,2009-12,0,0.6335226741904766,0.831670300465022
AX,2010-01,0,0.5911638857228294,0.7648079919899958
AX,2010-02,0,0.5956295894915845,0.7723620795731618
AX,2010-03,0,0.6540480950690433,0.8704406616451563
AX,2010-04,0,0.647312169509896,0.8601418386534981
AX,2010-05,0,0.6333077972308924,0.83850718857484
AX,2010-06,0,0.6268334610138478,0.8282841402477024
AX,2010-07,0,0.654197574693102,0.8719386599585601
AX,2010-08,0,0.6269362282553883,0.8302672330192251
AX,2010-09,0,0.6610923223528118,0.8847482034242559
AX,2010-10,0,0.7023300136400183,0.9471263159705376
AX,2010-11,0,0.7104953381042274,0.9587523668378357
AX,2010-12,0,0.7325622676058997,0.9898108809732727
AX,2011-01,0,0.7515928922438788,1.0157890475804248
AX,2011-02,0,0.7712681477606113,1.0419671231313947
AX,2011-03,0,0.7458752966236317,1.0090436175896347
AX,2011-04,0,0.7941105028120884,1.07371288121427
AX,2011-05,0,0.7718567237803426,1.0456893518025054
AX,2011-06,0,0.7766400717502225,1.0518865485392939
AX,2011-07,0,0.7492666155944648,1.016640548298707
AX,2011-08,0,0.6040284758683856,0.8228001492962133
AX,2011-09,0,0.5725163026215013,0.7706301366133168
AX,2011-10,0,0.6417440535137081,0.8915485289372017
AX,2011-11,0,0.6431080550832441,0.8936739893323044
AX,2011-12,0,0.6204525495618404,0.8584458416791527
AX,2012-01,0,0.6821782918215987,0.9579308745045455
AX,2012-02,0,0.7201928287150386,1.0136560967069859
AX,2012-03,0,0.7320390889216943,1.0301048306214733
AX,2012-04,0,0.7129804368542042,1.0040698109675859
AX,2012-05,0,0.6584670864552803,0.9276114011976819
AX,2012-06,0,0.6754143388329407,0.9533488339809852
AX,2012-07,0,0.7090565967226623,1.003158641021583
AX,2012-08,0,0.7302546759094932,1.0330548147329774
AX,2012-09,0,0.7602253405332718,1.0740962015429305
AX,2012-10,0,0.7624301649881383,1.0769964264332503
AX,2012-11,0,0.7783871148564097,1.0979254906296014
AX,2012-12,0,0.798688316298888,1.1240066025275333
AX,2013-01,0,0.8153085819989199,1.1448160539253576
AX,2013-02,0,0.8112726321493339,1.1398658425100785
AX,2013-03,0,0.8201573273043254,1.1508173954195524
AX,2013-04,0,0.8299856125861882,1.1628008100092457
AX,2013-05,0,0.8688503148414622,1.2096265641740365
AX,2013-06,0,0.829453091425479,1.1642824781525312
AX,2013-07,0,0.8634223359928291,1.2052362643503394
AX,2013-08,0,0.8441674919187618,1.1829356551682448
AX,2013-09,0,0.8994842952970016,1.2484638873114973
AX,2013-10,0,0.9425531119789278,1.2963455645204418
AX,2013-11,0,0.9826883910387012,1.3389270154219277
AX,2013-12,0,1.0020646873073162,1.3586446557698861
AX,2014-01,0,0.9688148134307489,1.3254632910359245
AX,2014-02,0,1.0062314318279537,1.364084313215288
AX,2014-03,0,0.9977204357331089,1.355626024370759
AX,2014-04,0,1.0020833722603235,1.3599989292156005
AX,2014-05,0,1.035323903660387,1.3931703521931968
AX,2014-06,0,1.0225340533268605,1.380816874901397
AX,2014-07,0,0.9736915861656654,1.3330507716579068
AX,2014-08,0,0.9845475438629316,1.3442000491616966
AX,2014-09,0,0.9819596778714148,1.341571566659609
AX,2014-10,0,0.9681421551224845,1.3275001917749678
AX,2014-11,0,1.0358283973915854,1.3974137286568915
AX,2014-12,0,1.0152002092714785,1.3774990515037522
HS,2000-01,0,0.9181818615167785,0.9181818615167785
HS,2000-02,0,0.9970675954600562,1.0040970132416922
HS,2000-03,0,1.0235704627177058,1.0306778261959242
HS,2000-04,0,0.9067906893971052,0.9165872212262027
HS,2000-05,0,0.8685454923913198,0.874410787951162
HS,2000-06,0,0.9446100481928094,0.9619877271763774
HS,2000-07,0,0.981898698174457,1.001462905376087
HS,2000-08,0,0.9935949484147855,1.013374775981552
HS,2000-09,0,0.9057332441403552,0.924946685224239
HS,2000-10,0,0.8651157469567665,0.8801018068382862
HS,2000-11,0,0.8083426154410843,0.8144769101520405
HS,2000-12,0,0.8639176797537768,0.8832287775546603
HS,2001-01,0,0.9137701458813661,0.940933889159504
HS,2001-02,0,0.83907685267428,0.8591920052253976
HS,2001-03,0,0.7292233060616801,0.7282700923368725
HS,2001-04,0,0.7590152968076438,0.7691245062020319
HS,2001-05,0,0.7519357365650431,0.7597972103327961
HS,2001-06,0,0.7391899858106897,0.7428466251503738
HS,2001-07,0,0.6950362836400271,0.6831140759840886
HS,2001-08,0,0.626856090519221,0.5850181999476112
HS,2001-09,0,0.5629072673739609,0.4830030419034551
HS,2001-10,0,0.5660653026073059,0.48861326478808353
HS,2001-11,0,0.6384164856589452,0.6164274634651418
HS,2001-12,0,0.6406529307361443,0.6199305764445797
HS,2002-01,0,0.6044693944675993,0.5634514213005174
HS,2002-02,0,0.5857833595774672,0.5325383013623438
HS,2002-03,0,0.6247205436746345,0.599008581646941
HS,2002-04,0,0.6529386808866973,0.6441777977032634
HS,2002-05,0,0.6444219166850724,0.6311340549278179
HS,2002-06,0,0.5995937058570237,0.5615706064053863
HS,2002-07,0,0.5785679442342623,0.5265039247218146
HS,2002-08,0,0.5704976745738047,0.5125552264904624
HS,2002-09,0,0.5142997424314414,0.4140483707274717
HS,2002-10,0,0.534869475821765,0.45404398358365683
HS,2002-11,0,0.5758953327814392,0.530746541523877
HS,2002-12,0,0.5264694993382036,0.44492220743087363
HS,2003-01,0,0.5248654557819461,0.44187541448603285
HS,2003-02,0,0.5168468269492036,0.426597920521801
HS,2003-03,0,0.4872892061136391,0.36940956355725396
HS,2003-04,0,0.5013315388807771,0.39822680923181375
HS,2003-05,0,0.5521874260145841,0.4996684365576006
HS,2003-06,0,0.5540401400181465,0.5030236632728018
HS,2003-07,0,0.5847656380343442,0.5584808328836379
HS,2003-08,0,0.6354880534903646,0.6452205661321935
HS,2003-09,0,0.6533970925419531,0.6734021172301637
HS,2003-10,0,0.7072481476832346,0.75581915849948
HS,2003-11,0,0.7212221556629342,0.7755774399816937
HS,2003-12,0,0.7374794827019129,0.7981187983014963
HS,2004-01,0,0.7756142477838154,0.8498283929090475
HS,2004-02,0,0.816157858860058,0.9021012994371174
HS,2004-03,0,0.740335617711693,0.8091998584655542
HS,2004-04,0,0.7000510052482984,0.7547858717551613
HS,2004-05,0,0.7234021930667833,0.788142280993089
HS,2004-06,0,0.730619991832806,0.7981198547897949
HS,2004-07,0,0.7292439623927675,0.7962364825095117
HS,2004-08,0,0.7664992444549684,0.8473240252023031
HS,2004-09,0,0.7849358144235232,0.8713769777680482
HS,2004-10,0,0.7819954651408542,0.8676310036022133
HS,2004-11,0,0.8432613486677482,0.9459765775319273
HS,2004-12,0,0.8524557994238494,0.9568800189983568
HS,2005-01,0,0.8217453964188299,0.9208542179823092
HS,2005-02,0,0.8507055726014447,0.9560964916948523
HS,2005-03,0,0.807934255665001,0.9058190298867091
HS,2005-04,0,0.8351489718708461,0.9395033501330948
HS,2005-05,0,0.8445039064300004,0.9507048661191564
HS,2005-06,0,0.8613356383680252,0.9706357768110656
HS,2005-07,0,0.9039313764902377,1.0200889008022183
HS,2005-08,0,0.9051469221272234,1.0214336330115428
HS,2005-09,0,0.9364571532080102,1.0560249577074312
HS,2005-10,0,0.8730867073331587,0.9883545409053769
HS,2005-11,0,0.9021390425313882,1.021629970429404
HS,2005-12,0,0.8950014856668921,1.0137181558110406
HS,2006-01,0,0.9541453284118327,1.0798005519769764
HS,2006-02,0,0.9558955552342374,1.081634891851928
HS,2006-03,0,0.9511207648562744,1.0766397955238642
HS,2006-04,0,1.0039175526378958,1.132149873457658
HS,2006-05,0,0.9574106176719708,1.0858244208906387
HS,2006-06,0,0.9822887850422768,1.1118092667980295
HS,2006-07,0,1.0219298733449143,1.1521651060443578
HS,2006-08,0,1.046931184227464,1.1766299069418178
HS,2006-09,0,1.054885460644131,1.1842276139702281
HS,2006-10,0,1.1015790970641028,1.2284917906624162
HS,2006-11,0,1.1387422201106894,1.2622280181794712
HS,2006-12,0,1.1955550753399986,1.3121189014943855
HS,2007-01,0,1.2021841686700694,1.3176636843879594
HS,2007-02,0,1.1650393185317514,1.2867658809512281
HS,2007-03,0,1.182923728880891,1.3021167880533837
HS,2007-04,0,1.2043133597204756,1.3201987914128228
HS,2007-05,0,1.2363370286980033,1.3467896024497115
HS,2007-06,0,1.3004153511496874,1.398618772784572
HS,2007-07,0,1.3791556963010905,1.4591689232282663
HS,2007-08,0,1.423106013057983,1.4910364758728065
HS,2007-09,0,1.6105892297889761,1.6227787459571887
HS,2007-10,0,1.8492318228258864,1.770949731223356
HS,2007-11,0,1.702991354530971,1.691867992260288
HS,2007-12,0,1.642585092166965,1.6563973116820867
HS,2008-01,0,1.373089090755978,1.4923290982932407
HS,2008-02,0,1.4220779633493168,1.5280069526459885
HS,2008-03,0,1.3242813582967783,1.4592367392167576
HS,2008-04,0,1.5170057218037152,1.6047680209942259
HS,2008-05,0,1.4437528104527433,1.556480193006422
HS,2008-06,0,1.3049533881944337,1.4603422521806766
HS,2008-07,0,1.3410662162527227,1.488015905803091
HS,2008-08,0,1.256547659717139,1.4249925028485748
HS,2008-09,0,1.0673285167006468,1.2744059798836702
HS,2008-10,0,0.8243266433303115,1.0467329911383596
HS,2008-11,0,0.8256256087659137,1.0483087808403089
HS,2008-12,0,0.8501915477471117,1.0780631134583551
HS,2009-01,0,0.7777807791250317,0.9928931669751675
HS,2009-02,0,0.7505898971473628,0.9579335964799214
HS,2009-03,0,0.7997114469442159,1.0233775226285957
HS,2009-04,0,0.9182827597493938,1.1716451424785448
HS,2009-05,0,1.088552896891543,1.3570674814415644
HS,2009-06,0,1.10467834120128,1.3718811339115404
HS,2009-07,0,1.2233362517021646,1.4792951259083875
HS,2009-08,0,1.1825384088587094,1.4459454701725352
HS,2009-09,0,1.2603571638539666,1.511752005006665
HS,2009-10,0,1.3083187812129116,1.5498059937762343
HS,2009-11,0,1.3153347835137092,1.5551686029518765
HS,2009-12,0,1.325681221964993,1.5630346143893945
HS,2010-01,0,1.2212038827546683,1.4842243110681608
HS,2010-02,0,1.2460184921831712,1.504544103511441
HS,2010-03,0,1.2910540607963528,1.5406876831578988
HS,2010-04,0,1.28428355104577,1.5354435110072715
HS,2010-05,0,1.213317136651167,1.480185920627938
HS,2010-06,0,1.2395784837299646,1.5018301769278866
HS,2010-07,0,1.297182635334723,1.5483009348192498
HS,2010-08,0,1.2626945071637776,1.5217139861263649
HS,2010-09,0,1.3880307683996305,1.620974940002991
HS,2010-10,0,1.432313969876717,1.652878556612401
HS,2010-11,0,1.4342445423589882,1.654226426229589
HS,2010-12,0,1.4354878945955127,1.6550933301638926
HS,2011-01,0,1.4533294033339352,1.6675222115258284
HS,2011-02,0,1.453454135794724,1.6676080368456097
HS,2011-03,0,1.4675997502172922,1.677340448811147
HS,2011-04,0,1.476392991465761,1.6833320287682616
HS,2011-05,0,1.489361989490698,1.692116273952236
HS,2011-06,0,1.4180793743356244,1.6442550987254871
HS,2011-07,0,1.4144533937557535,1.6416981328422695
HS,2011-08,0,1.3012209480620422,1.5616442786866025
HS,2011-09,0,1.1069116083813886,1.4123158037876657
HS,2011-10,0,1.2600441409905856,1.5506579545517356
HS,2011-11,0,1.1522848285604,1.4651376867097925
HS,2011-12,0,1.175829073627112,1.4855703475269335
HS,2012-01,0,1.298284571150736,1.5897143088136554
HS,2012-02,0,1.3844190883566656,1.6560591758173386
HS,2012-03,0,1.3087946713021632,1.60143379706424
HS,2012-04,0,1.3486359671214807,1.6318750088852494
HS,2012-05,0,1.2043483165884676,1.52488716779943
HS,2012-06,0,1.2654783450147573,1.5756449324629385
HS,2012-07,0,1.28532510681707,1.5913281418046843
HS,2012-08,0,1.2686880210758176,1.5783842681862408
HS,2012-09,0,1.3693089821672348,1.6576953040121274
HS,2012-10,0,1.4217180665038571,1.695969415274929
HS,2012-11,0,1.4445441068281932,1.7120246662154108
HS,2012-12,0,1.4868617789550171,1.741319494893049
HS,2013-01,0,1.5581094372420992,1.789237639871633
HS,2013-02,0,1.5084659178481876,1.7573762582463588
HS,2013-03,0,1.4630442347385517,1.7272650820028614
HS,2013-04,0,1.4906688996690274,1.746146715431677
HS,2013-05,0,1.4795256035223865,1.738671349071572
HS,2013-06,0,1.3750983161912318,1.668089747048235
HS,2013-07,0,1.4534350684121848,1.7250578571088533
HS,2013-08,0,1.43915598231183,1.715233485583296
HS,2013-09,0,1.5297014206788997,1.7781491385631898
HS,2013-10,0,1.5530073234638502,1.7933847279859982
HS,2013-11,0,1.5974152574017257,1.8219795280664175
HS,2013-12,0,1.5561423189432917,1.796142202256993
HS,2014-01,0,1.4660282801062112,1.738233592138175
HS,2014-02,0,1.5246565090482733,1.7782247913105502
HS,2014-03,0,1.4825430168094926,1.7506031650695886
HS,2014-04,0,1.4762078789602617,1.746330008893072
HS,2014-05,0,1.5605357616704363,1.8034546753523575
HS,2014-06,0,1.5808377572309142,1.8164643070821336
HS,2014-07,0,1.699216012787865,1.8913475485884024
HS,2014-08,0,1.698803680640417,1.8911048883590111
HS,2014-09,0,1.5714240315755919,1.816122916918494
HS,2014-10,0,1.648360125654058,1.8650823909576726
HS,2014-11,0,1.6502184009775283,1.8662097388560772
HS,2014-12,0,1.625730320475039,1.8513704421375436
NK,2000-01,0,1.0322490964692799,1.0322490964692799
NK,2000-02,0,1.061106477620239,1.0602049273338099
NK,2000-03,0,1.0782874617737004,1.0763965014272912
NK,2000-04,0,0.9634139560745066,0.9698632162212891
NK,2000-05,0,0.861273283291632,0.8638437090936848
NK,2000-06,0,0.9255490686683349,0.9384725018632136
NK,2000-07,0,0.8415346121768141,0.8476999438913285
NK,2000-08,0,0.8991381706978039,0.9161505550574995
NK,2000-09,0,0.8294690019460664,0.8386661694289053
NK,2000-10,0,0.7780372532666113,0.7766605386472992
NK,2000-11,0,0.7680289129830418,0.7637969640028341
NK,2000-12,0,0.7218237420072285,0.7036362458387859
NK,2001-01,0,0.7262718932443706,0.7097986245169556
NK,2001-02,0,0.6829024186822354,0.6500834201072174
NK,2001-03,0,0.6917987211565195,0.6631106143752519
NK,2001-04,0,0.7538504309146514,0.752806804698351
NK,2001-05,0,0.6973033083124829,0.6777957411196521
NK,2001-06,0,0.6778982485404508,0.6499670193271317
NK,2001-07,0,0.6264664998609957,0.5740975967549533
NK,2001-08,0,0.5664164581595778,0.4782424445405219
NK,2001-09,0,0.5152071170419797,0.3878330992965836
NK,2001-10,0,0.5482902418682238,0.4520463520485801
NK,2001-11,0,0.5611342785654715,0.47547196811185966
NK,2001-12,0,0.5451765360022244,0.4470336010884749
NK,2002-01,0,0.5226021684737284,0.4056261559074448
NK,2002-02,0,0.5559077008618296,0.46935633996957893
NK,2002-03,0,0.597108701695858,0.5434711629341719
NK,2002-04,0,0.6107867667500697,0.5663783237498902
NK,2002-05,0,0.6200166805671395,0.5814898394531218
NK,2002-06,0,0.5528495968862943,0.4731587480711831
NK,2002-07,0,0.5194884626077289,0.41281478749590395
NK,2002-08,0,0.5063664164581597,0.3875552348896747
NK,2002-09,0,0.48646093967194903,0.3482448143340582
NK,2002-10,0,0.45259938837920516,0.2786368591391789
NK,2002-11,0,0.47934389769252184,0.3377277682300879
NK,2002-12,0,0.447317208785099,0.27091417351949754
NK,2003-01,0,0.440255768696136,0.2551279709091806
NK,2003-02,0,0.4415902140672786,0.25815903936080975
NK,2003-03,0,0.41762579927717575,0.20389059312560454
NK,2003-04,0,0.4097303308312486,0.18498498801310292
NK,2003-05,0,0.4447039199332781,0.27034256706046356
NK,2003-06,0,0.47812065610230786,0.3454863530069501
NK,2003-07,0,0.5093689185432309,0.41084278980192623
NK,2003-08,0,0.5464553794829029,0.4836514351463209
NK,2003-09,0,0.5358910202946905,0.4643189158138016
NK,2003-10,0,0.5582429802613293,0.5060288141329548
NK,2003-11,0,0.5348345843758693,0.4640965432166202
NK,2003-12,0,0.5650820127884353,0.5206512786361023
NK,2004-01,0,0.565638031693078,0.5216352400648141
NK,2004-02,0,0.582151793160968,0.5508301678147405
NK,2004-03,0,0.6195162635529614,0.6150135489035657
NK,2004-04,0,0.6087294968028919,0.5976019531397889
NK,2004-05,0,0.5953294412010015,0.5755888000524672
NK,2004-06,0,0.6300250208507095,0.6338684302009681
NK,2004-07,0,0.5939949958298589,0.576680185562366
NK,2004-08,0,0.5834862385321108,0.5589885259161993
NK,2004-09,0,0.5718654434250772,0.5390723833585473
NK,2004-10,0,0.5655268279121498,0.5279882802958347
NK,2004-11,0,0.5718654434250773,0.5391966177257825
NK,2004-12,0,0.6058381984987499,0.5986035209829531
NK,2005-01,0,0.5992771754239654,0.5877738587215728
NK,2005-02,0,0.6195162635529617,0.6215463582576648
NK,2005-03,0,0.6126772310258559,0.610507047541456
NK,2005-04,0,0.5775368362524337,0.5531515706379257
NK,2005-05,0,0.5915485126494312,0.5774126662381953
NK,2005-06,0,0.6083958854601068,0.6058927865502547
NK,2005-07,0,0.627189324437032,0.636782934603627
NK,2005-08,0,0.660661662496526,0.690151728929868
NK,2005-09,0,0.7234361968306934,0.7851694027221587
NK,2005-10,0,0.7244926327495146,0.7866297055428487
NK,2005-11,0,0.7864331387267178,0.8721247170547441
NK,2005-12,0,0.8536002224075631,0.9575319568737486
NK,2006-01,0,0.8768974145120946,0.9848248177387823
NK,2006-02,0,0.8448707256046717,0.948302086142815
NK,2006-03,0,0.903586321934947,1.017798631058906
NK,2006-04,0,0.8990825688073407,1.0128143224009771
NK,2006-05,0,0.8316374756741741,0.9377988616712308
NK,2006-06,0,0.8221295524047829,0.9263660877192351
NK,2006-07,0,0.8186822351959978,0.9221729320314225
NK,2006-08,0,0.8531554072838489,0.9642810548241417
NK,2006-09,0,0.8557686961356697,0.9673441413726296
NK,2006-10,0,0.869335557408953,0.9831975622029849
NK,2006-11,0,0.8616068946344186,0.9743072520015139
NK,2006-12,0,0.915707534056159,1.037097649523455
NK,2007-01,0,0.9244926327495147,1.0466914317810299
NK,2007-02,0,0.9279399499582998,1.0504203065028679
NK,2007-03,0,0.9175979983319444,1.039275240890788
NK,2007-04,0,0.9199888796219083,1.0418808277537825
NK,2007-05,0,0.9542952460383666,1.0791708072050095
NK,2007-06,0,0.9638587711982219,1.0891923652076896
NK,2007-07,0,0.9087016958576604,1.0319670984064204
NK,2007-08,0,0.8792882958020585,0.9995985002298312
NK,2007-09,0,0.8893522379760924,1.0110440548017294
NK,2007-10,0,0.8941340005560201,1.0164207350142958
NK,2007-11,0,0.833416736169031,0.9485145102770284
NK,2007-12,0,0.8055601890464288,0.9150899989687357
NK,2008-01,0,0.720544898526551,0.809554383286792
NK,2008-02,0,0.7049207673060897,0.7878706113908125
NK,2008-03,0,0.6738949124270237,0.7438573600893453
NK,2008-04,0,0.738837920489298,0.8402269970530416
NK,2008-05,0,0.7621907144842938,0.8718344624353414
NK,2008-06,0,0.7128718376424811,0.8071277218459045
NK,2008-07,0,0.7023630803447329,0.7923862820206179
NK,2008-08,0,0.6799555184876298,0.7604831787907256
NK,2008-09,0,0.6128996385877131,0.6618651397033105
NK,2008-10,0,0.46989157631359557,0.42853483035013995
NK,2008-11,0,0.4477620239088138,0.38143981200911536
NK,2008-12,0,0.4716152349179882,0.43471188452867326
NK,2009-01,0,0.4073394495412853,0.2984232733520641
NK,2009-02,0,0.38076174589936146,0.23317620810499884
NK,2009-03,0,0.42946900194606713,0.3610967688526623
NK,2009-04,0,0.45671392827356233,0.4245354016853915
NK,2009-05,0,0.490297470113985,0.49806839413730286
NK,2009-06,0,0.5059216013344465,0.5299350305627961
NK,2009-07,0,0.52677231025855,0.571148350707867
NK,2009-08,0,0.530608840700585,0.5784314412715148
NK,2009-09,0,0.5153183208229092,0.5496145073932794
NK,2009-10,0,0.5107033639143743,0.5406589614286701
NK,2009-11,0,0.47478454267445214,0.47032689828223573
NK,2009-12,0,0.5447317208785112,0.617650940910178
NK,2010-01,0,0.5189324437030872,0.5702895037355329
NK,2010-02,0,0.5160967472894091,0.5648250228612159
NK,2010-03,0,0.5697525715874354,0.6687896856494082
NK,2010-04,0,0.5671948846260788,0.66430056688294
NK,2010-05,0,0.500917431192662,0.5474492777936352
NK,2010-06,0,0.4809007506255226,0.5074892378335953
NK,2010-07,0,0.49013066444259246,0.5266822081191775
NK,2010-08,0,0.4520989713650277,0.4490871996109529
NK,2010-09,0,0.4856269113149861,0.5232478194609098
NK,2010-10,0,0.47450653322213093,0.5003488041185696
NK,2010-11,0,0.5143174867945525,0.5842484994548715
NK,2010-12,0,0.5296080066722283,0.613978229184601
NK,2011-01,0,0.5296080066722283,0.613978229184601
NK,2011-02,0,0.5497914929107605,0.6520884654050734
NK,2011-03,0,0.5068112315818751,0.5739128990620312
NK,2011-04,0,0.5185432304698373,0.5970615551234684
NK,2011-05,0,0.504976369196554,0.5708981410123812
NK,2011-06,0,0.5117597998331956,0.5843313055135924
NK,2011-07,0,0.5123158187378385,0.5854177896509241
NK,2011-08,0,0.4674450931331678,0.49783367851569504
NK,2011-09,0,0.45843758687795516,0.4785640222768466
NK,2011-10,0,0.473505699193774,0.511432427370843
NK,2011-11,0,0.44498192938560044,0.451192878286766
NK,2011-12,0,0.4478732276897428,0.4576904417004858
NK,2012-01,0,0.46588824020016817,0.49791390538763647
NK,2012-02,0,0.5143174867945526,0.6018642574582893
NK,2012-03,0,0.5425076452599404,0.6566750682690999
NK,2012-04,0,0.5044203502919115,0.5864690623246498
NK,2012-05,0,0.4517097581317778,0.48197170782729537
NK,2012-06,0,0.48640533778148604,0.5587811612984918
NK,2012-07,0,0.45893800389213374,0.502311111001281
NK,2012-08,0,0.474117319988881,0.5353859837902317
NK,2012-09,0,0.4776202390881304,0.5427742797911699
NK,2012-10,0,0.48112315818737983,0.5501083892207392
NK,2012-11,0,0.5083124826244108,0.6066205815239866
NK,2012-12,0,0.5595218237420089,0.7073644012570863
NK,2013-01,0,0.5983875451765377,0.7768267882192248
NK,2013-02,0,0.6199610786766768,0.8128795665132222
NK,2013-03,0,0.6735613010842388,0.8993369656163611
NK,2013-04,0,0.7519043647484037,1.0156486710811126
NK,2013-05,0,0.7421740339171555,1.0027077556037778
NK,2013-06,0,0.7381150959132635,0.9972387714863071
NK,2013-07,0,0.738393105365585,0.9976154193205821
NK,2013-08,0,0.7234917987211591,0.9774346964290159
NK,2013-09,0,0.7909368918543258,1.070656337990651
NK,2013-10,0,0.7819293855991131,1.0592679372876634
NK,2013-11,0,0.8551570753405645,1.1529179408430925
NK,2013-12,0,0.8859605226577734,1.188938747084965
NK,2014-01,0,0.809118710036144,1.1022059743976298
NK,2014-02,0,0.8115651932165721,1.1052296137599167
NK,2014-03,0,0.807728662774537,1.1005022912057922
NK,2014-04,0,0.7808729496802918,1.0672538572552175
NK,2014-05,0,0.803892132332502,1.096732638229299
NK,2014-06,0,0.8301918265221045,1.1294480898823631
NK,2014-07,0,0.8576035585209927,1.162466641888257
NK,2014-08,0,0.8453155407283878,1.1481383223861823
NK,2014-09,0,0.8881845982763447,1.1988519973187612
NK,2014-10,0,0.9383375034751216,1.2553187558012953
NK,2014-11,0,0.9609118710036177,1.2793765894111555
NK,2014-12,0,0.958965804837368,1.2773513608496465
ND,2000-01,0,0.9622551101755739,0.9622551101755739
ND,2000-02,0,1.145650204323327,1.1528439594405995
ND,2000-03,0,1.170491233870175,1.1745268688077917
ND,2000-04,0,1.000497992337614,1.0292944769593826
ND,2000-05,0,0.8731374981953014,0.9019973757980487
ND,2000-06,0,0.9867592625528598,1.032127812977078
ND,2000-07,0,0.935055940441791,0.9797307146439886
ND,2000-08,0,1.0583697237397973,1.1116092236877828
ND,2000-09,0,0.9208380499624417,0.9816625040373178
ND,2000-10,0,0.8392049698798336,0.8930116494316273
ND,2000-11,0,0.6433914533634365,0.659679479646651
ND,2000-12,0,0.5932678968611842,0.5817742537686523
ND,2001-01,0,0.6523574078452631,0.6813743017346809
ND,2001-02,0,0.47796174665581453,0.41404283727645164
ND,2001-03,0,0.39223173801418276,0.23467700048833118
ND,2001-04,0,0.46043994902902013,0.40857473594484084
ND,2001-05,0,0.4447741144419875,0.3745511143627672
ND,2001-06,0,0.45059309213486015,0.3876341097618432
ND,2001-07,0,0.4131348617652787,0.304503162964349
ND,2001-08,0,0.3593286728504207,0.174264362285679
ND,2001-09,0,0.28434316275352134,-0.03441787145332986
ND,2001-10,0,0.33129044879990166,0.1306899707460476
ND,2001-11,0,0.3867077893952746,0.29796717658196004
ND,2001-12,0,0.3815981369227845,0.2847539633687468
ND,2002-01,0,0.3743688784082663,0.265809273091129
ND,2002-02,0,0.32785890496088294,0.14157358970544398
ND,2002-03,0,0.34983752476884206,0.20861041400820735
ND,2002-04,0,0.30681140527997464,0.08562155077148836
ND,2002-05,0,0.2899131442775872,0.03054452067553326
ND,2002-06,0,0.2515175165666152,-0.10189386119448218
ND,2002-07,0,0.2301603409782833,-0.18680713435283658
ND,2002-08,0,0.225149031530448,-0.20858025750053022
ND,2002-09,0,0.19853573513503367,-0.3267832815797844
ND,2002-10,0,0.23560477821555573,-0.14007108563526272
ND,2002-11,0,0.2654257311385406,-0.013499149578424463
ND,2002-12,0,0.23385762022434803,-0.1324330252760877
ND,2003-01,0,0.2332654696716393,-0.13496512387582826
ND,2003-02,0,0.23942550934363396,-0.10855727328111331
ND,2003-03,0,0.2412940268120753,-0.10075310290025574
ND,2003-04,0,0.2618539961792693,-0.015545981784047758
ND,2003-05,0,0.2833597325069734,0.06658274888837201
ND,2003-06,0,0.28396652989314136,0.0687241871964881
ND,2003-07,0,0.30153017561553364,0.1305752994701832
ND,2003-08,0,0.3163841571479691,0.17983730617353566
ND,2003-09,0,0.30720686978337386,0.15083052072851377
ND,2003-10,0,0.3335523383669623,0.236588591835992
ND,2003-11,0,0.33519906092873536,0.24152551588765725
ND,2003-12,0,0.3451505380618898,0.2712137766649454
ND,2004-01,0,0.3507811993245724,0.28752741561883555
ND,2004-02,0,0.34526771272956364,0.27180967873434747
ND,2004-03,0,0.33751326061529324,0.2493504338400988
ND,2004-04,0,0.32849918082352936,0.22264309862212528
ND,2004-05,0,0.343482891452318,0.26825572569542644
ND,2004-06,0,0.3551626949336611,0.30225975842019615
ND,2004-07,0,0.32749064171962267,0.2243460202692703
ND,2004-08,0,0.3199035819877434,0.20117876366602716
ND,2004-09,0,0.32980065659662067,0.23211644353625893
ND,2004-10,0,0.3466675315273098,0.2832590795296097
ND,2004-11,0,0.36597833524090984,0.33896318204109277
ND,2004-12,0,0.3768923185728134,0.3687845738585054
ND,2005-01,0,0.3527083041268508,0.30461766661682743
ND,2005-02,0,0.35016184750972523,0.2973979425918164
ND,2005-03,0,0.3428195991370931,0.2764297862239864
ND,2005-04,0,0.32776056193622843,0.23250278427086135
ND,2005-05,0,0.35523592910095725,0.31633034119967407
ND,2005-06,0,0.34300163835294345,0.2818904387411115
ND,2005-07,0,0.3677631565181556,0.35408110897847334
ND,2005-08,0,0.361488034583267,0.3370181655496125
ND,2005-09,0,0.36536316823562237,0.34773811553861467
ND,2005-10,0,0.3591382640154512,0.3307005355049405
ND,2005-11,0,0.3791709473781131,0.38648039905576514
ND,2005-12,0,0.3718328838150406,0.3671274828742549
ND,2006-01,0,0.38539166678872444,0.40359220550601727
ND,2006-02,0,0.3753062757496572,0.3774230069784421
ND,2006-03,0,0.38127172177712215,0.3933178811463446
ND,2006-04,0,0.3792755676171076,0.38808236525046225
ND,2006-05,0,0.35090255880180626,0.31327393771698886
ND,2006-06,0,0.34860300594870774,0.3067206858371776
ND,2006-07,0,0.33266934354984934,0.26101349993527856
ND,2006-08,0,0.3467407656946061,0.3033120237325223
ND,2006-09,0,0.36181235732415007,0.3467784779850296
ND,2006-10,0,0.3772898754809926,0.38955622684720026
ND,2006-11,0,0.3885491056015779,0.4193986129070736
ND,2006-12,0,0.3796354612392487,0.39645776905021146
ND,2007-01,0,0.385517211075518,0.4119509208676667
ND,2007-02,0,0.37760373619797605,0.39142401662008486
ND,2007-03,0,0.3785390411345866,0.39390096493110505
ND,2007-04,0,0.3972451398667986,0.4433175288769128
ND,2007-05,0,0.40844996746310674,0.4715238591043015
ND,2007-06,0,0.40813819915090327,0.47076056289414414
ND,2007-07,0,0.4059997614658562,0.46552106879754673
ND,2007-08,0,0.4162232512203962,0.490702092839601
ND,2007-09,0,0.4359211498182758,0.5380274129415508
ND,2007-10,0,0.46448038265898745,0.6035420888241437
ND,2007-11,0,0.4318995478313283,0.5333973937109824
ND,2007-12,0,0.42968159876464546,0.5282620582427707
ND,2008-01,0,0.3772145489089166,0.4061552470444927
ND,2008-02,0,0.35690148330574956,0.3523050822989332
ND,2008-03,0,0.3640051975334743,0.37220893408998657
ND,2008-04,0,0.3909951267892688,0.44635603264429347
ND,2008-05,0,0.41376258319924625,0.5045855471575222
ND,2008-06,0,0.37354447092499043,0.4073846065521972
ND,2008-07,0,0.37511168210512763,0.41158012088080287
ND,2008-08,0,0.3794136663325804,0.4230486632714584
ND,2008-09,0,0.321353618500207,0.27002294758339973
ND,2008-10,0,0.2694996432449858,0.10866184171743987
ND,2008-11,0,0.2390614309119335,-0.004281581756344854
ND,2008-12,0,0.24400369100203248,0.016392016955275146
ND,2009-01,0,0.2373121805159459,-0.011031791506830535
ND,2009-02,0,0.22478495309874758,-0.06381975793132089
ND,2009-03,0,0.24931002952383227,0.045284860002384186
ND,2009-04,0,0.28074004172255224,0.17135284153826325
ND,2009-05,0,0.28920172665242533,0.2014934829585403
ND,2009-06,0,0.2976592267727386,0.23073777626968595
ND,2009-07,0,0.3230149878954394,0.31592163365455983
ND,2009-08,0,0.32765175688767456,0.3302762895250052
ND,2009-09,0,0.3467198416468074,0.38847248215421104
ND,2009-10,0,0.33622224686610186,0.3581956028996366
ND,2009-11,0,0.3568136023049943,0.41943888953763464
ND,2009-12,0,0.3756536149431193,0.4722396026170116
ND,2010-01,0,0.3515030789736348,0.40795022802083936
ND,2010-02,0,0.3675183451589089,0.4535124638682111
ND,2010-03,0,0.39577208690175664,0.5303895561685458
ND,2010-04,0,0.40442418066659963,0.5522508598106863
ND,2010-05,0,0.3747768973403455,0.4789434643988013
ND,2010-06,0,0.35205338143074566,0.41831134947693627
ND,2010-07,0,0.3772208261232564,0.48979893067905445
ND,2010-08,0,0.35782632621846083,0.4383847494841422
ND,2010-09,0,0.40475268821704236,0.5695275932611871
ND,2010-10,0,0.4304097556280473,0.6329170855559156
ND,2010-11,0,0.42939703171458077,0.6305641558180922
ND,2010-12,0,0.449783331485044,0.6780407293963044
ND,2011-01,0,0.46277298035859793,0.7069205209854372
ND,2011-02,0,0.4771331543629795,0.7379512306721911
ND,2011-03,0,0.47465365469881055,0.7327545688148123
ND,2011-04,0,0.4877562934304785,0.7603591992689528
ND,2011-05,0,0.48186617397508963,0.7482832516395279
ND,2011-06,0,0.47234154741703277,0.7285171276149159
ND,2011-07,0,0.48012738560300156,0.7450006197585674
ND,2011-08,0,0.45601032810999537,0.6947700804971648
ND,2011-09,0,0.43536875495638555,0.649504497940818
ND,2011-10,0,0.48054586655897946,0.7532719619314749
ND,2011-11,0,0.46810442773775657,0.7273817406497651
ND,2011-12,0,0.4646728838987379,0.7200510177689701
ND,2012-01,0,0.5034388672557504,0.8034774123365955
ND,2012-02,0,0.5358711413440375,0.8678988867155516
ND,2012-03,0,0.5631581920785762,0.9188198052522338
ND,2012-04,0,0.5567094005469568,0.9073686861487057
ND,2012-05,0,0.5167360996319481,0.8355658732705044
ND,2012-06,0,0.5355510034127144,0.8719769229226719
ND,2012-07,0,0.5410393811503645,0.8822250182537912
ND,2012-08,0,0.5686423850066666,0.9332434927271506
ND,2012-09,0,0.5743379108175258,0.9432594992033339
ND,2012-10,0,0.543171541621072,0.8889946342006197
ND,2012-11,0,0.5504238165881689,0.9023463553630592
ND,2012-12,0,0.5472831170135548,0.8966403893783715
ND,2013-01,0,0.5616600302561755,0.922909997914943
ND,2013-02,0,0.564338308374434,0.9276785019458189
ND,2013-03,0,0.5802698783685125,0.9559090327420874
ND,2013-04,0,0.5945128777052202,0.9804545069561778
ND,2013-05,0,0.6152067609783273,1.015262639881715
ND,2013-06,0,0.600028456705009,0.9905907649348581
ND,2013-07,0,0.6376185085757238,1.053237880168586
ND,2013-08,0,0.6356537404874075,1.0501564638328134
ND,2013-09,0,0.665089690930893,1.0964646164772303
ND,2013-10,0,0.6982522142873615,1.146326347622172
ND,2013-11,0,0.7228107691889245,1.1814978148929596
ND,2013-12,0,0.7438310676076944,1.2105791447718113
ND,2014-01,0,0.729353718935639,1.1911159234806958
ND,2014-02,0,0.7669730644732723,1.242694937285591
ND,2014-03,0,0.7457581724099727,1.2150343934594932
ND,2014-04,0,0.7430547854343555,1.2114093752221724
ND,2014-05,0,0.7767948125100737,1.256816561525394
ND,2014-06,0,0.8000518916385453,1.286756358694379
ND,2014-07,0,0.8092689346939586,1.2982769152379507
ND,2014-08,0,0.8503616721662083,1.3490545192093546
ND,2014-09,0,0.8441472299699366,1.3417465202723364
ND,2014-10,0,0.8662179155882108,1.3678920608068474
ND,2014-11,0,0.9054023799012013,1.413128327117943
ND,2014-12,0,0.8843778966728717,1.38990717849381
RL,2000-01,0,0.972154233025985,0.972154233025985
RL,2000-02,0,1.1368818105616096,1.1416001624263885
RL,2000-03,0,1.054819782062029,1.069418491704572
RL,2000-04,0,0.9845096395641245,1.0027624205030463
RL,2000-05,0,0.9197150041911154,0.9369483006924003
RL,2000-06,0,0.997334450963957,1.0213434083280613
RL,2000-07,0,0.9656663872590115,0.9895907062386697
RL,2000-08,0,1.0249119865884333,1.0509427426262952
RL,2000-09,0,0.9926906957250636,1.0195046374182344
RL,2000-10,0,0.9420620284995818,0.9685031850589952
RL,2000-11,0,0.8454987426655497,0.8660011385771643
RL,2000-12,0,0.9071751886001683,0.9389479601657751
RL,2001-01,0,0.9480972338642085,0.9840572684650745
RL,2001-02,0,0.8819279128248121,0.9142655649604596
RL,2001-03,0,0.8347359597652982,0.8607555757955196
RL,2001-04,0,0.8959765297569161,0.9341207750243113
RL,2001-05,0,0.914082145850797,0.9543284651730622
RL,2001-06,0,0.9414920368818113,0.984314710014878
RL,2001-07,0,0.8884492875104786,0.9279756786758468
RL,2001-08,0,0.856680637049456,0.8922182630218352
RL,2001-09,0,0.737770326906958,0.7534147171029687
RL,2001-10,0,0.7788264878457678,0.8090636900169843
RL,2001-11,0,0.8376026823134962,0.8845313267563346
RL,2001-12,0,0.8877116512992465,0.9443555967161048
RL,2002-01,0,0.8770159262363798,0.932306948884106
RL,2002-02,0,0.8517015926236389,0.9034427825041697
RL,2002-03,0,0.9185079631181905,0.9818814881179009
RL,2002-04,0,0.9252137468566649,0.9891822236670074
RL,2002-05,0,0.8824979044425827,0.9430136031085627
RL,2002-06,0,0.8375188600167655,0.8920457263585011
RL,2002-07,0,0.7097233864207889,0.7394575522922856
RL,2002-08,0,0.706839899413245,0.7353947201203239
RL,2002-09,0,0.6549036043587604,0.6619179751069235
RL,2002-10,0,0.6747694886839909,0.6922520337271717
RL,2002-11,0,0.7340150880134125,0.7800532759631965
RL,2002-12,0,0.6922883487007554,0.7232060258261603
RL,2003-01,0,0.6722380553227169,0.694243681716704
RL,2003-02,0,0.6512824811399842,0.6630708345135319
RL,2003-03,0,0.6594635373009231,0.6756322904068626
RL,2003-04,0,0.7213411567476959,0.7694625265712878
RL,2003-05,0,0.7980720871751898,0.8758351211608574
RL,2003-06,0,0.8122548197820633,0.8936063636773998
RL,2003-07,0,0.8624308466051984,0.955380114477177
RL,2003-08,0,0.9011064543168497,1.0002249943465493
RL,2003-09,0,0.8841575859178555,0.9814160419549659
RL,2003-10,0,0.9575691533948046,1.0644460002408969
RL,2003-11,0,0.9904610226320216,1.0987953410907014
RL,2003-12,0,1.00994132439229,1.1184632546331263
RL,2004-01,0,1.052908633696565,1.1610076166336907
RL,2004-02,0,1.0614249790444275,1.1690960158312196
RL,2004-03,0,1.0709471919530613,1.178067175448366
RL,2004-04,0,1.0151886001676462,1.1260024310759291
RL,2004-05,0,1.0304274937133293,1.1410133300785053
RL,2004-06,0,1.0760268231349555,1.185266156890512
RL,2004-07,0,1.0021793797150056,1.116636414738919
RL,2004-08,0,0.9956412405699931,1.1101124936950917
RL,2004-09,0,1.0435205364627007,1.1582013975509595
RL,2004-10,0,1.0626152556580066,1.176499762104505
RL,2004-11,0,1.1528751047778727,1.2614409942572227
RL,2004-12,0,1.18633696563286,1.290465700156683
RL,2005-01,0,1.1344509639564142,1.2467293898337835
RL,2005-02,0,1.1513327745180235,1.2616104301766236
RL,2005-03,0,1.1172170997485347,1.231978966950216
RL,2005-04,0,1.050326906957252,1.172106814253718
RL,2005-05,0,1.1160435875943018,1.2346746492789369
RL,2005-06,0,1.159044425817269,1.2732043614702484
RL,2005-07,0,1.2294216261525583,1.3339243811413364
RL,2005-08,0,1.2024811399832374,1.3120112428035713
RL,2005-09,0,1.205431684828166,1.3144649568343543
RL,2005-10,0,1.1643587594300102,1.280391748111613
RL,2005-11,0,1.2161944677284178,1.3249104223420387
RL,2005-12,0,1.2083487007544027,1.3184593430268456
RL,2006-01,0,1.3123889354568339,1.404560511205763
RL,2006-02,0,1.304006705783741,1.398173510030555
RL,2006-03,0,1.3650963956412432,1.4450211907875228
RL,2006-04,0,1.3597820620285024,1.4411281810120156
RL,2006-05,0,1.2773679798826516,1.3805198788088622
RL,2006-06,0,1.2830846605197008,1.3849952380844048
RL,2006-07,0,1.2359094719195334,1.3482282264820218
RL,2006-08,0,1.2659010896898604,1.3724950667739293
RL,2006-09,0,1.2738139145012604,1.3787458116985098
RL,2006-10,0,1.3414920368818137,1.4318761171615737
RL,2006-11,0,1.3702095557418306,1.4532832653745205
RL,2006-12,0,1.3708466051969856,1.4537481938611783
RL,2007-01,0,1.3872254819782095,1.4656961949862715
RL,2007-02,0,1.3705113160100622,1.4536475654121428
RL,2007-03,0,1.3813243922883522,1.4615373771575648
RL,2007-04,0,1.399949706621965,1.4750210414131113
RL,2007-05,0,1.4505616093881009,1.5111736992741287
RL,2007-06,0,1.4263872590109006,1.4945081883294418
RL,2007-07,0,1.3228834870075474,1.4219446041067914
RL,2007-08,0,1.346269907795477,1.4396229718675313
RL,2007-09,0,1.3679295892707495,1.455711633843747
RL,2007-10,0,1.4000670578373882,1.4792051446345846
RL,2007-11,0,1.2942665549036076,1.403636976423267
RL,2007-12,0,1.2925230511316046,1.4022898785125641
RL,2008-01,0,1.1967812238055355,1.3282162848213361
RL,2008-02,0,1.1495892707460216,1.2887838872194983
RL,2008-03,0,1.1554568315171867,1.2938879369183591
RL,2008-04,0,1.2015088013411601,1.333744008186296
RL,2008-05,0,1.253746856663876,1.3772210557654783
RL,2008-06,0,1.158457669740154,1.3012175256930048
RL,2008-07,0,1.1983235540653847,1.335630422570085
RL,2008-08,0,1.2391953059513865,1.3697378652113832
RL,2008-09,0,1.1373009220452674,1.2875116145011367
RL,2008-10,0,0.8994132439228864,1.078342982425665
RL,2008-11,0,0.7924559932942188,0.9594240635067461
RL,2008-12,0,0.8347020145946702,1.0127343061674594
RL,2009-01,0,0.741992252781899,0.9016650141425793
RL,2009-02,0,0.6512997178179165,0.7794366018863119
RL,2009-03,0,0.7111551374295149,0.8713380997284039
RL,2009-04,0,0.8215569707849408,1.0265810664803219
RL,2009-05,0,0.8462101284205465,1.0565889156159105
RL,2009-06,0,0.8602645777768609,1.0731976146662836
RL,2009-07,0,0.9428551360530858,1.1692036114372533
RL,2009-08,0,0.9696577977078926,1.197630737333821
RL,2009-09,0,1.0269503471427512,1.256716065756166
RL,2009-10,0,0.9567938428852895,1.188400684732482
RL,2009-11,0,0.9864239290576609,1.2193687834432967
RL,2009-12,0,1.0668319140220814,1.3008834168537362
RL,2010-01,0,1.0276778715800194,1.2641821877965298
RL,2010-02,0,1.073677257590922,1.3089426981500125
RL,2010-03,0,1.1621210806578943,1.391317380524695
RL,2010-04,0,1.2280281808158588,1.4480301458766955
RL,2010-05,0,1.1346570331510257,1.3719967541976865
RL,2010-06,0,1.0474037046177649,1.2950983382147072
RL,2010-07,0,1.119445158553603,1.363879318860683
RL,2010-08,0,1.0367223231069658,1.2899830365689087
RL,2010-09,0,1.166585435159312,1.4152461944636454
RL,2010-10,0,1.2144863054948922,1.45630694225966
RL,2010-11,0,1.2565173763934232,1.4909150483439881
RL,2010-12,0,1.3570976298457305,1.570961894764053
RL,2011-01,0,1.3534600076593903,1.5682814522473612
RL,2011-02,0,1.4275352230903189,1.6230117102614348
RL,2011-03,0,1.4646224347446877,1.6489916027744074
RL,2011-04,0,1.5032473685051004,1.6753635419473492
RL,2011-05,0,1.4752376776702807,1.6567307530786257
RL,2011-06,0,1.442118781128283,1.6342808814116414
RL,2011-07,0,1.3898858334616977,1.5980612937118548
RL,2011-08,0,1.2688026185954728,1.5109439118729082
RL,2011-09,0,1.1263897100002527,1.398701939395844
RL,2011-10,0,1.2981020118418132,1.551146781813236
RL,2011-11,0,1.2935384494625863,1.547631216520527
RL,2011-12,0,1.303690722291736,1.5554796672823636
RL,2012-01,0,1.3961524644099839,1.6264027324981005
RL,2012-02,0,1.4293209648908862,1.6501598086960207
RL,2012-03,0,1.4675821364326647,1.6769285838568184
RL,2012-04,0,1.4448800670606412,1.6614595557128764
RL,2012-05,0,1.3494916925470193,1.5954413603704263
RL,2012-06,0,1.4177136431872002,1.6459951733482738
RL,2012-07,0,1.3984673148922002,1.632419562795686
RL,2012-08,0,1.4456902647294172,1.6661872092285646
RL,2012-09,0,1.4944674713189794,1.6999269443430507
RL,2012-10,0,1.4618611488123296,1.6781089234543978
RL,2012-11,0,1.4699300562074844,1.6836285361766525
RL,2012-12,0,1.5225598353853071,1.7194328106423444
RL,2013-01,0,1.618774942214006,1.7826257995762407
RL,2013-02,0,1.6369299838531042,1.7938410965058234
RL,2013-03,0,1.7124437135122672,1.8399724096371366
RL,2013-04,0,1.7055818352971255,1.8359653417487167
RL,2013-05,0,1.7741675481559405,1.8761778436876029
RL,2013-06,0,1.7650073541048839,1.8710147495589915
RL,2013-07,0,1.8885046273311348,1.9409845844942584
RL,2013-08,0,1.8291121778159796,1.9095351251412835
RL,2013-09,0,1.946756186251483,1.973852672125184
RL,2013-10,0,1.9947231951722693,1.998492125827472
RL,2013-11,0,2.07448632893093,2.0384791946858014
RL,2013-12,0,2.1166331423535714,2.0587959414557653
RL,2014-01,0,2.0562982179992284,2.030290801312654
RL,2014-02,0,2.153984908348765,2.0777968923525933
RL,2014-03,0,2.1402115479795767,2.0714025298313876
RL,2014-04,0,2.0544628722597564,2.0313370158401334
RL,2014-05,0,2.072022666631999,2.0398841619625294
RL,2014-06,0,2.1854172709680046,2.094610688926795
RL,2014-07,0,2.050279606745465,2.0327745965623008
RL,2014-08,0,2.154381739860002,2.0835491995832927
RL,2014-09,0,2.022071500155027,2.0221347170628583
RL,2014-10,0,2.1592594605189586,2.089979973945918
RL,2014-11,0,2.160367281821162,2.0904930300757902
RL,2014-12,0,2.222239928281549,2.11913290394401
MD,2000-01,0,0.9662787853373868,0.9662787853373868
MD,2000-02,0,1.0356256770451129,1.0380457461358823
MD,2000-03,0,1.10949785092777,1.1093767062695012
MD,2000-04,0,1.0598769961910752,1.0646530011309996
MD,2000-05,0,1.049009330118461,1.054399296114597
MD,2000-06,0,1.0561204878219241,1.0611782231453604
MD,2000-07,0,1.069311947443827,1.0736687105225233
MD,2000-08,0,1.1749659293426984,1.1724742855948258
MD,2000-09,0,1.1618793025124927,1.1613364078884258
MD,2000-10,0,1.1106335395044904,1.1172304814835174
MD,2000-11,0,1.0280777160429118,1.0428982913189642
MD,2000-12,0,1.0966034175490096,1.109552495020465
MD,2001-01,0,1.113394136352518,1.1248640639384577
MD,2001-02,0,1.045095572561764,1.0635213986945937
MD,2001-03,0,0.9627319425516304,0.9847117355666158
MD,2001-04,0,1.0641751406506628,1.0900818740396019
MD,2001-05,0,1.08442534158018,1.109110885483278
MD,2001-06,0,1.0758639969249053,1.1012160638417998
MD,2001-07,0,1.0564000419331172,1.0831245996349659
MD,2001-08,0,1.0181011286997248,1.046870423458194
MD,2001-09,0,0.8872872767935152,0.918382350693478
MD,2001-10,0,0.9239263374917016,0.9596756968920088
MD,2001-11,0,0.9908620749903915,1.032122746816366
MD,2001-12,0,1.0402557920117423,1.081971982414398
MD,2002-01,0,1.0331096900443801,1.0751024201180495
MD,2002-02,0,1.0327951916692886,1.0747980009667026
MD,2002-03,0,1.1048852080930927,1.144598884051069
MD,2002-04,0,1.0975469126742856,1.13795720275689
MD,2002-05,0,1.0771744068211215,1.1193953484817736
MD,2002-06,0,0.9963657965544969,1.0443762895857298
MD,2002-07,0,0.898102526470281,0.9457546082473929
MD,2002-08,0,0.901457175804593,0.949489871466723
MD,2002-09,0,0.8275151133941374,0.8674648297952108
MD,2002-10,0,0.8620051018625303,0.9091438129462601
MD,2002-11,0,0.9104902680225053,0.9653907725700643
MD,2002-12,0,0.8718419121501217,0.9229429208688881
MD,2003-01,0,0.8453891043785174,0.8926016314642908
MD,2003-02,0,0.8243876017751698,0.8677592216265312
MD,2003-03,0,0.830695041408954,0.8754102823899417
MD,2003-04,0,0.8901527064332403,0.9469860858562045
MD,2003-05,0,0.9629765523989251,1.0287965948164965
MD,2003-06,0,0.9741412447146814,1.0403905347602505
MD,2003-07,0,1.0078100429814458,1.0749530773580909
MD,2003-08,0,1.052451340112522,1.1192484259130742
MD,2003-09,0,1.0352937065380732,1.102945882583504
MD,2003-10,0,1.1125904182828403,1.1776075088028308
MD,2003-11,0,1.150330223293848,1.2115281721402473
MD,2003-12,0,1.1682566306740765,1.2271118775991008
MD,2004-01,0,1.1924031170283413,1.2477806978910364
MD,2004-02,0,1.2198867805849687,1.2708296677940345
MD,2004-03,0,1.2237306496138676,1.2739806725348641
MD,2004-04,0,1.1825663067407504,1.2403422710728218
MD,2004-05,0,1.2058916028933868,1.2600665740735753
MD,2004-06,0,1.2323269385330418,1.2819883915704602
MD,2004-07,0,1.1732711325435952,1.234066201327872
MD,2004-08,0,1.1687109061047654,1.2301794386586637
MD,2004-09,0,1.2016982912254979,1.2584048834187176
MD,2004-10,0,1.2192927280986852,1.2730461931398493
MD,2004-11,0,1.289792780515081,1.330866641660305
MD,2004-12,0,1.341318097634276,1.3708151650956881
MD,2005-01,0,1.3044169549568465,1.3433040603528885
MD,2005-02,0,1.3455463535660648,1.3748349281884564
MD,2005-03,0,1.3223957787329235,1.3576295938855645
MD,2005-04,0,1.2722507600377422,1.3197097672333435
MD,2005-05,0,1.3453716322465692,1.3771833994020977
MD,2005-06,0,1.3727155187476001,1.3975078107733785
MD,2005-07,0,1.4411189153300512,1.4473385263500909
MD,2005-08,0,1.420292134046199,1.4328867132052456
MD,2005-09,0,1.428381731138836,1.4385824407944643
MD,2005-10,0,1.393297690184159,1.414020350570372
MD,2005-11,0,1.4559352832232617,1.458976710923502
MD,2005-12,0,1.461141978544225,1.4625528968851718
MD,2006-01,0,1.5419331166789003,1.5178460438353194
MD,2006-02,0,1.5236572666596808,1.505993486923783
MD,2006-03,0,1.5556312681273399,1.5269785221855225
MD,2006-04,0,1.5716007967292198,1.5372441480629861
MD,2006-05,0,1.4938672816857141,1.487782786624838
MD,2006-06,0,1.4883286158577098,1.4840751842856568
MD,2006-07,0,1.4397211447740883,1.4514160856392133
MD,2006-08,0,1.448596987804455,1.4575810593652603
MD,2006-09,0,1.452388440437505,1.4601983867965402
MD,2006-10,0,1.5060628297864933,1.4971543331911699
MD,2006-11,0,1.5474892546388537,1.52466077185564
MD,2006-12,0,1.5335989097389688,1.5156847192864564
MD,2007-01,0,1.5819967152391963,1.5472430395179604
MD,2007-02,0,1.5869063843170172,1.5503465030274142
MD,2007-03,0,1.6020721948492183,1.5599033431044855
MD,2007-04,0,1.6440053115281155,1.5860776421240397
MD,2007-05,0,1.717947373938571,1.6310544204178554
MD,2007-06,0,1.6741447391410729,1.6055573443944635
MD,2007-07,0,1.5949086207499068,1.5582280325741376
MD,2007-08,0,1.601932417793622,1.5626319193876732
MD,2007-09,0,1.638623894887657,1.5855364293947627
MD,2007-10,0,1.6730964112241002,1.6065739087358086
MD,2007-11,0,1.5824859349337832,1.5524165537367485
MD,2007-12,0,1.575235000174724,1.5478345637177582
MD,2008-01,0,1.4688471887339716,1.4802968239970484
MD,2008-02,0,1.4378865709193862,1.4592186491861814
MD,2008-03,0,1.4199776356711074,1.446763608844002
MD,2008-04,0,1.526452807771607,1.521747305365516
MD,2008-05,0,1.603487437537131,1.5722137392921458
MD,2008-06,0,1.4881014781423658,1.50025436081894
MD,2008-07,0,1.4567564734248901,1.4791906059756852
MD,2008-08,0,1.478666526889614,1.4942309053424094
MD,2008-09,0,1.3207359261977174,1.3874248082137317
MD,2008-10,0,1.0279379389873176,1.1657317495162678
MD,2008-11,0,0.9295698361114044,1.0700371563457682
MD,2008-12,0,0.9724639200475265,1.1161811707810445
MD,2009-01,0,0.900234126568126,1.0419061339489628
MD,2009-02,0,0.8126113848411802,0.9445728523714455
MD,2009-03,0,0.8873047489254661,1.0364905457211198
MD,2009-04,0,1.0184330992067676,1.1842733119467026
MD,2009-05,0,1.0457070971800004,1.2110536650150345
MD,2009-06,0,1.0537442778767891,1.2187395463851265
MD,2009-07,0,1.1452807771604319,1.305607395829663
MD,2009-08,0,1.194971520424925,1.348994785416079
MD,2009-09,0,1.2598630184855186,1.403298588436856
MD,2009-10,0,1.2017332354893973,1.3571588239202348
MD,2009-11,0,1.2503581787049685,1.3976211676248
MD,2009-12,0,1.3293322151168916,1.460782298376725
MD,2010-01,0,1.2860537442778797,1.4282257482932634
MD,2010-02,0,1.3527972883251245,1.4801236913957276
MD,2010-03,0,1.4495055386658313,1.5516113053755278
MD,2010-04,0,1.5111297480518606,1.5941252577145786
MD,2010-05,0,1.4018765069713839,1.5218262104479057
MD,2010-06,0,1.3094664010902641,1.455907347108964
MD,2010-07,0,1.3994653527623475,1.524636832338329
MD,2010-08,0,1.3299262676031762,1.4749470811616308
MD,2010-09,0,1.4801167138414266,1.5878784893884395
MD,2010-10,0,1.5308033686270437,1.622123528520568
MD,2010-11,0,1.575933885452707,1.651605118220844
MD,2010-12,0,1.6786874934479545,1.7168068433336525
MD,2011-01,0,1.7116923507006365,1.7364679520161812
MD,2011-02,0,1.7910682461473988,1.7828407101898516
MD,2011-03,0,1.8343991333822598,1.807033471871639
MD,2011-04,0,1.8836356012160649,1.833874123362257
MD,2011-05,0,1.8578117901946443,1.8201645656299923
MD,2011-06,0,1.819530349093201,1.7995589040105058
MD,2011-07,0,1.7546737952965064,1.7639142367868912
MD,2011-08,0,1.629276304294654,1.6924493916755168
MD,2011-09,0,1.45642450291785,1.5863582388605035
MD,2011-10,0,1.6568822727749284,1.7239951499777462
MD,2011-11,0,1.651273718419126,1.7206101452324125
MD,2011-12,0,1.6446692525421995,1.7166105261485156
MD,2012-01,0,1.7526470279903599,1.7822637116028295
MD,2012-02,0,1.8238983820805863,1.8229172790081987
MD,2012-03,0,1.8482720061501952,1.836280756002901
MD,2012-04,0,1.8432400321487277,1.8335582270760313
MD,2012-05,0,1.7225425446413019,1.7680770713924037
MD,2012-06,0,1.7384946011112326,1.7773378333512628
MD,2012-07,0,1.7368347485760263,1.7763830690775368
MD,2012-08,0,1.7964147185239598,1.810686833437837
MD,2012-09,0,1.8143760701680873,1.8206852772598103
MD,2012-10,0,1.7989307055246933,1.8121725081060795
MD,2012-11,0,1.8381032253555631,1.8339479548815263
MD,2012-12,0,1.8765768599084516,1.85487911588607
MD,2013-01,0,2.0113219415033083,1.9266827731055405
MD,2013-02,0,2.0306810637033994,1.936307846944103
MD,2013-03,0,2.1253625467379598,1.982933328772297
MD,2013-04,0,2.1377328161582345,1.9887536390244283
MD,2013-05,0,2.1851871265331866,2.010952068134121
MD,2013-06,0,2.1433064262501382,1.991786340963884
MD,2013-07,0,2.275832547087403,2.05361889986174
MD,2013-08,0,2.1895726316525215,2.015716324144877
MD,2013-09,0,2.30218052206731,2.0671454883511364
MD,2013-10,0,2.387164971869875,2.1040602519797726
MD,2013-11,0,2.4181605339483596,2.1170445083859
MD,2013-12,0,2.4907572421987005,2.1470659677684187
MD,2014-01,0,2.4366460495509736,2.1253411718987256
MD,2014-02,0,2.555474018939799,2.1741081930303845
MD,2014-03,0,2.562550232379363,2.176877234463449
MD,2014-04,0,2.521927525596682,2.1610247815946666
MD,2014-05,0,2.5660970751651204,2.1785389841719147
MD,2014-06,0,2.6704057029038775,2.219187729984481
MD,2014-07,0,2.5555089632036987,2.176161780940395
MD,2014-08,0,2.6849774609497943,2.2268242906831857
MD,2014-09,0,2.558182199391979,2.1796003331632727
MD,2014-10,0,2.6518677709054153,2.2162222639763725
MD,2014-11,0,2.6994443862040143,2.23416305869494
MD,2014-12,0,2.7217562987035775,2.242428430863225
SP,2000-01,0,0.9439411542026185,0.9439411542026185
SP,2000-02,0,0.924406385839414,0.9232462535976055
SP,2000-03,0,1.0077538606132599,1.0134094935433806
SP,2000-04,0,0.9709752372498599,0.9769138522952103
SP,2000-05,0,0.9458339316250475,0.9510210131574983
SP,2000-06,0,0.9617920033417313,0.9678929725819885
SP,2000-07,0,0.942661897737805,0.9480029074354087
SP,2000-08,0,0.9965799470022326,1.0052005616461281
SP,2000-09,0,0.9383933583092933,0.9468142888057326
SP,2000-10,0,0.9296800553474229,0.9375289471260249
SP,2000-11,0,0.8530552038325483,0.8551082787744382
SP,2000-12,0,0.8491391126137302,0.8505176131279195
SP,2001-01,0,0.8732426540655558,0.878903470160971
SP,2001-02,0,0.7899865547534825,0.7835621593300606
SP,2001-03,0,0.7359967104833768,0.7152194211590882
SP,2001-04,0,0.7895688383568088,0.7880079637033173
SP,2001-05,0,0.7915203571475198,0.7904795896033114
SP,2001-06,0,0.7694009685798954,0.7625341446531169
SP,2001-07,0,0.759153863223988,0.749215854484051
SP,2001-08,0,0.7090605297166063,0.6832301091245471
SP,2001-09,0,0.6485895544793563,0.5979468748971127
SP,2001-10,0,0.6591564739514671,0.6142390266888467
SP,2001-11,0,0.7084339551215953,0.6889974233935363
SP,2001-12,0,0.713335595963816,0.6959164040646129
SP,2002-01,0,0.7016656441317379,0.6795567103971317
SP,2002-02,0,0.6870782043416405,0.6587669796869323
SP,2002-03,0,0.7116712571958184,0.6945606530981605
SP,2002-04,0,0.667086558669574,0.631912768874312
SP,2002-05,0,0.6610753586486882,0.6229016443916444
SP,2002-06,0,0.6125419348101355,0.549485772504118
SP,2002-07,0,0.5639171355098104,0.4701037799628287
SP,2002-08,0,0.5667628284621515,0.47515007625912486
SP,2002-09,0,0.5041053689610616,0.3645968494868186
SP,2002-10,0,0.5476523033143192,0.45098143698487647
SP,2002-11,0,0.5789483989713741,0.5081273587086691
SP,2002-12,0,0.5441735089482691,0.4480617464971318
SP,2003-01,0,0.5291879332175917,0.4205235156125742
SP,2003-02,0,0.5206443275418702,0.4043787678973829
SP,2003-03,0,0.5252653151800756,0.4132542850090789
SP,2003-04,0,0.568120406751342,0.4948417996093424
SP,2003-05,0,0.5973931886120075,0.5463674647901704
SP,2003-06,0,0.6042594018823353,0.5578610897614908
SP,2003-07,0,0.6141932199407374,0.5743007480067032
SP,2003-08,0,0.6256151526622903,0.5928973921094416
SP,2003-09,0,0.6181484720717438,0.5809624500627661
SP,2003-10,0,0.6525970211599473,0.6366910503013917
SP,2003-11,0,0.6577597347500892,0.6446020787350879
SP,2003-12,0,0.6915033874189054,0.695902957895222
SP,2004-01,0,0.703519260641979,0.7132794067191732
SP,2004-02,0,0.7126763872753155,0.7262955772003912
SP,2004-03,0,0.7010978109050099,0.7100489657270233
SP,2004-04,0,0.6893756445233477,0.6933292353280212
SP,2004-05,0,0.6982260106778766,0.7061674697867513
SP,2004-06,0,0.7109467803203374,0.7243861689585436
SP,2004-07,0,0.686445102927932,0.6899227209612611
SP,2004-08,0,0.6883117730755686,0.6926420500666397
SP,2004-09,0,0.6946754213061481,0.7018873491876251
SP,2004-10,0,0.7042698447922525,0.7156987252516648
SP,2004-11,0,0.7315584737687169,0.7544461303524951
SP,2004-12,0,0.7548331092458928,0.7862612706478067
SP,2005-01,0,0.7349328390355987,0.7598974692107245
SP,2005-02,0,0.7488610701371952,0.7788491752194988
SP,2005-03,0,0.7336274752959927,0.7585068240829768
SP,2005-04,0,0.717884788596344,0.7370481311771568
SP,2005-05,0,0.7388293497983228,0.7662235107571184
SP,2005-06,0,0.7376675760700735,0.7646510587036551
SP,2005-07,0,0.7631482762671834,0.7991933119132355
SP,2005-08,0,0.7536517550615496,0.7867494376348521
SP,2005-09,0,0.7576853290169323,0.7921014771256288
SP,2005-10,0,0.7426410119179725,0.7722458503597269
SP,2005-11,0,0.76799770255982,0.8063897910187008
SP,2005-12,0,0.7653412873497216,0.8029309067001094
SP,2006-01,0,0.782904956466121,0.8258797132086673
SP,2006-02,0,0.7821739527719417,0.8249460063926076
SP,2006-03,0,0.7886355032829916,0.8332070210788558
SP,2006-04,0,0.7962588275222909,0.8428734946367471
SP,2006-05,0,0.7697534167895901,0.8095860636952561
SP,2006-06,0,0.7676322007127304,0.806830355138993
SP,2006-07,0,0.7690746276449951,0.8087094150988612
SP,2006-08,0,0.7833553069562853,0.8272780673439879
SP,2006-09,0,0.8003315623898619,0.8489492748826685
SP,2006-10,0,0.822822979623274,0.8770518992078302
SP,2006-11,0,0.8345386191862384,0.8912902467662909
SP,2006-12,0,0.8425013379978352,0.9008317091127085
SP,2007-01,0,0.8511102118605371,0.9110499407931003
SP,2007-02,0,0.8310010834519062,0.8874230025559567
SP,2007-03,0,0.8367642643622668,0.8943582292663973
SP,2007-04,0,0.8702076833709737,0.9343257809808523
SP,2007-05,0,0.8962235827013223,0.9642219768286863
SP,2007-06,0,0.8774328716696933,0.9432554329948456
SP,2007-07,0,0.8464565901288421,0.9079521265642287
SP,2007-08,0,0.8550197762606577,0.9180686360600224
SP,2007-09,0,0.88268043390291,0.95041953414477
SP,2007-10,0,0.8923205451199007,0.9613409399522663
SP,2007-11,0,0.8514626600702313,0.9155525903808921
SP,2007-12,0,0.8419139243150132,0.9043380812743735
SP,2008-01,0,0.7862858485517016,0.8382647284567788
SP,2008-02,0,0.7587557272834101,0.8032518621830178
SP,2008-03,0,0.7533906823136294,0.7961810160900473
SP,2008-04,0,0.7886681373764828,0.843005931623271
SP,2008-05,0,0.7969767775790753,0.8535409587263454
SP,2008-06,0,0.7278316602921432,0.7667816964339487
SP,2008-07,0,0.7198819951179425,0.7558593010396485
SP,2008-08,0,0.7286866735415853,0.7680900256352821
SP,2008-09,0,0.6626483219549155,0.677463486157473
SP,2008-10,0,0.5490620961530954,0.5060509555006034
SP,2008-11,0,0.5081976842847281,0.4316251079422373
SP,2008-12,0,0.5112652890728023,0.43766135108724835
SP,2009-01,0,0.4671831555863061,0.35143970759089294
SP,2009-02,0,0.4170310807106418,0.24408978652465851
SP,2009-03,0,0.45346378268304655,0.3314518649345496
SP,2009-04,0,0.49637108880389735,0.4260731064965054
SP,2009-05,0,0.5238163614291144,0.4813649501277526
SP,2009-06,0,0.5246191601289721,0.48289754582153255
SP,2009-07,0,0.5640998864333571,0.558153520640826
SP,2009-08,0,0.5843264975785528,0.594009956055275
SP,2009-09,0,0.6059367942877308,0.6309932125030504
SP,2009-10,0,0.5944822274726878,0.6120893153919538
SP,2009-11,0,0.6300468625582545,0.6719138710170428
SP,2009-12,0,0.6419517798634616,0.6908091596260014
SP,2010-01,0,0.6186575639301919,0.654522608729259
SP,2010-02,0,0.6377354549845342,0.685360170842207
SP,2010-03,0,0.6761653634785362,0.7456201237641187
SP,2010-04,0,0.6867257561319491,0.76123818588887
SP,2010-05,0,0.631658986776668,0.6810507619229332
SP,2010-06,0,0.598176406855773,0.628043394622176
SP,2010-07,0,0.6399480465231665,0.6978750349019389
SP,2010-08,0,0.6108188546738575,0.6523569776040572
SP,2010-09,0,0.6652916835276179,0.7415369831604438
SP,2010-10,0,0.6904590964272226,0.7793661241564019
SP,2010-11,0,0.6904003550589403,0.7792810483444005
SP,2010-12,0,0.7363556855117712,0.8458443548608168
SP,2011-01,0,0.7536321746054573,0.8693065069615082
SP,2011-02,0,0.7793152061822062,0.9033855078881797
SP,2011-03,0,0.7791585625334535,0.9031845062299161
SP,2011-04,0,0.8019893743391633,0.9324863876486029
SP,2011-05,0,0.7926690772383762,0.9208649155954763
SP,2011-06,0,0.7792107770830378,0.9038864556784748
SP,2011-07,0,0.7631613299045815,0.883289400747411
SP,2011-08,0,0.7212852611380195,0.8284175576316208
SP,2011-09,0,0.6701541634576507,0.7575286868404779
SP,2011-10,0,0.7435351860796047,0.8670274061252252
SP,2011-11,0,0.7415706136514976,0.8643852010690456
SP,2011-12,0,0.7489328651428756,0.8743131180547609
SP,2012-01,0,0.7821804795906417,0.9187064355271132
SP,2012-02,0,0.8157805422481014,0.9616633534433522
SP,2012-03,0,0.8425927134596095,0.9945302457298733
SP,2012-04,0,0.836829532549249,0.9876904276086158
SP,2012-05,0,0.7861487853590442,0.9271276185550023
SP,2012-06,0,0.8186588692939328,0.9684812204944122
SP,2012-07,0,0.8296435051627178,0.9818990631157947
SP,2012-08,0,0.848055660709861,1.0040919151450913
SP,2012-09,0,0.8697834401556038,1.0297126148849594
SP,2012-10,0,0.8531661597504189,1.0106075369563519
SP,2012-11,0,0.8577740937512282,1.0160085177010139
SP,2012-12,0,0.8649927552312495,1.0244240918394827
SP,2013-01,0,0.9095774537574941,1.0759675276158034
SP,2013-02,0,0.9217630242667165,1.0893644851358952
SP,2013-03,0,0.9548278877909376,1.125235812856515
SP,2013-04,0,0.972854961034897,1.1441157319230457
SP,2013-05,0,0.9953398514496112,1.1672280059158673
SP,2013-06,0,0.9807850457530038,1.152605055096195
SP,2013-07,0,1.0305846724189744,1.2033803262747402
SP,2013-08,0,1.0004111895779806,1.174102302208876
SP,2013-09,0,1.0308065842547074,1.2044852037531388
SP,2013-10,0,1.0780281175349562,1.2502954789313776
SP,2013-11,0,1.1107209523933896,1.2806219929866784
SP,2013-12,0,1.1374613285992197,1.304696785263001
SP,2014-01,0,1.0976151004477452,1.2696659432030382
SP,2014-02,0,1.1476562194055429,1.3152567144464227
SP,2014-03,0,1.156317307817829,1.3228034765044652
SP,2014-04,0,1.1645606798334414,1.32993246433495
SP,2014-05,0,1.1916012896993808,1.3531520443312508
SP,2014-06,0,1.2152610074797405,1.373007442260812
SP,2014-07,0,1.198082420666525,1.358871724330685
SP,2014-08,0,1.2457608312556359,1.3986673258407931
SP,2014-09,0,1.228282010782311,1.384636686865166
SP,2014-10,0,1.2569673789601536,1.4079907439351482
SP,2014-11,0,1.2912723380370008,1.4352825890944287
SP,2014-12,0,1.2870364327019792,1.43200217704637
LX,2000-01,0,0.900815118064186,0.900815118064186
LX,2000-02,0,0.8957891658746985,0.8952357798751377
LX,2000-03,0,0.9357957453030195,0.9398964890602686
LX,2000-04,0,0.9051648512318154,0.9071640319776758
LX,2000-05,0,0.9027706703706416,0.9045190100704334
LX,2000-06,0,0.8924263469551873,0.893060592384791
LX,2000-07,0,0.8901783756122528,0.8905416491122126
LX,2000-08,0,0.938884421375832,0.9452565771513034
LX,2000-09,0,0.8810768331018353,0.8836860718176586
LX,2000-10,0,0.8994992324000296,0.9045950307257463
LX,2000-11,0,0.851761824694788,0.8515239374043331
LX,2000-12,0,0.8533701293954241,0.8534121468239233
LX,2001-01,0,0.8657613860662334,0.8679325246107437
LX,2001-02,0,0.8119562833540467,0.8057847970981303
LX,2001-03,0,0.7700672563783906,0.75419454792533
LX,2001-04,0,0.8183895021565907,0.8169452302559338
LX,2001-05,0,0.7898055413407417,0.7820181438984897
LX,2001-06,0,0.7654433803640621,0.751172372754211
LX,2001-07,0,0.7493968857372618,0.730208712948089
LX,2001-08,0,0.7235909057679658,0.6957730481349
LX,2001-09,0,0.6606842605453618,0.6088362932349204
LX,2001-10,0,0.6767490313619419,0.6331516459320157
LX,2001-11,0,0.6987901162365673,0.6657207134196605
LX,2001-12,0,0.6991739162219464,0.666269948413776
LX,2002-01,0,0.6881716499744138,0.6505338547291253
LX,2002-02,0,0.6842788215512835,0.644877085196008
LX,2002-03,0,0.7061371445281093,0.6768206764462417
LX,2002-04,0,0.6915527450837056,0.6561668989790472
LX,2002-05,0,0.6777724979896198,0.6362403681510655
LX,2002-06,0,0.6213539001388997,0.5529991655084878
LX,2002-07,0,0.5645332261130205,0.4615526098287419
LX,2002-08,0,0.5661963593829964,0.46449864239697014
LX,2002-09,0,0.49254331456977907,0.3344147172839942
LX,2002-10,0,0.5352730462753131,0.421167964037241
LX,2002-11,0,0.5542071788873462,0.45654081298561555
LX,2002-12,0,0.5219131515461662,0.3982701362938863
LX,2003-01,0,0.4714708677534913,0.3016213286460241
LX,2003-02,0,0.48448351487681907,0.3292214371857769
LX,2003-03,0,0.48289348636596297,0.32593953292684585
LX,2003-04,0,0.5230645515023035,0.40912778514090997
LX,2003-05,0,0.5440456173696915,0.44923959506404065
LX,2003-06,0,0.5370823890635287,0.4364406162948925
LX,2003-07,0,0.5532019884494488,0.46645388746922134
LX,2003-08,0,0.5582827692082761,0.47563820145382596
LX,2003-09,0,0.5473901600994231,0.45612728385144274
LX,2003-10,0,0.5728488924628999,0.5026365823723602
LX,2003-11,0,0.5793917684041237,0.5140582260681231
LX,2003-12,0,0.5962058630016819,0.5430784771563824
LX,2004-01,0,0.5839973682286722,0.5226014984303694
LX,2004-02,0,0.5977410629431981,0.5461353283108223
LX,2004-03,0,0.5857518824475478,0.5260778465032031
LX,2004-04,0,0.5987279771913157,0.5482307326186476
LX,2004-05,0,0.5896812632502381,0.5331208425087577
LX,2004-06,0,0.5940127202280873,0.5404662632432996
LX,2004-07,0,0.5859163681555675,0.5268363327774823
LX,2004-08,0,0.5944147964032463,0.5413408400921208
LX,2004-09,0,0.6074091673367942,0.5632016198240111
LX,2004-10,0,0.6119599385920029,0.5706937215240262
LX,2004-11,0,0.6211345858615401,0.5856859566213861
LX,2004-12,0,0.6328130711309312,0.6044878162106289
LX,2005-01,0,0.6365596900358219,0.6104083938279573
LX,2005-02,0,0.6525330799035024,0.6355017041925854
LX,2005-03,0,0.6453139849404202,0.6244385179949605
LX,2005-04,0,0.6300168140945981,0.6007335136051448
LX,2005-05,0,0.6520761751590034,0.6357474379495403
LX,2005-06,0,0.6707727173038971,0.6644197662098614
LX,2005-07,0,0.6902916879888886,0.6935189978593627
LX,2005-08,0,0.6934900212003807,0.6981523047166567
LX,2005-09,0,0.714324877549529,0.7281957887066421
LX,2005-10,0,0.6932341545434614,0.6986703953332252
LX,2005-11,0,0.7083302873017039,0.7204467787663009
LX,2005-12,0,0.73006067695007,0.7511251078423389
LX,2006-01,0,0.7465092477520293,0.773655523904022
LX,2006-02,0,0.7493603333577024,0.7774747473285925
LX,2006-03,0,0.7745631990642601,0.8111072530600203
LX,2006-04,0,0.7815812559397627,0.8201679170368024
LX,2006-05,0,0.7429088383653786,0.7706882023168211
LX,2006-06,0,0.7539476569924712,0.7855471164352497
LX,2006-07,0,0.7657357994005419,0.8011823429642293
LX,2006-08,0,0.7641092185101258,0.7990581365581955
LX,2006-09,0,0.7698844944805916,0.8066163178110358
LX,2006-10,0,0.7896958842020624,0.8323492554964956
LX,2006-11,0,0.7794612179252878,0.8193889925883052
LX,2006-12,0,0.7969515315447046,0.8418279712278982
LX,2007-01,0,0.7932231888295938,0.8371497159419283
LX,2007-02,0,0.789513122304263,0.8324725121264359
LX,2007-03,0,0.8083193215878365,0.8562925079596729
LX,2007-04,0,0.8264127494699915,0.8786765180890026
LX,2007-05,0,0.8444879011623667,0.9005483390452589
LX,2007-06,0,0.8430989107390903,0.8989035666081824
LX,2007-07,0,0.8069486073543398,0.8560256753853603
LX,2007-08,0,0.8021236932524318,0.8500464667245671
LX,2007-09,0,0.8189560640397701,0.8710312237251823
LX,2007-10,0,0.8477227867534187,0.9061573116519842
LX,2007-11,0,0.8117186928869081,0.8636857697409805
LX,2007-12,0,0.8080817311206971,0.8592052005510855
LX,2008-01,0,0.7353424957964775,0.7691904996577237
LX,2008-02,0,0.7300789531398506,0.7620325525967071
LX,2008-03,0,0.7127714014182336,0.7383261416021394
LX,2008-04,0,0.7612764090942333,0.8063774236534214
LX,2008-05,0,0.7542949045982906,0.7972066357338938
LX,2008-06,0,0.7020067256378403,0.727886030965528
LX,2008-07,0,0.671869288690695,0.6849556204060527
LX,2008-08,0,0.7020615542071802,0.7298933278213187
LX,2008-09,0,0.6147013670589968,0.6054595276443
LX,2008-10,0,0.5412128079537989,0.4859078834747097
LX,2008-11,0,0.5298998464800069,0.46500490167617525
LX,2008-12,0,0.5469880839242645,0.497252952997138
LX,2009-01,0,0.5113495138533528,0.43209875472790094
LX,2009-02,0,0.4744133343080644,0.35986600873983865
LX,2009-03,0,0.49029534322684504,0.39334316414472337
LX,2009-04,0,0.5309415892974644,0.4762447185488685
LX,2009-05,0,0.5540975217486671,0.519857675073601
LX,2009-06,0,0.5362599605234313,0.48766557796957033
LX,2009-07,0,0.5817676730755185,0.57252686895178
LX,2009-08,0,0.6253198333211506,0.6473886432669347
LX,2009-09,0,0.651345127567806,0.6890078161443276
LX,2009-10,0,0.6398311280064346,0.6713305524725074
LX,2009-11,0,0.6648329556254126,0.7104062187297554
LX,2009-12,0,0.6914613641348065,0.7504589993328837
LX,2010-01,0,0.6639922508955346,0.7107328271068436
LX,2010-02,0,0.6882447547335345,0.747258108546936
LX,2010-03,0,0.7299327436216112,0.8078295674666873
LX,2010-04,0,0.7165362965129044,0.789476579159519
LX,2010-05,0,0.6748300314350477,0.7312712024314671
LX,2010-06,0,0.6394290518312755,0.6788120972424303
LX,2010-07,0,0.6871847357262972,0.7534969801989571
LX,2010-08,0,0.6814825645149514,0.7451991078585316
LX,2010-09,0,0.7270999342057183,0.8121375330891686
LX,2010-10,0,0.7443892097375554,0.835915936467411
LX,2010-11,0,0.7290737627019533,0.8153414213679757
LX,2010-12,0,0.7799912274289071,0.8851799854911081
LX,2011-01,0,0.7720593610644066,0.8750108116779021
LX,2011-02,0,0.7906462460706206,0.8990852364482838
LX,2011-03,0,0.7845968272534556,0.8914340032359215
LX,2011-04,0,0.8043899407851465,0.9166611171422806
LX,2011-05,0,0.7953980554134089,0.9054826017036604
LX,2011-06,0,0.7918524745960978,0.901024983542313
LX,2011-07,0,0.7760252942466571,0.8810374469023426
LX,2011-08,0,0.7225674391402895,0.8121507037733536
LX,2011-09,0,0.6862709262372995,0.7619180044613343
LX,2011-10,0,0.7466554572702698,0.8499073519979521
LX,2011-11,0,0.7405329336939851,0.8417074205346927
LX,2011-12,0,0.7515717523210778,0.8566140075679363
LX,2012-01,0,0.7663023612837211,0.8762137449411822
LX,2012-02,0,0.7946121792528711,0.9131571492675437
LX,2012-03,0,0.7847795891512556,0.9007830750230983
LX,2012-04,0,0.7827874844652406,0.8982446493128049
LX,2012-05,0,0.7243767819285054,0.8236257984804639
LX,2012-06,0,0.7625557423788308,0.8763317401986422
LX,2012-07,0,0.7740149133708626,0.8913590626030139
LX,2012-08,0,0.786789970027051,0.9078639857453246
LX,2012-09,0,0.7927662840850961,0.9154598045606553
LX,2012-10,0,0.7998391695299385,0.9243815833835336
LX,2012-11,0,0.815044959426861,0.9433926427016948
LX,2012-12,0,0.8171284450617758,0.94594892577641
LX,2013-01,0,0.8746984428686332,1.0164029629045692
LX,2013-02,0,0.8884604137729392,1.032136351955969
LX,2013-03,0,0.8964471087067793,1.0411257169406438
LX,2013-04,0,0.9010344323415481,1.046242944259706
LX,2013-05,0,0.9278638789385215,1.0760192165462719
LX,2013-06,0,0.8757401856860907,1.0198432036250011
LX,2013-07,0,0.9328715549382293,1.0850810106663435
LX,2013-08,0,0.9107756414942639,1.061395098788123
LX,2013-09,0,0.917665765041307,1.06896021497386
LX,2013-10,0,0.9574895825718284,1.1123570802025946
LX,2013-11,0,0.9492835733606289,1.10378674235186
LX,2013-12,0,0.963319687111634,1.118572749552337
LX,2014-01,0,0.9289421741355394,1.0828862444014142
LX,2014-02,0,0.9745412676365265,1.1319733617383152
LX,2014-03,0,0.9491190876526094,1.1058870575168722
LX,2014-04,0,0.9782696103516372,1.136600297908153
LX,2014-05,0,0.9895825718254294,1.1481645551988664
LX,2014-06,0,0.9802799912274325,1.138764045465922
LX,2014-07,0,0.9761130199576029,1.13451324844148
LX,2014-08,0,0.99351195262812,1.1523379596324779
LX,2014-09,0,0.9686380583376015,1.127301628439159
LX,2014-10,0,0.9539805541340779,1.1121695529674611
LX,2014-11,0,0.9870421814460159,1.1468260532165127
LX,2014-12,0,0.9650559251407302,1.1245511629245135
CB,2000-01,0,0.982445428178904,0.982445428178904
CB,2000-02,0,1.006716531827202,1.0071502137600101
CB,2000-03,0,1.022286673790261,1.0226164760799494
CB,2000-04,0,1.0070218287284385,1.0076844169489954
CB,2000-05,0,1.0166386811173869,1.0172342123105234
CB,2000-06,0,1.028697908716227,1.0290960741723854
CB,2000-07,0,1.0267134788581902,1.02716700457749
CB,2000-08,0,1.039383300259503,1.039507177042551
CB,2000-09,0,1.036788276598993,1.0370104814925436
CB,2000-10,0,1.0297664478705546,1.030237807758739
CB,2000-11,0,1.0549534422225622,1.0546967463890384
CB,2000-12,0,1.0618226225003824,1.0612081050925546
CB,2001-01,0,1.0628911616547099,1.062214430566965
CB,2001-02,0,1.0679285605251112,1.066953767059856
CB,2001-03,0,1.0619752709510004,1.0613791529946757
CB,2001-04,0,1.036482979697757,1.0373745533109042
CB,2001-05,0,1.0323614715310647,1.0333981173757054
CB,2001-06,0,1.026408181956954,1.0276314457802596
CB,2001-07,0,1.0509845825064885,1.0515755266844833
CB,2001-08,0,1.072202717142422,1.0717643429517307
CB,2001-09,0,1.0761715768584958,1.0754659374847604
CB,2001-10,0,1.1103648297969786,1.1072389871301505
CB,2001-11,0,1.0880781560067176,1.0871674996404612
CB,2001-12,0,1.0772401160128235,1.0772067813464095
CB,2002-01,0,1.0747977408029321,1.0749395289728798
CB,2002-02,0,1.0873149137536267,1.086585601973874
CB,2002-03,0,1.0540375515188531,1.0559805198455572
CB,2002-04,0,1.0737292016486046,1.074662634255405
CB,2002-05,0,1.0871622653030084,1.0871732967518508
CB,2002-06,0,1.0947946878339196,1.0941937966114408
CB,2002-07,0,1.1126545565562522,1.1105072377715077
CB,2002-08,0,1.1318882613341488,1.1277935596263573
CB,2002-09,0,1.1473057548465897,1.1414145980619608
CB,2002-10,0,1.1398259807662967,1.1348951728357768
CB,2002-11,0,1.1369256602045505,1.1323506435736903
CB,2002-12,0,1.1651656235689223,1.1571895264952798
CB,2003-01,0,1.1491375362540086,1.1434334672787203
CB,2003-02,0,1.1590596855441935,1.1520678987346185
CB,2003-03,0,1.1477637001984446,1.1423220802175633
CB,2003-04,0,1.1657762173713955,1.158015656491004
CB,2003-05,0,1.2079071897420257,1.19415550198007
CB,2003-06,0,1.2039383300259519,1.1908697696408814
CB,2003-07,0,1.1683712410319052,1.1613274848684714
CB,2003-08,0,1.1773774996183803,1.1690358726395713
CB,2003-09,0,1.2059227598839888,1.193280654177235
CB,2003-10,0,1.1839413829949643,1.1750528060759693
CB,2003-11,0,1.1868417035567105,1.1775025224246025
CB,2003-12,0,1.2037856815753336,1.1917790497557923
CB,2004-01,0,1.2178293390322104,1.2034452937324596
CB,2004-02,0,1.234468020149597,1.2171078658056609
CB,2004-03,0,1.241337200427417,1.2226723520181004
CB,2004-04,0,1.2173713936803559,1.2033659083388089
CB,2004-05,0,1.2072965959395532,1.1950900462698435
CB,2004-06,0,1.2022591970691519,1.1909175845174096
CB,2004-07,0,1.214623721569228,1.2012019928465105
CB,2004-08,0,1.2366050984582528,1.219299265688034
CB,2004-09,0,1.239658067470617,1.2217680966965512
CB,2004-10,0,1.2541596702793487,1.2334661634371002
CB,2004-11,0,1.2567546939398586,1.2355352968353477
CB,2004-12,0,1.2735460235078637,1.2488961616476884
CB,2005-01,0,1.282552282094339,1.2559679583634977
CB,2005-02,0,1.2785834223782653,1.2528734570542859
CB,2005-03,0,1.2753778049152824,1.2503662937305036
CB,2005-04,0,1.291863837582051,1.2632926851129094
CB,2005-05,0,1.3118607846130388,1.278771829624312
CB,2005-06,0,1.327583575026716,1.2907569355121407
CB,2005-07,0,1.3201038009464232,1.285122808801781
CB,2005-08,0,1.3365898336131916,1.297611245434528
CB,2005-09,0,1.3188826133414775,1.2843631869603391
CB,2005-10,0,1.3013280415203814,1.271053001775154
CB,2005-11,0,1.311097542359948,1.278560333153453
CB,2005-12,0,1.317203480384677,1.283217452724998
CB,2006-01,0,1.3004121508166722,1.270469741518601
CB,2006-02,0,1.3039230651808913,1.2731695889185306
CB,2006-03,0,1.2918638375820513,1.2639211693446601
CB,2006-04,0,1.27476721111281,1.2506870915944537
CB,2006-05,0,1.2782781254770292,1.2534412527727556
CB,2006-06,0,1.2703404060448815,1.247231556092555
CB,2006-07,0,1.2972065333536893,1.2683803184093057
CB,2006-08,0,1.3199511524958047,1.2859138557122003
CB,2006-09,0,1.33155243474279,1.294703031148768
CB,2006-10,0,1.3281941688291892,1.2921809630529295
CB,2006-11,0,1.3394901541749378,1.300685732619646
CB,2006-12,0,1.320714394748896,1.2866686386025519
CB,2007-01,0,1.3117081361624208,1.2798494060551642
CB,2007-02,0,1.3283468172798072,1.292534149450951
CB,2007-03,0,1.3211723401007507,1.2871330922227278
CB,2007-04,0,1.317356128835295,1.284244588467673
CB,2007-05,0,1.2785834223782655,1.2548123752579396
CB,2007-06,0,1.2709509998473543,1.2488429387727438
CB,2007-07,0,1.2738513204091004,1.2511249469399308
CB,2007-08,0,1.286215844909177,1.2608313579644965
CB,2007-09,0,1.2953747519462704,1.2679521744847908
CB,2007-10,0,1.299190963211726,1.2708982032380314
CB,2007-11,0,1.3310944893909353,1.2954546595886365
CB,2007-12,0,1.328804762631662,1.293734476102398
CB,2008-01,0,1.3430010685391571,1.3044179913235352
CB,2008-02,0,1.3707830865516741,1.325104510987095
CB,2008-03,0,1.3926118149900806,1.34102878715636
CB,2008-04,0,1.375209891619603,1.3285328976463304
CB,2008-05,0,1.3576553197985068,1.3157678848813177
CB,2008-06,0,1.3555182414898517,1.3141937899858827
CB,2008-07,0,1.3700198442985831,1.3248919881840808
CB,2008-08,0,1.3868111738665878,1.3371482555935512
CB,2008-09,0,1.3602503434590165,1.3179958065016417
CB,2008-10,0,1.3604029919096348,1.3181080273522756
CB,2008-11,0,1.4121508166692136,1.3561466269932092
CB,2008-12,0,1.4857273698671987,1.4082491024012729
CB,2009-01,0,1.4536711952373713,1.3866730210286233
CB,2009-02,0,1.4698519310029035,1.3978039671590445
CB,2009-03,0,1.5017554571821126,1.419509232503317
CB,2009-04,0,1.4681727980461028,1.3971469637495053
CB,2009-05,0,1.4350480842619475,1.3745851005762886
CB,2009-06,0,1.4432911005953317,1.3803291703560991
CB,2009-07,0,1.4336742482063838,1.3736660291609644
CB,2009-08,0,1.451992062280571,1.3864428605067907
CB,2009-09,0,1.4623721569226102,1.3935917250988847
CB,2009-10,0,1.4526026560830438,1.3869111405477366
CB,2009-11,0,1.497939245916657,1.4181217332337388
CB,2009-12,0,1.4542817890398443,1.3889767215145907
CB,2010-01,0,1.4909174171882187,1.4141682823417137
CB,2010-02,0,1.4893909326820363,1.4131444265006161
CB,2010-03,0,1.468325446496721,1.3990007347920992
CB,2010-04,0,1.4716837124103221,1.401287874827446
CB,2010-05,0,1.5150358723858985,1.4307453999804385
CB,2010-06,0,1.5475499923675808,1.4522063571592798
CB,2010-07,0,1.5490764768737633,1.4531927450069815
CB,2010-08,0,1.5950236605098493,1.482853761956134
CB,2010-09,0,1.5973133872691228,1.4842893060273368
CB,2010-10,0,1.5963974965654135,1.483715911531924
CB,2010-11,0,1.5626621889787855,1.4625837638937522
CB,2010-12,0,1.5638833765837314,1.4633652428426631
CB,2011-01,0,1.5473973439169633,1.4528235151706281
CB,2011-02,0,1.551366203633037,1.455388376569464
CB,2011-03,0,1.5481605861700545,1.453322057569169
CB,2011-04,0,1.5689207754541334,1.466731641477668
CB,2011-05,0,1.594871012059232,1.4832718243926322
CB,2011-06,0,1.591512746145631,1.4811661582364302
CB,2011-07,0,1.636696687528626,1.5095567202928275
CB,2011-08,0,1.6789803083498749,1.5353914526188859
CB,2011-09,0,1.7229430621279243,1.5615756511823917
CB,2011-10,0,1.7023355212944635,1.54961498847308
CB,2011-11,0,1.7456876812700397,1.5750812725476853
CB,2011-12,0,1.7696534880171015,1.588809848973009
CB,2012-01,0,1.7794229888566677,1.5943304217324326
CB,2012-02,0,1.7708746756220475,1.589526441291496
CB,2012-03,0,1.7527095099984784,1.5792687048894616
CB,2012-04,0,1.7637001984429912,1.5855393894391918
CB,2012-05,0,1.8137688902457694,1.6139278263441597
CB,2012-06,0,1.8165165623568975,1.6154427228262334
CB,2012-07,0,1.8229277972828632,1.6189721345909394
CB,2012-08,0,1.812089757288969,1.6130267318108356
CB,2012-09,0,1.8206380705235898,1.61774411029622
CB,2012-10,0,1.8177377499618437,1.616151086065483
CB,2012-11,0,1.8307128682643932,1.6232891445135853
CB,2012-12,0,1.8149900778507162,1.6147008013133854
CB,2013-01,0,1.7904136773011818,1.6011600107330657
CB,2013-02,0,1.813310944893916,1.6139488247837095
CB,2013-03,0,1.827507250801411,1.6217777666138298
CB,2013-04,0,1.8507098152953811,1.6344740579603045
CB,2013-05,0,1.7946878339184917,1.6042035201839933
CB,2013-06,0,1.7432453060601496,1.5755397454115174
CB,2013-07,0,1.745077087467568,1.5765905335025854
CB,2013-08,0,1.727522515646472,1.5665310513472321
CB,2013-09,0,1.7388185009922208,1.5730698867276334
CB,2013-10,0,1.761868417035573,1.586325966088532
CB,2013-11,0,1.74492443901695,1.5767089153174352
CB,2013-12,0,1.7183636086093785,1.5614871499425775
CB,2014-01,0,1.782018012517179,1.5985307672473654
CB,2014-02,0,1.789955731949327,1.6029851102317756
CB,2014-03,0,1.7807968249122332,1.5978682758466483
CB,2014-04,0,1.7949931308197282,1.6058401599543117
CB,2014-05,0,1.8175851015112259,1.618426264214878
CB,2014-06,0,1.8194168829186446,1.619434074746498
CB,2014-07,0,1.8316287589681026,1.6261460472274107
CB,2014-08,0,1.8584948862769106,1.64081393621816
CB,2014-09,0,1.8334605403755215,1.6273437103454702
CB,2014-10,0,1.8543733781102185,1.6387499213187446
CB,2014-11,0,1.8849030682338639,1.6552135367286884
CB,2014-12,0,1.8955884597771397,1.6608824709690513
DT,2000-01,0,0.9892424242424244,0.9892424242424244
DT,2000-02,0,0.9957575757575756,0.995828425161401
DT,2000-03,0,1.0198484848484848,1.0200219735484977
DT,2000-04,0,1.0162121212121211,1.0164563815116532
DT,2000-05,0,1.020151515151515,1.0203329284029607
DT,2000-06,0,1.0184848484848485,1.0186991841581963
DT,2000-07,0,1.0216666666666667,1.0218232543753933
DT,2000-08,0,1.0162121212121211,1.016484384436197
DT,2000-09,0,1.0231818181818182,1.0233428904746642
DT,2000-10,0,1.0246969696969697,1.0248237138124399
DT,2000-11,0,1.043939393939394,1.0436023623411994
DT,2000-12,0,1.0527272727272727,1.0520203594384419
DT,2001-01,0,1.0568181818181819,1.0559063698011362
DT,2001-02,0,1.0603030303030303,1.0592038608405625
DT,2001-03,0,1.066969696969697,1.0654913715579102
DT,2001-04,0,1.0413636363636365,1.0414925075988077
DT,2001-05,0,1.031666666666667,1.0321807078025036
DT,2001-06,0,1.0372727272727273,1.0376146922348721
DT,2001-07,0,1.0554545454545454,1.0551431760210246
DT,2001-08,0,1.063030303030303,1.0623208963770394
DT,2001-09,0,1.0624242424242425,1.0617507709494456
DT,2001-10,0,1.095151515151515,1.092555106374431
DT,2001-11,0,1.0793939393939391,1.078166617165798
DT,2001-12,0,1.0462121212121211,1.0474254605122326
DT,2002-01,0,1.056969696969697,1.057707864567265
DT,2002-02,0,1.0562121212121212,1.056991121447999
DT,2002-03,0,1.0334848484848485,1.0354734051949508
DT,2002-04,0,1.0453030303030302,1.0469086786152704
DT,2002-05,0,1.0433333333333334,1.0450243475527976
DT,2002-06,0,1.062727272727273,1.0636127878664776
DT,2002-07,0,1.0807575757575758,1.080578855730749
DT,2002-08,0,1.0972727272727274,1.0958599436320526
DT,2002-09,0,1.1221212121212123,1.1185056216215583
DT,2002-10,0,1.1089393939393941,1.1067583896474833
DT,2002-11,0,1.1092424242424244,1.1070316510219878
DT,2002-12,0,1.1343939393939397,1.1297061490413842
DT,2003-01,0,1.1478787878787882,1.1415934203115858
DT,2003-02,0,1.1651515151515155,1.1566409387909944
DT,2003-03,0,1.1543939393939397,1.147408168960045
DT,2003-04,0,1.1551515151515155,1.1480644230616335
DT,2003-05,0,1.1881818181818187,1.176658337017562
DT,2003-06,0,1.1812121212121216,1.1707924864692327
DT,2003-07,0,1.152575757575758,1.146549284827365
DT,2003-08,0,1.1557575757575764,1.1493099000501863
DT,2003-09,0,1.1739393939393947,1.16504141551951
DT,2003-10,0,1.1493939393939403,1.1441327939397474
DT,2003-11,0,1.1407575757575767,1.136618952653167
DT,2003-12,0,1.1587878787878796,1.1524245045192845
DT,2004-01,0,1.1662121212121221,1.1588314082849749
DT,2004-02,0,1.1863636363636372,1.1761108678146615
DT,2004-03,0,1.1990909090909099,1.1868388371633205
DT,2004-04,0,1.1786363636363644,1.1697804596045638
DT,2004-05,0,1.1662121212121217,1.1592392589360974
DT,2004-06,0,1.1739393939393945,1.1658652171016164
DT,2004-07,0,1.185303030303031,1.1755451344996546
DT,2004-08,0,1.2054545454545462,1.1925462849534445
DT,2004-09,0,1.2098484848484856,1.1961913327161393
DT,2004-10,0,1.223333333333334,1.207337231275939
DT,2004-11,0,1.2368181818181825,1.2183602681845345
DT,2004-12,0,1.2477272727272732,1.2271805548438508
DT,2005-01,0,1.2618181818181824,1.2384738153174393
DT,2005-02,0,1.2459090909090915,1.2258657461531741
DT,2005-03,0,1.2575757575757582,1.2352297252362339
DT,2005-04,0,1.2795454545454552,1.2526996047543062
DT,2005-05,0,1.2971212121212128,1.2664355431794099
DT,2005-06,0,1.3121212121212127,1.2779996127974451
DT,2005-07,0,1.3009090909090917,1.2694545781554127
DT,2005-08,0,1.3168181818181823,1.2816837884978305
DT,2005-09,0,1.3115151515151522,1.2776566339701583
DT,2005-10,0,1.2889393939393947,1.2604431404396592
DT,2005-11,0,1.2875757575757587,1.259385188165062
DT,2005-12,0,1.3013636363636374,1.2700935901419976
DT,2006-01,0,1.2862121212121223,1.258450791213135
DT,2006-02,0,1.2857575757575768,1.2580973926974088
DT,2006-03,0,1.2601515151515161,1.2381822383255023
DT,2006-04,0,1.243030303030304,1.2245956085311054
DT,2006-05,0,1.2477272727272737,1.2283742530947328
DT,2006-06,0,1.2384848484848494,1.2209668456873253
DT,2006-07,0,1.2543939393939405,1.233812453712772
DT,2006-08,0,1.270000000000001,1.2462535697895927
DT,2006-09,0,1.2754545454545465,1.2505484874703372
DT,2006-10,0,1.2725757575757584,1.2482914192831192
DT,2006-11,0,1.2798484848484857,1.2540063853505081
DT,2006-12,0,1.2510606060606069,1.2315131925009757
DT,2007-01,0,1.2398484848484859,1.2225510997312048
DT,2007-02,0,1.2534848484848495,1.233549511071789
DT,2007-03,0,1.2448484848484858,1.2266596283206705
DT,2007-04,0,1.2377272727272737,1.2209390830431632
DT,2007-05,0,1.2137878787878797,1.2015976703855553
DT,2007-06,0,1.2024242424242433,1.1922355433102838
DT,2007-07,0,1.225151515151516,1.211136752987703
DT,2007-08,0,1.2304545454545461,1.2154652219463968
DT,2007-09,0,1.2228787878787888,1.209308344714529
DT,2007-10,0,1.2263636363636374,1.2121580535486265
DT,2007-11,0,1.2416666666666678,1.2246364325948336
DT,2007-12,0,1.2239393939393952,1.210359434425218
DT,2008-01,0,1.2616666666666678,1.2411838959255892
DT,2008-02,0,1.26878787878788,1.2468281855857308
DT,2008-03,0,1.2598484848484863,1.2397825681985803
DT,2008-04,0,1.2401515151515166,1.2241481725281051
DT,2008-05,0,1.2139393939393954,1.2030119477266392
DT,2008-06,0,1.1992424242424258,1.19090510798625
DT,2008-07,0,1.221666666666668,1.209603781391177
DT,2008-08,0,1.2377272727272741,1.222750252927826
DT,2008-09,0,1.2495454545454558,1.232298545252468
DT,2008-10,0,1.260757575757577,1.241271505116661
DT,2008-11,0,1.3219696969696983,1.289823361864648
DT,2008-12,0,1.3550000000000015,1.3148090352170836
DT,2009-01,0,1.3277272727272742,1.2946815612150706
DT,2009-02,0,1.3557575757575775,1.315793052713416
DT,2009-03,0,1.3657575757575773,1.3231690026463618
DT,2009-04,0,1.347424242424244,1.3097454393004555
DT,2009-05,0,1.3153030303030318,1.2859064648261498
DT,2009-06,0,1.3359090909090925,1.3015728627065783
DT,2009-07,0,1.3496969696969712,1.3118938335583419
DT,2009-08,0,1.3539393939393953,1.3150370755879779
DT,2009-09,0,1.3581818181818197,1.3181704686049878
DT,2009-10,0,1.362575757575759,1.3214056314787048
DT,2009-11,0,1.3815151515151531,1.33530533124519
DT,2009-12,0,1.3578787878787895,1.3181963161102919
DT,2010-01,0,1.3851515151515166,1.3382811186097339
DT,2010-02,0,1.3930303030303044,1.3439691518628514
DT,2010-03,0,1.3989393939393955,1.3482110487521268
DT,2010-04,0,1.4143939393939409,1.359258378980655
DT,2010-05,0,1.4639393939393959,1.3942878380058292
DT,2010-06,0,1.4786363636363655,1.4043271673372306
DT,2010-07,0,1.4686363636363657,1.397564179326164
DT,2010-08,0,1.5366666666666688,1.4438862674309818
DT,2010-09,0,1.5184848484848505,1.4320542816293647
DT,2010-10,0,1.4945454545454566,1.4162889653252337
DT,2010-11,0,1.475151515151517,1.403312485195469
DT,2010-12,0,1.4495454545454565,1.3859542271839653
DT,2011-01,0,1.4263636363636383,1.3699617530541441
DT,2011-02,0,1.4350000000000018,1.376016565036298
DT,2011-03,0,1.416818181818184,1.3633463084636028
DT,2011-04,0,1.436969696969699,1.3775693862092981
DT,2011-05,0,1.4633333333333354,1.3959160753699897
DT,2011-06,0,1.4701515151515172,1.4005754251318452
DT,2011-07,0,1.529848484848487,1.4411814232767488
DT,2011-08,0,1.5734848484848507,1.4697047470362812
DT,2011-09,0,1.6200000000000025,1.4992666151152414
DT,2011-10,0,1.6103030303030328,1.4932808313516799
DT,2011-11,0,1.582727272727275,1.4761562547615408
DT,2011-12,0,1.6454545454545477,1.5157886499367272
DT,2012-01,0,1.6553030303030327,1.5217739169717182
DT,2012-02,0,1.6545454545454572,1.521316251067828
DT,2012-03,0,1.6531818181818208,1.5204920752436522
DT,2012-04,0,1.6898484848484876,1.5426715271728981
DT,2012-05,0,1.7507575757575784,1.5787156408642813
DT,2012-06,0,1.7010606060606088,1.5503296607690844
DT,2012-07,0,1.7448484848484875,1.576071176757327
DT,2012-08,0,1.738030303030306,1.5721635699494076
DT,2012-09,0,1.7283333333333364,1.5665842830520145
DT,2012-10,0,1.7312121212121245,1.568249926954881
DT,2012-11,0,1.7465151515151547,1.57708941583988
DT,2012-12,0,1.756818181818185,1.5829886090384573
DT,2013-01,0,1.7119696969697002,1.5574603641052964
DT,2013-02,0,1.7515151515151548,1.5805597534317855
DT,2013-03,0,1.7777272727272762,1.5955251513556612
DT,2013-04,0,1.7915151515151548,1.6032810535119721
DT,2013-05,0,1.757575757575761,1.5843365338908626
DT,2013-06,0,1.7278787878787913,1.5674399821667246
DT,2013-07,0,1.7450000000000034,1.5773487860951707
DT,2013-08,0,1.71666666666667,1.561111918855438
DT,2013-09,0,1.742878787878791,1.576381115678033
DT,2013-10,0,1.7606060606060638,1.5865523753494228
DT,2013-11,0,1.756515151515155,1.5842287953149996
DT,2013-12,0,1.724393939393943,1.5659418980494082
DT,2014-01,0,1.7839393939393977,1.6004731343203862
DT,2014-02,0,1.7906060606060645,1.6042101820526777
DT,2014-03,0,1.8009090909090948,1.6099641167285959
DT,2014-04,0,1.8151515151515192,1.6178725804674483
DT,2014-05,0,1.8580303030303074,1.6414952849749609
DT,2014-06,0,1.8757575757575802,1.651036180351296
DT,2014-07,0,1.8889393939393984,1.6580636440023464
DT,2014-08,0,1.9319696969697016,1.6808437835708072
DT,2014-09,0,1.9337878787878835,1.6817848862294222
DT,2014-10,0,1.9515151515151565,1.6909520099464166
DT,2014-11,0,1.9756060606060655,1.7032967304433106
DT,2014-12,0,2.001363636363642,1.71633454009129
UB,2000-01,0,0.9959313413858868,0.9959313413858868
UB,2000-02,0,1.0006357279084552,1.000654946645685
UB,2000-03,0,1.010680228862047,1.0106930660865998
UB,2000-04,0,1.0064844246662428,1.0065416004934435
UB,2000-05,0,1.0059758423394787,1.006036294783489
UB,2000-06,0,1.007501589319771,1.0075529783021948
UB,2000-07,0,1.0059758423394787,1.0060385916287975
UB,2000-08,0,1.0021614748887473,1.002246882832033
UB,2000-09,0,1.0097902097902094,1.00985916397895
UB,2000-10,0,1.0116973935155749,1.011747857003377
UB,2000-11,0,1.0240305149396056,1.0239383810702365
UB,2000-12,0,1.0381436745073107,1.0377203527613217
UB,2001-01,0,1.0372536554354734,1.0368630349413583
UB,2001-02,0,1.0404322949777494,1.0399275115287572
UB,2001-03,0,1.0479338842975203,1.0471375811853623
UB,2001-04,0,1.0272091544818815,1.0273608279701234
UB,2001-05,0,1.028862047043865,1.0289699380084942
UB,2001-06,0,1.0361093452002539,1.0360139320767097
UB,2001-07,0,1.0451366815003176,1.0447266575644998
UB,2001-08,0,1.0518753973299424,1.0511743461289766
UB,2001-09,0,1.057215511760966,1.056251101840327
UB,2001-10,0,1.0742530197075648,1.072366555839124
UB,2001-11,0,1.0617927527018436,1.0607675500396214
UB,2001-12,0,1.0451366815003178,1.0450808059371186
UB,2002-01,0,1.0432294977749523,1.0432559884188706
UB,2002-02,0,1.045263827082009,1.0452060188880965
UB,2002-03,0,1.0293706293706295,1.0300010559882062
UB,2002-04,0,1.0397965670692946,1.0401295144862301
UB,2002-05,0,1.0376350921805468,1.0380507666261176
UB,2002-06,0,1.0531468531468533,1.0529999150147953
UB,2002-07,0,1.0675143038779404,1.0666423151113786
UB,2002-08,0,1.0784488239033696,1.0768852879555901
UB,2002-09,0,1.0986649713922445,1.0956308668284973
UB,2002-10,0,1.093070565797839,1.0905388635881317
UB,2002-11,0,1.0916719643992379,1.089259347477861
UB,2002-12,0,1.1113795295613484,1.1073119913166682
UB,2003-01,0,1.1191354100445017,1.1142905978834226
UB,2003-02,0,1.1345200254291172,1.1280374735934884
UB,2003-03,0,1.1261284170375088,1.120640858105424
UB,2003-04,0,1.1268912905276551,1.1213182883865576
UB,2003-05,0,1.1464717101080748,1.1386938948403542
UB,2003-06,0,1.1425301970756527,1.1352559443024812
UB,2003-07,0,1.1219326128417049,1.117227900679067
UB,2003-08,0,1.1207883026064858,1.116207955076166
UB,2003-09,0,1.1382072472981577,1.13174964537679
UB,2003-10,0,1.1198982835346485,1.1156638544920714
UB,2003-11,0,1.1139224411951698,1.1103277963630978
UB,2003-12,0,1.1285441830896392,1.1234541518019747
UB,2004-01,0,1.135282898919264,1.1294253099813347
UB,2004-02,0,1.1511760966306435,1.143424638013589
UB,2004-03,0,1.161093452002544,1.1520396148194203
UB,2004-04,0,1.146344564526384,1.1393370305005417
UB,2004-05,0,1.1380801017164668,1.132127624999211
UB,2004-06,0,1.1411315956770516,1.134808889662377
UB,2004-07,0,1.1481246026700587,1.1409370233671123
UB,2004-08,0,1.1617291799109997,1.1527864142862705
UB,2004-09,0,1.16300063572791,1.1538808654190273
UB,2004-10,0,1.1717736808645913,1.1614243222901326
UB,2004-11,0,1.1783852511125252,1.1670666834012438
UB,2004-12,0,1.1802924348378907,1.1686851555635223
UB,2005-01,0,1.1865225683407514,1.1739636215766645
UB,2005-02,0,1.1791481246026714,1.1677484479804365
UB,2005-03,0,1.1861411315956785,1.1736790065312235
UB,2005-04,0,1.1998728544183104,1.1852558100471415
UB,2005-05,0,1.2085187539733007,1.192461489818255
UB,2005-06,0,1.2176732358550553,1.2000364503653356
UB,2005-07,0,1.2094087730451382,1.19324935628577
UB,2005-08,0,1.215893197711381,1.1986110047298406
UB,2005-09,0,1.2089001907183738,1.1928596714662205
UB,2005-10,0,1.195422759059124,1.181711164945396
UB,2005-11,0,1.1931341385886856,1.1797966786658811
UB,2005-12,0,1.194787031150669,1.181182015409274
UB,2006-01,0,1.18753973299428,1.1751162497393794
UB,2006-02,0,1.1866497139224426,1.1743667850712851
UB,2006-03,0,1.1732994278448838,1.163116383271221
UB,2006-04,0,1.16668785759695,1.1574813594307356
UB,2006-05,0,1.1699936427209168,1.1603148380706658
UB,2006-06,0,1.1633820724729829,1.1546638926240238
UB,2006-07,0,1.1716465352829002,1.1617677177606358
UB,2006-08,0,1.177495232040688,1.166759578856675
UB,2006-09,0,1.177113795295615,1.1664356397572258
UB,2006-10,0,1.1745708836617943,1.164275345957269
UB,2006-11,0,1.1769866497139239,1.1663320681915186
UB,2006-12,0,1.1614748887476176,1.153152852462881
UB,2007-01,0,1.1574062301335046,1.1496498420633188
UB,2007-02,0,1.1641449459631297,1.1554720984623081
UB,2007-03,0,1.158677685950415,1.150775724499879
UB,2007-04,0,1.154609027336302,1.1472642573650171
UB,2007-05,0,1.139987285441833,1.134600453819152
UB,2007-06,0,1.1355371900826468,1.1306968178610883
UB,2007-07,0,1.146853146853149,1.1406621073023604
UB,2007-08,0,1.153210425937701,1.1462053445529148
UB,2007-09,0,1.1520661157024816,1.1452130623037415
UB,2007-10,0,1.150158931977116,1.143557615885024
UB,2007-11,0,1.1621106166560735,1.1539489490709627
UB,2007-12,0,1.1515575333757173,1.1448679862700872
UB,2008-01,0,1.1788938334392902,1.1686065310420868
UB,2008-02,0,1.189065479974573,1.1772346587383764
UB,2008-03,0,1.1745708836617947,1.1650447528358958
UB,2008-04,0,1.1595677050222526,1.152271425275818
UB,2008-05,0,1.1380801017164675,1.133740723521432
UB,2008-06,0,1.1206611570247955,1.1184351710691922
UB,2008-07,0,1.1407501589319793,1.1363611978447765
UB,2008-08,0,1.1495232040686607,1.144051790800639
UB,2008-09,0,1.1640178003814388,1.1566610154439305
UB,2008-10,0,1.1908455181182473,1.1797085304630457
UB,2008-11,0,1.2156389065479993,1.2005285176507459
UB,2008-12,0,1.232167832167834,1.214125421740276
UB,2009-01,0,1.2255562619199,1.2087596184176057
UB,2009-02,0,1.235600762873492,1.2169554893585746
UB,2009-03,0,1.2392879847425318,1.2199396424764999
UB,2009-04,0,1.2345835982199636,1.2161436026693797
UB,2009-05,0,1.2225047679593153,1.206359874554035
UB,2009-06,0,1.2308963763509237,1.2132241491250177
UB,2009-07,0,1.2392879847425322,1.2200416266583305
UB,2009-08,0,1.241958041958044,1.2221961357380473
UB,2009-09,0,1.2470438652256854,1.2262911398330512
UB,2009-10,0,1.249205340114433,1.2280244187890055
UB,2009-11,0,1.2636999364272112,1.23962747222412
UB,2009-12,0,1.2539097266370016,1.2318802139486398
UB,2010-01,0,1.272600127145584,1.246785912589889
UB,2010-02,0,1.2822631913541027,1.2543790787403533
UB,2010-03,0,1.2858232676414518,1.2571554793352964
UB,2010-04,0,1.296249205340117,1.265263854693746
UB,2010-05,0,1.3215511760966332,1.2847832269350408
UB,2010-06,0,1.330832803560079,1.2918065095981155
UB,2010-07,0,1.320788302606487,1.2842589792646866
UB,2010-08,0,1.3496503496503525,1.3061111163459342
UB,2010-09,0,1.34075015893198,1.299516674518332
UB,2010-10,0,1.33095994914177,1.2922146356373458
UB,2010-11,0,1.3331214240305176,1.29383863258041
UB,2010-12,0,1.3232040686586166,1.2863994337249023
UB,2011-01,0,1.2982835346471735,1.2675659562578128
UB,2011-02,0,1.3047679593134165,1.2725605699097569
UB,2011-03,0,1.2904005085823291,1.2615490711765662
UB,2011-04,0,1.2990464081373199,1.268249238680754
UB,2011-05,0,1.3153210425937725,1.2807773780563045
UB,2011-06,0,1.320025429116341,1.2843539851128534
UB,2011-07,0,1.3538461538461566,1.3099752526913546
UB,2011-08,0,1.376732358550543,1.32687983571164
UB,2011-09,0,1.3946598855689794,1.3399016310570409
UB,2011-10,0,1.4026700572155146,1.3456450898955858
UB,2011-11,0,1.396185632549272,1.3410221747396758
UB,2011-12,0,1.4240305149396089,1.36096571357949
UB,2012-01,0,1.4297520661157055,1.364983570722347
UB,2012-02,0,1.428480610298795,1.3640942865960686
UB,2012-03,0,1.4280991735537218,1.3638272638991393
UB,2012-04,0,1.4438652256834106,1.3748671499390255
UB,2012-05,0,1.463064208518757,1.3881640854797088
UB,2012-06,0,1.4443738080101747,1.375389252769185
UB,2012-07,0,1.4676414494596344,1.3914984076987622
UB,2012-08,0,1.4661157024793419,1.3904588166045926
UB,2012-09,0,1.4606484424666273,1.3867297384673973
UB,2012-10,0,1.4640813731722855,1.3890800170189292
UB,2012-11,0,1.4720915448188208,1.39455114163899
UB,2012-12,0,1.4783216783216817,1.3987833060888086
UB,2013-01,0,1.4534011443102388,1.3819259912182489
UB,2013-02,0,1.4757787666878612,1.3973227194135074
UB,2013-03,0,1.484933248569616,1.403525872683086
UB,2013-04,0,1.485187539732998,1.4036971202214026
UB,2013-05,0,1.4774316592498449,1.3984749645840429
UB,2013-06,0,1.4621741894469205,1.3881479422088276
UB,2013-07,0,1.4717101080737482,1.3946696813392625
UB,2013-08,0,1.459758423394791,1.3865487310152884
UB,2013-09,0,1.4746344564526421,1.3967394809499631
UB,2013-10,0,1.4841703750794697,1.4032061131279248
UB,2013-11,0,1.4845518118245427,1.4034631164689682
UB,2013-12,0,1.4666242848061064,1.3913870630260081
UB,2014-01,0,1.4944691671964434,1.4103727587347208
UB,2014-02,0,1.4948506039415166,1.4106279909960786
UB,2014-03,0,1.4977749523204105,1.4125842723603723
UB,2014-04,0,1.5019707565162146,1.4153856305946675
UB,2014-05,0,1.5055308328035637,1.4177559006361473
UB,2014-06,0,1.5116338207247335,1.421809612315904
UB,2014-07,0,1.5148124602670094,1.4239123964020342
UB,2014-08,0,1.523839796567073,1.429871771926627
UB,2014-09,0,1.5289256198347143,1.4332092771414788
UB,2014-10,0,1.531087094723462,1.4346229985552001
UB,2014-11,0,1.5324856961220634,1.4355364680785352
UB,2014-12,0,1.5404958677685985,1.4407633825396648
UZ,2000-01,0,0.9978770831121963,0.9978770831121963
UZ,2000-02,0,0.9991508332448784,0.9991535430632651
UZ,2000-03,0,1.0023352085765842,1.0023406247587927
UZ,2000-04,0,0.9995754166224391,0.9995872624798559
UZ,2000-05,0,0.9953295828468314,0.9953396252280771
UZ,2000-06,0,0.996709478823904,0.996725996135617
UZ,2000-07,0,0.9947988536248806,0.9948090632282688
UZ,2000-08,0,0.9942681244029297,0.994275559173638
UZ,2000-09,0,0.9980893748009766,0.9981188387722287
UZ,2000-10,0,0.9979832289565863,0.9980124897346875
UZ,2000-11,0,1.0028659377985352,1.0029050657823368
UZ,2000-12,0,1.0102961469058487,1.0103140412268754
UZ,2001-01,0,1.0101900010614586,1.0102089771377811
UZ,2001-02,0,1.010296146905849,1.0103140522664982
UZ,2001-03,0,1.0144358348370663,1.0144115517411776
UZ,2001-04,0,1.0049888546863395,1.0050990059632139
UZ,2001-05,0,1.0101900010614588,1.0102743333818873
UZ,2001-06,0,1.0123129179492627,1.012375835956228
UZ,2001-07,0,1.0148604182146272,1.0148923505834693
UZ,2001-08,0,1.0183632310795037,1.0183438723908116
UZ,2001-09,0,1.0240951066765742,1.0239723902144513
UZ,2001-10,0,1.0307822948731562,1.0305022409607199
UZ,2001-11,0,1.0258995860312075,1.0257653446575585
UZ,2001-12,0,1.0206984396560879,1.0206955050300366
UZ,2002-01,0,1.016877189258041,1.0169517446307021
UZ,2002-02,0,1.0183632310795037,1.0184131225012658
UZ,2002-03,0,1.0108268761278,1.011012663881295
UZ,2002-04,0,1.0167710434136508,1.0168931637237817
UZ,2002-05,0,1.0149665640590175,1.0151184482002407
UZ,2002-06,0,1.0222906273219408,1.0223345117852647
UZ,2002-07,0,1.0294023988960836,1.0292912141007042
UZ,2002-08,0,1.0330113576053501,1.0327970916012197
UZ,2002-09,0,1.0421399002229068,1.0416339185638175
UZ,2002-10,0,1.0419276085341265,1.041430211087753
UZ,2002-11,0,1.0411845876233952,1.0407170896533604
UZ,2002-12,0,1.0491455259526594,1.048363129004976
UZ,2003-01,0,1.0514807345292436,1.0505889485112487
UZ,2003-02,0,1.0567880267487533,1.0556363945035767
UZ,2003-03,0,1.0546651098609494,1.0536275556124557
UZ,2003-04,0,1.0554081307716807,1.0543320644691385
UZ,2003-05,0,1.0614584439019217,1.06006474072379
UZ,2003-06,0,1.0611400063687513,1.05976474072379
UZ,2003-07,0,1.0541343806389987,1.0531627601296119
UZ,2003-08,0,1.0530729221950967,1.0521558121888204
UZ,2003-09,0,1.0609277146799712,1.0596147377003615
UZ,2003-10,0,1.0538159431058283,1.0529113860245236
UZ,2003-11,0,1.0517991720624147,1.0509976068142095
UZ,2003-12,0,1.0590170894809479,1.0578600550935515
UZ,2004-01,0,1.061246152213142,1.0599648962281611
UZ,2004-02,0,1.0677210487209439,1.06606611647221
UZ,2004-03,0,1.0712238615858203,1.0693467606714344
UZ,2004-04,0,1.0657042776775303,1.0641941645556994
UZ,2004-05,0,1.0629444857233854,1.0616045231214366
UZ,2004-06,0,1.0637936524785068,1.0624034046872441
UZ,2004-07,0,1.0663411527438713,1.064798136277745
UZ,2004-08,0,1.0712238615858203,1.0693770731680496
UZ,2004-09,0,1.0703746948306987,1.0685843660733212
UZ,2004-10,0,1.0737713618511848,1.0717577099844675
UZ,2004-11,0,1.0754696953614278,1.0733393628116719
UZ,2004-12,0,1.0739836535399652,1.0719576020536774
UZ,2005-01,0,1.0760004245833787,1.0738354435243238
UZ,2005-02,0,1.0744082369175258,1.0723557157942263
UZ,2005-03,0,1.076106570427769,1.0739364310678874
UZ,2005-04,0,1.0813077168028884,1.0787697315216258
UZ,2005-05,0,1.083961362912643,1.0812238396987142
UZ,2005-06,0,1.0871457382443488,1.0841615600277388
UZ,2005-07,0,1.0826876127799607,1.080060798457733
UZ,2005-08,0,1.083961362912643,1.0812372690459684
UZ,2005-09,0,1.0803524042033765,1.0779078526730737
UZ,2005-10,0,1.0758942787389885,1.073781305217778
UZ,2005-11,0,1.0738775076955749,1.0719067985090172
UZ,2005-12,0,1.0732406326292339,1.0713137373248718
UZ,2006-01,0,1.0718607366521613,1.0700280089102738
UZ,2006-02,0,1.0714361532746006,1.069631890867097
UZ,2006-03,0,1.0671903194989931,1.065669140718494
UZ,2006-04,0,1.0663411527438715,1.0648734375157887
UZ,2006-05,0,1.0674026111877735,1.0658688585788982
UZ,2006-06,0,1.0647489650780186,1.0633827806154934
UZ,2006-07,0,1.0667657361214322,1.0652769088180654
UZ,2006-08,0,1.067190319498993,1.0656749187683139
UZ,2006-09,0,1.066235006899481,1.0647797526652705
UZ,2006-10,0,1.065173548455579,1.0637842325059872
UZ,2006-11,0,1.06559813183314,1.064182837388897
UZ,2006-12,0,1.0606092771468012,1.0595010961796132
UZ,2007-01,0,1.0597601103916796,1.0587004556672035
UZ,2007-02,0,1.0617768814350934,1.0606035005389982
UZ,2007-03,0,1.0596539645472896,1.0586041003590523
UZ,2007-04,0,1.0580617768814367,1.0571015460166704
UZ,2007-05,0,1.0531790680394877,1.0524867787614536
UZ,2007-06,0,1.0524360471287564,1.0517812758386558
UZ,2007-07,0,1.0560450058380226,1.0552104235945807
UZ,2007-08,0,1.0601846937692403,1.0591304155535717
UZ,2007-09,0,1.059547818702899,1.0585296946885336
UZ,2007-10,0,1.0572126101263148,1.0563257275476803
UZ,2007-11,0,1.063369069100946,1.062149020720371
UZ,2007-12,0,1.0586986519477775,1.0577569264899858
UZ,2008-01,0,1.069950111453138,1.068384558332777
UZ,2008-02,0,1.075363549517038,1.0734440821423008
UZ,2008-03,0,1.0663411527438715,1.0650539923189863
UZ,2008-04,0,1.05986625623607,1.0589819238340172
UZ,2008-05,0,1.0496762551746115,1.0493675022015685
UZ,2008-06,0,1.0427767752892492,1.042794542347185
UZ,2008-07,0,1.0496762551746117,1.0494109918585857
UZ,2008-08,0,1.0524360471287568,1.0520401758003393
UZ,2008-09,0,1.0613522980575327,1.0605121879032133
UZ,2008-10,0,1.077592612249232,1.0758137180562286
UZ,2008-11,0,1.084173654601424,1.0819208890570167
UZ,2008-12,0,1.090117821887275,1.0874035599009564
UZ,2009-01,0,1.093408343063371,1.0904220603878114
UZ,2009-02,0,1.097335739305808,1.0940139446708905
UZ,2009-03,0,1.09829105190532,1.0948845192501129
UZ,2009-04,0,1.096592718395077,1.0933381773152526
UZ,2009-05,0,1.0972295934614182,1.0939189536195795
UZ,2009-06,0,1.0979726143721495,1.0945961326850724
UZ,2009-07,0,1.1007324063262947,1.097109667101159
UZ,2009-08,0,1.1024307398365378,1.0986525793480248
UZ,2009-09,0,1.1061458443901946,1.1020225003955888
UZ,2009-10,0,1.1066765736121456,1.1025023007986212
UZ,2009-11,0,1.1106039698545824,1.1060511210556707
UZ,2009-12,0,1.1099670947882414,1.105477671758146
UZ,2010-01,0,1.1161235537628726,1.1110241956177618
UZ,2010-02,0,1.121749283515553,1.1160646140675954
UZ,2010-03,0,1.1227045961150646,1.116916241622478
UZ,2010-04,0,1.1268442840462822,1.120603487533417
UZ,2010-05,0,1.1334253263984742,1.1264437286788576
UZ,2010-06,0,1.1345929306867664,1.1274738841386815
UZ,2010-07,0,1.1315147011994506,1.1247608146279695
UZ,2010-08,0,1.1374588684853013,1.1300140979300333
UZ,2010-09,0,1.1321515762657917,1.1253481778105856
UZ,2010-10,0,1.1303470969111584,1.1237543281949849
UZ,2010-11,0,1.1348052223755465,1.1276983604984876
UZ,2010-12,0,1.1348052223755465,1.1276983604984876
UZ,2011-01,0,1.124509075469698,1.1186253083985904
UZ,2011-02,0,1.1246152213140883,1.1187197014512618
UZ,2011-03,0,1.12005095000531,1.1146611832823143
UZ,2011-04,0,1.1215369918267726,1.1159879459813284
UZ,2011-05,0,1.1263135548243313,1.1202468897632705
UZ,2011-06,0,1.1285426175565252,1.1222259680782265
UZ,2011-07,0,1.137777306018472,1.1304088123220188
UZ,2011-08,0,1.1471181403248087,1.1386185333780874
UZ,2011-09,0,1.1500902239677342,1.1412094466750244
UZ,2011-10,0,1.152213140855538,1.143055316541199
UZ,2011-11,0,1.1564589746311458,1.1467402543578733
UZ,2011-12,0,1.1605986625623632,1.1503198780384607
UZ,2012-01,0,1.161129391784314,1.150777167228144
UZ,2012-02,0,1.161129391784314,1.150777167228144
UZ,2012-03,0,1.1607048084067533,1.1504115030906543
UZ,2012-04,0,1.1639953295828493,1.1532464367897857
UZ,2012-05,0,1.1665428298482141,1.1554350196823626
UZ,2012-06,0,1.163146162827728,1.1525232817387776
UZ,2012-07,0,1.1683473092028474,1.1569949006473375
UZ,2012-08,0,1.1679227258252867,1.1566314955414958
UZ,2012-09,0,1.1661182464706534,1.1550864623687247
UZ,2012-10,0,1.1663305381594338,1.1552685122503923
UZ,2012-11,0,1.1672858507589454,1.156087587605325
UZ,2012-12,0,1.1677104341365063,1.1564513231695697
UZ,2013-01,0,1.1616601210062654,1.1512699760193108
UZ,2013-02,0,1.1674981424477258,1.1562955608146321
UZ,2013-03,0,1.1688780384247985,1.157477486444235
UZ,2013-04,0,1.167922725825287,1.1566601962153937
UZ,2013-05,0,1.1670735590701653,1.1559331217811486
UZ,2013-06,0,1.1643137671160204,1.1535684105487705
UZ,2013-07,0,1.1655875172487027,1.154662402708493
UZ,2013-08,0,1.1643137671160204,1.1535696060597362
UZ,2013-09,0,1.1664366840038243,1.155392926325941
UZ,2013-10,0,1.1677104341365065,1.1564849274179418
UZ,2013-11,0,1.1678165799808966,1.1565758282451393
UZ,2013-12,0,1.1651629338711418,1.1543035141204347
UZ,2014-01,0,1.1688780384247988,1.1574919991345554
UZ,2014-02,0,1.1681350175140672,1.1568563289565676
UZ,2014-03,0,1.1672858507589459,1.1561293866576128
UZ,2014-04,0,1.1677104341365068,1.1564931222218577
UZ,2014-05,0,1.16951491349114,1.1580384362842158
UZ,2014-06,0,1.170045642713091,1.1584922391522496
UZ,2014-07,0,1.170045642713091,1.1584922391522496
UZ,2014-08,0,1.1715316845345536,1.1597623108205795
UZ,2014-09,0,1.1725931429784555,1.1606683541294496
UZ,2014-10,0,1.1724869971340652,1.1605778318156992
UZ,2014-11,0,1.1712132470013832,1.159491465710322
UZ,2014-12,0,1.1729115805116261,1.1609415291505973
US,2000-01,0,1.0140893138529135,1.0140893138529135
US,2000-02,0,1.045714743737204,1.0452753538321078
US,2000-03,0,1.0788462063789652,1.076958432645126
US,2000-04,0,1.0664219752823723,1.0654422118685858
US,2000-05,0,1.057485342239654,1.0570621960307165
US,2000-06,0,1.076492446113501,1.075036065846814
US,2000-07,0,1.090315778047434,1.0878771517121537
US,2000-08,0,1.110357695360125,1.1062589065360477
US,2000-09,0,1.0906656880449035,1.088524074420677
US,2000-10,0,1.103793692921718,1.1005607645088629
US,2000-11,0,1.1345345532078859,1.1284109510820417
US,2000-12,0,1.1562927727680525,1.1475890532373665
US,2001-01,0,1.1500761642819355,1.1422127258637764
US,2001-02,0,1.1670745655149415,1.1569929654347955
US,2001-03,0,1.15495010322974,1.1466042013888138
US,2001-04,0,1.1137266798555365,1.1109113837866291
US,2001-05,0,1.110589351234157,1.1080944191954725
US,2001-06,0,1.1189553811736568,1.1156273834996977
US,2001-07,0,1.1604368788962767,1.1526990115740097
US,2001-08,0,1.1831851622345944,1.1723022177044062
US,2001-09,0,1.185291631202412,1.1740825552500862
US,2001-10,0,1.2407644967334557,1.2208835821625679
US,2001-11,0,1.1769597475903488,1.1694598435634342
US,2001-12,0,1.152484019518761,1.148664121261377
US,2002-01,0,1.167382241896898,1.161591174587772
US,2002-02,0,1.1815547649582494,1.1737316051620132
US,2002-03,0,1.1270158913413555,1.1275730391485106
US,2002-04,0,1.1747373608267595,1.169916248194664
US,2002-05,0,1.1745154096984212,1.1697273113856892
US,2002-06,0,1.1937518331186325,1.186105490217034
US,2002-07,0,1.2304100722320646,1.2168139156170301
US,2002-08,0,1.2878955941892316,1.2635345360463504
US,2002-09,0,1.3414661498470264,1.3051299541062429
US,2002-10,0,1.299270095293416,1.2736747775753838
US,2002-11,0,1.2818984207862731,1.260304444054993
US,2002-12,0,1.3383108494743643,1.304311385457955
US,2003-01,0,1.3323728031331252,1.299874414522861
US,2003-02,0,1.3754235941777295,1.332185784841565
US,2003-03,0,1.354771535908999,1.3171707317654417
US,2003-04,0,1.3701666772100962,1.3285343756663064
US,2003-05,0,1.4479054642750362,1.3852711131435527
US,2003-06,0,1.425133637942539,1.3695436869445645
US,2003-07,0,1.2828099480113202,1.2696767789283512
US,2003-08,0,1.3042376670654021,1.2863805151967675
US,2003-09,0,1.3799850043707322,1.3444583787780005
US,2003-10,0,1.3376895660325299,1.313809177370563
US,2003-11,0,1.3439839922017003,1.3185146234837735
US,2003-12,0,1.3622880411653773,1.3321338697470355
US,2004-01,0,1.3876021514342922,1.3507159239851831
US,2004-02,0,1.4188559255020619,1.3732395083104627
US,2004-03,0,1.4393618734328661,1.387691960854965
US,2004-04,0,1.351422859492538,1.3265961269556032
US,2004-05,0,1.3444634785259169,1.3214464575403364
US,2004-06,0,1.359237695820205,1.3324353892073288
US,2004-07,0,1.3827968645763875,1.3497680226596156
US,2004-08,0,1.4377352502242908,1.3894979259124216
US,2004-09,0,1.4494406112695855,1.3976394533900767
US,2004-10,0,1.4704294601573498,1.4121201080126762
US,2004-11,0,1.4342769461250062,1.3875337439524276
US,2004-12,0,1.4652092055623323,1.4091001921344861
US,2005-01,0,1.4957344048331105,1.4299335305785092
US,2005-02,0,1.4724602680522683,1.4143731899821859
US,2005-03,0,1.4597630460536946,1.4057500561197223
US,2005-04,0,1.5052270838605084,1.4368948627578413
US,2005-05,0,1.5408769280094812,1.4605788932481378
US,2005-06,0,1.5580979992408768,1.4717550429576685
US,2005-07,0,1.5129951936348407,1.4428076945700763
US,2005-08,0,1.5536469356007492,1.4696760826105209
US,2005-09,0,1.5059310373582426,1.4389638936639013
US,2005-10,0,1.473846249511172,1.417658278034015
US,2005-11,0,1.4775315368291542,1.4201587337763997
US,2005-12,0,1.505969317188474,1.4394055516279824
US,2006-01,0,1.4882471935313233,1.4276376334805951
US,2006-02,0,1.491131479894646,1.4295756760153695
US,2006-03,0,1.4392159428124534,1.3947594724932895
US,2006-04,0,1.4087257884566757,1.3735742191558402
US,2006-05,0,1.402535598444944,1.3691800424732983
US,2006-06,0,1.4083124381771792,1.3732988967388444
US,2006-07,0,1.4297692714683388,1.3885347440618516
US,2006-08,0,1.461930259540847,1.4110285748597955
US,2006-09,0,1.4796182368705608,1.4231276317158108
US,2006-10,0,1.482909044247893,1.425351723914277
US,2006-11,0,1.5051185344827622,1.4403286979377468
US,2006-12,0,1.4664623757792588,1.4146455654681918
US,2007-01,0,1.4491906242092465,1.4028677306902388
US,2007-02,0,1.4870342800372698,1.4289813800582596
US,2007-03,0,1.464815264774221,1.4140395488164863
US,2007-04,0,1.4713986767040133,1.4185339120908935
US,2007-05,0,1.4368355843550908,1.395043954612921
US,2007-06,0,1.4187312015481621,1.3824437775265115
US,2007-07,0,1.4491794817234513,1.4039054047481185
US,2007-08,0,1.4710034778933117,1.4189649584094122
US,2007-09,0,1.468119011812476,1.4170040751591793
US,2007-10,0,1.4846009049136242,1.4282306126323234
US,2007-11,0,1.5451716374134516,1.4690299495445904
US,2007-12,0,1.5344584967564618,1.4620966481574882
US,2008-01,0,1.5731906759678902,1.487338242696083
US,2008-02,0,1.5790343706148962,1.4910527922012857
US,2008-03,0,1.581322174553154,1.49250165486117
US,2008-04,0,1.555947858917443,1.4764553892462067
US,2008-05,0,1.5228278981965027,1.455169354157612
US,2008-06,0,1.5509197223436353,1.4736164972526407
US,2008-07,0,1.5496618794713755,1.4728054669625887
US,2008-08,0,1.5854738288169166,1.4959149915756333
US,2008-09,0,1.5835733161187961,1.4947162882835465
US,2008-10,0,1.528879885440873,1.4601783037638452
US,2008-11,0,1.7357690687469858,1.595499060663236
US,2008-12,0,1.8795831560120595,1.6783522983746844
US,2009-01,0,1.725131948597921,1.5961791809363264
US,2009-02,0,1.6957702405051698,1.5791592027737198
US,2009-03,0,1.7832011930367428,1.6307174566239158
US,2009-04,0,1.6850294233512053,1.575663786814311
US,2009-05,0,1.6364354253410378,1.5468251224344791
US,2009-06,0,1.646215113236416,1.5528013361878203
US,2009-07,0,1.655125148087236,1.5582137727395071
US,2009-08,0,1.6830223381679796,1.5750688063984322
US,2009-09,0,1.705860839697735,1.5886387400896367
US,2009-10,0,1.6887319635504183,1.578597548130302
US,2009-11,0,1.7336140760507062,1.6051749526379582
US,2009-12,0,1.6298708837500917,1.5453328033766018
US,2010-01,0,1.678431454302874,1.575126924516463
US,2010-02,0,1.6835158424581957,1.5781561743212655
US,2010-03,0,1.6611643753881953,1.5648795145439724
US,2010-04,0,1.7031852053668015,1.5901755241389206
US,2010-05,0,1.7598785325274378,1.6234621725797322
US,2010-06,0,1.829376912194342,1.662952613756428
US,2010-07,0,1.8468636059096926,1.6725114387305418
US,2010-08,0,1.95750327804744,1.7324182297809023
US,2010-09,0,1.9384764052471823,1.7226982599531957
US,2010-10,0,1.8981575001150253,1.7018989842833863
US,2010-11,0,1.8664776158243488,1.6852091762517785
US,2010-12,0,1.7908652463711499,1.644698446944262
US,2011-01,0,1.7688690808240035,1.6324160233550402
US,2011-02,0,1.7878677379747479,1.6431565905098995
US,2011-03,0,1.7855463268615919,1.6418581660997216
US,2011-04,0,1.818044644705672,1.6600589360014477
US,2011-05,0,1.8739145062225455,1.6907896783292404
US,2011-06,0,1.8467086894136384,1.67627150435782
US,2011-07,0,1.9231662703296515,1.7176735843687663
US,2011-08,0,2.060364057360086,1.7890131191490415
US,2011-09,0,2.160234696694355,1.837485445667022
US,2011-10,0,2.1058027549975917,1.812288210486948
US,2011-11,0,2.1436063338202556,1.8302403091500097
US,2011-12,0,2.19572746773712,1.8545550040147034
US,2012-01,0,2.205204151905876,1.8588709695924
US,2012-02,0,2.1697295323319077,1.8427841961554332
US,2012-03,0,2.109898157679841,1.815208697107972
US,2012-04,0,2.1883969701065165,1.8524137215026077
US,2012-05,0,2.3024412108072143,1.9045268628835093
US,2012-06,0,2.275529052414263,1.8928383306132255
US,2012-07,0,2.3226254643900632,1.9135352370868355
US,2012-08,0,2.3157221552874434,1.9105630363560417
US,2012-09,0,2.284654748280473,1.8971471751586892
US,2012-10,0,2.283698830829759,1.8967287673220419
US,2012-11,0,2.3159122964160126,1.9108345964932856
US,2012-12,0,2.276365278001437,1.8937583805779523
US,2013-01,0,2.2141510288468282,1.8664278595250083
US,2013-02,0,2.2423314537277834,1.8791552771734925
US,2013-03,0,2.253053220825389,1.8839368035975994
US,2013-04,0,2.3139729647351226,1.9109755541014226
US,2013-05,0,2.198260226645361,1.8609694650704705
US,2013-06,0,2.1325233345218764,1.83106541125251
US,2013-07,0,2.104560547548952,1.8179528762006045
US,2013-08,0,2.0930406549768925,1.8124791004114136
US,2013-09,0,2.116346242322479,1.8236138995803501
US,2013-10,0,2.1391559890501823,1.8343917894508999
US,2013-11,0,2.0975526428538673,1.814943303034167
US,2013-12,0,2.0584491672609433,1.7963008743322484
US,2014-01,0,2.1431733943318645,1.8374601258787215
US,2014-02,0,2.1589829642175355,1.844836836474086
US,2014-03,0,2.161518239170953,1.8460111277933953
US,2014-04,0,2.1894055447884915,1.858912848959641
US,2014-05,0,2.24327407208255,1.8835170285837783
US,2014-06,0,2.2386844462400344,1.8814710789159987
US,2014-07,0,2.24225417519727,1.8830656444043288
US,2014-08,0,2.3097522989464365,1.9131684420691957
US,2014-09,0,2.273686588472788,1.8975539060472595
US,2014-10,0,2.3262394038554572,1.9206673886394086
US,2014-11,0,2.37553358129559,1.9418578892209197
US,2014-12,0,2.407804197050921,1.9554424649176905
TY,2000-01,0,0.9887530697067086,0.9887530697067086
TY,2000-02,0,0.9990504277729703,0.9991675588059092
TY,2000-03,0,1.0271973047229235,1.0273411886522992
TY,2000-04,0,1.015414879931629,1.0158707294356322
TY,2000-05,0,1.0151127034969698,1.0155731403017407
TY,2000-06,0,1.0329763238331056,1.0331708122396421
TY,2000-07,0,1.0372373842798488,1.0372958442935536
TY,2000-08,0,1.0503514945899293,1.0499391509356348
TY,2000-09,0,1.0518273893592918,1.051344294620358
TY,2000-10,0,1.0569110574332237,1.0561774717417758
TY,2000-11,0,1.0805137628028867,1.0785092518888995
TY,2000-12,0,1.0996857608977995,1.0962526613251475
TY,2001-01,0,1.1034546102328489,1.0996798670497834
TY,2001-02,0,1.114649634814463,1.1098252998367757
TY,2001-03,0,1.1174444877259224,1.1123326822681392
TY,2001-04,0,1.0919620810741453,1.0895285010030495
TY,2001-05,0,1.0898309926324978,1.0875768870426534
TY,2001-06,0,1.0919841521659737,1.0895525690961385
TY,2001-07,0,1.1247784624892694,1.119584424648481
TY,2001-08,0,1.136413071081128,1.1299283358984438
TY,2001-09,0,1.1607552524947506,1.1513485237096106
TY,2001-10,0,1.1899325316780716,1.176484984751343
TY,2001-11,0,1.1541263675295734,1.146394065144327
TY,2001-12,0,1.1345677560448044,1.129447384057199
TY,2002-01,0,1.1424923772718047,1.1364320891880995
TY,2002-02,0,1.1571843731242257,1.1492916899562942
TY,2002-03,0,1.1192886863256948,1.1165435059342284
TY,2002-04,0,1.1532582436429717,1.1468927426702749
TY,2002-05,0,1.1650067631149907,1.1570799835044763
TY,2002-06,0,1.186619377391504,1.1756314760457947
TY,2002-07,0,1.2239659835179957,1.2071045893608572
TY,2002-08,0,1.2522236625017114,1.2301915700157406
TY,2002-09,0,1.298433761467285,1.267094002344207
TY,2002-10,0,1.2851308531483505,1.2568486523589282
TY,2002-11,0,1.2593425600573736,1.2367819851959696
TY,2002-12,0,1.303971200883641,1.2722200321910893
TY,2003-01,0,1.293699538034014,1.264342816158506
TY,2003-02,0,1.323650834090607,1.2874944794126406
TY,2003-03,0,1.3179145315604852,1.2831607817467734
TY,2003-04,0,1.3207826742375728,1.2853370554036783
TY,2003-05,0,1.365631802694814,1.3192935338857499
TY,2003-06,0,1.35410140057309,1.3108502608900778
TY,2003-07,0,1.2755505393393345,1.2528406751969303
TY,2003-08,0,1.2856083788254042,1.2607257720048382
TY,2003-09,0,1.3430964106685108,1.3054423690572239
TY,2003-10,0,1.3158170564470162,1.2851315752789003
TY,2003-11,0,1.3156401785453438,1.2849971508915543
TY,2003-12,0,1.3319536009656192,1.2973967588438688
TY,2004-01,0,1.345857083445544,1.307835172366566
TY,2004-02,0,1.3688808219954778,1.324942292307556
TY,2004-03,0,1.3872878377652127,1.3383890551476563
TY,2004-04,0,1.32831025627492,1.2958761894792743
TY,2004-05,0,1.3203248321957233,1.2898644734351694
TY,2004-06,0,1.3319366826578756,1.2986591656040969
TY,2004-07,0,1.3488785558010377,1.3113788942246456
TY,2004-08,0,1.382888133074704,1.336592118296897
TY,2004-09,0,1.3867358887100334,1.3393745238605157
TY,2004-10,0,1.3982792071438626,1.347698616809871
TY,2004-11,0,1.3710925343321,1.3282556667374785
TY,2004-12,0,1.385793873899661,1.3389780207722646
TY,2005-01,0,1.3898560712326384,1.3419093350243232
TY,2005-02,0,1.3721920182240936,1.32920006722735
TY,2005-03,0,1.3645817340021917,1.3236539890394363
TY,2005-04,0,1.3915104240907927,1.3433880140652745
TY,2005-05,0,1.4129694682256424,1.3588094178602699
TY,2005-06,0,1.4155034185029591,1.3606027689087528
TY,2005-07,0,1.3845112600613065,1.3387079730103226
TY,2005-08,0,1.4085836760521615,1.3560949142980294
TY,2005-09,0,1.381484205523055,1.3368561065581452
TY,2005-10,0,1.3630251466340673,1.3234943476504502
TY,2005-11,0,1.366155943891886,1.3257912951906698
TY,2005-12,0,1.3771701572799768,1.3338534885569069
TY,2006-01,0,1.364975836104918,1.3249988665549726
TY,2006-02,0,1.3600626393044464,1.32139939125987
TY,2006-03,0,1.340959533932743,1.3073536371749899
TY,2006-04,0,1.3307186847319405,1.2997166809942406
TY,2006-05,0,1.324409289555946,1.2949753369007175
TY,2006-06,0,1.3236203639607227,1.2943796557910752
TY,2006-07,0,1.3384127188711619,1.3055553337371106
TY,2006-08,0,1.3551768209634103,1.3180806944542347
TY,2006-09,0,1.363853731490794,1.3244834829266758
TY,2006-10,0,1.3658257534877545,1.3259294019071552
TY,2006-11,0,1.3764665274372982,1.3337201277170703
TY,2006-12,0,1.3547991905938084,1.3179788536565742
TY,2007-01,0,1.3457383117723987,1.311290867064673
TY,2007-02,0,1.3689814386927017,1.3285625213803556
TY,2007-03,0,1.3630721743768117,1.3242459805209466
TY,2007-04,0,1.3656328504275799,1.3261245868771643
TY,2007-05,0,1.3412074000231522,1.3082387763558518
TY,2007-06,0,1.332736205812367,1.3019226807164759
TY,2007-07,0,1.3544067202060426,1.3181828485570173
TY,2007-08,0,1.3790597519075334,1.3363849375851493
TY,2007-09,0,1.3820237707204854,1.338534241709827
TY,2007-10,0,1.3913110456986195,1.3452542961509255
TY,2007-11,0,1.4399508712954285,1.3802140024992535
TY,2007-12,0,1.4423358717608108,1.3818703093309141
TY,2008-01,0,1.4846698404266963,1.4112212874870658
TY,2008-02,0,1.5085411776066289,1.427299836757705
TY,2008-03,0,1.5300458238806258,1.4415550964703465
TY,2008-04,0,1.4896492505026528,1.4151528980868264
TY,2008-05,0,1.4640550456121904,1.3979715348351573
TY,2008-06,0,1.4837955675510874,1.4114549909374807
TY,2008-07,0,1.495599187460916,1.4194100085746542
TY,2008-08,0,1.520416592974701,1.4360036291929679
TY,2008-09,0,1.5088982827196284,1.4284278698199813
TY,2008-10,0,1.4885355621025338,1.4149327781691425
TY,2008-11,0,1.6182818924314104,1.502096520596372
TY,2008-12,0,1.6822439509020095,1.5416211910321875
TY,2009-01,0,1.6410657517062663,1.5171430532605141
TY,2009-02,0,1.6302442524429341,1.5105488633250528
TY,2009-03,0,1.6852082273541662,1.5442640411757753
TY,2009-04,0,1.6425527936651985,1.518952371676073
TY,2009-05,0,1.6097582600545928,1.4989867829065164
TY,2009-06,0,1.5996542687990738,1.4927100694978979
TY,2009-07,0,1.6136278806703874,1.5014454644790922
TY,2009-08,0,1.6326786681076868,1.5132516483369125
TY,2009-09,0,1.6481305793809358,1.5227157955540485
TY,2009-10,0,1.652047966305193,1.525092662395345
TY,2009-11,0,1.6880622342269156,1.5468924337435512
TY,2009-12,0,1.6249468297092329,1.509503169747258
TY,2010-01,0,1.6629919987740538,1.532916347562823
TY,2010-02,0,1.6734711127109214,1.5392177091716537
TY,2010-03,0,1.65588842216307,1.5287109902840066
TY,2010-04,0,1.6794803753899434,1.5429582988049853
TY,2010-05,0,1.7197060309198353,1.566909549512843
TY,2010-06,0,1.7580362863521022,1.5891983911771153
TY,2010-07,0,1.7761927222318106,1.599526070998436
TY,2010-08,0,1.814832041653463,1.621280083914952
TY,2010-09,0,1.8209266172609766,1.6246382875765761
TY,2010-10,0,1.8243125116828696,1.6264977224323234
TY,2010-11,0,1.8055344439312133,1.616204492718992
TY,2010-12,0,1.7521162698934232,1.5866186965480356
TY,2011-01,0,1.75734443920903,1.5896026134292622
TY,2011-02,0,1.7510678329157598,1.5860309708114408
TY,2011-03,0,1.7508380015696463,1.5858997187024173
TY,2011-04,0,1.7818649241279216,1.6036209028042356
TY,2011-05,0,1.8238574521444249,1.6271875196941523
TY,2011-06,0,1.8196737693386833,1.6248936546770025
TY,2011-07,0,1.8696456411491638,1.6523556495974665
TY,2011-08,0,1.9332920400667495,1.6863976078791791
TY,2011-09,0,1.9492116180235035,1.6946320482155726
TY,2011-10,0,1.9337602563805567,1.6867050681483111
TY,2011-11,0,1.947715146469697,1.69392152119263
TY,2011-12,0,1.9745379983732032,1.7076929661352458
TY,2012-01,0,1.9914787379038668,1.716272562752085
TY,2012-02,0,1.9761860648347744,1.7085935086010031
TY,2012-03,0,1.954021467151188,1.6973776630498203
TY,2012-04,0,1.9962285227450736,1.718977761259294
TY,2012-05,0,2.036443099789184,1.7391230385088194
TY,2012-06,0,2.0278905946455463,1.7349233114727323
TY,2012-07,0,2.0473712788590115,1.7445296897778055
TY,2012-08,0,2.049646593727183,1.745641024537488
TY,2012-09,0,2.0460540898394504,1.7438882814554724
TY,2012-10,0,2.0391085662922834,1.7404936871572776
TY,2012-11,0,2.056160004801028,1.7488558895385609
TY,2012-12,0,2.0429378921365373,1.7424254013306306
TY,2013-01,0,2.019859276436104,1.7311286233966245
TY,2013-02,0,2.042088386976428,1.7421339002491512
TY,2013-03,0,2.0488799796870456,1.7454597076695997
TY,2013-04,0,2.070225009886053,1.7558776093576562
TY,2013-05,0,2.020619209032879,1.7319160589869047
TY,2013-06,0,1.9790828913432663,1.7113598267666374
TY,2013-07,0,1.9771282514046176,1.7103721774128895
TY,2013-08,0,1.962815191293767,1.7031328594269763
TY,2013-09,0,1.9961292457717144,1.7201054478936413
TY,2013-10,0,2.0114290296828434,1.7277701739846685
TY,2013-11,0,2.000586404004765,1.7223796652875814
TY,2013-12,0,1.9634369262213975,1.7038103709501802
TY,2014-01,0,2.0065702119304105,1.725778627293419
TY,2014-02,0,2.0121526866796646,1.7285607251816777
TY,2014-03,0,1.9954899398503574,1.720279670299703
TY,2014-04,0,2.010385419146273,1.7277442427831065
TY,2014-05,0,2.041242025014611,1.743092844884211
TY,2014-06,0,2.0356516665057076,1.7403541404873801
TY,2014-07,0,2.0265038086889526,1.7358603177144212
TY,2014-08,0,2.0560244178758205,1.7504275783631766
TY,2014-09,0,2.037379721352217,1.741359253900928
TY,2014-10,0,2.065474469303182,1.7551489012879742
TY,2014-11,0,2.0883026081692706,1.7662011506405357
TY,2014-12,0,2.084193297213815,1.7642333750224903
TU,2000-01,0,0.9931555341234302,0.9931555341234302
TU,2000-02,0,0.9955125395510495,0.995528783173187
TU,2000-03,0,0.9982701912397496,0.9982988654967545
TU,2000-04,0,0.994567058608521,0.9945893160544039
TU,2000-05,0,0.994015429254096,0.9940346733587201
TU,2000-06,0,1.0015888800246724,1.0016537208580727
TU,2000-07,0,1.0032455725976241,1.0033077853210397
TU,2000-08,0,1.0067162589342158,1.006767243734203
TU,2000-09,0,1.0093972606041657,1.0094303592309053
TU,2000-10,0,1.0099492311959974,1.0099771911011457
TU,2000-11,0,1.0157757951416604,1.0157463562885511
TU,2000-12,0,1.023252258144035,1.0231067039539843
TU,2001-01,0,1.0306500202330073,1.0303363602094127
TU,2001-02,0,1.033166392783548,1.0327778995303663
TU,2001-03,0,1.036626269413131,1.0361267082544492
TU,2001-04,0,1.0341886290078912,1.0337751950069414
TU,2001-05,0,1.0350588190976127,1.0346166179981766
TU,2001-06,0,1.0353742658969791,1.0349213801948232
TU,2001-07,0,1.0456262764657565,1.0448231238506747
TU,2001-08,0,1.0502109490898814,1.0492077426454713
TU,2001-09,0,1.064849965598701,1.0631468627065463
TU,2001-10,0,1.0746620633131265,1.0723613981166207
TU,2001-11,0,1.0689401516748456,1.067037015844634
TU,2001-12,0,1.065514572296499,1.0638323655440731
TU,2002-01,0,1.0675061876492242,1.0657015237935308
TU,2002-02,0,1.072203404997095,1.0701017018929333
TU,2002-03,0,1.0612076819591765,1.059846443434816
TU,2002-04,0,1.074129663554133,1.0720231189476623
TU,2002-05,0,1.077273083552973,1.0749495998982384
TU,2002-06,0,1.0865724691716787,1.0835819381239695
TU,2002-07,0,1.1024218547627964,1.0981685267232555
TU,2002-08,0,1.1056624799963886,1.1011080776942306
TU,2002-09,0,1.1171146514436814,1.1114658239816237
TU,2002-10,0,1.1184954101955125,1.1127018284956158
TU,2002-11,0,1.1115962376005621,1.106533566621618
TU,2002-12,0,1.1243319174521915,1.1179906761554899
TU,2003-01,0,1.1236788052496895,1.1174097870138011
TU,2003-02,0,1.1292363087053225,1.1223555984233151
TU,2003-03,0,1.1303015477833582,1.1232989254044117
TU,2003-04,0,1.132268145228841,1.125038812825905
TU,2003-05,0,1.1370253035298932,1.1292402542610438
TU,2003-06,0,1.1374361383302283,1.1296015784981206
TU,2003-07,0,1.1287264491229774,1.1219442789682879
TU,2003-08,0,1.1281662217426356,1.1214479431370712
TU,2003-09,0,1.141652916543914,1.1334024712388309
TU,2003-10,0,1.1356956031480312,1.1281843236656461
TU,2003-11,0,1.1339393918663818,1.1266379486715181
TU,2003-12,0,1.1407678438763034,1.1326598331380966
TU,2004-01,0,1.1431827844751936,1.1347767762232772
TU,2004-02,0,1.1492647929599817,1.1400970177169243
TU,2004-03,0,1.1526966834952508,1.1430831794407426
TU,2004-04,0,1.1386343026807293,1.1308836294499496
TU,2004-05,0,1.136553256522444,1.1290559608531177
TU,2004-06,0,1.136553256522444,1.1290559608531177
TU,2004-07,0,1.139674033395046,1.1318017863168097
TU,2004-08,0,1.1480358455251674,1.1391388071535589
TU,2004-09,0,1.145662995114498,1.137071928824003
TU,2004-10,0,1.148544313552935,1.1395869078804304
TU,2004-11,0,1.1399844668963734,1.1321341291277478
TU,2004-12,0,1.1408349473448194,1.1328801747741077
TU,2005-01,0,1.1379433131260612,1.130345509943329
TU,2005-02,0,1.1330061168123882,1.1260068084836667
TU,2005-03,0,1.1302745426019976,1.1235958998664428
TU,2005-04,0,1.1347133518506192,1.1275230955001718
TU,2005-05,0,1.137018765652525,1.1295548102042825
TU,2005-06,0,1.1368477085457591,1.1294043666830906
TU,2005-07,0,1.1302619977895305,1.1236114089221492
TU,2005-08,0,1.1351422710767836,1.127929233724538
TU,2005-09,0,1.1285475863551218,1.1221196670387636
TU,2005-10,0,1.1247791952508486,1.1187805157705004
TU,2005-11,0,1.125034569229019,1.119007559424267
TU,2005-12,0,1.125548831352282,1.1194646672655089
TU,2006-01,0,1.1236632020246682,1.1177893696017476
TU,2006-02,0,1.1215209101138965,1.1158828446689104
TU,2006-03,0,1.1186913845734063,1.1133599086139752
TU,2006-04,0,1.118005438391938,1.1127467402362372
TU,2006-05,0,1.1148333764289207,1.1099094893123242
TU,2006-06,0,1.112433304527076,1.107756636740281
TU,2006-07,0,1.1162048465828625,1.1111469901578188
TU,2006-08,0,1.1198889138753094,1.1144475198981485
TU,2006-09,0,1.1207452289050448,1.1152121627293485
TU,2006-10,0,1.1202314398872038,1.114753727569787
TU,2006-11,0,1.1209985138162428,1.1154384735086407
TU,2006-12,0,1.1157011119227866,1.110712863413564
TU,2007-01,0,1.1133087369487573,1.1085685839569392
TU,2007-02,0,1.11902736576751,1.1137051903887056
TU,2007-03,0,1.1186861202634446,1.113400242078678
TU,2007-04,0,1.1177476965731856,1.1125613797085627
TU,2007-05,0,1.1109253625451119,1.1064577357028629
TU,2007-06,0,1.1108401885316108,1.1063810662735991
TU,2007-07,0,1.1171430701576257,1.112055043224637
TU,2007-08,0,1.1225919213094258,1.1169325305379059
TU,2007-09,0,1.1274416810320798,1.1212526754014078
TU,2007-10,0,1.127782015027411,1.121554539347949
TU,2007-11,0,1.1430158534492108,1.1350623256211936
TU,2007-12,0,1.1437774652662653,1.1357286434283844
TU,2008-01,0,1.1599277123602627,1.1498487389753251
TU,2008-02,0,1.171593498424279,1.1599060778419674
TU,2008-03,0,1.1701455101196025,1.1586701642707296
TU,2008-04,0,1.159413355384568,1.1494985231011303
TU,2008-05,0,1.153433500655301,1.1443408675492988
TU,2008-06,0,1.1565994538903661,1.1470856753195484
TU,2008-07,0,1.1609633343448527,1.1508587018758105
TU,2008-08,0,1.1666134033632414,1.1557254094205214
TU,2008-09,0,1.172967693850528,1.1611721927927745
TU,2008-10,0,1.180610016740451,1.1676875665153323
TU,2008-11,0,1.1980536565562152,1.1824626739330422
TU,2008-12,0,1.2049608557490181,1.1882280243870924
TU,2009-01,0,1.2025433367834162,1.186221719407086
TU,2009-02,0,1.2024641685482766,1.1861558854094927
TU,2009-03,0,1.2095767799359312,1.1920709152072133
TU,2009-04,0,1.2076685202061859,1.1904932892462996
TU,2009-05,0,1.2092322608662331,1.1917881318573997
TU,2009-06,0,1.20592072881296,1.1890495909166372
TU,2009-07,0,1.2079250833099642,1.190711685653973
TU,2009-08,0,1.2142187503692554,1.195921998070075
TU,2009-09,0,1.2177265321038204,1.198810918813144
TU,2009-10,0,1.2213220141654344,1.2017635374568407
TU,2009-11,0,1.2290501449607194,1.2080912141102136
TU,2009-12,0,1.2198840478298882,1.2006333433565965
TU,2010-01,0,1.2294026871580592,1.2084362483499884
TU,2010-02,0,1.2326765685796126,1.2110992337621331
TU,2010-03,0,1.2299306010910724,1.2088715873879474
TU,2010-04,0,1.2334737928578414,1.2117523936412642
TU,2010-05,0,1.2404759960149383,1.2174292091501477
TU,2010-06,0,1.244385526380919,1.2205808464075716
TU,2010-07,0,1.2460737261555292,1.2219374997427481
TU,2010-08,0,1.2477621630612192,1.2232925053658097
TU,2010-09,0,1.249719437206703,1.2248611329483947
TU,2010-10,0,1.2525663808925263,1.2271391992095602
TU,2010-11,0,1.2498971721560115,1.2250082073697401
TU,2010-12,0,1.2472264515642737,1.2228714551222488
TU,2011-01,0,1.2488288839193162,1.224156251762853
TU,2011-02,0,1.2481236040360886,1.2235914987431966
TU,2011-03,0,1.2471408935140975,1.22280414842083
TU,2011-04,0,1.2528584454107288,1.227388676060302
TU,2011-05,0,1.257691280914737,1.2312461234213437
TU,2011-06,0,1.2585878388237481,1.2319589835028408
TU,2011-07,0,1.2619051082924055,1.2345946910524686
TU,2011-08,0,1.2656708088264803,1.237578830279205
TU,2011-09,0,1.2639667513447128,1.236232463222397
TU,2011-10,0,1.264415183566867,1.2365872448823396
TU,2011-11,0,1.2651325397840885,1.2371545871814076
TU,2011-12,0,1.2654014938543168,1.2373671768206513
TU,2012-01,0,1.2665669306456528,1.2382881784134232
TU,2012-02,0,1.2645945657096251,1.2367309255842953
TU,2012-03,0,1.2640562503977546,1.2363052434514858
TU,2012-04,0,1.266388953938317,1.2381506546345946
TU,2012-05,0,1.2667486725318347,1.2384347052751177
TU,2012-06,0,1.2654914440347778,1.2374422207165634
TU,2012-07,0,1.2679161058511854,1.2393582050780831
TU,2012-08,0,1.2678263916450672,1.2392874478681193
TU,2012-09,0,1.2675569609992066,1.239074934035282
TU,2012-10,0,1.2663894559621636,1.2381538669172232
TU,2012-11,0,1.2673774863174914,1.238934061628002
TU,2012-12,0,1.267467308100148,1.2390049337901055
TU,2013-01,0,1.2671978311848082,1.2387923232449516
TU,2013-02,0,1.268096437674998,1.2395014520550518
TU,2013-03,0,1.2680065707795993,1.2394305844989821
TU,2013-04,0,1.268995159838885,1.2402102248274054
TU,2013-05,0,1.2667477482989942,1.2384392081907651
TU,2013-06,0,1.2659385494796254,1.2378004079083447
TU,2013-07,0,1.2677367572538008,1.2392208621435954
TU,2013-08,0,1.2668391605949882,1.2385128313527576
TU,2013-09,0,1.2698116981543448,1.2408592519970014
TU,2013-10,0,1.2707124654291992,1.2415686227455647
TU,2013-11,0,1.2718842874086238,1.2424907998794994
TU,2013-12,0,1.2690877415959583,1.240292057556514
TU,2014-01,0,1.2713430212607362,1.2420691448223178
TU,2014-02,0,1.2719750496184392,1.2425662792283227
TU,2014-03,0,1.2701672397706545,1.241145017193091
TU,2014-04,0,1.2719750496184392,1.2425683020891107
TU,2014-05,0,1.2743260966939127,1.2444166457937917
TU,2014-06,0,1.2733294613722463,1.243634557657755
TU,2014-07,0,1.2723328387746866,1.2428518673739022
TU,2014-08,0,1.274238429912236,1.2443495817136379
TU,2014-09,0,1.2730568057437057,1.243422263763722
TU,2014-10,0,1.2772379148161053,1.2467065705232752
TU,2014-11,0,1.2792426811114717,1.2482761812215726
TU,2014-12,0,1.2760502686748958,1.2457806325006668
FB,2000-01,0,0.9882034171115459,0.9882034171115459
FB,2000-02,0,0.9953979070970652,0.9954837906266955
FB,2000-03,0,1.0098146793028304,1.0099672169057499
FB,2000-04,0,1.000363696698211,1.0006080911192794
FB,2000-05,0,1.0018168022143614,1.0020606683378914
FB,2000-06,0,1.0164125938384485,1.0166299903854208
FB,2000-07,0,1.0183373193967096,1.0185236363023729
FB,2000-08,0,1.026836494715872,1.0268697659759838
FB,2000-09,0,1.0318071380897313,1.031710500990213
FB,2000-10,0,1.0332502144249125,1.033109092143452
FB,2000-11,0,1.0475174992029652,1.0469172526246897
FB,2000-12,0,1.0624247948487906,1.0611483233773673
FB,2001-01,0,1.0678747628979546,1.0662780681607988
FB,2001-02,0,1.0750596622964246,1.0730062910274687
FB,2001-03,0,1.079696301780453,1.0773192046699769
FB,2001-04,0,1.0654666191211366,1.0641398665210444
FB,2001-05,0,1.0634052276974226,1.0622051354025657
FB,2001-06,0,1.0634052276974226,1.0622051354025657
FB,2001-07,0,1.084789093561016,1.0823139944777609
FB,2001-08,0,1.0934848028157031,1.0903300312413142
FB,2001-09,0,1.1167092573039157,1.1115689679219247
FB,2001-10,0,1.133966319875815,1.1270224643974203
FB,2001-11,0,1.1152448360646308,1.1105127290701537
FB,2001-12,0,1.104320660342328,1.100717412948493
FB,2002-01,0,1.1069294169781259,1.103079731004726
FB,2002-02,0,1.1198245899172434,1.1147292298267202
FB,2002-03,0,1.0920263610735266,1.0899054948471454
FB,2002-04,0,1.1163703704017758,1.1121980055373797
FB,2002-05,0,1.1283107682365778,1.1228937371255485
FB,2002-06,0,1.1447958177906001,1.1375041175438674
FB,2002-07,0,1.1757677560983888,1.1645586698286259
FB,2002-08,0,1.1931159877264461,1.179313481344826
FB,2002-09,0,1.2264863330260298,1.2072825519489112
FB,2002-10,0,1.2206171861477828,1.2024972178443178
FB,2002-11,0,1.199466286754664,1.1851691811484966
FB,2002-12,0,1.2298389741896396,1.2104910161766018
FB,2003-01,0,1.2220336983112132,1.2041444325650608
FB,2003-02,0,1.242803137952364,1.2211402320015683
FB,2003-03,0,1.24058293167024,1.2193537815056497
FB,2003-04,0,1.2433155033696368,1.221556432879966
FB,2003-05,0,1.2727328601479984,1.2452168446568919
FB,2003-06,0,1.2665445338544143,1.2403546096291387
FB,2003-07,0,1.224773316752924,1.207374152973288
FB,2003-08,0,1.2244610671215221,1.207119208138084
FB,2003-09,0,1.264690129521317,1.2399737132587454
FB,2003-10,0,1.246230047686417,1.2253771876719701
FB,2003-11,0,1.2440325313297511,1.2236138564469323
FB,2003-12,0,1.258121235283402,1.2349388850123761
FB,2004-01,0,1.266046130343593,1.2412378765864323
FB,2004-02,0,1.2820993841834352,1.2539177098524488
FB,2004-03,0,1.2952875086214777,1.2642040609736935
FB,2004-04,0,1.253940967392867,1.2322833167733467
FB,2004-05,0,1.249730421902059,1.2289254669221195
FB,2004-06,0,1.2556875361008486,1.2336921862836623
FB,2004-07,0,1.2650745132327517,1.2411677539404469
FB,2004-08,0,1.2886011296922077,1.2597647742845974
FB,2004-09,0,1.2895107734821616,1.2604706900012561
FB,2004-10,0,1.296787923801792,1.2661140320107063
FB,2004-11,0,1.276555981009527,1.2505124502709943
FB,2004-12,0,1.2848036519551989,1.2569733270898467
FB,2005-01,0,1.2815045777290113,1.2544055617965528
FB,2005-02,0,1.2679189702411253,1.2438042672526337
FB,2005-03,0,1.2622101148208187,1.2393017276154037
FB,2005-04,0,1.2782317460390333,1.2519950431181788
FB,2005-05,0,1.285973294220893,1.2580514943101075
FB,2005-06,0,1.287451224152912,1.2592007638467773
FB,2005-07,0,1.267499323578528,1.2437035549427962
FB,2005-08,0,1.28396142005074,1.256691409189325
FB,2005-09,0,1.2660052095308634,1.242706401353835
FB,2005-10,0,1.2545280399745038,1.233640743906333
FB,2005-11,0,1.2567428369316154,1.2354061862771202
FB,2005-12,0,1.261562209262488,1.239240998133012
FB,2006-01,0,1.2543331580760777,1.233510760548742
FB,2006-02,0,1.2485880016989974,1.2289305129964154
FB,2006-03,0,1.2396854076922752,1.22180038360657
FB,2006-04,0,1.236346947732077,1.2191073939662282
FB,2006-05,0,1.2304101842911728,1.2143055351904255
FB,2006-06,0,1.227997976210697,1.2123450442002883
FB,2006-07,0,1.2376468085326011,1.220202412460518
FB,2006-08,0,1.2472934771245001,1.227996775541643
FB,2006-09,0,1.2521142821955111,1.2318617881945793
FB,2006-10,0,1.2526705362443729,1.2323060400146977
FB,2006-11,0,1.257855301169947,1.2364450093410766
FB,2006-12,0,1.244895347908854,1.22614179461595
FB,2007-01,0,1.238600516391711,1.2210852800039251
FB,2007-02,0,1.2539576047222312,1.2334840220739336
FB,2007-03,0,1.2521083757973892,1.2320093080023589
FB,2007-04,0,1.2524782274302764,1.2323046910858333
FB,2007-05,0,1.2349134912235398,1.2182807058204173
FB,2007-06,0,1.2306640863114253,1.2148396510887984
FB,2007-07,0,1.2471074255836616,1.2282010057063046
FB,2007-08,0,1.2628188100827087,1.240799266430872
FB,2007-09,0,1.2667021206498499,1.243874379452737
FB,2007-10,0,1.2704005200203448,1.246794086706876
FB,2007-11,0,1.306656316240019,1.2753329574396224
FB,2007-12,0,1.3086959387855068,1.2768939054258202
FB,2008-01,0,1.3409590537342044,1.3015467785589319
FB,2008-02,0,1.3635433365368739,1.3183886670116616
FB,2008-03,0,1.3633568610219131,1.3182519089710742
FB,2008-04,0,1.3365037143568812,1.2985555642848385
FB,2008-05,0,1.321394665507884,1.2872506582926637
FB,2008-06,0,1.3288129699707483,1.2928646543655273
FB,2008-07,0,1.3382032073174563,1.2999312901968398
FB,2008-08,0,1.3523820277018572,1.3105267067276545
FB,2008-09,0,1.3559687464405383,1.3131788557988575
FB,2008-10,0,1.368333498512679,1.3222976146969505
FB,2008-11,0,1.4399528593406952,1.3746381887645032
FB,2008-12,0,1.4688695173000546,1.394719858641251
FB,2009-01,0,1.4579775636110694,1.3873046637851376
FB,2009-02,0,1.4530971536263384,1.3839572803229099
FB,2009-03,0,1.4802642165796684,1.4026532518107981
FB,2009-04,0,1.460010636487353,1.3889708430452106
FB,2009-05,0,1.4485804695794133,1.3811420186364791
FB,2009-06,0,1.439171548131716,1.374646748511493
FB,2009-07,0,1.447502361864811,1.3804353660977078
FB,2009-08,0,1.4624878295669668,1.3907880039219735
FB,2009-09,0,1.4731947551009266,1.3981090395692446
FB,2009-10,0,1.477755123102278,1.4012046031297047
FB,2009-11,0,1.5031024745015775,1.4183572091352836
FB,2009-12,0,1.466150805168528,1.3937736095737816
FB,2010-01,0,1.4927880612863687,1.4119417652805057
FB,2010-02,0,1.5009746945781823,1.417425888247539
FB,2010-03,0,1.4868145582947707,1.407991927545496
FB,2010-04,0,1.4999632677592079,1.4168354712080744
FB,2010-05,0,1.5213751012950962,1.431110376464838
FB,2010-06,0,1.5432778530055722,1.4455070572648794
FB,2010-07,0,1.5625318921741438,1.457983125090951
FB,2010-08,0,1.5793877582676772,1.4687706592065455
FB,2010-09,0,1.5865663272939028,1.4733158185498718
FB,2010-10,0,1.5958984509462188,1.4791977810570638
FB,2010-11,0,1.5828606765039317,1.471028229645721
FB,2010-12,0,1.5546929615222609,1.4532327815688348
FB,2011-01,0,1.563875846283419,1.4591393399623112
FB,2011-02,0,1.5572155052131964,1.4548804717880564
FB,2011-03,0,1.5552388355150175,1.453611110102688
FB,2011-04,0,1.577606628358805,1.4679933338055706
FB,2011-05,0,1.6021554171882741,1.4835541132725072
FB,2011-06,0,1.6028908368534307,1.484013132202423
FB,2011-07,0,1.6331479401707054,1.5028897160730197
FB,2011-08,0,1.6608976020476878,1.5198812336167897
FB,2011-09,0,1.6600505309903122,1.5193712256209138
FB,2011-10,0,1.6617446731050638,1.5203917620944276
FB,2011-11,0,1.6667098925341137,1.5233797177710189
FB,2011-12,0,1.675097591898625,1.5284122068695019
FB,2012-01,0,1.6858210962827587,1.5348139260505191
FB,2012-02,0,1.6764786802931213,1.5292721660083433
FB,2012-03,0,1.6678655436537615,1.5241345303553482
FB,2012-04,0,1.6849854871464907,1.534399112867932
FB,2012-05,0,1.6943544673078792,1.5399593863734649
FB,2012-06,0,1.691369952641072,1.5381979399203214
FB,2012-07,0,1.7024553116289527,1.5447520110568997
FB,2012-08,0,1.7056753073713753,1.5466433944726217
FB,2012-09,0,1.7052477513984212,1.5463927277888125
FB,2012-10,0,1.700010033566913,1.5433211988410611
FB,2012-11,0,1.7087834470444159,1.5484819998388615
FB,2012-12,0,1.704608895494638,1.546039003590859
FB,2013-01,0,1.6952964354697324,1.5405758970392516
FB,2013-02,0,1.7049504139602971,1.5462704636581508
FB,2013-03,0,1.7059173088766002,1.5468375739438143
FB,2013-04,0,1.7139747323995997,1.5515607943959857
FB,2013-05,0,1.6900852379505835,1.5376227275170355
FB,2013-06,0,1.6712094275587703,1.5264541722465912
FB,2013-07,0,1.6756317554337194,1.5291003563824772
FB,2013-08,0,1.665316845145401,1.5229445227663683
FB,2013-09,0,1.684340944141546,1.5343682341469398
FB,2013-10,0,1.6932551024079572,1.5396606057997317
FB,2013-11,0,1.6947880904967259,1.5405659555527538
FB,2013-12,0,1.6722317899861485,1.5272567397062073
FB,2014-01,0,1.6906272230772499,1.538257267983004
FB,2014-02,0,1.6944928729292152,1.54054378614573
FB,2014-03,0,1.6816809158765071,1.5329828472610711
FB,2014-04,0,1.6887495878861933,1.5371861844952346
FB,2014-05,0,1.7036746319659788,1.5460241106074577
FB,2014-06,0,1.6994512941525062,1.5435451526337753
FB,2014-07,0,1.6905600451085132,1.538313317467574
FB,2014-08,0,1.7033749407404846,1.5458935839414272
FB,2014-09,0,1.6950881910765463,1.541028683404417
FB,2014-10,0,1.7118856510797413,1.5509381737139014
FB,2014-11,0,1.723585524008849,1.5577726681333903
FB,2014-12,0,1.7154718873651105,1.5530652506419351
GS,2000-01,0,0.9830356143404784,0.9830356143404784
GS,2000-02,0,1.0048733876371045,1.0052502452023289
GS,2000-03,0,1.0212488785854845,1.0215463190658092
GS,2000-04,0,1.0229571599376386,1.0232190566207526
GS,2000-05,0,1.0257004683578597,1.0259007998331353
GS,2000-06,0,1.0251602426311102,1.0253741102747165
GS,2000-07,0,1.021915643671653,1.0222091426681599
GS,2000-08,0,1.0130789784055716,1.0135619854191211
GS,2000-09,0,1.0234714288727127,1.0238202680295225
GS,2000-10,0,1.0266332905587037,1.0269096182515152
GS,2000-11,0,1.04691527865427,1.0466654437074856
GS,2000-12,0,1.0463718083285611,1.046146327847024
GS,2001-01,0,1.0488182359439917,1.0484843377168984
GS,2001-02,0,1.043779373759955,1.0436800141350326
GS,2001-03,0,1.0440486754735898,1.0439380204919362
GS,2001-04,0,1.0178485388759737,1.0188432742285671
GS,2001-05,0,1.0103810943707832,1.0115067755060392
GS,2001-06,0,1.0066060034814548,1.0077704715407723
GS,2001-07,0,1.0295258505310598,1.0305399036426417
GS,2001-08,0,1.0412193851809435,1.0418980785188252
GS,2001-09,0,1.0375124308697639,1.038337873662924
GS,2001-10,0,1.066987990116952,1.0667477108563714
GS,2001-11,0,1.0553415021519805,1.0558324165204955
GS,2001-12,0,1.0242047082375503,1.0263284181929986
GS,2002-01,0,1.0419072401603484,1.0436125917380126
GS,2002-02,0,1.0360020700541364,1.0379449373839615
GS,2002-03,0,1.0151425433437866,1.0178102993235765
GS,2002-04,0,1.0240165214979018,1.026551907300014
GS,2002-05,0,1.020818969223357,1.0234293480371346
GS,2002-06,0,1.0385993715211819,1.0408471300669417
GS,2002-07,0,1.0513133325438144,1.0530885788596664
GS,2002-08,0,1.067667733598958,1.0686447413745768
GS,2002-09,0,1.088848475606294,1.0884830687312899
GS,2002-10,0,1.0743370067601221,1.0751557149522515
GS,2002-11,0,1.0662027971687633,1.0675843388010293
GS,2002-12,0,1.091413331083745,1.0912294970972998
GS,2003-01,0,1.0998476660788536,1.09895739885083
GS,2003-02,0,1.1084685655141313,1.1067956656410054
GS,2003-03,0,1.0995264507818676,1.098728576496158
GS,2003-04,0,1.0955128818690192,1.0950783060456433
GS,2003-05,0,1.1177838091267327,1.1154075304904691
GS,2003-06,0,1.107962408076456,1.1066210362058995
GS,2003-07,0,1.0818612317471032,1.0830632185948603
GS,2003-08,0,1.0767672113807558,1.0783546476461434
GS,2003-09,0,1.0845526265839731,1.0855850082300564
GS,2003-10,0,1.0492903250925931,1.053071785148899
GS,2003-11,0,1.0488847502226613,1.0526852621244958
GS,2003-12,0,1.0708977318630981,1.073672297769512
GS,2004-01,0,1.0646794579572987,1.0678656985763457
GS,2004-02,0,1.075840878377831,1.0783490608100332
GS,2004-03,0,1.0785176725193832,1.0808371556531928
GS,2004-04,0,1.0599812786640048,1.0636502385282485
GS,2004-05,0,1.0481855391468984,1.0525219858368673
GS,2004-06,0,1.0526614634114695,1.0567921499417967
GS,2004-07,0,1.0537565155602862,1.0578324199496565
GS,2004-08,0,1.0670934395831349,1.0704889718436745
GS,2004-09,0,1.0736751085723935,1.0766568187679606
GS,2004-10,0,1.0804546980981793,1.0829711958748307
GS,2004-11,0,1.0908049687788477,1.0925507466869906
GS,2004-12,0,1.0965057291506137,1.0977769425101982
GS,2005-01,0,1.0908049687788477,1.092577917808173
GS,2005-02,0,1.0804903886867334,1.0831219835327166
GS,2005-03,0,1.0838388148128932,1.0862209709565933
GS,2005-04,0,1.097626738091106,1.0989423489786498
GS,2005-05,0,1.115749445579154,1.1154531598573691
GS,2005-06,0,1.1264047085620108,1.125003030596786
GS,2005-07,0,1.1141693258858982,1.1141406979173243
GS,2005-08,0,1.1267113231636798,1.1253975122869078
GS,2005-09,0,1.1149415404382492,1.1149513736145968
GS,2005-10,0,1.1105905332336174,1.111048920394564
GS,2005-11,0,1.118116380520078,1.1178253578494628
GS,2005-12,0,1.1275743864868955,1.1262842321952786
GS,2006-01,0,1.1239307018554252,1.1230527960477952
GS,2006-02,0,1.1202805280260357,1.1198051102043853
GS,2006-03,0,1.102894344501785,1.1042856192471644
GS,2006-04,0,1.0836327827789678,1.0868210617228276
GS,2006-05,0,1.087476010246445,1.0903676759712644
GS,2006-06,0,1.0784641366365528,1.0820807128337053
GS,2006-07,0,1.0866843281003373,1.0897028406213023
GS,2006-08,0,1.0930258967665962,1.0955385451605817
GS,2006-09,0,1.091736168680212,1.0943585840176668
GS,2006-10,0,1.0914392878754218,1.0940866494483934
GS,2006-11,0,1.0914392878754218,1.0940866494483934
GS,2006-12,0,1.0736669970749955,1.0778032968168223
GS,2007-01,0,1.0550981572300224,1.0605085118457276
GS,2007-02,0,1.0693841264485122,1.0740484551397194
GS,2007-03,0,1.054999196961759,1.0605968532962111
GS,2007-04,0,1.048735498670527,1.0546596939985828
GS,2007-05,0,1.0325903742482685,1.03926484520904
GS,2007-06,0,1.0151701224349432,1.0223944072815052
GS,2007-07,0,1.0327850501858358,1.039746107613901
GS,2007-08,0,1.0476615364149466,1.0541503500324314
GS,2007-09,0,1.046584329560407,1.0531221488270823
GS,2007-10,0,1.0501079640303774,1.0564889434278104
GS,2007-11,0,1.0723221108063006,1.077643098559311
GS,2007-12,0,1.078978405571627,1.08385046358354
GS,2008-01,0,1.0823073641040297,1.0869357510324942
GS,2008-02,0,1.0810565712051592,1.0857800784940317
GS,2008-03,0,1.090759544393416,1.094755532181381
GS,2008-04,0,1.0612612729535116,1.0677117427490286
GS,2008-05,0,1.0385166342477172,1.046280037583254
GS,2008-06,0,1.0245794594173692,1.0328597664284795
GS,2008-07,0,1.0537305587686117,1.0613115366482526
GS,2008-08,0,1.0803184249418831,1.0865436663914974
GS,2008-09,0,1.0824420149608478,1.088509373881008
GS,2008-10,0,1.0741407085230765,1.0808403197210295
GS,2008-11,0,1.1332443231685476,1.1358644093738064
GS,2008-12,0,1.1983699134827708,1.1933326789982523
GS,2009-01,0,1.139649161514516,1.1443321564487523
GS,2009-02,0,1.1684173981885426,1.1695752204069583
GS,2009-03,0,1.207621887415663,1.2031287170323088
GS,2009-04,0,1.182041469219303,1.1819462438899062
GS,2009-05,0,1.1597624304641907,1.16309831060223
GS,2009-06,0,1.1677733452950905,1.170005686303039
GS,2009-07,0,1.1612468344881424,1.1644168356641345
GS,2009-08,0,1.1875540428514209,1.1870711134472676
GS,2009-09,0,1.1883554587944067,1.1877459593187545
GS,2009-10,0,1.1881559159584003,1.1875780442100807
GS,2009-11,0,1.2036018293048958,1.2005779486325878
GS,2009-12,0,1.1626631019339455,1.1665644348822861
GS,2010-01,0,1.1749552650918489,1.177136855334485
GS,2010-02,0,1.177482807681266,1.179288037310949
GS,2010-03,0,1.181085934825743,1.1823480625792349
GS,2010-04,0,1.1933342958976936,1.1927184858573325
GS,2010-05,0,1.2328389105285638,1.2258228848230495
GS,2010-06,0,1.2603255306136047,1.2481182713900232
GS,2010-07,0,1.2651145586777632,1.2519181055977988
GS,2010-08,0,1.318272445730029,1.2939363455173707
GS,2010-09,0,1.3083796635026443,1.2864319921802223
GS,2010-10,0,1.2982776046423747,1.278710946720661
GS,2010-11,0,1.2862174303100729,1.2694215818812946
GS,2010-12,0,1.2710067503881377,1.2575956809383504
GS,2011-01,0,1.248030122856742,1.2395181785770302
GS,2011-02,0,1.2550319674112507,1.2451284955287405
GS,2011-03,0,1.2603011961214088,1.2493269771985158
GS,2011-04,0,1.2817074377564273,1.2663119976848063
GS,2011-05,0,1.3052745822984437,1.2846993018759014
GS,2011-06,0,1.3060354407544366,1.2852822125265115
GS,2011-07,0,1.359733553533452,1.3263975690500653
GS,2011-08,0,1.3885715490851067,1.347606132651894
GS,2011-09,0,1.4272179672912004,1.375437912895092
GS,2011-10,0,1.4091033713005514,1.362745670780855
GS,2011-11,0,1.4188890817622741,1.3696903071084872
GS,2011-12,0,1.4620179134308577,1.4000865038393953
GS,2012-01,0,1.4657686698279901,1.4026519692572097
GS,2012-02,0,1.456596188569605,1.3963941732985465
GS,2012-03,0,1.450011274981387,1.3918734189262008
GS,2012-04,0,1.4639403383143363,1.4014795948044734
GS,2012-05,0,1.540675103705497,1.4538961881470116
GS,2012-06,0,1.521640663909842,1.4415415783075491
GS,2012-07,0,1.5570278824611612,1.4647975410263634
GS,2012-08,0,1.5580288412401537,1.4654404060580482
GS,2012-09,0,1.5537767943037852,1.4627112865296932
GS,2012-10,0,1.534713153117495,1.4504420588927647
GS,2012-11,0,1.5472648841921546,1.4586206107277855
GS,2012-12,0,1.5416906631798073,1.455017981941146
GS,2013-01,0,1.508631444381899,1.433574498116886
GS,2013-02,0,1.5261928362499606,1.445215109171004
GS,2013-03,0,1.5535285824833869,1.4631261788498482
GS,2013-04,0,1.569615304124375,1.4734811358312465
GS,2013-05,0,1.5240173326476445,1.4444307236971932
GS,2013-06,0,1.4725628600490939,1.4106683303855898
GS,2013-07,0,1.4828287711568164,1.4176397890487398
GS,2013-08,0,1.4396642488996785,1.388530209374572
GS,2013-09,0,1.4517714699168929,1.3969399625697823
GS,2013-10,0,1.4641415034498233,1.4054606104742617
GS,2013-11,0,1.446028529758654,1.393089556413919
GS,2013-12,0,1.4141763017736633,1.3710621708337003
GS,2014-01,0,1.4650061890725186,1.4070052758306546
GS,2014-02,0,1.464681729176573,1.4067838024345927
GS,2014-03,0,1.4660201262473491,1.4076975825713385
GS,2014-04,0,1.4767273028135577,1.4150011498106343
GS,2014-05,0,1.5073887629804277,1.4357642657281444
GS,2014-06,0,1.4959564185467809,1.428180061364671
GS,2014-07,0,1.50630020002953,1.4350945552326122
GS,2014-08,0,1.5452240314466572,1.460935241847647
GS,2014-09,0,1.5397795943926884,1.4574118452765543
GS,2014-10,0,1.566455064737865,1.474736058717438
GS,2014-11,0,1.6110764119277992,1.5032216170934145
GS,2014-12,0,1.638353755379955,1.5201527466476707
SS,2000-01,0,1.000216719943653,1.000216719943653
SS,2000-02,0,1.0008560437774288,1.0008559052532244
SS,2000-03,0,1.001278647667552,1.001278147685341
SS,2000-04,0,1.003207455166062,1.003204492068099
SS,2000-05,0,1.0038576149970204,1.0038525732078576
SS,2000-06,0,1.005136262664572,1.0051263072996743
SS,2000-07,0,1.0050279026927456,1.005018501049068
SS,2000-08,0,1.0051362626645721,1.005126318923115
SS,2000-09,0,1.007606870022214,1.007584301436941
SS,2000-10,0,1.008365389824999,1.0083370948381691
SS,2000-11,0,1.009871593433386,1.009830802995535
SS,2000-12,0,1.0113669610445903,1.0113115532423267
SS,2001-01,0,1.0138375684022325,1.0137543929363289
SS,2001-02,0,1.0134041285149271,1.013326868941545
SS,2001-03,0,1.0151162160697844,1.0150163109979593
SS,2001-04,0,1.014585252207835,1.0144932537819047
SS,2001-05,0,1.0142601722923557,1.0141728470789966
SS,2001-06,0,1.0106301132361712,1.010593825487347
SS,2001-07,0,1.0135124884867535,1.013445883043155
SS,2001-08,0,1.0160806198190395,1.01597977518702
SS,2001-09,0,1.0218453703202044,1.0216532920209418
SS,2001-10,0,1.0243051416806639,1.0240604775226863
SS,2001-11,0,1.0259088692636946,1.0256261511855163
SS,2001-12,0,1.0241967817088373,1.0239573016354717
SS,2002-01,0,1.02441350165249,1.0241689015423676
SS,2002-02,0,1.024630221596143,1.0243804566842154
SS,2002-03,0,1.0234490979032351,1.0232277250274544
SS,2002-04,0,1.0256921493200417,1.0254193840180208
SS,2002-05,0,1.025594625345398,1.0253243028821182
SS,2002-06,0,1.0291379964241216,1.0287792459864953
SS,2002-07,0,1.0334507233028127,1.0329698665773939
SS,2002-08,0,1.03323400335916,1.0327601614228412
SS,2002-09,0,1.0348485669393734,1.0343227925160536
SS,2002-10,0,1.0346318469957205,1.0341133706251833
SS,2002-11,0,1.0322587636127223,1.0318197205796247
SS,2002-12,0,1.0346318469957205,1.034118643549959
SS,2003-01,0,1.0343067670802413,1.033804444913581
SS,2003-02,0,1.037210814325189,1.0366121682480667
SS,2003-03,0,1.036463130519587,1.0358913082307246
SS,2003-04,0,1.0359213306604549,1.035368569077562
SS,2003-05,0,1.035282006826679,1.0347514142658465
SS,2003-06,0,1.0353903667985054,1.034856081372115
SS,2003-07,0,1.0347402069675469,1.0342281444588437
SS,2003-08,0,1.0330281194126898,1.0325735382655898
SS,2003-09,0,1.0334615592999954,1.0329931201522398
SS,2003-10,0,1.0305575120550479,1.0301831005450135
SS,2003-11,0,1.0306658720268742,1.030288247487866
SS,2003-12,0,1.0330389554098727,1.0325907234380316
SS,2004-01,0,1.0324971555507407,1.0320662515811916
SS,2004-02,0,1.032605515522567,1.0321712009955737
SS,2004-03,0,1.0317386357479559,1.0313316937863055
SS,2004-04,0,1.0317386357479559,1.0313316937863055
SS,2004-05,0,1.0297989922522632,1.0294517181524703
SS,2004-06,0,1.0305575120550483,1.0301882888895673
SS,2004-07,0,1.0300157121959161,1.029662554175304
SS,2004-08,0,1.0315327518014856,1.0311353856938983
SS,2004-09,0,1.0327247114915763,1.032290908567999
SS,2004-10,0,1.0333857073197172,1.0329309589326177
SS,2004-11,0,1.0340358671506755,1.0335601139773922
SS,2004-12,0,1.0341442271225019,1.033664907220324
SS,2005-01,0,1.0340358671506755,1.0335601249578652
SS,2005-02,0,1.032724711491576,1.0322921267183918
SS,2005-03,0,1.0338191472070228,1.0333518822401377
SS,2005-04,0,1.0346860269816343,1.034190403926405
SS,2005-05,0,1.035563742753428,1.0350386958225988
SS,2005-06,0,1.03762258221813,1.0370268298019014
SS,2005-07,0,1.0377309421899563,1.0371312608095562
SS,2005-08,0,1.0369724223871715,1.0364003200888487
SS,2005-09,0,1.034155063119685,1.0336834115128224
SS,2005-10,0,1.0332881833450738,1.0328451621965196
SS,2005-11,0,1.0329631034295947,1.032530554983625
SS,2005-12,0,1.033829983204206,1.033369771574937
SS,2006-01,0,1.0329631034295947,1.0325312586775606
SS,2006-02,0,1.0329631034295947,1.0325312586775606
SS,2006-03,0,1.0324213035704628,1.0320067483079907
SS,2006-04,0,1.0318795037113309,1.0314819626829186
SS,2006-05,0,1.031337703852199,1.0309569015132924
SS,2006-06,0,1.0317711437395045,1.0313771711162425
SS,2006-07,0,1.0312293438803726,1.0308520548029794
SS,2006-08,0,1.0292788643874973,1.0289606428639668
SS,2006-09,0,1.028628704556539,1.0283289774781772
SS,2006-10,0,1.0280869046974068,1.0278022569455574
SS,2006-11,0,1.0283036246410597,1.0280130561908962
SS,2006-12,0,1.02678658503549,1.026537772462222
SS,2007-01,0,1.024066749742647,1.0238888916407523
SS,2007-02,0,1.025367069404564,1.0251586522908698
SS,2007-03,0,1.0243918296581263,1.0242075394888914
SS,2007-04,0,1.0239583897708207,1.023784420253891
SS,2007-05,0,1.0234165899116887,1.023255297328053
SS,2007-06,0,1.022322154196242,1.022185903176898
SS,2007-07,0,1.0227555940835475,1.0226098790102753
SS,2007-08,0,1.017857723356994,1.0178209824695115
SS,2007-09,0,1.0179552473316378,1.0179167954425878
SS,2007-10,0,1.0167632876415473,1.0167458601846628
SS,2007-11,0,1.0137292084304081,1.0137618035728462
SS,2007-12,0,1.0162106517852327,1.0162096400701952
SS,2008-01,0,1.0179335753372725,1.0179050794449083
SS,2008-02,0,1.01427100828954,1.0143070381419492
SS,2008-03,0,1.013035704610719,1.0130891154479897
SS,2008-04,0,1.0120171208755508,1.0120836388092767
SS,2008-05,0,1.0083762258221836,1.008485977289265
SS,2008-06,0,1.0060789944194637,1.0062078281779578
SS,2008-07,0,1.0089722056672288,1.0090835578809068
SS,2008-08,0,1.0097740694587443,1.009878291161974
SS,2008-09,0,1.0076285420165816,1.007753531270573
SS,2008-10,0,1.0254537573820257,1.0254437957104527
SS,2008-11,0,1.034978598905567,1.034732212135839
SS,2008-12,0,1.042639648913694,1.0421343458767958
SS,2009-01,0,1.0442325404995423,1.0436620947855466
SS,2009-02,0,1.0418486211193616,1.0413791556051217
SS,2009-03,0,1.045240288237528,1.0446345873918648
SS,2009-04,0,1.0460854960177741,1.045443212728792
SS,2009-05,0,1.0472557837134993,1.0465619431769058
SS,2009-06,0,1.04693070379802,1.0462515319855474
SS,2009-07,0,1.05021401094436,1.0493876585070345
SS,2009-08,0,1.052446226363984,1.0515131447378046
SS,2009-09,0,1.0540282819526494,1.053016362241022
SS,2009-10,0,1.0536056780625265,1.0526154205420573
SS,2009-11,0,1.0532914341442299,1.0523171648237752
SS,2009-12,0,1.0540282819526494,1.0530167317095709
SS,2010-01,0,1.054461721839955,1.0534279539649194
SS,2010-02,0,1.054245001896302,1.0532224273543613
SS,2010-03,0,1.054667605786425,1.053623286632198
SS,2010-04,0,1.0539307579780055,1.0529246325687027
SS,2010-05,0,1.0543533618681284,1.0533256113682337
SS,2010-06,0,1.055306929620201,1.0542300213948521
SS,2010-07,0,1.0561629733976297,1.0550412013022339
SS,2010-08,0,1.0564772173159263,1.0553387348517063
SS,2010-09,0,1.056693937259579,1.0555438693686656
SS,2010-10,0,1.0569106572032319,1.0557489618140854
SS,2010-11,0,1.056693937259579,1.0555439114229517
SS,2010-12,0,1.0575499810370077,1.0563540265823599
SS,2011-01,0,1.057116541149702,1.0559441737195376
SS,2011-02,0,1.057116541149702,1.0559441737195376
SS,2011-03,0,1.057658341008834,1.0564566998583704
SS,2011-04,0,1.059684672481988,1.058372565686291
SS,2011-05,0,1.0599013924256409,1.058577079301785
SS,2011-06,0,1.0601072763721109,1.0587713275101007
SS,2011-07,0,1.0602156363439372,1.058873543553931
SS,2011-08,0,1.0595763125101616,1.058270530532938
SS,2011-09,0,1.0604323562875904,1.0590784419285795
SS,2011-10,0,1.0603239963157642,1.0589762572194994
SS,2011-11,0,1.0603239963157642,1.0589762572194994
SS,2011-12,0,1.0597930324538147,1.0584755009753757
SS,2012-01,0,1.0610716801213664,1.0596820079332399
SS,2012-02,0,1.0607574362030698,1.0593858508270013
SS,2012-03,0,1.0601181123692942,1.0587831458051404
SS,2012-04,0,1.0595763125101623,1.0582720708099957
SS,2012-05,0,1.0597930324538152,1.058476605340538
SS,2012-06,0,1.0619277238987954,1.060490858482057
SS,2012-07,0,1.0639648913691317,1.0624092258289957
SS,2012-08,0,1.0634339275071822,1.0619101831761257
SS,2012-09,0,1.0628921276480503,1.0614007017263454
SS,2012-10,0,1.0627946036734066,1.061308948318726
SS,2012-11,0,1.0627946036734066,1.061308948318726
SS,2012-12,0,1.0630004876198769,1.06150266773145
SS,2013-01,0,1.0630004876198769,1.06150266773145
SS,2013-02,0,1.0633255675353561,1.0618084812463686
SS,2013-03,0,1.0624695237579274,1.0610034185228108
SS,2013-04,0,1.06268624370158,1.0612073960852788
SS,2013-05,0,1.0625778837297537,1.0611054281032253
SS,2013-06,0,1.0620469198678044,1.0606057340383672
SS,2013-07,0,1.0627946036734066,1.061309736650319
SS,2013-08,0,1.062361163786101,1.0609019063077416
SS,2013-09,0,1.062577883729754,1.0611059046757547
SS,2013-10,0,1.0627404236874936,1.0612588722466296
SS,2013-11,0,1.0627946036734066,1.0613098536384216
SS,2013-12,0,1.0627404236874936,1.0612588748455993
SS,2014-01,0,1.0631088475917032,1.0616055483097848
SS,2014-02,0,1.0633255675353561,1.0618094032058696
SS,2014-03,0,1.0634881074930957,1.0619622632166716
SS,2014-04,0,1.0635422874790088,1.0620132087660683
SS,2014-05,0,1.0635422874790088,1.0620132087660683
SS,2014-06,0,1.0628379476621372,1.061350950363028
SS,2014-07,0,1.0632172075635298,1.061707787359888
SS,2014-08,0,1.0636939914395658,1.062156222423433
SS,2014-09,0,1.0641816113127847,1.062614643620829
SS,2014-10,0,1.0650376550902132,1.0634190587397603
SS,2014-11,0,1.0651460150620395,1.0635208015948683
SS,2014-12,0,1.0653627350056922,1.0637242666039732
AN,2000-01,0,0.9647793134195275,0.9647793134195275
AN,2000-02,0,0.9400356665180564,0.9391323633271061
AN,2000-03,0,0.9228711547035222,0.9208729371947845
AN,2000-04,0,0.8865358894337942,0.8815009565184561
AN,2000-05,0,0.869148461881409,0.861888183071134
AN,2000-06,0,0.9059295586268392,0.9042067262873432
AN,2000-07,0,0.8791796700847082,0.8746791672322252
AN,2000-08,0,0.8749442710655375,0.8698617230131583
AN,2000-09,0,0.8225590726705309,0.8099891115481902
AN,2000-10,0,0.7913508693713779,0.7720487321443962
AN,2000-11,0,0.7998216674097195,0.7827529574965089
AN,2000-12,0,0.8455193936691934,0.8398878515879247
AN,2001-01,0,0.8312527864467235,0.8230146641373579
AN,2001-02,0,0.7962550156041021,0.7809122238048292
AN,2001-03,0,0.7342844404814983,0.7030846762124439
AN,2001-04,0,0.7755238519839505,0.7592473963095903
AN,2001-05,0,0.7652697280428002,0.7460252060250258
AN,2001-06,0,0.7712884529647798,0.7538900472717487
AN,2001-07,0,0.7706197057512265,0.7530229952486274
AN,2001-08,0,0.8036112349531882,0.7958346816819509
AN,2001-09,0,0.744984395898351,0.7228804514461674
AN,2001-10,0,0.7643780650913959,0.7489127674246233
AN,2001-11,0,0.7940258582255912,0.7876995857390006
AN,2001-12,0,0.776415514935355,0.765521034363369
AN,2002-01,0,0.7726259473918864,0.7606401845212788
AN,2002-02,0,0.790682122157825,0.7840100633441294
AN,2002-03,0,0.8169861792242539,0.8172776133864186
AN,2002-04,0,0.8254569772625954,0.8276459626360775
AN,2002-05,0,0.8718234507356226,0.8838166350638388
AN,2002-06,0,0.8684797146678563,0.879981298832696
AN,2002-07,0,0.8370485956308522,0.8437903337402934
AN,2002-08,0,0.8528756130182799,0.8626984562436224
AN,2002-09,0,0.8426214890771296,0.8506754557208832
AN,2002-10,0,0.8649130628622389,0.8771304821759097
AN,2002-11,0,0.8738296923762827,0.8874397605264254
AN,2002-12,0,0.8740526081141339,0.8876948625672416
AN,2003-01,0,0.9222024074899698,0.9427828503254665
AN,2003-02,0,0.9574230940704427,0.9809747768422662
AN,2003-03,0,0.9514043691484632,0.9746883973312068
AN,2003-04,0,0.9919750334373622,1.01733132141743
AN,2003-05,0,1.0378956754346873,1.0636234562488904
AN,2003-06,0,1.0697726259473934,1.0943365146681343
AN,2003-07,0,1.0338831921533675,1.0607878586981407
AN,2003-08,0,1.0378956754346873,1.0646688418805468
AN,2003-09,0,1.0911725367810985,1.1160004570008217
AN,2003-10,0,1.1393223361569345,1.1601271168578187
AN,2003-11,0,1.1689701292911296,1.1861494216905324
AN,2003-12,0,1.2186803388319234,1.228674211926993
AN,2004-01,0,1.241863575568437,1.2476974422178289
AN,2004-02,0,1.2623718234507377,1.2642115330453285
AN,2004-03,0,1.2541239411502472,1.2576778936315902
AN,2004-04,0,1.1872492197949196,1.2043540400944412
AN,2004-05,0,1.1772180115916204,1.1959049225578284
AN,2004-06,0,1.1533660276415536,1.1756436084127802
AN,2004-07,0,1.16495764600981,1.1856938596690614
AN,2004-08,0,1.1729826125724496,1.1925824934233669
AN,2004-09,0,1.2180115916183705,1.2309709388813674
AN,2004-10,0,1.2550156041016516,1.2613516123806352
AN,2004-11,0,1.3000445831475724,1.297230830853104
AN,2004-12,0,1.3212215782434262,1.3135202684388378
AN,2005-01,0,1.3102987070887229,1.3052530168781833
AN,2005-02,0,1.3421756576014292,1.3295810196001976
AN,2005-03,0,1.3120820329915317,1.3071594949365204
AN,2005-04,0,1.329469460543917,1.3204112788305062
AN,2005-05,0,1.2893446277307206,1.2902301923113915
AN,2005-06,0,1.2991529201961687,1.2978373845658866
AN,2005-07,0,1.296923762817658,1.296121530070348
AN,2005-08,0,1.2929112795363382,1.2930276833876393
AN,2005-09,0,1.3109674543022767,1.3069932006290184
AN,2005-10,0,1.2880071333036143,1.2894791724025263
AN,2005-11,0,1.2744092732946977,1.2789218861443055
AN,2005-12,0,1.2666072224699096,1.2727997941380087
AN,2006-01,0,1.308292465448064,1.3057107409877096
AN,2006-02,0,1.284217565760146,1.2873089689652186
AN,2006-03,0,1.2398573339277785,1.252766354835727
AN,2006-04,0,1.3147570218457458,1.3131762793233215
AN,2006-05,0,1.302273740526085,1.303681535342311
AN,2006-06,0,1.288452964779317,1.2930687315080078
AN,2006-07,0,1.3279090503789603,1.3236915688782498
AN,2006-08,0,1.3238965670976408,1.3206699136826816
AN,2006-09,0,1.2935800267498923,1.297770435656078
AN,2006-10,0,1.3444048149799415,1.3370604580582837
AN,2006-11,0,1.3709317877842215,1.356791845887831
AN,2006-12,0,1.3700401248328171,1.3561414393837659
AN,2007-01,0,1.3493089612126656,1.3410096463476449
AN,2007-02,0,1.3716005349977751,1.3575303798682132
AN,2007-03,0,1.4094962104324609,1.3851591788280702
AN,2007-04,0,1.448283548818551,1.412677761779201
AN,2007-05,0,1.445385644226487,1.4106768382760457
AN,2007-06,0,1.4810521622826618,1.4353529641242875
AN,2007-07,0,1.4964333481943872,1.4457382741784714
AN,2007-08,0,1.428444048149804,1.4003040420914763
AN,2007-09,0,1.555506018724927,1.4892553529528993
AN,2007-10,0,1.6353098528756183,1.5405594515484855
AN,2007-11,0,1.548595630851543,1.487533279247504
AN,2007-12,0,1.5403477485510526,1.4822072392302303
AN,2008-01,0,1.5760142666072277,1.50536208727654
AN,2008-02,0,1.6426660722247044,1.5476534592708822
AN,2008-03,0,1.6170307623718292,1.5320475425929072
AN,2008-04,0,1.6830138207757526,1.5728526156560447
AN,2008-05,0,1.7070887204636707,1.5871572514176342
AN,2008-06,0,1.7184574230940766,1.593816953689768
AN,2008-07,0,1.695942933571116,1.5807153840957868
AN,2008-08,0,1.5485956308515436,1.4938331548633998
AN,2008-09,0,1.4427106553722744,1.4254583168038057
AN,2008-10,0,1.2175657601426704,1.2694014564824214
AN,2008-11,0,1.1992866696388806,1.2543886406640399
AN,2008-12,0,1.2875613018279135,1.32799458861943
AN,2009-01,0,1.1689701292911323,1.2358893254615355
AN,2009-02,0,1.182567989300049,1.2475216671854104
AN,2009-03,0,1.2802050824788276,1.3300852864125545
AN,2009-04,0,1.3452964779313468,1.3809297927681177
AN,2009-05,0,1.4757021845742364,1.477864341235392
AN,2009-06,0,1.4953187695051327,1.4911573925949086
AN,2009-07,0,1.548818546589395,1.5269355679079677
AN,2009-08,0,1.5688809629959932,1.539888935783615
AN,2009-09,0,1.6440035666518116,1.5877718570680708
AN,2009-10,0,1.6805617476593908,1.610009145203664
AN,2009-11,0,1.7099866250557347,1.627518098645765
AN,2009-12,0,1.68658047258137,1.613830183119758
AN,2010-01,0,1.6674097191261763,1.6024635428871385
AN,2010-02,0,1.6941596076683076,1.6185063236358015
AN,2010-03,0,1.7378510922871215,1.6442957973200119
AN,2010-04,0,1.7585822559072732,1.6562249917787084
AN,2010-05,0,1.6132411948283605,1.573578268493121
AN,2010-06,0,1.6165849308961269,1.5756509505436944
AN,2010-07,0,1.7353990191707593,1.6491479168978034
AN,2010-08,0,1.7119928666963948,1.635660440982582
AN,2010-09,0,1.8707088720463732,1.728368774315915
AN,2010-10,0,1.9012483281319732,1.744693845812579
AN,2010-11,0,1.8713776192599267,1.7289827425179372
AN,2010-12,0,2.001783325902816,1.7986670784321714
AN,2011-01,0,1.958537672759704,1.777063514957784
AN,2011-02,0,2.008247882300498,1.802444803371169
AN,2011-03,0,2.0510477039679076,1.8237568246831903
AN,2011-04,0,2.1787784217565838,1.8860326642658443
AN,2011-05,0,2.1255015604101724,1.8615800348408391
AN,2011-06,0,2.148238965670984,1.872277465359979
AN,2011-07,0,2.209763709317886,1.900917083498404
AN,2011-08,0,2.156263932233624,1.87670645099563
AN,2011-09,0,1.9641105662059817,1.7875924222558388
AN,2011-10,0,2.1520285332144535,1.8832682819766422
AN,2011-11,0,2.0922871154703606,1.8555077681999694
AN,2011-12,0,2.0991975033437447,1.8588105595914035
AN,2012-01,0,2.1796700847079893,1.8971454857887062
AN,2012-02,0,2.2164511814534196,1.914020102274695
AN,2012-03,0,2.141328577797601,1.880126911084913
AN,2012-04,0,2.1618368256799014,1.8897042585760644
AN,2012-05,0,2.0283102987070962,1.8279389461405104
AN,2012-06,0,2.137316094516281,1.881681115609683
AN,2012-07,0,2.2001783325902893,1.9110928803155653
AN,2012-08,0,2.1671868033883275,1.896097946171695
AN,2012-09,0,2.1834596522514573,1.9036066892286794
AN,2012-10,0,2.1912617030762456,1.9071799408876888
AN,2012-11,0,2.2059741417744174,1.9138940812742602
AN,2012-12,0,2.203299152920205,1.9126814701182377
AN,2013-01,0,2.2193490860454834,1.919965970320585
AN,2013-02,0,2.178332590280882,1.9014846525222722
AN,2013-03,0,2.224476148016058,1.9226676242783098
AN,2013-04,0,2.2184574230940783,1.9199619423462524
AN,2013-05,0,2.054614355773525,1.8461074407385354
AN,2013-06,0,1.9692376281765565,1.804553789875999
AN,2013-07,0,1.9413731609451697,1.790403914394903
AN,2013-08,0,1.9228711547035293,1.7808735435142051
AN,2013-09,0,2.0185020062416483,1.8306069077618286
AN,2013-10,0,2.0517164511814614,1.8470619050009232
AN,2013-11,0,1.9779313419527496,1.8110992800552475
AN,2013-12,0,1.9438252340615323,1.7938559576163877
AN,2014-01,0,1.9086045474810598,1.7757366915613422
AN,2014-02,0,1.9522960320998737,1.7986285392604775
AN,2014-03,0,2.031431119037012,1.8391629078377782
AN,2014-04,0,2.0405706642889068,1.8436619751043206
AN,2014-05,0,2.046812304948737,1.8467207472257972
AN,2014-06,0,2.077797592510039,1.8618590613185875
AN,2014-07,0,2.053053945608568,1.849950467820036
AN,2014-08,0,2.0664288898796337,1.856465125800492
AN,2014-09,0,1.9393669193045104,1.7949764526613334
AN,2014-10,0,1.9554168524297892,1.8032523147302988
AN,2014-11,0,1.8950066874721434,1.772358561880322
AN,2014-12,0,1.8230049041462402,1.7343630319426675
BN,2000-01,0,0.9979207190287745,0.9979207190287745
BN,2000-02,0,0.9755181434033134,0.9754714650967945
BN,2000-03,0,0.9845730766651016,0.9847536433146163
BN,2000-04,0,0.9590851163726609,0.9588663212899554
BN,2000-05,0,0.9254141793547523,0.9237589711256083
BN,2000-06,0,0.9362800992688982,0.935500654100168
BN,2000-07,0,0.9252800321953184,0.9237519615004115
BN,2000-08,0,0.8945603326849556,0.8905515265602159
BN,2000-09,0,0.9094506673821183,0.9071969490690258
BN,2000-10,0,0.8930847139311828,0.8892015216776255
BN,2000-11,0,0.8776577905962843,0.8719277702694391
BN,2000-12,0,0.9189080421222083,0.9189281523863669
BN,2001-01,0,0.8989871889462743,0.8972493202695786
BN,2001-02,0,0.888657857669864,0.8857593553363549
BN,2001-03,0,0.8715540948420419,0.8665126197336679
BN,2001-04,0,0.8796699979877929,0.8758246098829675
BN,2001-05,0,0.8715540948420419,0.8665985328719115
BN,2001-06,0,0.8703467704071368,0.8652132781389578
BN,2001-07,0,0.8785968207123218,0.8746923163633722
BN,2001-08,0,0.8977798645113693,0.8965260441288503
BN,2001-09,0,0.9090482259038167,0.9090774075954172
BN,2001-10,0,0.8995908511637268,0.8986738069166007
BN,2001-11,0,0.8817492789590183,0.8788408215303796
BN,2001-12,0,0.9022737943524048,0.9021178639767511
BN,2002-01,0,0.8761150982627945,0.8731258925226921
BN,2002-02,0,0.8818163525387352,0.8796333186442661
BN,2002-03,0,0.8881883426118453,0.8868593017582843
BN,2002-04,0,0.9097189617009861,0.9111003529590093
BN,2002-05,0,0.9105909182373064,0.9120588429685941
BN,2002-06,0,0.9595546314306796,0.9658302041942866
BN,2002-07,0,0.9808169562009525,0.987988739074756
BN,2002-08,0,0.9736400831712391,0.9806714991103165
BN,2002-09,0,0.9889328593467036,0.9963783053930391
BN,2002-10,0,0.9873230934334968,0.9947505246008523
BN,2002-11,0,0.9834998993896307,0.9908782419921567
BN,2002-12,0,1.0204574418136698,1.0284558182043915
BN,2003-01,0,1.0458112549466767,1.0533013552097812
BN,2003-02,0,1.001609765913207,1.0110360909717104
BN,2003-03,0,1.0073110201891478,1.016728182313035
BN,2003-04,0,1.021396471929707,1.030711402448872
BN,2003-05,0,1.0490978603528072,1.0578324951728015
BN,2003-06,0,1.061372325441009,1.0695325143531607
BN,2003-07,0,1.0341404520759276,1.0438752848283883
BN,2003-08,0,1.0144208196391444,1.0248066637361584
BN,2003-09,0,1.0725065396740228,1.0820666478673406
BN,2003-10,0,1.0957139982560873,1.1037051719448892
BN,2003-11,0,1.115768998591455,1.1220083061270634
BN,2003-12,0,1.1586290160305857,1.160421290797938
BN,2004-01,0,1.1873365081494403,1.1851984124837087
BN,2004-02,0,1.217854986920652,1.2109017228441197
BN,2004-03,0,1.2057146689918843,1.2009331156953618
BN,2004-04,0,1.1667449191763368,1.1686122434212185
BN,2004-05,0,1.204909786035281,1.2013227924295542
BN,2004-06,0,1.1983365752230202,1.1958674372748002
BN,2004-07,0,1.202763431484339,1.1995616049676245
BN,2004-08,0,1.193373130323966,1.191754333051497
BN,2004-09,0,1.2049768596149983,1.2014778042745187
BN,2004-10,0,1.2242940505734798,1.2175089759973128
BN,2004-11,0,1.2762760748541155,1.2599677498974935
BN,2004-12,0,1.282245623448924,1.2646450675346597
BN,2005-01,0,1.262593064591858,1.2493183949395874
BN,2005-02,0,1.2921725132470325,1.2727459342511043
BN,2005-03,0,1.2718492185927968,1.257017930098496
BN,2005-04,0,1.2855993024347714,1.2678290259744585
BN,2005-05,0,1.2272452880810256,1.2224385110268925
BN,2005-06,0,1.2111476289489578,1.2093216066163333
BN,2005-07,0,1.189885304178685,1.1917660879809013
BN,2005-08,0,1.221678180964519,1.2184853664476432
BN,2005-09,0,1.1953853377154748,1.1969634602216632
BN,2005-10,0,1.2014890334697172,1.2020695089255125
BN,2005-11,0,1.174055939365485,1.179236929234785
BN,2005-12,0,1.1672815078140732,1.1734668195455713
BN,2006-01,0,1.2090683479777329,1.209265245104383
BN,2006-02,0,1.1916292172513259,1.1948416347637638
BN,2006-03,0,1.1790193842645396,1.1842596241817533
BN,2006-04,0,1.2365685156616824,1.2330706379489624
BN,2006-05,0,1.2683613924475163,1.258781204232321
BN,2006-06,0,1.2534710577503536,1.2470413840313692
BN,2006-07,0,1.2664833322154418,1.2574223771820539
BN,2006-08,0,1.290294453014959,1.276223351655097
BN,2006-09,0,1.2670199208531776,1.2581851960175237
BN,2006-10,0,1.2908310416526945,1.276978208193278
BN,2006-11,0,1.33006908578711,1.307375714038952
BN,2006-12,0,1.3234958749748489,1.302433706978942
BN,2007-01,0,1.3279898048158847,1.3058292066748676
BN,2007-02,0,1.3279227312361677,1.3057786990734734
BN,2007-03,0,1.3306056744248458,1.3077991051750997
BN,2007-04,0,1.3520692199342699,1.323929763507593
BN,2007-05,0,1.3390569454691816,1.3143057928755857
BN,2007-06,0,1.3581058421087955,1.3285313989665495
BN,2007-07,0,1.3769535180092582,1.3424093128345858
BN,2007-08,0,1.3652827151385092,1.3339334981334314
BN,2007-09,0,1.3859413776913296,1.3490649154756078
BN,2007-10,0,1.410825675766318,1.3670197139075875
BN,2007-11,0,1.3953987524314195,1.3560850367182748
BN,2007-12,0,1.347105775035216,1.3214763076277154
BN,2008-01,0,1.3513984841371005,1.3246629238396253
BN,2008-02,0,1.3524045878328548,1.3254074146079398
BN,2008-03,0,1.3515997048762516,1.32481226507662
BN,2008-04,0,1.3596485344422855,1.3307673045287565
BN,2008-05,0,1.3568314440941733,1.3286953791180711
BN,2008-06,0,1.3683680998054888,1.3371980238360504
BN,2008-07,0,1.3645449057616228,1.334404043148829
BN,2008-08,0,1.253538131330071,1.2530532763379758
BN,2008-09,0,1.2397209739083797,1.2420307497180392
BN,2008-10,0,1.1191897511570212,1.1448062731720239
BN,2008-11,0,1.0681467569924228,1.099199177403116
BN,2008-12,0,1.0230733114226327,1.0570013752053138
BN,2009-01,0,1.0150244818565988,1.049134070412814
BN,2009-02,0,1.0065732108122631,1.0408078958274707
BN,2009-03,0,1.0089207861023564,1.0431401407798262
BN,2009-04,0,1.0421222080622465,1.0760479987774327
BN,2009-05,0,1.1348178952310708,1.1649969593232266
BN,2009-06,0,1.1580253538131355,1.1854473405514316
BN,2009-07,0,1.1737876450466185,1.199058692998579
BN,2009-08,0,1.144141122811727,1.173801550141436
BN,2009-09,0,1.125427594070698,1.1574455881294767
BN,2009-10,0,1.1565497350593625,1.185099202766821
BN,2009-11,0,1.1551411898853066,1.1838813172480598
BN,2009-12,0,1.1364276611442776,1.1676811082131047
BN,2010-01,0,1.12515929975183,1.157765508850536
BN,2010-02,0,1.0729760547320433,1.1113869693572425
BN,2010-03,0,1.0686162720504415,1.1073237074956432
BN,2010-04,0,1.0755919243410046,1.1138514504029997
BN,2010-05,0,1.0203232946542382,1.06246706526955
BN,2010-06,0,1.0531222751358265,1.0946127397370755
BN,2010-07,0,1.1050372258367456,1.143908962907574
BN,2010-08,0,1.0795492655443049,1.1208437125282116
BN,2010-09,0,1.1066469917499526,1.1459446755602092
BN,2010-10,0,1.1282446844188103,1.1654610098835012
BN,2010-11,0,1.0969213226909946,1.1376980944801365
BN,2010-12,0,1.0985310886042017,1.139165625359432
BN,2011-01,0,1.1295190824334325,1.1673741978347036
BN,2011-02,0,1.1469582131598393,1.1828136277634447
BN,2011-03,0,1.1330069085787138,1.1706498850733862
BN,2011-04,0,1.1788181635253905,1.2110832263000024
BN,2011-05,0,1.1611107384801158,1.1960618891734023
BN,2011-06,0,1.1344154537527698,1.1730707274843026
BN,2011-07,0,1.160708297001814,1.1962481649584351
BN,2011-08,0,1.1476289489570088,1.1849797454265079
BN,2011-09,0,1.1040981957207088,1.1470487109437495
BN,2011-10,0,1.1407203702461632,1.180218020220221
BN,2011-11,0,1.110336038634385,1.153581929198877
BN,2011-12,0,1.097323764169297,1.1418627072585605
BN,2012-01,0,1.1149641156348546,1.1579385018795874
BN,2012-02,0,1.1269702864041886,1.1687067145969068
BN,2012-03,0,1.1326715406801293,1.1737656361538642
BN,2012-04,0,1.1497082299282344,1.188806792072618
BN,2012-05,0,1.09175665705279,1.138401331481054
BN,2012-06,0,1.1111409215909882,1.1561564460599074
BN,2012-07,0,1.111409215909856,1.1563979044686965
BN,2012-08,0,1.1256958883895665,1.1692524608959747
BN,2012-09,0,1.1440069756522937,1.1855189210044177
BN,2012-10,0,1.1434033134348411,1.1849912474584514
BN,2012-11,0,1.1360252196659768,1.178538499174296
BN,2012-12,0,1.151653363740026,1.1922953628455482
BN,2013-01,0,1.124220269635794,1.168474745489695
BN,2013-02,0,1.0759272922395902,1.125517881340778
BN,2013-03,0,1.0759943658193072,1.1255802215938795
BN,2013-04,0,1.1016164732711822,1.1493927138018338
BN,2013-05,0,1.0770675430947787,1.1271082520385605
BN,2013-06,0,1.079415118384872,1.129287850992353
BN,2013-07,0,1.0820980615735498,1.13177340371714
BN,2013-08,0,1.0999396337782583,1.1482613476829244
BN,2013-09,0,1.1492387148702163,1.1930811537686612
BN,2013-10,0,1.1400496344489943,1.1850853559397831
BN,2013-11,0,1.1622509893353048,1.204559380767694
BN,2013-12,0,1.1770071768730337,1.2172555949874537
BN,2014-01,0,1.1677510228720946,1.2093914509254524
BN,2014-02,0,1.19115970219331,1.229437401528554
BN,2014-03,0,1.1851901535985014,1.2244258580857927
BN,2014-04,0,1.200751224092834,1.2375554562748137
BN,2014-05,0,1.1922999530484981,1.2305171365340026
BN,2014-06,0,1.2168488832249016,1.2511066954898982
BN,2014-07,0,1.2012878127305693,1.238318689757344
BN,2014-08,0,1.1788181635253914,1.2196140554748203
BN,2014-09,0,1.1533972768126675,1.1980493328574662
BN,2014-10,0,1.1387752364343724,1.185371966027971
BN,2014-11,0,1.1125494667650453,1.162342162753145
BN,2014-12,0,1.1098665235763672,1.159930635653609
CN,2000-01,0,0.9988474672737621,0.9988474672737621
CN,2000-02,0,0.9962435970404099,0.9962405925319568
CN,2000-03,0,0.9960870802504269,0.9960834855849732
CN,2000-04,0,0.9738901536710304,0.9737993630222992
CN,2000-05,0,0.9638019351166766,0.9634406808687455
CN,2000-06,0,0.9731787137165626,0.9731696285479705
CN,2000-07,0,0.968284006829824,0.9681400211205271
CN,2000-08,0,0.9777746158224251,0.97794149354562
CN,2000-09,0,0.9558195788275474,0.9554874058247899
CN,2000-10,0,0.943042117245305,0.9421193373469336
CN,2000-11,0,0.9355719977233926,0.9341980373484424
CN,2000-12,0,0.9566448491747301,0.9567220670357524
CN,2001-01,0,0.9565025611838366,0.9565733305521802
CN,2001-02,0,0.9325839499146278,0.9315670083112806
CN,2001-03,0,0.9085230506545253,0.9057667580900484
CN,2001-04,0,0.9318582811610706,0.9314515555090395
CN,2001-05,0,0.9314314171883898,0.9309934772998198
CN,2001-06,0,0.9461866818440531,0.946834970708109
CN,2001-07,0,0.9359988616960736,0.9360677295880753
CN,2001-08,0,0.9246727376209457,0.923967154962798
CN,2001-09,0,0.9080392714854876,0.9059786651342197
CN,2001-10,0,0.9031587933978381,0.9006039217272904
CN,2001-11,0,0.9120660216277755,0.9104662275532978
CN,2001-12,0,0.9010102447353453,0.8983445426859032
CN,2002-01,0,0.905307342060331,0.9031137418710333
CN,2002-02,0,0.8958451906659088,0.8926618754663183
CN,2002-03,0,0.9005691519635753,0.8979350647928748
CN,2002-04,0,0.9156516789982937,0.9146828370231725
CN,2002-05,0,0.9402248150256128,0.941519609773048
CN,2002-06,0,0.9481502561183848,0.9499489140906073
CN,2002-07,0,0.9063887307911225,0.9059036532706302
CN,2002-08,0,0.9233779169038145,0.9246474720489852
CN,2002-09,0,0.9077831531018795,0.9077586516467971
CN,2002-10,0,0.926266363118954,0.9281194723493159
CN,2002-11,0,0.9228087649402404,0.9243866387753199
CN,2002-12,0,0.9161496869664214,0.9171705413271662
CN,2003-01,0,0.9513517359134903,0.9555944467739179
CN,2003-02,0,0.9751280591918056,0.9805865946628215
CN,2003-03,0,0.9862692088787721,0.9920119142215678
CN,2003-04,0,1.013929994308482,1.020057791737257
CN,2003-05,0,1.063873079112125,1.0693147277032404
CN,2003-06,0,1.079354012521345,1.0838662129444498
CN,2003-07,0,1.037492885600457,1.0450827124105506
CN,2003-08,0,1.0557911212293698,1.0627196869699689
CN,2003-09,0,1.0842487194080836,1.0896735016085854
CN,2003-10,0,1.112322140011385,1.1155655502693644
CN,2003-11,0,1.1321570859419483,1.1333975660290796
CN,2003-12,0,1.1354439385315898,1.1363007431857255
CN,2004-01,0,1.1116818440523637,1.1153731626396033
CN,2004-02,0,1.1032726237905537,1.1078087499375335
CN,2004-03,0,1.1263232783153119,1.1287017314433758
CN,2004-04,0,1.077931132612409,1.0857370279389922
CN,2004-05,0,1.083992601024475,1.091360270675637
CN,2004-06,0,1.1109419464997166,1.1162214601798568
CN,2004-07,0,1.1130193511667628,1.1180914090764587
CN,2004-08,0,1.1294820717131486,1.132882455188216
CN,2004-09,0,1.1757683551508267,1.1738625509302165
CN,2004-10,0,1.2165907797381916,1.2085823360039765
CN,2004-11,0,1.2513232783153119,1.2371313757925195
CN,2004-12,0,1.235899260102449,1.224805209980573
CN,2005-01,0,1.1968412066021645,1.1932022672803348
CN,2005-02,0,1.204112122936826,1.1992773558506085
CN,2005-03,0,1.2268212862834396,1.218137030887536
CN,2005-04,0,1.1791832669322728,1.1793065835487206
CN,2005-05,0,1.183338076266365,1.1828300471617188
CN,2005-06,0,1.208537279453616,1.2041250630939018
CN,2005-07,0,1.2111980648833256,1.2063267208126547
CN,2005-08,0,1.248207171314743,1.2368825047958318
CN,2005-09,0,1.2737478656801384,1.257344408037818
CN,2005-10,0,1.250853727945363,1.23937057008163
CN,2005-11,0,1.2681417188389317,1.2531915233292694
CN,2005-12,0,1.2700768355150842,1.2547174700333368
CN,2006-01,0,1.295859419464999,1.2750174890786086
CN,2006-02,0,1.2973392145702922,1.2761594301588408
CN,2006-03,0,1.2605577689243048,1.2478079818769277
CN,2006-04,0,1.314627205463861,1.290701245377018
CN,2006-05,0,1.3344621513944246,1.3057891317741084
CN,2006-06,0,1.3146414342629504,1.2909361686452834
CN,2006-07,0,1.2967700626067185,1.2773420651958878
CN,2006-08,0,1.3273904382470145,1.3009548678995098
CN,2006-09,0,1.310429709732501,1.2881773700165868
CN,2006-10,0,1.3045816733067757,1.283714683935607
CN,2006-11,0,1.280904951622086,1.2655657844307755
CN,2006-12,0,1.2537706317586823,1.2443820737822673
CN,2007-01,0,1.2415338645418357,1.2346221010194007
CN,2007-02,0,1.2466277746158254,1.2387250177576965
CN,2007-03,0,1.2634746727376238,1.2522389939940994
CN,2007-04,0,1.3124644280022795,1.2910128264433938
CN,2007-05,0,1.3601451337507142,1.327341967813732
CN,2007-06,0,1.367273762094482,1.332583046994826
CN,2007-07,0,1.363645418326696,1.3299293401305712
CN,2007-08,0,1.3761240751280617,1.3390802943549311
CN,2007-09,0,1.4594336937962464,1.3996196164799595
CN,2007-10,0,1.531744450768358,1.4491667506043049
CN,2007-11,0,1.4484206033010842,1.394768742225377
CN,2007-12,0,1.4624644280022796,1.4044646997871433
CN,2008-01,0,1.4410358565737083,1.3898123287494129
CN,2008-02,0,1.4733352305065484,1.4122263261426746
CN,2008-03,0,1.4087791690381362,1.3684100512503563
CN,2008-04,0,1.444336937962439,1.3936501809355364
CN,2008-05,0,1.458409220261813,1.4033932553730193
CN,2008-06,0,1.4251849743881648,1.3806121008026415
CN,2008-07,0,1.4177717700626098,1.3754105273516324
CN,2008-08,0,1.3643426294820749,1.3377252371598438
CN,2008-09,0,1.3703044963005155,1.3420950095979476
CN,2008-10,0,1.2101166761525355,1.2251955755083364
CN,2008-11,0,1.17174160500854,1.193483698546186
CN,2008-12,0,1.166960728514516,1.189403552826696
CN,2009-01,0,1.1646698918611296,1.18744047335246
CN,2009-02,0,1.1275896414342657,1.1556029108929289
CN,2009-03,0,1.1347040409789442,1.1619122979990655
CN,2009-04,0,1.1979937393284035,1.217688690841429
CN,2009-05,0,1.306459874786571,1.3082285091204242
CN,2009-06,0,1.2291974957313634,1.2490897781526402
CN,2009-07,0,1.323278315310191,1.325628186264878
CN,2009-08,0,1.3027177006260704,1.310090551856276
CN,2009-09,0,1.3366960728514545,1.3361732343968251
CN,2009-10,0,1.3221400113830426,1.3252836524162626
CN,2009-11,0,1.3503984063745056,1.3466568766952123
CN,2009-12,0,1.3649544678429175,1.3574359633704487
CN,2010-01,0,1.3346898121798556,1.3352633148491466
CN,2010-02,0,1.3571001707455927,1.3520540016148872
CN,2010-03,0,1.4063602731929463,1.3883520608954265
CN,2010-04,0,1.4039271485486666,1.386621974593461
CN,2010-05,0,1.3580961866818482,1.3539771454695302
CN,2010-06,0,1.342970973249862,1.3428400746344071
CN,2010-07,0,1.387108708025047,1.3757058145903316
CN,2010-08,0,1.3381047239613018,1.3403776649073003
CN,2010-09,0,1.3901536710301692,1.3792751787840787
CN,2010-10,0,1.4016078542971016,1.387514687484181
CN,2010-11,0,1.3948776323278358,1.3827129007728467
CN,2010-12,0,1.4404382470119566,1.4153757047552196
CN,2011-01,0,1.4309760956175344,1.408806765466048
CN,2011-02,0,1.4762948207171362,1.4404765643106225
CN,2011-03,0,1.481033010813892,1.4436860791245092
CN,2011-04,0,1.5178286852589689,1.4685306802754692
CN,2011-05,0,1.4827689243027935,1.4454320517565378
CN,2011-06,0,1.4921457029026797,1.4517558817520273
CN,2011-07,0,1.5062606715993219,1.4612153927563378
CN,2011-08,0,1.4705321570859469,1.437495385199187
CN,2011-09,0,1.3799089356858327,1.375869244646303
CN,2011-10,0,1.4504980079681322,1.4270241219405904
CN,2011-11,0,1.414556061468417,1.4022450830847817
CN,2011-12,0,1.4204610130905,1.4064195034438824
CN,2012-01,0,1.440993170176442,1.4208740762175978
CN,2012-02,0,1.4624075128059244,1.4357348979568572
CN,2012-03,0,1.4506972111553835,1.4277273477029115
CN,2012-04,0,1.4661923733636932,1.4384085305777092
CN,2012-05,0,1.402433124644285,1.3949222528710985
CN,2012-06,0,1.425199203187256,1.4111555249914682
CN,2012-07,0,1.446400113830398,1.4260312775148551
CN,2012-08,0,1.4728229937393336,1.4442993069876695
CN,2012-09,0,1.4765936254980132,1.4468594461046629
CN,2012-10,0,1.4531587933978423,1.4309885716165875
CN,2012-11,0,1.4645133750711492,1.438802295570841
CN,2012-12,0,1.463190096755839,1.4378987337885898
CN,2013-01,0,1.459988616960734,1.4357107202131814
CN,2013-02,0,1.41449914627206,1.4045533055866415
CN,2013-03,0,1.4345048377916956,1.4186966096475602
CN,2013-04,0,1.4480933409220316,1.4281692184337766
CN,2013-05,0,1.408366533864547,1.4007353466419281
CN,2013-06,0,1.391334661354587,1.3886419944495663
CN,2013-07,0,1.4266078542971028,1.4139940495102619
CN,2013-08,0,1.3895702902675067,1.3880320698968491
CN,2013-09,0,1.4213716562322194,1.4109178254339731
CN,2013-10,0,1.4064029595902159,1.4003866624011583
CN,2013-11,0,1.3802931132612462,1.3818216799038394
CN,2013-12,0,1.381175298804786,1.3824608090388502
CN,2014-01,0,1.320304496300517,1.3383890662579416
CN,2014-02,0,1.3285287421741652,1.3446181186444877
CN,2014-03,0,1.331787137165628,1.3470707528164292
CN,2014-04,0,1.344906089926015,1.3569213906505708
CN,2014-05,0,1.3586084234490658,1.3671097105828602
CN,2014-06,0,1.3822566875355768,1.384515950437075
CN,2014-07,0,1.3534575981787185,1.363681115911366
CN,2014-08,0,1.3580392714854916,1.3670662779681149
CN,2014-09,0,1.3185258964143476,1.3379703777973324
CN,2014-10,0,1.3114114968696693,1.3325746555259492
CN,2014-11,0,1.2936539556061522,1.3190338704208129
CN,2014-12,0,1.2752561183836137,1.3048122641382287
FN,2000-01,0,0.9576796701349742,0.9576796701349742
FN,2000-02,0,0.9517765679863416,0.9515157070346605
FN,2000-03,0,0.9399784170344362,0.9391197820363528
FN,2000-04,0,0.8920529587990853,0.8881340813363812
FN,2000-05,0,0.9165029153110203,0.9155427192101353
FN,2000-06,0,0.9312405373192025,0.9316229975834788
FN,2000-07,0,0.9040202300035436,0.902392840363284
FN,2000-08,0,0.8641642238185743,0.85830532455093
FN,2000-09,0,0.8563605321650614,0.8492749904565261
FN,2000-10,0,0.8234545630254808,0.8108496218137335
FN,2000-11,0,0.8447476081564282,0.8367078125227799
FN,2000-12,0,0.9083931965338402,0.9120505394661702
FN,2001-01,0,0.8997197435814839,0.902502413186216
FN,2001-02,0,0.8891295944335279,0.8907319155134628
FN,2001-03,0,0.8467931578777826,0.8431163183937671
FN,2001-04,0,0.8544921560416199,0.852208264983336
FN,2001-05,0,0.8140804690268341,0.8049150432386327
FN,2001-06,0,0.8169635666655932,0.8084565821263126
FN,2001-07,0,0.8420094707341432,0.839113890592067
FN,2001-08,0,0.8766952291982092,0.8803079147327024
FN,2001-09,0,0.8767032825435688,0.8803171007589192
FN,2001-10,0,0.8670473214573335,0.8693031564992143
FN,2001-11,0,0.8641481171278551,0.8659593893740181
FN,2001-12,0,0.8602986180459367,0.8615047142950363
FN,2002-01,0,0.8302596398543959,0.8265877940984531
FN,2002-02,0,0.8409222691105889,0.8394303179841893
FN,2002-03,0,0.8437892600586288,0.8428396591960379
FN,2002-04,0,0.8739248783944854,0.8785542857768059
FN,2002-05,0,0.9060013529620208,0.9152582123505225
FN,2002-06,0,0.9654994684792068,0.9809293234616336
FN,2002-07,0,0.9518329414038598,0.9667744455756068
FN,2002-08,0,0.9567132686918153,0.9719017395319993
FN,2002-09,0,0.9635747189382476,0.9790736378122589
FN,2002-10,0,0.9674966981284031,0.9831438765940288
FN,2002-11,0,0.9743581483748356,0.9902358390365938
FN,2002-12,0,1.0303933253873667,1.0477456747227776
FN,2003-01,0,1.0569693650742529,1.0735378057780667
FN,2003-02,0,1.0628724672228855,1.0791227378902835
FN,2003-03,0,1.073663950004833,1.0892758683125474
FN,2003-04,0,1.1023016461037927,1.1159487356457856
FN,2003-05,0,1.1635473375640253,1.171510379481402
FN,2003-06,0,1.1358357761814268,1.1476939342986776
FN,2003-07,0,1.1120703540250632,1.1267706435776716
FN,2003-08,0,1.0863238089102225,1.1036187404434383
FN,2003-09,0,1.1538108430241933,1.1657429740839331
FN,2003-10,0,1.1478513674580435,1.1605779371957983
FN,2003-11,0,1.1895515897303754,1.1969068761634611
FN,2003-12,0,1.2472457558869967,1.2454076445661988
FN,2004-01,0,1.2392809973262906,1.2390217671053114
FN,2004-02,0,1.243259349933964,1.2422319773935806
FN,2004-03,0,1.2253326031633553,1.2278128244054605
FN,2004-04,0,1.1943997036368923,1.2025683320557052
FN,2004-05,0,1.2183503527365283,1.2226207893919783
FN,2004-06,0,1.2173275778758512,1.221781314229206
FN,2004-07,0,1.2003430725123234,1.2078290258951452
FN,2004-08,0,1.2163289630512533,1.2211467938774865
FN,2004-09,0,1.243339883387561,1.2433537141735789
FN,2004-10,0,1.2793544438359714,1.2723196959856367
FN,2004-11,0,1.329365718519475,1.3114107195283786
FN,2004-12,0,1.355369970685825,1.330972117723084
FN,2005-01,0,1.3033936797345638,1.2926237021056413
FN,2005-02,0,1.3233820829172458,1.3079593627686212
FN,2005-03,0,1.2944544663853386,1.286100508167734
FN,2005-04,0,1.284476371484717,1.2783921683537545
FN,2005-05,0,1.2276358599362194,1.2341402748893415
FN,2005-06,0,1.2057710272847362,1.2163297552026493
FN,2005-07,0,1.2067615887639744,1.217151272270835
FN,2005-08,0,1.225638630287023,1.2327939988034085
FN,2005-09,0,1.1930225815803903,1.20618252630193
FN,2005-10,0,1.1890683890087963,1.202868094008154
FN,2005-11,0,1.1673082498469884,1.1845679362014638
FN,2005-12,0,1.1692410527333075,1.1862237138305283
FN,2006-01,0,1.19876461682183,1.2114739084071777
FN,2006-02,0,1.1741616467480613,1.1909503045832708
FN,2006-03,0,1.1917501530135641,1.2059299339334677
FN,2006-04,0,1.2377347550172368,1.2445157078789477
FN,2006-05,0,1.2543729665302994,1.2579581772332407
FN,2006-06,0,1.2504751473762228,1.2548507927008248
FN,2006-07,0,1.2465773282221462,1.2517337222318474
FN,2006-08,0,1.2475517830106653,1.2525154264763076
FN,2006-09,0,1.2329913346003958,1.2408442088093894
FN,2006-10,0,1.2387977966047123,1.2455534568319622
FN,2006-11,0,1.283316689752926,1.2814906317851553
FN,2006-12,0,1.2761975324549844,1.2759431645428239
FN,2007-01,0,1.2589392133492279,1.2624199295679395
FN,2007-02,0,1.27677737332088,1.2765891283525226
FN,2007-03,0,1.286844055020458,1.2844735739183104
FN,2007-04,0,1.3139355088103626,1.3055262054972578
FN,2007-05,0,1.2934719582514604,1.28995196275727
FN,2007-06,0,1.2996891408691198,1.2947585475293617
FN,2007-07,0,1.3133878813259057,1.3052985605417236
FN,2007-08,0,1.3072592855072025,1.300632310832981
FN,2007-09,0,1.3659681731791418,1.345542213805413
FN,2007-10,0,1.3867055374802724,1.3607236541261392
FN,2007-11,0,1.3994137164578198,1.3698879493813805
FN,2007-12,0,1.393301227329836,1.3655200565587664
FN,2008-01,0,1.4189913990271592,1.3839584036967767
FN,2008-02,0,1.450125632187614,1.4058995043840674
FN,2008-03,0,1.5084640659730084,1.4461294213584932
FN,2008-04,0,1.4969558354540509,1.4385003165103545
FN,2008-05,0,1.4909158264343043,1.43446545530958
FN,2008-06,0,1.5140369809618952,1.4499734766999544
FN,2008-07,0,1.499106078665081,1.440111827027878
FN,2008-08,0,1.4098750120800214,1.3805889768073536
FN,2008-09,0,1.368521083658155,1.3512573494875275
FN,2008-10,0,1.2336436555745287,1.2527002796007494
FN,2008-11,0,1.229673356312215,1.249481927814662
FN,2008-12,0,1.349700415552624,1.347090824213271
FN,2009-01,0,1.2394662242695647,1.2654177432741023
FN,2009-02,0,1.2309377315336822,1.2585369646220594
FN,2009-03,0,1.2877460297007408,1.3046873885726504
FN,2009-04,0,1.2856118931804303,1.3030301234977921
FN,2009-05,0,1.369954579132175,1.3686352150492496
FN,2009-06,0,1.3624005411848115,1.3631211359239777
FN,2009-07,0,1.3831701188673808,1.378365975495538
FN,2009-08,0,1.390538929871472,1.3836934553937625
FN,2009-09,0,1.4211094288567505,1.4056780962611017
FN,2009-10,0,1.428969493927781,1.4112090320999793
FN,2009-11,0,1.4546838256611834,1.42920405007809
FN,2009-12,0,1.3914006378249562,1.3857009968923135
FN,2010-01,0,1.3458750765067846,1.3529817641418258
FN,2010-02,0,1.3221901878040174,1.335383631063798
FN,2010-03,0,1.3116080920014213,1.327380171425233
FN,2010-04,0,1.2919981960506433,1.3124291383610387
FN,2010-05,0,1.196461360048968,1.2384841156096829
FN,2010-06,0,1.187989240730603,1.2314031353112316
FN,2010-07,0,1.266171117482206,1.297213391895308
FN,2010-08,0,1.2281512740392397,1.2671859786033597
FN,2010-09,0,1.3227378152884748,1.3442013620081674
FN,2010-10,0,1.3473810520890417,1.3628318392771583
FN,2010-11,0,1.2621041780755764,1.2995410026713978
FN,2010-12,0,1.29732951067874,1.3274510066275484
FN,2011-01,0,1.3287778243082218,1.3516918131232156
FN,2011-02,0,1.339746480688082,1.3599465086631346
FN,2011-03,0,1.3787085655381288,1.3890281934532571
FN,2011-04,0,1.4408320716425649,1.4340873942570094
FN,2011-05,0,1.397956060947722,1.4043295817133425
FN,2011-06,0,1.4126936829559043,1.4148718458229819
FN,2011-07,0,1.3990432625712765,1.4052091563459073
FN,2011-08,0,1.401869986792518,1.4072296258316372
FN,2011-09,0,1.3087169410173025,1.3407804924220907
FN,2011-10,0,1.3579792545823575,1.3784221794982598
FN,2011-11,0,1.3107624907386568,1.3436523082470073
FN,2011-12,0,1.264544341719554,1.3083918019801113
FN,2012-01,0,1.2760525722385117,1.3174924955179184
FN,2012-02,0,1.3007199690751579,1.336823514766893
FN,2012-03,0,1.300027381374227,1.3362910498879048
FN,2012-04,0,1.2905727539219833,1.3290184127206404
FN,2012-05,0,1.205392520052834,1.263016528200538
FN,2012-06,0,1.2336517089198895,1.2864605005140686
FN,2012-07,0,1.1990786972908587,1.2584355633465913
FN,2012-08,0,1.2252762297458406,1.2802836142828404
FN,2012-09,0,1.2513690687111467,1.3015790889944638
FN,2012-10,0,1.2615887639725583,1.3097459004627523
FN,2012-11,0,1.264793995425704,1.312286531407382
FN,2012-12,0,1.2837435170569897,1.3272688302638116
FN,2013-01,0,1.3197017040878825,1.3552792439898553
FN,2013-02,0,1.2698434429662124,1.3174992964704804
FN,2013-03,0,1.2455626067068302,1.2983781706388857
FN,2013-04,0,1.2788792964597537,1.3251264766441617
FN,2013-05,0,1.261105563250979,1.3112285792757574
FN,2013-06,0,1.2643188480494842,1.3137765696202148
FN,2013-07,0,1.295002093869798,1.3380451675831813
FN,2013-08,0,1.282285861546891,1.3282256990409278
FN,2013-09,0,1.3127516670424941,1.3519846800990598
FN,2013-10,0,1.3190654898044694,1.3567942895023368
FN,2013-11,0,1.3185742357375299,1.3564218636669734
FN,2013-12,0,1.3381841316883079,1.371293909107638
FN,2014-01,0,1.3086766742905047,1.3492435374890661
FN,2014-02,0,1.34147794994041,1.3743079986308437
FN,2014-03,0,1.336919756466841,1.3709101094044338
FN,2014-04,0,1.3462374770479704,1.377879653040885
FN,2014-05,0,1.3233337628450907,1.3608665223017948
FN,2014-06,0,1.3293496118287587,1.365412502426064
FN,2014-07,0,1.2996488741423236,1.3430701950133614
FN,2014-08,0,1.274707663563449,1.3238794650592158
FN,2014-09,0,1.2252440163644023,1.2850755505516567
FN,2014-10,0,1.2150565344844295,1.2767608950675993
FN,2014-11,0,1.2059401475372915,1.2692580450450641
FN,2014-12,0,1.1732757787585004,1.2421718178840426
EC,2000-01,0,0.9984013022458617,0.9984013022458617
EC,2000-02,0,1.000273629987052,1.0002766280662292
EC,2000-03,0,0.9993630825407765,0.9993663297048826
EC,2000-04,0,0.9980252065615307,0.9980276010659935
EC,2000-05,0,0.9965534265460677,0.9965529088379949
EC,2000-06,0,1.000261986157816,1.0002742944787042
EC,2000-07,0,1.0014973964397829,1.0015093811850504
EC,2000-08,0,1.0032986968226318,1.003307988339949
EC,2000-09,0,1.0041067785716282,1.0041134132363985
EC,2000-10,0,1.0044293126414725,1.004434628147728
EC,2000-11,0,1.0062282842584742,1.0062256666950509
EC,2000-12,0,1.0106855420901137,1.0106553352915006
EC,2001-01,0,1.0186324555438597,1.0185182294586732
EC,2001-02,0,1.0209099885424717,1.0207541026494562
EC,2001-03,0,1.0241772470261656,1.0239544420724824
EC,2001-04,0,1.0265339580635844,1.0262555193950471
EC,2001-05,0,1.0304195038797237,1.0300406312129444
EC,2001-06,0,1.0310086816390782,1.030612415575659
EC,2001-07,0,1.0340104608161853,1.033523913054356
EC,2001-08,0,1.0358862817061467,1.035338034826858
EC,2001-09,0,1.0460746322878725,1.045173429658948
EC,2001-10,0,1.050096410906076,1.0490180679802192
EC,2001-11,0,1.0532425735657127,1.0520141382714432
EC,2001-12,0,1.0540483265488616,1.0527791595527431
EC,2002-01,0,1.0537257924790173,1.0524731640288945
EC,2002-02,0,1.0546142166497439,1.0533162905586495
EC,2002-03,0,1.0511629856641171,1.0500437849057385
EC,2002-04,0,1.0561779829161735,1.0548146884862977
EC,2002-05,0,1.057879146367591,1.0564253672534505
EC,2002-06,0,1.0618322263933007,1.0601621646364814
EC,2002-07,0,1.0636195541810662,1.0618454134052973
EC,2002-08,0,1.0634029789572719,1.061641792455548
EC,2002-09,0,1.0665433197022907,1.0645948975409767
EC,2002-10,0,1.066921744152469,1.064949711492916
EC,2002-11,0,1.0675982506310957,1.0655837846874445
EC,2002-12,0,1.0693320168043745,1.0672077721492579
EC,2003-01,0,1.0694414687991953,1.0673101276320274
EC,2003-02,0,1.0697383864447199,1.0675877656834656
EC,2003-03,0,1.0708224269466153,1.0686011354153848
EC,2003-04,0,1.070226262889719,1.0680444006646979
EC,2003-05,0,1.0700096876659246,1.0678420367055015
EC,2003-06,0,1.0704963997280004,1.0682969036732364
EC,2003-07,0,1.0696312632157465,1.0674887398041437
EC,2003-08,0,1.0700911944705787,1.0679187302790383
EC,2003-09,0,1.0712287965869611,1.0689818192216076
EC,2003-10,0,1.0706337969129884,1.0684263826277927
EC,2003-11,0,1.0697651672519637,1.0676150597800276
EC,2003-12,0,1.0714465361936796,1.0691867775674322
EC,2004-01,0,1.0719344126386787,1.069642121281298
EC,2004-02,0,1.0727215354950497,1.0703764226033663
EC,2004-03,0,1.0733735899322803,1.0709842732110542
EC,2004-04,0,1.0716351662273071,1.0693646845410152
EC,2004-05,0,1.0708503721367835,1.0686323512663556
EC,2004-06,0,1.0698140713347566,1.0676646149429707
EC,2004-07,0,1.0706873585274759,1.0684809130419757
EC,2004-08,0,1.071396467727964,1.069143206469502
EC,2004-09,0,1.0699735917952933,1.067815149139158
EC,2004-10,0,1.0697535234227282,1.0676094726867178
EC,2004-11,0,1.0678637299376836,1.0658429036185477
EC,2004-12,0,1.0676983875625288,1.0656880689046049
EC,2005-01,0,1.0668740044526017,1.064915956555715
EC,2005-02,0,1.0661287993814812,1.064217462574223
EC,2005-03,0,1.065466265497938,1.0635960236974873
EC,2005-04,0,1.0664606485147143,1.0645293080716403
EC,2005-05,0,1.067042839976527,1.0650752180052354
EC,2005-06,0,1.065767840675157,1.0638803275532287
EC,2005-07,0,1.0643822249960424,1.0625802173169911
EC,2005-08,0,1.0665223608096668,1.0645909008509369
EC,2005-09,0,1.0631316777360684,1.0614117053664425
EC,2005-10,0,1.0620755824243397,1.060418323893719
EC,2005-11,0,1.0615748977671806,1.059946902965261
EC,2005-12,0,1.061685514144925,1.0600511032228
EC,2006-01,0,1.061128939107432,1.0595268660263064
EC,2006-02,0,1.0608227063985183,1.0592382746048237
EC,2006-03,0,1.0593136661294993,1.057815755780597
EC,2006-04,0,1.0594813372705014,1.0579740385880063
EC,2006-05,0,1.0575822287220678,1.0561815496770395
EC,2006-06,0,1.0558484625487892,1.0545421819511145
EC,2006-07,0,1.05696627015547,1.0556008638039842
EC,2006-08,0,1.0587000363287489,1.0572411868892457
EC,2006-09,0,1.058811817089417,1.0573467699220525
EC,2006-10,0,1.0584764748074127,1.0570300542634323
EC,2006-11,0,1.0590912689910872,1.0576108835953137
EC,2006-12,0,1.0576381191024022,1.0562388112053023
EC,2007-01,0,1.0570803796819856,1.05571146691774
EC,2007-02,0,1.0586988719458255,1.0572425636015386
EC,2007-03,0,1.0578616806237386,1.056451789809036
EC,2007-04,0,1.057192160442654,1.0558188902595504
EC,2007-05,0,1.056410859500901,1.0550798562683923
EC,2007-06,0,1.0564655854983114,1.055131659974231
EC,2007-07,0,1.0570803796819856,1.0557135948636522
EC,2007-08,0,1.055644695537155,1.0543554349995343
EC,2007-09,0,1.056643736085626,1.055301814546265
EC,2007-10,0,1.0576986670144308,1.0563001935578256
EC,2007-11,0,1.0572550371205294,1.0558807641799353
EC,2007-12,0,1.0565377772395759,1.0552023470943974
EC,2008-01,0,1.0712113308431082,1.0690906849462345
EC,2008-02,0,1.0731057818598475,1.0708591978084425
EC,2008-03,0,1.0740943429620058,1.071780412770536
EC,2008-04,0,1.0696429070449844,1.0676360506423959
EC,2008-05,0,1.0685984555624921,1.0666596018896266
EC,2008-06,0,1.0676075656944866,1.0657323219905706
EC,2008-07,0,1.0689279759298782,1.0669691156194474
EC,2008-08,0,1.0688453047423008,1.0668917753407392
EC,2008-09,0,1.0635578418861162,1.0619448828084663
EC,2008-10,0,1.0768876975957842,1.0744781510377042
EC,2008-11,0,1.0795040660251713,1.0769077158244764
EC,2008-12,0,1.0889693348113254,1.085675879913942
EC,2009-01,0,1.086932829077904,1.0838057577091011
EC,2009-02,0,1.0861631719653875,1.0830976577309548
EC,2009-03,0,1.0884185816884504,1.085174150270268
EC,2009-04,0,1.0901244026715622,1.0867413974781075
EC,2009-05,0,1.0930411818952448,1.089417036346969
EC,2009-06,0,1.093756113010351,1.0900711115336574
EC,2009-07,0,1.0956831667489517,1.0918329793903743
EC,2009-08,0,1.0980806311886973,1.0940210794839982
EC,2009-09,0,1.09907384982255,1.0949255837668737
EC,2009-10,0,1.0996257673283487,1.0954277497549807
EC,2009-11,0,1.0996804933257591,1.0954775175933094
EC,2009-12,0,1.1000111780760686,1.0957782274379566
EC,2010-01,0,1.1007284379570221,1.0964302752491504
EC,2010-02,0,1.1015027526012333,1.097133731812559
EC,2010-03,0,1.1012815198457444,1.0969328855096638
EC,2010-04,0,1.1001765204512235,1.0959295095566417
EC,2010-05,0,1.0986302199286484,1.0945240073541944
EC,2010-06,0,1.100735424254564,1.0964402156358601
EC,2010-07,0,1.1034496008495356,1.098906000360477
EC,2010-08,0,1.104086518308759,1.0994832061148068
EC,2010-09,0,1.1046966549607389,1.100035822818174
EC,2010-10,0,1.1050843944743065,1.1003868146599853
EC,2010-11,0,1.1032260393281998,1.0987051737324698
EC,2010-12,0,1.1055559695583752,1.1008170983491095
EC,2011-01,0,1.1057783666967878,1.101018261514554
EC,2011-02,0,1.1063046677782666,1.1014942168210873
EC,2011-03,0,1.1063605581586007,1.1015447367022393
EC,2011-04,0,1.1070824755712487,1.1021972522021135
EC,2011-05,0,1.1072769275194942,1.102372895799168
EC,2011-06,0,1.1071104207614155,1.1022225208081065
EC,2011-07,0,1.106776242862335,1.1019206738623872
EC,2011-08,0,1.10691596881317,1.1020469197515055
EC,2011-09,0,1.106638845677347,1.1017965636778462
EC,2011-10,0,1.10691596881317,1.102046982445365
EC,2011-11,0,1.1075319273797681,1.1026034461553054
EC,2011-12,0,1.1070300783396854,1.1021503223873341
EC,2012-01,0,1.109148090877761,1.1040635608616238
EC,2012-02,0,1.1094822687768415,1.1043648532695798
EC,2012-03,0,1.1092587072555053,1.1041633525087047
EC,2012-04,0,1.109203981258095,1.1041140168604446
EC,2012-05,0,1.109203981258095,1.1041140168604446
EC,2012-06,0,1.1100400081972581,1.1048677347998763
EC,2012-07,0,1.1110995966577577,1.1058222845932846
EC,2012-08,0,1.1114337745568383,1.1061230478192687
EC,2012-09,0,1.1118250072191764,1.10647505499351
EC,2012-10,0,1.1118808975995107,1.1065253240376234
EC,2012-11,0,1.1119088427896777,1.106550457296255
EC,2012-12,0,1.1121312399280905,1.1067504711192
EC,2013-01,0,1.1120753495477564,1.1067002159170012
EC,2013-02,0,1.1121871303084248,1.1068007313728232
EC,2013-03,0,1.1119635687870884,1.1065997206658622
EC,2013-04,0,1.112577198587839,1.1071515641056793
EC,2013-05,0,1.1124106918297607,1.1070019054947624
EC,2013-06,0,1.1124106918297607,1.1070019054947624
EC,2013-07,0,1.1128007601091752,1.1073525568165083
EC,2013-08,0,1.1130802120108452,1.1076036816464756
EC,2013-09,0,1.1132478831518475,1.107754318715748
EC,2013-10,0,1.113637951431262,1.1081047063385927
EC,2013-11,0,1.113721787001763,1.108179987151709
EC,2013-12,0,1.1134982254804269,1.1079792534281299
EC,2014-01,0,1.113777677382097,1.108230220960251
EC,2014-02,0,1.1139453485230992,1.1083807636981842
EC,2014-03,0,1.1139453485230992,1.1083807636981842
EC,2014-04,0,1.1141130196641014,1.1085312837764127
EC,2014-05,0,1.1141130196641014,1.1085312837764127
EC,2014-06,0,1.1141130196641014,1.1085312837764127
EC,2014-07,0,1.1141130196641014,1.1085312837764127
EC,2014-08,0,1.1142248004247697,1.1086316153933091
EC,2014-09,0,1.1143365811854378,1.1087319369447817
EC,2014-10,0,1.1143924715657718,1.1087820926888161
EC,2014-11,0,1.1144763071362729,1.108857322531659
EC,2014-12,0,1.1141409648542688,1.108556425796702
JN,2000-01,0,0.9470311348040606,0.9470311348040606
JN,2000-02,0,0.9199228718879375,0.9184066662730109
JN,2000-03,0,0.9855384789882609,0.9897339580552685
JN,2000-04,0,0.9268417172347306,0.9301758961379019
JN,2000-05,0,0.9265581579992063,0.9298699547562705
JN,2000-06,0,0.9367095786309761,0.9408260081287763
JN,2000-07,0,0.9021720637441165,0.9039549056283224
JN,2000-08,0,0.91901548233426,0.9226247572752925
JN,2000-09,0,0.902398911132536,0.9045439180281466
JN,2000-10,0,0.8902625758520959,0.8910949486968243
JN,2000-11,0,0.8746668178982594,0.8735767935178207
JN,2000-12,0,0.837520558044576,0.8311077537719866
JN,2001-01,0,0.8204502920660129,0.8107258469464178
JN,2001-02,0,0.8099586003516138,0.7979381231612516
JN,2001-03,0,0.7508648556683496,0.7249791538292254
JN,2001-04,0,0.7624907843248457,0.7404625375150258
JN,2001-05,0,0.7882379629104523,0.7742297372175174
JN,2001-06,0,0.750297737197301,0.7260967780118193
JN,2001-07,0,0.7459309249702266,0.7202766721917133
JN,2001-08,0,0.7830771848239101,0.7700751972430323
JN,2001-09,0,0.7750808143821246,0.7598637256323716
JN,2001-10,0,0.755118244201214,0.7341082562535762
JN,2001-11,0,0.7463846197470656,0.7225423531367907
JN,2001-12,0,0.6994272103442413,0.6596292006407798
JN,2002-01,0,0.6817331140475249,0.6343312196142655
JN,2002-02,0,0.6866103328985428,0.6414853665238403
JN,2002-03,0,0.6905234503487783,0.6471845488150769
JN,2002-04,0,0.7119605285544154,0.6782292268702674
JN,2002-05,0,0.7349855384789885,0.7105695168176943
JN,2002-06,0,0.763228038337209,0.7489954427436203
JN,2002-07,0,0.7600521748993369,0.7448343489703999
JN,2002-08,0,0.7659502069982422,0.7525943847859498
JN,2002-09,0,0.7454205183462829,0.7257914823722078
JN,2002-10,0,0.7386150966936997,0.7166618414714166
JN,2002-11,0,0.7378211308342317,0.7155869028964781
JN,2002-12,0,0.7611296999943293,0.7471779866781844
JN,2003-01,0,0.7525662110814955,0.7359269621643627
JN,2003-02,0,0.7635683094198383,0.7505464045155307
JN,2003-03,0,0.7618669540066926,0.7483182405226609
JN,2003-04,0,0.7566494640730453,0.741469945152704
JN,2003-05,0,0.7533601769409636,0.7371227708160231
JN,2003-06,0,0.7495037713378331,0.7320038307377332
JN,2003-07,0,0.7436624510860325,0.7242102472026244
JN,2003-08,0,0.7683888164237517,0.757459694316176
JN,2003-09,0,0.8033233142403456,0.8029243042504886
JN,2003-10,0,0.8125106334713331,0.8143609438551479
JN,2003-11,0,0.8156297850621004,0.818199849418071
JN,2003-12,0,0.8295808994498961,0.835304563644187
JN,2004-01,0,0.8429081835195382,0.8513696443114005
JN,2004-02,0,0.8156864969092054,0.8190746836708839
JN,2004-03,0,0.8526059093744695,0.8643364510351332
JN,2004-04,0,0.8054783644303306,0.8090617403792866
JN,2004-05,0,0.8044008393353382,0.8077239948325711
JN,2004-06,0,0.8154029376736812,0.8214013777992941
JN,2004-07,0,0.7952702319514559,0.7967108784252505
JN,2004-08,0,0.8097317529631953,0.8148952897495034
JN,2004-09,0,0.8033233142403462,0.8069810160417014
JN,2004-10,0,0.8331537458175028,0.8441147964864596
JN,2004-11,0,0.8556116372710275,0.8710700752285466
JN,2004-12,0,0.8569160097544393,0.8725945665124333
JN,2005-01,0,0.8462541824987256,0.8601524751821885
JN,2005-02,0,0.8376906935858919,0.8500331882233358
JN,2005-03,0,0.8146089718142135,0.8224791972951657
JN,2005-04,0,0.8307718482390989,0.8423204671364356
JN,2005-05,0,0.801054840356152,0.8065501073849167
JN,2005-06,0,0.7821697952702336,0.7829748861459787
JN,2005-07,0,0.7691260704361158,0.7662985520392502
JN,2005-08,0,0.7789372199852567,0.7790547826836979
JN,2005-09,0,0.7563659048375224,0.7500777167936362
JN,2005-10,0,0.7363466228095068,0.7236099954170148
JN,2005-11,0,0.7127544944138849,0.6915705622685244
JN,2005-12,0,0.7210344240911944,0.7031873668515924
JN,2006-01,0,0.7219985254919771,0.7045244755506642
JN,2006-02,0,0.729768048545343,0.7152856097899228
JN,2006-03,0,0.7145125616741356,0.6943810403152569
JN,2006-04,0,0.7367436057392409,0.7254946207581492
JN,2006-05,0,0.7406000113423714,0.7307290137994855
JN,2006-06,0,0.7259683547893174,0.7109725240223204
JN,2006-07,0,0.7219985254919773,0.7055042012350383
JN,2006-08,0,0.7018658197697518,0.6776195103230911
JN,2006-09,0,0.6947768388816443,0.6675193163993678
JN,2006-10,0,0.6988033800260894,0.6733147616691417
JN,2006-11,0,0.7026597856292199,0.6788333463144915
JN,2006-12,0,0.6805421652583244,0.6473563487357992
JN,2007-01,0,0.6686893892134086,0.6299396820691324
JN,2007-02,0,0.6796914875517515,0.6463929091067034
JN,2007-03,0,0.6800317586343806,0.6468935348889311
JN,2007-04,0,0.6674984404242066,0.6284630453551142
JN,2007-05,0,0.6529802075653625,0.6067128329506963
JN,2007-06,0,0.6429422106278022,0.5913402430601283
JN,2007-07,0,0.6639255940566006,0.6239767430160248
JN,2007-08,0,0.6777065729030817,0.6447335551796876
JN,2007-09,0,0.6814495548120024,0.6502565677319887
JN,2007-10,0,0.6752112516304678,0.6411021070129475
JN,2007-11,0,0.6981228378608314,0.675034578035961
JN,2007-12,0,0.6910905688198288,0.6649614667443282
JN,2008-01,0,0.7226790676572361,0.7106696564702433
JN,2008-02,0,0.7383315374581776,0.7323286064820145
JN,2008-03,0,0.7687290875063829,0.7734992033020469
JN,2008-04,0,0.7366301820450318,0.7317433936377162
JN,2008-05,0,0.7244938467645918,0.715267914386042
JN,2008-06,0,0.7193330686780496,0.7081446267148092
JN,2008-07,0,0.7057222253728831,0.6892231508396909
JN,2008-08,0,0.6989168037202997,0.6795799492967787
JN,2008-09,0,0.7176884251120085,0.7064381122308908
JN,2008-10,0,0.7661770543866641,0.7740003405991245
JN,2008-11,0,0.7907332841830688,0.8060506736857271
JN,2008-12,0,0.8307718482391002,0.8566854007889331
JN,2009-01,0,0.8389383542222002,0.866515423316068
JN,2009-02,0,0.7697499007542704,0.7840439841218544
JN,2009-03,0,0.759428344581186,0.7706350104240722
JN,2009-04,0,0.7619236658537999,0.7739207993868085
JN,2009-05,0,0.7900527420178108,0.810839295851267
JN,2009-06,0,0.7811489820223478,0.7995694659754506
JN,2009-07,0,0.793285317302788,0.815105984052988
JN,2009-08,0,0.8087676515624149,0.8346227126775233
JN,2009-09,0,0.8352520841603847,0.867369364384977
JN,2009-10,0,0.8315658140985688,0.862956002081881
JN,2009-11,0,0.8673509896217357,0.9059894877260193
JN,2009-12,0,0.805081381500599,0.8341966277809428
JN,2010-01,0,0.8304315771564718,0.8656843708071474
JN,2010-02,0,0.8435887256847993,0.8815281186730217
JN,2010-03,0,0.801905518062727,0.8321163539671396
JN,2010-04,0,0.7979924006124917,0.8272365802754847
JN,2010-05,0,0.8254409346112441,0.8616335669857399
JN,2010-06,0,0.8464243180400425,0.8870543845741975
JN,2010-07,0,0.8666137356093728,0.9109069808891053
JN,2010-08,0,0.8899223047694704,0.9378031264293185
JN,2010-09,0,0.8968411501162633,0.9455777886775977
JN,2010-10,0,0.9288266318834048,0.9812423896640655
JN,2010-11,0,0.8937219985254963,0.9434477871484959
JN,2010-12,0,0.9203765666647806,0.9732720145740937
JN,2011-01,0,0.910508705268535,0.9625504667276462
JN,2011-02,0,0.9133442976237781,0.9656647613399165
JN,2011-03,0,0.8982589462938851,0.9491481515913912
JN,2011-04,0,0.919922871887942,0.9732658357886259
JN,2011-05,0,0.9156694833550775,0.9686421997612541
JN,2011-06,0,0.9272387001644689,0.981276908048136
JN,2011-07,0,0.9681846537741781,1.0254359294548638
JN,2011-08,0,0.9739692621788739,1.031410624862549
JN,2011-09,0,0.9673906879147101,1.0246562286822765
JN,2011-10,0,0.9550275052458504,1.0118763013754408
JN,2011-11,0,0.9608688254976511,1.0179926909241344
JN,2011-12,0,0.9671638405262905,1.0245440690744028
JN,2012-01,0,0.9764078716043827,1.0341019440597434
JN,2012-02,0,0.9159530425906015,0.9721863954740433
JN,2012-03,0,0.897011285657578,0.9515065614080411
JN,2012-04,0,0.9310383939204943,0.9894404300304094
JN,2012-05,0,0.9481653717461622,1.007835995602682
JN,2012-06,0,0.9300175806726071,0.9886960948909171
JN,2012-07,0,0.9501502863948325,1.010343756333688
JN,2012-08,0,0.9472012703453798,1.0072400199125349
JN,2012-09,0,0.9512845233369297,1.0115508808872684
JN,2012-10,0,0.9297340214370826,0.9888967733398736
JN,2012-11,0,0.8998468780128211,0.9567508663007129
JN,2012-12,0,0.8554415017297156,0.9074031635213596
JN,2013-01,0,0.8106391425168757,0.8550297877589623
JN,2013-02,0,0.7991833494016938,0.8408979842050236
JN,2013-03,0,0.7871037259683586,0.8257830253631275
JN,2013-04,0,0.7593149208869769,0.7904778881054001
JN,2013-05,0,0.7353825214087258,0.7589594774698037
JN,2013-06,0,0.746327907899964,0.7738434136154041
JN,2013-07,0,0.7569897351556777,0.7881291279011182
JN,2013-08,0,0.7538138717178056,0.7839337428247024
JN,2013-09,0,0.7533601769409668,0.7833318770407723
JN,2013-10,0,0.7522826518459745,0.7819015849600739
JN,2013-11,0,0.7218851017977693,0.7414944986426973
JN,2013-12,0,0.7023762263936973,0.7144695948796367
JN,2014-01,0,0.7225089321159229,0.7431333009757207
JN,2014-02,0,0.7261952021777388,0.7482353417920471
JN,2014-03,0,0.7160437815459688,0.7342564273055184
JN,2014-04,0,0.7236998809051249,0.7449486497037441
JN,2014-05,0,0.7265354732603682,0.7488668379335068
JN,2014-06,0,0.7295412011569257,0.7530039076392282
JN,2014-07,0,0.7179719843475342,0.7371456986840044
JN,2014-08,0,0.7092950717404906,0.7250603906271325
JN,2014-09,0,0.6728860658991702,0.6737291361296511
JN,2014-10,0,0.6572335960982287,0.6504674420714969
JN,2014-11,0,0.6215618442692714,0.5961918358932244
JN,2014-12,0,0.6152668292406319,0.5860640986669472
MP,2000-01,0,0.996847118803247,0.996847118803247
MP,2000-02,0,1.0328033809619643,1.0329171053442967
MP,2000-03,0,1.0593345408197492,1.058605595861314
MP,2000-04,0,1.0498758972294897,1.0496767417309274
MP,2000-05,0,1.044106795465218,1.044181709623327
MP,2000-06,0,1.0243509760515197,1.0252604464924846
MP,2000-07,0,1.0860669484134973,1.0855093004545013
MP,2000-08,0,1.1130341450325354,1.1103394425175033
MP,2000-09,0,1.0914335547058434,1.0909324994123926
MP,2000-10,0,1.0869390219360038,1.0868144908075983
MP,2000-11,0,1.113302475347153,1.1110692584432214
MP,2000-12,0,1.0980411887032946,1.0973611360040796
MP,2001-01,0,1.1018313543972638,1.1008128878445047
MP,2001-02,0,1.1115918695914677,1.1096713353330891
MP,2001-03,0,1.1506674716576115,1.1448241671728046
MP,2001-04,0,1.1879989266787425,1.1772674715510472
MP,2001-05,0,1.2114442879184284,1.1970026419398214
MP,2001-06,0,1.241161870262294,1.2215333468515
MP,2001-07,0,1.2329107130878123,1.2148854168979815
MP,2001-08,0,1.2366002549138,1.2178779627383427
MP,2001-09,0,1.2003756624404653,1.1885842663078339
MP,2001-10,0,1.2446166230629918,1.2254401956696312
MP,2001-11,0,1.259777285838869,1.2376211857793138
MP,2001-12,0,1.2819480780841226,1.2552201633878761
MP,2002-01,0,1.2875830146910858,1.2596157677834805
MP,2002-02,0,1.2991883007982838,1.268629001085554
MP,2002-03,0,1.3231703226672047,1.2870882358663667
MP,2002-04,0,1.276145435030524,1.2515486784631373
MP,2002-05,0,1.2483732474676341,1.2297861216255417
MP,2002-06,0,1.2093647279801447,1.1985386405003098
MP,2002-07,0,1.232642382773195,1.2177864771987787
MP,2002-08,0,1.2314348963574173,1.2168068853620442
MP,2002-09,0,1.1994029650499778,1.190795009783246
MP,2002-10,0,1.2121821962836263,1.2014496701484685
MP,2002-11,0,1.2249614275172749,1.2119920055109477
MP,2002-12,0,1.2054068558395394,1.1960285872036724
MP,2003-01,0,1.1523780774132968,1.1520361557940224
MP,2003-02,0,1.148252498826056,1.1484560993280915
MP,2003-03,0,1.1876970550747983,1.1828079133141869
MP,2003-04,0,1.257462936875295,1.241548382108313
MP,2003-05,0,1.2561548265915354,1.2405081047010045
MP,2003-06,0,1.246260146240023,1.2326311454742815
MP,2003-07,0,1.2363990071778375,1.2247185606965876
MP,2003-08,0,1.1857852015831505,1.1837820949595144
MP,2003-09,0,1.2001744147045028,1.1959168501429498
MP,2003-10,0,1.2028241765613483,1.1981246641276346
MP,2003-11,0,1.1652579325149273,1.1668929639519565
MP,2003-12,0,1.1889045414905763,1.1871859894837489
MP,2004-01,0,1.2114778292077564,1.2061726170298752
MP,2004-02,0,1.214496545247201,1.2086643803677306
MP,2004-03,0,1.2122492788622814,1.2068140116748642
MP,2004-04,0,1.1846447977460275,1.184042720656105
MP,2004-05,0,1.19182263366204,1.1901017823509434
MP,2004-06,0,1.1903132756423178,1.1888353539604333
MP,2004-07,0,1.203830415241164,1.2001913052679174
MP,2004-08,0,1.2138592607499854,1.2085220845719211
MP,2004-09,0,1.2205004360367633,1.2139932091919818
MP,2004-10,0,1.2085597370362937,1.2042097641001934
MP,2004-11,0,1.247568256523783,1.2364866291090744
MP,2004-12,0,1.2646072315019812,1.2501443788066144
MP,2005-01,0,1.2667203327295924,1.251815333372564
MP,2005-02,0,1.2824511974240311,1.264233910929096
MP,2005-03,0,1.2811766284295993,1.263240057130221
MP,2005-04,0,1.3025759710203284,1.2799429395555422
MP,2005-05,0,1.3312202321057245,1.3019334120674513
MP,2005-06,0,1.3533239417723242,1.3185375089204836
MP,2005-07,0,1.3806265512846339,1.3387119909270266
MP,2005-08,0,1.3669752465284792,1.3288242303711744
MP,2005-09,0,1.3747568256523808,1.3345167834321485
MP,2005-10,0,1.3773730462198992,1.3364198258602353
MP,2005-11,0,1.4136647212718882,1.3627682977949729
MP,2005-12,0,1.4127926477493822,1.3621514092857077
MP,2006-01,0,1.4418729455960315,1.382734966181318
MP,2006-02,0,1.4418729455960315,1.382734966181318
MP,2006-03,0,1.388441671697863,1.3456781131060414
MP,2006-04,0,1.3717045683236093,1.333623517140345
MP,2006-05,0,1.3405111692493488,1.3108829068117065
MP,2006-06,0,1.3454752800697685,1.3145860544872305
MP,2006-07,0,1.3933051586503011,1.3501347407314346
MP,2006-08,0,1.400952572616894,1.3556234263356712
MP,2006-09,0,1.3948480579593507,1.3512660235392722
MP,2006-10,0,1.4248339706178332,1.3727636429304133
MP,2006-11,0,1.3998457100690977,1.355225978146986
MP,2006-12,0,1.4240289796739813,1.3725016460516224
MP,2007-01,0,1.4001140403837151,1.3557077888818467
MP,2007-02,0,1.38079425773127,1.3419090681382488
MP,2007-03,0,1.400952572616894,1.3565081402105397
MP,2007-04,0,1.416884685047296,1.3678804826736695
MP,2007-05,0,1.444053129402297,1.3870552571925243
MP,2007-06,0,1.439089018581877,1.3836176337981037
MP,2007-07,0,1.4211444287918455,1.3711482246383322
MP,2007-08,0,1.4145032535050677,1.3664751068663237
MP,2007-09,0,1.4279197692359322,1.375960073194693
MP,2007-10,0,1.4644126920238842,1.4015167771315529
MP,2007-11,0,1.437344871536865,1.3830330391562895
MP,2007-12,0,1.4384517340846614,1.3838031135968187
MP,2008-01,0,1.4538471858858286,1.3945059070492274
MP,2008-02,0,1.471993023411823,1.4069871620959455
MP,2008-03,0,1.4853424565640332,1.4160561134699599
MP,2008-04,0,1.5152612866438617,1.4361988286718388
MP,2008-05,0,1.5436036761253134,1.4549034505949836
MP,2008-06,0,1.5505131817267084,1.459379667974006
MP,2008-07,0,1.6002213725095622,1.4914388541638952
MP,2008-08,0,1.5678875695981782,1.4712330229790034
MP,2008-09,0,1.4863822365331751,1.419248853549118
MP,2008-10,0,1.264909103105926,1.2702473867771447
MP,2008-11,0,1.2186556651237699,1.233680776679563
MP,2008-12,0,1.1683437311330274,1.1923959942503666
MP,2009-01,0,1.147145636278261,1.1742522799564499
MP,2009-02,0,1.0931441604615306,1.127177633016302
MP,2009-03,0,1.1789763198497376,1.2056962424483537
MP,2009-04,0,1.2098007647413993,1.2318413349092356
MP,2009-05,0,1.2790970684913159,1.289120438848907
MP,2009-06,0,1.2894613268934088,1.2972232315590158
MP,2009-07,0,1.2873146843764705,1.2955584724288525
MP,2009-08,0,1.277051049842359,1.2875855698754393
MP,2009-09,0,1.2666867914402662,1.279469795331131
MP,2009-10,0,1.299993291742138,1.3057639830711019
MP,2009-11,0,1.3302139934259107,1.329010796632173
MP,2009-12,0,1.3246125981082748,1.324799898727536
MP,2010-01,0,1.3302810760045654,1.3290792464435293
MP,2010-02,0,1.3643590259609615,1.3546963514081036
MP,2010-03,0,1.4194002817468343,1.3950385595355468
MP,2010-04,0,1.4304353659354705,1.402813029028434
MP,2010-05,0,1.367713154893678,1.3589646926859011
MP,2010-06,0,1.3713356141410116,1.3616132445656373
MP,2010-07,0,1.4011873616421855,1.3833816192751884
MP,2010-08,0,1.343664050446103,1.3423283577551404
MP,2010-09,0,1.4204065204266492,1.3994426862623794
MP,2010-10,0,1.4514657543436014,1.421309126235932
MP,2010-11,0,1.4433487623264283,1.4157168537397449
MP,2010-12,0,1.4596833702287562,1.4270340130630392
MP,2011-01,0,1.486382236533177,1.4453248745258485
MP,2011-02,0,1.494532769839677,1.4508083451339946
MP,2011-03,0,1.5250553431273943,1.4712311648296719
MP,2011-04,0,1.5807003421211558,1.5077183646185344
MP,2011-05,0,1.5752331119608285,1.5042596254668803
MP,2011-06,0,1.561615348494001,1.495614705954062
MP,2011-07,0,1.5629905413564147,1.4964953279739084
MP,2011-08,0,1.490742604145708,1.4502711600733096
MP,2011-09,0,1.3272288186757941,1.3405850311499212
MP,2011-10,0,1.3948815992486794,1.3915579904625317
MP,2011-11,0,1.3536593546655975,1.362005486074141
MP,2011-12,0,1.3320923056282326,1.3460730810986719
MP,2012-01,0,1.427282484738718,1.4175322275169018
MP,2012-02,0,1.4543503052257378,1.4364968128575357
MP,2012-03,0,1.4572348561078736,1.438480207691484
MP,2012-04,0,1.4360703025424346,1.4239564310492154
MP,2012-05,0,1.3115314952706827,1.3372344878050253
MP,2012-06,0,1.4103105923391746,1.4125503284269885
MP,2012-07,0,1.417890923727113,1.4179252659968506
MP,2012-08,0,1.436372174146379,1.430959590506585
MP,2012-09,0,1.4749111155832881,1.4577903396192322
MP,2012-10,0,1.4529415710739975,1.4428948355599232
MP,2012-11,0,1.4744415375327082,1.4576923793061718
MP,2012-12,0,1.4796404373784184,1.4612183921818058
MP,2013-01,0,1.507546790098617,1.4800786179604701
MP,2013-02,0,1.507546790098617,1.4800786179604701
MP,2013-03,0,1.5609445227074588,1.5154989000767878
MP,2013-04,0,1.5934460320654784,1.536320594176233
MP,2013-05,0,1.5104648822700797,1.4842440580868146
MP,2013-06,0,1.4996310458174065,1.47707154015552
MP,2013-07,0,1.5270342791976976,1.495344857086855
MP,2013-08,0,1.4610250218018432,1.4521177610778935
MP,2013-09,0,1.491413429932252,1.4729171366374791
MP,2013-10,0,1.509626350036901,1.4851289886559207
MP,2013-11,0,1.4997987522640426,1.478619034869927
MP,2013-12,0,1.5060709733682218,1.482801076690345
MP,2014-01,0,1.482256657945937,1.4669888634259027
MP,2014-02,0,1.4936606963171721,1.4746825636431367
MP,2014-03,0,1.520594351646883,1.4927145406484361
MP,2014-04,0,1.5230764070570928,1.4943468335788428
MP,2014-05,0,1.551049842355946,1.512713236714785
MP,2014-06,0,1.5380358220970072,1.504322777618273
MP,2014-07,0,1.5149258737505926,1.4892971533679187
MP,2014-08,0,1.5350171060575626,1.5025593417397027
MP,2014-09,0,1.4976185684577774,1.4781957451047198
MP,2014-10,0,1.4961092104380551,1.4771879063589193
MP,2014-11,0,1.4501241027705165,1.4464514418370047
MP,2014-12,0,1.3706647883544698,1.3916566044405112
SN,2000-01,0,0.9541984732824427,0.9541984732824427
SN,2000-02,0,0.949598747308671,0.94937796046193
SN,2000-03,0,0.944509688784498,0.9440187931940748
SN,2000-04,0,0.9088862791152869,0.906302494364938
SN,2000-05,0,0.9281659816010961,0.9275149418722061
SN,2000-06,0,0.952339009590918,0.9535588052210041
SN,2000-07,0,0.9299275787825406,0.9300257664788399
SN,2000-08,0,0.8883343119984342,0.8852983406737462
SN,2000-09,0,0.8937169700528479,0.8913576113578928
SN,2000-10,0,0.8568212957525936,0.8500742123215372
SN,2000-11,0,0.8877471129379526,0.8861678730868141
SN,2000-12,0,0.9461734194558623,0.9519820060379773
SN,2001-01,0,0.930025445292621,0.9349153945361155
SN,2001-02,0,0.9122137404580154,0.9157635477508898
SN,2001-03,0,0.8734586024662363,0.873278835810111
SN,2001-04,0,0.8764924642787242,0.8767522251658533
SN,2001-05,0,0.8442943824623218,0.8400170755454871
SN,2001-06,0,0.8442943824623218,0.8400170755454871
SN,2001-07,0,0.8761009982384033,0.8776894993312759
SN,2001-08,0,0.908005480524565,0.9141059425841802
SN,2001-09,0,0.9340379722059117,0.9427759145608993
SN,2001-10,0,0.9255235858289298,0.9336602397914107
SN,2001-11,0,0.9207281268349977,0.9284788926411517
SN,2001-12,0,0.9101585437463307,0.916999300804417
SN,2002-01,0,0.8785476609904097,0.8822681180087182
SN,2002-02,0,0.890683108240361,0.8960811958743751
SN,2002-03,0,0.8980230964963797,0.9043220485279294
SN,2002-04,0,0.9365825014679983,0.9472601479176415
SN,2002-05,0,0.963006459189666,0.9754733140618421
SN,2002-06,0,1.01927970248581,1.0339082734114355
SN,2002-07,0,1.0155607751027604,1.0302596896380316
SN,2002-08,0,1.0063613231552169,1.0212011948900315
SN,2002-09,0,1.0217263652378163,1.0364691128128165
SN,2002-10,0,1.0183010373850074,1.0331166223913606
SN,2002-11,0,1.0138970444313962,1.0287917785662766
SN,2002-12,0,1.0885691916226274,1.1024404272149253
SN,2003-01,0,1.10129183793306,1.1141279215959374
SN,2003-02,0,1.1107848894108443,1.1227478451718726
SN,2003-03,0,1.10912115873948,1.1212500478150444
SN,2003-04,0,1.107065962027795,1.119397052138701
SN,2003-05,0,1.1550205519671177,1.1627138838218694
SN,2003-06,0,1.1069680955177148,1.1211107657062958
SN,2003-07,0,1.0914073204149548,1.1070536531609858
SN,2003-08,0,1.0649833626932872,1.0828427492872412
SN,2003-09,0,1.1320219220982588,1.1457907367895386
SN,2003-10,0,1.1126443531023693,1.1286730744743316
SN,2003-11,0,1.1545312194167168,1.1663193054533096
SN,2003-12,0,1.2005284791544346,1.2061599429035086
SN,2004-01,0,1.1839890389508723,1.192383143360018
SN,2004-02,0,1.179976512037582,1.1889941534443296
SN,2004-03,0,1.1745938539831684,1.1844324880217536
SN,2004-04,0,1.1480720297514206,1.161852917950099
SN,2004-05,0,1.1871207672734407,1.1958653636069057
SN,2004-06,0,1.1874143668036816,1.1961126842994037
SN,2004-07,0,1.1567821491485633,1.17031527228259
SN,2004-08,0,1.1687218633783538,1.180636761284282
SN,2004-09,0,1.189469563515367,1.198389231557268
SN,2004-10,0,1.2385006850655724,1.239610228759835
SN,2004-11,0,1.2969269915834822,1.2867852583923913
SN,2004-12,0,1.2934037972205932,1.2840686873087812
SN,2005-01,0,1.2385985515756528,1.241695805952849
SN,2005-02,0,1.266784106478765,1.2644518110097391
SN,2005-03,0,1.2275396359365849,1.233472206559801
SN,2005-04,0,1.2260716382853811,1.2322763204081626
SN,2005-05,0,1.171853591700922,1.1880553753251486
SN,2005-06,0,1.1397533763946,1.160662691176159
SN,2005-07,0,1.1314347230377786,1.1533640478651512
SN,2005-08,0,1.15922881190057,1.1779293968834021
SN,2005-09,0,1.1196907418281485,1.1438221786478597
SN,2005-10,0,1.1231160696809572,1.14688135179706
SN,2005-11,0,1.0977686435701723,1.124312512480225
SN,2005-12,0,1.0941475826972031,1.1210139478016121
SN,2006-01,0,1.122528870620476,1.14695312490358
SN,2006-02,0,1.0907222548443944,1.1186183385042774
SN,2006-03,0,1.0945390487375242,1.1221176655567673
SN,2006-04,0,1.1458211000195755,1.1689703121948216
SN,2006-05,0,1.1633392053239406,1.1842590036878178
SN,2006-06,0,1.1550205519671193,1.1771083348899714
SN,2006-07,0,1.145527500489335,1.1688893889486056
SN,2006-08,0,1.1409277745155633,1.1648740109050346
SN,2006-09,0,1.119397142297908,1.1460028494708263
SN,2006-10,0,1.1223331376003156,1.148625685630994
SN,2006-11,0,1.1610882755920948,1.1831565541346563
SN,2006-12,0,1.1368173810921927,1.162252980297839
SN,2007-01,0,1.1118614210217288,1.1403005009589962
SN,2007-02,0,1.1328048541789026,1.159136870996845
SN,2007-03,0,1.1320219220982606,1.1584457262884216
SN,2007-04,0,1.1362301820317113,1.1621631984073806
SN,2007-05,0,1.116950479545902,1.1451950674857614
SN,2007-06,0,1.1171462125660625,1.1453703062485758
SN,2007-07,0,1.1326091211587421,1.159211742954664
SN,2007-08,0,1.125954198473285,1.153335997685503
SN,2007-09,0,1.1647093364650642,1.187755815156168
SN,2007-10,0,1.1682325308279533,1.1907807710422278
SN,2007-11,0,1.1926012918379358,1.2116402834825395
SN,2007-12,0,1.1834997064004726,1.2040085749645684
SN,2008-01,0,1.2394793501663761,1.2513086659262815
SN,2008-02,0,1.2842043452730507,1.2873923611493372
SN,2008-03,0,1.3478175768252139,1.3369274929889956
SN,2008-04,0,1.29555686044236,1.298153168272179
SN,2008-05,0,1.2844979448032916,1.2896171356388508
SN,2008-06,0,1.3131728322568053,1.3119409451626605
SN,2008-07,0,1.2778430221178345,1.2850367865697256
SN,2008-08,0,1.2131532589547889,1.234412600309482
SN,2008-09,0,1.1984732824427513,1.2223119226715342
SN,2008-10,0,1.1584458798199289,1.1889132618843385
SN,2008-11,0,1.101879036993544,1.140083321865753
SN,2008-12,0,1.246232139361914,1.271089627932011
SN,2009-01,0,1.1455275004893357,1.1902823403554441
SN,2009-02,0,1.1392640438441997,1.184814591530156
SN,2009-03,0,1.1667645331767502,1.2089534112191862
SN,2009-04,0,1.1659816010961084,1.2082823828682385
SN,2009-05,0,1.2431982775494261,1.2745069925711088
SN,2009-06,0,1.2222548443922525,1.2576605783382506
SN,2009-07,0,1.2410452143276605,1.273034107043511
SN,2009-08,0,1.2513211978860868,1.281314211136248
SN,2009-09,0,1.279506752789199,1.3038388474572242
SN,2009-10,0,1.2924251321197922,1.3139352219409324
SN,2009-11,0,1.3164024270894537,1.3324873951955136
SN,2009-12,0,1.27989821882952,1.3047571149189543
SN,2010-01,0,1.2480916030534386,1.2799062202867475
SN,2010-02,0,1.2321393619103578,1.2671249139274596
SN,2010-03,0,1.2558230573497784,1.286346518375434
SN,2010-04,0,1.2289097670777096,1.2649157203704466
SN,2010-05,0,1.1440595028381324,1.1958705662731304
SN,2010-06,0,1.2267567038559442,1.2681545696948582
SN,2010-07,0,1.269622235271094,1.3030967316414077
SN,2010-08,0,1.2987864552750088,1.326067517118938
SN,2010-09,0,1.3442943824623255,1.3611063235389513
SN,2010-10,0,1.3385202583675908,1.356811041069528
SN,2010-11,0,1.3143472303777688,1.3387515250938025
SN,2010-12,0,1.4115286748874578,1.4126904677594763
SN,2011-01,0,1.397044431395581,1.40242907969874
SN,2011-02,0,1.418575063613236,1.4178406383677415
SN,2011-03,0,1.4374633000587245,1.431155574552633
SN,2011-04,0,1.5247602270503084,1.4918854220471864
SN,2011-05,0,1.5430612644353152,1.503887989441281
SN,2011-06,0,1.5667449598747363,1.5192365021577143
SN,2011-07,0,1.6687218633783576,1.584324889939587
SN,2011-08,0,1.6355451164611527,1.5644433580646238
SN,2011-09,0,1.4515560775102812,1.4519493417888938
SN,2011-10,0,1.5039146604032154,1.4880199998255712
SN,2011-11,0,1.4377568995889658,1.4440296308530978
SN,2011-12,0,1.398023096496384,1.4163936632538876
SN,2012-01,0,1.4250342532785334,1.4357146293021898
SN,2012-02,0,1.4502838128792381,1.4534331925876784
SN,2012-03,0,1.4507731454296393,1.4537705972708554
SN,2012-04,0,1.4431395576433799,1.4485088595482436
SN,2012-05,0,1.3479154433352956,1.3825248638884036
SN,2012-06,0,1.379232726560976,1.4057587272442449
SN,2012-07,0,1.3394989234683943,1.3769500988471683
SN,2012-08,0,1.3686631434723089,1.3987225836867971
SN,2012-09,0,1.3889215110589208,1.4135241568008479
SN,2012-10,0,1.4013505578391128,1.4224728602957746
SN,2012-11,0,1.406831082403607,1.4263837479275925
SN,2012-12,0,1.4253278528087743,1.439531574014549
SN,2013-01,0,1.4319827754942316,1.4442006209796685
SN,2013-02,0,1.3900959091798841,1.41494966417267
SN,2013-03,0,1.3715991387747168,1.4016435532180094
SN,2013-04,0,1.40007829320807,1.4224070209311739
SN,2013-05,0,1.3554511646114755,1.3905322830589524
SN,2013-06,0,1.377862595419853,1.4070665790878332
SN,2013-07,0,1.4074182814640888,1.4285169661891899
SN,2013-08,0,1.395772166764539,1.420242159152127
SN,2013-09,0,1.4371697005284851,1.4499013934811131
SN,2013-10,0,1.434331571736158,1.447926589259118
SN,2013-11,0,1.4318849089841519,1.4462208032329174
SN,2013-12,0,1.4600704638872641,1.4659050353428207
SN,2014-01,0,1.4298297122724666,1.445193191385451
SN,2014-02,0,1.4772949696613882,1.4783896321794274
SN,2014-03,0,1.4668232530828014,1.4713011922986725
SN,2014-04,0,1.4733803092581783,1.4757714351596278
SN,2014-05,0,1.4481307496574736,1.458634271426649
SN,2014-06,0,1.4616363280485483,1.4679604861999136
SN,2014-07,0,1.4253278528087752,1.443119508630446
SN,2014-08,0,1.4100606772362563,1.4324081655928191
SN,2014-09,0,1.3555490311215563,1.39374908730298
SN,2014-10,0,1.344294382462328,1.3854464376747946
SN,2014-11,0,1.338911724407914,1.3814423607965187
SN,2014-12,0,1.3019181835975793,1.3538128015537731
